0.13280000	0.42980000
0.19530000	0.52260000
0.27340000	0.52740000
1.01530000	1.39150000
0.72630000	1.03730000
0.53110000	0.89360000
0.52330000	0.79040000
0.56230000	0.70920000
0.31240000	0.64290000
0.13280000	0.58750000
0.20310000	0.56780000
0.28120000	0.58780000
0.29680000	0.59440000
0.26550000	0.59470000
0.28900000	0.56040000
0.27340000	0.52130000
0.28120000	0.48880000
0.37490000	0.47330000
0.41390000	0.47210000
0.11720000	0.48240000
0.11720000	0.48100000
0.11720000	0.45690000
0.11720000	0.42950000
0.11720000	0.40420000
0.70290000	0.50950000
2.96790000	4.90090000
0.93720000	2.43230000
0.57010000	1.49500000
0.49990000	1.12650000
0.42960000	0.95980000
0.38270000	0.84590000
0.32800000	0.75580000
0.29680000	0.68480000
0.28120000	0.62550000
0.28900000	0.58940000
0.28900000	0.53770000
0.28120000	0.52600000
0.26550000	0.49840000
0.24990000	0.47640000
0.24210000	0.46050000
0.28900000	0.43040000
0.28900000	0.46520000
0.27340000	0.45360000
0.24990000	0.43080000
0.21870000	0.40750000
0.23430000	0.38640000
0.21870000	0.36760000
0.21090000	0.35100000
0.24990000	1.25540000
0.24990000	0.79070000
0.27340000	0.64460000
0.26550000	0.56520000
0.27340000	0.51050000
0.30460000	0.46770000
0.34360000	0.44810000
3.20220000	3.26500000
2.18680000	1.49170000
1.40580000	0.93380000
7.34160000	2.27620000
4.37370000	7.03830000
2.88980000	5.47330000
2.10870000	3.35300000
1.71820000	2.49860000
1.40580000	2.06280000
1.17150000	1.76570000
0.93720000	1.60480000
0.85910000	1.43740000
0.78100000	1.28760000
0.93720000	1.16040000
0.46860000	1.05310000
0.78100000	0.96350000
0.68730000	0.88820000
0.58580000	0.82460000
0.60920000	0.77570000
0.53890000	0.72630000
0.46860000	0.69130000
0.42960000	0.65900000
0.42170000	0.62810000
0.43740000	0.60000000
0.40610000	0.57480000
0.39050000	0.55210000
0.37490000	0.53160000
0.35930000	0.51290000
0.36710000	0.49570000
0.35150000	0.47970000
0.34360000	0.46490000
0.32800000	0.45090000
0.33580000	0.43780000
0.33580000	0.42530000
0.35150000	0.41350000
0.35930000	0.40220000
0.32800000	0.39140000
0.31240000	0.38100000
0.28900000	0.37090000
0.27340000	0.36120000
0.22650000	0.35180000
0.21090000	0.34280000
0.20310000	0.33400000
0.19530000	0.32550000
0.17960000	0.31720000
0.17960000	0.30920000
0.17960000	0.30130000
0.17180000	0.29370000
0.16400000	0.28630000
0.16400000	0.27910000
0.15620000	0.27210000
0.15620000	0.26530000
0.15620000	0.25860000
0.14840000	0.25220000
0.14840000	0.24580000
0.14840000	0.23970000
0.15620000	0.23370000
0.15620000	0.22780000
0.15620000	0.22220000
0.15620000	0.21660000
0.14840000	0.21120000
0.14060000	0.20590000
0.14840000	0.20080000
0.14840000	0.20600000
0.14840000	0.19620000
0.14060000	0.20400000
0.14060000	0.20440000
0.14060000	0.19850000
0.14060000	0.19140000
0.85910000	1.70730000
1.64010000	1.24450000
1.01530000	1.20550000
0.59360000	1.10880000
0.47640000	0.97990000
0.42170000	0.85970000
0.44520000	0.75660000
0.49200000	0.67140000
0.50770000	0.60060000
1.17150000	0.57890000
3.98320000	2.86080000
1.71820000	2.23610000
1.17150000	1.85270000
0.85910000	1.61170000
0.78100000	1.41740000
0.93720000	3.20970000
1.17150000	4.64020000
1.32770000	3.51260000
3.20220000	4.15070000
15.30790000	11.71960000
7.41970000	10.17830000
4.06130000	5.67130000
7.02920000	7.40860000
31.24070000	26.63500000
34.36470000	29.97060000
39.05080000	20.56670000
23.43050000	12.16680000
11.71530000	7.50780000
7.81020000	5.60240000
7.02920000	4.63700000
5.46710000	4.01710000
4.68610000	3.55550000
4.29560000	3.19290000
3.90510000	3.28150000
3.74890000	2.77170000
3.67080000	2.52890000
3.43650000	2.33040000
3.35840000	2.16330000
3.12410000	2.02130000
2.96790000	1.89960000
2.81170000	1.79490000
2.65550000	1.70360000
2.42120000	1.62360000
2.26490000	1.55270000
2.10870000	1.48940000
1.95250000	1.43250000
1.79630000	1.38070000
1.71820000	1.34850000
1.71820000	1.29410000
1.79630000	1.28150000
1.79630000	1.24680000
1.71820000	1.20770000
1.64010000	1.16940000
1.95250000	1.20710000
2.34310000	1.17400000
2.73360000	1.18870000
1.79630000	1.15610000
1.48390000	1.11630000
1.32770000	1.07140000
4.21750000	3.26300000
4.99850000	1.93730000
3.90510000	1.44700000
3.12410000	1.25250000
4.21750000	1.92890000
3.20220000	1.40750000
2.49930000	1.26980000
2.03060000	1.17570000
1.79630000	1.10710000
1.56200000	1.04870000
1.40580000	0.98430000
1.17150000	0.93720000
1.24960000	0.92790000
1.64010000	0.96580000
1.24960000	0.97170000
1.17150000	0.95410000
1.24960000	0.91720000
1.17150000	0.86410000
1.09340000	0.82020000
0.93720000	0.78250000
0.85910000	0.74930000
0.85910000	0.71960000
1.64010000	0.99960000
2.03060000	1.36530000
1.87440000	1.04310000
1.48390000	0.92280000
1.24960000	0.84720000
1.24960000	0.80590000
1.71820000	0.78440000
1.40580000	0.77120000
1.17150000	0.75460000
1.01530000	0.71860000
0.93720000	0.68100000
0.85910000	0.65220000
0.85910000	0.61750000
0.78100000	0.58910000
0.70290000	0.56440000
0.64040000	0.54250000
0.60140000	0.52260000
0.59360000	0.50450000
0.63260000	0.50890000
0.85910000	0.51850000
0.70290000	0.52990000
0.60920000	0.51460000
1.32770000	0.57350000
2.34310000	0.71860000
1.56200000	0.76530000
1.17150000	0.74310000
0.93720000	0.69230000
1.40580000	0.64050000
1.71820000	0.59440000
1.40580000	0.55450000
1.09340000	0.52030000
0.85910000	0.49090000
0.74980000	0.46530000
0.65610000	0.44290000
0.64040000	0.42320000
0.68730000	0.43750000
0.78100000	0.44880000
0.85910000	0.49580000
0.78100000	0.51780000
0.54670000	0.52760000
0.43740000	0.50240000
0.42960000	0.47110000
0.45300000	0.44170000
0.36710000	0.43880000
0.39050000	0.40010000
0.28900000	0.40680000
0.51550000	0.46230000
0.74200000	0.50600000
0.45300000	0.52000000
0.35150000	0.48620000
0.29680000	0.45830000
0.25770000	0.42210000
0.22650000	0.39350000
0.20310000	0.36980000
0.19530000	0.34960000
0.15620000	0.33200000
0.14060000	0.31660000
0.19530000	0.37160000
0.48420000	0.49990000
0.41390000	0.62510000
0.72630000	0.75180000
0.39830000	0.78650000
0.39830000	0.81580000
0.70290000	0.84850000
0.45300000	0.81260000
0.30460000	0.73990000
0.23430000	0.66730000
0.19530000	0.60380000
0.16400000	0.55000000
0.15620000	0.50480000
0.16400000	0.46670000
0.15620000	0.43450000
0.74200000	1.14720000
2.57740000	1.21040000
1.17150000	1.13640000
0.78100000	1.02560000
0.53110000	0.91390000
0.42960000	0.83470000
0.71070000	0.73890000
0.66390000	0.66600000
0.58580000	0.64230000
0.58580000	0.67120000
0.47640000	0.68370000
0.32800000	0.64130000
0.28900000	0.59230000
0.28120000	0.61040000
0.39050000	0.64180000
0.35930000	0.64500000
0.85910000	0.85330000
0.64040000	0.86850000
0.45300000	0.83340000
0.39050000	0.76440000
0.31240000	0.69560000
0.22650000	0.63520000
0.45300000	0.69240000
0.38270000	0.73810000
0.85910000	0.85090000
0.78100000	0.91110000
0.49200000	0.89580000
0.35150000	0.82630000
0.38270000	0.75200000
0.49200000	0.68570000
0.42170000	0.62900000
0.37490000	0.59870000
0.39830000	0.59680000
0.39050000	0.60640000
0.34360000	0.61000000
0.45300000	0.65740000
0.46860000	0.69340000
0.42170000	0.69300000
0.37490000	0.64970000
0.35150000	0.60060000
0.32020000	0.55590000
0.29680000	0.51710000
0.35150000	0.52500000
0.42170000	0.53630000
0.49990000	0.55250000
0.49990000	0.52750000
0.51550000	0.49470000
0.35150000	0.46350000
0.31240000	0.43590000
0.28120000	0.41180000
0.25770000	0.41200000
0.28900000	0.48110000
0.32020000	0.54010000
0.22650000	0.55640000
0.18740000	0.52700000
0.17960000	0.48970000
0.16400000	0.45470000
0.14840000	0.42420000
0.15620000	0.39780000
0.14060000	0.37510000
0.14060000	0.35540000
0.14060000	0.33820000
0.13280000	0.32300000
0.14840000	0.30950000
0.13280000	0.29730000
0.10930000	0.28640000
0.11720000	0.38230000
0.13280000	0.45900000
0.13280000	0.51920000
0.13280000	0.48090000
0.14060000	0.48580000
0.14060000	0.45660000
0.12500000	0.42190000
0.12500000	0.42150000
0.15620000	0.41990000
0.14840000	0.44320000
0.17960000	0.45830000
0.21870000	0.46060000
0.17180000	0.48920000
0.19530000	0.48260000
1.71820000	2.99190000
1.17150000	1.75000000
0.75760000	1.31150000
0.54670000	1.07770000
0.49990000	0.95360000
0.42960000	0.85750000
0.34360000	0.75770000
0.26550000	0.69310000
0.22650000	0.63110000
0.27340000	0.61260000
0.48420000	0.69210000
0.50770000	0.72860000
0.38270000	0.73330000
0.37490000	0.68520000
0.42170000	0.65060000
0.39050000	0.58230000
0.33580000	0.59810000
0.35150000	0.56780000
0.27340000	0.52870000
0.22650000	0.49190000
0.17960000	0.45960000
0.21870000	0.43170000
0.21870000	0.40760000
0.21090000	0.38670000
0.21090000	0.36830000
0.23430000	0.36290000
1.56200000	1.96610000
0.93720000	1.16310000
0.65610000	0.89050000
0.55450000	0.75410000
0.56230000	0.69080000
2.03060000	2.31150000
1.32770000	1.34350000
1.64010000	1.08180000
2.57740000	1.96730000
2.81170000	1.81490000
2.18680000	1.31750000
1.71820000	1.13020000
1.40580000	0.99510000
1.17150000	0.88740000
1.01530000	0.79880000
0.85910000	0.72560000
0.74980000	0.66470000
0.67950000	0.61350000
0.71850000	0.59590000
0.78100000	0.60990000
0.71850000	0.61080000
0.64040000	0.60000000
0.65610000	0.56640000
0.70290000	0.53060000
0.74200000	0.49810000
0.67950000	0.46960000
0.64820000	0.44480000
0.93720000	0.46220000
1.40580000	1.05280000
3.28030000	3.14800000
3.67080000	4.54580000
2.88980000	2.79890000
2.49930000	2.94040000
3.35840000	3.84580000
2.88980000	2.72530000
2.26490000	2.45690000
1.79630000	2.16470000
1.56200000	1.90040000
1.40580000	1.67540000
1.32770000	1.49650000
1.32770000	1.33570000
1.24960000	1.24200000
1.09340000	1.13950000
1.01530000	1.04600000
4.37370000	6.32220000
4.21750000	5.83670000
3.51460000	3.49530000
2.65550000	2.59840000
2.18680000	4.59710000
2.26490000	4.19360000
2.03060000	3.10340000
1.87440000	2.56610000
1.64010000	2.22460000
1.48390000	1.97050000
1.40580000	1.76690000
1.17150000	1.60050000
1.09340000	1.46250000
1.24960000	3.57310000
3.67080000	7.65070000
3.67080000	5.47700000
3.04600000	3.61680000
2.57740000	2.86160000
2.03060000	2.44690000
1.79630000	2.16060000
1.64010000	1.93790000
1.79630000	1.75870000
2.18680000	1.61010000
1.95250000	1.48520000
1.64010000	1.37970000
1.48390000	1.28990000
1.40580000	1.21300000
1.40580000	1.14660000
1.24960000	1.08880000
1.09340000	1.03810000
1.17150000	0.99310000
1.56200000	0.95290000
2.34310000	0.91660000
3.90510000	2.61230000
7.57590000	6.39160000
5.62330000	5.41310000
4.21750000	3.32270000
3.59270000	2.59820000
2.81170000	2.21990000
2.26490000	1.95960000
1.64010000	1.75700000
1.40580000	1.59370000
1.17150000	1.45870000
1.17150000	1.34510000
1.17150000	1.24920000
1.17150000	1.16760000
1.17150000	1.09770000
1.09340000	1.03740000
1.09340000	0.98490000
1.01530000	0.93890000
1.01530000	0.89810000
1.01530000	0.86160000
0.85910000	0.82870000
0.85910000	0.79890000
0.85910000	0.77150000
0.78100000	0.74630000
0.78100000	0.72280000
0.78100000	0.70080000
0.78100000	0.68020000
0.78100000	0.66060000
0.78100000	0.64210000
0.85910000	0.62440000
0.93720000	0.60740000
1.79630000	0.59110000
2.88980000	0.57550000
2.96790000	0.56040000
2.96790000	0.54580000
2.65550000	0.53170000
2.42120000	0.51810000
2.10870000	0.50480000
1.87440000	0.49200000
1.64010000	0.47950000
1.56200000	0.46730000
1.48390000	0.45550000
1.40580000	0.44410000
1.32770000	0.43290000
1.24960000	0.42200000
1.09340000	0.41140000
0.93720000	0.40110000
0.93720000	0.39100000
1.09340000	0.38120000
1.09340000	0.37170000
1.01530000	0.36280000
1.01530000	0.35370000
0.93720000	0.34460000
0.93720000	0.33590000
0.85910000	0.32750000
0.85910000	0.31930000
0.78100000	0.31140000
0.78100000	0.30350000
0.78100000	0.29590000
0.73420000	0.28850000
0.71850000	0.28130000
0.85910000	0.28630000
1.09340000	0.27680000
1.09340000	0.29400000
1.64010000	0.64040000
1.64010000	0.52030000
1.48390000	0.48130000
1.40580000	0.45870000
1.64010000	0.95930000
2.42120000	2.33840000
3.20220000	2.32240000
3.43650000	1.77680000
3.43650000	1.53510000
3.43650000	1.63870000
3.51460000	1.56370000
3.98320000	1.76330000
4.29560000	2.00910000
4.60800000	2.30160000
5.77950000	3.45050000
5.93570000	3.20140000
5.77950000	2.60430000
6.24810000	2.76300000
8.12260000	5.78780000
7.18540000	5.51440000
4.29560000	3.62200000
3.90510000	2.89200000
3.74890000	2.48850000
3.98320000	4.54340000
8.27880000	10.10100000
6.56050000	10.32020000
4.37370000	6.74040000
6.17000000	7.64070000
4.29560000	6.42340000
3.35840000	4.45160000
2.26490000	3.60590000
3.04600000	3.10120000
3.12410000	2.73820000
3.51460000	2.45040000
4.13940000	2.23970000
5.85760000	5.39130000
6.01380000	4.96650000
5.07660000	3.67960000
4.29560000	2.66010000
3.98320000	2.37750000
3.82700000	2.15380000
3.51460000	6.75030000
2.88980000	9.10150000
3.67080000	9.41870000
3.35840000	10.53130000
2.88980000	7.65470000
2.34310000	4.95090000
2.03060000	3.86560000
1.79630000	3.31160000
1.48390000	3.00650000
3.74890000	5.92250000
3.20220000	6.48620000
2.65550000	4.15450000
2.03060000	3.31060000
1.64010000	2.86660000
1.40580000	2.56810000
1.32770000	2.35050000
1.24960000	2.16210000
1.09340000	2.00750000
0.93720000	1.87320000
0.85910000	1.75750000
0.93720000	1.65770000
4.06130000	1.65780000
2.81170000	3.61530000
2.03060000	2.23600000
1.56200000	1.81680000
1.24960000	1.62870000
1.40580000	1.51440000
2.96790000	1.42810000
2.03060000	1.35540000
1.24960000	1.29350000
1.24960000	1.23850000
0.93720000	1.18910000
0.71850000	1.17430000
1.40580000	1.16030000
2.34310000	1.13710000
1.87440000	1.11930000
1.71820000	2.28130000
1.17150000	1.57530000
1.40580000	1.35260000
1.56200000	1.23450000
1.01530000	1.15310000
1.09340000	1.10860000
1.17150000	1.16860000
1.17150000	1.14330000
1.48390000	1.12240000
2.96790000	10.53760000
7.81020000	6.92140000
7.02920000	3.24850000
6.63860000	3.82680000
8.20070000	6.39480000
10.93420000	9.91840000
10.15320000	7.18890000
6.63860000	4.01390000
4.84230000	2.85090000
3.51460000	2.33830000
2.88980000	2.03880000
2.96790000	1.83640000
3.04600000	2.64290000
2.81170000	1.89450000
2.57740000	1.59780000
2.49930000	1.53610000
2.26490000	1.40040000
2.18680000	1.29920000
1.95250000	1.23620000
2.10870000	1.20140000
2.03060000	1.18680000
1.95250000	1.16110000
1.79630000	1.09010000
1.64010000	1.02910000
1.40580000	0.98000000
1.32770000	0.93150000
1.17150000	0.90450000
1.95250000	0.90390000
2.57740000	1.34100000
1.79630000	1.11140000
1.40580000	0.99430000
1.09340000	0.92210000
0.93720000	0.86810000
0.74200000	0.82330000
0.69510000	0.78450000
0.62480000	0.75040000
0.53890000	0.72000000
0.49990000	0.69260000
0.44520000	0.66770000
0.52330000	0.64480000
0.39050000	0.62380000
0.36710000	0.60410000
0.32020000	0.58580000
0.32020000	0.57390000
0.32020000	0.55380000
0.32020000	0.53710000
0.28900000	0.52200000
0.25770000	0.50780000
0.44520000	0.66260000
0.85910000	0.88130000
0.67170000	0.99950000
0.60140000	1.00020000
0.47640000	0.93260000
0.39050000	0.85570000
0.33580000	0.78570000
0.28900000	0.72530000
0.71850000	0.97760000
1.48390000	1.09650000
0.85910000	1.11130000
0.58580000	1.04730000
0.53890000	0.97010000
0.47640000	0.87760000
0.42170000	0.80180000
0.40610000	0.73890000
0.39050000	0.68770000
0.36710000	0.64170000
0.32020000	0.60300000
0.28900000	0.56980000
0.71850000	1.28970000
1.64010000	1.16760000
1.01530000	1.11090000
0.71850000	1.03060000
0.60140000	0.93750000
0.53890000	0.85250000
0.46080000	0.77930000
0.39050000	0.71760000
0.33580000	0.66530000
0.28900000	0.62100000
0.27340000	0.58300000
0.24990000	0.55040000
0.24990000	0.52200000
0.23430000	0.49710000
0.18740000	0.47510000
0.18740000	0.45550000
0.18740000	0.45520000
0.21090000	0.42710000
0.19530000	0.42580000
0.18740000	0.41370000
0.16400000	0.39920000
0.14060000	0.38510000
0.13280000	0.37200000
0.14060000	0.38160000
0.19530000	0.40530000
0.19530000	0.44360000
0.15620000	0.45860000
0.13280000	0.44070000
0.13280000	0.41630000
0.12500000	0.39290000
0.12500000	0.37190000
0.11720000	0.35340000
0.12500000	0.33720000
0.10930000	0.32270000
0.10150000	0.30980000
0.10150000	0.29810000
0.09370000	0.28750000
0.10930000	0.27780000
0.10930000	0.27290000
0.10930000	0.26160000
0.11720000	0.25280000
0.10150000	0.24520000
0.10150000	0.23810000
0.19530000	0.31520000
0.23430000	0.47020000
0.21870000	0.53450000
0.21090000	0.53410000
0.18740000	0.50810000
0.15620000	0.46610000
0.14060000	0.45350000
0.18740000	0.43950000
0.18740000	0.45750000
0.17180000	0.42680000
0.15620000	0.39320000
0.14060000	0.36290000
0.13280000	0.33680000
0.12500000	0.31450000
0.12500000	0.29530000
0.12500000	0.27890000
0.11720000	0.26450000
0.30460000	0.41690000
0.46080000	0.67110000
0.44520000	0.76090000
0.32020000	0.76710000
0.24990000	0.70360000
0.23430000	0.63130000
0.33580000	0.60420000
0.36710000	0.58810000
0.30460000	0.60170000
0.27340000	0.56240000
0.24990000	0.51430000
0.23430000	0.47010000
0.21870000	0.43180000
0.24990000	0.39940000
0.19530000	0.37180000
0.19530000	0.34830000
0.19530000	0.32810000
0.18740000	0.31070000
0.18740000	0.29540000
0.18740000	0.28200000
0.18740000	0.27000000
0.19530000	0.25930000
0.18740000	0.24960000
0.18740000	0.24080000
0.18740000	0.23980000
0.18740000	0.22730000
0.18740000	0.22230000
0.18740000	0.21970000
0.25770000	0.29260000
0.40610000	0.36930000
0.30460000	0.43410000
0.25770000	0.41950000
0.24990000	0.38700000
0.25770000	0.35420000
0.25770000	0.32520000
0.25770000	0.30760000
1.40580000	1.92480000
1.40580000	1.20650000
1.17150000	1.00270000
1.09340000	0.91170000
0.78100000	0.85940000
0.69510000	0.77330000
0.62480000	0.68850000
0.60140000	0.61580000
0.56230000	0.55440000
0.49990000	0.50670000
0.49990000	0.46490000
0.47640000	0.42920000
0.46080000	0.39540000
0.42170000	0.38220000
0.44520000	0.35540000
0.40610000	0.35630000
1.09340000	1.06120000
1.24960000	0.79790000
0.85910000	0.69790000
0.74200000	0.62010000
0.67170000	0.55670000
0.64820000	0.50430000
0.60140000	0.46040000
0.58580000	0.42740000
0.56230000	0.39410000
0.52330000	0.36720000
0.47640000	0.34460000
0.42170000	0.32520000
0.39050000	0.30870000
0.39050000	0.29400000
0.36710000	0.28110000
0.30460000	0.26950000
0.27340000	0.25910000
0.38270000	0.28920000
0.73420000	0.38150000
0.50770000	0.43860000
0.39830000	0.46070000
0.39050000	0.43540000
0.40610000	0.40130000
0.40610000	0.36920000
0.36710000	0.34120000
0.39050000	0.31730000
0.46080000	0.29970000
0.85910000	0.34530000
0.85910000	0.39770000
0.71850000	0.45100000
0.85910000	0.42840000
0.74200000	0.41480000
0.60140000	0.38530000
0.51550000	0.35550000
0.45300000	0.32870000
0.40610000	0.30570000
0.35150000	0.28600000
0.33580000	0.26910000
0.44520000	0.32380000
0.67170000	0.39990000
0.69510000	0.43610000
0.56230000	0.44470000
0.46080000	0.41980000
5.70140000	5.81990000
3.74890000	3.64560000
2.81170000	1.89360000
1.87440000	1.27520000
1.48390000	1.01100000
1.24960000	0.86120000
1.24960000	0.75370000
1.09340000	0.67230000
1.09340000	0.60590000
1.01530000	0.55070000
0.93720000	0.50450000
0.85910000	0.46570000
0.85910000	0.43300000
3.51460000	1.13060000
3.35840000	1.96500000
2.73360000	1.46540000
2.26490000	1.34220000
1.71820000	1.22020000
1.40580000	1.08580000
1.24960000	0.96480000
1.40580000	1.58400000
1.64010000	1.58870000
1.48390000	1.48910000
4.06130000	7.38900000
5.46710000	7.66610000
3.59270000	4.35560000
2.34310000	3.23590000
1.79630000	2.66110000
1.56200000	2.28310000
1.48390000	1.99530000
1.40580000	1.76660000
1.32770000	1.58080000
1.32770000	1.42660000
1.32770000	1.29820000
1.32770000	1.19090000
1.32770000	1.10060000
1.32770000	1.02420000
1.17150000	0.95910000
1.56200000	0.92450000
1.79630000	0.86640000
1.56200000	0.87650000
1.48390000	0.85500000
1.40580000	0.82600000
1.40580000	0.92860000
1.40580000	0.88970000
1.40580000	1.00520000
1.32770000	1.10660000
1.32770000	1.06490000
1.32770000	1.00910000
1.40580000	1.16860000
6.87290000	11.05400000
13.58970000	13.15350000
9.05980000	8.43320000
5.93570000	4.96550000
5.23280000	3.75700000
4.68610000	3.86550000
4.29560000	4.07300000
5.46710000	4.96060000
9.84080000	9.98650000
13.66780000	10.39270000
16.01080000	12.74060000
13.82400000	11.58500000
8.59120000	6.62190000
6.40430000	4.88770000
6.63860000	4.57970000
5.70140000	3.77500000
4.92040000	3.52870000
25.30490000	14.87210000
32.17790000	18.05210000
12.26200000	11.56790000
15.15170000	10.87360000
9.13790000	8.93180000
6.01380000	5.84380000
4.99850000	4.49980000
4.06130000	3.81910000
3.51460000	3.38090000
6.79480000	7.15590000
6.48240000	7.20830000
5.07660000	4.23120000
3.82700000	3.15620000
3.35840000	2.70050000
2.96790000	2.44260000
2.96790000	2.71970000
5.46710000	4.40380000
4.29560000	3.63210000
3.43650000	2.51200000
2.88980000	2.09300000
3.20220000	1.92540000
3.04600000	2.58930000
2.96790000	2.00400000
13.66780000	10.92850000
7.81020000	10.53460000
5.31090000	5.35400000
3.82700000	3.55830000
3.35840000	2.86190000
2.96790000	2.50630000
4.45180000	2.77540000
4.52990000	2.28190000
3.59270000	2.10720000
3.51460000	2.28670000
3.12410000	1.96120000
2.65550000	1.83050000
2.34310000	1.71580000
5.70140000	6.74610000
16.79190000	12.57680000
8.35690000	9.05790000
5.54520000	4.93140000
4.29560000	3.46070000
3.51460000	2.84220000
3.20220000	2.50570000
2.88980000	2.26350000
5.46710000	3.56550000
5.23280000	3.12910000
3.98320000	2.28410000
3.20220000	1.91790000
2.65550000	1.74500000
2.26490000	1.62350000
1.95250000	1.52530000
1.95250000	1.45500000
1.79630000	1.37470000
1.64010000	1.32250000
1.64010000	1.25880000
1.56200000	1.21010000
1.56200000	1.16090000
1.64010000	1.13960000
2.03060000	1.14020000
2.73360000	1.19470000
2.10870000	1.20340000
1.64010000	1.18250000
2.03060000	1.17600000
2.65550000	1.16910000
1.95250000	1.16260000
3.28030000	2.67160000
3.28030000	1.73990000
2.65550000	1.41940000
2.03060000	1.26380000
2.26490000	1.19470000
5.46710000	2.75960000
3.51460000	1.69210000
5.62330000	3.95520000
7.41970000	4.43350000
5.31090000	2.29870000
3.51460000	1.67790000
2.65550000	1.41190000
5.15470000	4.27420000
5.31090000	3.02220000
3.67080000	2.12970000
2.73360000	1.74300000
2.26490000	1.52840000
1.79630000	1.37930000
1.48390000	1.26140000
1.40580000	1.16560000
1.17150000	1.08500000
1.01530000	1.01620000
0.93720000	0.97290000
0.93720000	0.91080000
0.78100000	0.86280000
0.78100000	0.82260000
0.71850000	0.78740000
0.67170000	0.75610000
0.58580000	0.72780000
0.52330000	0.70210000
0.44520000	0.67840000
0.40610000	0.65650000
0.35150000	0.63610000
0.39050000	0.63240000
0.39050000	0.60440000
0.33580000	0.58340000
0.35150000	0.57750000
0.36710000	0.55370000
0.30460000	0.53620000
0.27340000	0.52120000
0.27340000	0.50730000
0.27340000	0.49400000
0.25770000	0.48110000
0.35150000	0.50160000
1.09340000	0.70430000
1.32770000	0.90030000
0.52330000	0.93340000
0.39050000	0.87720000
0.30460000	0.80630000
0.25770000	0.74040000
0.24990000	0.68830000
0.23430000	0.63610000
0.21090000	0.59360000
0.18740000	0.55780000
0.18740000	0.52700000
0.17180000	0.50030000
0.16400000	0.47690000
0.15620000	0.45620000
0.14060000	0.43760000
0.14060000	0.42090000
0.19530000	0.46690000
0.21090000	0.50610000
0.16400000	0.53310000
0.21870000	0.54970000
0.19530000	0.54050000
0.15620000	0.51060000
0.13280000	0.47860000
0.12500000	0.44960000
0.12500000	0.42410000
0.12500000	0.40190000
0.11720000	0.38250000
0.11720000	0.37880000
0.11720000	0.35410000
0.10930000	0.33740000
0.11720000	0.32420000
0.12500000	0.33620000
0.49990000	0.30920000
0.21870000	0.32630000
0.15620000	0.32030000
0.12500000	0.30840000
0.11720000	0.30090000
0.30460000	0.39000000
0.27340000	0.47750000
0.18740000	0.50540000
0.14060000	0.47870000
0.14060000	0.44180000
0.11720000	0.40690000
0.10150000	0.37650000
0.09370000	0.35040000
0.08590000	0.32820000
0.07110000	0.30910000
0.07110000	0.30670000
0.10150000	0.28240000
0.10150000	0.26940000
0.09370000	0.25760000
0.09370000	0.24700000
0.08590000	0.23740000
0.10150000	0.23390000
0.10150000	0.22230000
0.10150000	0.21390000
0.42170000	0.59200000
0.28900000	0.83300000
0.14060000	0.87450000
0.11720000	0.80510000
0.10930000	0.71830000
0.10150000	0.63880000
0.10150000	0.57100000
0.10150000	0.51440000
0.08590000	0.46720000
0.09370000	0.42780000
0.07730000	0.39470000
0.09370000	0.36670000
0.09370000	0.34290000
0.08590000	0.32260000
0.08590000	0.30490000
0.09370000	0.28960000
0.08590000	0.27610000
0.10930000	0.27150000
0.11720000	0.26630000
0.14060000	0.24770000
0.21870000	0.24140000
0.24990000	0.23340000
0.42170000	0.34740000
0.46080000	0.44020000
0.40610000	0.49750000
0.39050000	0.47500000
0.42170000	0.43540000
0.33580000	0.39680000
0.09370000	0.36300000
0.09370000	0.33420000
0.11720000	0.30990000
0.12500000	0.28930000
0.18740000	0.33660000
0.15620000	0.37800000
0.11720000	0.41760000
0.10930000	0.40330000
0.10150000	0.37060000
0.10930000	0.34040000
0.10930000	0.31430000
0.10150000	0.29200000
0.10930000	0.27300000
0.12500000	0.25680000
0.13280000	0.26110000
0.69510000	1.02420000
0.39050000	1.07010000
0.19530000	1.02480000
0.12500000	0.94410000
0.11720000	0.84000000
0.10150000	0.74350000
0.10150000	0.66090000
0.10150000	0.59200000
0.11720000	0.53480000
0.11720000	0.48710000
0.10930000	0.44720000
0.27340000	0.58660000
0.31240000	0.69110000
0.19530000	0.73200000
0.16400000	0.68590000
0.15620000	0.62420000
0.17180000	0.56660000
0.17180000	0.51680000
0.15620000	0.47460000
0.16400000	0.43910000
0.18740000	0.40900000
0.18740000	0.39970000
1.56200000	2.32320000
10.77800000	11.06950000
3.67080000	6.02670000
2.34310000	3.10650000
1.71820000	2.07750000
1.40580000	1.64070000
1.09340000	1.39340000
4.68610000	3.11060000
3.12410000	2.46050000
2.10870000	1.64750000
1.87440000	1.32750000
1.64010000	1.15040000
5.38900000	6.95760000
5.54520000	5.65330000
3.82700000	2.70320000
2.96790000	1.80380000
2.34310000	1.44360000
2.49930000	2.42340000
2.65550000	2.41050000
2.18680000	2.01530000
2.10870000	1.95990000
10.93420000	13.83290000
10.23130000	12.83280000
5.70140000	6.52430000
4.21750000	4.36980000
5.85760000	6.04510000
5.46710000	5.60140000
4.21750000	4.00250000
3.35840000	3.26340000
2.88980000	2.81810000
2.42120000	2.48850000
2.42120000	2.22770000
2.81170000	2.33650000
10.30940000	9.19970000
6.24810000	8.83020000
5.31090000	4.89010000
3.51460000	3.55950000
2.96790000	3.78750000
2.49930000	3.02900000
6.63860000	9.68420000
15.62030000	19.18140000
9.84080000	15.72520000
5.77950000	8.15070000
4.60800000	5.46530000
3.67080000	4.34050000
3.12410000	3.71390000
2.34310000	3.27660000
1.87440000	2.94010000
1.79630000	2.66760000
2.49930000	2.44010000
2.49930000	2.24910000
2.03060000	2.08780000
2.10870000	1.95070000
2.26490000	1.83340000
2.10870000	1.73210000
4.37370000	2.21500000
3.20220000	2.92360000
2.49930000	2.32240000
1.95250000	2.10290000
1.64010000	1.94510000
1.56200000	1.80880000
1.48390000	1.69140000
1.48390000	1.59210000
1.56200000	1.52030000
1.56200000	2.16800000
1.48390000	1.83980000
1.32770000	1.77580000
1.17150000	1.70270000
1.24960000	1.59990000
1.17150000	1.50020000
1.24960000	1.41110000
1.09340000	1.33370000
1.01530000	1.26600000
1.09340000	1.20660000
1.01530000	1.15400000
0.93720000	1.10700000
0.85910000	1.06460000
0.74200000	1.02620000
0.69510000	0.99100000
0.71850000	0.95850000
0.69510000	0.92820000
0.85910000	0.90000000
1.40580000	0.87340000
1.48390000	0.84830000
1.24960000	0.82440000
1.24960000	0.80170000
1.09340000	0.77990000
1.01530000	0.75900000
1.01530000	0.73890000
0.85910000	0.71950000
0.67170000	0.70080000
0.71850000	0.68270000
1.40580000	0.75620000
2.18680000	1.94180000
2.81170000	2.90310000
2.57740000	2.47910000
2.10870000	1.99840000
1.64010000	1.76840000
1.40580000	1.57560000
1.24960000	1.41380000
1.40580000	1.30040000
1.71820000	2.45420000
1.95250000	2.28800000
3.51460000	7.43310000
10.69990000	13.62860000
8.59120000	12.25940000
6.24810000	10.04620000
5.77950000	7.47310000
6.24810000	6.71320000
5.70140000	6.11630000
4.76420000	4.45660000
3.90510000	4.58970000
5.93570000	11.27690000
7.02920000	11.16940000
7.26350000	9.58530000
5.46710000	7.55620000
3.90510000	5.10050000
4.37370000	4.48990000
5.46710000	3.70770000
3.28030000	3.41240000
2.57740000	3.11130000
2.10870000	2.82460000
1.79630000	2.57520000
1.87440000	2.37560000
1.79630000	2.19110000
1.40580000	2.05940000
1.17150000	1.93160000
1.01530000	1.81750000
0.93720000	1.71770000
0.78100000	1.63060000
0.67170000	1.55400000
0.67170000	1.48620000
0.85910000	1.42570000
1.09340000	1.37120000
1.56200000	1.69610000
1.79630000	2.00480000
2.65550000	2.99680000
5.15470000	5.02690000
5.46710000	4.95830000
9.52840000	7.48320000
7.96640000	8.04880000
6.63860000	5.72130000
5.46710000	3.93480000
5.15470000	3.26750000
4.37370000	2.92810000
3.82700000	2.63250000
3.51460000	2.99870000
3.12410000	5.54130000
3.59270000	4.78070000
4.84230000	4.03570000
5.31090000	3.13230000
5.46710000	2.77170000
5.31090000	2.62740000
13.04300000	8.21560000
25.61740000	13.45600000
11.32470000	9.81780000
7.26350000	5.64680000
5.54520000	4.09050000
4.68610000	3.38950000
4.13940000	2.96990000
3.67080000	2.66510000
3.28030000	2.42550000
2.96790000	2.22810000
2.65550000	2.06190000
5.31090000	5.11950000
5.46710000	5.08570000
4.92040000	2.88170000
5.23280000	2.53870000
4.60800000	2.77660000
4.06130000	2.07650000
3.28030000	1.86850000
2.81170000	1.72960000
5.70140000	4.98870000
5.77950000	5.09520000
4.60800000	2.93790000
3.51460000	2.22230000
2.81170000	1.91530000
2.49930000	1.73850000
2.10870000	1.60930000
1.64010000	1.50590000
1.32770000	1.41920000
2.34310000	1.34410000
4.29560000	5.73790000
4.06130000	4.75110000
3.35840000	2.52020000
2.73360000	1.77270000
3.35840000	2.55300000
3.20220000	2.29910000
2.96790000	1.71400000
2.57740000	1.47720000
2.42120000	1.36790000
2.42120000	1.27560000
2.73360000	1.48390000
2.49930000	1.31960000
2.34310000	1.28140000
2.18680000	1.20470000
2.03060000	1.13580000
1.87440000	1.07440000
1.79630000	1.04500000
1.64010000	0.98010000
1.40580000	0.96940000
1.24960000	0.93530000
1.64010000	0.92560000
1.32770000	0.91300000
1.09340000	0.88060000
1.48390000	0.88050000
1.17150000	0.92260000
8.12260000	9.02830000
16.32330000	11.62430000
18.11960000	16.12410000
18.11960000	15.82190000
14.37070000	13.75030000
12.34010000	8.66770000
7.49780000	5.50450000
5.15470000	4.20310000
3.90510000	3.51720000
5.23280000	4.98380000
4.99850000	3.37640000
3.51460000	2.73870000
2.57740000	2.38960000
1.87440000	2.14920000
1.48390000	1.96190000
1.17150000	1.80740000
1.01530000	1.69190000
0.78100000	1.57350000
0.64820000	1.47700000
0.56230000	1.39530000
0.93720000	1.33140000
1.09340000	1.26620000
0.85910000	1.20900000
0.69510000	1.15930000
0.49990000	1.11500000
0.40610000	1.07490000
0.35150000	1.04870000
0.71850000	1.07400000
1.09340000	1.11280000
0.71850000	1.12230000
0.49990000	1.08370000
1.09340000	1.10570000
0.64820000	1.12530000
0.53890000	1.11700000
0.44520000	1.06830000
0.42170000	1.04690000
0.44520000	1.02670000
0.49990000	1.00720000
1.24960000	1.03490000
3.12410000	3.87120000
3.90510000	2.42650000
2.57740000	1.77090000
1.87440000	1.48940000
1.40580000	1.32580000
1.40580000	1.22940000
0.93720000	1.11970000
0.93720000	1.04420000
0.85910000	0.97790000
0.71850000	0.92030000
0.62480000	0.87030000
0.62480000	0.89380000
0.78100000	0.91690000
0.58580000	0.90260000
0.46080000	0.86020000
0.47640000	0.81490000
0.39050000	0.77310000
0.33580000	0.73590000
0.30460000	0.70300000
0.36710000	0.67360000
0.40610000	0.68490000
0.67170000	0.74840000
0.47640000	0.77230000
0.40610000	0.74410000
0.39050000	0.70530000
0.40610000	0.66790000
0.42170000	0.64180000
0.46080000	0.60670000
0.56230000	0.57860000
0.52330000	0.55460000
0.49990000	0.53320000
0.71850000	0.51400000
1.01530000	0.52560000
0.42170000	0.53330000
0.36710000	0.54700000
0.33580000	0.53070000
0.30460000	0.50800000
0.35150000	0.51130000
0.47640000	0.52270000
0.44520000	0.55000000
0.35150000	0.52430000
0.32020000	0.49610000
0.24990000	0.47020000
0.23430000	0.44780000
0.52330000	0.59180000
0.35150000	0.70030000
0.27340000	0.71980000
0.24990000	0.67740000
0.24990000	0.63640000
0.21870000	0.58940000
0.19530000	0.53850000
0.18740000	0.49960000
0.17180000	0.46790000
0.17180000	0.44090000
0.16400000	0.41770000
0.16400000	0.39740000
0.15620000	0.37950000
0.13280000	0.36360000
0.14060000	0.36270000
0.16400000	0.34680000
0.16400000	0.34900000
0.14060000	0.33890000
0.12500000	0.32620000
0.13280000	0.31380000
0.13280000	0.30220000
0.12500000	0.29160000
0.14060000	0.28180000
0.13280000	0.27270000
0.13280000	0.26430000
0.18740000	0.28470000
0.24990000	0.37500000
0.21870000	0.42990000
0.16400000	0.44810000
0.15620000	0.42430000
0.14840000	0.39280000
0.13280000	0.36330000
0.14840000	0.33750000
0.15620000	0.31540000
0.13280000	0.29640000
0.11720000	0.28000000
0.11720000	0.26570000
0.11720000	0.26380000
0.11720000	0.24530000
0.12500000	0.24330000
0.13280000	0.23510000
0.16400000	0.22590000
0.12500000	0.23070000
0.59360000	1.72230000
0.53890000	1.36980000
0.24210000	1.20200000
0.17180000	1.08540000
0.24990000	0.95770000
0.21870000	0.84310000
0.17180000	0.74560000
0.16400000	0.66520000
0.15620000	0.59840000
0.16400000	0.54280000
0.17180000	0.49650000
0.16400000	0.45750000
0.15620000	0.42470000
0.14060000	0.39680000
0.14060000	0.37290000
0.14840000	0.35220000
0.16400000	0.33430000
0.20310000	0.31860000
0.25770000	0.30460000
0.27340000	0.29220000
0.42960000	0.28740000
1.09340000	0.42750000
1.01530000	0.54300000
0.93720000	0.59130000
1.24960000	0.59280000
0.85910000	0.58230000
0.22650000	0.59080000
0.24990000	0.57250000
0.24990000	0.51320000
0.21090000	0.51810000
0.19530000	0.48670000
0.19530000	0.44930000
0.21870000	0.41490000
0.20310000	0.38500000
0.43740000	0.47580000
0.56230000	0.55050000
0.38270000	0.59340000
0.32800000	0.56170000
0.27340000	0.51530000
0.28120000	0.48180000
0.85910000	1.18780000
3.59270000	2.42260000
1.71820000	1.53550000
1.17150000	1.19530000
0.93720000	1.00780000
0.85910000	0.88290000
0.75760000	0.78130000
0.67170000	0.70010000
0.63260000	0.63430000
0.55450000	0.57940000
0.49200000	0.53350000
0.46860000	0.49470000
0.42170000	0.46180000
0.40610000	0.43370000
0.36710000	0.40940000
0.35930000	0.38840000
0.33580000	0.36990000
0.33580000	0.35360000
0.54670000	0.38000000
0.76540000	0.40850000
0.57010000	0.46770000
0.47640000	0.45740000
0.51550000	0.43050000
1.09340000	0.46750000
0.85910000	0.50940000
0.74200000	0.54430000
0.70290000	0.52370000
0.66390000	0.48600000
0.54670000	0.44870000
0.60920000	0.41580000
0.93720000	0.38770000
1.17150000	0.37760000
1.32770000	1.07330000
1.48390000	0.92050000
1.17150000	0.75100000
1.01530000	0.68540000
1.24960000	0.93690000
1.40580000	0.80810000
1.24960000	1.36460000
1.24960000	1.01640000
1.09340000	0.88260000
1.48390000	3.49730000
1.64010000	2.58610000
1.32770000	2.08080000
1.24960000	1.78930000
1.09340000	1.56480000
0.93720000	1.39030000
0.85910000	1.23240000
0.93720000	1.22880000
1.64010000	1.21130000
1.48390000	1.33360000
1.24960000	1.26060000
1.09340000	1.14690000
0.93720000	1.03800000
0.85910000	0.94340000
0.78100000	0.86340000
0.74200000	0.79600000
0.70290000	0.73910000
0.64040000	0.69060000
0.60920000	0.64920000
0.60920000	0.61340000
0.64040000	0.58230000
0.59360000	0.55500000
0.54670000	0.53080000
0.51550000	0.50920000
0.49200000	0.48980000
0.46860000	0.47210000
0.45300000	0.45590000
0.43740000	0.44100000
0.42170000	0.42710000
0.41390000	0.41410000
0.40610000	0.40190000
0.39050000	0.39030000
0.38270000	0.37930000
0.37490000	0.36890000
0.35930000	0.35880000
0.35150000	0.34920000
0.34360000	0.34000000
0.32020000	0.33110000
0.32020000	0.32250000
0.29680000	0.31410000
0.27340000	0.30610000
0.27340000	0.29820000
0.27340000	0.29060000
0.26550000	0.28330000
0.26550000	0.27610000
0.25770000	0.26910000
0.25770000	0.26230000
0.25770000	0.25570000
0.24990000	0.24930000
0.24990000	0.24310000
0.24990000	0.23700000
0.24990000	0.23100000
0.31240000	0.22520000
5.23280000	4.21800000
4.45180000	3.44170000
3.28030000	2.06690000
2.65550000	1.60190000
2.03060000	1.33760000
1.71820000	1.15190000
1.56200000	1.00610000
1.40580000	0.88990000
1.24960000	0.79480000
1.32770000	0.73610000
1.79630000	2.62000000
2.81170000	3.91720000
3.20220000	4.72720000
2.81170000	3.49160000
2.88980000	2.63900000
2.26490000	2.21930000
2.10870000	2.03270000
2.10870000	1.81860000
1.87440000	1.60440000
1.48390000	1.50850000
1.09340000	1.37380000
1.24960000	1.24460000
1.17150000	1.13220000
1.17150000	1.04870000
1.56200000	1.08840000
2.10870000	1.15110000
2.34310000	1.26150000
8.35690000	11.23130000
10.93420000	11.08740000
7.41970000	5.69850000
5.23280000	3.90450000
3.67080000	3.11170000
3.20220000	2.64860000
2.81170000	2.31420000
2.34310000	2.05500000
2.26490000	1.84590000
2.10870000	1.67200000
1.87440000	1.52700000
1.71820000	1.40550000
1.64010000	1.30300000
1.56200000	1.21600000
1.40580000	1.14160000
1.24960000	1.07750000
1.32770000	1.02190000
1.48390000	0.97830000
1.32770000	0.93160000
1.17150000	0.89210000
1.40580000	1.43660000
1.79630000	1.15410000
2.10870000	1.05940000
2.26490000	0.98810000
2.18680000	0.93970000
2.03060000	0.88800000
1.87440000	0.83730000
1.64010000	0.80750000
1.48390000	0.76530000
1.24960000	0.74100000
1.17150000	0.71400000
1.09340000	0.68780000
1.01530000	0.66350000
0.93720000	0.64110000
0.93720000	0.62030000
0.93720000	0.60100000
0.93720000	0.58290000
0.85910000	0.57380000
1.01530000	0.56440000
0.93720000	0.53860000
0.85910000	0.52770000
0.85910000	0.53490000
1.01530000	0.50570000
0.85910000	0.53470000
0.85910000	0.52660000
0.74980000	0.50880000
0.67950000	0.48980000
0.67170000	0.47180000
0.64820000	0.45520000
0.60140000	0.43980000
0.57800000	0.42570000
0.50770000	0.41240000
0.74200000	0.46460000
1.09340000	0.50980000
0.85910000	0.53550000
0.93720000	0.53430000
1.64010000	0.57580000
1.24960000	0.60860000
1.24960000	0.60910000
1.24960000	0.57400000
1.09340000	0.53400000
0.93720000	0.49730000
0.85910000	0.46530000
0.85910000	0.43770000
0.71070000	0.41380000
0.64820000	0.39300000
0.45300000	0.37470000
0.62480000	0.42380000
1.01530000	0.51050000
0.77320000	0.53320000
0.60140000	0.58110000
0.69510000	0.65190000
0.55450000	0.64840000
0.50770000	0.60310000
0.69510000	0.55300000
0.65610000	0.50780000
0.60920000	0.48010000
0.76540000	0.47960000
0.77320000	0.48680000
0.58580000	0.49540000
0.47640000	0.47010000
0.46080000	0.45670000
0.39050000	0.41530000
0.32800000	0.38590000
0.28120000	0.36270000
0.24210000	0.35840000
0.28120000	0.36880000
0.24990000	0.38110000
0.20310000	0.36680000
0.17180000	0.34700000
0.28120000	0.32800000
0.25770000	0.31090000
0.21870000	0.32430000
0.28900000	0.34220000
0.24990000	0.36130000
0.19530000	0.34820000
0.19530000	0.36010000
0.30460000	0.40510000
0.34360000	0.45060000
0.36710000	0.45390000
0.24990000	0.43100000
0.19530000	0.39860000
0.17180000	0.36780000
0.14840000	0.35150000
0.14840000	0.32090000
0.14060000	0.29870000
0.13280000	0.29300000
0.17180000	0.28380000
0.58580000	0.39440000
0.54670000	0.48260000
0.35150000	0.49950000
0.24210000	0.46730000
0.17180000	0.42710000
0.13280000	0.38990000
0.11720000	0.35780000
0.10150000	0.33060000
0.10150000	0.30760000
0.11720000	0.28790000
0.08590000	0.27110000
0.07810000	0.25650000
0.06870000	0.25300000
0.11720000	0.25690000
0.08590000	0.22990000
0.07810000	0.23630000
0.09370000	0.22080000
0.07420000	0.24420000
0.07810000	0.26910000
0.11720000	0.32030000
0.13280000	0.34510000
0.08590000	0.34910000
0.06560000	0.32750000
0.05780000	0.30200000
0.05470000	0.28580000
0.04760000	0.26060000
0.04840000	0.24180000
0.04140000	0.22650000
0.05470000	0.29230000
0.09370000	0.39350000
0.08590000	0.41610000
0.05550000	0.39040000
0.04450000	0.35620000
0.06480000	0.32430000
1.01530000	0.72130000
0.24990000	0.88010000
0.11720000	0.87550000
0.10150000	0.79350000
0.07810000	0.70400000
0.08590000	0.62430000
0.09370000	0.55690000
0.07650000	0.50790000
0.07810000	0.45630000
0.08590000	0.41590000
0.08590000	0.38330000
0.13280000	0.35530000
0.10150000	0.33170000
0.07110000	0.31160000
0.07810000	0.29430000
0.08590000	0.32180000
0.06790000	0.34990000
0.05700000	0.38310000
0.06170000	0.37570000
0.07260000	0.35110000
0.08590000	0.32340000
0.08590000	0.30110000
0.05080000	0.28250000
0.02580000	0.26660000
0.05080000	0.33300000
0.13280000	0.52080000
0.10150000	0.60420000
0.06090000	0.59660000
0.04690000	0.54730000
0.10930000	0.65250000
0.57800000	0.92460000
0.17960000	1.01940000
0.09370000	1.00410000
0.09370000	0.90490000
0.14840000	0.80450000
0.17960000	0.71680000
0.63260000	0.88080000
0.56230000	1.04640000
0.26550000	1.03820000
0.17960000	0.94890000
0.43740000	0.96200000
0.29680000	0.96590000
0.17180000	0.95030000
0.13280000	0.87390000
0.12500000	0.79900000
0.10930000	0.72080000
0.14060000	0.65670000
0.14060000	0.60360000
0.10930000	0.55890000
0.16400000	0.52120000
0.14060000	0.48890000
0.09370000	0.46120000
0.09370000	0.43710000
0.14840000	0.41610000
0.25770000	0.46680000
2.26490000	0.85720000
0.93720000	0.92540000
1.01530000	1.01300000
1.40580000	1.01700000
0.85910000	1.00440000
0.57010000	0.92280000
0.47640000	0.83410000
0.39830000	0.75480000
0.36710000	0.71830000
1.01530000	0.82110000
1.24960000	1.60330000
1.64010000	1.27610000
0.93720000	1.14190000
0.69510000	1.01970000
0.62480000	0.91470000
0.69510000	0.82650000
0.62480000	0.75240000
0.57800000	0.69080000
0.75760000	0.66720000
0.85910000	0.65530000
0.70290000	0.66410000
0.67950000	0.65020000
0.54670000	0.63920000
0.40610000	0.60360000
0.46080000	0.62670000
0.57010000	0.64770000
0.44520000	0.66840000
0.41390000	0.63580000
0.40610000	0.59320000
0.35930000	0.55300000
0.33580000	0.52550000
0.28900000	0.48950000
0.28900000	0.46130000
0.27340000	0.43770000
0.28120000	0.41730000
0.26550000	0.39930000
0.25770000	0.38320000
0.26550000	0.36870000
0.23430000	0.35550000
0.20310000	0.34340000
0.76540000	0.33220000
2.73360000	2.55600000
5.31090000	3.61490000
3.12410000	1.81320000
2.26490000	1.21410000
1.64010000	0.97660000
1.48390000	0.84990000
1.48390000	0.77930000
1.64010000	0.78760000
2.10870000	0.82520000
1.95250000	0.82180000
3.28030000	2.31430000
2.18680000	1.36830000
4.68610000	3.94410000
5.07660000	2.79210000
3.82700000	2.15840000
3.04600000	1.80000000
2.49930000	1.55250000
2.10870000	1.37530000
2.10870000	1.46890000
2.03060000	1.38590000
1.79630000	1.43650000
1.64010000	1.33790000
1.71820000	1.21320000
1.64010000	1.09790000
1.56200000	0.99880000
1.48390000	0.91520000
1.40580000	0.84470000
3.12410000	4.90110000
2.73360000	4.61810000
1.95250000	2.86510000
1.64010000	2.17120000
1.56200000	1.81820000
1.40580000	1.58840000
1.40580000	1.41330000
1.32770000	1.27400000
1.24960000	1.15960000
1.17150000	1.06390000
1.24960000	1.11100000
1.24960000	1.04870000
1.32770000	1.14370000
1.24960000	1.11430000
1.09340000	1.04140000
1.01530000	0.96640000
0.93720000	0.89930000
0.85910000	0.84120000
0.68730000	0.79110000
0.68730000	0.74780000
0.68730000	0.71010000
0.67950000	0.67710000
0.73420000	0.64770000
0.78100000	0.62150000
0.78100000	0.59790000
0.64820000	0.57640000
0.60140000	0.55670000
0.53890000	0.53860000
0.48420000	0.52170000
0.46080000	0.50580000
0.53890000	0.49090000
0.50770000	0.47690000
0.54670000	0.46350000
0.59360000	0.45070000
0.55450000	0.43850000
0.52330000	0.42670000
0.45300000	0.41550000
0.46080000	0.40460000
0.48420000	0.39410000
0.46860000	0.38390000
0.46080000	0.37400000
0.44520000	0.36450000
0.42960000	0.35520000
0.42170000	0.34620000
0.39050000	0.33740000
0.35150000	0.32890000
0.35150000	0.32060000
0.51550000	0.31250000
0.65610000	0.95350000
3.43650000	7.02790000
3.51460000	6.77140000
2.65550000	3.80530000
2.42120000	2.83750000
1.79630000	2.38100000
1.40580000	2.04860000
3.20220000	2.90840000
19.83780000	16.11440000
13.43350000	14.86300000
5.23280000	7.37290000
3.12410000	4.85770000
2.73360000	3.79240000
2.18680000	3.19470000
1.95250000	2.77320000
1.87440000	2.45030000
1.64010000	2.19090000
1.64010000	1.97590000
1.56200000	1.79700000
1.48390000	1.64740000
1.40580000	1.52170000
1.40580000	1.41530000
1.32770000	1.32480000
1.32770000	1.24710000
1.17150000	1.17990000
1.09340000	1.12120000
1.09340000	1.06970000
1.09340000	1.02390000
0.93720000	0.98300000
0.85910000	0.94600000
0.93720000	0.91230000
1.01530000	0.88140000
1.01530000	0.85290000
1.56200000	0.98400000
2.88980000	2.20800000
2.88980000	1.39200000
2.81170000	1.30330000
2.42120000	1.24650000
1.95250000	1.16180000
1.71820000	1.07880000
1.48390000	1.00490000
1.32770000	0.94170000
1.24960000	0.88700000
1.40580000	0.83960000
1.48390000	0.79820000
1.56200000	0.76900000
1.56200000	0.73440000
1.48390000	0.70230000
1.24960000	0.67470000
1.09340000	0.65050000
1.01530000	0.62840000
1.32770000	0.62480000
1.79630000	0.60530000
1.87440000	0.65880000
3.20220000	3.32620000
15.15170000	13.69860000
11.09040000	13.81170000
8.04450000	8.93480000
6.87290000	7.00320000
7.81020000	10.25730000
8.82550000	9.32550000
5.93570000	5.63730000
4.21750000	4.31120000
3.51460000	3.60550000
3.28030000	3.13000000
2.88980000	2.76570000
2.88980000	2.48670000
3.67080000	2.94830000
4.68610000	3.06960000
3.82700000	2.29150000
3.28030000	2.00110000
2.81170000	1.81540000
2.42120000	1.67420000
2.18680000	1.55830000
1.79630000	1.46040000
1.56200000	1.37690000
1.40580000	1.30440000
1.17150000	1.24100000
2.81170000	2.13520000
2.96790000	1.86480000
2.57740000	1.49300000
2.26490000	1.35170000
1.87440000	1.26300000
1.79630000	1.18620000
1.95250000	1.12260000
1.95250000	1.06820000
1.71820000	1.02060000
1.48390000	0.97810000
1.17150000	0.94000000
1.09340000	0.90550000
1.09340000	0.87390000
1.01530000	0.84490000
0.93720000	0.82950000
1.01530000	0.80110000
1.01530000	0.81120000
1.01530000	0.82660000
1.17150000	0.87520000
1.64010000	0.94020000
4.21750000	2.56660000
3.04600000	1.53690000
2.34310000	1.21160000
1.79630000	1.06110000
1.56200000	0.96850000
1.32770000	0.89910000
1.09340000	0.84180000
1.09340000	0.79400000
1.24960000	0.76240000
1.17150000	0.71910000
1.09340000	0.69450000
1.17150000	0.67010000
1.24960000	0.63790000
1.09340000	0.61210000
1.01530000	0.58970000
1.01530000	0.57310000
0.78100000	0.55200000
0.70290000	0.53390000
0.64820000	0.51750000
0.64040000	0.50220000
0.64820000	0.48780000
0.60920000	0.47410000
0.56230000	0.46110000
0.49990000	0.44860000
0.46860000	0.44380000
0.53890000	0.45690000
0.64040000	0.48270000
0.64820000	0.54730000
1.01530000	0.62160000
0.77320000	0.64770000
0.60920000	0.64080000
0.51550000	0.60310000
0.39830000	0.56200000
0.32020000	0.53260000
0.26550000	0.49950000
0.28900000	0.46600000
1.95250000	1.39710000
1.40580000	0.99420000
0.78100000	0.86450000
0.57800000	0.77140000
0.93720000	0.77270000
1.48390000	0.87410000
1.40580000	0.90440000
1.01530000	0.84840000
0.62480000	0.77420000
0.85910000	0.76960000
2.10870000	1.03270000
3.12410000	1.05330000
2.34310000	1.02670000
1.48390000	0.94160000
1.01530000	0.87260000
1.01530000	0.82390000
1.17150000	0.79200000
1.24960000	0.74490000
3.04600000	2.51890000
2.88980000	1.44140000
1.64010000	1.10230000
1.09340000	0.94580000
0.85910000	0.83600000
0.59360000	0.75610000
0.46080000	0.69180000
0.37490000	0.63950000
0.32020000	0.59520000
0.32020000	0.55750000
0.93720000	0.56740000
0.93720000	0.58110000
2.10870000	2.56700000
2.34310000	1.95340000
1.40580000	1.35460000
1.87440000	1.15360000
3.43650000	1.12540000
2.18680000	1.07870000
1.56200000	0.98590000
1.09340000	0.89390000
0.78100000	0.81310000
0.60920000	0.74430000
0.58580000	0.74790000
1.01530000	0.84400000
1.09340000	0.92830000
1.17150000	0.93620000
1.09340000	0.88970000
0.85910000	0.82000000
0.67170000	0.75290000
0.51550000	0.69420000
0.42170000	0.64400000
0.42170000	0.61260000
0.41390000	0.56810000
0.35930000	0.53410000
0.32800000	0.50600000
0.31240000	0.48180000
0.28120000	0.46060000
0.55450000	0.52570000
0.71070000	0.58760000
0.57010000	0.64430000
0.93720000	0.70010000
0.85910000	0.73410000
0.67950000	0.72760000
0.64040000	0.69270000
0.70290000	0.65400000
0.67950000	0.59630000
0.57010000	0.57670000
0.52330000	0.61560000
0.65610000	0.66020000
0.57800000	0.68370000
0.53110000	0.64960000
0.47640000	0.60600000
0.46860000	0.57920000
0.44520000	0.52700000
0.38270000	0.49710000
0.33580000	0.46770000
0.29680000	0.44110000
0.28120000	0.42830000
0.26550000	0.40030000
0.50770000	0.40250000
0.61700000	0.46920000
0.53890000	0.52410000
0.41390000	0.53190000
0.30460000	0.50330000
0.24210000	0.46890000
0.21870000	0.44990000
0.17960000	0.41300000
0.17180000	0.38960000
0.25770000	0.40640000
0.28900000	0.42300000
0.24210000	0.44510000
0.19530000	0.42750000
0.18740000	0.40170000
0.17180000	0.37660000
0.16400000	0.35440000
0.15620000	0.33490000
0.14840000	0.31800000
0.15620000	0.30310000
0.19530000	0.30990000
0.17960000	0.28410000
0.16400000	0.30700000
0.16400000	0.30140000
0.09370000	0.28860000
0.10930000	0.27520000
0.11720000	0.28050000
0.18740000	0.26770000
0.13280000	0.28350000
0.10150000	0.28190000
0.13280000	0.34760000
0.14840000	0.40480000
0.13280000	0.45670000
0.12500000	0.43770000
0.12500000	0.40370000
0.25770000	0.43210000
0.20310000	0.45650000
0.50770000	0.55980000
0.57800000	0.69270000
0.34360000	0.72330000
0.28900000	0.70730000
0.24990000	0.64580000
0.21870000	0.58100000
0.19530000	0.52340000
0.17960000	0.47460000
0.17960000	0.43370000
0.16400000	0.40700000
0.19530000	0.37260000
0.60140000	0.38520000
0.59360000	0.49670000
0.40610000	0.55220000
0.32020000	0.56890000
0.29680000	0.53250000
0.26550000	0.48740000
0.78100000	0.46680000
0.36710000	0.41610000
0.24210000	0.43450000
0.21090000	0.41480000
0.27340000	0.41180000
0.64040000	0.36810000
0.58580000	0.40900000
1.24960000	0.39710000
0.73420000	0.37250000
0.31240000	0.34770000
0.27340000	0.32540000
0.32020000	0.30610000
0.30460000	0.28930000
0.26550000	0.27470000
0.25770000	0.26190000
0.26550000	0.25050000
0.21090000	0.24040000
0.40610000	0.27370000
0.39830000	0.30650000
0.33580000	0.37030000
0.25770000	0.36380000
0.22650000	0.34010000
0.21870000	0.31520000
0.21090000	0.29940000
0.20310000	0.27540000
0.20310000	0.25720000
0.21090000	0.24240000
0.33580000	0.29670000
0.51550000	0.34850000
0.64040000	0.42820000
1.48390000	0.53930000
1.09340000	0.58530000
0.78100000	0.62290000
1.24960000	0.61190000
0.85910000	0.61630000
0.60920000	0.56850000
0.55450000	0.51360000
0.54670000	0.46380000
0.53890000	0.42130000
0.52330000	0.38560000
0.55450000	0.38990000
0.54670000	0.39830000
6.09190000	6.08640000
4.92040000	2.99940000
3.20220000	1.63400000
2.96790000	1.16540000
2.81170000	0.93390000
3.04600000	1.42650000
5.46710000	3.81810000
3.74890000	2.10300000
2.81170000	1.50550000
2.18680000	1.22640000
1.79630000	1.05640000
1.48390000	0.93220000
12.18390000	11.60590000
8.74740000	10.80970000
5.23280000	5.53160000
3.90510000	3.68460000
3.20220000	2.88630000
2.65550000	2.43140000
2.10870000	2.10760000
2.18680000	1.85890000
2.03060000	1.65900000
1.95250000	1.49340000
1.71820000	1.35570000
1.40580000	1.24080000
1.32770000	1.14430000
1.32770000	1.06280000
1.32770000	0.99350000
1.48390000	0.93410000
17.18240000	8.34420000
10.07510000	8.14930000
5.46710000	4.37740000
3.98320000	3.08880000
3.28030000	2.51270000
2.81170000	2.16900000
6.63860000	7.73190000
6.79480000	8.20790000
4.52990000	4.63010000
3.43650000	3.42120000
2.73360000	2.83790000
2.57740000	2.47040000
2.42120000	2.19580000
2.03060000	1.97670000
1.87440000	1.79800000
2.03060000	1.64850000
2.10870000	1.52280000
2.03060000	1.41650000
1.95250000	1.32600000
1.95250000	1.24830000
1.79630000	1.18110000
1.64010000	1.12250000
1.56200000	1.07090000
1.48390000	1.04270000
1.48390000	0.99370000
1.40580000	1.09930000
1.40580000	1.14200000
1.32770000	1.11330000
1.24960000	1.05470000
1.17150000	1.13160000
1.09340000	1.14400000
1.09340000	1.09450000
1.09340000	1.03290000
1.09340000	0.97470000
1.09340000	0.92290000
1.09340000	0.87730000
1.09340000	0.83710000
1.09340000	0.80140000
1.01530000	0.76940000
1.01530000	0.74060000
1.01530000	0.71430000
0.93720000	0.69010000
0.93720000	0.66780000
0.93720000	0.64700000
0.93720000	0.62750000
0.93720000	0.60910000
0.93720000	0.59180000
0.93720000	0.57520000
0.93720000	0.55940000
0.85910000	0.54430000
0.85910000	0.52980000
0.85910000	0.51580000
0.85910000	0.50230000
0.85910000	0.48930000
0.78100000	0.47670000
0.78100000	0.46440000
0.75760000	0.45260000
0.71850000	0.44100000
0.71070000	0.42990000
0.69510000	0.41900000
0.68730000	0.40840000
0.68730000	0.39810000
0.67170000	0.38810000
0.65610000	0.37830000
0.65610000	0.36880000
0.65610000	0.35960000
0.67170000	0.35060000
0.66390000	0.34180000
0.65610000	0.33320000
0.64040000	0.32490000
0.64040000	0.31680000
0.62480000	0.30880000
0.78100000	0.31060000
1.01530000	0.30060000
1.17150000	0.29630000
1.09340000	0.29620000
1.01530000	0.28910000
1.01530000	0.28040000
1.17150000	0.29070000
1.64010000	1.39740000
2.10870000	1.32330000
2.18680000	0.78810000
2.03060000	0.62220000
1.71820000	0.54820000
1.64010000	0.49320000
1.56200000	0.44820000
1.64010000	0.41130000
1.64010000	0.38040000
1.56200000	0.35420000
1.48390000	0.33580000
1.64010000	0.32360000
1.87440000	0.31460000
2.26490000	0.80050000
3.20220000	1.22910000
4.21750000	1.61280000
5.23280000	2.23480000
6.17000000	3.98290000
6.56050000	5.40170000
5.85760000	5.26390000
6.01380000	5.21890000
5.77950000	5.21670000
5.70140000	4.45890000
11.79340000	13.94980000
26.86700000	22.52510000
13.35540000	16.40990000
7.57590000	8.48730000
5.85760000	5.65300000
28.03850000	20.47840000
43.50260000	27.92610000
24.68010000	22.86040000
12.80870000	14.37710000
8.74740000	8.30830000
6.79480000	5.92750000
5.46710000	4.83240000
4.60800000	4.17400000
3.98320000	3.70780000
3.59270000	3.32700000
3.20220000	3.01750000
2.81170000	2.76380000
2.88980000	2.55980000
3.82700000	3.03530000
3.59270000	2.46950000
3.12410000	2.25250000
2.81170000	2.09860000
2.57740000	1.98140000
2.34310000	1.87080000
2.18680000	1.78090000
2.03060000	1.69750000
1.79630000	1.62500000
2.34310000	1.56060000
1.64010000	1.52080000
3.98320000	4.59270000
5.31090000	2.95160000
4.13940000	2.05610000
3.20220000	1.72750000
2.49930000	1.57560000
2.26490000	1.48000000
3.82700000	2.14920000
5.15470000	3.90440000
3.51460000	2.28070000
2.96790000	1.76620000
2.65550000	1.55290000
2.26490000	1.43340000
1.95250000	1.34700000
1.79630000	1.27590000
1.56200000	1.21600000
1.24960000	1.16280000
1.24960000	1.12240000
1.40580000	1.07470000
1.09340000	1.03430000
0.93720000	0.99830000
0.85910000	0.96540000
0.78100000	0.93490000
0.73420000	0.90640000
0.70290000	0.87960000
0.64820000	0.85430000
0.85910000	0.85660000
0.85910000	0.85450000
0.74980000	0.85530000
0.65610000	0.83200000
0.60920000	0.81160000
0.62480000	0.77810000
0.93720000	0.75020000
0.93720000	0.72540000
0.93720000	0.70260000
1.01530000	0.71290000
1.24960000	0.72080000
0.93720000	0.75460000
1.95250000	0.81160000
1.40580000	0.85320000
1.01530000	0.84440000
0.85910000	0.82070000
1.24960000	0.80600000
1.09340000	0.80540000
0.85910000	0.77470000
0.78100000	0.75990000
0.85910000	0.74060000
0.77320000	0.70370000
0.67170000	0.66590000
0.56230000	0.63150000
0.48420000	0.61130000
0.45300000	0.57690000
0.45300000	0.55060000
0.38270000	0.52830000
0.35150000	0.50860000
0.39830000	0.55630000
4.76420000	4.22880000
2.57740000	2.27410000
1.64010000	1.58250000
1.24960000	1.28270000
1.79630000	1.19050000
3.35840000	1.18680000
2.03060000	1.12720000
1.40580000	1.03330000
1.01530000	0.94130000
0.78100000	0.89920000
5.38900000	3.63750000
2.96790000	2.00110000
2.18680000	1.46150000
1.56200000	1.21770000
1.09340000	1.07260000
0.93720000	0.96730000
0.85910000	0.88240000
0.60920000	0.81370000
0.47640000	0.75550000
0.41390000	0.70610000
0.37490000	0.66380000
0.34360000	0.62720000
0.35150000	0.60960000
0.30460000	0.57180000
0.24990000	0.54400000
0.21090000	0.52100000
0.20310000	0.50480000
0.17180000	0.48400000
0.17960000	0.46650000
0.17960000	0.45100000
0.15620000	0.43680000
0.14060000	0.42350000
0.16400000	0.47890000
0.31240000	0.52790000
0.21090000	0.54220000
0.17960000	0.52830000
0.14840000	0.48590000
0.12500000	0.45890000
0.11720000	0.43900000
0.11720000	0.41550000
0.08590000	0.39620000
0.31240000	0.54160000
0.29680000	0.65090000
0.17960000	0.66160000
0.15620000	0.62060000
0.12500000	0.57190000
0.10930000	0.52730000
0.11720000	0.48850000
0.13280000	0.47940000
0.14060000	0.43430000
0.10150000	0.44250000
0.09370000	0.42520000
0.07650000	0.40270000
0.07730000	0.38120000
0.07810000	0.36190000
0.08590000	0.34480000
0.06790000	0.32960000
0.06330000	0.31610000
0.06400000	0.30390000
0.05390000	0.29280000
0.07810000	0.32060000
0.10930000	0.34620000
0.06330000	0.38510000
0.05310000	0.37540000
0.05620000	0.35430000
0.05390000	0.33270000
0.05780000	0.31720000
0.10930000	0.36010000
0.13280000	0.40170000
0.09370000	0.42440000
0.09370000	0.41840000
0.08590000	0.37990000
0.07730000	0.36300000
0.07650000	0.34010000
0.07500000	0.31790000
0.08590000	0.29820000
0.10150000	0.29170000
0.12500000	0.26940000
0.42960000	0.49470000
0.24990000	0.65200000
0.13280000	0.69500000
0.10930000	0.64750000
0.35930000	0.74070000
1.87440000	1.04860000
0.65610000	1.15550000
0.44520000	1.12580000
0.33580000	1.01740000
0.25770000	0.91490000
0.26550000	0.83690000
1.87440000	4.06850000
2.26490000	2.32470000
1.09340000	1.68980000
1.01530000	1.40300000
1.01530000	1.21440000
0.72630000	1.07120000
0.56230000	0.95500000
0.60920000	0.86120000
0.52330000	0.78300000
0.46860000	0.71760000
0.52330000	0.69120000
0.49990000	0.70700000
0.39050000	0.70340000
0.35150000	0.68880000
1.01530000	1.85670000
1.32770000	1.29340000
0.85910000	1.08100000
0.63260000	0.95740000
0.52330000	0.85400000
0.46080000	0.77630000
0.39830000	0.71130000
0.39830000	0.68570000
0.76540000	0.66270000
0.67170000	0.66610000
0.57800000	0.63270000
0.49990000	0.59330000
0.45300000	0.55660000
0.36710000	0.52430000
0.34360000	0.49610000
0.32800000	0.47150000
0.34360000	0.44980000
0.47640000	0.45300000
0.57010000	0.42010000
0.48420000	0.45910000
0.40610000	0.45190000
0.36710000	0.43280000
0.33580000	0.41250000
0.32020000	0.39370000
0.85910000	1.01080000
0.93720000	0.76170000
0.74200000	0.71240000
0.60920000	0.65870000
0.56230000	0.59660000
0.49990000	0.55070000
0.47640000	0.51560000
0.49200000	0.47430000
0.47640000	0.44970000
0.41390000	0.42360000
0.39830000	0.39960000
0.37490000	0.37840000
0.35930000	0.35970000
0.49990000	0.36930000
0.67170000	0.37550000
0.67950000	0.41290000
0.66390000	0.42950000
0.71850000	0.51460000
0.69510000	0.56200000
0.63260000	0.57240000
0.57010000	0.55670000
0.58580000	0.52160000
0.57010000	0.47670000
0.57800000	0.45410000
0.63260000	0.41490000
0.53110000	0.41940000
0.46860000	0.39970000
0.46860000	0.37570000
0.55450000	0.35310000
0.93720000	0.39830000
1.09340000	0.44370000
0.85910000	0.48530000
0.71850000	0.46530000
2.73360000	2.71480000
4.29560000	2.59730000
2.57740000	1.36100000
1.87440000	0.94780000
1.56200000	0.79320000
1.32770000	0.69180000
1.17150000	0.62480000
1.01530000	0.56680000
0.85910000	0.51770000
0.85910000	0.47600000
0.93720000	0.44070000
1.17150000	0.44240000
1.32770000	0.45110000
1.32770000	0.49700000
1.32770000	0.47100000
1.32770000	0.48980000
2.03060000	3.42940000
1.71820000	2.30370000
1.32770000	1.82780000
1.09340000	1.53650000
1.09340000	1.32600000
1.24960000	1.17410000
1.24960000	1.03160000
1.09340000	1.08550000
1.01530000	1.04330000
1.01530000	1.04030000
1.01530000	1.31630000
0.93720000	1.32630000
0.93720000	1.35260000
0.93720000	1.26460000
1.01530000	1.14460000
1.17150000	1.03190000
0.85910000	0.94330000
0.78100000	0.85620000
0.71850000	0.90060000
0.65610000	0.86200000
0.62480000	0.80200000
0.54670000	0.74370000
0.46860000	0.69220000
0.40610000	0.64790000
0.39050000	0.60960000
0.38270000	0.57660000
0.37490000	0.54780000
0.37490000	0.52250000
0.37490000	0.50000000
0.35930000	0.47990000
0.34360000	0.46180000
0.32800000	0.44530000
0.31240000	0.43020000
0.53110000	0.44120000
0.85910000	0.70920000
0.93720000	1.20260000
1.17150000	1.59420000
1.24960000	1.58470000
1.01530000	1.63250000
0.85910000	1.51350000
0.78100000	1.35580000
0.71850000	2.33380000
0.68730000	2.32460000
0.67170000	1.97660000
0.66390000	1.72750000
0.64040000	1.52380000
0.68730000	1.58330000
1.01530000	1.48400000
2.65550000	1.89650000
2.65550000	1.80690000
1.79630000	1.91080000
1.56200000	1.78130000
1.32770000	1.60860000
1.24960000	1.44780000
1.17150000	1.30940000
1.01530000	1.19310000
0.93720000	1.09540000
0.85910000	1.01320000
0.93720000	0.94350000
1.01530000	0.88410000
1.09340000	0.83310000
1.01530000	0.78890000
1.09340000	0.75030000
1.24960000	0.71630000
1.17150000	0.68600000
1.17150000	0.65890000
2.49930000	2.40510000
3.12410000	1.73340000
3.12410000	1.41590000
2.73360000	1.45300000
2.65550000	1.37650000
2.42120000	1.47100000
2.03060000	1.46550000
1.79630000	1.35440000
1.64010000	1.23060000
1.48390000	1.11900000
1.40580000	1.02360000
1.32770000	0.94290000
1.40580000	0.88630000
1.48390000	0.92300000
1.40580000	0.85230000
1.24960000	0.83090000
1.48390000	0.79720000
1.87440000	0.75860000
1.87440000	0.92200000
2.81170000	1.19720000
2.96790000	1.23260000
2.34310000	1.36000000
2.18680000	1.31180000
2.26490000	1.61690000
2.18680000	1.51890000
2.18680000	1.51040000
2.34310000	1.45930000
2.49930000	1.34370000
2.49930000	1.34340000
2.49930000	1.26290000
1.87440000	1.15540000
1.64010000	1.05720000
1.64010000	0.97280000
2.03060000	0.91810000
3.12410000	0.85960000
4.45180000	1.73930000
14.99550000	6.72210000
8.43500000	5.63680000
5.23280000	3.40050000
4.21750000	2.51850000
3.67080000	2.08780000
3.28030000	1.81520000
3.20220000	1.61090000
2.65550000	1.44940000
2.57740000	1.32520000
2.73360000	1.21950000
2.57740000	1.12440000
2.49930000	1.05210000
2.18680000	0.98920000
2.18680000	0.92750000
1.87440000	0.87500000
1.95250000	0.84500000
1.71820000	0.79470000
1.64010000	0.78690000
1.56200000	0.75910000
1.32770000	0.73560000
2.10870000	0.73940000
2.26490000	0.75590000
2.03060000	0.81170000
1.95250000	0.77860000
1.71820000	0.75670000
1.40580000	0.72070000
1.17150000	0.68430000
0.93720000	0.65100000
1.40580000	0.64940000
1.71820000	0.64530000
1.48390000	0.65730000
1.32770000	0.63510000
3.20220000	1.64830000
14.60500000	7.05880000
7.02920000	4.25630000
4.52990000	2.11780000
3.67080000	1.40570000
3.12410000	1.12770000
2.65550000	0.98100000
2.26490000	0.88280000
1.95250000	0.81010000
1.79630000	0.75040000
1.56200000	0.69980000
1.40580000	0.65670000
1.48390000	0.64290000
2.26490000	1.82920000
2.73360000	1.08280000
2.03060000	0.84140000
1.71820000	0.74020000
1.48390000	0.67230000
1.32770000	0.62410000
1.24960000	0.58500000
1.48390000	0.58130000
2.42120000	0.82810000
5.70140000	2.67000000
4.92040000	1.49420000
3.43650000	1.09240000
2.65550000	0.91490000
2.49930000	2.06470000
3.59270000	2.95620000
3.98320000	1.61280000
2.81170000	1.17460000
2.18680000	0.98180000
1.71820000	0.86900000
1.56200000	0.80100000
1.87440000	0.75550000
1.64010000	0.72280000
1.32770000	0.68230000
1.17150000	0.63820000
1.01530000	0.59790000
0.93720000	0.56250000
0.85910000	0.55050000
0.70290000	0.51050000
0.51550000	0.49060000
0.35930000	0.46960000
0.33580000	0.44990000
0.30460000	0.43190000
0.25770000	0.41560000
0.22650000	0.40080000
0.22650000	0.38720000
0.20310000	0.37460000
0.34360000	0.36290000
1.01530000	0.47660000
1.01530000	0.57030000
0.60140000	0.58980000
0.42960000	0.55890000
0.33580000	0.51910000
0.31240000	0.48190000
0.61700000	0.53360000
0.40610000	0.58410000
0.35150000	0.59290000
0.22650000	0.55810000
0.28120000	0.51660000
0.28120000	0.47830000
0.27340000	0.44500000
0.23430000	0.43060000
0.24210000	0.39610000
0.28900000	0.40600000
0.24210000	0.41670000
0.20310000	0.41070000
0.16400000	0.39030000
0.14840000	0.36850000
0.14060000	0.34840000
0.12500000	0.33060000
0.10930000	0.31490000
0.17180000	0.33630000
0.25770000	0.39780000
0.14840000	0.42910000
0.16400000	0.47860000
0.14060000	0.51020000
0.10930000	0.49030000
0.09370000	0.45380000
0.39830000	0.43890000
2.42120000	1.70260000
0.69510000	1.24010000
0.45300000	1.03160000
0.72630000	1.18510000
5.23280000	4.86590000
2.57740000	2.58860000
4.37370000	4.04910000
4.06130000	2.74200000
3.59270000	1.92640000
2.57740000	1.57450000
2.10870000	1.38610000
1.71820000	1.24940000
1.32770000	1.11930000
1.01530000	1.01710000
0.85910000	0.91640000
0.77320000	0.83530000
0.65610000	0.76840000
0.55450000	0.71220000
0.47640000	0.66460000
0.40610000	0.62390000
0.35150000	0.58890000
0.31240000	0.55850000
0.28900000	0.53190000
0.23430000	0.50830000
0.24990000	0.48730000
0.25770000	0.46850000
0.16400000	0.45130000
0.28120000	0.47870000
1.71820000	1.65620000
0.85910000	1.13970000
0.49990000	0.96550000
0.52330000	0.88800000
0.42960000	0.83460000
0.32800000	0.79500000
0.24210000	0.73390000
0.19530000	0.67510000
0.17180000	0.62330000
0.43740000	0.65990000
2.81170000	2.10180000
1.48390000	1.40150000
1.32770000	1.13850000
0.85910000	0.99820000
0.85910000	0.97400000
5.77950000	5.14800000
4.29560000	2.54910000
1.95250000	1.67610000
1.56200000	1.32300000
1.24960000	1.13560000
0.85910000	1.04580000
6.63860000	6.65740000
3.90510000	3.95110000
2.34310000	2.11120000
1.40580000	1.46890000
1.01530000	1.20300000
0.78100000	1.05580000
0.74200000	0.95070000
0.62480000	0.87070000
0.58580000	0.83630000
0.54670000	0.80780000
0.50770000	0.80360000
0.45300000	0.76190000
0.41390000	0.71490000
0.39050000	0.67600000
0.36710000	0.63460000
0.35150000	0.60030000
0.41390000	0.58550000
0.36710000	0.54940000
0.30460000	0.55540000
0.35930000	0.53440000
0.35150000	0.51190000
0.32800000	0.49080000
0.28900000	0.47160000
0.24210000	0.45420000
0.22650000	0.43830000
0.18740000	0.42360000
0.19530000	0.41000000
0.19530000	0.39740000
0.45300000	0.39260000
0.78100000	0.37640000
0.65610000	0.38900000
0.45300000	0.39930000
0.32800000	0.42750000
0.30460000	0.44670000
0.40610000	0.48840000
0.36710000	0.50400000
0.33580000	0.50560000
0.31240000	0.47480000
0.28120000	0.44360000
0.25770000	0.41560000
0.26550000	0.39130000
0.27340000	0.37020000
0.26550000	0.35170000
0.27340000	0.34000000
0.37490000	0.32960000
0.25770000	0.31080000
0.21870000	0.30250000
2.88980000	4.95190000
2.88980000	2.32530000
1.48390000	1.31420000
1.32770000	0.95010000
1.09340000	0.78570000
1.01530000	0.70070000
0.85910000	0.62120000
0.76540000	0.58590000
0.70290000	0.54640000
0.74200000	0.50460000
0.93720000	0.50640000
18.97870000	12.11090000
9.45030000	9.53770000
4.99850000	4.50920000
3.67080000	2.81060000
3.98320000	2.33670000
3.35840000	1.95200000
2.73360000	1.89370000
2.42120000	1.72300000
2.10870000	1.53560000
2.10870000	1.38070000
1.79630000	1.23340000
1.95250000	1.38640000
3.04600000	2.59790000
2.34310000	1.95620000
2.03060000	1.81490000
2.10870000	1.83380000
2.18680000	1.65500000
1.79630000	1.67980000
2.65550000	3.49510000
6.87290000	6.65050000
4.60800000	4.88930000
3.28030000	3.38370000
2.73360000	2.71110000
2.34310000	2.31890000
2.03060000	2.03960000
1.95250000	1.82020000
3.12410000	3.95840000
3.74890000	3.68900000
2.88980000	2.74160000
2.49930000	2.30450000
2.18680000	2.02370000
1.95250000	1.81330000
1.79630000	1.64350000
1.56200000	1.50390000
1.40580000	1.38740000
1.32770000	1.28890000
1.40580000	1.20510000
1.24960000	1.13330000
1.09340000	1.07130000
1.01530000	1.01730000
0.93720000	0.96980000
1.24960000	0.92800000
1.56200000	0.89850000
1.64010000	1.01480000
1.40580000	0.94010000
1.09340000	1.03710000
0.85910000	1.02370000
0.62480000	0.97400000
0.56230000	0.92040000
0.54670000	0.88140000
0.51550000	0.83040000
0.49990000	0.94340000
0.64040000	0.92980000
0.78100000	2.03100000
0.85910000	2.12190000
0.93720000	1.80700000
0.78100000	1.92420000
0.93720000	3.24940000
0.85910000	2.38210000
0.77320000	2.12110000
0.69510000	1.88690000
0.65610000	1.68560000
0.64820000	1.51630000
0.55450000	1.37460000
0.39830000	1.25690000
0.33580000	1.15790000
0.32800000	1.07440000
0.39050000	1.00850000
0.43740000	0.95550000
0.39830000	0.90020000
0.33580000	1.02730000
0.25770000	1.01020000
0.39830000	0.95670000
0.35930000	0.90020000
0.71850000	1.68860000
0.68730000	1.31680000
0.48420000	1.42090000
0.42170000	1.34970000
0.53110000	1.24060000
0.63260000	1.13560000
0.46860000	1.04370000
0.39050000	0.96570000
0.36710000	0.89930000
0.37490000	0.84260000
0.38270000	0.79390000
0.34360000	0.75190000
0.37490000	0.71520000
0.35930000	0.68270000
0.37490000	0.65600000
0.42170000	0.64210000
0.43740000	0.62000000
0.51550000	0.77820000
0.78100000	0.82860000
0.62480000	0.90640000
0.54670000	0.87320000
0.49990000	0.81530000
0.43740000	0.75830000
0.39830000	0.70770000
0.36710000	0.66400000
0.35150000	0.62620000
0.36710000	0.59340000
0.31240000	0.56470000
0.32800000	0.53940000
0.31240000	0.51690000
0.39050000	0.51600000
0.62480000	1.43790000
0.85910000	0.97270000
0.62480000	1.03030000
0.39050000	0.97560000
0.32800000	0.89260000
0.29680000	0.81290000
1.64010000	4.23330000
3.90510000	7.51860000
1.95250000	4.94350000
1.56200000	3.34300000
1.01530000	2.68230000
0.85910000	2.27750000
0.74200000	1.98020000
0.62480000	1.74510000
0.57800000	1.55570000
0.53110000	1.39930000
0.49990000	1.26940000
0.48420000	1.16090000
0.51550000	1.06980000
0.53110000	0.99300000
0.45300000	0.92770000
0.39050000	0.87180000
0.35930000	0.82350000
0.35150000	0.78160000
0.39050000	0.74480000
0.42960000	0.72260000
0.59360000	0.68800000
0.72630000	0.67980000
1.56200000	2.39540000
1.95250000	1.42990000
1.71820000	1.03880000
2.18680000	0.88510000
2.10870000	0.79900000
1.79630000	0.74090000
1.71820000	0.72340000
1.56200000	0.70930000
1.40580000	0.72010000
1.24960000	0.69120000
4.21750000	3.33410000
4.76420000	2.18010000
4.06130000	1.68890000
3.74890000	1.42700000
3.67080000	1.25230000
3.43650000	1.94530000
3.28030000	1.60220000
3.51460000	1.27340000
3.35840000	1.18950000
3.12410000	1.15320000
3.43650000	1.36100000
3.28030000	1.28200000
4.99850000	3.13810000
5.70140000	2.84460000
5.15470000	3.34700000
4.29560000	2.51140000
3.35840000	2.33640000
2.88980000	2.09350000
2.57740000	1.86080000
2.26490000	1.66050000
2.18680000	1.49210000
2.10870000	1.35470000
6.17000000	5.13690000
5.77950000	4.18030000
4.13940000	2.32100000
3.67080000	1.66810000
3.20220000	1.38740000
2.81170000	1.23550000
2.49930000	1.12860000
2.18680000	1.04570000
2.03060000	0.97720000
1.87440000	0.91850000
1.71820000	0.86780000
1.64010000	0.82380000
1.56200000	0.78510000
1.48390000	0.75090000
1.79630000	0.74860000
1.71820000	0.74420000
7.02920000	5.37590000
7.10730000	3.63790000
4.29560000	1.88260000
3.12410000	1.29080000
5.15470000	2.54870000
4.52990000	1.65770000
3.28030000	1.24300000
2.65550000	1.06080000
2.34310000	0.95540000
4.37370000	3.34080000
11.01230000	6.74200000
6.79480000	3.94430000
4.60800000	2.57410000
3.59270000	2.00870000
2.96790000	1.70830000
2.57740000	1.50480000
2.26490000	1.34780000
2.03060000	1.22260000
1.87440000	1.11840000
1.79630000	1.03100000
1.87440000	0.98900000
1.56200000	0.95450000
1.87440000	0.95120000
2.18680000	0.94980000
1.79630000	0.93490000
1.56200000	0.89950000
1.48390000	0.83700000
1.32770000	0.78560000
1.17150000	0.74220000
1.09340000	0.70470000
1.01530000	0.67720000
0.93720000	0.65850000
0.93720000	0.62150000
0.85910000	0.59460000
0.76540000	0.57240000
1.17150000	0.61830000
1.40580000	0.70950000
2.73360000	1.41170000
2.49930000	1.15370000
5.93570000	4.39290000
4.45180000	2.25580000
2.81170000	1.53800000
2.26490000	1.26070000
1.87440000	1.08760000
1.87440000	1.01020000
4.52990000	3.03440000
3.35840000	1.72560000
2.81170000	1.27650000
2.10870000	1.06780000
1.64010000	0.94890000
1.32770000	0.86450000
1.09340000	0.79670000
0.93720000	0.74160000
0.77320000	0.69460000
0.70290000	0.65420000
0.60140000	0.61930000
0.50770000	0.58880000
1.01530000	0.60110000
1.01530000	0.61510000
0.78100000	0.61900000
0.71070000	0.59440000
0.64040000	0.56480000
0.58580000	0.53670000
0.54670000	0.51150000
0.53110000	0.49310000
0.85910000	0.50900000
0.71850000	0.52720000
1.09340000	0.59220000
0.74980000	0.63320000
0.75760000	0.66440000
1.01530000	0.71090000
0.71850000	0.70970000
0.55450000	0.66530000
0.49990000	0.62550000
0.49200000	0.57880000
0.44520000	0.53440000
1.40580000	0.63600000
1.24960000	0.72240000
0.78100000	0.73060000
0.69510000	0.71590000
0.78100000	0.73360000
0.64820000	0.72460000
0.55450000	0.67600000
0.47640000	0.62310000
0.42960000	0.57540000
0.38270000	0.53420000
0.34360000	0.49900000
0.52330000	0.54920000
0.41390000	0.59760000
0.32800000	0.60800000
0.28120000	0.57530000
0.25770000	0.53550000
0.23430000	0.49850000
0.46080000	0.50920000
0.48420000	0.52390000
0.57800000	0.55470000
0.44520000	0.52460000
0.36710000	0.50540000
0.42960000	0.48670000
0.32800000	0.44270000
0.27340000	0.44230000
0.27340000	0.45440000
0.57800000	0.54190000
1.32770000	0.84780000
3.59270000	0.98040000
2.26490000	0.97800000
1.64010000	0.91320000
1.09340000	0.82080000
0.85910000	0.73780000
0.71070000	0.66720000
0.63260000	0.62230000
0.57800000	0.56310000
0.48420000	0.51810000
0.43740000	0.49690000
0.44520000	0.45600000
0.38270000	0.43530000
0.31240000	0.41300000
0.28120000	0.39240000
0.24990000	0.37380000
0.24210000	0.35730000
0.26550000	0.35460000
0.24210000	0.33290000
0.21090000	0.31830000
0.21090000	0.32060000
0.17960000	0.30050000
0.17180000	0.29740000
0.21870000	0.28910000
0.22650000	0.27970000
0.19530000	0.27050000
0.18740000	0.26190000
0.14840000	0.25380000
0.15620000	0.24630000
0.16400000	0.23910000
0.17180000	0.23230000
0.14840000	0.22580000
0.14840000	0.22850000
0.78100000	0.53570000
0.51550000	0.66180000
0.51550000	0.73800000
0.47640000	0.72030000
0.42170000	0.74010000
0.65610000	0.79220000
0.62480000	0.89570000
0.46860000	0.90550000
0.40610000	0.88730000
0.46860000	0.81420000
0.32020000	0.74240000
1.09340000	1.27970000
1.24960000	1.12060000
0.63260000	1.01910000
0.53890000	0.91020000
0.47640000	0.81290000
0.43740000	0.73040000
0.42170000	0.67640000
0.78100000	0.77180000
0.60140000	0.78900000
0.49990000	0.79520000
0.49990000	0.75550000
0.46860000	0.68270000
0.40610000	0.64970000
0.38270000	0.60330000
0.45300000	0.55860000
0.60920000	0.58940000
0.49200000	0.61890000
0.43740000	0.64830000
0.43740000	0.61610000
0.42960000	0.58610000
0.78100000	0.53900000
1.95250000	0.97160000
1.09340000	0.89630000
2.65550000	0.86950000
4.21750000	4.36830000
2.34310000	5.65480000
2.10870000	2.61400000
1.79630000	1.61630000
1.40580000	1.23740000
1.17150000	1.04910000
0.93720000	0.92550000
0.85910000	0.83230000
0.78100000	0.75850000
0.70290000	0.69670000
0.65610000	0.64460000
1.01530000	0.61400000
1.64010000	3.14930000
1.71820000	1.69210000
1.95250000	4.40260000
2.42120000	4.68960000
1.95250000	3.01920000
1.71820000	2.45140000
1.95250000	2.08300000
1.87440000	1.86740000
3.12410000	4.64530000
3.59270000	4.62990000
2.73360000	3.04030000
2.18680000	2.46300000
1.79630000	2.11370000
1.71820000	1.85930000
1.71820000	1.66780000
1.79630000	2.96920000
3.35840000	4.09060000
2.34310000	2.76480000
2.03060000	2.41120000
1.87440000	2.14500000
2.18680000	2.51590000
1.79630000	2.15110000
1.56200000	2.11070000
1.40580000	1.94530000
1.32770000	1.76640000
1.32770000	1.87280000
1.24960000	1.68060000
1.17150000	2.19930000
1.09340000	2.75130000
1.01530000	2.30960000
0.93720000	2.02510000
0.85910000	1.81170000
0.78100000	1.64140000
0.76540000	1.50070000
0.71850000	1.38300000
0.68730000	1.28410000
0.67170000	1.19990000
0.65610000	1.12790000
0.62480000	1.06580000
0.60920000	1.01170000
0.59360000	0.96430000
0.57800000	0.92220000
0.56230000	0.88470000
0.54670000	0.85090000
0.53110000	0.82020000
0.51550000	0.79210000
0.51550000	0.76610000
0.49990000	0.74200000
0.48420000	0.71940000
0.48420000	0.69820000
0.48420000	0.67810000
0.48420000	0.65900000
0.48420000	0.64080000
0.46860000	0.62340000
0.46860000	0.60670000
0.45300000	0.59070000
0.45300000	0.57520000
0.45300000	0.56020000
0.45300000	0.54570000
0.46860000	0.53170000
0.46860000	0.51810000
0.72630000	0.52230000
0.67170000	0.50110000
0.64040000	0.56860000
0.63260000	0.62550000
0.62480000	0.63160000
0.60920000	0.59640000
0.59360000	0.78290000
0.56230000	0.82940000
0.53110000	0.78910000
0.50770000	0.73350000
0.48420000	0.68160000
0.47640000	0.65310000
0.45300000	0.67540000
0.44520000	0.65530000
0.42960000	0.61680000
0.46860000	0.57800000
0.50770000	0.54310000
0.73420000	1.28560000
0.93720000	2.25510000
0.73420000	1.65600000
0.65610000	1.53280000
0.62480000	1.40170000
0.60920000	1.25370000
0.59360000	1.11960000
0.72630000	1.01040000
2.10870000	2.77320000
2.81170000	3.33480000
2.18680000	2.64530000
1.87440000	2.64550000
1.48390000	6.10430000
1.40580000	4.91480000
1.32770000	3.50020000
1.24960000	4.98330000
1.17150000	4.56220000
1.09340000	3.39980000
1.01530000	2.84140000
1.01530000	2.46560000
1.01530000	2.17840000
1.56200000	1.94620000
1.56200000	1.76160000
2.18680000	3.03060000
2.49930000	3.21480000
2.26490000	2.49460000
1.95250000	2.18620000
1.56200000	1.96280000
1.40580000	1.76970000
1.24960000	1.68580000
1.17150000	1.57040000
1.09340000	1.45390000
1.01530000	1.34970000
1.01530000	1.25980000
1.01530000	1.18250000
1.40580000	1.11940000
4.68610000	4.07330000
6.24810000	8.24690000
5.07660000	5.55920000
3.74890000	3.57600000
2.88980000	2.82080000
2.49930000	2.40970000
2.18680000	2.12630000
2.03060000	1.90620000
1.95250000	1.75040000
1.79630000	1.59310000
1.64010000	1.52190000
1.56200000	1.43020000
1.48390000	1.33590000
1.40580000	1.25100000
1.40580000	1.17730000
1.64010000	1.12450000
2.57740000	2.08860000
3.43650000	2.89110000
4.60800000	2.46650000
5.85760000	1.94990000
5.31090000	1.77840000
5.70140000	1.61770000
6.01380000	1.47600000
8.20070000	1.37660000
6.24810000	1.25990000
6.17000000	1.45640000
6.79480000	2.64650000
5.46710000	1.78220000
4.52990000	1.67340000
3.67080000	1.53770000
3.12410000	1.40740000
2.65550000	1.29310000
2.34310000	1.19520000
2.03060000	1.11260000
1.87440000	1.04190000
1.64010000	0.99190000
1.71820000	1.01800000
2.18680000	0.97680000
2.26490000	0.99470000
3.04600000	1.05670000
12.80870000	9.41250000
8.59120000	8.28040000
5.62330000	4.36210000
4.21750000	2.94550000
3.28030000	2.35070000
2.73360000	2.02080000
2.65550000	1.81310000
4.29560000	3.79140000
3.51460000	2.23700000
2.88980000	1.73250000
2.49930000	1.49760000
4.06130000	3.14870000
4.76420000	3.58410000
3.67080000	2.27060000
3.28030000	1.93190000
2.65550000	1.76260000
2.34310000	1.60230000
2.49930000	1.48570000
2.65550000	1.35560000
2.26490000	1.30020000
1.95250000	1.21900000
1.79630000	1.13940000
1.71820000	1.06850000
1.56200000	1.00690000
1.40580000	0.95330000
1.32770000	0.90640000
2.18680000	1.35140000
4.29560000	1.12170000
3.20220000	1.05200000
2.42120000	1.00800000
2.03060000	0.95100000
2.65550000	1.37870000
2.73360000	1.07680000
2.49930000	1.01300000
2.73360000	0.94250000
2.34310000	0.92690000
2.10870000	0.87930000
4.76420000	2.26790000
3.20220000	1.34650000
4.06130000	1.87740000
4.68610000	2.30400000
3.35840000	1.45690000
2.81170000	1.14520000
3.59270000	1.06810000
5.38900000	2.90940000
3.90510000	1.62030000
3.04600000	1.36720000
3.59270000	1.37530000
3.51460000	1.48230000
2.96790000	1.31030000
2.49930000	1.18580000
2.10870000	1.07960000
1.79630000	0.98950000
1.56200000	0.91340000
1.40580000	0.84890000
1.32770000	0.80560000
4.76420000	3.87190000
2.81170000	1.90150000
2.42120000	1.26680000
1.95250000	1.02790000
1.79630000	0.91020000
1.71820000	0.85420000
1.48390000	0.77940000
1.24960000	0.74180000
1.17150000	0.71160000
1.01530000	0.66650000
1.09340000	0.64830000
1.01530000	0.61980000
1.17150000	0.88000000
1.17150000	0.78640000
0.78100000	0.73950000
0.64040000	0.69100000
0.57010000	0.64690000
0.53110000	0.60830000
1.09340000	0.57470000
1.01530000	0.54560000
0.93720000	0.52000000
1.01530000	0.50800000
0.93720000	0.48030000
1.01530000	0.48190000
1.09340000	0.68000000
2.26490000	0.70660000
1.71820000	0.70390000
1.71820000	0.65830000
1.17150000	0.61010000
0.93720000	0.56690000
0.77320000	0.53830000
0.78100000	0.51900000
0.71850000	0.47590000
0.70290000	0.46690000
0.71850000	0.44720000
0.67170000	0.42620000
0.57800000	0.40670000
0.46860000	0.38920000
0.41390000	0.37340000
0.27340000	0.35920000
0.23430000	0.35440000
0.20310000	0.33690000
0.17180000	0.32420000
0.17960000	0.31350000
0.19530000	0.31090000
0.16400000	0.29700000
0.15620000	0.28700000
0.14060000	0.27850000
0.12500000	0.27070000
0.23430000	0.26330000
0.20310000	0.25620000
0.14060000	0.24950000
0.12500000	0.25130000
0.10930000	0.23910000
0.44520000	0.39160000
0.65610000	0.69770000
0.85910000	0.94250000
0.56230000	0.98540000
0.39050000	0.91620000
0.30460000	0.82000000
0.21090000	0.73000000
0.17180000	0.65270000
0.14840000	0.58800000
0.13280000	0.53410000
0.10930000	0.48900000
0.10150000	0.45120000
0.08590000	0.41920000
0.07650000	0.39200000
0.08590000	0.38190000
0.16400000	0.39700000
0.49200000	0.66420000
0.42170000	0.80690000
0.24210000	0.81190000
0.76540000	0.92310000
0.93720000	1.07670000
0.37490000	1.07700000
0.23430000	0.99110000
0.17960000	0.88940000
0.15620000	0.79700000
0.18740000	0.71810000
0.49200000	0.65200000
0.85910000	0.67040000
0.57010000	0.69120000
0.30460000	0.69420000
0.21090000	0.65080000
0.17960000	0.60410000
0.17960000	0.55600000
1.95250000	2.25510000
1.71820000	1.53230000
0.93720000	1.25810000
0.85910000	1.10660000
0.68730000	0.96970000
0.66390000	0.86740000
0.74200000	0.78220000
0.64820000	0.71220000
0.58580000	0.65350000
0.48420000	0.60870000
0.43740000	0.56360000
0.32020000	0.52690000
0.35150000	0.49600000
0.30460000	0.46940000
0.32800000	0.44630000
0.28120000	0.42590000
0.27340000	0.43170000
0.20310000	0.39880000
0.18740000	0.44910000
0.17960000	0.42920000
0.15620000	0.43990000
0.28120000	0.50040000
0.40610000	0.54890000
0.26550000	0.58800000
0.19530000	0.56170000
0.15620000	0.52200000
0.22650000	0.51200000
0.17960000	0.50020000
0.16400000	0.51220000
0.29680000	0.52670000
0.27340000	0.53230000
0.21090000	0.56770000
0.15620000	0.54180000
0.15620000	0.50330000
0.14840000	0.46610000
0.14840000	0.43350000
0.16400000	0.41120000
0.19530000	0.39820000
0.18740000	0.36540000
0.14840000	0.38050000
0.13280000	0.36870000
0.17180000	0.37910000
0.17960000	0.38330000
0.17960000	0.40870000
0.17180000	0.39440000
0.24210000	0.39840000
0.28900000	0.40090000
0.36710000	0.43330000
0.35930000	0.41260000
0.59360000	0.54360000
4.52990000	6.64010000
1.79630000	3.09990000
1.24960000	1.89710000
0.93720000	1.42590000
0.74980000	1.18590000
2.57740000	2.66380000
1.56200000	1.67090000
1.09340000	1.30980000
0.93720000	1.11340000
1.79630000	1.96630000
8.20070000	9.44060000
4.84230000	6.50080000
3.20220000	3.04250000
2.34310000	1.88680000
1.95250000	1.44990000
2.34310000	1.38160000
1.71820000	1.23130000
1.48390000	1.33470000
1.32770000	1.26200000
1.17150000	1.15190000
1.56200000	1.04660000
1.71820000	0.95510000
1.56200000	0.87760000
2.96790000	2.80710000
2.42120000	2.25810000
1.87440000	1.82200000
1.64010000	1.56090000
4.37370000	6.48430000
15.62030000	14.74730000
6.87290000	11.36390000
4.13940000	6.06320000
3.12410000	4.18680000
2.81170000	3.34750000
2.49930000	2.85020000
2.26490000	2.49170000
2.10870000	2.21350000
1.95250000	1.98770000
1.79630000	1.80020000
1.64010000	1.64390000
1.56200000	1.51280000
1.48390000	1.41690000
1.79630000	1.71230000
1.64010000	1.41570000
1.40580000	1.46770000
1.32770000	1.40420000
1.32770000	1.31610000
1.32770000	1.23160000
1.17150000	1.15670000
1.09340000	1.09170000
1.09340000	1.03490000
1.01530000	0.98530000
6.09190000	7.87510000
7.10730000	7.54190000
4.29560000	4.09890000
3.12410000	2.88920000
2.65550000	2.35810000
2.34310000	2.04960000
2.10870000	1.82670000
1.79630000	1.65290000
1.64010000	1.51130000
1.56200000	1.39240000
1.48390000	1.29210000
1.40580000	1.20700000
1.40580000	1.45130000
1.40580000	1.96110000
1.48390000	2.26970000
1.48390000	4.73820000
1.56200000	3.89250000
1.71820000	2.87000000
2.34310000	3.53500000
2.73360000	3.46200000
6.32620000	6.45120000
6.24810000	6.39630000
3.98320000	4.04690000
2.96790000	3.12500000
2.34310000	2.64860000
2.42120000	2.33450000
2.57740000	2.11190000
3.82700000	3.60490000
2.96790000	2.57200000
2.34310000	2.37570000
2.10870000	2.16560000
1.79630000	1.97140000
1.56200000	1.80340000
1.32770000	1.66070000
1.32770000	1.54030000
1.17150000	1.43770000
1.17150000	1.35010000
1.09340000	1.27460000
1.09340000	1.20900000
1.09340000	1.15150000
1.09340000	1.10070000
1.17150000	1.05530000
1.17150000	1.01460000
1.48390000	0.99800000
2.73360000	5.39460000
2.65550000	4.99470000
2.03060000	3.03660000
1.87440000	2.38490000
1.56200000	2.05420000
1.32770000	1.82800000
1.17150000	1.65070000
1.09340000	1.50740000
1.01530000	1.38860000
1.01530000	1.28820000
0.93720000	1.20280000
0.93720000	1.13010000
0.93720000	1.06700000
0.93720000	1.02390000
0.93720000	2.11450000
1.01530000	2.04990000
1.09340000	1.69900000
1.17150000	1.75260000
1.32770000	3.28770000
1.48390000	4.42490000
1.71820000	3.83370000
1.95250000	3.63020000
2.73360000	4.56530000
2.18680000	3.26740000
1.95250000	2.85020000
1.71820000	2.53000000
1.56200000	2.25620000
1.40580000	2.02610000
1.32770000	1.83380000
1.24960000	1.68690000
1.17150000	1.54670000
1.17150000	1.48140000
1.17150000	1.41080000
1.24960000	1.32580000
1.32770000	1.26510000
1.32770000	1.76110000
1.40580000	2.91170000
1.32770000	2.12910000
1.24960000	2.02000000
1.17150000	1.86510000
1.09340000	1.70180000
1.01530000	1.55540000
1.01530000	1.42970000
1.48390000	1.34220000
2.65550000	6.45710000
3.90510000	7.14450000
7.41970000	9.11900000
5.70140000	7.53630000
3.90510000	4.55420000
4.99850000	4.70080000
4.37370000	4.42710000
3.35840000	3.37020000
2.81170000	2.82630000
2.42120000	2.47950000
2.18680000	2.22140000
2.10870000	2.01350000
2.03060000	1.84200000
1.95250000	1.69890000
1.79630000	1.57800000
1.71820000	1.47520000
1.87440000	1.38710000
4.52990000	3.25490000
3.28030000	2.52170000
2.65550000	1.74350000
2.34310000	1.46150000
2.18680000	1.33220000
2.49930000	3.40250000
2.73360000	3.52200000
3.12410000	2.24170000
3.35840000	1.90950000
4.92040000	1.97520000
3.82700000	1.67270000
3.20220000	1.54250000
2.73360000	1.42540000
2.42120000	1.32390000
2.18680000	1.23630000
1.95250000	1.16110000
1.79630000	1.09630000
1.71820000	1.03990000
1.64010000	0.99050000
1.56200000	0.95230000
1.40580000	0.90950000
1.48390000	0.88790000
1.71820000	0.85640000
1.71820000	0.85100000
1.40580000	0.83140000
1.24960000	0.80530000
1.17150000	0.77670000
1.24960000	0.76290000
1.71820000	0.77600000
1.48390000	0.79740000
1.32770000	0.83580000
1.17150000	0.81250000
1.17150000	0.77510000
5.38900000	5.48030000
9.91890000	7.37430000
5.70140000	3.38520000
3.59270000	1.88880000
2.88980000	1.37820000
2.34310000	1.16310000
2.03060000	1.03870000
1.79630000	0.95020000
1.64010000	0.88140000
2.26490000	1.43610000
3.20220000	2.75140000
2.49930000	1.55880000
2.03060000	1.17340000
1.64010000	1.00590000
1.32770000	0.90860000
2.42120000	2.07070000
4.92040000	5.66370000
3.12410000	2.79340000
2.34310000	1.65500000
1.95250000	1.25010000
1.56200000	1.06970000
1.40580000	0.96120000
1.24960000	0.88050000
1.09340000	0.81750000
1.01530000	0.76410000
1.01530000	0.71830000
1.32770000	0.67880000
3.20220000	1.66710000
1.87440000	1.09730000
2.18680000	0.94250000
1.87440000	0.84940000
1.56200000	0.78050000
1.32770000	0.72460000
1.17150000	0.67740000
1.01530000	0.63750000
0.85910000	0.60290000
0.78100000	0.57750000
0.78100000	0.56990000
0.69510000	0.52990000
0.65610000	0.53210000
0.61700000	0.51990000
0.64820000	0.52300000
0.48420000	0.52890000
0.38270000	0.52130000
0.46080000	0.52830000
0.49200000	0.54180000
0.41390000	0.55930000
0.36710000	0.53200000
0.31240000	0.50180000
0.28120000	0.47410000
0.24990000	0.44970000
0.24210000	0.42810000
0.36710000	0.44220000
0.44520000	0.49100000
0.32020000	0.50380000
0.17960000	0.50400000
0.46860000	0.60400000
0.66390000	0.73130000
0.46080000	0.75880000
0.34360000	0.72560000
0.28120000	0.66740000
0.23430000	0.61030000
0.21870000	0.56010000
0.17180000	0.51730000
0.17960000	0.48100000
0.15620000	0.45000000
0.14060000	0.42350000
0.14060000	0.40060000
0.13280000	0.38060000
0.12500000	0.36300000
0.13280000	0.36120000
0.14840000	0.33760000
0.13280000	0.32200000
0.12500000	0.30970000
0.13280000	0.29900000
0.12500000	0.29810000
0.15620000	0.29640000
0.17960000	0.27950000
0.24210000	0.31060000
0.28120000	0.32550000
0.18740000	0.31600000
0.20310000	0.30110000
0.20310000	0.28630000
0.29680000	0.28350000
0.48420000	0.48860000
0.24210000	0.63770000
0.15620000	0.64630000
0.12500000	0.59680000
0.11720000	0.53980000
0.11720000	0.48820000
0.14840000	0.46030000
0.12500000	0.41180000
0.09370000	0.37700000
0.10150000	0.36680000
0.10150000	0.33200000
0.07500000	0.30890000
0.08590000	0.30230000
0.17960000	0.35110000
0.11720000	0.39920000
0.09370000	0.40720000
0.09370000	0.38450000
0.09370000	0.35690000
0.08590000	0.33120000
0.07810000	0.30880000
0.07810000	0.28960000
0.07810000	0.27300000
0.13280000	0.27370000
0.10150000	0.25060000
0.07260000	0.23620000
0.06560000	0.22550000
0.06950000	0.21640000
0.85910000	1.09690000
0.51550000	1.03420000
0.28120000	0.97470000
0.17180000	0.86990000
0.14060000	0.76770000
0.12500000	0.67930000
0.11720000	0.61600000
0.10150000	0.54680000
0.09370000	0.49330000
11.40280000	10.24130000
13.82400000	13.07410000
8.04450000	9.92200000
5.77950000	4.71200000
3.59270000	2.95100000
2.42120000	2.24970000
1.79630000	1.87670000
1.32770000	1.62730000
1.01530000	1.43830000
0.85910000	1.28690000
0.67950000	1.16140000
0.58580000	1.05690000
0.51550000	1.01160000
0.42960000	0.98070000
0.39830000	0.97430000
0.63260000	0.91930000
0.64040000	0.85780000
0.85910000	0.84390000
0.71070000	0.83760000
0.57010000	0.85590000
0.49200000	0.81740000
0.39050000	0.76830000
0.35930000	0.72190000
0.39830000	0.68080000
0.32020000	0.64480000
0.28900000	0.61330000
0.24990000	0.59850000
0.28120000	0.58310000
0.52330000	0.66460000
0.50770000	0.72070000
0.41390000	0.74220000
0.58580000	0.79270000
1.71820000	3.06750000
1.09340000	1.77610000
0.78100000	1.32340000
0.65610000	1.11600000
0.58580000	0.98300000
6.24810000	7.69110000
8.66930000	11.31560000
6.40430000	6.15280000
3.74890000	2.99810000
2.73360000	1.94480000
2.10870000	1.53380000
1.79630000	1.31730000
2.10870000	1.29940000
1.95250000	1.16620000
1.56200000	1.12930000
1.32770000	1.04990000
2.57740000	1.78910000
3.43650000	3.76470000
2.18680000	2.81700000
1.87440000	2.13020000
1.71820000	1.77880000
1.56200000	1.55320000
1.87440000	2.29460000
1.64010000	2.01890000
1.32770000	1.64370000
1.24960000	1.42810000
1.64010000	1.46280000
1.48390000	1.26040000
1.87440000	1.53580000
1.56200000	1.44940000
1.40580000	1.53850000
1.24960000	1.45190000
1.24960000	1.33060000
1.09340000	1.21600000
1.09340000	1.11640000
1.09340000	1.03180000
1.01530000	0.95990000
1.48390000	0.89860000
1.71820000	0.85670000
1.24960000	0.80380000
1.24960000	0.77230000
1.40580000	0.75430000
1.40580000	0.77310000
1.32770000	0.75500000
1.09340000	0.73960000
0.93720000	0.70840000
0.85910000	0.67580000
0.85910000	0.64560000
0.78100000	0.61830000
0.78100000	0.59380000
0.76540000	0.57160000
0.76540000	0.55130000
2.18680000	3.28030000
3.20220000	6.56410000
2.26490000	4.11870000
1.87440000	2.79430000
1.64010000	2.20800000
1.48390000	1.88040000
1.32770000	1.63920000
1.17150000	1.47140000
1.09340000	1.32570000
1.09340000	1.20150000
1.01530000	1.09700000
2.96790000	4.72480000
8.98170000	11.58600000
6.87290000	10.87390000
5.54520000	6.54980000
3.82700000	4.27320000
2.96790000	3.32540000
2.49930000	2.80450000
2.34310000	2.45230000
2.10870000	2.17210000
1.87440000	1.98280000
1.71820000	1.80380000
1.71820000	1.64770000
1.56200000	1.51490000
1.56200000	1.40250000
1.48390000	1.30710000
1.48390000	1.22560000
1.48390000	1.15550000
1.64010000	1.09560000
2.49930000	1.06230000
2.34310000	1.51380000
1.95250000	1.38030000
2.26490000	3.07360000
4.29560000	8.40140000
5.23280000	8.40180000
3.90510000	4.71530000
3.12410000	3.58620000
2.49930000	3.00330000
2.18680000	2.61470000
1.95250000	2.31690000
1.71820000	2.07860000
1.48390000	1.88360000
1.40580000	1.72050000
1.32770000	1.58390000
1.24960000	1.46860000
1.17150000	1.37070000
1.09340000	1.28700000
1.09340000	1.21490000
1.32770000	1.17070000
3.51460000	4.54640000
2.49930000	3.61190000
1.87440000	2.57040000
1.56200000	2.15590000
1.40580000	1.90150000
1.48390000	1.73020000
3.12410000	5.23130000
2.73360000	5.43110000
2.34310000	3.40650000
1.79630000	2.80160000
1.56200000	2.53210000
1.40580000	2.28280000
1.24960000	2.05140000
1.09340000	1.95250000
1.09340000	1.80830000
1.40580000	4.07140000
2.18680000	7.40780000
1.40580000	5.45130000
1.09340000	3.64800000
0.93720000	2.90710000
0.85910000	2.50280000
0.78100000	2.22440000
0.72630000	2.00790000
0.70290000	1.83310000
0.93720000	1.68750000
1.56200000	7.03850000
1.40580000	6.90480000
1.24960000	4.03490000
1.09340000	3.03010000
1.01530000	2.55350000
0.93720000	2.25670000
0.85910000	2.03430000
0.93720000	1.86280000
1.01530000	1.71430000
0.78100000	1.59280000
0.73420000	1.48790000
0.67170000	1.39780000
0.64040000	1.32000000
0.60920000	1.25230000
0.57800000	1.19300000
0.56230000	1.14050000
0.55450000	1.09370000
0.54670000	1.05160000
0.53110000	1.01340000
0.52330000	0.97840000
0.51550000	0.94610000
0.49990000	0.91620000
0.49990000	0.88820000
1.40580000	6.39070000
1.32770000	6.69550000
1.24960000	3.60560000
1.17150000	4.25150000
1.79630000	3.86300000
1.48390000	2.95770000
1.32770000	2.47980000
1.24960000	2.17040000
1.17150000	1.93910000
1.17150000	1.75220000
1.24960000	2.72170000
1.32770000	2.60960000
1.40580000	2.05480000
1.48390000	1.77250000
1.56200000	1.59310000
1.17150000	1.45860000
0.93720000	1.34910000
0.93720000	1.25770000
0.93720000	1.18010000
1.09340000	1.11330000
1.24960000	1.23520000
1.56200000	2.24980000
1.95250000	1.46270000
2.49930000	1.27740000
4.29560000	2.26950000
3.51460000	2.25600000
2.73360000	1.84560000
1.95250000	1.60880000
1.71820000	1.44590000
1.56200000	1.31930000
1.40580000	1.21510000
1.32770000	1.12810000
1.24960000	1.05450000
1.17150000	0.99140000
1.17150000	0.93700000
1.09340000	0.88960000
1.09340000	0.84820000
1.01530000	0.81140000
1.01530000	0.77850000
1.01530000	0.75760000
4.45180000	3.28140000
5.46710000	4.66560000
5.93570000	3.50980000
4.06130000	2.05840000
3.67080000	1.75290000
3.28030000	1.53000000
2.88980000	1.50670000
2.49930000	1.39500000
2.18680000	1.27380000
2.03060000	1.16470000
1.87440000	1.07080000
1.79630000	0.99120000
1.79630000	0.92350000
1.64010000	0.86580000
1.64010000	0.81610000
1.64010000	0.79240000
1.95250000	0.79260000
2.03060000	0.80570000
1.71820000	0.81780000
1.56200000	0.78540000
1.48390000	0.74460000
2.42120000	3.91650000
3.28030000	3.00370000
3.51460000	1.62330000
3.43650000	1.16710000
2.88980000	0.98200000
2.57740000	0.88120000
2.49930000	0.81500000
2.26490000	0.76860000
2.96790000	1.20160000
2.65550000	0.90580000
2.26490000	0.82510000
1.95250000	0.76300000
1.79630000	0.71110000
1.64010000	0.66700000
1.48390000	0.62880000
1.64010000	0.61650000
2.65550000	1.03500000
1.95250000	0.82200000
1.71820000	0.76170000
1.64010000	0.70590000
1.40580000	0.65660000
1.32770000	0.61400000
1.40580000	0.58780000
1.32770000	0.54870000
1.24960000	0.51880000
1.17150000	0.49390000
1.09340000	0.47230000
1.01530000	0.45590000
0.93720000	0.43660000
0.93720000	0.43480000
0.93720000	0.41010000
0.93720000	0.40180000
0.85910000	0.38290000
0.72630000	0.36930000
0.65610000	0.35790000
0.56230000	0.34740000
0.49990000	0.33760000
0.46080000	0.32830000
0.49200000	0.33410000
0.44520000	0.31530000
0.41390000	0.31160000
0.35150000	0.30380000
0.33580000	0.29520000
0.29680000	0.28660000
0.27340000	0.27840000
1.09340000	0.78570000
1.17150000	0.69690000
0.78100000	0.65710000
0.54670000	0.59820000
0.46860000	0.54170000
5.70140000	3.88420000
4.21750000	1.98830000
2.88980000	1.34090000
2.18680000	1.10460000
1.48390000	0.98840000
1.17150000	0.90890000
0.93720000	0.81810000
0.77320000	0.73750000
0.67170000	0.66810000
0.57800000	0.60960000
0.53890000	0.56040000
0.48420000	0.51900000
0.41390000	0.48380000
0.38270000	0.45380000
0.39830000	0.42800000
0.42170000	0.41400000
0.36710000	0.39680000
0.32020000	0.37190000
0.32800000	0.37630000
0.39830000	0.39050000
0.32020000	0.40870000
0.25770000	0.39570000
0.22650000	0.37580000
0.19530000	0.35630000
0.17960000	0.33860000
0.16400000	0.32280000
0.14840000	0.30890000
0.14060000	0.29640000
0.30460000	0.34810000
0.32800000	0.44030000
0.34360000	0.50540000
0.28900000	0.50950000
0.21870000	0.47670000
0.62480000	0.56380000
0.47640000	0.63280000
0.32020000	0.63090000
0.25770000	0.58070000
0.24210000	0.53480000
0.24210000	0.50100000
0.64040000	0.58510000
0.61700000	0.64780000
0.39830000	0.64840000
0.35150000	0.62240000
0.39050000	0.55440000
1.01530000	0.58940000
0.52330000	0.62030000
0.39050000	0.61600000
0.33580000	0.58310000
0.33580000	0.54240000
0.28120000	0.48660000
0.23430000	0.44560000
0.22650000	0.41280000
0.21090000	0.38560000
0.18740000	0.36240000
0.17180000	0.34250000
0.18740000	0.35400000
0.68730000	0.48340000
0.41390000	0.55690000
0.29680000	0.54750000
0.29680000	0.50810000
0.48420000	0.53000000
0.35930000	0.54800000
0.27340000	0.53260000
0.22650000	0.49420000
0.53110000	0.52760000
0.93720000	0.61200000
0.53110000	0.63030000
0.38270000	0.59630000
0.30460000	0.54670000
0.29680000	0.51070000
0.28900000	0.46160000
0.28900000	0.44820000
0.34360000	0.44580000
1.79630000	0.74990000
1.40580000	0.90600000
0.93720000	0.89710000
0.78100000	0.82000000
0.65610000	0.73660000
0.54670000	0.66230000
0.46080000	0.59920000
0.39050000	0.54630000
0.33580000	0.50190000
0.30460000	0.46460000
0.27340000	0.43290000
0.26550000	0.41150000
0.21090000	0.38440000
0.17960000	0.36300000
0.16400000	0.34510000
0.10930000	0.32950000
0.22650000	0.39290000
0.85910000	0.64080000
0.49990000	0.75370000
0.39050000	0.76230000
0.35150000	0.70470000
0.31240000	0.63830000
0.30460000	0.57820000
0.28900000	0.52680000
0.26550000	0.50190000
0.26550000	0.45240000
0.17960000	0.45200000
0.14840000	0.42930000
0.11720000	0.40300000
0.10150000	0.37860000
0.09370000	0.35710000
0.09370000	0.33840000
0.14840000	0.34400000
0.14840000	0.31400000
0.17960000	0.35270000
0.14060000	0.37030000
0.26550000	0.46880000
0.21870000	0.53480000
0.17180000	0.55870000
0.17960000	0.53510000
0.43740000	0.55120000
0.38270000	0.56940000
0.29680000	0.58670000
0.35150000	0.54980000
0.22650000	0.50370000
0.20310000	0.46100000
0.19530000	0.42420000
0.19530000	0.39280000
0.16400000	0.36610000
0.15620000	0.34340000
0.14060000	0.32380000
0.13280000	0.30680000
0.13280000	0.29200000
2.10870000	0.87120000
1.32770000	0.85090000
1.40580000	0.87460000
1.24960000	0.85920000
0.93720000	0.84020000
0.85910000	0.77300000
0.78100000	0.70900000
0.74980000	0.66700000
0.62480000	0.64260000
0.60140000	0.61510000
0.56230000	0.55820000
0.54670000	0.54420000
0.53890000	0.50200000
0.49200000	0.47600000
0.49990000	0.45440000
0.73420000	0.45830000
0.68730000	0.47770000
0.60920000	0.51990000
0.54670000	0.49950000
0.51550000	0.46550000
0.61700000	0.45660000
0.59360000	0.41000000
0.53110000	0.45140000
0.51550000	0.43810000
1.17150000	0.52330000
1.48390000	0.64160000
1.24960000	0.67140000
1.64010000	0.69180000
1.32770000	0.67490000
1.32770000	0.67620000
1.17150000	0.62830000
1.09340000	0.57370000
1.17150000	0.54190000
1.17150000	0.52430000
1.64010000	0.60250000
1.48390000	0.64920000
1.24960000	0.67570000
1.56200000	0.63470000
1.09340000	0.58190000
1.01530000	0.53660000
1.01530000	0.49190000
0.93720000	0.45430000
0.85910000	0.42300000
1.17150000	0.43030000
3.82700000	4.06390000
3.20220000	2.50520000
3.04600000	1.41670000
3.67080000	1.98040000
5.62330000	4.03330000
3.82700000	2.71310000
3.04600000	2.05260000
2.49930000	1.69790000
2.10870000	1.46030000
1.79630000	1.27920000
1.64010000	1.14340000
1.48390000	1.01830000
1.40580000	0.98380000
1.24960000	0.91080000
1.09340000	0.83600000
1.01530000	0.76940000
0.85910000	0.71240000
0.78100000	0.66380000
0.85910000	0.62220000
0.93720000	1.57660000
0.93720000	1.61650000
0.93720000	1.49070000
0.93720000	1.35590000
1.01530000	1.21490000
1.56200000	3.17710000
3.20220000	5.08650000
2.42120000	3.66400000
2.18680000	2.69480000
1.87440000	2.21170000
1.64010000	1.90420000
1.40580000	1.67510000
1.09340000	1.49250000
0.93720000	1.34420000
0.85910000	1.22120000
0.74980000	1.11840000
0.78100000	1.03210000
0.85910000	0.96940000
1.64010000	1.84000000
2.26490000	1.91960000
2.10870000	1.68430000
1.56200000	1.68810000
1.09340000	1.56230000
1.17150000	1.42600000
2.81170000	1.64730000
2.81170000	2.90360000
2.26490000	2.14890000
1.71820000	2.01050000
1.40580000	1.81920000
1.17150000	1.63520000
1.01530000	1.47540000
0.93720000	1.34010000
0.93720000	1.22740000
0.93720000	1.13230000
0.85910000	1.05190000
0.85910000	0.98360000
0.85910000	0.92500000
0.85910000	0.87440000
0.85910000	0.83030000
0.85910000	0.79170000
0.93720000	0.75740000
1.24960000	0.73590000
2.10870000	3.61410000
2.34310000	4.00220000
2.96790000	3.93550000
2.26490000	2.68740000
1.64010000	2.40520000
1.32770000	2.13360000
1.09340000	1.89220000
0.93720000	1.68870000
0.78100000	1.51920000
0.70290000	1.37840000
0.66390000	1.26040000
0.62480000	1.16140000
0.58580000	1.07790000
0.54670000	1.00690000
0.50770000	0.94610000
0.46860000	0.89370000
0.42960000	0.84810000
0.42170000	0.80810000
0.42170000	0.77280000
0.42170000	0.74120000
0.42170000	0.71280000
0.43740000	0.68700000
0.45300000	0.66330000
0.46860000	0.64150000
0.54670000	0.62130000
1.24960000	2.36030000
1.24960000	1.69640000
1.17150000	1.39660000
0.93720000	1.27280000
0.70290000	1.15320000
0.58580000	1.04770000
0.46860000	0.95730000
0.31240000	0.88170000
0.28120000	0.81780000
0.31240000	0.76340000
0.35150000	0.71690000
0.39050000	0.67680000
0.40610000	0.64190000
0.55450000	0.61140000
0.64040000	0.58450000
0.64040000	0.56040000
0.64040000	0.53880000
0.63260000	0.51910000
0.64040000	0.50120000
0.71070000	0.48460000
1.01530000	0.46930000
1.32770000	0.46650000
1.32770000	0.47710000
1.24960000	0.50320000
0.93720000	0.53140000
1.01530000	0.52320000
1.09340000	0.49990000
1.17150000	0.47510000
1.40580000	0.45210000
1.87440000	0.43160000
1.56200000	0.41320000
1.56200000	0.39680000
1.48390000	0.38190000
1.48390000	0.38180000
1.48390000	0.36580000
1.48390000	1.60230000
1.64010000	4.56450000
2.34310000	5.55870000
3.35840000	6.35080000
5.23280000	6.59630000
10.15320000	10.12500000
29.60050000	17.85930000
20.85320000	16.07790000
13.74590000	10.44580000
9.21600000	8.26800000
6.79480000	6.77350000
5.93570000	4.89260000
5.93570000	4.09150000
6.79480000	3.67490000
6.95110000	4.06240000
6.87290000	4.00170000
6.79480000	4.06630000
8.20070000	4.07940000
15.77650000	8.76430000
18.27580000	13.03330000
15.07360000	12.32970000
8.66930000	8.14750000
6.32620000	5.23480000
5.15470000	4.05990000
5.77950000	4.07190000
5.38900000	5.07610000
4.21750000	3.45720000
3.59270000	2.81970000
3.20220000	2.49020000
2.96790000	2.27730000
4.29560000	3.48860000
3.35840000	3.15080000
2.81170000	2.31370000
3.04600000	1.97590000
5.62330000	3.82680000
4.13940000	3.05930000
3.20220000	2.15480000
2.65550000	1.81220000
2.34310000	1.65130000
2.03060000	1.54920000
1.79630000	1.46920000
1.64010000	1.40220000
1.56200000	1.34340000
1.48390000	1.29770000
1.40580000	1.24500000
1.56200000	1.19980000
1.32770000	1.15930000
1.17150000	1.12200000
1.17150000	1.08730000
1.09340000	1.06480000
1.01530000	1.02710000
0.93720000	0.99580000
0.71070000	0.96750000
0.64820000	0.94090000
0.60920000	0.92850000
0.56230000	0.89500000
0.85910000	0.90170000
0.85910000	0.90890000
0.71070000	0.94090000
0.60140000	0.91950000
0.55450000	0.88550000
0.49200000	0.85100000
0.49200000	0.82690000
0.43740000	0.79170000
0.38270000	0.76290000
0.36710000	0.73740000
0.38270000	0.71400000
0.39050000	0.69220000
0.30460000	0.67170000
0.85910000	0.76930000
0.71070000	0.84970000
0.42170000	0.86320000
0.35150000	0.82620000
0.33580000	0.78040000
0.67950000	0.77600000
0.69510000	0.77530000
0.49200000	0.77190000
0.54670000	0.75860000
0.55450000	0.70450000
0.42170000	0.67790000
0.35150000	0.65110000
0.29680000	0.61690000
0.31240000	0.60650000
0.26550000	0.56840000
0.24210000	0.54900000
0.20310000	0.52270000
0.17960000	0.50250000
0.17960000	0.48830000
0.17960000	0.48230000
0.20310000	0.47240000
0.25770000	0.46390000
0.25770000	0.44240000
0.17960000	0.42950000
0.15620000	0.41620000
0.14840000	0.40340000
0.13280000	0.39130000
0.12500000	0.37990000
0.13280000	0.38140000
0.11720000	0.36240000
0.10930000	0.34990000
0.09370000	0.33970000
0.08590000	0.33170000
0.07810000	0.32200000
0.07030000	0.31330000
0.06640000	0.30510000
0.06250000	0.29720000
0.06090000	0.28960000
0.07810000	0.28220000
0.06560000	0.27500000
0.05940000	0.26800000
0.05620000	0.26120000
0.05230000	0.25530000
0.05000000	0.24840000
0.06640000	0.25610000
0.06480000	0.24010000
0.06330000	0.23110000
0.06250000	0.22450000
0.06170000	0.21860000
0.07030000	0.23130000
0.07110000	0.21480000
0.06560000	0.22110000
0.06790000	0.20950000
0.06790000	0.20150000
0.06870000	0.19500000
0.06950000	0.18910000
0.10150000	0.25160000
0.06480000	0.30600000
0.06720000	0.34750000
0.11720000	0.36560000
0.08590000	0.39720000
0.05390000	0.39080000
0.06950000	0.36320000
0.16400000	0.39800000
0.16400000	0.42720000
0.10150000	0.44240000
0.07030000	0.39590000
0.05700000	0.38070000
0.10150000	0.35220000
0.42960000	0.32340000
0.19530000	0.29790000
0.08590000	0.27600000
0.06480000	0.25740000
0.06170000	0.24150000
0.05860000	0.22780000
0.06090000	0.21590000
0.05310000	0.20550000
0.05620000	0.19630000
0.30460000	0.31690000
0.23430000	0.41610000
0.14060000	0.45820000
0.12500000	0.43260000
0.10150000	0.39370000
0.07810000	0.35650000
0.07260000	0.32430000
0.08590000	0.31370000
0.09370000	0.27910000
0.09370000	0.25830000
0.08590000	0.24110000
0.08590000	0.22650000
0.07110000	0.21390000
0.07340000	0.20290000
0.07810000	0.19330000
0.08590000	0.18480000
0.07730000	0.17770000
0.05470000	0.19530000
0.05000000	0.17170000
0.03830000	0.21300000
0.03910000	0.21360000
0.06090000	0.22640000
0.19530000	0.34700000
0.10930000	0.48510000
0.08590000	0.51650000
0.06330000	0.50450000
0.05310000	0.45940000
0.04610000	0.41210000
0.04690000	0.37010000
0.05080000	0.36110000
0.05080000	0.35970000
0.05080000	0.37450000
0.05080000	0.36300000
0.05080000	0.35810000
0.03510000	0.33360000
0.03510000	0.31500000
0.04370000	0.29210000
0.04920000	0.27000000
0.03980000	0.24740000
0.16400000	0.29910000
0.66390000	0.62410000
1.09340000	1.03060000
0.38270000	1.15620000
0.24210000	1.13300000
0.17960000	1.01990000
0.14060000	0.90000000
0.20310000	0.83550000
0.22650000	0.78630000
0.10930000	0.78990000
0.10930000	0.72330000
0.09370000	0.65590000
0.08590000	0.59470000
0.08590000	0.54480000
0.10930000	0.49860000
0.10150000	0.46060000
0.12500000	0.45240000
0.61700000	0.64360000
0.35930000	0.76870000
0.22650000	0.79640000
0.18740000	0.74210000
0.17180000	0.67440000
0.16400000	0.61220000
0.14840000	0.55860000
0.12500000	0.51330000
0.26550000	0.51020000
0.53890000	0.60720000
0.33580000	0.66260000
0.24990000	0.68360000
0.21090000	0.64180000
0.19530000	0.58940000
0.19530000	0.54380000
0.19530000	0.51400000
0.17180000	0.46740000
0.17960000	0.49120000
0.67170000	0.63210000
1.09340000	0.85780000
0.78100000	0.97380000
0.70290000	0.95620000
0.85910000	0.89680000
0.74980000	0.81490000
0.78100000	0.77310000
0.63260000	0.73740000
0.48420000	0.71190000
0.40610000	0.65980000
0.34360000	0.60690000
0.29680000	0.55990000
0.29680000	0.52990000
0.28120000	0.49300000
0.26550000	0.47500000
0.32800000	0.47870000
0.31240000	0.44660000
0.39050000	0.49830000
1.64010000	1.95940000
1.32770000	1.29670000
1.32770000	1.14620000
1.01530000	1.07220000
1.09340000	1.01200000
1.09340000	0.91780000
0.93720000	0.82590000
0.85910000	0.74700000
0.66390000	0.68000000
0.57800000	0.62370000
1.09340000	1.44910000
2.10870000	2.37420000
1.48390000	1.37700000
1.17150000	1.06910000
0.93720000	0.91340000
0.85910000	0.81120000
0.78100000	0.73310000
3.35840000	4.37240000
3.35840000	2.02360000
2.42120000	1.28450000
1.87440000	1.00420000
1.56200000	0.86530000
1.40580000	0.77510000
3.20220000	2.70150000
3.20220000	2.25520000
2.65550000	1.87870000
2.49930000	1.80270000
2.49930000	2.99540000
2.26490000	2.24450000
1.87440000	2.07400000
1.64010000	1.91200000
1.48390000	1.71800000
1.40580000	1.52670000
7.18540000	7.67050000
10.54370000	6.98120000
5.54520000	4.13180000
3.43650000	3.04670000
2.26490000	2.51470000
1.64010000	2.17740000
1.32770000	1.92390000
1.17150000	1.72370000
1.01530000	1.56010000
0.93720000	1.42380000
0.85910000	1.30950000
0.85910000	1.21320000
0.78100000	1.13150000
0.78100000	1.06170000
0.78100000	1.00160000
0.76540000	0.94950000
0.74980000	0.90380000
0.70290000	0.86350000
0.65610000	0.82760000
0.62480000	0.79540000
0.60920000	0.76620000
0.59360000	0.73950000
0.58580000	0.71490000
0.65610000	0.69210000
0.62480000	0.67090000
0.60140000	0.65090000
0.59360000	0.63200000
0.56230000	0.61410000
0.54670000	0.59710000
0.59360000	0.58080000
0.54670000	0.56520000
0.53110000	0.55010000
0.52330000	0.53570000
0.51550000	0.52170000
0.57800000	0.50820000
0.54670000	0.49510000
0.51550000	0.48240000
0.48420000	0.47010000
0.70290000	0.45820000
1.24960000	0.44660000
1.09340000	0.43530000
0.93720000	0.42430000
0.85910000	0.41360000
0.78100000	0.40320000
0.73420000	0.39310000
0.67170000	0.38320000
0.64040000	0.37360000
0.58580000	0.36420000
0.56230000	0.35510000
0.53110000	0.34620000
0.49990000	0.33760000
0.48420000	0.32910000
0.48420000	0.32090000
0.46860000	0.31290000
0.45300000	0.30500000
0.45300000	0.29750000
0.43740000	0.29000000
0.42170000	0.28270000
0.40610000	0.27570000
0.46860000	0.26880000
0.57800000	0.26210000
0.68730000	0.25550000
1.17150000	0.24970000
1.56200000	0.25840000
1.40580000	0.24800000
1.17150000	0.26760000
1.09340000	0.28000000
1.01530000	0.27270000
0.93720000	0.26090000
0.85910000	0.24910000
0.78100000	0.23830000
0.76540000	0.22850000
0.74980000	0.21970000
0.73420000	0.21170000
0.71850000	0.20440000
0.71070000	0.19770000
0.70290000	0.19140000
1.56200000	0.21930000
2.10870000	0.28600000
3.51460000	3.51040000
5.46710000	3.55760000
5.62330000	1.89120000
4.92040000	1.45110000
4.13940000	1.23760000
4.21750000	1.21700000
5.31090000	2.17320000
6.56050000	2.83620000
5.85760000	2.11380000
5.07660000	1.89900000
5.07660000	1.70190000
5.31090000	1.50990000
15.54220000	8.22750000
22.33710000	14.80390000
16.71380000	13.22640000
12.73060000	10.06250000
11.01230000	8.10430000
9.76270000	7.50610000
10.38750000	9.31470000
9.52840000	9.64840000
8.04450000	7.41060000
6.79480000	5.96500000
5.93570000	6.16980000
5.15470000	5.70090000
4.60800000	7.08860000
5.31090000	9.81060000
4.13940000	9.37660000
3.67080000	8.77980000
4.06130000	9.07530000
3.51460000	7.00590000
2.73360000	4.83660000
2.65550000	4.83870000
2.57740000	5.93790000
2.10870000	4.24450000
3.20220000	6.35690000
6.17000000	9.43230000
4.21750000	6.82890000
3.35840000	4.57610000
2.96790000	3.68050000
2.34310000	3.20630000
2.10870000	2.88090000
1.95250000	2.63430000
1.64010000	2.42320000
1.48390000	2.24880000
1.32770000	2.10130000
1.24960000	1.97520000
1.17150000	1.86650000
2.26490000	2.08300000
2.26490000	1.85740000
2.18680000	1.79960000
1.64010000	1.70260000
1.48390000	1.64390000
1.79630000	1.78110000
1.95250000	1.98650000
1.56200000	1.71140000
1.32770000	1.57050000
2.65550000	2.33230000
2.49930000	1.74290000
1.95250000	1.58330000
7.34160000	5.16360000
6.95110000	3.27580000
3.98320000	2.09380000
2.57740000	1.67380000
1.95250000	1.49970000
1.79630000	1.38730000
1.48390000	1.30470000
1.32770000	1.23890000
2.03060000	1.77720000
3.59270000	2.48420000
2.49930000	1.67320000
2.03060000	1.42420000
1.64010000	1.29330000
1.40580000	1.20610000
1.17150000	1.13740000
1.01530000	1.07930000
0.93720000	1.04740000
1.17150000	1.03880000
1.32770000	1.08400000
1.32770000	1.11770000
1.01530000	1.09960000
1.01530000	1.04820000
0.85910000	0.99340000
0.85910000	0.94300000
0.73420000	0.90850000
0.62480000	0.87190000
0.51550000	0.82660000
0.42170000	0.79160000
0.36710000	0.76180000
0.43740000	0.73510000
0.38270000	0.71770000
0.30460000	0.69010000
0.24990000	0.66750000
0.24210000	0.64720000
0.24990000	0.62830000
0.35150000	0.63650000
0.54670000	0.67530000
0.63260000	0.69430000
0.54670000	0.68330000
0.46080000	0.65600000
0.39830000	0.62670000
0.35930000	0.59950000
0.31240000	0.57480000
0.26550000	0.55260000
0.26550000	0.54890000
0.30460000	0.51880000
0.22650000	0.50330000
0.20310000	0.48720000
0.24990000	0.48910000
0.28120000	0.46230000
0.21870000	0.44470000
0.19530000	0.46610000
0.19530000	0.52880000
0.23430000	0.56360000
0.20310000	0.54280000
0.16400000	0.51330000
0.14060000	0.48480000
0.11720000	0.45930000
0.09370000	0.43670000
0.09370000	0.41690000
0.10930000	0.39920000
0.21870000	0.42260000
0.14840000	0.44720000
0.12500000	0.47470000
0.10150000	0.45950000
0.07810000	0.43480000
0.07110000	0.41040000
0.06090000	0.38840000
0.05310000	0.36900000
0.06010000	0.35930000
0.06010000	0.33900000
0.06870000	0.32380000
0.07190000	0.31110000
0.06250000	0.29990000
0.04920000	0.28970000
0.04370000	0.28020000
0.05700000	0.30900000
0.07810000	0.38020000
0.06720000	0.41090000
0.05550000	0.39860000
0.05000000	0.37120000
0.18740000	0.45260000
0.30460000	0.66510000
0.13280000	0.75510000
0.10150000	0.73840000
0.07810000	0.67470000
0.06720000	0.60780000
0.05700000	0.54850000
0.06010000	0.49820000
0.07650000	0.48410000
0.08590000	0.48090000
0.07260000	0.46650000
0.05700000	0.43630000
0.04840000	0.40540000
0.04220000	0.37780000
0.03910000	0.35390000
0.04140000	0.33320000
0.11720000	0.35760000
0.12500000	0.42700000
0.09370000	0.44730000
0.07340000	0.42530000
0.04760000	0.39540000
0.55450000	0.69040000
0.70290000	0.96860000
0.32800000	1.00190000
0.23430000	0.94570000
0.39050000	0.92420000
0.28120000	0.90830000
0.19530000	0.87020000
0.14840000	0.79250000
0.14060000	0.71460000
0.14060000	0.64640000
0.13280000	0.58850000
0.11720000	0.54440000
0.10150000	0.50030000
0.07650000	0.46470000
0.07340000	0.43490000
0.09370000	0.40940000
0.07500000	0.38750000
0.05860000	0.36830000
0.13280000	0.42030000
0.38270000	0.64970000
0.19530000	0.75820000
0.14840000	0.76750000
0.15620000	0.72210000
0.14840000	0.64980000
0.10930000	0.58890000
0.08590000	0.53780000
0.11720000	0.50550000
0.18740000	0.50490000
0.16400000	0.51280000
0.13280000	0.54910000
0.14060000	0.53380000
0.43740000	0.62460000
0.32020000	0.68670000
0.19530000	0.70840000
0.14840000	0.66310000
0.14060000	0.60670000
5.23280000	3.60600000
8.43500000	7.16500000
2.49930000	3.49880000
1.79630000	2.23020000
1.40580000	1.73200000
1.48390000	1.49050000
1.17150000	1.34770000
0.85910000	1.23940000
0.85910000	1.12020000
0.68730000	1.01100000
0.52330000	0.91740000
0.43740000	0.83850000
0.36710000	0.77220000
0.32020000	0.71620000
0.24210000	0.66860000
0.24990000	0.62790000
0.20310000	0.59280000
0.27340000	0.56280000
0.23430000	0.53580000
0.21870000	0.51210000
0.19530000	0.49100000
0.17180000	0.47210000
0.18740000	0.45490000
0.19530000	0.43910000
0.20310000	0.42460000
0.20310000	0.41120000
0.24210000	0.40210000
0.32020000	0.39380000
0.39050000	0.39230000
0.35150000	0.37000000
0.26550000	0.40290000
0.23430000	0.41640000
0.20310000	0.39000000
0.21870000	0.41530000
0.24210000	0.40590000
0.27340000	0.38800000
0.24990000	0.36960000
0.23430000	0.35270000
0.25770000	0.33760000
0.28120000	0.35230000
0.30460000	0.43860000
0.28900000	0.49150000
0.25770000	0.51680000
0.24990000	0.49110000
0.25770000	0.46580000
0.26550000	0.43710000
0.24990000	0.41090000
0.24210000	0.42380000
0.22650000	0.40540000
0.21870000	0.38060000
0.20310000	0.35700000
0.18740000	0.33610000
0.17960000	0.31780000
0.17180000	0.30190000
0.23430000	0.28780000
0.21870000	0.27540000
0.21090000	0.26430000
0.34360000	0.28960000
0.30460000	0.31270000
0.28900000	0.36150000
0.42960000	0.41310000
0.39830000	0.45050000
0.32800000	0.48110000
0.30460000	0.45550000
0.28120000	0.41890000
0.24990000	0.38410000
0.93720000	2.16420000
1.87440000	2.12290000
1.17150000	1.19580000
0.93720000	0.89940000
0.85910000	0.75220000
0.78100000	0.65700000
0.76540000	0.58470000
2.03060000	3.45710000
3.67080000	4.14650000
2.03060000	1.95850000
1.48390000	1.31180000
1.48390000	1.16240000
1.32770000	1.02880000
2.10870000	3.87380000
1.95250000	3.00590000
1.64010000	2.35700000
1.17150000	1.97140000
1.01530000	1.69690000
0.93720000	1.48330000
0.93720000	1.30970000
1.17150000	1.37040000
1.24960000	1.33760000
1.17150000	1.52580000
1.09340000	1.45200000
1.09340000	1.32060000
1.09340000	1.19250000
7.81020000	11.04930000
16.55760000	14.50630000
7.81020000	8.54520000
5.62330000	5.13840000
3.98320000	3.82450000
2.81170000	3.15880000
2.34310000	2.72100000
1.87440000	2.39250000
2.57740000	3.54100000
3.12410000	6.96560000
2.88980000	5.35830000
2.49930000	3.65660000
2.10870000	2.93520000
1.79630000	2.52940000
2.34310000	5.42260000
3.28030000	4.92910000
2.73360000	3.44730000
2.03060000	2.81140000
1.48390000	2.44660000
1.40580000	2.18930000
1.48390000	1.98590000
1.64010000	2.11880000
2.42120000	3.55390000
3.35840000	3.49060000
4.84230000	3.19740000
3.51460000	2.57150000
2.57740000	2.34130000
2.42120000	2.60300000
3.59270000	7.71470000
5.62330000	7.42380000
4.68610000	4.42810000
3.43650000	3.44750000
2.88980000	3.03870000
2.57740000	2.71060000
1.95250000	2.43640000
1.64010000	2.20970000
1.40580000	2.02120000
1.24960000	1.86230000
1.24960000	1.72810000
1.24960000	1.61410000
1.24960000	1.51650000
1.17150000	1.43230000
1.09340000	1.35930000
1.09340000	1.29520000
1.01530000	1.23840000
1.01530000	1.18780000
1.01530000	1.14220000
1.01530000	1.10080000
1.01530000	1.06280000
0.93720000	1.02790000
0.93720000	0.99540000
0.93720000	0.96500000
0.85910000	0.93650000
0.85910000	0.90950000
0.85910000	0.88390000
0.85910000	0.85950000
0.85910000	0.83610000
0.85910000	0.81370000
0.93720000	0.79210000
0.85910000	0.77290000
0.85910000	0.75250000
0.78100000	0.73230000
0.78100000	1.35700000
0.78100000	1.07250000
1.01530000	0.92010000
0.85910000	0.85090000
0.78100000	0.80100000
0.78100000	0.76010000
0.85910000	0.72460000
0.78100000	0.69360000
0.78100000	0.66580000
0.85910000	0.64070000
0.93720000	0.61790000
1.56200000	0.60350000
3.04600000	1.38740000
11.94960000	7.61020000
6.95110000	5.88980000
4.21750000	3.35800000
2.96790000	2.47630000
2.81170000	2.24700000
3.28030000	2.43180000
3.20220000	3.44560000
3.43650000	3.20450000
3.82700000	4.86260000
5.38900000	6.36100000
4.99850000	5.09100000
4.13940000	3.63440000
4.29560000	4.59580000
5.77950000	5.54030000
4.37370000	4.68210000
3.59270000	3.50210000
2.96790000	2.99290000
2.49930000	2.71180000
2.26490000	2.43650000
2.10870000	2.19320000
1.87440000	1.98750000
1.87440000	1.83330000
2.18680000	2.04910000
1.87440000	1.71240000
1.64010000	1.55820000
1.48390000	1.44550000
1.71820000	1.53460000
1.71820000	1.36820000
1.40580000	1.31570000
1.40580000	1.24930000
1.24960000	1.18480000
1.24960000	1.13720000
1.48390000	1.09560000
1.24960000	1.04590000
1.09340000	1.03510000
2.49930000	1.95590000
1.95250000	1.54700000
1.56200000	1.25820000
1.32770000	1.12420000
1.24960000	1.04350000
1.32770000	0.98330000
1.40580000	0.95810000
1.56200000	0.95120000
1.40580000	0.96580000
1.79630000	0.97100000
1.48390000	0.96010000
1.32770000	0.95260000
1.09340000	0.91090000
1.01530000	0.86420000
1.01530000	0.82080000
0.93720000	0.78190000
0.93720000	0.75440000
0.85910000	0.71860000
0.78100000	0.68930000
0.75760000	0.66370000
0.71070000	0.64060000
0.65610000	0.61930000
0.60920000	0.59970000
0.55450000	0.58130000
0.46860000	0.56400000
0.46860000	0.54770000
0.45300000	0.53220000
0.43740000	0.51750000
0.49200000	0.51220000
1.09340000	0.56610000
0.85910000	0.62610000
0.76540000	0.66340000
1.24960000	0.68230000
1.87440000	0.77630000
1.64010000	0.81410000
1.79630000	0.81040000
1.40580000	0.75490000
1.17150000	0.70460000
1.01530000	0.65130000
1.01530000	0.62090000
0.93720000	0.57260000
0.72630000	0.53670000
0.85910000	0.53990000
0.73420000	0.54280000
0.62480000	0.55220000
0.53890000	0.53030000
0.57800000	0.52840000
0.93720000	0.55920000
0.69510000	0.56750000
0.53110000	0.54120000
0.42960000	0.50890000
0.44520000	0.49440000
0.53110000	0.48940000
0.46860000	0.48880000
0.35930000	0.46700000
0.40610000	0.46530000
0.49200000	0.43650000
0.46860000	0.46550000
0.34360000	0.44010000
0.29680000	0.41480000
0.32020000	0.40280000
0.35930000	0.38710000
0.38270000	0.36790000
0.39830000	0.36770000
0.42170000	0.35560000
0.30460000	0.33630000
0.25770000	0.32080000
0.21870000	0.30740000
0.17960000	0.29550000
0.17960000	0.28480000
0.36710000	0.27500000
0.31240000	0.26600000
0.35930000	0.25760000
0.24990000	0.24970000
0.21870000	0.24230000
0.24210000	0.23530000
0.24210000	0.22870000
0.17960000	0.22240000
0.14840000	0.21630000
0.10930000	0.21050000
0.10150000	0.20500000
0.10150000	0.19960000
0.08590000	0.19440000
0.07810000	0.18930000
0.07730000	0.18450000
0.07190000	0.17980000
0.07110000	0.17520000
0.14060000	0.20120000
0.11720000	0.22140000
0.10150000	0.24470000
0.12500000	0.22150000
0.10150000	0.22040000
0.08590000	0.21040000
0.08590000	0.19890000
0.08590000	0.18820000
0.22650000	0.25180000
0.53110000	0.48530000
0.28120000	0.59170000
0.16400000	0.58180000
0.13280000	0.52830000
0.14060000	0.47160000
0.11720000	0.42130000
0.10150000	0.37880000
0.10150000	0.36780000
0.10930000	0.41200000
0.30460000	0.56520000
0.21090000	0.64210000
0.14840000	0.66480000
0.14060000	0.64340000
0.12500000	0.59510000
0.11720000	0.53670000
0.11720000	0.48300000
0.12500000	0.45410000
0.21870000	0.47940000
0.28900000	0.68470000
0.32020000	0.87460000
0.32020000	0.94580000
0.23430000	0.90870000
0.17960000	0.82140000
0.14840000	0.73340000
0.12500000	0.65630000
0.14060000	0.59130000
0.15620000	0.54410000
0.13280000	0.49380000
0.10930000	0.45420000
0.10150000	0.42150000
0.10150000	0.39400000
0.09370000	0.37050000
0.08590000	0.35030000
0.09370000	0.33260000
0.07810000	0.31710000
0.07030000	0.30340000
0.06560000	0.29110000
0.05940000	0.28000000
0.04920000	0.27000000
0.04300000	0.26080000
0.03750000	0.25970000
0.03200000	0.24660000
0.02890000	0.23750000
0.02580000	0.23010000
0.02340000	0.22340000
0.02340000	0.21710000
0.02260000	0.21110000
0.02260000	0.20540000
0.02260000	0.19990000
0.02340000	0.19460000
0.02420000	0.18950000
0.02500000	0.18450000
0.02580000	0.21070000
0.02660000	0.23900000
0.02500000	0.27560000
0.02340000	0.27820000
0.02190000	0.26340000
0.02030000	0.24590000
0.02110000	0.22970000
0.02260000	0.21560000
0.02340000	0.20330000
0.04370000	0.34990000
0.04840000	0.58590000
0.06480000	0.66130000
0.07500000	0.66190000
0.07190000	0.60380000
0.06330000	0.55320000
0.07810000	0.56990000
0.07580000	0.59140000
0.07810000	0.60680000
0.08590000	0.59100000
0.08590000	0.55980000
0.07810000	0.55270000
0.07260000	0.51070000
0.06250000	0.46490000
0.07810000	0.40820000
0.06330000	0.54970000
0.05310000	0.54890000
0.04300000	0.54210000
0.23430000	0.56160000
0.66390000	2.73720000
0.46860000	1.71370000
0.32800000	1.36800000
0.21870000	1.18730000
0.15620000	1.06890000
0.14840000	0.95360000
0.13280000	0.85200000
0.11720000	0.76740000
0.14060000	0.71190000
0.59360000	1.36060000
0.46860000	1.08560000
0.34360000	0.96140000
0.28900000	0.86010000
0.25770000	0.77600000
0.20310000	0.70610000
0.46860000	0.67870000
3.59270000	5.80160000
1.79630000	2.90600000
1.17150000	1.71450000
0.93720000	1.27410000
0.71070000	1.06850000
0.58580000	0.94140000
2.03060000	3.53780000
2.42120000	1.85700000
1.40580000	1.30730000
1.56200000	1.07360000
1.48390000	0.94940000
4.99850000	4.99910000
5.62330000	6.75880000
3.51460000	3.80750000
2.42120000	2.50040000
1.71820000	1.99180000
1.64010000	1.91350000
4.29560000	5.40520000
2.73360000	4.26830000
1.95250000	3.07590000
1.64010000	2.49950000
3.90510000	4.60670000
3.82700000	4.21070000
3.74890000	3.12310000
17.10430000	16.54300000
9.84080000	16.06910000
6.09190000	7.90160000
4.68610000	5.17030000
4.92040000	4.75210000
4.45180000	5.12540000
3.74890000	3.90220000
3.12410000	3.36580000
2.65550000	3.04240000
2.34310000	2.73570000
2.03060000	2.46860000
1.87440000	2.24280000
1.79630000	2.05370000
1.71820000	1.89450000
1.64010000	1.78220000
1.56200000	1.65210000
1.48390000	1.79010000
1.48390000	1.73680000
1.32770000	1.63850000
1.32770000	1.54500000
1.32770000	1.45350000
1.64010000	1.72830000
1.64010000	1.58770000
1.32770000	1.70460000
1.17150000	1.66090000
1.48390000	1.56230000
1.40580000	1.46110000
1.09340000	1.37000000
1.01530000	1.29060000
0.93720000	1.22150000
1.09340000	1.16120000
1.09340000	1.10810000
1.09340000	1.06090000
1.09340000	1.01870000
1.09340000	0.98050000
1.09340000	0.94580000
1.17150000	0.91380000
1.09340000	0.88430000
1.01530000	0.85680000
1.01530000	0.83100000
1.01530000	0.80670000
1.01530000	0.78370000
0.93720000	0.76180000
0.93720000	0.74090000
0.93720000	0.72090000
0.85910000	0.70160000
0.85910000	0.68310000
0.85910000	0.66530000
0.85910000	0.64800000
0.85910000	0.63130000
0.85910000	0.61510000
0.85910000	0.59940000
0.85910000	0.58410000
0.78100000	0.56930000
0.78100000	0.55490000
0.78100000	0.54090000
0.78100000	0.52730000
0.78100000	0.51400000
0.78100000	0.50110000
0.78100000	0.48850000
0.78100000	0.47620000
0.76540000	0.46430000
0.78100000	0.45270000
0.78100000	0.44130000
0.85910000	0.43030000
1.64010000	0.42270000
4.68610000	1.11670000
4.52990000	0.96650000
3.67080000	1.02860000
3.12410000	1.07310000
3.67080000	3.63210000
7.10730000	5.73140000
5.15470000	3.95900000
5.93570000	4.15670000
16.16710000	8.03250000
9.13790000	7.16630000
6.01380000	4.45500000
4.84230000	3.47990000
3.74890000	2.93830000
3.28030000	2.55050000
2.88980000	2.24500000
2.49930000	1.99850000
2.26490000	1.79630000
2.03060000	1.62810000
1.87440000	1.48780000
1.79630000	1.37010000
2.03060000	1.27960000
2.10870000	1.19910000
1.71820000	1.13250000
1.48390000	1.13160000
1.32770000	1.10830000
1.17150000	1.05590000
1.09340000	1.00110000
1.09340000	0.95080000
1.17150000	0.90600000
1.09340000	0.86620000
1.01530000	0.83060000
1.09340000	0.79860000
1.95250000	0.78920000
7.57590000	7.79210000
7.02920000	9.35480000
8.04450000	9.91310000
7.88830000	9.15650000
5.85760000	7.14880000
4.92040000	5.51480000
5.23280000	5.94630000
4.99850000	5.27200000
3.90510000	3.90800000
3.04600000	3.32180000
2.88980000	2.90750000
2.57740000	2.58290000
2.26490000	2.31810000
2.26490000	2.09970000
2.18680000	1.91810000
2.10870000	1.76580000
1.95250000	1.63730000
1.79630000	1.52820000
1.71820000	1.43490000
1.79630000	1.35450000
2.03060000	1.28470000
2.42120000	1.22350000
3.20220000	1.19490000
4.60800000	2.60430000
3.98320000	2.07170000
3.59270000	1.50910000
3.51460000	1.31440000
6.63860000	4.73020000
6.56050000	6.10510000
5.46710000	4.44660000
4.60800000	3.12170000
3.82700000	2.68550000
3.67080000	2.83070000
4.37370000	5.40890000
4.13940000	5.71020000
3.43650000	3.73060000
3.04600000	3.09060000
2.73360000	2.69630000
2.57740000	2.77490000
2.42120000	3.20380000
3.98320000	8.24780000
3.74890000	8.40700000
3.04600000	5.68250000
2.81170000	4.92150000
2.49930000	5.82420000
2.57740000	6.23160000
3.04600000	6.41070000
3.12410000	5.34730000
3.67080000	7.64580000
4.84230000	8.45810000
5.23280000	7.12120000
4.45180000	5.87880000
5.07660000	7.29560000
4.99850000	6.37560000
14.21450000	13.18370000
22.25900000	22.61220000
9.05980000	17.53670000
6.09190000	9.05060000
4.99850000	5.94690000
4.37370000	4.68720000
3.67080000	4.01570000
4.92040000	4.83590000
4.60800000	4.80140000
3.67080000	3.49480000
3.20220000	2.95200000
2.81170000	2.65950000
2.49930000	2.44490000
2.34310000	2.56990000
3.67080000	3.89590000
3.98320000	3.59430000
3.43650000	2.53880000
2.73360000	2.16200000
2.65550000	1.99690000
2.96790000	2.43930000
2.42120000	2.00450000
2.10870000	1.81060000
1.71820000	1.69770000
1.48390000	1.61420000
3.20220000	2.59100000
4.29560000	3.47670000
6.01380000	5.51180000
4.60800000	3.74490000
3.28030000	2.31810000
2.57740000	1.82410000
2.26490000	1.62030000
4.37370000	3.28740000
3.12410000	2.05320000
3.51460000	1.99330000
2.96790000	1.65790000
2.18680000	1.51060000
1.79630000	1.41140000
1.48390000	1.33230000
1.24960000	1.26630000
1.09340000	1.20820000
0.85910000	1.15690000
1.32770000	1.11090000
1.17150000	1.06930000
1.01530000	1.03140000
1.09340000	1.02280000
1.32770000	1.03210000
1.09340000	1.00560000
0.74200000	0.97700000
0.63260000	0.95470000
0.74200000	0.92910000
0.70290000	0.88950000
0.60140000	0.85600000
0.50770000	0.82690000
0.46080000	0.80040000
0.85910000	0.77580000
1.09340000	0.76970000
0.93720000	0.73600000
0.74980000	0.71160000
0.58580000	0.69090000
0.70290000	0.69610000
0.78100000	0.66100000
0.46860000	0.66160000
0.36710000	0.64670000
0.29680000	0.62780000
0.24990000	0.60890000
0.21870000	0.59100000
0.35150000	0.59150000
0.39830000	0.60350000
0.60140000	0.65710000
0.41390000	0.67780000
0.33580000	0.68900000
0.32020000	0.64710000
0.21090000	0.61520000
0.19530000	0.61840000
0.16400000	0.62080000
0.14060000	0.60560000
0.17180000	0.59860000
0.15620000	0.55530000
0.14840000	0.52530000
0.67170000	0.56630000
0.59360000	0.68460000
0.31240000	0.73100000
0.24210000	0.69930000
0.18740000	0.65180000
0.32020000	0.64430000
0.48420000	0.72310000
0.24210000	0.75370000
0.17960000	0.71590000
4.52990000	4.16750000
7.49780000	8.85110000
4.37370000	4.24850000
2.73360000	2.45540000
1.79630000	1.78950000
1.32770000	1.47870000
1.01530000	1.28590000
0.85910000	1.14300000
0.71070000	1.03210000
0.60140000	0.94000000
0.53110000	0.88160000
0.54670000	0.81790000
0.46860000	0.78290000
0.48420000	0.75660000
0.49990000	0.73550000
0.45300000	0.72150000
0.51550000	0.68520000
0.29680000	0.64660000
0.23430000	0.61130000
0.30460000	0.59130000
0.24990000	0.55590000
0.22650000	0.52910000
0.24990000	0.50670000
0.20310000	0.48700000
0.16400000	0.46920000
0.18740000	0.45300000
0.13280000	0.43800000
0.22650000	0.42410000
0.35150000	0.41110000
0.24210000	0.39890000
0.17180000	0.38740000
0.15620000	0.37650000
0.14060000	0.36610000
0.11720000	0.35610000
0.10930000	0.34650000
0.10930000	0.33730000
0.10150000	0.32850000
0.09370000	0.31990000
0.08590000	0.31160000
0.08590000	0.30360000
0.08590000	0.29580000
0.08590000	0.28830000
0.10150000	0.28100000
0.10150000	0.27380000
0.11720000	0.26690000
0.11720000	0.26020000
0.10930000	0.25360000
0.08590000	0.24720000
0.07190000	0.24100000
0.06640000	0.23500000
0.06560000	0.22910000
0.07810000	0.23840000
0.18740000	0.31560000
0.10150000	0.38670000
0.08590000	0.42500000
0.07650000	0.40640000
0.07190000	0.37590000
0.07810000	0.37100000
0.09370000	0.33460000
0.09370000	0.36890000
0.08590000	0.35620000
0.07260000	0.33250000
0.08590000	0.32640000
0.12500000	0.32730000
0.10930000	0.33480000
0.09370000	0.33230000
0.09370000	0.31390000
0.48420000	0.52690000
0.49200000	0.82660000
0.22650000	0.90710000
0.10150000	0.88850000
0.07810000	0.80500000
0.10930000	0.75530000
0.11720000	0.71320000
0.14840000	0.73550000
0.14840000	0.66350000
0.10930000	0.66750000
0.10150000	0.62060000
0.14060000	0.60150000
0.13280000	0.58330000
0.10930000	0.59700000
0.09370000	0.56120000
0.10930000	0.53130000
0.11720000	0.48010000
0.12500000	0.46750000
0.13280000	0.43990000
0.13280000	0.41110000
0.14060000	0.38510000
0.85910000	1.13840000
0.62480000	1.02240000
0.46860000	0.95660000
0.31240000	0.86720000
0.25770000	0.79820000
0.21090000	0.72830000
0.17960000	0.65320000
0.15620000	0.59200000
0.16400000	0.54150000
0.15620000	0.49890000
0.14060000	0.46310000
6.48240000	8.90820000
66.85510000	35.12400000
37.48880000	35.51400000
12.65250000	19.03340000
8.12260000	9.25320000
5.77950000	5.93650000
4.13940000	4.59330000
3.20220000	3.83450000
2.81170000	3.32750000
2.42120000	2.91670000
1.79630000	2.64600000
1.71820000	2.38510000
1.48390000	2.19270000
1.32770000	2.08510000
1.32770000	1.92950000
1.87440000	1.77910000
1.32770000	1.64680000
1.01530000	1.53330000
1.01530000	1.44680000
1.17150000	1.36520000
1.56200000	1.79440000
1.95250000	3.04610000
1.48390000	2.17670000
1.32770000	2.01880000
1.17150000	1.84960000
1.01530000	1.69390000
0.93720000	1.55890000
0.85910000	1.44360000
0.85910000	1.34620000
0.85910000	1.26280000
0.85910000	1.19910000
1.01530000	1.13840000
1.01530000	1.08420000
0.93720000	1.06990000
1.40580000	1.03060000
1.09340000	0.98760000
1.17150000	0.94710000
3.90510000	3.78800000
4.29560000	3.19120000
2.81170000	2.35610000
2.18680000	1.97110000
2.03060000	1.73340000
2.96790000	2.90270000
7.88830000	12.42660000
7.18540000	10.70760000
4.68610000	5.69530000
3.51460000	3.94960000
3.04600000	3.64620000
2.81170000	3.00680000
6.48240000	11.17540000
6.56050000	11.22430000
4.68610000	6.13400000
3.67080000	4.36220000
3.43650000	4.02160000
3.82700000	4.16070000
3.82700000	3.33440000
3.98320000	2.94160000
3.90510000	2.84430000
6.24810000	4.70520000
7.57590000	7.00600000
6.32620000	6.79900000
6.48240000	6.27260000
4.37370000	4.16320000
3.67080000	3.53800000
3.12410000	3.11990000
3.12410000	2.79590000
4.76420000	3.23650000
3.35840000	3.86560000
2.81170000	2.99840000
2.49930000	2.58780000
2.73360000	2.34660000
3.12410000	3.88920000
2.03060000	3.73690000
1.79630000	2.82900000
1.64010000	2.62980000
1.71820000	2.41390000
1.56200000	2.21460000
1.87440000	2.38020000
3.12410000	2.97920000
2.49930000	2.42120000
1.71820000	2.34640000
1.40580000	2.18610000
2.34310000	2.02020000
2.49930000	1.87120000
1.71820000	1.74250000
1.79630000	1.63250000
1.48390000	1.53770000
1.17150000	1.45560000
2.18680000	1.81090000
2.57740000	2.32100000
1.87440000	1.93290000
1.32770000	1.76480000
1.24960000	1.62990000
1.17150000	1.51690000
1.17150000	1.42070000
1.48390000	1.35410000
1.17150000	1.27400000
2.49930000	1.41920000
2.73360000	1.42140000
1.64010000	1.35510000
1.95250000	1.27870000
1.95250000	1.20760000
1.40580000	1.14450000
1.24960000	1.08890000
1.24960000	1.03990000
1.17150000	0.99620000
1.17150000	0.95710000
1.09340000	0.92160000
2.03060000	0.88930000
2.34310000	0.85950000
1.79630000	0.83200000
1.40580000	0.80630000
1.17150000	0.78210000
1.01530000	0.75940000
0.93720000	0.73780000
0.93720000	0.71730000
0.85910000	0.69770000
0.93720000	0.67890000
1.32770000	0.66080000
1.17150000	0.64340000
1.01530000	0.62660000
1.01530000	0.61040000
1.56200000	0.59460000
2.73360000	0.59390000
2.73360000	0.61220000
6.79480000	3.51160000
5.62330000	4.15110000
3.28030000	2.38230000
2.18680000	1.92690000
2.34310000	1.71270000
3.82700000	2.77560000
4.45180000	4.89610000
3.59270000	3.84780000
3.51460000	5.09860000
3.28030000	5.39880000
3.04600000	3.61840000
3.35840000	3.05460000
5.07660000	6.36680000
4.13940000	6.19320000
3.12410000	3.99740000
2.34310000	3.14110000
2.10870000	2.67240000
2.10870000	2.35050000
1.87440000	2.10040000
1.64010000	1.89850000
1.48390000	1.73220000
2.65550000	1.59270000
2.57740000	1.47520000
1.87440000	1.37550000
1.56200000	1.29040000
1.40580000	1.21720000
1.40580000	1.15360000
1.71820000	1.09800000
2.10870000	1.06540000
1.87440000	1.01600000
1.56200000	1.00730000
1.48390000	0.97590000
6.32620000	3.69590000
5.46710000	4.68760000
5.07660000	4.08420000
5.62330000	4.20660000
7.96640000	6.60880000
8.51310000	7.47230000
6.40430000	9.78510000
5.77950000	7.91860000
6.09190000	4.85660000
6.40430000	3.63220000
5.85760000	3.02670000
5.23280000	3.97300000
4.76420000	7.49060000
3.74890000	6.69950000
2.81170000	4.04140000
2.26490000	3.25090000
2.18680000	2.80890000
2.10870000	2.49930000
4.92040000	4.73250000
4.13940000	4.20210000
3.12410000	2.89000000
2.49930000	2.34610000
2.18680000	2.06010000
10.23130000	7.58860000
28.03850000	21.27890000
14.76120000	18.07960000
9.13790000	8.66720000
6.40430000	5.46990000
4.84230000	4.21980000
3.82700000	3.57350000
3.20220000	3.14010000
2.73360000	2.81390000
2.10870000	2.55220000
4.68610000	4.42570000
6.09190000	3.65830000
4.21750000	2.59640000
3.28030000	2.16910000
2.88980000	1.96760000
2.34310000	1.81500000
3.20220000	1.85770000
2.34310000	1.69330000
1.95250000	1.62050000
1.87440000	1.53020000
1.87440000	1.47510000
1.87440000	1.42560000
1.79630000	1.36700000
2.34310000	1.32470000
2.18680000	1.28600000
1.87440000	1.23880000
1.79630000	1.20850000
1.64010000	1.16490000
1.95250000	1.15350000
1.71820000	1.10590000
1.56200000	1.11120000
1.48390000	1.10210000
3.20220000	2.50520000
2.26490000	1.59810000
1.71820000	1.31730000
1.48390000	1.18840000
1.24960000	1.10850000
1.32770000	1.06170000
1.32770000	1.00010000
1.09340000	0.95830000
0.93720000	0.91860000
0.77320000	0.88240000
0.68730000	0.84940000
0.66390000	0.81930000
0.63260000	0.79160000
0.61700000	0.76600000
0.57800000	0.74210000
0.54670000	0.71980000
0.50770000	0.69870000
0.44520000	0.67880000
0.42170000	0.65980000
0.39050000	0.64170000
0.38270000	0.62430000
0.33580000	0.60770000
0.30460000	0.59160000
0.29680000	0.57610000
0.39050000	0.59620000
0.36710000	0.61410000
0.28900000	0.62330000
0.24990000	0.60520000
0.23430000	0.58130000
0.28900000	0.57110000
0.50770000	0.61280000
0.36710000	0.65670000
0.29680000	0.65530000
0.24990000	0.62510000
0.20310000	0.59080000
0.17960000	0.55880000
0.17180000	0.53040000
0.17960000	0.50540000
0.14840000	0.48320000
0.13280000	0.46340000
0.11720000	0.44560000
0.11720000	0.42940000
0.10930000	0.41460000
0.10930000	0.40090000
0.14060000	0.45500000
0.17180000	0.59910000
0.13280000	0.66480000
0.10930000	0.65910000
0.10930000	0.61680000
0.09370000	0.57050000
0.17960000	0.59930000
0.49200000	0.97060000
0.29680000	1.05330000
0.19530000	1.00510000
0.15620000	0.91360000
0.14060000	0.82350000
0.53890000	0.93290000
0.37490000	1.01300000
0.25770000	0.99410000
0.19530000	0.94270000
0.16400000	0.88050000
0.13280000	0.81780000
0.14840000	0.75320000
0.14060000	0.68910000
0.11720000	0.63530000
0.10150000	0.58990000
0.10150000	0.55140000
0.08590000	0.51840000
0.08590000	0.48990000
0.08590000	0.46520000
0.06560000	0.44340000
0.05860000	0.42420000
0.06560000	0.40700000
0.06250000	0.39140000
0.05000000	0.37730000
0.05230000	0.36440000
0.06010000	0.35250000
0.05470000	0.34680000
0.05080000	0.33260000
0.05550000	0.32170000
0.04760000	0.31220000
0.04610000	0.30330000
0.05000000	0.29490000
0.05080000	0.28690000
0.07420000	0.30740000
0.12500000	0.51930000
0.20310000	0.78860000
0.10150000	0.86380000
0.07340000	0.83140000
0.06870000	0.76260000
0.06560000	0.68990000
0.05620000	0.61590000
0.04840000	0.55720000
0.13280000	0.63150000
0.70290000	2.04970000
0.35930000	1.61270000
0.21090000	1.37830000
0.13280000	1.19790000
0.10150000	1.05330000
0.08590000	0.93520000
0.10150000	0.86420000
0.10150000	0.80400000
0.10150000	0.77000000
0.09370000	0.71320000
0.10150000	0.66170000
0.09370000	0.60860000
0.10150000	0.56930000
0.08590000	0.52940000
0.07030000	0.49710000
0.08590000	0.46970000
0.09370000	0.44610000
0.10150000	0.45040000
0.11720000	0.41450000
0.10930000	0.45980000
0.11720000	0.45990000
0.52330000	0.63930000
0.37490000	0.76420000
0.40610000	0.85670000
0.26550000	0.86420000
0.17960000	0.84310000
0.12500000	0.77620000
0.11720000	0.71010000
0.10930000	0.64480000
0.10930000	0.60130000
0.11720000	0.56860000
0.10150000	0.52450000
0.10930000	0.54400000
0.10930000	0.51920000
0.11720000	0.48760000
0.10150000	0.45780000
0.10150000	0.43140000
0.09370000	0.40830000
0.13280000	0.42130000
0.12500000	0.43220000
0.10930000	0.46830000
0.09370000	0.45440000
0.08590000	0.43990000
0.08590000	0.40680000
0.14060000	0.42520000
0.13280000	0.43510000
0.11720000	0.46790000
0.10150000	0.45100000
0.08590000	0.42320000
0.07810000	0.39580000
0.07810000	0.37140000
0.07580000	0.35020000
0.07340000	0.33170000
0.07810000	0.31560000
0.06560000	0.30130000
0.07650000	0.28870000
0.07190000	0.27730000
0.06090000	0.26700000
0.07110000	0.25760000
0.07730000	0.24900000
0.06560000	0.24100000
0.06330000	0.23360000
0.07030000	0.22660000
0.07650000	0.22000000
0.08590000	0.23080000
0.11720000	0.21290000
0.16400000	0.27310000
0.17960000	0.35040000
0.14060000	0.38620000
0.10930000	0.38890000
0.24990000	0.36400000
0.49200000	0.44000000
5.46710000	5.95420000
1.79630000	3.03300000
1.09340000	1.90910000
0.93720000	1.47620000
0.75760000	1.22670000
0.61700000	1.08130000
0.60140000	0.95340000
1.01530000	1.29260000
1.64010000	1.91220000
1.01530000	1.35020000
0.75760000	1.14770000
0.65610000	1.00650000
0.64040000	0.89640000
0.67170000	0.80670000
0.71070000	0.73230000
0.68730000	0.67070000
0.68730000	0.61880000
0.62480000	0.57500000
0.54670000	0.53770000
0.53890000	0.50990000
1.09340000	1.45220000
1.24960000	0.97710000
0.93720000	0.82570000
0.85910000	0.74110000
0.78100000	0.67630000
1.09340000	0.64800000
1.01530000	0.64150000
0.85910000	0.65710000
0.78100000	0.63300000
2.18680000	1.96790000
1.79630000	1.15420000
1.32770000	0.89210000
1.17150000	0.77100000
1.17150000	0.70330000
1.09340000	0.69120000
1.01530000	0.67690000
0.93720000	0.67400000
0.85910000	0.66060000
0.78100000	0.61860000
0.72630000	0.57410000
0.64820000	0.53400000
0.63260000	0.49920000
0.60140000	0.46920000
0.53890000	0.44330000
0.49990000	0.42080000
0.48420000	0.40100000
0.47640000	0.38360000
0.45300000	0.37010000
0.43740000	0.36060000
0.41390000	0.34430000
0.38270000	0.39270000
0.37490000	0.40540000
0.42960000	0.39130000
0.61700000	0.37760000
0.93720000	1.20540000
1.01530000	1.23730000
1.01530000	1.29560000
0.85910000	1.31520000
2.34310000	3.28580000
2.03060000	2.90850000
1.48390000	2.37450000
1.24960000	2.08750000
1.17150000	1.85190000
1.32770000	3.75820000
1.48390000	3.17110000
1.79630000	3.05970000
2.03060000	4.19990000
5.54520000	8.12370000
6.95110000	9.23900000
4.99850000	6.29170000
3.74890000	4.25280000
2.65550000	3.40450000
2.34310000	2.94460000
2.03060000	2.59710000
1.64010000	2.30900000
1.48390000	2.07120000
1.48390000	1.87330000
1.40580000	1.70810000
1.32770000	1.56960000
1.32770000	1.45300000
1.24960000	1.35410000
1.09340000	1.26970000
1.01530000	1.19710000
1.87440000	1.13420000
2.57740000	1.07920000
2.26490000	1.03070000
1.79630000	0.98750000
1.56200000	0.94880000
1.48390000	0.91370000
1.40580000	0.88170000
1.24960000	0.85230000
1.17150000	0.82500000
1.09340000	0.79950000
1.09340000	0.77560000
1.17150000	0.75430000
1.09340000	0.73280000
1.01530000	0.71170000
0.93720000	0.69200000
0.85910000	0.67330000
0.85910000	0.65540000
0.78100000	0.63810000
0.85910000	0.62210000
2.57740000	3.86280000
3.98320000	4.65010000
2.49930000	2.98740000
1.87440000	2.14470000
1.56200000	1.80310000
1.40580000	1.57750000
6.24810000	5.58360000
13.35540000	10.94980000
9.05980000	9.31830000
6.87290000	6.17460000
5.62330000	5.10470000
4.52990000	4.49690000
6.87290000	6.95510000
14.21450000	12.57160000
10.15320000	12.20610000
7.57590000	9.09500000
6.48240000	7.57230000
5.93570000	7.04780000
5.31090000	6.90810000
4.76420000	6.06310000
4.13940000	5.55230000
3.67080000	4.94400000
3.12410000	3.86190000
2.49930000	3.40340000
2.18680000	3.13240000
7.65400000	9.49850000
17.88530000	20.92370000
9.45030000	17.13690000
6.01380000	8.75210000
4.84230000	5.70390000
3.59270000	4.47460000
3.43650000	3.83950000
3.12410000	3.42070000
2.73360000	3.08470000
2.42120000	2.81230000
4.37370000	4.87900000
5.77950000	6.54260000
4.29560000	3.83930000
3.28030000	3.17650000
3.04600000	2.81440000
2.81170000	2.55920000
2.73360000	2.35600000
2.65550000	2.60050000
3.04600000	6.17740000
2.65550000	6.05670000
2.57740000	3.59680000
2.57740000	2.84550000
2.18680000	2.48650000
1.95250000	2.25780000
2.18680000	2.10010000
2.03060000	1.95550000
1.79630000	1.86640000
1.64010000	1.78190000
1.56200000	1.68980000
1.40580000	1.60400000
1.24960000	1.52730000
1.17150000	1.45920000
1.09340000	1.39850000
1.01530000	1.34390000
0.93720000	1.29440000
0.93720000	1.24920000
0.85910000	1.20760000
0.85910000	1.16910000
0.78100000	1.13310000
0.85910000	1.11240000
0.93720000	1.07130000
0.78100000	1.04990000
2.73360000	3.03580000
1.95250000	1.81860000
1.48390000	1.42970000
1.40580000	1.26550000
3.67080000	2.73420000
2.65550000	1.78470000
2.18680000	1.46350000
1.71820000	1.30640000
1.40580000	1.20450000
1.24960000	1.12600000
1.09340000	1.06020000
0.93720000	1.00450000
1.56200000	1.21540000
1.79630000	1.08930000
1.56200000	1.06020000
1.48390000	1.02630000
8.27880000	4.91390000
11.09040000	5.18630000
6.63860000	2.64620000
4.37370000	1.71390000
3.74890000	1.44490000
4.06130000	1.47850000
4.52990000	2.42510000
3.20220000	1.60130000
2.42120000	1.31470000
1.79630000	1.16710000
1.40580000	1.06860000
1.17150000	0.99210000
1.01530000	0.92830000
0.93720000	0.87470000
1.17150000	0.82810000
1.24960000	0.78750000
1.09340000	0.75170000
0.93720000	0.71990000
0.85910000	0.69140000
0.74980000	0.66560000
0.67170000	0.64210000
0.54670000	0.62050000
0.42170000	0.60050000
0.37490000	0.58190000
0.35150000	0.58890000
0.50770000	0.55530000
2.81170000	2.75300000
1.24960000	1.54860000
1.09340000	1.15660000
0.85910000	0.96630000
0.74980000	0.87720000
0.62480000	0.80530000
0.54670000	0.74410000
0.66390000	0.72610000
0.61700000	0.71980000
0.56230000	0.70340000
0.46080000	0.66580000
0.39050000	0.63710000
9.84080000	11.74540000
36.62970000	20.32620000
21.24370000	15.07670000
16.40140000	12.95280000
15.38600000	11.71890000
10.77800000	7.25520000
6.95110000	4.76640000
4.99850000	3.70210000
3.74890000	3.11020000
3.04600000	2.70280000
2.49930000	2.38860000
2.26490000	2.14090000
4.06130000	1.93900000
4.21750000	1.82720000
5.07660000	3.59120000
3.74890000	2.25340000
2.73360000	1.80390000
2.26490000	1.60180000
3.28030000	2.51080000
2.88980000	1.99740000
2.03060000	1.60570000
1.56200000	1.41890000
1.32770000	1.31440000
1.17150000	1.22070000
1.09340000	1.14710000
0.93720000	1.08600000
0.85910000	1.03320000
0.75760000	0.98670000
0.64820000	0.94530000
0.55450000	0.90820000
0.44520000	0.87460000
0.35930000	0.84400000
0.38270000	0.81580000
0.32800000	0.78960000
0.33580000	0.76520000
0.32020000	0.74240000
0.24210000	0.72080000
0.30460000	0.72520000
0.38270000	0.76840000
0.35930000	0.80460000
0.53890000	0.82360000
0.75760000	0.87790000
0.49200000	0.88730000
0.32020000	0.84740000
0.24210000	0.79910000
0.21870000	0.75370000
0.20310000	0.72610000
0.18740000	0.68190000
0.14840000	0.64790000
0.14060000	0.61950000
0.14060000	0.59450000
0.14840000	0.57210000
0.12500000	0.55170000
0.12500000	0.53300000
0.11720000	0.51570000
0.14060000	0.51260000
0.14840000	0.48840000
0.14840000	0.47140000
0.14840000	0.45720000
0.18740000	0.46910000
1.40580000	0.67170000
0.52330000	0.78780000
0.19530000	0.80090000
0.14060000	0.75640000
0.13280000	0.69590000
0.13280000	0.66770000
0.18740000	0.68860000
0.14840000	0.70030000
0.13280000	0.66640000
0.11720000	0.62110000
0.10150000	0.57820000
0.11720000	0.55110000
0.19530000	0.54560000
0.20310000	0.54620000
0.26550000	0.56530000
0.21090000	0.52740000
0.16400000	0.50790000
0.14840000	0.48090000
0.14060000	0.45460000
0.13280000	0.43090000
0.11720000	0.40990000
0.12500000	0.39140000
0.14840000	0.37500000
0.13280000	0.36010000
0.10150000	0.34670000
0.12500000	0.33450000
0.18740000	0.35340000
0.25770000	0.38140000
0.12500000	0.40920000
0.09370000	0.42100000
0.08590000	0.39950000
0.09370000	0.37590000
0.08590000	0.35430000
0.06790000	0.33530000
0.08590000	0.34030000
0.10930000	0.36250000
0.08590000	0.39240000
0.07110000	0.40480000
0.07580000	0.38630000
0.07420000	0.36200000
0.07340000	0.33900000
0.23430000	0.48190000
0.28900000	0.67720000
0.14840000	0.72520000
0.12500000	0.71460000
0.11720000	0.65550000
0.11720000	0.60920000
0.10930000	0.54050000
0.08590000	0.52590000
0.08590000	0.48960000
0.24210000	0.46920000
0.18740000	0.42280000
0.16400000	0.42900000
0.10150000	0.40830000
0.06790000	0.38270000
0.07260000	0.35850000
0.07810000	0.33720000
0.28120000	0.35440000
0.93720000	1.44630000
2.26490000	3.21190000
2.73360000	4.33910000
1.09340000	2.49830000
0.66390000	1.81490000
0.60920000	1.49150000
1.09340000	1.82550000
0.75760000	1.42720000
0.60140000	1.26400000
0.55450000	1.12370000
0.46860000	1.00460000
0.38270000	0.90510000
0.37490000	0.82180000
0.32800000	0.75250000
0.32020000	0.69420000
0.30460000	0.64490000
0.28900000	0.60300000
0.28900000	0.56710000
0.29680000	0.53610000
0.30460000	0.50910000
0.35150000	0.49980000
0.35930000	0.46870000
0.32800000	0.47300000
0.30460000	0.45890000
0.28900000	0.44070000
0.26550000	0.42290000
0.23430000	0.40650000
0.21090000	0.39150000
0.18740000	0.37780000
0.19530000	0.36520000
0.19530000	0.35350000
0.19530000	0.34260000
0.19530000	0.33240000
0.42960000	0.38740000
0.58580000	0.43520000
0.42960000	0.47940000
0.36710000	0.46470000
0.34360000	0.44780000
0.33580000	0.41190000
0.36710000	0.42760000
0.49990000	0.39580000
0.50770000	0.43330000
0.55450000	0.43510000
0.60140000	0.43400000
0.57010000	0.44100000
0.50770000	0.43750000
0.45300000	0.41310000
0.46080000	0.38600000
0.72630000	0.96000000
1.40580000	1.77070000
0.93720000	1.06430000
0.71070000	0.85180000
0.63260000	0.73200000
0.57800000	0.64770000
0.54670000	0.58150000
0.60920000	0.52740000
0.50770000	0.48300000
0.46860000	0.44560000
0.43740000	0.41390000
0.41390000	0.38710000
0.54670000	0.37740000
0.58580000	0.37940000
0.49200000	0.39460000
0.42960000	0.41010000
0.46080000	0.39330000
0.45300000	0.36990000
0.45300000	0.34760000
0.45300000	0.32770000
0.44520000	0.31020000
0.49200000	0.31960000
0.63260000	0.37040000
0.50770000	0.40350000
0.46860000	0.42210000
0.46860000	0.40170000
0.62480000	0.39730000
0.58580000	0.39670000
0.47640000	0.41650000
0.41390000	0.39690000
0.36710000	0.36940000
0.33580000	0.34320000
0.32020000	0.32010000
0.32800000	0.30510000
0.33580000	0.28470000
0.32800000	0.27340000
0.29680000	0.26070000
0.26550000	0.24870000
0.78100000	0.23790000
1.87440000	0.22810000
1.01530000	0.21930000
0.64040000	0.21130000
0.50770000	0.20400000
0.41390000	0.19730000
0.46080000	0.19110000
0.68730000	0.18520000
0.54670000	0.17970000
0.47640000	0.17450000
0.46860000	0.16960000
0.43740000	0.16490000
0.66390000	0.16040000
1.48390000	0.15610000
1.17150000	0.15200000
1.32770000	0.14800000
3.12410000	0.14420000
2.81170000	0.14050000
2.26490000	0.13690000
1.95250000	0.13340000
2.18680000	0.13060000
3.51460000	2.04350000
5.77950000	5.04270000
3.90510000	4.01250000
2.81170000	2.51580000
2.34310000	1.99600000
1.95250000	1.69100000
1.56200000	1.45290000
1.32770000	1.25990000
1.17150000	1.10350000
1.71820000	0.97530000
8.51310000	4.39950000
6.56050000	5.26970000
5.85760000	3.68530000
4.21750000	3.18180000
3.28030000	2.57650000
2.65550000	2.25140000
2.18680000	1.97080000
2.03060000	1.73800000
1.87440000	1.54840000
1.95250000	1.55590000
3.12410000	2.82590000
2.65550000	2.74050000
2.10870000	2.22900000
1.79630000	2.01380000
1.64010000	1.80100000
3.28030000	1.89690000
4.29560000	2.28000000
3.20220000	1.98120000
2.42120000	1.86620000
1.79630000	1.69950000
1.40580000	1.53930000
1.24960000	1.39990000
1.09340000	1.28170000
1.17150000	1.18540000
1.17150000	1.10940000
1.56200000	1.03440000
10.69990000	8.41010000
6.87290000	10.28990000
4.06130000	6.21810000
6.40430000	8.06610000
4.37370000	7.75400000
2.96790000	4.81750000
2.65550000	3.77420000
2.57740000	3.19230000
2.18680000	2.78930000
2.03060000	2.47450000
1.95250000	2.22000000
1.87440000	2.02530000
2.18680000	2.26310000
2.49930000	2.36050000
2.42120000	3.27780000
2.34310000	4.29900000
2.81170000	4.83890000
3.43650000	4.05420000
3.28030000	3.03100000
2.81170000	2.65010000
2.34310000	2.36050000
5.15470000	5.92970000
4.92040000	8.29970000
3.59270000	6.63020000
2.96790000	5.05340000
2.49930000	3.65910000
2.18680000	3.18830000
3.35840000	3.73300000
5.23280000	10.33880000
3.67080000	12.76610000
2.81170000	11.27480000
2.42120000	9.91030000
2.10870000	8.65490000
1.87440000	6.96870000
1.71820000	5.93420000
1.56200000	4.51730000
1.48390000	3.90370000
1.40580000	4.24270000
1.32770000	3.54950000
1.17150000	3.21150000
1.09340000	3.00770000
1.01530000	2.84870000
0.93720000	2.63490000
0.85910000	2.42740000
0.78100000	2.24770000
0.77320000	2.09420000
0.76540000	1.96290000
1.09340000	2.14470000
1.17150000	1.88210000
0.93720000	1.77430000
0.85910000	1.69150000
0.78100000	1.60330000
0.72630000	1.52930000
0.70290000	1.46940000
0.74200000	1.40840000
0.67170000	1.35530000
0.66390000	1.31460000
0.70290000	1.26590000
0.65610000	1.22380000
0.60920000	1.18560000
0.56230000	1.15010000
0.51550000	1.11660000
0.46860000	1.08490000
0.42170000	1.05470000
0.49200000	1.04830000
1.64010000	1.30950000
1.71820000	1.26920000
1.40580000	1.24060000
1.24960000	1.19400000
1.40580000	1.15600000
1.24960000	1.08420000
0.93720000	1.06180000
0.78100000	1.01940000
0.69510000	0.97490000
0.61700000	0.93340000
0.53110000	0.89570000
0.44520000	0.86170000
0.38270000	0.83070000
0.35150000	0.80220000
0.50770000	0.81390000
1.64010000	1.94960000
1.17150000	1.35970000
0.85910000	1.15240000
0.68730000	1.03860000
1.87440000	1.37800000
3.12410000	1.96580000
1.79630000	1.47270000
1.40580000	1.27500000
1.01530000	1.14700000
0.85910000	1.04980000
0.71850000	0.97050000
0.60140000	0.90390000
0.48420000	0.84770000
0.43740000	0.79920000
0.38270000	0.75720000
0.32800000	0.72050000
0.29680000	0.68810000
0.25770000	0.65930000
0.21090000	0.63340000
0.17960000	0.61000000
0.17960000	0.59210000
0.20310000	0.57000000
0.21090000	0.55100000
0.17960000	0.53380000
0.15620000	0.51780000
0.13280000	0.50270000
0.12500000	0.48840000
0.10930000	0.47480000
0.08590000	0.46180000
0.10150000	0.45330000
0.10150000	0.43860000
0.08590000	0.42620000
0.08590000	0.41490000
0.07260000	0.40400000
0.06870000	0.39360000
0.06400000	0.38350000
0.05620000	0.37370000
0.05780000	0.36420000
0.06090000	0.35500000
0.05470000	0.34600000
0.10930000	0.41870000
0.08590000	0.53340000
0.07260000	0.57610000
0.15620000	0.62460000
0.24990000	0.64450000
0.14840000	0.61550000
0.11720000	0.56930000
0.10150000	0.56330000
0.14060000	0.56060000
0.08590000	0.55420000
0.06480000	0.52050000
0.07190000	0.49790000
0.06560000	0.45450000
0.05230000	0.42240000
0.04370000	0.39640000
0.04690000	0.37450000
0.03980000	0.35550000
0.03280000	0.33890000
0.02890000	0.32420000
0.03050000	0.31110000
0.08590000	0.42900000
0.15620000	0.64760000
0.07260000	0.72010000
0.05310000	0.68520000
0.05470000	0.63920000
0.04920000	0.57080000
0.04140000	0.53260000
0.04690000	0.49280000
0.04370000	0.46350000
0.04840000	0.43140000
0.04530000	0.40180000
0.03910000	0.37610000
0.03200000	0.35390000
0.02500000	0.33460000
0.02110000	0.31780000
0.01720000	0.30310000
0.01410000	0.29000000
0.01090000	0.27830000
0.01250000	0.26770000
0.02110000	0.27590000
0.04220000	0.27300000
0.05310000	0.27480000
0.05000000	0.28910000
0.04530000	0.28130000
0.09370000	0.28970000
0.07420000	0.26190000
0.10150000	0.28810000
0.10930000	0.34110000
0.10150000	0.37870000
0.07420000	0.37320000
0.05470000	0.36210000
0.03910000	0.32660000
0.02730000	0.30010000
0.03120000	0.28720000
0.06250000	0.28070000
0.06250000	0.25240000
0.02340000	0.25260000
0.00780000	0.24240000
0.00620000	0.23030000
0.00620000	0.21890000
0.03200000	0.22050000
0.01330000	0.20300000
0.01020000	0.20630000
0.01020000	0.18840000
0.00780000	0.18480000
0.00550000	0.17870000
0.00390000	0.17220000
0.00310000	0.16610000
0.00230000	0.16030000
0.00080000	0.15500000
0.00160000	0.16190000
0.00550000	0.14910000
0.00780000	0.15490000
0.71850000	0.53610000
2.34310000	4.76450000
0.61700000	2.89530000
0.26550000	2.14890000
0.16400000	1.74860000
0.15620000	1.49280000
2.26490000	1.68390000
9.05980000	10.65930000
3.59270000	7.80150000
2.03060000	3.94400000
1.17150000	2.61090000
0.78100000	2.05120000
0.65610000	1.75470000
0.57010000	1.53580000
0.47640000	1.38700000
0.40610000	1.27270000
0.32020000	1.15900000
0.26550000	1.05860000
0.24990000	0.97290000
0.24210000	0.90040000
0.32800000	0.90380000
0.46860000	0.90990000
0.35930000	0.91870000
0.30460000	0.87290000
0.48420000	0.88840000
0.57800000	0.90180000
0.40610000	0.91580000
0.31240000	0.86940000
0.28120000	0.81270000
0.37490000	0.77400000
0.44520000	0.72980000
0.60920000	0.71530000
0.67950000	0.70340000
0.72630000	0.70280000
1.32770000	0.69190000
1.17150000	0.64320000
1.17150000	0.65580000
1.64010000	0.63210000
2.57740000	0.68720000
2.73360000	0.71750000
2.57740000	1.03450000
1.56200000	1.49750000
1.01530000	1.14160000
4.21750000	3.48600000
3.51460000	1.89730000
2.34310000	1.36970000
1.79630000	1.13570000
1.40580000	0.99860000
1.17150000	0.90030000
1.01530000	0.82130000
0.93720000	0.75730000
1.09340000	0.70320000
1.17150000	0.65720000
1.01530000	0.61780000
1.32770000	1.19800000
1.32770000	0.82460000
1.17150000	0.74650000
1.01530000	0.68770000
0.93720000	0.63870000
0.93720000	0.59710000
0.85910000	0.56120000
0.85910000	0.53060000
1.32770000	0.53540000
1.24960000	0.54040000
1.24960000	0.58800000
1.24960000	0.74380000
1.24960000	0.89880000
1.17150000	0.97080000
1.01530000	1.08720000
0.93720000	1.03220000
0.93720000	0.94090000
0.85910000	0.85250000
0.93720000	0.79370000
0.93720000	0.71610000
0.93720000	0.81060000
0.93720000	0.78600000
0.93720000	0.73740000
0.93720000	0.76630000
1.71820000	2.16600000
2.03060000	2.04670000
1.56200000	1.76680000
1.40580000	1.53970000
1.24960000	1.35540000
1.09340000	1.20450000
1.09340000	1.07960000
1.09340000	0.98010000
1.09340000	0.89530000
1.09340000	0.83170000
2.10870000	3.95910000
2.10870000	2.97190000
1.71820000	2.24730000
1.56200000	1.86860000
1.48390000	1.63060000
1.40580000	1.43560000
1.24960000	1.40900000
1.24960000	1.30290000
1.17150000	1.19350000
1.32770000	1.25030000
1.32770000	1.19260000
1.24960000	1.25530000
1.09340000	1.18850000
1.01530000	1.09630000
1.95250000	2.21520000
1.79630000	2.27670000
1.40580000	1.91960000
1.09340000	1.67390000
0.85910000	1.48600000
0.76540000	1.33500000
0.72630000	1.21020000
0.64040000	1.10680000
0.59360000	1.02010000
0.57800000	0.94700000
0.57800000	0.88480000
0.55450000	0.83160000
0.58580000	0.79280000
0.71070000	0.74950000
1.09340000	0.84360000
2.49930000	3.39470000
1.48390000	2.84560000
1.24960000	2.21470000
1.01530000	1.86870000
0.93720000	1.63390000
1.64010000	1.64880000
5.38900000	6.02620000
3.28030000	5.45350000
2.26490000	3.40960000
1.56200000	2.62020000
1.24960000	2.20770000
1.09340000	1.93340000
0.93720000	1.72270000
0.78100000	1.55420000
0.78100000	1.41560000
0.75760000	1.29960000
0.71070000	1.20200000
0.67950000	1.11930000
0.65610000	1.04880000
0.65610000	0.98820000
0.65610000	0.93570000
0.66390000	0.88990000
0.64040000	0.84950000
0.60140000	0.81360000
0.55450000	0.78150000
0.56230000	0.75240000
0.64820000	0.73400000
0.68730000	0.70660000
0.66390000	0.68920000
0.60920000	0.67330000
0.60140000	0.65310000
0.58580000	0.63270000
0.58580000	0.61320000
0.59360000	0.59480000
0.55450000	0.57750000
0.53890000	0.56100000
0.53890000	0.54540000
0.54670000	0.53040000
0.53110000	0.51610000
0.47640000	0.50230000
0.93720000	0.48910000
1.87440000	0.47630000
1.48390000	0.46390000
1.32770000	0.45200000
1.17150000	0.44040000
1.01530000	0.42920000
1.01530000	0.41820000
0.93720000	0.40760000
0.85910000	0.39730000
0.93720000	0.38730000
1.32770000	0.40000000
2.96790000	4.41810000
3.67080000	5.00860000
3.98320000	4.13820000
6.71670000	5.92430000
8.04450000	5.50300000
7.57590000	4.31250000
6.40430000	4.86720000
5.46710000	4.40000000
4.60800000	4.05680000
4.06130000	3.83200000
3.59270000	3.10910000
3.04600000	3.27450000
2.96790000	3.32870000
2.88980000	4.38570000
3.20220000	5.24510000
2.73360000	5.66020000
4.60800000	11.53760000
6.24810000	9.95730000
4.84230000	5.72910000
4.45180000	4.18320000
4.76420000	5.38050000
7.18540000	8.71550000
5.46710000	7.00430000
4.13940000	4.60820000
3.59270000	3.61660000
3.35840000	3.09340000
3.28030000	2.74220000
3.04600000	2.47190000
2.73360000	2.25410000
2.49930000	2.07330000
2.34310000	1.92100000
2.10870000	1.79170000
6.40430000	4.96800000
6.95110000	6.15650000
4.76420000	3.78160000
3.43650000	2.36440000
2.73360000	1.87120000
2.34310000	1.66010000
2.34310000	1.75240000
4.68610000	3.71970000
4.52990000	2.89530000
3.35840000	1.98690000
2.73360000	1.68010000
2.34310000	1.52340000
4.52990000	3.25470000
3.90510000	2.66730000
2.88980000	1.87450000
2.65550000	1.57530000
2.26490000	1.41410000
1.95250000	1.32990000
1.79630000	1.25390000
1.64010000	1.18760000
1.48390000	1.12930000
1.40580000	1.07770000
1.40580000	1.04890000
1.40580000	0.99590000
1.87440000	1.01360000
17.65100000	14.03210000
13.27730000	15.13220000
9.29410000	9.30520000
6.09190000	5.08950000
4.92040000	4.15030000
6.17000000	5.12900000
5.07660000	3.61970000
4.13940000	3.21780000
3.35840000	2.86530000
2.81170000	2.55540000
2.57740000	2.30240000
2.26490000	2.08020000
1.95250000	1.89820000
1.79630000	1.74610000
1.64010000	1.61810000
1.48390000	1.50960000
1.40580000	1.41680000
1.24960000	1.35890000
1.40580000	1.32770000
2.81170000	2.18020000
2.10870000	1.63680000
1.71820000	1.45440000
2.03060000	1.36510000
1.64010000	1.26240000
1.32770000	1.22250000
1.01530000	1.16470000
0.93720000	1.10760000
1.48390000	1.09690000
1.32770000	1.10200000
1.01530000	1.12180000
1.01530000	1.07590000
0.85910000	1.03020000
2.73360000	2.79610000
3.74890000	2.51670000
3.28030000	1.63380000
2.34310000	1.32360000
1.79630000	1.17550000
1.56200000	1.08140000
1.24960000	1.00900000
1.01530000	0.94970000
0.77320000	0.89910000
0.63260000	0.85500000
0.53890000	0.82370000
0.42960000	0.78380000
0.37490000	0.75110000
0.36710000	0.74960000
1.79630000	3.77090000
1.56200000	1.97130000
1.17150000	1.37460000
0.85910000	1.13790000
0.63260000	1.01390000
1.64010000	0.95780000
1.48390000	0.91350000
1.17150000	0.89290000
1.09340000	0.83820000
0.93720000	0.78720000
0.85910000	1.13240000
0.93720000	1.01060000
0.93720000	0.95880000
0.77320000	0.88930000
0.62480000	0.82540000
0.64040000	0.78420000
0.70290000	0.75500000
0.58580000	0.73400000
0.49990000	0.69720000
0.55450000	0.74680000
0.53110000	0.89760000
0.47640000	0.95010000
0.39830000	0.91310000
0.32800000	0.85530000
0.28120000	0.78720000
0.23430000	0.72960000
0.20310000	0.68080000
0.19530000	0.64730000
0.18740000	0.60580000
0.14840000	0.57300000
0.14060000	0.54790000
0.14060000	0.54560000
0.13280000	0.50690000
0.27340000	0.57510000
0.20310000	0.62200000
0.14840000	0.61580000
0.12500000	0.58440000
0.10930000	0.55020000
0.10930000	0.51880000
0.93720000	3.82270000
0.67950000	2.25770000
0.42960000	2.19670000
0.33580000	1.62500000
0.24210000	1.38380000
0.17960000	1.21250000
0.15620000	1.08410000
0.13280000	0.96990000
0.11720000	0.87770000
0.10150000	0.80190000
0.09370000	0.73860000
0.54670000	1.56380000
0.60140000	1.24870000
0.40610000	1.12500000
0.28900000	1.05170000
0.44520000	1.07270000
0.53890000	1.09960000
0.52330000	1.07340000
0.43740000	0.99690000
0.38270000	0.92730000
0.28120000	0.84400000
0.21870000	0.77560000
0.34360000	0.78510000
0.48420000	0.79670000
0.35150000	0.78170000
0.32800000	0.74500000
0.24990000	0.68550000
0.21090000	0.63850000
0.18740000	0.59970000
0.57800000	1.02810000
0.93720000	0.92610000
0.67950000	0.89100000
0.49990000	0.82480000
0.36710000	0.75780000
0.30460000	0.69840000
0.25770000	0.64730000
0.20310000	0.60390000
0.17960000	0.56670000
0.14840000	0.53470000
0.17180000	0.53240000
0.15620000	0.49030000
0.13280000	0.50670000
0.11720000	0.49210000
0.10930000	0.47030000
0.09370000	0.44860000
0.07810000	0.42880000
0.07110000	0.41100000
0.06790000	0.39490000
0.08590000	0.39770000
0.10150000	0.37230000
0.10150000	0.41410000
0.10150000	0.39180000
0.08590000	0.41680000
0.07810000	0.40670000
0.07810000	0.38810000
0.07730000	0.36910000
0.07810000	0.35180000
0.06480000	0.33620000
0.06560000	0.32230000
0.14060000	0.38340000
0.11720000	0.43860000
0.36710000	0.59730000
0.49200000	0.81410000
0.24990000	0.87830000
0.16400000	0.86800000
0.12500000	0.79490000
0.36710000	0.82440000
0.30460000	0.84260000
0.20310000	0.83680000
0.17960000	0.77180000
0.35150000	0.73390000
0.28120000	0.69930000
0.20310000	0.71590000
0.17960000	0.65760000
0.16400000	0.64410000
0.17180000	0.60120000
0.15620000	0.55560000
0.17180000	0.51450000
0.16400000	0.47900000
0.20310000	0.44850000
0.18740000	0.42230000
0.18740000	0.39970000
0.70290000	1.01550000
0.69510000	0.83770000
0.49990000	0.76280000
0.42960000	0.68880000
0.42960000	0.62370000
0.44520000	0.56840000
0.43740000	0.52160000
0.43740000	0.48240000
0.44520000	0.44920000
0.41390000	0.42080000
0.46080000	0.41870000
0.57010000	0.42670000
0.74200000	0.48580000
1.01530000	1.65400000
0.54670000	1.09580000
0.38270000	0.88880000
0.28900000	0.76830000
0.20310000	0.68270000
0.17960000	0.61550000
0.23430000	0.56020000
0.21870000	0.51460000
0.17180000	0.47620000
0.26550000	0.44370000
0.33580000	0.41590000
0.44520000	0.39880000
0.57010000	0.43640000
0.57010000	0.52070000
0.46080000	0.54610000
0.33580000	0.53600000
0.28120000	0.50110000
0.38270000	0.52910000
0.56230000	0.73710000
0.51550000	0.69760000
0.42170000	0.67400000
0.32800000	0.62070000
0.85910000	1.79250000
3.04600000	5.39120000
1.79630000	2.43820000
1.09340000	1.52830000
1.01530000	1.18630000
2.57740000	4.06830000
1.64010000	3.03430000
1.17150000	2.33020000
0.93720000	1.93490000
0.78100000	1.66410000
0.69510000	1.45650000
0.61700000	1.28860000
0.56230000	1.15240000
0.85910000	1.03960000
1.09340000	0.94580000
0.93720000	0.86740000
1.40580000	0.80160000
3.20220000	3.25240000
1.87440000	4.49760000
1.48390000	4.06130000
1.56200000	3.25000000
1.01530000	2.53100000
0.85910000	2.25000000
0.63260000	2.00750000
0.54670000	1.78410000
0.50770000	1.59300000
0.68730000	1.43300000
0.71850000	1.29960000
0.61700000	1.18800000
0.52330000	1.09440000
0.46080000	1.01540000
0.46080000	0.94830000
0.64040000	0.90900000
0.57800000	0.84670000
0.47640000	1.03170000
0.42170000	1.02490000
0.39830000	0.96850000
3.20220000	5.81890000
7.57590000	8.50840000
3.98320000	5.37340000
2.81170000	3.53630000
1.87440000	2.76710000
1.48390000	2.34370000
1.17150000	2.05040000
0.93720000	1.82410000
0.78100000	1.64260000
0.68730000	1.49240000
0.85910000	1.36680000
0.78100000	1.26130000
0.70290000	1.17220000
0.67170000	1.09630000
0.75760000	1.03130000
0.67170000	0.97520000
0.59360000	0.92620000
0.57800000	0.88320000
0.54670000	0.84510000
0.53110000	0.81100000
0.60140000	0.78030000
0.62480000	0.75230000
0.58580000	0.72670000
0.61700000	0.70300000
0.61700000	0.68100000
0.60140000	0.66040000
0.58580000	0.64100000
0.57800000	0.62260000
0.56230000	0.60510000
0.55450000	0.58850000
0.57010000	0.57250000
0.57800000	0.55720000
0.56230000	0.54250000
0.55450000	0.52830000
0.57800000	0.51450000
0.56230000	0.50120000
0.55450000	0.48840000
0.56230000	0.47590000
0.61700000	0.46380000
0.53890000	0.45200000
0.49200000	0.44060000
0.49990000	0.42940000
0.47640000	0.41860000
0.41390000	0.40810000
0.49200000	0.39780000
0.71850000	0.38780000
0.74200000	0.37810000
0.77320000	0.36860000
0.74200000	0.35940000
0.64820000	0.35040000
0.63260000	0.34160000
0.73420000	0.83930000
0.73420000	0.59940000
0.66390000	0.53530000
0.74200000	0.53610000
1.01530000	0.56840000
1.09340000	0.98370000
1.01530000	1.10190000
0.93720000	1.07470000
0.85910000	0.97790000
0.93720000	0.88450000
0.85910000	0.79290000
0.85910000	0.72770000
0.78100000	0.67610000
0.85910000	0.62300000
0.74200000	0.57650000
0.73420000	0.54320000
0.68730000	0.50490000
0.67950000	0.48280000
0.60920000	0.46080000
0.59360000	0.43720000
1.09340000	0.43450000
1.17150000	0.40770000
1.01530000	0.51900000
0.85910000	0.56810000
0.78100000	0.54680000
0.71850000	0.51040000
0.60920000	0.47470000
0.57800000	0.44300000
0.74980000	0.41560000
1.01530000	0.39190000
0.93720000	0.37140000
0.85910000	0.35350000
0.74200000	0.33840000
0.73420000	0.32420000
0.70290000	0.31110000
0.75760000	0.31840000
0.93720000	0.34560000
1.09340000	0.43850000
1.24960000	0.59030000
1.40580000	0.77490000
1.64010000	0.87060000
2.34310000	1.13880000
3.59270000	1.47540000
3.67080000	1.73540000
16.71380000	9.32000000
26.94510000	15.04800000
20.54070000	12.17210000
16.40140000	7.54670000
11.87150000	4.95600000
8.66930000	3.96510000
6.79480000	3.35320000
5.93570000	2.90420000
5.93570000	4.71010000
8.66930000	9.50890000
6.79480000	8.07510000
5.70140000	4.74720000
5.46710000	3.64000000
5.93570000	3.64960000
6.95110000	3.92200000
7.26350000	4.84010000
7.02920000	5.42220000
6.95110000	6.08250000
7.49780000	7.13440000
9.13790000	8.64460000
8.20070000	8.37240000
8.27880000	8.87620000
9.52840000	10.30930000
7.57590000	8.45630000
5.93570000	5.38880000
4.92040000	4.20750000
4.06130000	3.58910000
3.51460000	3.17260000
2.96790000	2.84960000
2.57740000	2.58820000
2.42120000	2.37350000
2.26490000	2.19950000
2.03060000	2.04290000
1.79630000	1.91190000
1.56200000	1.80010000
1.40580000	1.70360000
1.24960000	1.61950000
1.09340000	1.54540000
0.85910000	1.47970000
0.78100000	1.42080000
0.73420000	1.36760000
0.71070000	1.31910000
0.64040000	1.27460000
0.58580000	1.23340000
0.59360000	1.20640000
0.64820000	1.16240000
0.60920000	1.12610000
0.67170000	1.09330000
0.78100000	1.06250000
0.70290000	1.03330000
0.64040000	1.00540000
0.57800000	0.97860000
0.57010000	0.96300000
0.46860000	0.93090000
0.34360000	0.90460000
0.35930000	0.89480000
0.44520000	0.86210000
0.53110000	0.86310000
0.48420000	0.84460000
0.39830000	0.82110000
0.30460000	0.79730000
0.28120000	0.77440000
0.25770000	0.75250000
0.25770000	0.73990000
0.22650000	0.71420000
0.28120000	0.69320000
0.54670000	0.74570000
0.70290000	0.87440000
0.59360000	0.94860000
0.44520000	0.94820000
0.35930000	0.90320000
0.28900000	0.84860000
2.18680000	1.25360000
2.96790000	2.73650000
1.87440000	1.79060000
1.32770000	1.44400000
0.93720000	1.25550000
0.74200000	1.12650000
0.62480000	1.02610000
0.52330000	0.94340000
0.42170000	0.87510000
0.39830000	0.83820000
1.24960000	2.07340000
0.78100000	1.40800000
0.53890000	1.16860000
0.43740000	1.03460000
0.46860000	0.94090000
0.65610000	1.43380000
1.17150000	2.32880000
0.61700000	1.64140000
0.47640000	1.35540000
0.78100000	1.21590000
0.65610000	1.11850000
0.62480000	1.06090000
0.67170000	0.99970000
0.74980000	0.94430000
0.60920000	0.87970000
0.43740000	0.81960000
0.32020000	0.76700000
0.25770000	0.72150000
0.24210000	0.68210000
0.22650000	0.67490000
0.23430000	0.69930000
0.20310000	0.69930000
0.17960000	0.66960000
0.18740000	0.65610000
0.16400000	0.60920000
0.13280000	0.60220000
0.13280000	0.58600000
0.12500000	0.55530000
0.22650000	0.56130000
0.29680000	0.61560000
0.22650000	0.68280000
0.18740000	0.69290000
0.17180000	0.65830000
0.15620000	0.61630000
0.12500000	0.57710000
0.17180000	0.56050000
0.28900000	0.56780000
0.20310000	0.58570000
0.14060000	0.58680000
0.10930000	0.55870000
0.08590000	0.52600000
0.07810000	0.49560000
0.07650000	0.46870000
0.06090000	0.44520000
0.15620000	0.49220000
0.14840000	0.53430000
0.11720000	0.54020000
0.07500000	0.51400000
0.07260000	0.48260000
0.07110000	0.45330000
0.06870000	0.42740000
0.07340000	0.40480000
0.06790000	0.38500000
0.08590000	0.40590000
0.07810000	0.42620000
0.07420000	0.45140000
0.06400000	0.43590000
0.06090000	0.41150000
0.03910000	0.38750000
0.03200000	0.37350000
0.03910000	0.34940000
0.06480000	0.36560000
0.06010000	0.39500000
0.05390000	0.41540000
0.05000000	0.40080000
0.04220000	0.37740000
0.03670000	0.35420000
0.03830000	0.33360000
0.04060000	0.31550000
0.04140000	0.31390000
0.04450000	0.30180000
0.04690000	0.30620000
0.04370000	0.28980000
0.03590000	0.27530000
0.02970000	0.26270000
0.02190000	0.25160000
0.02660000	0.24160000
0.04060000	0.23260000
0.08590000	0.25250000
0.04530000	0.26640000
0.03830000	0.28050000
0.20310000	0.39550000
0.13280000	0.48370000
0.06640000	0.52010000
0.10930000	0.48910000
0.09370000	0.45250000
0.06720000	0.40640000
0.05000000	0.36930000
0.04370000	0.33870000
0.03830000	0.31310000
0.03750000	0.29160000
0.05390000	0.27320000
0.05080000	0.25740000
0.05000000	0.24370000
0.06250000	0.24510000
0.05550000	0.22530000
0.05620000	0.23240000
0.06400000	0.22590000
0.07190000	0.21630000
0.07650000	0.21730000
0.09370000	0.20100000
0.21870000	0.32170000
0.14060000	0.49660000
0.08590000	0.54410000
0.05080000	0.53660000
0.06950000	0.52890000
0.11720000	0.60120000
0.07580000	0.62220000
0.10150000	0.63060000
0.09370000	0.56580000
0.07110000	0.54960000
0.05780000	0.50490000
0.03120000	0.45830000
0.02970000	0.41680000
0.02810000	0.38150000
0.02810000	0.35160000
0.02500000	0.33000000
0.03120000	0.30600000
0.02730000	0.28690000
0.02340000	0.27080000
0.02340000	0.25700000
0.01950000	0.24490000
0.01640000	0.23420000
0.01800000	0.22470000
0.02030000	0.22110000
0.04690000	0.23460000
0.04450000	0.24880000
0.23430000	0.43360000
0.15620000	0.54490000
0.07110000	0.58700000
0.04530000	0.54900000
0.02730000	0.49620000
0.02660000	0.44680000
0.02110000	0.40420000
0.02030000	0.36830000
0.02420000	0.33820000
0.03590000	0.31290000
0.04450000	0.29140000
0.03750000	0.27310000
0.03980000	0.25730000
0.03910000	0.24370000
0.04530000	0.23180000
0.06330000	0.24480000
0.06870000	0.21900000
0.08590000	0.27900000
0.08590000	0.27140000
0.11720000	0.30200000
0.12500000	0.32050000
0.10150000	0.33730000
0.08590000	0.34560000
0.06790000	0.33270000
0.06170000	0.30300000
0.06170000	0.28830000
0.05470000	0.26930000
0.05000000	0.25110000
0.05080000	0.23500000
0.05000000	0.22470000
0.05470000	0.21010000
0.06870000	0.19890000
0.06330000	0.18940000
0.05550000	0.18120000
0.05860000	0.18320000
0.06480000	0.17010000
0.05310000	0.17610000
0.04530000	0.17200000
0.04530000	0.16540000
0.04840000	0.16100000
0.07190000	0.17470000
0.07810000	0.18980000
0.07260000	0.22120000
0.10150000	0.23830000
0.17180000	0.29080000
0.17960000	0.36320000
0.14840000	0.38180000
0.10150000	0.38510000
0.08590000	0.35580000
0.07810000	0.32490000
0.07580000	0.29230000
0.07420000	0.26560000
0.07500000	0.24340000
0.08590000	0.28480000
0.07810000	0.32860000
0.07810000	0.36870000
0.08590000	0.35130000
0.09370000	0.32880000
0.15620000	0.30820000
0.48420000	0.43390000
0.32800000	0.52620000
0.21870000	0.56520000
0.54670000	0.60620000
0.59360000	0.68080000
0.42170000	0.68250000
0.35150000	0.64110000
0.28900000	0.57680000
0.24990000	0.52770000
0.49200000	0.53750000
0.56230000	0.55880000
0.38270000	0.57610000
0.30460000	0.54200000
0.24210000	0.49460000
0.22650000	0.44980000
0.19530000	0.41110000
0.19530000	0.37820000
0.19530000	0.35040000
0.16400000	0.32680000
0.15620000	0.30670000
0.14840000	0.28930000
0.14840000	0.27430000
0.14840000	0.26320000
0.18740000	0.28070000
0.21090000	0.30750000
0.21090000	0.35660000
0.21870000	0.35620000
0.25770000	0.34350000
0.24210000	0.33510000
0.41390000	1.10120000
0.64820000	0.77200000
0.46860000	0.68490000
0.39050000	0.60770000
0.34360000	0.54150000
0.31240000	0.48610000
0.28120000	0.43950000
0.26550000	0.40110000
0.26550000	0.36870000
0.26550000	0.34150000
0.28120000	0.31840000
0.35930000	0.32420000
0.46860000	0.37570000
0.44520000	0.45310000
0.42170000	0.51290000
0.39050000	0.52510000
0.39050000	0.51280000
0.67950000	0.51530000
0.61700000	0.51140000
0.51550000	0.53210000
0.56230000	0.49990000
0.46080000	0.45810000
0.41390000	0.41910000
0.37490000	0.38540000
0.31240000	0.35660000
0.29680000	0.33220000
0.29680000	0.31140000
0.29680000	0.29350000
0.26550000	0.27800000
0.75760000	0.26450000
0.61700000	0.25250000
0.46080000	0.24190000
0.35930000	0.23240000
0.33580000	0.22380000
0.41390000	0.21590000
0.52330000	0.23430000
0.61700000	0.25220000
0.51550000	0.27980000
0.50770000	0.29620000
1.24960000	1.93720000
1.17150000	1.39240000
1.01530000	0.86100000
0.78100000	0.67380000
0.66390000	0.60610000
0.68730000	0.56000000
0.93720000	2.03040000
1.01530000	1.04460000
0.76540000	0.80870000
0.66390000	0.68510000
2.42120000	2.88280000
2.03060000	2.01330000
1.24960000	1.68240000
1.01530000	1.44020000
0.85910000	1.24850000
0.75760000	1.09300000
0.73420000	0.96480000
2.26490000	1.63520000
1.64010000	1.28810000
1.17150000	1.13830000
1.01530000	1.01090000
1.01530000	0.90760000
0.85910000	0.81620000
0.78100000	0.75010000
0.78100000	0.68170000
0.71850000	0.64850000
0.70290000	0.63060000
0.76540000	0.63990000
1.17150000	2.77280000
1.48390000	2.20730000
1.09340000	1.81560000
0.93720000	1.55430000
1.09340000	1.36860000
1.17150000	1.37530000
6.32620000	6.75500000
4.45180000	5.67970000
3.20220000	3.46660000
2.65550000	2.58720000
2.26490000	2.13340000
3.59270000	3.12020000
3.28030000	2.79960000
2.57740000	2.20390000
3.04600000	2.06970000
2.34310000	1.73560000
1.87440000	1.64260000
1.56200000	1.50530000
1.40580000	1.37230000
1.24960000	1.25610000
1.17150000	1.16050000
1.09340000	1.07410000
0.93720000	1.00190000
0.85910000	0.94060000
0.93720000	0.90720000
1.48390000	1.65710000
1.56200000	1.16540000
1.24960000	1.01270000
1.09340000	0.92630000
0.93720000	0.86420000
0.85910000	0.81380000
1.24960000	0.77070000
0.93720000	0.74650000
1.01530000	0.71520000
0.85910000	0.69600000
0.78100000	0.68260000
2.57740000	2.57870000
2.26490000	1.44330000
1.87440000	1.08000000
3.20220000	0.96310000
2.81170000	0.96020000
2.10870000	0.93960000
2.49930000	1.57850000
3.35840000	2.15650000
2.42120000	1.36990000
1.95250000	1.09060000
1.56200000	0.95280000
1.24960000	0.86400000
1.09340000	0.79610000
0.93720000	0.74050000
1.01530000	0.71340000
0.85910000	0.65990000
0.78100000	0.66310000
2.57740000	3.60370000
9.37220000	8.09100000
6.09190000	4.81380000
3.67080000	2.48960000
2.49930000	1.68490000
3.51460000	1.45340000
3.90510000	1.27650000
2.65550000	1.19900000
2.10870000	1.09920000
1.64010000	1.00380000
1.32770000	0.92040000
1.09340000	0.84920000
0.93720000	0.78890000
0.85910000	0.73750000
0.76540000	0.69340000
0.75760000	0.67250000
0.73420000	0.62740000
0.64040000	0.60250000
0.75760000	0.57680000
1.64010000	1.25710000
1.01530000	1.14390000
0.74980000	0.97070000
0.62480000	0.87870000
0.57010000	0.82540000
1.48390000	0.98970000
3.35840000	2.28010000
2.42120000	1.40210000
1.56200000	1.10520000
1.17150000	0.95520000
0.93720000	0.85710000
1.56200000	1.79090000
2.73360000	1.78520000
1.71820000	1.24770000
2.26490000	1.53150000
2.96790000	1.91300000
2.34310000	1.31360000
1.64010000	1.07470000
1.24960000	0.94170000
0.93720000	0.85100000
0.78100000	0.78020000
1.17150000	2.43950000
2.03060000	2.86860000
1.79630000	1.57320000
1.24960000	1.13530000
0.85910000	0.95070000
0.71070000	0.84700000
0.64820000	0.80340000
0.74980000	0.79120000
0.66390000	0.74730000
0.57010000	0.70120000
0.46860000	0.65630000
0.39830000	0.61620000
0.35930000	0.58130000
0.31240000	0.55080000
0.27340000	0.52420000
0.26550000	0.50070000
0.23430000	0.47980000
0.21090000	0.46100000
0.20310000	0.45110000
0.16400000	0.43060000
0.14840000	0.41480000
0.13280000	0.40110000
0.10930000	0.38860000
0.10150000	0.37700000
0.09370000	0.37670000
0.08590000	0.35880000
0.07810000	0.34660000
0.07810000	0.35950000
0.09370000	0.37950000
0.08590000	0.40280000
0.07030000	0.39290000
0.15620000	0.44930000
0.29680000	0.55030000
0.16400000	0.58170000
0.10150000	0.56290000
0.07110000	0.52270000
0.05860000	0.48210000
0.06870000	0.45760000
0.06010000	0.41860000
0.05390000	0.38950000
0.04300000	0.36600000
0.03200000	0.34620000
0.03910000	0.32890000
0.04060000	0.31380000
0.03280000	0.30040000
0.02890000	0.28840000
0.03670000	0.27750000
0.02970000	0.26770000
0.03440000	0.25860000
0.03280000	0.25020000
0.04370000	0.24240000
0.03510000	0.23510000
0.02420000	0.22820000
0.03200000	0.22170000
0.03830000	0.21550000
0.04060000	0.20960000
0.07190000	0.20390000
0.06400000	0.19850000
0.03360000	0.19320000
0.02580000	0.19520000
0.02660000	0.18540000
0.01480000	0.17910000
0.04530000	0.19810000
0.07030000	0.17670000
0.09370000	0.23890000
0.07810000	0.22430000
0.04690000	0.24490000
0.02730000	0.23760000
0.03910000	0.25530000
0.11720000	0.41690000
0.04690000	0.51310000
0.02730000	0.54110000
0.02340000	0.50860000
0.03510000	0.46860000
0.04300000	0.42540000
0.02730000	0.40740000
0.02420000	0.39190000
0.02030000	0.36170000
0.01870000	0.33130000
0.01800000	0.30440000
0.01560000	0.28140000
0.01330000	0.26190000
0.01410000	0.24520000
0.01250000	0.23090000
0.01170000	0.21850000
0.01560000	0.20770000
0.07030000	0.35320000
0.01950000	0.46170000
0.01800000	0.50750000
0.01720000	0.47780000
0.01640000	0.43330000
0.01560000	0.39110000
0.01480000	0.35460000
0.15620000	0.48360000
0.06250000	0.57900000
0.03120000	0.61670000
0.02340000	0.57510000
0.03670000	0.54730000
0.06640000	0.64300000
0.03510000	0.69170000
0.02580000	0.69780000
0.02260000	0.64250000
0.02190000	0.57900000
0.01800000	0.52170000
0.01560000	0.48350000
0.03200000	0.44900000
0.06400000	0.41280000
0.05230000	0.41570000
0.06010000	0.39380000
0.06560000	0.36770000
0.05550000	0.34340000
0.03050000	0.32210000
0.06170000	0.34100000
0.12500000	0.40100000
0.11720000	0.50250000
0.06480000	0.55180000
0.22650000	0.69180000
1.09340000	1.73700000
0.46080000	1.39790000
0.23430000	1.20820000
0.15620000	1.05250000
0.13280000	0.92450000
0.10150000	0.81920000
0.12500000	0.75320000
0.18740000	0.66650000
0.19530000	0.65780000
0.50770000	0.73230000
1.01530000	0.92440000
0.46860000	0.97780000
0.29680000	0.96080000
0.24210000	0.88200000
0.21090000	0.79770000
0.20310000	0.72270000
0.21090000	0.65870000
0.21090000	0.60490000
0.21090000	0.55960000
0.23430000	0.52840000
0.67170000	1.22420000
0.78100000	0.97420000
0.46860000	0.89230000
0.34360000	0.84530000
0.28900000	0.77400000
0.27340000	0.70970000
0.32800000	0.66060000
1.24960000	2.75910000
1.01530000	1.49310000
0.61700000	1.08040000
0.47640000	0.92810000
1.24960000	0.81510000
3.04600000	1.90580000
1.87440000	1.24280000
1.32770000	1.02650000
1.24960000	0.93730000
1.56200000	2.49430000
1.71820000	3.32470000
1.32770000	2.23940000
1.09340000	2.03250000
1.01530000	1.77770000
0.85910000	2.03270000
0.78100000	1.85270000
0.67950000	1.79830000
0.64820000	1.64090000
0.63260000	1.46960000
0.55450000	1.31670000
0.51550000	1.18690000
0.43740000	1.07820000
0.39830000	0.98720000
0.40610000	0.91080000
0.40610000	0.84620000
0.45300000	0.79120000
0.74980000	0.74420000
0.65610000	0.70350000
0.60140000	0.66810000
0.85910000	0.74110000
0.93720000	1.08140000
3.59270000	6.19510000
6.40430000	11.07680000
3.35840000	8.16040000
2.26490000	4.76030000
1.56200000	3.53820000
1.24960000	2.91850000
2.26490000	4.83830000
4.92040000	8.07750000
3.28030000	6.03120000
2.42120000	4.06650000
1.87440000	3.22780000
1.56200000	2.75470000
1.32770000	2.42400000
1.48390000	2.16600000
1.32770000	1.95780000
1.24960000	1.78550000
1.24960000	1.64110000
1.17150000	1.51950000
1.17150000	1.41640000
1.48390000	1.32840000
1.40580000	1.25260000
1.32770000	1.18700000
1.24960000	1.12960000
1.17150000	1.07890000
1.17150000	1.03380000
1.09340000	0.99330000
1.01530000	0.95670000
1.01530000	0.92320000
0.93720000	0.89240000
0.85910000	0.86390000
0.78100000	0.83720000
0.78100000	0.81220000
0.73420000	0.78860000
0.74200000	0.76630000
0.77320000	0.74500000
0.74980000	0.72460000
0.66390000	0.70510000
0.64820000	0.68630000
0.61700000	0.66830000
0.56230000	0.65080000
0.55450000	0.63400000
0.57010000	0.61760000
0.57010000	0.60180000
0.54670000	0.58650000
0.54670000	0.57160000
0.50770000	0.55710000
0.52330000	0.54300000
0.48420000	0.52930000
0.48420000	0.51590000
0.52330000	0.50300000
0.67950000	0.49040000
0.85910000	0.48650000
1.01530000	0.48230000
1.24960000	0.51620000
1.17150000	0.56780000
1.01530000	0.63420000
0.93720000	0.71960000
0.85910000	0.70000000
0.78100000	0.65580000
0.72630000	0.61090000
0.67170000	0.57080000
0.59360000	0.53590000
0.53890000	0.50570000
0.63260000	0.47950000
0.67170000	0.45660000
0.60920000	0.43630000
0.56230000	0.41820000
0.61700000	0.40200000
0.66390000	0.38730000
0.70290000	0.37380000
0.78100000	0.98780000
1.56200000	4.83290000
1.79630000	4.24430000
1.79630000	2.65670000
1.71820000	2.10390000
1.64010000	1.77520000
1.48390000	1.53790000
1.40580000	1.35020000
1.64010000	1.35060000
2.49930000	1.56160000
2.34310000	1.46800000
2.18680000	1.40730000
2.03060000	1.28430000
1.71820000	1.16070000
1.64010000	1.05210000
1.71820000	0.95990000
1.71820000	0.88240000
1.48390000	0.81690000
1.40580000	0.76150000
1.48390000	0.71410000
1.24960000	0.67340000
1.24960000	0.63810000
1.24960000	0.60720000
1.71820000	0.59700000
2.73360000	1.23650000
3.35840000	0.88200000
3.28030000	0.76810000
7.81020000	5.60500000
11.48090000	8.09230000
10.15320000	6.93720000
9.05980000	5.63620000
9.05980000	5.25840000
9.21600000	6.37420000
10.07510000	8.56640000
8.43500000	8.43490000
7.73210000	10.05620000
10.46560000	17.65310000
9.84080000	18.06220000
6.63860000	11.23800000
5.31090000	6.78910000
4.99850000	6.71180000
4.45180000	7.52680000
4.13940000	6.50860000
3.74890000	4.67360000
3.51460000	3.83390000
3.12410000	3.33700000
2.88980000	2.98020000
2.96790000	2.70300000
3.90510000	2.91760000
6.87290000	7.86820000
6.01380000	9.25960000
4.45180000	6.24440000
3.59270000	4.72920000
3.04600000	4.51090000
2.42120000	3.46070000
2.10870000	3.09350000
1.95250000	2.79540000
1.79630000	2.54690000
1.64010000	2.33770000
1.71820000	2.17830000
2.10870000	2.65880000
1.87440000	2.70500000
1.64010000	2.12560000
2.34310000	2.18770000
6.48240000	5.80120000
4.21750000	4.08230000
2.96790000	2.57250000
2.26490000	2.03140000
1.87440000	1.79760000
1.71820000	1.66050000
1.64010000	1.57540000
1.48390000	1.48070000
1.32770000	1.41860000
1.24960000	1.35650000
1.24960000	1.29900000
1.40580000	1.26460000
1.48390000	1.21600000
1.32770000	1.20350000
1.09340000	1.16630000
3.12410000	1.85160000
2.57740000	1.49260000
2.18680000	1.37850000
1.87440000	1.29840000
1.64010000	1.22930000
1.32770000	1.16370000
1.09340000	1.10460000
1.01530000	1.05260000
0.85910000	1.00640000
0.85910000	0.99330000
1.01530000	1.02050000
0.85910000	1.02710000
0.85910000	1.01730000
1.01530000	1.00070000
1.87440000	1.47090000
4.60800000	4.69070000
2.73360000	2.43740000
2.42120000	1.68250000
1.79630000	1.36710000
1.48390000	1.22670000
2.10870000	1.16480000
2.18680000	2.16230000
1.40580000	1.48000000
1.09340000	1.22910000
1.32770000	1.13740000
1.24960000	1.09530000
1.01530000	1.04630000
1.17150000	0.99680000
1.01530000	0.92620000
0.85910000	0.88010000
1.01530000	0.83370000
1.09340000	0.80540000
0.93720000	0.76180000
1.17150000	0.75770000
1.01530000	0.75900000
0.78100000	0.75710000
0.67950000	0.72840000
0.64820000	0.69520000
0.67170000	0.67760000
0.67950000	0.65350000
0.53890000	0.61520000
0.46080000	0.60590000
0.69510000	0.64690000
0.64040000	0.69300000
0.57010000	0.66760000
0.46080000	0.63330000
0.37490000	0.60040000
0.32800000	0.58990000
0.25770000	0.55030000
0.23430000	0.52750000
0.20310000	0.50210000
0.17180000	0.48190000
0.14840000	0.46440000
0.12500000	0.44850000
0.11720000	0.43390000
0.08590000	0.42040000
0.07810000	0.40770000
0.06790000	0.39570000
0.05700000	0.38960000
0.07030000	0.37520000
0.14840000	0.42830000
0.17180000	0.51720000
0.10930000	0.54310000
0.06790000	0.52020000
0.05230000	0.48780000
0.14060000	0.54050000
0.19530000	0.69350000
0.12500000	0.76430000
0.10150000	0.75740000
0.07650000	0.69720000
0.05310000	0.63550000
0.11720000	0.58090000
0.44520000	0.56270000
0.22650000	0.55260000
0.13280000	0.53660000
0.07260000	0.50390000
0.06010000	0.47050000
0.04760000	0.44050000
0.03670000	0.41430000
0.02730000	0.39170000
0.02340000	0.37190000
0.26550000	0.35470000
1.01530000	0.93910000
0.46080000	0.86810000
0.61700000	0.90740000
0.58580000	0.95660000
0.38270000	0.94690000
0.27340000	0.90620000
0.34360000	0.86120000
0.47640000	0.84330000
0.48420000	0.81060000
0.36710000	0.75360000
0.28900000	0.71310000
0.25770000	0.68170000
0.24210000	0.66120000
0.19530000	0.61600000
0.16400000	0.56960000
0.17180000	0.55390000
0.21870000	0.50010000
0.21090000	0.51500000
0.16400000	0.49410000
0.12500000	0.46580000
0.09370000	0.43870000
0.08590000	0.41450000
0.06250000	0.39330000
0.05310000	0.37460000
0.05940000	0.35810000
0.04920000	0.34330000
0.04370000	0.33010000
0.03440000	0.31800000
0.03120000	0.30700000
0.06870000	0.29690000
0.07260000	0.29190000
0.08590000	0.30480000
0.07110000	0.27820000
0.27340000	0.40480000
0.31240000	0.48160000
0.17180000	0.52070000
0.10150000	0.49520000
0.06480000	0.45670000
0.05700000	0.41980000
0.05000000	0.38750000
0.04530000	0.35990000
0.05940000	0.33640000
0.07340000	0.31620000
0.09370000	0.29880000
0.08590000	0.28370000
0.63260000	0.49760000
0.49990000	0.65880000
0.22650000	0.70110000
0.39050000	0.65430000
0.85910000	0.63110000
0.55450000	0.61010000
0.40610000	0.61840000
0.93720000	0.61350000
1.56200000	1.08530000
0.65610000	0.99780000
0.62480000	0.97110000
0.85910000	0.90580000
0.85910000	0.85380000
0.78100000	0.78870000
0.67170000	0.70460000
0.53890000	0.66010000
0.42170000	0.61000000
0.32020000	0.55730000
0.39050000	0.51310000
0.78100000	0.51130000
0.57010000	0.51220000
0.42960000	0.54270000
0.36710000	0.51970000
0.33580000	0.48550000
0.29680000	0.45250000
0.26550000	0.42320000
0.24210000	0.39800000
0.27340000	0.41220000
0.24990000	0.42590000
2.34310000	2.90850000
1.64010000	1.62060000
1.17150000	1.18290000
0.93720000	0.98610000
0.70290000	0.85900000
0.56230000	0.76320000
0.64040000	0.69450000
1.01530000	0.64290000
0.78100000	0.62370000
0.72630000	0.62660000
0.59360000	0.60080000
0.49990000	0.58110000
1.17150000	0.62220000
2.57740000	1.58160000
6.01380000	5.49400000
6.56050000	5.12540000
4.21750000	2.41290000
3.04600000	1.55140000
2.42120000	1.21240000
2.18680000	1.05280000
2.03060000	0.96440000
2.03060000	0.96520000
2.42120000	1.03820000
1.95250000	1.04680000
1.64010000	1.20270000
1.48390000	1.14840000
1.32770000	1.04740000
1.24960000	0.94830000
1.24960000	0.88090000
1.40580000	2.98050000
1.24960000	2.31900000
1.09340000	1.85280000
1.01530000	1.57550000
0.93720000	1.37940000
0.93720000	1.22660000
0.85910000	1.10170000
1.01530000	1.02170000
1.24960000	2.01260000
1.17150000	1.46500000
1.01530000	1.37040000
0.93720000	1.24720000
0.85910000	1.13450000
0.85910000	1.02880000
0.85910000	0.94560000
0.85910000	0.87310000
1.64010000	1.79150000
1.40580000	1.81440000
1.24960000	1.59490000
1.09340000	1.41240000
0.93720000	1.26270000
0.78100000	1.13910000
0.71850000	1.03610000
0.69510000	0.95030000
0.73420000	0.87820000
0.76540000	0.81720000
0.74980000	0.76530000
0.72630000	0.72060000
3.35840000	0.76830000
8.27880000	6.11990000
4.29560000	5.44660000
2.65550000	3.29820000
1.95250000	2.50150000
2.10870000	2.08870000
2.10870000	1.81570000
4.21750000	2.86830000
3.67080000	2.97470000
2.81170000	2.40040000
2.18680000	2.12330000
1.87440000	1.89320000
1.64010000	1.70000000
1.95250000	1.88020000
4.29560000	7.31630000
3.82700000	7.59170000
2.88980000	4.98170000
2.26490000	3.46790000
1.95250000	3.41150000
2.03060000	3.61970000
2.10870000	3.82130000
1.95250000	3.66810000
1.71820000	2.95430000
1.64010000	2.62320000
1.87440000	2.36800000
2.42120000	3.85480000
1.95250000	2.76390000
1.48390000	2.48800000
1.32770000	2.26020000
0.93720000	2.05130000
0.85910000	1.87110000
0.75760000	1.71790000
0.93720000	1.58940000
0.93720000	1.48010000
0.71850000	1.38700000
0.56230000	1.30690000
0.43740000	1.23750000
0.43740000	1.17700000
0.45300000	1.12360000
0.44520000	1.07620000
0.42960000	1.03360000
0.40610000	0.99520000
0.39830000	0.96010000
0.37490000	0.92780000
0.35150000	0.89800000
0.30460000	0.87020000
0.29680000	0.84410000
0.27340000	0.81950000
0.29680000	0.79610000
0.31240000	0.77390000
0.31240000	0.75270000
0.30460000	0.73240000
0.29680000	0.71290000
0.27340000	0.69410000
0.26550000	0.67600000
0.57010000	0.67790000
0.54670000	0.65010000
0.47640000	0.68180000
0.42170000	0.67590000
0.42170000	0.65520000
0.41390000	0.63210000
0.39830000	0.60990000
0.39050000	0.58920000
0.35930000	0.57000000
0.35150000	0.55210000
0.35150000	0.53540000
0.32800000	0.51960000
0.30460000	0.50470000
0.28120000	0.49050000
0.25770000	0.47700000
0.24210000	0.46410000
0.21870000	0.45170000
0.28900000	0.44020000
0.35150000	0.44160000
0.44520000	0.42450000
0.40610000	0.43440000
0.35150000	0.42830000
0.32020000	0.41550000
0.33580000	0.40180000
0.39050000	0.38860000
0.46860000	0.38780000
0.62480000	0.40170000
0.85910000	1.21270000
1.17150000	2.56200000
1.40580000	1.88530000
1.32770000	1.61480000
1.64010000	1.79560000
1.64010000	2.07230000
1.32770000	1.89050000
1.01530000	1.73130000
0.93720000	1.61170000
0.93720000	1.45570000
1.01530000	1.29970000
0.93720000	1.16770000
0.85910000	1.05550000
0.93720000	0.96060000
0.93720000	0.88080000
0.78100000	0.81370000
0.74980000	0.75690000
0.67950000	0.70850000
0.67170000	0.66680000
1.48390000	0.66290000
1.71820000	0.65980000
1.24960000	0.68290000
1.24960000	0.65860000
1.40580000	0.64260000
1.95250000	1.31860000
3.51460000	1.75500000
3.20220000	1.07310000
2.57740000	1.02710000
2.18680000	0.94670000
2.73360000	0.86390000
11.09040000	7.68260000
33.73990000	20.42520000
14.83930000	16.49010000
8.66930000	7.98950000
8.20070000	5.65320000
6.17000000	4.19110000
4.92040000	3.70460000
3.90510000	3.25140000
3.12410000	2.86330000
2.65550000	2.53920000
2.34310000	2.26810000
2.10870000	2.04320000
3.04600000	2.05420000
9.99700000	8.19490000
7.26350000	7.05500000
4.84230000	3.59700000
3.59270000	2.47360000
2.96790000	2.02960000
2.57740000	1.79530000
2.18680000	1.63320000
1.87440000	1.50860000
1.71820000	1.40630000
2.26490000	1.37660000
2.42120000	1.46270000
1.95250000	1.36290000
3.98320000	2.31730000
6.56050000	4.82130000
4.99850000	3.04640000
3.43650000	1.92220000
2.65550000	1.51680000
2.26490000	1.33720000
1.79630000	1.22920000
1.71820000	1.14830000
4.06130000	3.42280000
2.96790000	2.11640000
2.18680000	1.49230000
1.71820000	1.25210000
1.32770000	1.13300000
1.17150000	1.05460000
1.09340000	0.99240000
1.09340000	0.94480000
1.01530000	0.89760000
0.85910000	0.85720000
0.74200000	0.82180000
0.85910000	0.79000000
2.73360000	2.31900000
2.26490000	2.71570000
1.40580000	1.60740000
2.03060000	1.27940000
1.24960000	1.15800000
1.09340000	1.11920000
1.32770000	1.08010000
4.45180000	4.49680000
7.02920000	6.65900000
8.35690000	5.66160000
5.07660000	2.92940000
3.98320000	2.48570000
4.45180000	3.29250000
4.76420000	3.86260000
2.65550000	2.74580000
1.71820000	2.34840000
1.40580000	2.07530000
1.32770000	1.84850000
1.48390000	1.68530000
1.48390000	1.52350000
1.32770000	1.41480000
1.09340000	1.30630000
1.01530000	1.21300000
0.93720000	1.12710000
0.93720000	1.05490000
1.17150000	1.03360000
1.09340000	1.02140000
0.85910000	1.00330000
0.68730000	0.95700000
0.59360000	0.90770000
0.56230000	0.86220000
0.56230000	0.82170000
0.58580000	0.78570000
1.01530000	0.81750000
1.01530000	0.84630000
0.63260000	0.83350000
0.49990000	0.79740000
0.45300000	0.76230000
0.41390000	0.72400000
0.35150000	0.69100000
0.32800000	0.66210000
0.40610000	0.66320000
0.54670000	0.69550000
0.33580000	0.70260000
0.38270000	0.70930000
0.40610000	0.70600000
0.34360000	0.68740000
0.27340000	0.66330000
0.26550000	0.62430000
0.23430000	0.59220000
0.22650000	0.56470000
0.22650000	0.54530000
0.20310000	0.52040000
0.24990000	0.49990000
0.47640000	0.71060000
0.49200000	0.76970000
0.38270000	0.76550000
0.25770000	0.71900000
0.24210000	0.66740000
0.39050000	0.68710000
0.34360000	0.71740000
0.28900000	0.72770000
0.21870000	0.68810000
0.17960000	0.64020000
0.24990000	0.62910000
0.68730000	0.67290000
0.52330000	0.69010000
0.24990000	0.66510000
0.19530000	0.62200000
0.20310000	0.60400000
0.19530000	0.58870000
0.16400000	0.58040000
0.14840000	0.54980000
0.28120000	0.62620000
0.25770000	0.73250000
0.18740000	0.74640000
0.16400000	0.70070000
0.14060000	0.65930000
0.12500000	0.59930000
0.10930000	0.55260000
0.09370000	0.51430000
0.08590000	0.49300000
0.07810000	0.45780000
0.07030000	0.43150000
0.06090000	0.40990000
0.05550000	0.39130000
0.05390000	0.37490000
0.05150000	0.36020000
0.15620000	0.38200000
3.82700000	4.18280000
1.17150000	2.17670000
0.74980000	1.51510000
0.70290000	1.27740000
1.24960000	1.18050000
0.68730000	1.09330000
0.42960000	1.01290000
0.35930000	0.91740000
2.26490000	2.86300000
2.65550000	3.08890000
1.24960000	1.85450000
0.74980000	1.41140000
0.49990000	1.18960000
0.41390000	1.04630000
0.35930000	0.93740000
0.32020000	0.85020000
0.27340000	0.77860000
0.25770000	0.71840000
0.28120000	0.69580000
0.24990000	0.67500000
0.21870000	0.65890000
0.18740000	0.62400000
0.17180000	0.58770000
0.14060000	0.55480000
0.12500000	0.52570000
0.10930000	0.50020000
0.11720000	0.47760000
2.42120000	3.69120000
1.87440000	2.41770000
1.01530000	1.55780000
0.73420000	1.24070000
0.58580000	1.06660000
0.45300000	0.94620000
0.35150000	0.85130000
0.30460000	0.77530000
0.28900000	0.71210000
2.73360000	4.69780000
2.49930000	4.06850000
1.48390000	2.09250000
1.09340000	1.44570000
0.78100000	1.17550000
0.85910000	1.02500000
0.85910000	0.91810000
0.69510000	0.83550000
0.56230000	0.76820000
0.47640000	0.71140000
0.48420000	0.66330000
0.55450000	0.65830000
0.47640000	0.65640000
0.48420000	0.69890000
0.46080000	0.66240000
0.73420000	0.66620000
0.53890000	0.61990000
0.41390000	0.62400000
0.33580000	0.59640000
0.29680000	0.56310000
0.29680000	0.53180000
0.26550000	0.50390000
0.24210000	0.47940000
0.21090000	0.45770000
0.21090000	0.44200000
0.20310000	0.42930000
0.18740000	0.40790000
0.25770000	0.41430000
2.42120000	4.04590000
1.32770000	1.86240000
0.85910000	1.16950000
0.67170000	0.90780000
0.59360000	0.77900000
0.53890000	0.69580000
0.49200000	0.63130000
0.42170000	0.58090000
0.39830000	0.53830000
0.37490000	0.50210000
0.37490000	0.47120000
0.34360000	0.44460000
0.32020000	0.42150000
0.29680000	0.40130000
0.29680000	0.39540000
0.73420000	0.41120000
0.50770000	0.44060000
0.27340000	0.48860000
0.51550000	0.50600000
0.49990000	0.50940000
2.10870000	1.65760000
1.24960000	1.03990000
0.85910000	0.83020000
0.73420000	0.71650000
0.65610000	0.63890000
0.54670000	0.57870000
0.51550000	0.52920000
0.49990000	0.48850000
0.48420000	0.46180000
0.48420000	0.42700000
0.46860000	0.40310000
0.46860000	0.38130000
0.46860000	0.36190000
0.46080000	0.34490000
0.46080000	0.32970000
0.44520000	0.31620000
0.45300000	0.31460000
0.46080000	0.29620000
0.43740000	0.30120000
0.50770000	0.29370000
1.64010000	1.50040000
1.17150000	1.51510000
0.85910000	0.85510000
1.87440000	0.64640000
6.40430000	5.21120000
3.35840000	4.55250000
4.76420000	4.90300000
5.93570000	9.91650000
3.98320000	7.67190000
2.88980000	4.64480000
2.03060000	3.44300000
1.64010000	2.82600000
1.48390000	2.42130000
2.42120000	3.48320000
2.96790000	4.59710000
2.73360000	3.76210000
5.15470000	5.43450000
3.98320000	4.72640000
2.96790000	3.44260000
2.18680000	2.82850000
1.79630000	2.44800000
1.48390000	2.16960000
1.17150000	1.94760000
1.24960000	1.76640000
0.93720000	1.61600000
1.09340000	1.48990000
1.01530000	1.38330000
1.01530000	1.29260000
1.40580000	1.21620000
7.18540000	7.32560000
3.28030000	6.78380000
2.34310000	3.91460000
1.71820000	2.87620000
1.56200000	2.39510000
1.64010000	2.10200000
1.48390000	1.88480000
1.32770000	1.71340000
1.48390000	1.89820000
1.48390000	1.69750000
1.48390000	1.80790000
2.49930000	3.20320000
2.10870000	3.09380000
1.71820000	2.42860000
1.48390000	2.08410000
1.40580000	1.85790000
1.32770000	1.68630000
1.32770000	1.54670000
1.24960000	1.43080000
1.17150000	1.33310000
1.17150000	1.24970000
4.29560000	3.28480000
5.31090000	3.11360000
3.12410000	2.35100000
2.26490000	2.03960000
1.56200000	1.82140000
1.48390000	1.65000000
1.40580000	1.50870000
1.32770000	1.39140000
1.24960000	1.29260000
1.32770000	1.20850000
1.32770000	1.13650000
1.32770000	1.07430000
1.24960000	1.02010000
1.24960000	0.97250000
1.17150000	0.93040000
1.17150000	0.89270000
1.17150000	0.85880000
1.09340000	0.82790000
1.01530000	0.79960000
0.93720000	0.77350000
0.93720000	0.74920000
1.01530000	0.72650000
1.01530000	0.70510000
1.01530000	0.68480000
0.93720000	0.66640000
1.01530000	0.65670000
1.01530000	0.70770000
2.10870000	3.94580000
3.12410000	3.91060000
2.42120000	2.47800000
1.95250000	1.97590000
1.56200000	1.69300000
2.73360000	2.52210000
4.06130000	3.65600000
4.45180000	4.31810000
3.59270000	3.70820000
2.42120000	2.83940000
1.95250000	2.43570000
1.64010000	2.13620000
1.64010000	1.89700000
1.48390000	1.70130000
1.32770000	1.53980000
1.32770000	1.40550000
1.24960000	1.29280000
1.17150000	1.19780000
1.17150000	1.11720000
1.17150000	1.04840000
1.24960000	0.98910000
1.17150000	0.93770000
1.09340000	0.89270000
1.01530000	0.85290000
1.01530000	0.81750000
1.01530000	0.78570000
1.24960000	0.76070000
1.79630000	0.73360000
1.56200000	0.70740000
1.40580000	0.68410000
1.40580000	0.66280000
1.56200000	0.64300000
1.48390000	0.62440000
1.48390000	0.60670000
1.48390000	0.58990000
1.56200000	0.57380000
1.56200000	0.55840000
1.64010000	0.54350000
1.87440000	0.52960000
2.10870000	0.52790000
2.34310000	0.52390000
2.57740000	0.55980000
2.18680000	0.63170000
2.42120000	0.71090000
2.65550000	0.73000000
2.57740000	0.71440000
5.07660000	2.28450000
20.30640000	12.77380000
15.77650000	13.36230000
10.23130000	9.36510000
7.96640000	7.36480000
9.99700000	10.36940000
20.46260000	19.89090000
14.13640000	19.71510000
8.82550000	14.09620000
6.56050000	12.35900000
5.15470000	11.92540000
4.37370000	12.27080000
3.20220000	10.26550000
2.49930000	7.65010000
2.18680000	6.44070000
1.95250000	4.98660000
1.87440000	4.21090000
1.71820000	3.69560000
1.64010000	3.30010000
1.48390000	2.98100000
1.40580000	2.72030000
1.32770000	2.49470000
1.24960000	2.30750000
1.17150000	2.15030000
1.79630000	3.36560000
1.56200000	3.03060000
1.95250000	2.70880000
4.99850000	6.26720000
4.29560000	5.46680000
2.49930000	3.02240000
3.43650000	3.41950000
8.35690000	8.40060000
5.62330000	7.08440000
4.37370000	4.12930000
6.95110000	4.61760000
4.92040000	4.21660000
3.82700000	3.13450000
2.57740000	2.62160000
2.03060000	2.33650000
1.71820000	2.13280000
2.57740000	2.33370000
3.43650000	3.61800000
2.49930000	2.37410000
1.95250000	1.96340000
1.64010000	1.76630000
1.48390000	1.64000000
1.32770000	1.54250000
1.24960000	1.46060000
1.17150000	1.39980000
1.24960000	1.34990000
1.17150000	1.28500000
1.09340000	1.25540000
1.17150000	1.22850000
1.09340000	1.17230000
1.01530000	1.12670000
3.12410000	3.47950000
2.81170000	3.15830000
8.82550000	6.01160000
11.40280000	9.87360000
13.27730000	12.45120000
10.93420000	9.78040000
6.71670000	5.26560000
4.60800000	3.68600000
3.59270000	3.33950000
3.28030000	3.25830000
2.49930000	2.56340000
1.95250000	2.20420000
1.64010000	1.97590000
1.48390000	1.80380000
1.32770000	1.66420000
1.17150000	1.54740000
1.17150000	1.45580000
1.09340000	1.36580000
1.40580000	1.85280000
1.32770000	1.49180000
4.92040000	2.79070000
2.73360000	1.82350000
7.02920000	1.51780000
4.37370000	1.37050000
3.82700000	1.31340000
2.42120000	1.28910000
2.49930000	1.29450000
2.42120000	1.28010000
1.87440000	1.25580000
1.48390000	1.19520000
1.32770000	1.12880000
1.32770000	1.09220000
1.24960000	1.02040000
1.09340000	0.99110000
0.93720000	0.95040000
0.78100000	0.90980000
0.68730000	0.87220000
0.60140000	0.83810000
0.93720000	0.88380000
1.32770000	2.55470000
1.01530000	1.64000000
1.40580000	1.33030000
0.93720000	1.16260000
0.69510000	1.05790000
0.56230000	0.97950000
0.52330000	0.92000000
0.53890000	0.87440000
0.93720000	0.82520000
3.43650000	2.98640000
1.71820000	1.64680000
1.24960000	1.23230000
1.01530000	1.05540000
0.78100000	0.95430000
0.67950000	0.88170000
0.85910000	0.83600000
0.71850000	0.77790000
0.64820000	0.73280000
0.78100000	0.69630000
0.67950000	0.67370000
0.56230000	0.63740000
0.46080000	0.60940000
0.42170000	0.58570000
0.62480000	0.63730000
0.39050000	0.68500000
0.31240000	0.68470000
0.28900000	0.65470000
0.24990000	0.62030000
0.24990000	0.62090000
0.21870000	0.62100000
0.19530000	0.60710000
0.17180000	0.57900000
0.26550000	0.58800000
0.27340000	0.68860000
0.20310000	0.73870000
0.16400000	0.72270000
0.14060000	0.67770000
0.13280000	0.63080000
0.11720000	0.58850000
0.10930000	0.55180000
0.10150000	0.52010000
0.09370000	0.49260000
0.09370000	0.46850000
0.08590000	0.44740000
0.14060000	0.45730000
0.17960000	0.46330000
0.24210000	0.73650000
0.20310000	0.82840000
0.14060000	0.83600000
0.10930000	0.77760000
0.09370000	0.71030000
0.08590000	0.64900000
0.10150000	0.59940000
0.09370000	0.55260000
0.07810000	0.51400000
0.07500000	0.48150000
0.07810000	0.45400000
0.07190000	0.42970000
0.06720000	0.40860000
0.06170000	0.39000000
0.12500000	0.40690000
0.10930000	0.42810000
0.11720000	0.47980000
0.18740000	0.50240000
0.11720000	0.51680000
0.08590000	0.50770000
0.09370000	0.47740000
0.09370000	0.45940000
0.07030000	0.42030000
0.06090000	0.40100000
0.05310000	0.37940000
0.04610000	0.35920000
0.03910000	0.34110000
0.03750000	0.32510000
0.03590000	0.31100000
0.03670000	0.29830000
0.03200000	0.28690000
0.11720000	0.27660000
0.24210000	0.35090000
0.16400000	0.47280000
0.15620000	0.52600000
0.10930000	0.52040000
0.08590000	0.48520000
0.09370000	0.45580000
0.07810000	0.41220000
0.06640000	0.38070000
0.06010000	0.35370000
0.05780000	0.33060000
0.06250000	0.31080000
0.32800000	0.36340000
0.16400000	0.41040000
0.11720000	0.45460000
0.17180000	0.47620000
0.12500000	0.48200000
0.10150000	0.51680000
0.08590000	0.48960000
0.08590000	0.45000000
0.08590000	0.41220000
0.07810000	0.37930000
0.07810000	0.35120000
3.51460000	0.69820000
9.84080000	11.50840000
3.74890000	6.82500000
5.62330000	6.02930000
3.35840000	3.28120000
2.34310000	2.31130000
2.42120000	1.88370000
18.58820000	13.98660000
18.74440000	17.67730000
8.59120000	10.64520000
5.15470000	5.65800000
3.90510000	3.86650000
2.96790000	3.07750000
2.34310000	2.61270000
1.95250000	2.28290000
4.68610000	5.35830000
4.06130000	5.44270000
8.82550000	8.56110000
11.40280000	12.34030000
6.79480000	8.97620000
4.52990000	5.31390000
3.51460000	3.93240000
2.96790000	3.26440000
2.42120000	2.84200000
2.10870000	2.52730000
1.87440000	2.28140000
1.64010000	2.07380000
1.48390000	1.90150000
1.40580000	1.75700000
1.32770000	1.63480000
2.10870000	1.95340000
1.71820000	2.20530000
1.64010000	1.70850000
5.85760000	5.03930000
3.98320000	5.23070000
2.88980000	3.25560000
2.34310000	2.51450000
2.03060000	2.15680000
1.87440000	1.93130000
2.73360000	2.20450000
7.41970000	7.16290000
5.23280000	6.37460000
3.67080000	3.86530000
2.88980000	2.93350000
2.42120000	2.48560000
5.85760000	4.87760000
8.59120000	8.11720000
5.46710000	5.96030000
4.37370000	3.95430000
3.35840000	3.14390000
2.81170000	2.70830000
2.73360000	2.41080000
3.04600000	2.59270000
4.68610000	9.72170000
6.01380000	10.97990000
4.68610000	6.97130000
3.59270000	4.47180000
2.88980000	3.50360000
2.49930000	3.00080000
2.18680000	2.66270000
1.95250000	2.40500000
1.64010000	2.19730000
1.48390000	2.02410000
1.71820000	1.87790000
1.71820000	1.75370000
1.64010000	1.64740000
1.48390000	1.55580000
1.17150000	1.47610000
1.17150000	1.40630000
2.65550000	1.34460000
4.29560000	1.28940000
3.43650000	1.23980000
2.73360000	1.19480000
2.26490000	1.15360000
1.95250000	1.11560000
1.71820000	1.08030000
1.64010000	1.04730000
1.79630000	1.01630000
1.95250000	0.98700000
8.90360000	2.87980000
9.29410000	5.60760000
5.77950000	4.13200000
5.62330000	3.35750000
8.51310000	5.53540000
5.85760000	5.61060000
4.37370000	3.68540000
3.59270000	2.98300000
3.12410000	2.58450000
2.73360000	2.29350000
2.49930000	2.06130000
2.26490000	1.87130000
2.03060000	1.71400000
1.71820000	1.58160000
1.71820000	1.46970000
1.64010000	1.37460000
1.64010000	1.29300000
5.07660000	3.58650000
4.06130000	5.34070000
5.23280000	8.15690000
6.87290000	11.18970000
5.46710000	8.53050000
4.60800000	5.04270000
5.23280000	5.38930000
6.17000000	10.08500000
4.52990000	10.03870000
3.90510000	8.25040000
3.20220000	6.78230000
2.73360000	4.77510000
2.81170000	3.99780000
2.49930000	3.51150000
2.34310000	3.12690000
2.03060000	2.81210000
2.03060000	2.55110000
2.26490000	2.33940000
4.29560000	3.54260000
3.35840000	3.83590000
2.81170000	2.87030000
2.49930000	2.52130000
4.99850000	4.75970000
6.48240000	12.46330000
10.23130000	19.44010000
7.88830000	15.76620000
5.15470000	8.27280000
3.74890000	5.56520000
3.12410000	4.43030000
2.65550000	3.80030000
2.03060000	3.36280000
1.71820000	3.02570000
1.87440000	2.75230000
1.79630000	2.52360000
1.79630000	2.33710000
2.18680000	2.75720000
2.57740000	4.19270000
2.10870000	2.86970000
1.79630000	2.55890000
1.40580000	2.36540000
1.24960000	2.18970000
1.17150000	2.03610000
1.17150000	1.90360000
1.17150000	1.79810000
1.09340000	1.69530000
1.09340000	1.60890000
1.09340000	1.53350000
1.01530000	1.46690000
0.93720000	1.40740000
0.93720000	1.35380000
0.85910000	1.30510000
0.85910000	1.26050000
0.85910000	1.21920000
0.85910000	1.18090000
0.85910000	1.14510000
0.85910000	1.11130000
0.85910000	1.07940000
1.09340000	1.26910000
1.56200000	1.58030000
1.40580000	1.63370000
1.87440000	2.70010000
4.84230000	9.31240000
3.90510000	9.51910000
2.73360000	5.02150000
2.10870000	3.62700000
1.64010000	2.98330000
1.40580000	2.58980000
1.17150000	2.29910000
1.09340000	2.06970000
1.09340000	1.88320000
1.09340000	1.73810000
1.09340000	1.61300000
1.01530000	1.50900000
0.93720000	1.44980000
0.93720000	1.37350000
0.85910000	1.29530000
0.85910000	1.22670000
0.85910000	1.16690000
0.78100000	1.11020000
0.85910000	1.05930000
1.01530000	1.02940000
0.85910000	0.98160000
4.84230000	4.33780000
5.38900000	7.08330000
4.52990000	5.46520000
3.67080000	3.13980000
3.28030000	2.46900000
2.57740000	2.10120000
2.03060000	1.91930000
1.79630000	1.74230000
1.71820000	1.58730000
1.56200000	1.45550000
1.40580000	1.34350000
1.32770000	1.24860000
1.17150000	1.16780000
1.17150000	1.09850000
1.01530000	1.03870000
0.93720000	0.98660000
0.78100000	0.94070000
0.73420000	0.90010000
0.71070000	0.86380000
0.78100000	0.84590000
2.26490000	2.10740000
2.03060000	1.37560000
1.48390000	1.12820000
1.24960000	1.00980000
1.09340000	0.93460000
0.93720000	0.87700000
0.85910000	0.82860000
0.74980000	0.78760000
2.88980000	1.79700000
8.20070000	7.15880000
5.62330000	4.50830000
3.74890000	2.30400000
2.57740000	1.55870000
1.95250000	1.26970000
1.64010000	1.12010000
1.48390000	1.01770000
2.57740000	2.31350000
2.10870000	1.48150000
1.95250000	1.20700000
13.66780000	8.89160000
59.98210000	34.76110000
56.15510000	48.65730000
27.33560000	38.09780000
16.16710000	22.82530000
10.69990000	12.14790000
8.66930000	7.91810000
8.04450000	6.99540000
6.01380000	6.65670000
5.15470000	5.01450000
4.13940000	4.28710000
3.43650000	3.71280000
2.88980000	3.30930000
2.49930000	2.99470000
2.26490000	2.74410000
1.95250000	2.52610000
1.64010000	2.34460000
1.40580000	2.19110000
1.24960000	2.05980000
1.32770000	1.94660000
6.32620000	9.04460000
6.71670000	10.49490000
14.05830000	12.89620000
7.73210000	8.64170000
4.84230000	4.23140000
6.01380000	3.98300000
17.26050000	13.57170000
10.77800000	13.10160000
9.13790000	9.95970000
8.27880000	8.48170000
5.31090000	5.27840000
3.98320000	4.05200000
3.20220000	3.44760000
2.73360000	3.06140000
2.26490000	2.75870000
1.87440000	2.51790000
1.56200000	2.32010000
1.32770000	2.15340000
1.09340000	2.01190000
1.17150000	1.90090000
0.93720000	1.78930000
1.01530000	1.69620000
1.24960000	3.02380000
1.17150000	2.14800000
1.40580000	1.87040000
1.17150000	1.73770000
1.09340000	1.64170000
1.17150000	1.57460000
1.01530000	1.48300000
0.85910000	1.41850000
0.71850000	1.35780000
0.64040000	1.30240000
0.57010000	1.25230000
0.53110000	1.20670000
0.47640000	1.16490000
0.40610000	1.12650000
0.40610000	1.09080000
0.38270000	1.05740000
0.33580000	1.02600000
0.65610000	0.99640000
1.48390000	1.60610000
4.37370000	5.04630000
2.10870000	2.74600000
1.32770000	1.95740000
1.01530000	1.63430000
0.93720000	1.45910000
0.67950000	1.33730000
0.53890000	1.24010000
0.45300000	1.16090000
0.43740000	1.09300000
0.59360000	1.11650000
1.24960000	2.99300000
0.78100000	1.93650000
0.57800000	1.56740000
0.47640000	1.37930000
0.41390000	1.25530000
0.40610000	1.15990000
0.45300000	1.26540000
0.35150000	1.24820000
0.28900000	1.20050000
0.27340000	1.12580000
0.27340000	1.05250000
0.25770000	0.99370000
0.78100000	1.01240000
0.61700000	1.12150000
0.34360000	1.14070000
0.31240000	1.08700000
0.28900000	1.01580000
0.24210000	0.94980000
0.21870000	0.89190000
0.21090000	0.84870000
0.18740000	0.80000000
0.16400000	0.76020000
0.14840000	0.72600000
0.21870000	0.72070000
0.20310000	0.67620000
0.16400000	0.68520000
0.14840000	0.66670000
0.14060000	0.64190000
1.71820000	3.12660000
1.01530000	2.69190000
0.55450000	1.82300000
0.41390000	1.48230000
0.35930000	1.28790000
0.33580000	1.16160000
0.32800000	1.04530000
0.30460000	0.95470000
0.51550000	0.95380000
0.41390000	0.96760000
0.38270000	0.97800000
0.30460000	0.91850000
0.24210000	0.85370000
0.21870000	0.79500000
0.33580000	0.76550000
0.59360000	0.80440000
0.36710000	0.83970000
0.32800000	0.84480000
0.28900000	0.79950000
0.24210000	0.74790000
0.21870000	0.70030000
0.19530000	0.65860000
0.17180000	0.62230000
0.15620000	0.59070000
0.14840000	0.56300000
0.15620000	0.53850000
0.26550000	0.55200000
0.21870000	0.56470000
0.19530000	0.59410000
0.17960000	0.57650000
0.17180000	0.54830000
0.50770000	0.65160000
0.29680000	0.73690000
0.21090000	0.78190000
0.24990000	0.76110000
0.34360000	0.74300000
0.37490000	0.78220000
0.26550000	0.77960000
0.21870000	0.76390000
0.19530000	0.71300000
0.20310000	0.68050000
0.23430000	0.66050000
0.24210000	0.66150000
0.57010000	0.67840000
0.38270000	0.68270000
0.29680000	0.71110000
0.28120000	0.68670000
0.25770000	0.62880000
0.23430000	0.61160000
0.22650000	0.57600000
0.23430000	0.53920000
0.23430000	0.50600000
0.21090000	0.47690000
8.90360000	7.44200000
3.12410000	4.31730000
1.87440000	2.16830000
1.40580000	1.43230000
1.17150000	1.13740000
0.93720000	0.98010000
1.24960000	1.10560000
1.09340000	0.95530000
1.32770000	0.92230000
2.26490000	2.17410000
1.40580000	1.36060000
1.71820000	1.11250000
1.56200000	1.00960000
1.17150000	0.98580000
1.01530000	0.91280000
0.85910000	0.83500000
5.15470000	4.10030000
8.27880000	10.69180000
4.13940000	7.67460000
2.81170000	4.30330000
2.10870000	3.05280000
2.03060000	2.48240000
1.95250000	2.70930000
1.64010000	2.27480000
1.40580000	2.10930000
1.32770000	1.90090000
1.17150000	1.70540000
1.87440000	1.88200000
11.01230000	13.12510000
6.24810000	11.98340000
3.98320000	6.12490000
3.51460000	4.46140000
4.92040000	5.25800000
11.24660000	11.61610000
8.74740000	10.97410000
5.93570000	7.30340000
11.32470000	12.47010000
9.37220000	10.81750000
5.62330000	6.34740000
4.21750000	4.64380000
3.51460000	3.83860000
2.96790000	3.34240000
2.73360000	2.97390000
3.04600000	3.07940000
2.57740000	2.60530000
2.26490000	2.54350000
2.10870000	2.37640000
1.95250000	2.19930000
1.95250000	2.04930000
1.87440000	1.90420000
3.04600000	3.37980000
6.71670000	9.01700000
4.29560000	7.63560000
3.28030000	4.47360000
2.65550000	3.34890000
2.18680000	2.83080000
2.18680000	2.51470000
1.87440000	2.28970000
1.87440000	2.09680000
1.71820000	2.03020000
1.64010000	1.91090000
1.48390000	1.78990000
1.48390000	1.68100000
1.56200000	1.59290000
1.48390000	1.50500000
1.40580000	1.48130000
1.32770000	1.42360000
1.24960000	1.36130000
1.24960000	1.30300000
1.09340000	1.25000000
1.09340000	1.20210000
1.01530000	1.15850000
4.45180000	4.57880000
4.37370000	6.44500000
2.96790000	4.45680000
4.68610000	4.75490000
4.06130000	4.66860000
2.96790000	3.42140000
2.34310000	2.90270000
1.87440000	2.55260000
1.87440000	2.28460000
2.88980000	2.06650000
4.13940000	2.33330000
3.28030000	2.89470000
2.65550000	2.99100000
2.42120000	4.56270000
3.59270000	6.11250000
4.06130000	6.08370000
6.40430000	8.67310000
6.63860000	11.00260000
4.45180000	7.82570000
3.12410000	5.00380000
2.81170000	3.88930000
2.65550000	3.30670000
2.42120000	2.91670000
2.42120000	2.61830000
2.03060000	2.37830000
1.87440000	2.17930000
1.32770000	2.01200000
1.48390000	1.87060000
1.48390000	1.75020000
1.24960000	1.64690000
1.17150000	1.55760000
1.17150000	1.47990000
1.17150000	1.41150000
1.09340000	1.35080000
0.85910000	1.29660000
0.74200000	1.24760000
0.78100000	1.20300000
0.77320000	1.16220000
0.66390000	1.12440000
0.60920000	1.08920000
0.60140000	1.05630000
0.60920000	1.02530000
0.67950000	0.99590000
0.65610000	0.96800000
0.57800000	0.94140000
0.54670000	0.91590000
0.54670000	0.89140000
0.53110000	0.86790000
0.53110000	0.84510000
0.49990000	0.82320000
0.47640000	0.80190000
0.46860000	0.78130000
0.41390000	0.76140000
0.44520000	0.74200000
0.57010000	0.72320000
0.51550000	0.70490000
0.48420000	0.68710000
0.48420000	0.66970000
0.46860000	0.65290000
0.46860000	0.63650000
0.48420000	0.62050000
0.48420000	0.60490000
0.50770000	0.58970000
0.47640000	0.57500000
0.49200000	0.56050000
0.48420000	0.54650000
0.50770000	0.53280000
0.54670000	0.51950000
0.58580000	0.50650000
1.09340000	0.50660000
2.81170000	3.88410000
2.10870000	2.96100000
1.79630000	1.50760000
1.48390000	1.06230000
1.09340000	0.88300000
0.93720000	0.78590000
0.77320000	0.71730000
0.78100000	0.66440000
2.34310000	0.64410000
2.81170000	1.47560000
3.04600000	2.05330000
4.84230000	3.99100000
6.71670000	7.41030000
4.45180000	6.37400000
3.20220000	3.94600000
3.35840000	3.11480000
2.65550000	2.62510000
2.26490000	2.27310000
2.18680000	1.99650000
3.12410000	1.77340000
5.23280000	1.85780000
4.84230000	3.05210000
4.84230000	4.52170000
4.52990000	3.66960000
4.68610000	3.25540000
4.45180000	3.30980000
3.74890000	2.68860000
3.20220000	2.40760000
2.81170000	2.14960000
2.57740000	1.92680000
3.43650000	2.00010000
3.59270000	2.21720000
3.20220000	2.23350000
3.35840000	7.48680000
3.82700000	6.82880000
3.67080000	4.08160000
3.43650000	3.02240000
2.96790000	2.52140000
2.96790000	2.21210000
2.65550000	1.99030000
2.96790000	1.82180000
4.52990000	5.12030000
4.52990000	4.93020000
4.68610000	3.61360000
73.57180000	30.45410000
41.78440000	36.29390000
17.80720000	23.06310000
11.94960000	12.82230000
7.96640000	7.67090000
6.01380000	5.69310000
4.99850000	4.71110000
4.21750000	4.08710000
3.51460000	3.62570000
2.96790000	3.25570000
2.65550000	2.95160000
3.67080000	3.07200000
3.67080000	4.20200000
3.51460000	4.79570000
3.74890000	3.97980000
3.90510000	3.21150000
2.96790000	2.50000000
2.18680000	2.21050000
1.71820000	2.03590000
1.48390000	1.90590000
2.26490000	1.79940000
2.18680000	1.70800000
1.95250000	1.62810000
1.64010000	1.55730000
1.32770000	1.49410000
1.64010000	2.05680000
2.10870000	1.66410000
1.64010000	1.53900000
1.40580000	1.45440000
1.17150000	1.39000000
2.57740000	1.36490000
4.45180000	3.86790000
3.90510000	3.31090000
5.62330000	4.21710000
5.31090000	3.85900000
5.46710000	2.38630000
3.90510000	1.86770000
2.88980000	1.64300000
2.34310000	1.50600000
1.95250000	1.40270000
1.64010000	1.31810000
1.32770000	1.24630000
1.48390000	1.21160000
1.17150000	1.18010000
1.01530000	1.13120000
0.93720000	1.08170000
0.93720000	1.05360000
1.09340000	1.00690000
1.24960000	0.97750000
5.85760000	1.95170000
17.02620000	7.08300000
26.71080000	6.08710000
9.99700000	2.90970000
5.54520000	1.87820000
4.29560000	1.50610000
3.90510000	1.32470000
3.12410000	1.20810000
2.49930000	1.12140000
2.18680000	1.05790000
1.95250000	0.99220000
1.79630000	0.93810000
1.48390000	0.89180000
1.32770000	0.85120000
1.09340000	0.81530000
0.93720000	0.78300000
0.85910000	0.75390000
0.75760000	0.72730000
0.67950000	0.70330000
0.61700000	0.68040000
0.55450000	0.65920000
0.46860000	0.63940000
0.42170000	0.62070000
0.37490000	0.60310000
0.33580000	0.58620000
0.31240000	0.57020000
0.28900000	0.55480000
0.28120000	0.54000000
0.25770000	0.52580000
0.24990000	0.51200000
0.23430000	0.49870000
0.57800000	0.55080000
0.42960000	0.63100000
0.35150000	0.65080000
0.32020000	0.63730000
0.57800000	0.71430000
2.34310000	0.90190000
1.01530000	0.96500000
0.72630000	0.94550000
0.56230000	0.85790000
0.46080000	0.85710000
0.85910000	0.85270000
1.09340000	0.94690000
0.58580000	1.00460000
0.46080000	0.98810000
1.01530000	0.92970000
3.67080000	2.05560000
1.87440000	1.38860000
1.17150000	1.13500000
0.93720000	0.99100000
0.85910000	0.89700000
0.70290000	0.81280000
0.57010000	0.74560000
0.47640000	0.69080000
0.61700000	0.64450000
0.68730000	0.66750000
0.49200000	0.69060000
0.45300000	0.68470000
0.37490000	0.64850000
0.31240000	0.60860000
0.28120000	0.57200000
0.24210000	0.53970000
0.21090000	0.51160000
0.23430000	0.48690000
0.32800000	0.49020000
0.39050000	0.50410000
0.39830000	0.56600000
0.26550000	0.58540000
0.24990000	0.59030000
0.20310000	0.56070000
0.19530000	0.52570000
0.17180000	0.50740000
0.14060000	0.46860000
0.14840000	0.44040000
0.65610000	0.49580000
0.29680000	0.55930000
0.19530000	0.59140000
0.17960000	0.56470000
0.15620000	0.52630000
0.14060000	0.48950000
0.13280000	0.45700000
0.13280000	0.42900000
0.12500000	0.40480000
0.11720000	0.38380000
0.10930000	0.36540000
0.10150000	0.34910000
0.10150000	0.33470000
0.09370000	0.32170000
0.08590000	0.30990000
0.08590000	0.29910000
0.07810000	0.28920000
0.07810000	0.27990000
0.07810000	0.27140000
0.07190000	0.26330000
0.06480000	0.25570000
0.06400000	0.24840000
0.05940000	0.24150000
0.09370000	0.26330000
0.13280000	0.32140000
0.54670000	0.57140000
0.66390000	0.94610000
0.24210000	1.07430000
0.15620000	1.05620000
0.14840000	0.97480000
0.16400000	0.89550000
0.14060000	0.83150000
0.11720000	0.77350000
0.10150000	0.70150000
0.10930000	0.63470000
0.10150000	0.57720000
0.09370000	0.52870000
0.08590000	0.48780000
0.07030000	0.45310000
0.06400000	0.42370000
0.06560000	0.39850000
0.07110000	0.37670000
0.10930000	0.42570000
0.10930000	0.46940000
0.07810000	0.51060000
0.07810000	0.49070000
0.07810000	0.45770000
0.07730000	0.42530000
0.07650000	0.39660000
0.07190000	0.37190000
0.06870000	0.35050000
0.15620000	0.36930000
0.21090000	0.47870000
0.18740000	0.54450000
0.18740000	0.57790000
0.17960000	0.54650000
1.24960000	0.91810000
0.93720000	1.01390000
0.42170000	0.99620000
0.28120000	0.93460000
0.22650000	0.84260000
0.20310000	0.75480000
0.17960000	0.67880000
0.17180000	0.61490000
0.93720000	0.69070000
0.49990000	0.75410000
0.31240000	0.78530000
0.24990000	0.73610000
0.21870000	0.67690000
0.21870000	0.61890000
0.19530000	0.56480000
0.53890000	0.59720000
0.74200000	0.71680000
0.42170000	0.74920000
0.30460000	0.73630000
0.26550000	0.68270000
0.24210000	0.62550000
0.22650000	0.57420000
0.62480000	0.53020000
1.79630000	0.73800000
0.85910000	0.77480000
1.32770000	0.80010000
1.40580000	0.89180000
0.85910000	0.91730000
0.71850000	0.90510000
0.62480000	0.83420000
0.54670000	0.75760000
0.49200000	0.68900000
0.50770000	0.64050000
0.47640000	0.58800000
0.52330000	0.57290000
1.56200000	2.29200000
1.09340000	1.27290000
0.74980000	0.94290000
0.62480000	0.81190000
0.60920000	0.72530000
0.64820000	0.67340000
0.73420000	0.61360000
0.69510000	0.60590000
0.56230000	0.58940000
0.52330000	0.55420000
0.65610000	0.54280000
2.42120000	2.74780000
1.32770000	1.38210000
1.01530000	0.94340000
0.93720000	0.76760000
0.72630000	0.67450000
0.60140000	0.61120000
0.59360000	0.56120000
0.65610000	0.52110000
0.62480000	0.48690000
0.58580000	0.45760000
0.51550000	0.43230000
0.53110000	0.41030000
0.49200000	0.39110000
0.50770000	0.37400000
0.49990000	0.35870000
0.57800000	0.34500000
0.59360000	0.33260000
0.56230000	0.32110000
0.53890000	0.31060000
0.51550000	0.30080000
0.57800000	0.29170000
0.56230000	0.28300000
0.52330000	0.27490000
0.56230000	0.26720000
0.57800000	0.25980000
0.57010000	0.25270000
0.57010000	0.24600000
1.24960000	0.23990000
1.24960000	0.23790000
1.09340000	0.23060000
1.01530000	0.22260000
1.01530000	0.23310000
1.79630000	1.04660000
2.03060000	0.92110000
1.64010000	2.61900000
1.48390000	2.21840000
1.32770000	1.91740000
1.17150000	1.73810000
1.09340000	1.54190000
1.09340000	1.35310000
1.09340000	1.18940000
1.01530000	1.05320000
1.09340000	0.95760000
1.79630000	3.17770000
2.73360000	4.54800000
4.13940000	5.67180000
5.85760000	9.43580000
4.13940000	7.75800000
3.20220000	5.38410000
2.81170000	3.87330000
2.49930000	3.33630000
1.87440000	2.98740000
3.20220000	2.64400000
3.82700000	2.34270000
2.96790000	2.08870000
2.18680000	1.87680000
1.79630000	1.70030000
1.71820000	1.55290000
1.56200000	1.42940000
1.32770000	1.32520000
1.24960000	1.23680000
1.17150000	1.16120000
1.17150000	1.09600000
1.17150000	1.03950000
1.32770000	0.98990000
1.40580000	0.94610000
1.32770000	0.90710000
4.52990000	1.88450000
3.98320000	2.80330000
2.96790000	1.91630000
3.12410000	2.94460000
5.23280000	5.83990000
6.79480000	4.58710000
5.23280000	3.24220000
4.29560000	2.73200000
3.82700000	2.38930000
3.35840000	2.11860000
2.81170000	1.89700000
4.37370000	1.71530000
10.62180000	1.56410000
9.21600000	1.43730000
6.40430000	1.33050000
5.15470000	1.23990000
6.09190000	1.16270000
8.82550000	1.10910000
6.79480000	1.04880000
4.99850000	1.01560000
4.06130000	0.98680000
3.67080000	0.94630000
3.20220000	0.90580000
2.88980000	0.86850000
2.73360000	0.83460000
3.04600000	0.97510000
2.88980000	1.29360000
2.42120000	1.19750000
2.49930000	1.23910000
2.49930000	1.17630000
2.26490000	1.09340000
2.57740000	1.01520000
7.10730000	3.73920000
7.18540000	5.30120000
5.77950000	3.72440000
8.98170000	4.25210000
19.99400000	9.27290000
12.02770000	8.72190000
8.74740000	5.01650000
6.87290000	3.81030000
5.46710000	3.18690000
4.92040000	2.77000000
6.63860000	4.89160000
5.85760000	5.77630000
5.07660000	4.72900000
4.68610000	3.46470000
4.60800000	2.95900000
10.54370000	7.27100000
8.04450000	7.79140000
6.32620000	4.56840000
5.07660000	3.55140000
4.45180000	3.02240000
4.21750000	2.66820000
4.37370000	2.40560000
5.15470000	2.20080000
5.85760000	6.51600000
5.54520000	6.25260000
4.60800000	3.68050000
4.45180000	2.93690000
5.77950000	3.70370000
10.62180000	5.60800000
8.04450000	5.36500000
8.12260000	6.48150000
10.77800000	10.31450000
8.98170000	10.93600000
6.87290000	8.64950000
6.09190000	6.40560000
5.54520000	5.61070000
5.38900000	8.43740000
5.31090000	11.23310000
5.62330000	15.36690000
4.99850000	15.60230000
4.21750000	12.58140000
3.59270000	9.83250000
3.04600000	9.45460000
2.73360000	10.51100000
2.42120000	12.33990000
2.18680000	13.91900000
1.95250000	13.47780000
1.79630000	11.86600000
1.64010000	10.38370000
1.48390000	8.84650000
1.32770000	7.85700000
1.24960000	5.59240000
1.09340000	4.45320000
1.17150000	3.85340000
1.87440000	4.20630000
10.38750000	15.79690000
8.27880000	17.42680000
4.68610000	10.00970000
3.35840000	5.90990000
2.81170000	4.42930000
3.67080000	4.37450000
3.74890000	5.48460000
2.81170000	3.86210000
2.26490000	3.13550000
2.03060000	2.79230000
1.79630000	2.56830000
1.56200000	2.39960000
1.40580000	2.26040000
1.32770000	2.14220000
1.09340000	2.03890000
0.93720000	1.94780000
0.93720000	1.86670000
0.85910000	1.79380000
1.01530000	1.74190000
0.93720000	1.67170000
0.85910000	1.61310000
0.57800000	1.56080000
0.53110000	1.51260000
0.53110000	1.47190000
0.63260000	1.42610000
0.42960000	1.38480000
0.42960000	1.34610000
0.32800000	1.30920000
0.30460000	1.27400000
0.29680000	1.24010000
0.26550000	1.20740000
0.24210000	1.17590000
0.23430000	1.14620000
0.30460000	1.13390000
0.26550000	1.09270000
0.24990000	1.06180000
0.31240000	1.03390000
0.48420000	1.03670000
0.85910000	1.11350000
0.85910000	1.18380000
0.56230000	1.18540000
0.39830000	1.13950000
0.30460000	1.08570000
0.38270000	1.07100000
0.28120000	1.06060000
0.30460000	1.03490000
0.20310000	0.99180000
1.79630000	2.10100000
1.32770000	1.63080000
1.48390000	1.45730000
2.10870000	1.35780000
0.93720000	1.29400000
0.71070000	1.24710000
0.78100000	1.18580000
0.61700000	1.10460000
0.76540000	1.07310000
1.17150000	1.36830000
0.85910000	1.27380000
0.64040000	1.18140000
0.62480000	1.10130000
0.61700000	1.04050000
0.63260000	0.97050000
0.78100000	0.96700000
0.61700000	0.90460000
0.48420000	0.87960000
0.41390000	0.82560000
0.35930000	0.80430000
0.32020000	0.75140000
0.27340000	0.74020000
0.24210000	0.71350000
0.21090000	0.68450000
0.17960000	0.65700000
0.16400000	0.65360000
0.14840000	0.61550000
0.14840000	0.60200000
0.14060000	0.58300000
0.12500000	0.56350000
0.11720000	0.54490000
0.10930000	0.52750000
0.10150000	0.51120000
0.31240000	0.49600000
0.85910000	0.77530000
0.48420000	0.95670000
2.57740000	3.96250000
1.32770000	2.28450000
1.09340000	1.70330000
10.69990000	7.99610000
12.80870000	11.91210000
5.62330000	6.19120000
3.98320000	3.29530000
5.54520000	3.89880000
3.51460000	2.43250000
2.18680000	1.88650000
1.71820000	1.60650000
2.26490000	3.84040000
1.64010000	2.34080000
2.73360000	2.75670000
2.57740000	4.28380000
1.40580000	2.32480000
3.59270000	5.10130000
4.92040000	9.84750000
17.57290000	12.36650000
12.80870000	10.03960000
5.70140000	5.66420000
4.21750000	4.16360000
4.99850000	7.58590000
4.37370000	6.23690000
3.28030000	4.22720000
2.57740000	3.34760000
2.03060000	2.86660000
1.71820000	2.54950000
1.40580000	2.28120000
1.17150000	2.07360000
0.93720000	1.89750000
0.70290000	1.75150000
0.57010000	1.62860000
0.48420000	1.52410000
0.44520000	1.43450000
0.43740000	1.35700000
0.38270000	1.28950000
0.34360000	1.23010000
0.31240000	1.17740000
0.29680000	1.13030000
0.28900000	1.08770000
0.26550000	1.04890000
0.29680000	1.01330000
0.23430000	0.98050000
0.19530000	0.94980000
0.19530000	0.92120000
0.18740000	0.89410000
0.62480000	0.88990000
16.94810000	18.36780000
7.57590000	13.78980000
4.13940000	5.58470000
3.43650000	3.18660000
2.26490000	2.21930000
1.64010000	1.88150000
1.56200000	2.74020000
1.79630000	3.50900000
1.95250000	2.16570000
1.32770000	1.71310000
1.09340000	1.49540000
0.93720000	1.35730000
0.73420000	1.25240000
0.64820000	1.16650000
0.60140000	1.09470000
0.58580000	1.03630000
0.49990000	0.98010000
0.44520000	0.93230000
0.41390000	0.89060000
1.17150000	0.88720000
6.48240000	11.01260000
8.98170000	13.76790000
6.63860000	9.50270000
4.52990000	4.99080000
5.31090000	4.04900000
4.45180000	4.16470000
3.43650000	3.27670000
2.65550000	2.92660000
2.03060000	2.60350000
1.79630000	2.32830000
1.40580000	2.08880000
1.24960000	1.89030000
1.32770000	1.74670000
1.24960000	1.59370000
1.09340000	1.53080000
1.01530000	1.43860000
0.93720000	1.34810000
0.85910000	1.26720000
0.85910000	1.19650000
1.01530000	1.13490000
1.48390000	1.20580000
1.17150000	1.11470000
1.01530000	1.10210000
0.93720000	1.05890000
0.85910000	1.01090000
1.01530000	1.06740000
0.93720000	0.99680000
0.85910000	0.99030000
0.78100000	0.95320000
6.48240000	6.46560000
4.37370000	5.45840000
3.82700000	3.11160000
3.82700000	3.61050000
2.73360000	2.56240000
2.10870000	2.28930000
1.79630000	2.04220000
1.56200000	1.83050000
1.32770000	1.65250000
1.24960000	1.50250000
1.17150000	1.37760000
1.17150000	1.28410000
1.32770000	1.44630000
1.24960000	1.23500000
1.48390000	1.28630000
1.32770000	1.21680000
1.17150000	1.37610000
1.01530000	1.33660000
1.01530000	1.24970000
2.57740000	2.15940000
2.88980000	3.12520000
3.51460000	3.74890000
2.73360000	3.25030000
2.18680000	2.51840000
1.71820000	2.13040000
1.40580000	1.87360000
1.24960000	1.67880000
1.09340000	1.52180000
0.93720000	1.39220000
0.85910000	1.28390000
7.65400000	5.29420000
11.55910000	10.88110000
6.40430000	8.10180000
4.37370000	4.65440000
3.51460000	3.40440000
2.96790000	2.80370000
6.40430000	5.25550000
4.84230000	5.06230000
3.67080000	3.62290000
2.96790000	2.97090000
2.57740000	2.57900000
2.18680000	2.29580000
1.95250000	2.07100000
1.40580000	1.88730000
1.32770000	1.73460000
3.04600000	2.09100000
4.21750000	4.93410000
15.46410000	14.06920000
13.98020000	12.24090000
9.45030000	6.37940000
5.07660000	4.39240000
4.76420000	5.35760000
3.90510000	5.36350000
3.51460000	3.90970000
2.88980000	3.27140000
2.81170000	2.87170000
3.04600000	2.57410000
2.73360000	2.33490000
2.73360000	2.13770000
2.57740000	1.97330000
4.45180000	1.83890000
4.13940000	1.71930000
3.59270000	1.64690000
3.90510000	2.04860000
5.46710000	4.83910000
4.45180000	5.00190000
3.35840000	4.15470000
2.81170000	3.92820000
2.57740000	3.02740000
2.26490000	2.63130000
2.03060000	2.35780000
1.95250000	2.14040000
1.79630000	1.96120000
1.87440000	1.81090000
1.87440000	1.68420000
1.79630000	1.57620000
1.56200000	1.48350000
1.56200000	1.40340000
1.56200000	1.33350000
1.48390000	1.27210000
1.40580000	1.21760000
1.40580000	1.16880000
1.32770000	1.12480000
1.40580000	1.08470000
1.48390000	1.04790000
1.56200000	1.01390000
1.40580000	0.98230000
1.24960000	0.95260000
1.24960000	0.92470000
1.17150000	0.89820000
1.17150000	0.87310000
1.09340000	0.84910000
1.09340000	0.82610000
1.09340000	0.80410000
1.09340000	0.78280000
1.95250000	0.76230000
1.87440000	0.74250000
1.56200000	0.72340000
1.32770000	0.70480000
1.24960000	0.68680000
1.17150000	0.66930000
1.17150000	0.65230000
1.09340000	0.63580000
1.01530000	0.61970000
1.01530000	0.60410000
1.24960000	0.58890000
1.32770000	0.57410000
1.17150000	0.55970000
1.24960000	0.54560000
2.49930000	0.53200000
3.67080000	0.51870000
3.20220000	0.50570000
2.57740000	0.49300000
2.10870000	0.48070000
1.71820000	0.46870000
1.48390000	0.45690000
2.49930000	0.94640000
3.20220000	0.71390000
2.57740000	0.65770000
2.49930000	0.63470000
4.21750000	0.59740000
3.51460000	0.56010000
2.65550000	0.52650000
2.18680000	0.49730000
2.42120000	0.47180000
5.77950000	0.46650000
4.52990000	0.44250000
3.51460000	0.45620000
3.51460000	0.46350000
2.81170000	0.44720000
2.34310000	0.42630000
2.18680000	0.40620000
2.65550000	0.39610000
6.09190000	1.09550000
6.79480000	3.67890000
4.99850000	2.46290000
5.46710000	2.92210000
5.77950000	2.66250000
4.37370000	2.23170000
3.90510000	2.02360000
3.90510000	1.79890000
4.21750000	1.59290000
4.06130000	1.42310000
4.45180000	1.53780000
5.54520000	2.59380000
5.07660000	2.49880000
4.37370000	2.09130000
3.98320000	1.93550000
3.59270000	1.73660000
3.04600000	1.55060000
3.04600000	1.40270000
3.20220000	1.28400000
4.99850000	5.34080000
4.92040000	7.06580000
5.46710000	8.30670000
6.56050000	10.08530000
5.93570000	9.91290000
4.68610000	7.68760000
4.52990000	7.83810000
5.46710000	14.77840000
9.13790000	20.14760000
6.01380000	17.35630000
6.01380000	17.57740000
11.16850000	18.21180000
6.56050000	13.35450000
4.68610000	8.71640000
3.74890000	7.00320000
3.51460000	7.65510000
3.04600000	6.81380000
2.57740000	4.99510000
2.26490000	4.12100000
2.03060000	3.62140000
1.79630000	3.24900000
1.64010000	2.95850000
1.56200000	2.71960000
1.48390000	2.51210000
1.32770000	2.34090000
3.59270000	5.96180000
5.15470000	7.51540000
4.29560000	5.41450000
3.20220000	3.60910000
2.49930000	2.93760000
1.95250000	2.59670000
1.64010000	2.36940000
1.48390000	2.19390000
1.17150000	2.05010000
1.01530000	1.92800000
0.93720000	1.82620000
0.93720000	1.73170000
0.85910000	1.65010000
0.93720000	1.57840000
1.01530000	1.53910000
1.95250000	3.05650000
4.99850000	5.59370000
5.15470000	4.16910000
3.67080000	2.72330000
3.59270000	3.07450000
2.49930000	2.13070000
1.87440000	1.80550000
1.56200000	1.63790000
1.32770000	1.52600000
1.40580000	1.45260000
1.17150000	1.36690000
1.32770000	1.32840000
1.24960000	1.25270000
1.09340000	1.26030000
0.93720000	1.22100000
0.78100000	1.17180000
0.67950000	1.12400000
0.55450000	1.08000000
0.47640000	1.04190000
0.45300000	1.00390000
0.42960000	0.96970000
0.54670000	0.97420000
1.87440000	2.00680000
2.34310000	1.80010000
2.03060000	1.44550000
1.40580000	1.27770000
1.01530000	1.16550000
0.78100000	1.08440000
0.60920000	1.01870000
0.49990000	0.96330000
0.41390000	0.91540000
0.39830000	0.87330000
0.35930000	0.83590000
0.31240000	0.80250000
0.31240000	0.79000000
0.37490000	0.76430000
0.35930000	0.76600000
3.20220000	3.32000000
2.10870000	1.94150000
4.45180000	2.54840000
4.45180000	2.21410000
2.96790000	1.64140000
1.87440000	1.37650000
1.24960000	1.24510000
5.46710000	5.10880000
4.92040000	2.53660000
3.28030000	1.69330000
2.81170000	1.38720000
2.57740000	1.26050000
2.81170000	1.22580000
2.65550000	1.18580000
1.95250000	1.11620000
1.56200000	1.03240000
1.24960000	0.97270000
1.64010000	0.94740000
2.03060000	0.99070000
1.71820000	0.99970000
3.59270000	3.31100000
5.07660000	5.04800000
3.90510000	2.95360000
2.81170000	2.01620000
1.87440000	1.62200000
1.64010000	1.51360000
4.37370000	2.53800000
4.29560000	1.93650000
2.81170000	1.47520000
1.95250000	1.25770000
1.48390000	1.13480000
1.09340000	1.03340000
0.85910000	0.95430000
0.73420000	0.88980000
0.64040000	0.83510000
0.57010000	0.78810000
1.09340000	1.05150000
0.78100000	0.92680000
0.57800000	0.87190000
0.57010000	0.83740000
0.93720000	0.82060000
0.74980000	0.81480000
7.41970000	7.33470000
6.09190000	4.30410000
3.51460000	2.16680000
2.49930000	1.47130000
3.04600000	1.19570000
2.10870000	1.06610000
1.79630000	0.99020000
3.67080000	6.80880000
6.56050000	8.17980000
4.13940000	4.21460000
2.49930000	2.59400000
1.64010000	1.97100000
1.32770000	1.66220000
1.17150000	1.46050000
0.93720000	1.30950000
0.85910000	1.18950000
0.75760000	1.08950000
1.24960000	1.00550000
2.10870000	2.70460000
2.42120000	3.07240000
1.87440000	1.74840000
1.48390000	1.31780000
1.17150000	1.12920000
0.93720000	1.01860000
0.85910000	0.93740000
0.72630000	0.87240000
0.65610000	0.81830000
0.56230000	0.77170000
0.49990000	0.73130000
0.62480000	0.76570000
0.55450000	0.84820000
0.42170000	0.90470000
0.33580000	0.90000000
0.30460000	0.86950000
0.24210000	0.81680000
0.21090000	0.76420000
2.49930000	5.26220000
2.26490000	3.06500000
1.40580000	1.76160000
1.01530000	1.29810000
0.62480000	1.09530000
0.47640000	0.97650000
0.40610000	0.88870000
0.32800000	0.82070000
0.28120000	0.76370000
0.24210000	0.71520000
0.23430000	0.67350000
0.20310000	0.63740000
0.17180000	0.60590000
0.16400000	0.57820000
0.43740000	0.63830000
0.77320000	0.78590000
0.41390000	0.82200000
0.32800000	0.80110000
0.26550000	0.75000000
0.22650000	0.69730000
0.21090000	0.65000000
0.20310000	0.60900000
0.17960000	0.57360000
0.15620000	0.54290000
0.14840000	0.51620000
0.14840000	0.49260000
0.14840000	0.47170000
0.14060000	0.45290000
0.12500000	0.43600000
0.18740000	0.46310000
0.41390000	0.59260000
0.51550000	0.70770000
0.34360000	0.73490000
0.25770000	0.73900000
0.21870000	0.69220000
0.43740000	1.15720000
1.01530000	1.78020000
0.50770000	1.18330000
0.37490000	0.98750000
1.32770000	1.95070000
1.01530000	1.30090000
0.60140000	1.06640000
0.55450000	0.93490000
0.46860000	0.83040000
0.39830000	0.75940000
0.42960000	0.71400000
0.46080000	0.64780000
0.39050000	0.64180000
0.35930000	0.60770000
0.32800000	0.56970000
0.36710000	0.57640000
0.85910000	0.58800000
0.60920000	0.63350000
0.48420000	0.61050000
0.44520000	0.57330000
0.41390000	0.53530000
1.17150000	1.73840000
2.34310000	2.82990000
1.40580000	1.41490000
1.09340000	0.99500000
1.40580000	1.50920000
2.42120000	3.40920000
1.56200000	2.59370000
1.24960000	2.04410000
1.24960000	1.73100000
1.01530000	1.49400000
0.85910000	1.35350000
0.78100000	1.21380000
0.72630000	1.09530000
0.68730000	0.98940000
0.64040000	0.90180000
0.60140000	0.82870000
0.78100000	0.76720000
0.93720000	0.71520000
0.78100000	0.67070000
0.68730000	0.63240000
0.58580000	0.59930000
3.12410000	4.80370000
7.57590000	8.68530000
3.98320000	5.40220000
2.65550000	3.51090000
1.95250000	2.71090000
1.56200000	2.27210000
2.18680000	2.34450000
2.34310000	2.64900000
1.79630000	2.24390000
1.48390000	1.95570000
1.32770000	1.73760000
1.24960000	1.56020000
1.24960000	1.41350000
2.42120000	3.62940000
3.04600000	5.48870000
2.03060000	3.29030000
1.71820000	2.72580000
1.56200000	2.36200000
1.32770000	2.08560000
4.29560000	6.06580000
3.59270000	5.89160000
2.81170000	3.65890000
2.57740000	2.79560000
2.18680000	2.36210000
1.87440000	2.08180000
2.03060000	4.43510000
4.29560000	8.63180000
3.59270000	6.26460000
2.73360000	4.06700000
2.10870000	3.20330000
3.82700000	4.11870000
3.28030000	5.29640000
2.34310000	3.58900000
1.71820000	3.08340000
1.48390000	2.76560000
1.24960000	2.48510000
1.24960000	2.24550000
1.24960000	2.04400000
1.24960000	1.87600000
1.09340000	1.73410000
1.09340000	1.61390000
1.09340000	1.51150000
1.09340000	1.42360000
7.26350000	6.50600000
8.35690000	8.14960000
5.07660000	5.20020000
3.12410000	3.46130000
2.10870000	2.79100000
1.95250000	2.42310000
1.79630000	2.16620000
1.79630000	1.96650000
1.71820000	1.80440000
1.56200000	1.66860000
1.48390000	1.55350000
1.40580000	1.45530000
1.32770000	1.37110000
1.24960000	1.29810000
1.09340000	1.23430000
1.09340000	1.17820000
1.01530000	1.12830000
0.93720000	1.08360000
0.85910000	1.04320000
0.85910000	1.00640000
1.01530000	0.97250000
1.01530000	0.95560000
1.40580000	0.91940000
1.48390000	0.94710000
1.40580000	0.96190000
1.32770000	0.93570000
1.17150000	0.90060000
1.09340000	0.86580000
1.01530000	0.83350000
3.20220000	1.89100000
9.91890000	9.64160000
6.01380000	9.00230000
4.68610000	4.85730000
3.28030000	3.51460000
2.18680000	2.89720000
1.71820000	2.50440000
1.40580000	2.20830000
1.24960000	1.97420000
1.17150000	1.78330000
1.09340000	1.62410000
1.01530000	1.49080000
0.93720000	1.37870000
0.85910000	1.28370000
0.78100000	1.20270000
0.76540000	1.13310000
0.78100000	1.07290000
0.85910000	1.02030000
0.78100000	0.97390000
0.77320000	0.93270000
0.77320000	0.89580000
0.78100000	0.86240000
0.78100000	0.83200000
0.85910000	0.80410000
0.93720000	0.77820000
1.01530000	0.75540000
1.01530000	0.74770000
1.09340000	0.72480000
1.01530000	0.74400000
1.09340000	0.75960000
5.93570000	10.24790000
31.24070000	28.11770000
51.00040000	35.29620000
19.68160000	27.08770000
12.96490000	16.27970000
10.38750000	11.50790000
8.20070000	9.75340000
6.24810000	7.54230000
5.07660000	5.64790000
4.29560000	4.77850000
3.59270000	5.03700000
3.28030000	4.93370000
3.12410000	5.06090000
2.81170000	4.04660000
2.42120000	3.63760000
2.18680000	3.33480000
2.26490000	3.81430000
2.10870000	4.26390000
22.80570000	22.44680000
46.54860000	40.47540000
24.13340000	36.09610000
13.66780000	21.18020000
9.05980000	10.69710000
6.40430000	7.06100000
5.15470000	5.57970000
4.21750000	4.77600000
3.35840000	4.23040000
14.91740000	12.40880000
15.62030000	15.24220000
8.82550000	9.53790000
6.87290000	6.26400000
5.31090000	4.70470000
4.21750000	3.87000000
5.23280000	6.50570000
22.64950000	22.85090000
48.34490000	32.22830000
18.35390000	22.85250000
11.63720000	10.97850000
7.96640000	6.82940000
5.93570000	5.26940000
4.52990000	4.49630000
3.67080000	4.00040000
3.20220000	3.62520000
2.73360000	3.32330000
2.88980000	3.75720000
3.90510000	6.39550000
2.88980000	4.98070000
2.34310000	3.35250000
1.95250000	2.75510000
1.79630000	2.48780000
1.64010000	2.32500000
1.87440000	3.50960000
5.07660000	6.50050000
4.84230000	5.55930000
3.67080000	3.20260000
2.73360000	2.43660000
2.34310000	2.14400000
2.10870000	1.99220000
2.10870000	1.88610000
1.71820000	1.80090000
1.56200000	1.72730000
1.48390000	1.66100000
1.48390000	1.60780000
1.64010000	1.55840000
1.56200000	1.50920000
1.32770000	1.46970000
1.17150000	1.42490000
1.09340000	1.38070000
1.01530000	1.33870000
0.93720000	1.29900000
0.85910000	1.26150000
0.74980000	1.22590000
0.64040000	1.19190000
0.70290000	1.20020000
0.93720000	1.59130000
0.64820000	1.42070000
0.53890000	1.34500000
0.49990000	1.27520000
0.47640000	1.21270000
0.46860000	1.18110000
0.57800000	1.11490000
0.46080000	1.10830000
0.39050000	1.07270000
0.35930000	1.03170000
3.51460000	3.22000000
2.81170000	1.93090000
1.56200000	1.49510000
1.09340000	1.30490000
0.85910000	1.19400000
0.68730000	1.11320000
0.53890000	1.04650000
0.45300000	0.99090000
0.38270000	0.94230000
0.34360000	0.89950000
0.28900000	0.86140000
0.28120000	0.82730000
0.24210000	0.79650000
0.21870000	0.76830000
0.21870000	0.74250000
0.33580000	0.84620000
0.57800000	1.02990000
0.60920000	1.13230000
2.03060000	1.42840000
2.73360000	1.36080000
1.32770000	1.29170000
0.85910000	1.19040000
0.93720000	1.13200000
1.48390000	1.17520000
0.93720000	1.17540000
0.85910000	1.12590000
0.75760000	1.04160000
0.60920000	0.96420000
0.46860000	0.89710000
0.41390000	0.84310000
0.42960000	0.79120000
0.36710000	0.74770000
0.30460000	0.71020000
0.27340000	0.67740000
0.22650000	0.64830000
0.28900000	0.65150000
0.30460000	0.67330000
0.30460000	0.65070000
0.23430000	0.62830000
0.21090000	0.60180000
0.21870000	0.58300000
0.21090000	0.55500000
0.17180000	0.53230000
0.14840000	0.51260000
0.14060000	0.49490000
0.12500000	0.47860000
0.11720000	0.46350000
0.11720000	0.44930000
0.10930000	0.43600000
0.10150000	0.42350000
0.09370000	0.41150000
0.08590000	0.40020000
0.18740000	0.46800000
0.22650000	0.53030000
0.13280000	0.56200000
0.12500000	0.54190000
2.81170000	2.37190000
0.85910000	1.61420000
0.45300000	1.30220000
0.38270000	1.13400000
0.27340000	0.98750000
0.19530000	0.88140000
0.17180000	0.81100000
0.15620000	0.72850000
0.25770000	0.73920000
0.18740000	0.75570000
0.16400000	0.73910000
0.14840000	0.69840000
0.12500000	0.64090000
0.10150000	0.59320000
0.09370000	0.55320000
0.10150000	0.52280000
0.07810000	0.49100000
0.06870000	0.46480000
0.06720000	0.44230000
0.06950000	0.42260000
0.06170000	0.40510000
0.07810000	0.39730000
0.12500000	0.40630000
0.27340000	0.41440000
0.11720000	0.40580000
0.08590000	0.38920000
0.07420000	0.37200000
0.28120000	0.39890000
0.17960000	0.42640000
0.13280000	0.45670000
0.09370000	0.44130000
0.08590000	0.41580000
0.06790000	0.39060000
0.06720000	0.37490000
0.07810000	0.35030000
0.06950000	0.33150000
0.05550000	0.31590000
0.05230000	0.30230000
0.04690000	0.29020000
0.04450000	0.28790000
0.07030000	0.28610000
0.07190000	0.26930000
2.42120000	1.18820000
1.71820000	3.48920000
0.53110000	2.28790000
0.30460000	1.77590000
0.21090000	1.48140000
0.17180000	1.27580000
0.14840000	1.11650000
0.11720000	0.98740000
0.10150000	0.88270000
0.08590000	0.79600000
0.08590000	0.73340000
0.07260000	0.66640000
0.06090000	0.61360000
0.06090000	0.57010000
0.06950000	0.54500000
0.06950000	0.50550000
0.06480000	0.47980000
0.05700000	0.45600000
0.04840000	0.43470000
0.04530000	0.42630000
0.06250000	0.42020000
0.06950000	0.39990000
0.05470000	0.44050000
0.12500000	0.49790000
0.10930000	0.54080000
0.07810000	0.56950000
0.06560000	0.54340000
0.06400000	0.50630000
0.05080000	0.47090000
0.04760000	0.43980000
0.04370000	0.41280000
0.04220000	0.38960000
0.04060000	0.36940000
0.03980000	0.35830000
0.05860000	0.36270000
0.10150000	0.38410000
0.07810000	0.40310000
0.21870000	0.50240000
0.59360000	1.23130000
0.21090000	1.08770000
0.14060000	1.01530000
0.10930000	0.91120000
0.17960000	0.85090000
0.40610000	0.88970000
0.21870000	0.88510000
0.14060000	0.85270000
0.10930000	0.78100000
0.09370000	0.70850000
0.10930000	0.64460000
0.09370000	0.59020000
0.08590000	0.54430000
3.20220000	4.77670000
1.71820000	4.32110000
0.59360000	2.25720000
0.36710000	1.57520000
0.26550000	1.27520000
0.22650000	1.10000000
0.20310000	0.97660000
0.21090000	0.88190000
0.17960000	0.79660000
0.16400000	0.73020000
0.14840000	0.67380000
0.15620000	0.63320000
0.19530000	0.61210000
0.35150000	0.67700000
0.29680000	0.70890000
0.24210000	0.71560000
0.47640000	0.67610000
0.53110000	0.62940000
0.30460000	0.58630000
0.23430000	0.54850000
0.71850000	2.04690000
2.18680000	3.33950000
1.17150000	1.72320000
0.60140000	1.18520000
3.12410000	3.04360000
2.18680000	1.68970000
1.32770000	1.23850000
1.01530000	1.03630000
0.78100000	0.93740000
0.64040000	0.85020000
0.53110000	0.77460000
0.49200000	0.71180000
0.44520000	0.65840000
4.45180000	5.13190000
3.43650000	4.39140000
1.71820000	2.64930000
1.32770000	1.96650000
1.01530000	1.62910000
0.85910000	1.41400000
0.74200000	1.25520000
0.66390000	1.12460000
0.60920000	1.01890000
0.85910000	1.04590000
0.93720000	0.99900000
0.85910000	1.11550000
0.74980000	1.17730000
0.54670000	1.11180000
0.78100000	1.92420000
3.12410000	5.79450000
1.79630000	4.16340000
1.40580000	2.93280000
1.17150000	2.36260000
0.93720000	2.02090000
0.78100000	1.77450000
0.62480000	1.57930000
0.46860000	1.42190000
0.39830000	1.29160000
0.42960000	1.18280000
1.79630000	8.00440000
13.19920000	15.37690000
7.26350000	11.28150000
4.52990000	5.99560000
2.96790000	4.14690000
2.34310000	3.32780000
1.87440000	2.84500000
1.64010000	2.49840000
1.32770000	2.22950000
1.32770000	2.01290000
1.24960000	1.82950000
1.17150000	1.68020000
1.09340000	1.54950000
0.93720000	1.44430000
0.78100000	1.35260000
0.78100000	1.27310000
0.85910000	1.20410000
0.78100000	1.14400000
0.72630000	1.09110000
0.73420000	1.04420000
0.85910000	1.02140000
1.17150000	2.73240000
1.32770000	2.49660000
1.01530000	1.97990000
0.85910000	1.73290000
0.74200000	1.55920000
0.60920000	1.42260000
0.58580000	1.30950000
0.59360000	1.21540000
0.53890000	1.13550000
0.45300000	1.06710000
0.49990000	1.00810000
0.62480000	0.95680000
0.64820000	0.91180000
0.57800000	0.87200000
0.57800000	0.83640000
0.50770000	0.80440000
0.49200000	0.77530000
0.76540000	0.74860000
0.78100000	0.72410000
0.85910000	0.70120000
0.78100000	0.67990000
0.75760000	0.65980000
0.71850000	0.64080000
0.67950000	0.62270000
0.67170000	0.60550000
0.66390000	0.58910000
0.66390000	0.57330000
0.71070000	0.55810000
0.70290000	0.54350000
0.64040000	0.52930000
0.63260000	0.51560000
0.58580000	0.50240000
0.60920000	0.48950000
0.67170000	0.47710000
0.67170000	0.46500000
0.85910000	0.45320000
0.93720000	0.44170000
1.09340000	0.43060000
1.09340000	0.41980000
1.01530000	0.40920000
1.01530000	0.39890000
0.93720000	0.38890000
0.85910000	0.37920000
0.85910000	0.36970000
0.93720000	0.36040000
0.78100000	0.35140000
0.85910000	0.34260000
0.93720000	0.33400000
1.17150000	0.32570000
1.32770000	0.31750000
1.32770000	0.30960000
1.24960000	0.30190000
1.09340000	0.29430000
1.01530000	0.28700000
1.01530000	0.28340000
1.17150000	0.27570000
1.01530000	0.26710000
1.17150000	0.25970000
1.48390000	0.25290000
1.48390000	0.24660000
1.48390000	0.24040000
1.32770000	0.23440000
1.32770000	0.22850000
1.79630000	1.10760000
16.40140000	9.70530000
17.41670000	8.44170000
12.57440000	4.12930000
9.76270000	2.77770000
13.74590000	5.29540000
17.02620000	8.83750000
13.90210000	8.14450000
10.85610000	5.70170000
7.73210000	3.99940000
8.12260000	4.76470000
10.38750000	5.90340000
9.84080000	7.13370000
9.05980000	9.05260000
6.56050000	6.91350000
5.31090000	5.41100000
5.31090000	5.97480000
4.92040000	4.21500000
4.29560000	3.65580000
3.74890000	3.26030000
3.20220000	2.90540000
2.73360000	2.60250000
2.42120000	2.34980000
2.26490000	2.14230000
2.10870000	1.97560000
1.95250000	2.18890000
2.57740000	6.03030000
4.13940000	6.74430000
4.37370000	5.48430000
3.82700000	5.32710000
3.98320000	5.72350000
3.51460000	6.06850000
2.88980000	5.14370000
2.42120000	4.37360000
2.10870000	4.28050000
1.87440000	5.63220000
3.51460000	12.39350000
2.96790000	12.41240000
4.06130000	12.24440000
5.46710000	13.23570000
3.90510000	9.18590000
2.88980000	5.78960000
9.76270000	9.19280000
7.81020000	8.59740000
4.99850000	5.22800000
3.90510000	3.93500000
3.12410000	3.32980000
2.49930000	2.96320000
3.43650000	4.97680000
4.52990000	5.77270000
3.59270000	3.48770000
3.12410000	2.86270000
2.73360000	2.53930000
2.42120000	2.32960000
2.34310000	2.15360000
1.87440000	2.01220000
1.64010000	1.89420000
1.40580000	1.79230000
1.17150000	1.70350000
1.32770000	1.78920000
2.96790000	2.80300000
2.34310000	1.98710000
1.79630000	1.73280000
1.48390000	1.59760000
1.24960000	1.54070000
1.09340000	1.47340000
1.17150000	1.41160000
1.24960000	1.35010000
1.09340000	1.29570000
1.01530000	1.24700000
2.18680000	2.62750000
4.06130000	3.80610000
3.20220000	2.44940000
5.70140000	4.74680000
10.07510000	5.94400000
6.87290000	2.95970000
4.76420000	2.02890000
3.51460000	1.68050000
3.12410000	1.52190000
4.45180000	1.66410000
5.85760000	1.42380000
4.06130000	1.29520000
2.81170000	1.20940000
2.10870000	1.14220000
1.64010000	1.08550000
1.24960000	1.03600000
0.93720000	0.99220000
0.78100000	0.96960000
0.71070000	0.92250000
0.54670000	0.88650000
0.49990000	0.85580000
0.42170000	0.82800000
0.39050000	0.80230000
0.38270000	0.77820000
0.33580000	0.75550000
0.39830000	0.77340000
0.85910000	0.84250000
0.85910000	0.96550000
1.95250000	1.87920000
1.48390000	1.40550000
1.17150000	1.24330000
0.93720000	1.12220000
0.72630000	1.02850000
0.57010000	0.95180000
0.51550000	0.90950000
0.49200000	0.83910000
0.42170000	0.80100000
0.32800000	0.76070000
0.39830000	0.72320000
1.40580000	0.89010000
1.40580000	0.95240000
2.49930000	1.03790000
1.87440000	1.06850000
1.24960000	1.03890000
0.85910000	0.96800000
0.63260000	0.91180000
0.50770000	0.83500000
0.39830000	0.77520000
0.34360000	0.72600000
0.29680000	0.68660000
0.27340000	0.65290000
0.25770000	0.63420000
0.22650000	0.59420000
0.20310000	0.58080000
0.18740000	0.54710000
0.18740000	0.52660000
0.15620000	0.50510000
0.13280000	0.48740000
0.13280000	0.47150000
0.12500000	0.45690000
0.21090000	0.45220000
0.15620000	0.43300000
0.13280000	0.41880000
0.10930000	0.40670000
0.09370000	0.40580000
0.10930000	0.38780000
0.09370000	0.37530000
0.08590000	0.36480000
0.07810000	0.35510000
0.07500000	0.34590000
0.06720000	0.33700000
0.05550000	0.33650000
0.07260000	0.34090000
0.10150000	0.31890000
0.08590000	0.31190000
0.07340000	0.33310000
0.13280000	0.39010000
0.09370000	0.41710000
0.06560000	0.40310000
0.06560000	0.39870000
0.06480000	0.36340000
0.06330000	0.34510000
0.05940000	0.32710000
0.05940000	0.31080000
0.17180000	0.37480000
0.21870000	0.47630000
0.31240000	0.52240000
0.42960000	0.58230000
0.22650000	0.61840000
0.13280000	0.60630000
0.10150000	0.55910000
0.09370000	0.50910000
0.54670000	0.67660000
1.71820000	1.48690000
0.70290000	1.32070000
0.42170000	1.19130000
0.32020000	1.05380000
0.27340000	0.93180000
0.20310000	0.84590000
0.18740000	0.78810000
0.15620000	0.74740000
0.12500000	0.70250000
0.11720000	0.68890000
0.14840000	0.77400000
0.19530000	0.79940000
3.59270000	2.74670000
2.96790000	4.12610000
1.48390000	2.31200000
1.01530000	1.69040000
0.74200000	1.39250000
0.57800000	1.20650000
0.46860000	1.06820000
0.40610000	0.95810000
0.38270000	0.86880000
0.35930000	0.81500000
1.01530000	2.37090000
1.71820000	2.09010000
1.17150000	1.47340000
0.85910000	1.23600000
0.62480000	1.08680000
0.51550000	0.97550000
0.43740000	0.88550000
0.38270000	0.81170000
0.34360000	0.75320000
0.29680000	0.70320000
0.27340000	0.65480000
0.23430000	0.61540000
0.21090000	0.58210000
0.19530000	0.56020000
0.21090000	0.52990000
0.26550000	0.53870000
0.35150000	0.62400000
0.93720000	0.75630000
0.62480000	0.81080000
0.45300000	0.82990000
0.35930000	0.78120000
0.30460000	0.72140000
0.34360000	0.70850000
0.78100000	1.92490000
0.53110000	1.23150000
0.93720000	1.14470000
1.32770000	1.38710000
3.20220000	3.96540000
3.28030000	5.05550000
1.71820000	2.59270000
1.17150000	1.69080000
0.93720000	1.33210000
0.77320000	1.14510000
0.64820000	1.01880000
0.53890000	0.92200000
0.49200000	0.84440000
0.69510000	0.81730000
1.48390000	2.71300000
2.42120000	4.90750000
1.32770000	3.15530000
1.01530000	2.24550000
0.85910000	1.82180000
1.01530000	2.48460000
3.74890000	6.39240000
2.34310000	4.63490000
1.71820000	3.21020000
1.32770000	2.55920000
1.09340000	2.17990000
0.93720000	1.91070000
0.85910000	1.69890000
1.48390000	2.75600000
2.88980000	5.67420000
1.87440000	4.11330000
3.28030000	6.63430000
3.74890000	6.38770000
3.28030000	4.03830000
2.96790000	3.09370000
2.57740000	2.60420000
2.34310000	2.28300000
1.95250000	2.03760000
1.64010000	1.84070000
1.48390000	1.67880000
1.32770000	1.54310000
1.24960000	1.42880000
2.42120000	5.42450000
5.23280000	8.89900000
3.51460000	5.92440000
2.65550000	3.77620000
2.10870000	2.92910000
1.87440000	2.49580000
1.71820000	2.21730000
1.95250000	2.68980000
1.64010000	2.23430000
1.40580000	2.17300000
1.32770000	2.01300000
1.17150000	1.84500000
1.17150000	1.69470000
5.46710000	7.22600000
4.76420000	6.96170000
3.51460000	4.06470000
2.73360000	3.01480000
2.34310000	2.52590000
2.10870000	2.22680000
1.79630000	2.00450000
4.76420000	4.01880000
3.98320000	3.81290000
3.04600000	2.79170000
2.42120000	2.33560000
2.03060000	2.06580000
1.87440000	1.87150000
1.79630000	1.72260000
2.88980000	3.85010000
11.40280000	10.62450000
7.41970000	8.78200000
5.07660000	4.96080000
3.67080000	3.60240000
2.96790000	2.98120000
2.49930000	2.60560000
2.26490000	2.32950000
2.26490000	2.12000000
2.34310000	1.94380000
2.03060000	1.82590000
1.71820000	1.80920000
1.40580000	1.71160000
1.40580000	1.60320000
1.32770000	1.50380000
1.87440000	1.72180000
3.59270000	4.52910000
3.20220000	3.95310000
2.49930000	2.83480000
1.87440000	2.34970000
1.64010000	2.07010000
3.98320000	2.32010000
2.73360000	2.02260000
2.10870000	2.13120000
1.95250000	2.02030000
1.87440000	1.88460000
2.18680000	2.63060000
1.71820000	2.18090000
1.32770000	2.09000000
1.24960000	1.93240000
1.17150000	1.77470000
1.17150000	1.63520000
1.17150000	1.51520000
1.09340000	1.41340000
1.01530000	1.32620000
1.01530000	1.25110000
1.09340000	2.35790000
1.24960000	3.66540000
1.24960000	2.46470000
1.01530000	2.20440000
0.93720000	1.98500000
1.01530000	1.79770000
1.32770000	1.64620000
1.09340000	1.50870000
0.93720000	1.44830000
0.85910000	1.36620000
0.74980000	1.28040000
0.73420000	1.20260000
1.64010000	1.47080000
2.18680000	2.85390000
1.79630000	2.06860000
6.17000000	7.20030000
6.63860000	6.82910000
4.76420000	4.10620000
3.74890000	3.07870000
3.04600000	2.57550000
2.42120000	2.25750000
2.18680000	2.02550000
1.87440000	1.82800000
1.71820000	1.69100000
1.71820000	1.56180000
1.48390000	1.44840000
1.48390000	1.35310000
1.40580000	1.26790000
1.24960000	1.19540000
1.24960000	1.13280000
1.24960000	1.07810000
1.17150000	1.02980000
0.93720000	0.98690000
0.93720000	0.94830000
0.93720000	0.91340000
0.93720000	0.88150000
1.40580000	0.85890000
1.40580000	0.82690000
1.24960000	0.80000000
1.09340000	0.77580000
1.01530000	0.75320000
1.01530000	0.73530000
1.17150000	0.71580000
1.48390000	2.41270000
4.84230000	4.67460000
3.20220000	3.00980000
2.34310000	2.11710000
1.79630000	1.72390000
1.71820000	1.50670000
1.56200000	1.34290000
1.56200000	1.21630000
2.26490000	1.11440000
3.04600000	1.02920000
2.57740000	0.95730000
2.42120000	0.89600000
2.18680000	0.84350000
3.67080000	0.88180000
5.23280000	3.03490000
3.90510000	3.25910000
3.28030000	2.49070000
2.96790000	2.24310000
2.81170000	1.91050000
2.81170000	1.82410000
2.42120000	1.65210000
2.26490000	1.51440000
2.18680000	1.36450000
1.95250000	1.29790000
1.79630000	1.20270000
1.64010000	1.11050000
1.48390000	1.02930000
1.32770000	0.95960000
1.17150000	0.89980000
1.01530000	0.84840000
1.09340000	0.81440000
1.09340000	0.77150000
0.93720000	0.74280000
0.85910000	0.71570000
0.85910000	0.68840000
0.85910000	0.65840000
0.77320000	0.63320000
0.74980000	0.61090000
0.78100000	0.59780000
0.74200000	0.57390000
0.71070000	0.55470000
0.64820000	0.53780000
0.61700000	0.52210000
0.58580000	0.50730000
0.57010000	0.49320000
0.57010000	0.47970000
0.55450000	0.46680000
0.53890000	0.45440000
0.57010000	0.44620000
0.55450000	0.43200000
0.49990000	0.42010000
0.46080000	0.40900000
0.42960000	0.39850000
0.39830000	0.38830000
0.35930000	0.37840000
0.34360000	0.36880000
0.32800000	0.35950000
0.32020000	0.35040000
0.42960000	0.37740000
7.34160000	5.53210000
5.07660000	2.55780000
3.20220000	1.53750000
2.18680000	1.15680000
2.03060000	0.99230000
1.56200000	0.85990000
1.24960000	0.80940000
1.09340000	0.74420000
1.71820000	0.74400000
2.26490000	0.95000000
1.79630000	0.89950000
1.71820000	0.87710000
1.71820000	0.80380000
1.40580000	0.75450000
1.17150000	0.69550000
1.48390000	0.79420000
2.42120000	1.19580000
6.09190000	4.14850000
4.29560000	2.04890000
2.81170000	1.34880000
1.95250000	1.07040000
1.64010000	0.94480000
1.71820000	0.88370000
2.73360000	1.44240000
2.34310000	1.06330000
1.71820000	0.90530000
1.40580000	0.80720000
1.17150000	0.73470000
1.01530000	0.67630000
0.93720000	0.64230000
1.09340000	0.60920000
0.93720000	0.57450000
0.85910000	0.55220000
0.78100000	0.52210000
0.68730000	0.49500000
0.56230000	0.47100000
0.52330000	0.45300000
0.56230000	0.43390000
0.51550000	0.41480000
0.42960000	0.39880000
2.26490000	3.90330000
8.51310000	7.09010000
5.46710000	4.82140000
4.37370000	2.36780000
3.43650000	1.57460000
2.73360000	1.26870000
2.26490000	1.10580000
1.87440000	1.00010000
1.40580000	0.89560000
1.17150000	0.81170000
1.01530000	0.74200000
2.18680000	1.88170000
2.26490000	1.18260000
1.56200000	0.95120000
1.17150000	0.83090000
1.01530000	0.75050000
0.85910000	0.68850000
0.72630000	0.63720000
0.64820000	0.59460000
0.54670000	0.55810000
0.46080000	0.52670000
1.09340000	0.56210000
1.48390000	0.62600000
1.48390000	0.67570000
2.57740000	1.77880000
1.79630000	1.15650000
0.93720000	0.94780000
0.69510000	0.83060000
0.56230000	0.74620000
0.46080000	0.68030000
0.41390000	0.62570000
0.41390000	0.59250000
0.70290000	0.58070000
0.78100000	0.58160000
0.64040000	0.57060000
0.48420000	0.54010000
0.43740000	0.50790000
0.35150000	0.47850000
0.30460000	0.45270000
0.24990000	0.43010000
0.22650000	0.41010000
0.21870000	0.39250000
0.17960000	0.37670000
0.19530000	0.37510000
0.20310000	0.36630000
0.20310000	0.34250000
0.26550000	0.34920000
0.20310000	0.32310000
0.15620000	0.31960000
0.11720000	0.31080000
0.10930000	0.30080000
0.10150000	0.29120000
0.11720000	0.30380000
0.14060000	0.27990000
0.09370000	0.28440000
0.25770000	0.30630000
0.19530000	0.32610000
0.14840000	0.34700000
0.14060000	0.32700000
0.10150000	0.30740000
0.13280000	0.30740000
0.16400000	0.28020000
0.14060000	0.27530000
0.09370000	0.26430000
0.09370000	0.27030000
0.10150000	0.26290000
0.08590000	0.25980000
0.07580000	0.24930000
0.06720000	0.23770000
0.07190000	0.34450000
0.22650000	0.52480000
0.19530000	0.63540000
0.18740000	0.68160000
0.12500000	0.65580000
0.10930000	0.60900000
0.73420000	0.90880000
0.64820000	0.90120000
0.43740000	0.86760000
0.30460000	0.77740000
0.21090000	0.69200000
0.17960000	0.61880000
0.14060000	0.55730000
0.11720000	0.50610000
0.10930000	0.46320000
0.09370000	0.42730000
0.08590000	0.39690000
0.06560000	0.37110000
0.09370000	0.37340000
0.11720000	0.33720000
0.08590000	0.35990000
0.06480000	0.35000000
0.05390000	0.33240000
0.04840000	0.32370000
0.04220000	0.30120000
0.05470000	0.32510000
0.21090000	0.45800000
0.43740000	0.52940000
0.16400000	0.55350000
0.07810000	0.54350000
0.10150000	0.53720000
0.09370000	0.53870000
0.07030000	0.52470000
0.06330000	0.48570000
0.05780000	0.44520000
0.04840000	0.40900000
0.04300000	0.37800000
0.03510000	0.35170000
0.03360000	0.32920000
0.02970000	0.32150000
0.06870000	0.33210000
0.20310000	0.34690000
0.13280000	0.37710000
0.07650000	0.37300000
0.05390000	0.35590000
0.04220000	0.32620000
0.03510000	0.32560000
0.03440000	0.31020000
0.03510000	0.30210000
0.07260000	0.36310000
0.38270000	0.59750000
0.21870000	0.73710000
0.21870000	0.77720000
0.17960000	0.74640000
0.14840000	0.71790000
0.16400000	0.65290000
0.16400000	0.63950000
0.13280000	0.62640000
0.10930000	0.60360000
0.14060000	0.60710000
0.14060000	0.59480000
0.14060000	0.59340000
0.24210000	0.61310000
0.16400000	0.62530000
0.13280000	0.61080000
0.17180000	0.59010000
0.20310000	0.57040000
0.20310000	0.57070000
0.17180000	0.53340000
0.14060000	0.51070000
0.16400000	0.50760000
1.17150000	2.11740000
0.74980000	1.28100000
0.41390000	0.98380000
0.28900000	0.83070000
0.24210000	0.73030000
0.62480000	0.65410000
1.01530000	0.59200000
0.36710000	0.54150000
0.20310000	0.50400000
0.33580000	1.54510000
2.57740000	3.43650000
1.87440000	2.91310000
1.48390000	1.59960000
1.09340000	1.16850000
0.93720000	0.96940000
0.74980000	0.84720000
0.64820000	0.75700000
0.55450000	0.68580000
0.47640000	0.62750000
0.85910000	1.04700000
1.48390000	1.45820000
1.09340000	0.98190000
0.85910000	0.81950000
0.74200000	0.72450000
0.70290000	0.66680000
0.71070000	0.60460000
0.64040000	0.57990000
0.57800000	0.54460000
0.53110000	0.50980000
0.49990000	0.47880000
0.45300000	0.45170000
0.45300000	0.42820000
0.43740000	0.40750000
0.44520000	0.38930000
0.39830000	0.37310000
0.39830000	0.36200000
0.37490000	0.34630000
0.35930000	0.33350000
0.34360000	0.32220000
0.33580000	0.31190000
0.32020000	0.30220000
0.30460000	0.29320000
0.28900000	0.28490000
0.29680000	0.28660000
0.40610000	0.29720000
0.39050000	0.31740000
0.40610000	0.35050000
0.38270000	0.33860000
0.35930000	0.33610000
0.48420000	0.34300000
0.57800000	0.35490000
1.01530000	1.03750000
1.01530000	0.95890000
0.85910000	0.98920000
0.68730000	0.92940000
0.57010000	0.83430000
0.51550000	0.74280000
0.45300000	0.66380000
0.44520000	0.59760000
3.28030000	5.28230000
3.98320000	7.88230000
2.42120000	4.85020000
3.74890000	6.28220000
4.68610000	5.07450000
2.96790000	3.66940000
2.10870000	2.96930000
1.64010000	2.52330000
1.48390000	2.19460000
1.24960000	1.93240000
1.40580000	1.71960000
1.40580000	1.54450000
1.32770000	1.39900000
1.24960000	1.27780000
1.17150000	1.17610000
1.09340000	1.09030000
0.93720000	1.01760000
0.93720000	0.95530000
0.93720000	0.90170000
0.85910000	0.85520000
0.85910000	0.81440000
0.78100000	0.77840000
0.76540000	0.74630000
0.78100000	0.71740000
0.78100000	0.69120000
1.01530000	0.66720000
1.40580000	0.64520000
2.49930000	1.32490000
2.81170000	1.36920000
2.18680000	1.31230000
1.87440000	1.38220000
1.56200000	1.33970000
1.32770000	1.23260000
1.32770000	1.12730000
1.24960000	1.02880000
1.09340000	0.98490000
0.78100000	0.94050000
0.61700000	0.87950000
0.53110000	0.82090000
0.52330000	0.76900000
0.45300000	0.72390000
0.41390000	0.68490000
0.49200000	0.65070000
0.63260000	0.63800000
4.37370000	6.50410000
4.29560000	5.58970000
3.20220000	3.30860000
1.87440000	2.50090000
1.40580000	2.08380000
1.01530000	1.80810000
0.93720000	1.59660000
0.78100000	1.42880000
0.71070000	1.29130000
0.85910000	1.17670000
1.01530000	1.08080000
0.93720000	1.00000000
1.09340000	0.93160000
1.17150000	0.87320000
1.09340000	0.82300000
1.09340000	0.77950000
1.09340000	0.74150000
1.09340000	0.70800000
1.01530000	0.67820000
0.93720000	0.65150000
1.56200000	0.62740000
1.32770000	0.60530000
1.09340000	0.58500000
1.09340000	0.56620000
1.40580000	0.58330000
1.40580000	1.37360000
1.32770000	0.91560000
2.34310000	2.61370000
5.31090000	5.06980000
4.92040000	4.54000000
3.82700000	3.34280000
3.59270000	2.57340000
3.67080000	2.24270000
3.51460000	2.18100000
3.90510000	2.36900000
3.67080000	2.10740000
3.04600000	3.58260000
3.04600000	4.31430000
3.28030000	3.01450000
3.51460000	2.58650000
4.45180000	3.79830000
7.88830000	5.33720000
6.87290000	4.27760000
6.24810000	3.13880000
4.52990000	2.61570000
3.67080000	2.28280000
3.12410000	2.03400000
2.57740000	1.83460000
2.73360000	1.67120000
2.65550000	1.53500000
2.18680000	1.42030000
2.10870000	1.32310000
2.26490000	1.24020000
2.65550000	1.17050000
3.04600000	1.12860000
3.59270000	1.25900000
4.29560000	2.24610000
4.45180000	2.59750000
4.76420000	1.98680000
4.60800000	1.48760000
6.79480000	2.73100000
6.01380000	2.74990000
4.60800000	2.20400000
3.59270000	1.89510000
3.20220000	1.68700000
2.73360000	1.54500000
2.42120000	1.79540000
2.18680000	3.76760000
2.10870000	7.77860000
2.49930000	12.30980000
3.35840000	11.69490000
3.51460000	8.78740000
4.37370000	6.60750000
3.59270000	4.59230000
2.81170000	3.84220000
2.34310000	3.33300000
2.03060000	2.94140000
1.79630000	2.62540000
1.64010000	2.36520000
1.79630000	2.37700000
1.64010000	2.07320000
1.40580000	1.91530000
1.32770000	1.77490000
1.24960000	1.65680000
1.24960000	1.55100000
1.09340000	1.45910000
1.01530000	1.38060000
0.93720000	1.31240000
0.85910000	1.25240000
0.85910000	1.19910000
0.85910000	1.15140000
0.67170000	1.10830000
0.64040000	1.06910000
0.67950000	1.03300000
0.56230000	0.99960000
0.51550000	0.96850000
0.49990000	0.93940000
0.47640000	0.91190000
0.76540000	0.91790000
0.93720000	0.92230000
0.85910000	0.94030000
0.93720000	0.92030000
0.78100000	0.88430000
0.58580000	0.85800000
0.42170000	0.83370000
0.38270000	0.79970000
0.31240000	0.77060000
0.28120000	0.74460000
0.24990000	0.72070000
0.31240000	0.70700000
0.32020000	0.70470000
1.95250000	1.98400000
2.42120000	1.39600000
6.01380000	4.02590000
5.77950000	5.00180000
5.85760000	3.99320000
4.21750000	2.30960000
2.88980000	1.71410000
2.26490000	1.46090000
2.10870000	1.29420000
1.71820000	1.17490000
1.32770000	1.07720000
1.01530000	0.99570000
0.93720000	0.95100000
0.85910000	0.87470000
0.65610000	0.85360000
0.56230000	0.81300000
0.76540000	0.81450000
4.99850000	4.17250000
2.81170000	2.12690000
1.79630000	1.44270000
3.82700000	2.97060000
5.31090000	2.41960000
3.43650000	1.62010000
3.90510000	1.33140000
2.81170000	1.20870000
1.95250000	1.12810000
1.64010000	1.07690000
1.64010000	1.07410000
1.32770000	1.03700000
1.09340000	0.96850000
0.93720000	0.89980000
0.78100000	0.83860000
0.71070000	0.79260000
0.66390000	0.74590000
1.32770000	0.73470000
2.81170000	0.76500000
2.26490000	0.88680000
4.60800000	1.85820000
3.43650000	1.26550000
2.18680000	1.04370000
1.71820000	2.13450000
3.20220000	2.08680000
2.49930000	1.41170000
1.87440000	1.13150000
1.40580000	0.98880000
1.09340000	0.89490000
1.01530000	0.82240000
1.48390000	0.77500000
1.17150000	0.72620000
1.17150000	0.70250000
2.26490000	0.69020000
2.10870000	0.68610000
1.56200000	0.65560000
1.17150000	0.62100000
0.93720000	0.58880000
0.75760000	0.56010000
0.64040000	0.53460000
0.63260000	0.52650000
0.53890000	0.50820000
0.46860000	0.47810000
0.39050000	0.45780000
0.35150000	0.44150000
0.51550000	0.53710000
0.62480000	0.65600000
0.48420000	0.68390000
0.53110000	0.67580000
0.53890000	0.61790000
0.42960000	0.58240000
0.35150000	0.55230000
0.28900000	0.51990000
0.24210000	0.48080000
0.20310000	0.45220000
0.41390000	0.50160000
0.34360000	0.54750000
0.24210000	0.55230000
0.19530000	0.52410000
0.17180000	0.49070000
0.14060000	0.45980000
0.12500000	0.44140000
1.40580000	1.96630000
2.18680000	3.73580000
0.85910000	1.96960000
0.46080000	1.38760000
0.31240000	1.12740000
0.24990000	0.97410000
0.20310000	0.86330000
0.14840000	0.77570000
0.14840000	0.70510000
0.14060000	0.64610000
0.11720000	0.59640000
0.10930000	0.55450000
0.10150000	0.51870000
0.09370000	0.48810000
0.09370000	0.46160000
0.07730000	0.43860000
0.07340000	0.41830000
0.07580000	0.40800000
0.07580000	0.38650000
0.06330000	0.37030000
0.07580000	0.36390000
0.07730000	0.34660000
0.07500000	0.33380000
0.07420000	0.35500000
2.10870000	3.52780000
2.57740000	2.79460000
1.48390000	1.74010000
1.01530000	1.35190000
0.66390000	1.14040000
0.46080000	0.99550000
0.31240000	0.88260000
0.24210000	0.79250000
0.18740000	0.72810000
0.18740000	0.68880000
1.40580000	4.29420000
11.24660000	11.60060000
7.18540000	9.35560000
3.20220000	4.02600000
1.95250000	2.34340000
1.40580000	1.73190000
1.09340000	1.44120000
0.85910000	1.25720000
0.73420000	1.12300000
0.63260000	1.01670000
1.56200000	2.42690000
1.24960000	1.49810000
0.85910000	1.18490000
0.66390000	1.02880000
0.57010000	0.92770000
0.48420000	0.85080000
0.42170000	0.78740000
0.36710000	0.73500000
0.32800000	0.69000000
0.31240000	0.65130000
0.28900000	0.61770000
0.26550000	0.58830000
0.23430000	0.56230000
0.23430000	0.53910000
0.21090000	0.53360000
0.32800000	0.54690000
0.60140000	0.61530000
0.45300000	0.64310000
0.37490000	0.65170000
0.32800000	0.62160000
0.29680000	0.58480000
0.28900000	0.55030000
0.26550000	0.51980000
0.24210000	0.49300000
0.25770000	0.46950000
0.25770000	0.44880000
0.24210000	0.43720000
0.28900000	0.41570000
0.28120000	0.39910000
0.26550000	0.38490000
0.25770000	0.37200000
0.26550000	0.36020000
0.23430000	0.34920000
0.22650000	0.33880000
0.21870000	0.32900000
0.21870000	0.31970000
0.20310000	0.31090000
0.24210000	0.30240000
0.24210000	0.29430000
0.23430000	0.29410000
0.26550000	0.29180000
0.29680000	0.27550000
0.41390000	0.29540000
0.58580000	0.29200000
0.53110000	0.28230000
0.48420000	0.27180000
0.45300000	0.26630000
0.43740000	0.25910000
0.39050000	0.24590000
0.51550000	0.25150000
0.47640000	0.23810000
0.37490000	0.25280000
0.34360000	0.24830000
0.30460000	0.23900000
0.29680000	0.22920000
0.30460000	0.22000000
0.27340000	0.21160000
0.36710000	0.22870000
0.40610000	0.24130000
0.35150000	0.27150000
0.30460000	0.26560000
0.28120000	0.25810000
0.32020000	0.23800000
0.28900000	0.23520000
0.24210000	0.22450000
0.23430000	0.21270000
3.90510000	5.07810000
3.82700000	6.17760000
1.95250000	2.53030000
1.32770000	1.36870000
1.17150000	0.96170000
1.48390000	0.80720000
1.32770000	1.00370000
1.09340000	1.08730000
1.01530000	1.08270000
0.93720000	0.98800000
1.01530000	0.91850000
0.93720000	0.88870000
0.78100000	1.03370000
0.78100000	0.98550000
0.71850000	0.89410000
0.61700000	0.80430000
0.52330000	0.72610000
0.41390000	0.66010000
0.46860000	0.60470000
0.54670000	0.55800000
0.53110000	0.51860000
0.54670000	0.48510000
0.60920000	0.45640000
0.61700000	0.43160000
0.67170000	0.40990000
1.17150000	0.41590000
1.48390000	0.64190000
1.71820000	0.86470000
1.40580000	1.01150000
1.17150000	1.02150000
1.09340000	0.94700000
0.93720000	0.85570000
1.17150000	0.85860000
3.28030000	1.30610000
2.18680000	1.36030000
1.40580000	1.31200000
1.09340000	1.20620000
1.01530000	1.08420000
0.85910000	0.97360000
0.85910000	0.87920000
2.10870000	0.87020000
2.88980000	0.90620000
1.87440000	1.01530000
1.32770000	1.09240000
1.01530000	1.04240000
1.09340000	1.09940000
3.12410000	4.41630000
3.35840000	4.55790000
3.04600000	7.41870000
6.17000000	9.80290000
3.90510000	7.48160000
3.28030000	4.63660000
2.73360000	5.21760000
2.26490000	4.79940000
1.87440000	3.62980000
1.71820000	3.08580000
1.40580000	2.69640000
1.24960000	2.38830000
1.17150000	2.13600000
1.01530000	1.92800000
1.01530000	1.75530000
0.93720000	1.61080000
0.85910000	1.48920000
0.78100000	1.38620000
0.75760000	1.29850000
0.73420000	1.22310000
0.70290000	1.15790000
0.70290000	1.10380000
0.69510000	1.05300000
0.69510000	1.00700000
0.69510000	0.96650000
0.69510000	0.93030000
0.69510000	0.89730000
0.69510000	0.86710000
0.70290000	0.83910000
0.71070000	0.81300000
0.71070000	0.78860000
0.70290000	0.76560000
0.70290000	0.74380000
1.48390000	0.72300000
1.40580000	0.70320000
1.17150000	0.68420000
0.93720000	0.66600000
0.93720000	0.64840000
0.93720000	0.63140000
0.93720000	0.61500000
1.95250000	0.61590000
4.52990000	0.63420000
4.29560000	0.74060000
3.59270000	0.73060000
2.81170000	0.72250000
2.26490000	0.69880000
1.87440000	0.66460000
1.56200000	0.63090000
1.32770000	0.60040000
1.17150000	0.57320000
1.01530000	0.54900000
0.93720000	0.52730000
0.85910000	0.50770000
0.85910000	0.48980000
0.78100000	0.47330000
0.85910000	0.45810000
0.85910000	0.44390000
0.93720000	0.43180000
1.01530000	0.44310000
1.32770000	2.81930000
3.28030000	1.44730000
2.65550000	1.10610000
2.10870000	1.03330000
2.10870000	0.93610000
1.87440000	0.84260000
1.64010000	0.76200000
1.48390000	0.69590000
2.26490000	1.48200000
3.59270000	1.36030000
2.73360000	1.32610000
2.49930000	1.31500000
2.34310000	1.20360000
1.87440000	1.08150000
1.71820000	0.97200000
1.48390000	0.87940000
1.48390000	0.81340000
2.34310000	0.76780000
14.76120000	8.60170000
19.52540000	15.13570000
17.26050000	13.04550000
13.43350000	8.75970000
9.05980000	6.14240000
7.96640000	5.09640000
11.32470000	7.92130000
9.68460000	9.57820000
7.41970000	8.77770000
9.99700000	14.28410000
9.29410000	13.88500000
6.56050000	9.95910000
5.07660000	10.74050000
4.29560000	11.25570000
3.74890000	8.94240000
3.35840000	5.79610000
3.12410000	5.46030000
4.52990000	6.54790000
3.74890000	5.76150000
3.04600000	4.22730000
2.57740000	3.51000000
2.26490000	3.08960000
2.03060000	2.78790000
1.87440000	2.54840000
1.87440000	2.35830000
1.71820000	2.18780000
1.48390000	2.04540000
1.48390000	1.94580000
1.71820000	1.83570000
1.56200000	1.79940000
1.40580000	1.72280000
1.32770000	1.65830000
4.37370000	4.82860000
3.90510000	3.38700000
3.20220000	2.20790000
2.65550000	1.79450000
2.18680000	1.61430000
1.87440000	1.50980000
1.64010000	1.43120000
1.40580000	1.36700000
1.24960000	1.31070000
1.32770000	1.27080000
1.24960000	1.21730000
1.09340000	1.17290000
0.93720000	1.13350000
0.85910000	1.09730000
0.78100000	1.06370000
0.78100000	1.05440000
2.73360000	3.64210000
2.42120000	1.98210000
1.71820000	1.48610000
1.40580000	1.29690000
1.09340000	1.18720000
0.93720000	1.11300000
1.09340000	1.08520000
2.03060000	1.11570000
1.56200000	1.11690000
1.24960000	1.07730000
1.09340000	1.03560000
1.17150000	0.99580000
1.01530000	0.94750000
0.93720000	0.93260000
0.85910000	0.90370000
0.68730000	0.86000000
0.57010000	0.82210000
0.48420000	0.78870000
0.45300000	0.76010000
0.74980000	0.74600000
0.85910000	0.71800000
0.73420000	0.68670000
0.71850000	0.66280000
0.56230000	0.64210000
0.49200000	0.62550000
0.44520000	0.60580000
0.38270000	0.58830000
0.68730000	0.64250000
1.01530000	0.78830000
0.71850000	0.85340000
0.50770000	0.83670000
0.39830000	0.78790000
0.35930000	0.74120000
0.32800000	0.69190000
0.29680000	0.65050000
0.24210000	0.61510000
0.21870000	0.58440000
0.21090000	0.55750000
0.19530000	0.53360000
0.17180000	0.51220000
0.70290000	0.64780000
0.48420000	0.74930000
0.34360000	0.74990000
0.27340000	0.70650000
0.24990000	0.65730000
0.21870000	0.61230000
0.22650000	0.57310000
0.29680000	0.60870000
0.67170000	0.99020000
1.87440000	1.16720000
1.01530000	1.20650000
0.62480000	1.17120000
0.85910000	1.13450000
0.60140000	1.06460000
0.57010000	0.99570000
0.43740000	0.88840000
0.32800000	0.83950000
0.28120000	0.77730000
0.33580000	0.72020000
0.31240000	0.68500000
0.44520000	0.67620000
0.64820000	0.67790000
0.42170000	0.65070000
0.29680000	0.61240000
0.22650000	0.57540000
0.19530000	0.54250000
0.17180000	0.51360000
0.15620000	0.48830000
0.24990000	0.49750000
0.21870000	0.50430000
0.17180000	0.49440000
0.17960000	0.50510000
0.27340000	0.59070000
0.55450000	0.63510000
0.34360000	0.61960000
0.25770000	0.59920000
0.50770000	0.66550000
0.60920000	0.71860000
0.46080000	0.71400000
0.35150000	0.67010000
0.31240000	0.61490000
0.28900000	0.57010000
0.24210000	0.54050000
0.28120000	0.49460000
0.26550000	0.46130000
0.21870000	0.43450000
0.17960000	0.41180000
0.17180000	0.39200000
1.56200000	2.42080000
6.24810000	7.97180000
2.34310000	3.78250000
1.48390000	2.34120000
1.01530000	1.77190000
0.74980000	1.47860000
0.57010000	1.28380000
0.46860000	1.13440000
0.32800000	1.01730000
0.31240000	0.94000000
0.29680000	0.84520000
0.24990000	0.80730000
0.21870000	0.75370000
0.20310000	0.70160000
0.17960000	0.65550000
0.15620000	0.61550000
0.14060000	0.58100000
0.12500000	0.55090000
0.12500000	0.52460000
0.12500000	0.51310000
0.22650000	0.57080000
0.50770000	0.64040000
0.32800000	0.67870000
0.24210000	0.65060000
0.20310000	0.61520000
0.18740000	0.57840000
0.16400000	0.53600000
0.14060000	0.50300000
0.13280000	0.47560000
0.12500000	0.45910000
0.12500000	0.43370000
0.10930000	0.42030000
0.11720000	0.41290000
0.11720000	0.38660000
0.10930000	0.39740000
0.10930000	0.38790000
0.12500000	0.37340000
0.11720000	0.35890000
0.10150000	0.34520000
0.17180000	0.40090000
0.21870000	0.45760000
0.14060000	0.49770000
0.10930000	0.47960000
0.10150000	0.44870000
0.08590000	0.41840000
0.07810000	0.39140000
0.08590000	0.36800000
0.07260000	0.34770000
0.07110000	0.33010000
0.09370000	0.33590000
0.14060000	0.35380000
0.12500000	0.38340000
0.11720000	0.41630000
0.15620000	0.42740000
0.12500000	0.43740000
0.11720000	0.44890000
0.10930000	0.42860000
0.10150000	0.39600000
0.10930000	0.36700000
0.10930000	0.34830000
0.10150000	0.32270000
0.10150000	0.30310000
0.08590000	0.28680000
0.08590000	0.27290000
0.11720000	0.32570000
0.26550000	0.45530000
0.19530000	0.52090000
0.14840000	0.53130000
0.12500000	0.51410000
0.11720000	0.48420000
0.24990000	0.50280000
2.18680000	2.20270000
1.64010000	1.55790000
0.85910000	1.22610000
0.63260000	1.06700000
0.49200000	0.93550000
0.42170000	0.82630000
0.37490000	0.73530000
0.35150000	0.66840000
0.32020000	0.60090000
0.31240000	0.57220000
0.46080000	0.58750000
0.40610000	0.58650000
0.39830000	0.57020000
0.36710000	0.53240000
0.46080000	0.51000000
0.74200000	0.49700000
0.64820000	0.49760000
0.54670000	0.48970000
0.48420000	0.46210000
0.45300000	0.43250000
0.41390000	0.40560000
0.39050000	0.38210000
0.40610000	0.37310000
0.37490000	0.34710000
0.32800000	0.34910000
0.85910000	0.82760000
1.56200000	0.69950000
0.85910000	0.64930000
0.66390000	0.59020000
0.56230000	0.53570000
0.44520000	0.48890000
0.39050000	0.47540000
0.85910000	3.80580000
1.09340000	1.76970000
0.78100000	3.34000000
1.01530000	4.77040000
1.01530000	2.73480000
0.78100000	1.93780000
0.65610000	1.56130000
0.93720000	1.33280000
1.32770000	1.16510000
1.32770000	1.15790000
1.48390000	1.16170000
1.01530000	1.32190000
1.40580000	1.25590000
2.73360000	1.14060000
1.64010000	1.02850000
3.43650000	0.93090000
10.23130000	2.45580000
8.51310000	2.98460000
5.77950000	2.06560000
4.21750000	1.76870000
3.20220000	1.58690000
2.57740000	1.42570000
2.18680000	1.39600000
3.59270000	3.81860000
3.82700000	6.19400000
2.96790000	4.40410000
2.34310000	3.12210000
1.95250000	2.58890000
1.79630000	2.24710000
2.42120000	2.35580000
3.43650000	5.61950000
6.24810000	9.66640000
4.76420000	9.02490000
3.43650000	6.19900000
2.88980000	5.92070000
2.49930000	4.11720000
0.00000000	3.57980000
0.00000000	3.17100000
