0.31770000	1.70780000
0.29170000	1.52990000
0.34790000	1.58630000
0.66560000	3.85540000
0.95460000	3.40800000
0.65880000	2.06480000
0.52460000	1.94150000
0.45880000	1.74340000
0.39310000	1.59250000
0.35610000	1.47420000
0.33280000	1.38050000
0.36160000	1.32830000
0.36710000	1.24930000
0.35340000	1.19320000
0.33280000	1.15050000
0.31640000	1.11380000
0.30820000	1.08210000
0.31910000	1.06720000
0.49440000	1.07020000
0.51090000	1.01140000
0.44380000	1.12280000
0.43960000	1.10410000
0.43280000	1.06540000
0.39440000	1.02480000
0.38760000	0.99080000
1.27780000	3.12660000
1.25050000	2.23220000
0.87380000	1.79950000
0.74100000	1.62090000
0.64650000	1.56560000
0.58210000	1.46320000
0.54510000	1.36060000
0.51770000	1.27040000
0.48210000	1.19880000
0.45740000	1.14240000
0.46290000	1.09590000
0.47250000	1.05640000
0.44790000	1.03250000
0.57520000	1.26700000
0.94910000	1.60930000
0.98890000	1.57510000
1.01080000	1.43000000
0.83410000	1.52240000
0.72590000	1.39450000
0.67250000	1.31370000
0.68480000	1.21410000
0.62730000	1.30010000
0.50680000	1.21830000
0.53410000	1.15280000
0.56980000	1.09920000
0.54100000	1.05480000
0.50950000	1.01730000
0.52320000	0.98520000
0.48480000	0.95700000
0.50400000	0.93200000
1.79420000	1.88570000
1.69830000	1.71940000
1.11350000	1.45150000
1.12440000	1.36780000
2.31460000	2.29720000
1.75310000	2.09380000
1.35320000	1.73810000
1.31620000	1.99660000
1.99960000	3.07680000
1.43810000	2.44940000
1.06830000	2.02140000
1.06830000	1.85590000
1.06830000	1.68870000
1.12310000	1.55990000
1.80790000	2.62680000
1.67090000	2.38090000
1.20530000	1.94230000
0.71220000	1.80990000
1.01350000	1.66930000
0.93130000	1.55320000
0.67110000	1.46070000
0.73960000	1.38610000
0.76700000	1.32480000
0.73960000	1.27380000
0.68480000	1.23040000
0.64370000	1.19300000
0.65740000	1.16000000
0.68480000	1.13060000
0.67110000	1.10370000
0.64370000	1.07900000
0.63000000	1.05600000
0.61630000	1.03430000
0.60260000	1.01360000
0.58890000	0.99380000
0.57520000	0.97480000
0.57520000	0.95640000
0.52050000	0.93850000
0.50680000	0.92120000
0.49310000	0.90420000
0.45200000	0.88770000
0.41090000	0.87150000
0.36980000	0.85570000
0.34240000	0.84020000
0.32870000	0.82490000
0.32190000	0.81000000
0.31500000	0.79540000
0.31500000	0.78110000
0.31500000	0.76700000
0.30130000	0.75320000
0.30130000	0.73960000
0.30130000	0.72630000
0.30130000	0.71330000
0.31500000	0.70030000
0.31500000	0.68770000
0.31500000	0.67540000
0.32870000	0.66320000
0.34240000	0.65130000
0.35610000	0.63960000
0.34240000	0.62810000
0.32870000	0.61680000
0.32870000	0.60570000
0.34240000	0.59480000
0.36980000	0.58410000
0.34240000	0.57350000
0.31500000	0.56320000
0.30130000	0.55310000
0.28760000	0.54310000
0.27390000	0.53340000
0.27390000	0.52380000
1.36960000	0.71680000
4.38280000	1.02820000
2.46530000	0.93090000
1.95850000	0.91790000
1.69830000	0.84450000
1.90380000	0.77680000
1.91750000	0.72340000
1.58870000	0.68090000
1.43810000	0.64650000
1.79420000	0.61830000
8.29980000	0.59470000
3.49250000	0.57460000
2.83510000	0.55730000
2.30090000	0.54200000
1.98590000	0.52830000
2.04070000	0.52230000
3.65690000	0.67440000
5.25930000	2.89160000
11.36780000	11.61640000
16.57230000	19.66240000
8.54640000	14.35850000
5.69760000	7.84590000
11.14860000	9.59650000
13.18930000	15.73290000
7.76570000	15.60100000
5.25930000	9.14050000
4.12250000	5.62830000
3.62950000	4.99870000
3.12270000	4.39720000
2.73920000	3.93440000
2.32830000	3.57580000
2.24620000	3.29570000
2.19140000	3.07450000
2.23250000	2.89770000
2.16400000	2.75450000
1.87640000	2.63670000
1.83530000	2.53800000
1.82160000	2.45390000
1.65720000	2.38100000
1.64350000	2.31650000
1.64350000	2.25860000
1.45180000	2.20580000
1.53400000	2.15700000
1.19700000	2.11130000
1.19160000	2.06820000
1.08470000	2.02710000
1.19700000	1.98780000
1.09570000	1.94980000
1.02040000	1.91310000
1.00120000	1.87750000
1.16960000	1.84280000
1.24630000	1.83390000
1.34910000	1.79190000
1.57510000	2.02640000
1.54770000	1.72460000
2.24620000	1.69390000
6.13590000	3.84590000
7.34110000	8.52500000
4.72520000	5.14380000
6.86170000	3.53520000
4.71150000	3.60550000
3.88970000	2.92870000
3.93080000	2.65740000
5.49210000	2.50640000
3.73900000	2.28160000
3.12270000	2.17240000
2.80770000	2.06060000
2.83510000	1.99680000
2.52010000	1.89480000
2.56120000	1.84270000
2.21880000	1.77200000
2.19140000	1.72290000
2.76660000	1.73160000
2.21880000	1.63900000
2.09550000	1.60220000
2.83510000	1.81250000
3.23230000	1.88460000
2.54750000	1.50960000
2.23250000	1.57350000
2.02700000	1.52580000
1.90380000	1.48930000
2.76660000	1.68380000
3.98560000	2.85070000
3.19120000	2.34220000
2.61600000	1.95380000
2.30090000	1.81300000
2.28720000	1.71730000
2.32830000	1.62330000
2.02700000	1.53760000
2.16400000	1.48080000
1.98590000	1.42480000
1.76680000	1.38040000
1.64350000	1.34140000
1.54770000	1.30670000
1.49290000	1.27910000
1.36960000	1.24640000
1.28330000	1.21950000
1.20940000	1.19420000
1.24910000	1.19560000
2.52010000	1.24800000
9.91600000	8.25800000
4.61560000	4.44660000
3.53360000	1.66100000
4.49230000	1.61840000
3.61580000	1.81480000
2.91730000	1.54250000
2.54750000	1.55180000
2.27360000	1.44650000
2.05440000	1.36240000
1.89010000	1.29430000
1.72570000	1.23840000
1.58870000	1.19160000
1.50660000	1.15180000
1.32580000	1.11730000
1.21620000	1.08680000
1.16830000	1.05950000
1.11080000	1.03460000
1.05600000	1.01870000
1.24630000	1.06100000
1.32580000	0.96990000
1.01080000	0.95060000
0.90810000	0.93210000
0.97650000	0.93540000
1.64350000	0.95940000
1.21620000	0.88040000
1.42440000	1.06400000
1.26550000	0.98550000
1.21620000	0.88520000
1.68460000	0.98620000
1.27510000	0.81990000
1.08340000	0.80590000
1.04640000	0.82340000
0.91630000	0.76110000
0.84370000	0.76200000
0.81220000	0.73810000
1.32580000	0.79750000
1.16830000	0.70770000
0.85870000	0.69570000
0.73680000	0.68290000
1.16830000	0.73490000
1.02860000	0.66800000
1.10250000	0.69810000
0.92450000	0.63460000
0.78200000	0.62390000
1.17790000	0.67380000
1.01080000	0.61760000
0.82720000	0.59060000
0.67930000	0.57990000
0.59170000	0.56940000
0.53000000	0.55910000
0.47940000	0.54890000
0.44510000	0.53900000
0.43960000	0.56360000
0.59170000	0.57920000
0.95050000	0.54970000
0.66560000	0.50460000
0.51500000	0.49270000
0.43960000	0.48370000
0.54650000	0.53440000
0.47390000	0.46630000
0.38210000	0.45790000
0.35610000	0.46060000
0.52180000	0.51290000
0.52730000	0.46530000
0.49170000	0.42590000
0.38760000	0.41870000
0.34510000	0.41100000
0.33690000	0.41630000
0.35200000	0.41380000
0.49030000	0.45550000
0.87930000	0.41650000
0.56980000	0.37530000
0.42180000	0.36910000
0.35750000	0.36230000
0.32600000	0.35570000
0.74780000	0.43750000
0.81350000	0.34280000
2.13660000	2.50730000
1.99960000	1.34960000
1.18610000	0.32750000
0.82180000	0.32130000
0.64230000	0.31510000
0.54100000	0.30920000
0.50950000	0.32060000
0.52590000	0.30520000
0.98610000	0.37110000
0.79160000	0.28690000
0.62180000	0.28190000
0.56840000	0.28980000
0.59170000	0.31300000
0.58480000	0.26670000
0.84230000	0.40150000
0.71900000	0.25790000
0.57660000	0.25750000
0.52050000	0.24910000
3.68420000	2.91370000
2.78030000	2.82040000
2.04070000	0.97110000
1.35590000	0.99470000
1.03410000	0.85850000
0.86010000	0.75430000
0.74370000	0.67410000
0.66560000	0.61210000
0.60540000	0.57070000
0.58760000	0.53690000
0.55470000	0.49490000
0.50400000	0.47020000
0.47660000	0.45180000
0.45470000	0.43290000
0.43010000	0.41840000
0.41770000	0.40590000
0.40270000	0.39480000
0.39170000	0.38590000
0.38080000	0.38320000
0.37530000	0.36760000
0.36570000	0.35970000
0.33830000	0.35240000
0.32190000	0.34540000
0.30820000	0.33860000
1.02040000	1.11960000
0.95050000	0.36300000
0.91630000	0.41910000
0.81490000	0.31590000
0.63140000	0.31040000
0.53410000	0.30440000
0.48070000	0.30460000
0.44510000	0.29300000
0.41090000	0.28980000
0.39720000	0.29280000
0.43140000	0.29670000
0.62870000	0.31950000
0.52180000	0.26750000
2.47900000	3.46880000
10.43640000	8.38570000
9.06680000	8.45990000
4.53340000	4.03320000
2.97210000	2.41040000
2.41050000	2.08130000
4.10880000	2.72200000
2.90360000	2.34450000
2.30090000	1.91110000
1.97220000	1.70760000
1.93110000	1.55510000
4.71150000	4.60320000
4.04030000	3.94730000
2.94470000	2.24230000
2.47900000	2.10110000
3.04050000	2.07490000
3.46510000	2.35770000
3.38290000	2.55140000
2.58860000	2.10620000
2.21880000	2.05220000
1.98590000	1.86270000
1.80790000	1.71480000
1.68460000	1.59810000
1.58870000	1.50500000
1.50660000	1.42960000
1.42440000	1.36770000
1.38330000	1.31590000
2.47900000	1.56560000
2.02700000	1.80300000
1.79420000	1.55070000
1.67090000	1.56240000
1.61610000	1.46170000
3.08160000	3.38120000
2.41050000	2.57690000
2.38310000	2.07800000
8.54640000	7.21010000
11.88820000	9.70760000
7.66980000	7.31870000
4.82100000	4.22620000
3.87600000	3.37980000
3.32820000	2.99700000
2.99940000	2.68970000
2.68440000	2.45130000
2.42420000	2.26460000
2.24620000	2.11700000
2.35570000	2.02520000
2.72550000	2.32800000
2.30090000	2.64250000
2.08180000	2.20060000
1.50660000	2.07020000
1.72570000	1.95420000
1.75310000	1.85890000
1.64350000	1.78080000
1.56140000	1.71530000
1.53400000	1.65930000
1.50660000	1.61360000
1.69830000	1.78780000
1.86270000	2.13740000
1.86270000	2.31220000
1.89010000	2.45850000
2.83510000	4.13440000
2.68440000	4.15870000
2.19140000	2.61370000
1.91750000	2.59980000
1.75310000	2.36170000
1.64350000	2.17580000
1.65720000	2.02920000
1.76680000	1.92290000
1.69830000	1.81760000
1.58870000	1.76820000
1.41070000	1.69710000
1.64350000	1.63700000
1.79420000	1.58610000
1.69830000	1.54170000
1.57510000	1.50060000
1.50660000	1.46390000
1.42440000	1.43040000
1.39700000	1.39940000
1.45180000	1.37030000
1.35450000	1.34270000
1.30660000	1.31630000
1.26830000	1.29100000
1.20940000	1.26650000
1.10530000	1.24280000
1.10940000	1.21970000
1.09570000	1.19720000
1.06830000	1.17530000
1.01350000	1.15380000
0.84920000	1.13280000
0.73960000	1.11230000
0.68480000	1.09220000
0.90390000	1.07240000
0.93130000	1.05300000
0.98610000	1.03400000
0.95870000	1.01540000
0.90390000	0.99710000
0.84920000	0.97910000
0.82180000	0.96150000
0.79440000	0.94420000
0.78070000	0.92730000
0.76700000	0.91050000
0.73960000	0.89410000
0.71220000	0.87800000
0.68480000	0.86220000
0.73960000	0.84670000
1.78050000	0.83140000
1.87640000	0.81650000
1.64350000	0.80180000
1.31480000	0.78740000
1.09570000	0.77320000
1.02720000	0.75930000
0.95870000	0.74560000
0.95870000	0.73220000
0.94500000	0.71900000
0.93130000	0.70610000
0.90390000	0.69340000
0.90390000	0.68090000
0.89020000	0.66870000
0.87660000	0.65660000
0.87660000	0.64480000
0.89020000	0.63320000
0.90390000	0.62180000
0.90390000	0.61060000
0.90390000	0.59970000
0.93130000	0.58890000
0.93130000	0.57830000
0.90390000	0.56790000
0.90390000	0.55760000
0.86290000	0.54760000
0.84920000	0.53780000
0.83550000	0.52810000
0.82180000	0.51860000
0.82180000	0.50930000
0.83550000	0.50010000
1.02720000	0.49110000
2.60230000	0.48230000
5.06760000	0.47360000
3.42400000	0.46510000
2.46530000	0.45670000
2.19140000	0.44850000
2.02700000	0.44040000
1.80790000	0.43250000
1.64350000	0.42470000
1.50660000	0.41710000
1.36960000	0.40960000
1.23260000	0.40220000
1.15050000	0.39480000
1.08200000	0.38760000
1.04090000	0.38060000
1.02720000	0.37400000
0.98610000	0.36730000
0.95870000	0.36070000
0.91760000	0.35420000
0.86290000	0.34790000
0.84920000	0.34160000
0.82180000	0.33550000
0.79440000	0.32940000
0.78070000	0.32350000
0.76700000	0.31770000
0.76700000	0.31200000
0.76700000	0.30640000
0.75330000	0.30080000
0.75330000	0.29540000
0.75330000	0.29010000
0.76700000	0.28490000
0.76700000	0.27980000
0.76700000	0.27470000
0.78070000	0.26980000
0.79440000	0.26500000
0.84920000	0.26020000
0.93130000	0.25550000
1.04090000	0.25090000
1.61610000	0.24640000
3.15010000	0.25900000
2.80770000	0.24620000
2.53380000	0.23460000
2.46530000	0.23700000
2.39680000	0.22910000
2.46530000	0.24390000
2.73920000	0.23730000
2.87620000	0.21920000
2.53380000	0.23630000
2.43790000	0.22790000
2.32830000	0.20840000
2.67070000	0.23510000
8.76550000	2.57800000
4.36910000	1.16840000
2.82140000	0.30460000
2.65700000	0.39770000
2.71180000	0.35540000
3.58840000	0.45600000
7.79310000	5.92820000
5.95780000	4.41850000
4.82100000	1.81010000
6.39610000	1.92680000
4.57450000	2.03390000
3.56100000	1.68390000
2.90360000	1.53480000
2.88990000	1.34770000
3.01310000	1.20380000
2.80770000	1.09240000
2.72550000	1.00550000
3.19120000	0.99960000
3.05420000	1.11800000
3.49250000	1.33500000
4.16360000	2.25860000
5.43730000	5.54080000
12.06630000	12.85520000
23.42030000	22.79600000
11.44990000	17.55710000
10.25840000	15.05140000
14.65480000	19.37680000
10.12140000	14.40270000
6.76590000	8.68250000
7.46440000	11.05480000
8.42310000	13.75120000
8.25870000	12.50470000
9.58730000	11.90850000
6.95760000	8.19850000
5.04020000	5.94040000
4.27320000	5.32320000
3.94450000	4.80940000
3.58840000	4.40930000
3.20490000	4.09480000
2.88990000	3.84480000
2.56120000	3.64330000
2.34200000	3.47860000
2.17770000	3.34160000
2.04070000	3.22560000
2.12290000	3.17110000
2.43790000	3.08240000
1.95850000	2.95990000
1.75310000	2.88890000
1.62980000	2.82370000
1.50660000	2.76290000
1.39700000	2.70570000
1.31760000	2.65150000
1.27100000	2.59950000
1.15730000	2.54960000
1.11350000	2.50140000
1.47920000	2.50020000
1.25460000	2.42840000
1.06010000	2.36470000
0.96690000	2.32140000
1.15600000	2.31780000
1.43810000	2.26680000
1.12860000	2.19700000
0.96690000	2.15720000
0.87380000	2.11820000
0.81490000	2.08000000
0.83140000	2.04620000
0.80400000	2.01170000
0.78750000	1.96940000
1.34220000	2.03980000
1.57510000	1.92490000
1.04230000	1.86550000
0.91490000	1.83210000
1.36960000	2.09240000
1.97220000	2.97780000
1.57510000	1.73780000
1.18200000	1.70550000
0.96560000	1.67440000
0.83140000	1.64390000
0.75600000	1.61410000
0.71220000	1.58490000
0.86150000	1.59090000
0.85600000	1.52810000
0.74100000	1.51670000
0.86560000	1.53330000
1.09160000	1.47820000
0.80120000	1.42080000
0.89160000	1.44710000
0.82450000	1.38200000
0.72730000	1.36110000
1.19700000	2.22000000
1.72570000	1.65270000
1.14770000	1.27640000
0.95460000	1.26640000
0.92310000	1.23100000
0.79030000	1.21070000
0.82590000	1.24410000
3.47880000	5.29840000
1.80790000	2.79050000
1.27920000	1.12980000
1.28880000	1.14830000
1.16140000	1.08530000
0.93130000	1.06530000
0.80810000	1.04590000
0.72180000	1.02680000
0.65190000	1.00810000
0.58350000	0.98990000
0.52180000	0.97200000
0.47940000	0.95440000
0.46020000	0.95790000
0.48210000	0.92030000
0.42590000	0.90370000
0.38900000	0.88740000
0.38350000	0.88200000
0.37250000	0.85570000
0.34100000	0.84140000
0.31360000	0.82510000
0.35060000	0.85070000
0.39440000	0.81150000
0.32870000	0.78140000
0.29170000	0.76730000
0.26980000	0.75350000
0.25610000	0.73990000
0.24650000	0.72660000
0.23560000	0.71350000
0.26160000	0.73610000
0.96420000	1.53850000
0.68340000	0.70600000
0.43010000	0.66550000
0.38900000	0.67700000
0.34930000	0.64120000
0.34240000	0.65540000
0.37940000	0.61800000
0.34100000	0.63780000
0.38210000	0.59580000
0.31090000	0.58500000
0.27530000	0.57440000
0.30950000	0.62330000
0.48350000	0.62610000
0.58070000	0.54470000
0.38490000	0.53550000
0.31910000	0.52850000
0.32600000	0.51940000
0.29580000	0.50650000
0.26840000	0.49730000
0.24240000	0.48830000
0.22600000	0.50000000
0.22190000	0.47080000
0.22190000	0.51600000
0.27940000	0.47100000
0.26430000	0.44570000
0.22740000	0.43770000
0.21500000	0.44810000
0.21500000	0.42210000
0.23280000	0.46870000
0.30820000	0.40700000
0.25200000	0.42010000
0.22740000	0.40790000
0.21370000	0.38540000
0.19860000	0.38140000
0.19040000	0.37160000
0.19450000	0.39000000
0.22600000	0.40060000
0.24650000	0.35190000
0.22190000	0.34580000
0.19170000	0.33960000
0.17670000	0.33340000
0.16570000	0.32740000
0.16020000	0.32150000
0.15750000	0.31570000
0.15200000	0.31010000
0.14790000	0.30440000
0.14240000	0.29890000
0.13830000	0.29350000
0.14110000	0.31320000
0.23970000	0.37940000
0.30820000	0.28250000
0.24380000	0.27370000
0.20680000	0.27170000
0.18900000	0.26370000
0.18080000	0.27630000
0.17940000	0.26180000
0.18490000	0.25860000
0.19450000	0.27250000
0.20820000	0.24060000
0.19720000	0.23640000
0.19590000	0.26230000
0.32320000	0.80850000
0.36020000	0.22480000
0.27940000	0.22130000
0.24930000	0.21700000
0.22870000	0.23350000
0.23970000	0.20900000
0.22600000	0.20510000
0.20680000	0.20130000
0.19450000	0.19760000
0.18760000	0.19400000
0.41500000	1.75500000
1.03410000	1.06900000
0.71900000	0.20380000
0.52590000	0.18280000
0.41360000	0.17950000
0.36020000	0.18090000
0.35060000	0.19190000
0.36840000	0.18380000
0.40270000	0.20730000
0.44240000	0.17810000
0.41770000	0.16070000
0.37250000	0.15800000
0.34790000	0.15490000
0.33560000	0.16160000
0.32320000	0.14910000
0.30680000	0.14640000
0.29580000	0.14370000
0.28490000	0.14100000
0.27670000	0.13850000
0.27120000	0.13590000
0.26300000	0.13350000
0.25610000	0.13110000
0.25200000	0.12870000
0.24650000	0.12640000
0.25340000	0.15030000
0.33280000	0.14700000
0.39720000	0.11960000
0.37390000	0.11760000
0.63280000	2.62280000
1.06970000	1.47360000
0.70950000	0.55070000
0.55880000	0.51840000
0.48480000	0.44660000
0.43550000	0.39180000
0.39990000	0.34960000
0.38210000	0.33000000
0.60950000	1.93420000
1.04090000	1.10290000
0.72320000	0.96420000
0.60400000	0.82630000
0.52460000	0.71960000
0.47940000	0.63790000
0.44650000	0.57480000
0.42870000	0.52570000
0.41230000	0.48720000
0.41770000	0.48090000
0.66430000	1.44160000
1.15050000	1.12930000
1.13810000	0.99650000
0.88480000	0.94280000
0.77660000	0.83580000
0.52730000	0.75300000
0.68620000	0.68870000
1.17380000	0.78100000
1.17240000	2.04920000
0.98610000	1.46980000
0.85870000	1.24470000
0.78890000	1.10040000
0.72180000	0.98690000
0.68070000	0.91990000
0.77110000	0.83000000
0.68070000	0.93750000
0.61360000	0.86300000
0.35880000	0.80410000
0.43830000	0.75700000
0.58890000	0.71900000
0.39720000	0.68770000
0.29450000	0.66160000
0.42460000	0.63940000
1.43810000	2.49210000
3.47880000	1.64770000
1.36960000	1.37470000
1.04090000	1.22240000
1.01350000	1.10040000
0.93130000	1.00560000
0.82180000	0.93130000
0.67110000	0.87230000
0.73960000	0.82500000
0.79440000	0.80340000
1.46550000	2.96800000
1.43810000	1.89110000
1.12170000	1.57580000
1.26960000	3.85960000
1.08880000	2.49350000
0.83140000	1.99920000
0.79440000	1.76780000
0.73960000	1.58220000
0.65740000	1.43840000
0.54780000	1.32610000
0.39720000	1.23740000
0.47940000	1.16640000
0.50680000	1.10900000
0.46570000	1.06190000
0.42460000	1.02230000
0.31500000	0.98850000
2.12290000	4.76830000
2.49270000	3.73220000
1.23260000	2.03980000
0.76700000	1.88480000
0.73960000	1.69360000
0.71220000	1.54530000
0.68480000	1.42900000
0.67110000	1.33690000
0.64370000	1.26310000
0.61630000	1.20300000
0.60260000	1.15340000
0.58890000	1.11160000
0.75330000	1.07590000
3.01310000	2.23040000
2.46530000	2.88520000
1.64350000	1.70960000
1.16420000	1.68490000
1.01350000	1.56060000
0.93130000	1.43980000
0.87660000	1.34440000
0.84920000	1.26810000
0.82180000	1.20620000
0.79440000	1.15520000
1.57510000	1.35490000
5.16340000	2.62110000
2.19140000	2.00210000
1.43810000	1.69630000
1.36960000	1.58770000
1.17790000	1.46330000
1.12310000	1.36510000
0.98610000	1.28660000
0.93130000	1.22300000
0.90390000	1.17070000
0.87660000	1.12680000
0.84920000	1.08950000
0.82180000	1.05710000
0.79440000	1.02850000
0.76700000	1.00280000
0.73960000	0.97940000
0.71220000	0.95770000
0.71220000	0.93740000
0.68480000	0.91830000
0.71220000	0.90000000
0.73960000	0.88250000
0.72590000	0.86570000
0.72590000	0.84940000
0.71220000	0.83360000
0.68480000	0.81820000
0.67110000	0.80320000
0.65740000	0.79420000
0.82180000	0.82690000
1.64350000	0.93140000
1.36140000	0.75500000
1.15460000	0.91950000
1.15600000	0.90350000
1.42440000	0.89560000
2.01330000	1.94890000
1.50660000	1.13670000
1.52030000	1.23930000
3.31450000	2.27720000
2.79400000	3.62460000
2.13660000	2.30990000
1.84900000	1.89190000
1.94480000	1.74200000
2.28720000	1.81430000
2.61600000	2.14170000
2.20510000	2.11100000
4.54710000	3.10500000
11.55950000	9.31470000
7.06720000	7.19390000
5.53320000	3.83470000
3.86230000	3.09520000
3.04050000	2.87950000
2.58860000	2.55730000
2.38310000	2.30900000
2.25990000	2.11580000
2.24620000	2.01500000
2.28720000	2.28620000
1.93110000	1.93760000
1.86270000	1.92450000
1.98590000	1.80900000
2.13660000	1.72800000
2.36940000	1.66740000
2.38310000	2.73820000
2.83510000	4.50400000
3.28710000	4.61720000
3.84860000	4.08750000
4.95800000	6.13500000
6.38240000	5.33910000
6.12220000	3.80070000
6.87540000	8.33440000
6.38240000	7.60930000
5.91670000	3.89540000
6.09480000	3.71650000
6.31390000	3.31460000
5.32780000	3.01630000
5.19080000	4.99880000
4.90320000	4.15980000
4.27320000	3.18960000
4.79360000	4.34560000
4.83470000	3.92940000
4.21840000	3.14140000
4.83470000	2.97020000
7.08090000	2.78490000
16.43530000	6.61830000
13.35370000	7.02880000
8.72440000	4.30230000
8.95720000	3.48080000
9.73790000	3.17200000
9.32700000	2.97680000
9.01200000	2.77290000
10.14880000	4.99220000
14.65480000	7.42840000
15.75050000	8.08010000
8.66960000	5.11300000
6.04000000	3.88530000
4.75250000	3.50830000
4.14990000	3.21580000
6.01260000	3.40220000
4.94430000	3.48540000
4.41010000	2.83070000
4.05400000	2.82780000
3.64320000	2.83520000
3.35550000	2.67280000
3.05420000	2.55370000
3.58840000	2.47990000
3.02680000	2.34200000
2.58860000	2.26460000
2.32830000	2.19740000
2.32830000	2.16240000
2.39680000	2.09770000
2.10920000	2.03600000
2.32830000	2.03430000
2.71180000	1.97370000
2.36940000	1.91960000
2.05440000	1.87120000
3.23230000	2.75390000
3.47880000	2.44080000
2.72550000	1.77020000
3.97190000	2.16540000
6.32760000	4.14090000
4.42380000	3.06050000
3.39660000	2.47340000
2.83510000	2.33060000
2.95840000	2.20930000
3.24600000	2.07340000
2.69810000	1.95210000
3.68420000	2.17080000
2.83510000	1.79850000
2.32830000	1.90200000
2.04070000	1.81790000
1.80790000	1.74770000
1.61610000	1.68820000
1.45180000	1.63680000
1.29700000	1.59160000
1.17790000	1.55110000
1.05600000	1.51430000
1.03950000	1.48050000
1.10390000	1.50080000
1.36000000	1.44280000
1.00120000	1.39060000
0.84920000	1.36340000
0.75740000	1.33730000
0.68620000	1.31200000
0.61360000	1.28750000
0.60950000	1.30330000
0.66150000	1.25140000
0.73960000	1.26310000
0.79160000	1.19630000
0.64230000	1.17380000
0.55470000	1.15250000
0.50130000	1.13170000
0.47940000	1.11120000
0.49850000	1.12210000
0.48620000	1.07140000
0.45470000	1.09190000
0.56840000	1.07670000
0.54920000	1.02930000
0.46290000	0.99630000
0.40540000	0.98540000
0.36290000	0.96080000
0.34790000	0.94340000
0.33690000	0.93340000
0.32600000	0.90970000
0.29170000	0.89330000
0.27530000	0.87730000
0.26160000	0.86150000
0.24520000	0.84600000
0.22870000	0.83070000
0.21780000	0.81580000
0.20820000	0.80110000
0.20410000	0.78670000
0.23560000	0.81330000
0.25340000	0.75860000
0.22870000	0.75270000
0.32320000	0.78670000
0.31230000	0.71840000
0.24650000	0.70550000
0.21370000	0.69280000
0.20000000	0.68850000
0.19720000	0.68130000
0.19170000	0.65600000
0.60670000	3.03310000
0.92040000	4.01080000
0.72590000	0.70730000
0.47940000	0.61480000
0.35610000	0.60330000
0.32050000	0.60260000
0.31910000	0.59610000
0.27390000	0.56990000
1.00800000	2.00100000
0.67250000	0.63760000
0.45200000	0.54120000
4.05400000	4.61430000
2.27360000	2.73230000
1.21350000	0.68710000
0.81900000	0.74720000
0.62450000	0.69330000
0.51220000	0.65040000
0.44510000	0.61590000
0.40680000	0.58970000
0.37660000	0.57920000
0.33010000	0.54460000
0.29990000	0.52760000
0.34930000	0.56420000
0.34650000	0.49940000
0.29580000	0.48740000
0.27260000	0.47630000
0.26300000	0.46600000
0.35880000	0.54360000
0.35470000	0.46540000
0.45880000	0.52760000
0.76420000	1.44150000
0.57800000	0.55140000
0.41090000	0.41620000
0.34240000	0.40810000
0.30270000	0.40030000
0.28080000	0.39280000
0.26570000	0.38550000
0.26160000	0.37830000
0.25340000	0.37140000
0.23830000	0.36460000
0.24110000	0.37010000
0.24380000	0.35150000
0.22870000	0.34510000
0.23150000	0.33880000
0.23150000	0.33270000
0.22320000	0.32670000
0.21640000	0.32080000
0.21090000	0.34830000
0.27670000	0.32820000
0.27530000	0.30380000
0.24110000	0.29830000
0.21910000	0.29290000
0.35200000	1.12350000
0.43550000	0.33560000
0.30130000	0.27920000
0.25890000	0.27390000
0.23830000	0.26870000
0.22600000	0.26370000
0.21500000	0.25880000
0.20540000	0.25410000
0.19450000	0.24950000
0.19450000	0.24490000
0.19720000	0.25360000
0.20000000	0.23610000
0.19450000	0.23870000
0.19720000	0.25920000
0.40130000	0.89030000
0.46980000	0.28130000
0.31910000	0.21700000
0.26980000	0.21340000
0.24380000	0.20890000
0.22740000	0.20500000
0.22320000	0.20120000
0.37530000	0.92290000
0.58480000	0.34340000
0.47940000	0.30010000
0.38080000	0.38560000
0.32460000	0.34580000
0.29860000	0.31500000
0.27940000	0.29080000
0.26430000	0.27180000
0.25340000	0.25650000
0.24650000	0.24410000
0.24790000	0.23390000
0.36980000	0.38980000
0.58070000	0.37350000
0.43690000	0.58920000
0.38620000	0.54450000
0.37120000	0.45610000
0.35340000	0.65570000
0.34790000	0.56420000
0.34100000	0.56960000
0.32600000	0.51040000
0.31230000	0.46440000
0.31090000	0.43730000
0.90810000	2.18550000
3.12270000	7.40980000
2.73920000	5.72100000
1.72570000	2.26100000
1.28330000	2.17210000
1.05870000	1.85750000
0.92590000	1.61740000
1.33260000	1.72940000
2.94470000	3.80950000
1.95850000	2.35300000
1.45180000	1.93050000
1.25730000	1.71760000
1.43810000	3.45600000
2.42420000	4.36440000
2.01330000	2.19340000
1.61610000	2.20040000
1.46550000	1.96060000
2.97210000	3.84460000
4.34170000	3.75210000
3.10900000	2.31040000
2.49270000	2.15080000
6.24540000	5.04020000
4.97170000	7.34840000
3.39660000	3.89910000
2.76660000	3.01760000
3.91710000	2.69460000
4.24580000	2.42880000
3.13640000	2.22090000
2.62970000	2.05770000
2.36940000	1.92850000
1.99960000	1.82470000
2.06810000	1.74010000
2.13660000	1.66990000
10.47750000	5.75240000
5.24560000	5.42780000
3.68420000	2.70230000
3.31450000	2.58470000
2.71180000	2.36440000
2.45160000	2.17870000
8.77920000	2.03220000
23.83120000	6.63650000
13.43590000	8.19830000
9.16270000	5.29320000
6.20430000	3.36530000
4.82100000	3.20960000
4.05400000	2.94870000
2.60230000	2.68690000
2.19140000	2.48030000
2.12290000	2.31690000
2.05440000	2.18620000
1.98590000	2.08010000
1.91750000	1.99250000
1.84900000	1.91910000
1.78050000	1.85640000
1.64350000	1.80190000
1.78050000	1.75360000
1.50660000	1.71010000
1.43810000	1.67050000
1.28740000	1.63370000
1.21900000	1.59930000
1.15050000	1.56670000
1.12310000	1.53570000
1.09570000	1.50580000
1.06830000	1.47770000
1.01350000	1.44950000
0.95870000	1.42250000
0.93130000	1.39630000
0.90390000	1.37060000
0.87660000	1.34560000
0.84920000	1.32110000
0.82180000	1.29710000
0.80810000	1.27360000
0.79440000	1.25060000
0.78070000	1.22800000
0.75330000	1.20580000
0.73960000	1.18410000
0.72590000	1.16270000
0.71220000	1.14180000
0.69850000	1.12120000
0.68480000	1.10100000
0.71220000	1.08120000
0.73960000	1.06180000
0.76700000	1.04260000
0.73960000	1.02380000
0.68480000	1.00540000
0.65740000	0.98730000
0.64370000	0.96950000
0.63000000	0.95210000
0.61630000	0.93490000
0.61630000	0.91810000
0.60260000	0.90160000
0.63000000	0.88540000
0.73960000	0.86950000
0.84920000	0.85380000
0.79440000	0.83840000
0.73960000	0.82340000
0.71220000	0.80850000
0.68480000	0.79400000
0.67110000	0.77970000
0.68480000	0.76570000
0.71220000	0.75190000
0.79440000	0.73840000
0.90390000	0.75000000
1.78050000	3.30380000
4.79360000	7.63750000
3.76640000	6.04620000
4.10880000	4.74220000
4.24580000	4.18650000
5.06760000	4.36800000
4.65670000	3.49270000
3.15010000	2.77650000
2.83510000	2.53040000
3.05420000	2.50250000
3.10900000	3.54520000
3.50620000	2.92860000
2.73920000	2.40870000
2.60230000	2.27000000
2.45160000	2.07650000
2.04070000	1.92490000
1.82160000	1.80460000
1.83530000	1.70780000
1.72570000	1.62890000
1.46550000	1.56340000
1.36960000	1.50820000
1.34220000	1.46070000
1.26000000	1.41920000
1.23260000	1.38220000
1.16420000	1.34870000
1.15050000	1.31800000
1.04090000	1.28950000
0.95870000	1.26270000
0.61630000	1.23720000
1.13130000	1.21290000
1.30800000	1.18960000
1.42440000	1.16700000
1.32440000	1.14510000
1.29020000	1.12390000
1.54770000	1.10320000
2.41050000	1.08300000
3.19120000	1.09130000
2.93100000	1.07890000
2.34200000	1.03600000
2.08180000	1.00760000
1.99960000	0.98820000
1.89010000	0.97040000
1.93110000	0.95280000
1.98590000	0.93600000
1.80790000	0.91880000
1.69830000	0.90220000
1.91750000	0.88600000
2.28720000	0.89320000
2.62970000	0.90440000
3.05420000	1.03680000
5.17710000	3.87140000
15.47660000	13.52620000
12.39500000	16.29160000
8.53270000	9.39320000
5.86190000	4.31280000
4.88950000	3.94750000
4.28690000	3.43520000
4.83470000	4.31370000
5.84820000	7.05120000
7.08090000	9.90600000
8.38200000	10.55780000
8.64220000	9.21700000
11.40880000	13.19490000
9.42290000	11.49900000
7.72460000	7.46870000
7.32740000	6.78040000
6.88910000	5.68640000
5.08130000	4.54050000
4.36910000	4.13420000
5.06760000	3.79390000
6.46460000	3.82620000
4.84840000	3.29190000
4.27320000	3.34260000
3.90340000	3.14160000
3.68420000	2.97940000
3.49250000	2.84650000
3.84860000	2.76850000
3.06790000	2.64210000
2.64330000	2.56110000
4.98540000	2.58970000
5.90300000	4.05340000
4.05400000	2.37010000
3.30080000	2.33330000
3.08160000	2.28010000
4.51970000	2.30340000
3.50620000	2.19050000
2.95840000	2.14050000
3.78010000	2.15850000
4.84840000	2.75550000
4.77990000	3.93920000
4.09510000	3.25350000
3.39660000	2.68990000
2.98570000	2.50730000
2.62970000	2.36650000
2.43790000	2.25210000
3.57470000	2.46970000
2.93100000	2.09530000
2.52010000	2.06000000
2.31460000	1.99120000
3.05420000	2.00410000
2.43790000	1.87900000
2.09550000	1.84950000
2.06810000	1.82970000
1.91750000	1.76050000
11.32670000	4.94760000
23.14640000	15.81310000
18.48970000	15.92550000
10.28580000	8.78600000
6.58780000	4.85880000
4.95800000	4.43230000
4.08140000	3.92240000
3.43770000	3.52760000
2.97210000	3.22160000
3.10900000	3.03220000
2.62970000	2.79170000
2.21880000	2.63920000
1.91750000	2.51490000
1.71200000	2.41210000
1.52030000	2.32550000
1.36960000	2.25130000
1.42440000	2.20460000
1.73940000	2.17900000
1.31210000	2.07700000
1.16420000	2.02940000
1.09430000	1.98510000
1.17790000	1.96710000
1.01760000	1.90430000
0.87520000	1.86680000
0.80260000	1.83080000
0.73550000	1.79600000
0.67800000	1.76230000
1.14500000	1.85450000
1.21760000	1.69770000
0.85460000	1.66740000
0.72040000	1.64340000
0.64510000	1.60690000
0.62590000	1.57760000
0.60670000	1.54900000
0.56700000	1.52090000
0.51770000	1.49340000
0.58760000	1.49050000
0.63410000	1.50580000
1.45180000	2.34780000
4.53340000	7.87810000
3.04050000	3.35160000
1.71200000	1.34460000
1.31350000	1.32620000
1.10530000	1.29500000
1.93110000	1.51850000
1.32990000	1.24830000
0.99300000	1.22610000
0.85740000	1.20650000
0.83000000	1.18360000
1.08750000	1.19800000
0.98610000	1.16410000
2.04070000	1.41360000
1.32850000	1.36520000
0.99570000	1.07980000
0.84370000	1.06000000
0.73960000	1.04070000
0.66150000	1.02180000
0.57930000	1.00330000
0.51910000	0.98520000
0.51630000	0.96740000
0.80120000	1.01680000
0.64230000	0.93280000
0.53410000	0.91600000
0.47800000	0.89940000
0.43690000	0.88320000
0.43960000	0.89610000
0.43550000	0.85180000
0.39860000	0.83630000
0.37390000	0.82130000
0.34790000	0.80650000
0.35750000	0.82580000
0.43550000	0.79990000
0.38900000	0.76370000
0.33560000	0.75000000
0.39580000	0.77880000
0.43690000	0.75120000
0.38350000	0.71020000
0.34510000	0.69740000
0.32190000	0.69740000
0.30540000	0.67250000
0.30270000	0.68030000
0.30950000	0.64860000
0.27670000	0.63750000
0.28080000	0.64580000
0.28080000	0.61420000
0.25610000	0.60310000
0.29450000	0.67970000
0.51630000	0.61490000
0.52590000	0.57340000
0.39580000	0.56160000
0.32460000	0.55140000
0.28350000	0.54130000
0.26020000	0.53150000
0.26710000	0.55420000
0.31910000	0.55590000
0.34380000	0.50380000
0.29720000	0.49410000
0.27260000	0.51170000
0.31230000	0.50220000
0.31500000	0.46800000
0.27940000	0.45960000
0.25200000	0.45130000
0.24520000	0.44310000
0.22740000	0.43510000
0.21640000	0.42740000
0.21090000	0.42670000
0.38210000	0.49800000
0.42590000	0.40460000
0.31910000	0.44170000
0.37250000	0.42730000
0.41500000	0.42450000
0.39440000	0.39540000
0.34240000	0.37180000
0.29860000	0.36500000
0.27390000	0.35810000
0.27390000	0.36440000
0.24930000	0.34500000
0.23010000	0.33860000
0.22190000	0.33330000
0.21640000	0.32640000
0.20960000	0.35890000
0.26020000	0.34670000
0.27800000	0.30890000
0.24380000	0.30340000
0.22870000	0.29790000
0.22320000	0.30420000
0.51360000	2.70090000
1.53400000	3.41780000
0.95190000	1.52390000
0.83000000	0.54380000
0.62730000	0.68610000
0.51910000	0.60510000
0.45880000	0.54280000
0.42320000	0.49450000
0.39580000	0.45660000
0.37120000	0.42670000
0.35470000	0.40280000
0.33560000	0.38330000
0.32600000	0.36720000
0.31640000	0.35380000
0.30680000	0.34230000
0.29720000	0.33220000
0.28900000	0.32340000
0.28760000	0.31540000
0.29580000	0.33320000
0.31770000	0.30130000
0.30270000	0.31010000
0.32600000	0.31700000
0.34100000	0.28320000
0.31770000	0.27780000
0.31230000	0.28970000
0.33280000	0.27980000
0.34510000	0.26680000
0.51500000	0.40240000
0.64100000	0.51380000
0.48210000	0.50340000
0.41770000	0.45210000
0.38900000	0.43020000
0.39860000	0.38100000
0.37940000	0.41060000
0.49990000	1.39000000
1.71200000	3.01570000
1.04090000	1.18610000
0.77790000	1.30440000
0.66020000	1.12010000
0.63000000	1.00170000
0.70950000	1.12330000
1.19840000	3.13980000
1.73940000	3.13550000
1.28200000	1.74130000
1.01350000	1.71810000
0.92170000	1.51270000
0.97520000	1.34070000
0.84230000	1.29630000
0.77110000	1.24920000
0.66560000	1.14280000
0.64370000	1.05940000
0.61360000	0.99310000
0.56430000	0.93990000
0.58480000	0.89640000
0.56700000	0.86910000
0.55610000	0.84110000
0.53960000	1.08410000
0.53830000	1.01150000
0.74100000	1.13750000
1.68460000	3.54790000
1.24770000	2.11110000
1.06420000	1.73550000
0.91760000	1.54070000
0.87660000	1.45860000
0.76700000	1.32940000
0.61630000	1.22820000
0.60950000	1.14820000
0.60260000	1.08410000
0.68480000	1.03200000
0.67110000	0.98900000
0.71220000	0.95290000
0.82180000	0.92200000
0.99840000	0.91330000
2.08180000	0.87640000
1.52030000	0.95460000
1.26960000	0.97590000
1.23260000	0.95680000
2.01330000	2.07230000
1.64350000	1.22100000
1.43810000	1.28790000
1.14360000	1.23490000
0.97520000	1.14040000
1.32030000	1.06570000
1.06970000	1.00580000
1.09430000	0.95730000
0.81220000	0.91720000
0.70950000	0.88350000
0.94370000	0.85460000
4.53340000	3.42670000
9.49140000	5.29260000
3.86230000	7.83320000
2.87620000	5.02750000
2.67070000	4.25150000
2.12290000	3.61130000
1.84900000	2.85650000
1.75310000	2.58690000
1.36960000	2.31510000
1.31480000	2.09440000
1.23260000	1.92250000
1.10940000	1.78720000
1.09570000	1.67950000
1.06830000	1.59270000
1.02720000	1.52150000
0.95870000	1.46230000
0.90390000	1.41210000
0.84920000	1.36870000
0.79440000	1.33070000
0.76700000	1.29660000
0.72590000	1.26570000
0.67110000	1.23730000
0.64370000	1.21080000
0.63000000	1.18580000
0.61630000	1.16210000
0.60260000	1.13940000
0.60260000	1.11750000
0.58890000	1.09640000
0.58210000	1.07590000
0.56840000	1.05600000
0.56150000	1.03650000
0.54780000	1.01760000
0.53410000	0.99900000
0.52730000	0.98090000
0.51360000	0.96310000
0.47940000	0.94560000
0.46570000	0.92860000
0.45200000	0.91180000
0.44510000	0.89530000
0.43830000	0.87920000
0.43140000	0.86330000
0.42460000	0.84780000
0.41090000	0.83250000
0.39720000	0.81760000
0.39720000	0.80280000
0.43830000	0.78830000
0.68480000	0.78430000
0.93130000	0.76490000
0.65740000	0.74720000
0.60260000	0.73310000
0.50680000	0.71990000
0.47940000	0.70700000
0.49310000	0.69430000
0.44510000	0.68180000
0.43830000	0.66950000
0.52050000	0.65750000
1.36960000	0.69760000
5.20450000	6.50230000
10.27210000	7.53060000
4.39640000	3.03600000
3.42400000	2.39390000
2.52010000	2.11680000
2.32830000	1.87200000
2.34200000	1.96080000
2.09550000	2.18350000
1.34220000	1.82030000
1.01350000	1.67610000
1.71200000	1.53490000
1.43810000	1.42400000
1.56140000	1.33590000
1.53400000	1.26510000
1.45180000	1.20720000
1.45180000	1.15910000
3.69790000	2.18130000
5.41000000	6.15050000
3.35550000	4.32120000
2.68440000	2.45380000
2.05440000	2.31940000
2.12290000	2.06980000
1.84900000	1.87690000
1.50660000	1.72650000
1.87640000	1.60790000
1.82160000	1.51330000
1.50660000	1.43690000
1.68460000	1.37920000
1.78050000	1.35130000
1.62980000	1.28490000
1.41070000	1.23960000
1.52030000	1.21810000
2.47900000	1.51160000
5.32780000	1.72260000
4.94430000	2.75190000
3.71160000	2.35550000
3.15010000	2.91210000
2.67070000	2.73940000
2.38310000	2.21760000
2.27360000	2.16030000
2.34200000	3.62880000
3.61580000	5.83150000
5.64280000	6.69590000
4.23210000	4.00200000
3.53360000	3.11820000
2.90360000	2.77920000
2.68440000	2.58090000
2.67070000	2.35100000
2.45160000	2.18520000
2.30090000	2.03370000
2.32830000	1.92420000
3.71160000	1.82030000
4.43750000	1.74400000
2.99940000	1.67970000
3.25970000	1.67240000
3.12270000	1.57720000
3.10900000	1.53490000
3.95820000	1.52000000
3.87600000	1.48810000
3.06790000	1.43010000
2.58860000	1.40000000
2.35570000	1.37150000
2.13660000	1.34590000
1.95850000	1.31830000
1.80790000	1.29320000
1.65720000	1.26890000
1.52030000	1.24520000
1.42440000	1.22220000
1.34360000	1.19980000
1.28470000	1.17790000
1.27650000	1.17650000
1.93110000	1.18980000
3.53360000	1.37690000
2.84880000	1.32780000
2.17770000	1.07640000
1.89010000	1.05670000
1.71200000	1.03750000
1.57510000	1.02440000
1.87640000	1.04630000
1.76680000	0.98210000
1.52030000	0.96430000
1.42440000	0.95690000
1.41070000	0.94460000
2.60230000	1.10190000
2.87620000	1.79350000
2.09550000	0.89230000
1.78050000	0.86640000
1.57510000	0.85050000
1.38330000	0.83490000
1.25730000	0.81970000
1.13540000	0.80480000
1.05320000	0.79590000
1.16010000	0.80690000
1.60240000	0.80600000
1.31070000	0.74820000
1.08470000	0.73470000
0.96830000	0.72140000
0.90260000	0.71970000
0.87240000	0.69570000
0.77250000	0.68320000
0.68340000	0.67080000
0.64100000	0.66380000
0.88340000	0.72210000
1.08060000	0.65080000
0.82450000	0.62380000
0.76010000	0.61910000
0.71080000	0.61580000
0.60400000	0.59070000
0.66020000	0.62310000
1.35450000	0.65530000
1.60240000	0.64820000
1.27920000	0.55510000
1.00530000	0.55180000
1.11080000	0.55750000
1.18610000	0.54340000
1.22030000	0.52410000
0.99710000	0.50740000
1.07240000	0.53410000
0.93000000	0.48440000
0.75880000	0.48280000
0.69850000	0.46710000
0.65060000	0.47880000
0.61770000	0.46730000
0.60950000	0.44740000
0.60540000	0.46040000
1.15870000	0.48550000
1.13400000	0.41880000
0.86700000	0.41200000
0.71360000	0.40440000
0.62450000	0.41220000
0.58070000	0.38980000
0.51360000	0.38280000
0.46020000	0.37780000
0.52460000	0.42550000
0.61360000	0.40330000
0.52050000	0.35580000
0.53960000	0.37890000
0.58480000	0.37530000
0.51630000	0.33700000
0.42870000	0.33370000
0.38900000	0.32490000
0.37390000	0.33310000
0.71490000	0.37510000
0.63820000	0.30760000
0.44510000	0.30210000
0.37390000	0.29670000
0.33970000	0.30410000
0.31640000	0.28610000
0.29310000	0.29040000
0.26020000	0.27590000
0.24790000	0.27090000
0.22740000	0.26600000
0.22190000	0.26120000
0.22870000	0.28110000
0.26710000	0.25190000
0.23150000	0.24740000
0.21500000	0.24910000
0.20960000	0.23860000
0.37120000	0.36360000
0.44790000	0.23060000
0.29720000	0.22680000
0.24790000	0.22260000
0.22050000	0.21850000
0.20270000	0.21450000
0.19170000	0.21050000
0.21780000	0.24650000
0.23830000	0.20290000
0.20820000	0.19930000
0.19040000	0.19570000
0.21500000	0.21210000
0.19720000	0.18860000
0.17670000	0.18530000
0.16570000	0.18190000
0.16440000	0.22830000
0.18900000	0.17540000
0.17260000	0.17220000
0.15610000	0.16910000
0.15890000	0.20540000
0.16980000	0.16310000
0.17530000	0.16020000
0.15890000	0.15730000
0.14930000	0.15440000
0.16570000	0.18700000
0.23010000	0.19560000
0.33280000	1.37580000
0.51090000	0.14590000
0.31230000	0.14320000
0.27390000	0.20190000
0.60540000	1.57560000
0.59440000	0.13650000
0.39580000	0.15280000
0.33560000	0.13270000
0.30540000	0.13370000
0.27530000	0.14500000
1.71200000	5.51410000
2.15030000	3.16500000
1.10940000	0.12410000
0.74230000	0.12160000
0.71080000	0.23900000
0.86700000	0.25090000
0.65190000	0.40800000
0.52460000	0.35160000
0.45880000	0.30840000
0.41360000	0.27520000
0.36840000	0.24950000
0.33560000	0.22950000
0.32870000	0.21370000
0.29580000	0.20110000
0.28080000	0.19100000
0.26840000	0.18260000
0.25470000	0.17560000
0.24790000	0.16970000
0.24790000	0.17890000
0.33560000	0.20700000
0.37940000	0.15600000
0.50130000	0.25570000
3.95820000	6.16430000
1.75310000	2.79260000
1.12990000	1.24590000
0.86010000	1.06490000
0.74370000	0.93810000
0.78480000	0.80170000
0.69850000	0.70380000
0.69170000	0.64400000
1.80790000	2.32860000
1.30390000	1.40960000
1.01630000	1.19530000
0.86290000	1.04270000
0.78070000	0.92860000
0.73820000	0.83550000
0.68620000	0.76500000
0.76560000	0.75620000
1.65720000	1.62170000
2.34200000	2.09930000
5.95780000	5.90720000
2.69810000	3.75030000
1.97220000	2.12510000
3.01310000	3.06140000
3.27340000	3.53490000
2.27360000	2.16730000
1.87640000	2.04460000
1.64350000	1.81280000
1.47920000	1.63380000
1.57510000	1.52880000
1.47920000	1.38550000
1.30390000	1.43580000
1.18610000	1.33940000
1.08340000	1.26230000
1.02990000	1.19980000
0.98060000	1.14850000
0.92860000	1.10540000
0.88750000	1.06880000
0.85330000	1.03700000
0.81490000	1.00890000
1.03540000	1.01590000
3.60210000	4.04720000
3.60210000	4.45250000
2.49270000	2.02120000
2.02700000	2.02770000
2.24620000	2.21280000
2.47900000	2.41790000
2.10920000	2.01680000
2.17770000	1.95690000
2.47900000	2.36720000
5.87560000	5.89940000
3.46510000	4.33960000
3.08160000	2.65940000
3.25970000	2.42690000
3.13640000	3.89640000
3.12270000	3.14910000
2.67070000	2.53440000
2.34200000	2.36800000
2.25990000	2.16190000
2.12290000	2.00010000
1.93110000	1.87200000
1.72570000	1.76930000
1.67090000	1.68560000
1.61610000	1.61640000
1.54770000	1.55820000
1.46550000	1.50830000
1.41070000	1.46480000
2.30090000	1.45760000
2.39680000	1.39610000
1.53400000	1.55420000
1.57510000	1.54130000
1.47920000	1.47340000
1.42440000	1.41680000
1.38330000	1.36880000
1.36960000	1.32720000
1.28470000	1.29060000
1.23260000	1.25790000
1.26960000	1.22810000
1.07790000	1.20060000
1.15870000	1.17500000
0.82180000	1.15080000
1.09570000	1.12790000
1.04090000	1.10590000
0.84920000	1.08470000
0.73960000	1.06420000
0.82180000	1.04440000
0.93130000	1.02500000
0.95870000	1.00620000
0.98610000	0.98780000
0.90390000	0.96980000
0.84920000	0.95210000
0.82180000	0.93490000
0.79440000	0.91800000
0.76700000	0.90140000
0.75330000	0.88510000
0.73960000	0.86910000
0.72590000	0.85350000
0.71220000	0.83810000
0.69850000	0.82300000
0.68480000	0.80820000
0.67110000	0.79370000
0.65740000	0.77930000
0.64370000	0.76530000
0.63000000	0.75150000
0.61630000	0.73800000
0.60950000	0.72470000
0.59580000	0.71170000
0.57520000	0.69890000
0.55470000	0.68630000
0.54780000	0.67390000
0.54100000	0.66180000
0.53410000	0.64990000
0.60260000	0.63820000
0.67110000	0.62670000
0.73960000	0.61550000
0.93130000	0.60440000
1.23260000	0.62270000
2.99940000	1.42930000
2.52010000	1.19170000
1.91750000	1.05470000
1.36410000	1.01960000
1.20530000	0.93610000
1.45180000	0.86370000
4.79360000	0.80650000
4.10880000	0.76070000
2.46530000	0.72360000
2.19140000	0.69300000
1.91750000	0.66730000
1.64350000	0.64540000
1.57510000	0.62640000
1.50660000	0.60960000
1.43810000	0.59440000
1.41070000	0.58060000
1.34220000	0.56780000
1.27370000	0.55580000
1.26000000	0.54450000
1.23260000	0.53370000
1.21900000	0.52340000
1.20530000	0.51340000
1.19160000	0.50370000
1.17790000	0.49440000
1.16420000	0.48520000
1.15050000	0.47630000
1.13680000	0.46760000
1.12310000	0.45910000
1.10940000	0.45080000
1.09570000	0.44260000
1.08060000	0.43460000
1.02450000	0.42680000
1.01210000	0.41910000
1.00260000	0.41150000
0.96010000	0.40410000
0.96690000	0.39690000
0.96830000	0.38960000
0.87380000	0.38260000
0.87520000	0.37580000
0.89020000	0.36900000
0.85600000	0.36240000
0.84370000	0.35580000
0.83410000	0.34940000
0.84370000	0.34320000
0.85600000	0.33700000
0.83550000	0.33090000
0.75470000	0.32500000
0.77250000	0.31910000
0.81490000	0.31340000
0.84090000	0.30780000
1.38330000	0.30220000
1.45180000	0.29680000
1.35730000	0.29140000
2.95840000	0.38170000
5.21820000	1.77440000
3.62950000	1.36530000
3.62950000	0.80040000
7.12200000	5.70760000
14.51790000	6.70480000
5.95780000	3.74330000
4.60190000	2.28190000
4.14990000	2.04850000
3.87600000	1.77290000
3.21860000	1.55610000
3.69790000	1.67160000
11.75120000	7.37600000
10.92950000	8.13610000
11.65540000	7.92870000
16.84620000	11.25780000
19.85930000	13.61240000
12.87430000	12.84420000
12.76480000	13.84890000
9.43660000	11.38190000
7.20410000	8.45660000
5.98520000	7.08170000
5.10860000	5.88470000
5.83450000	6.61780000
6.24540000	8.49780000
5.97150000	7.94590000
4.94430000	6.49210000
4.35540000	5.46290000
3.99930000	5.10390000
3.64320000	4.22240000
3.31450000	4.01380000
3.12270000	4.52030000
3.01310000	4.49020000
2.84880000	3.75130000
2.73920000	3.68150000
2.58860000	3.52300000
2.41050000	3.35160000
2.36940000	3.18500000
3.47880000	3.07980000
2.65700000	2.89640000
2.30090000	3.04160000
2.09550000	2.90950000
2.28720000	2.82080000
2.28720000	2.69610000
2.02700000	2.60190000
1.83530000	2.52800000
1.79420000	2.46790000
1.65720000	2.40260000
1.61610000	2.36050000
1.52030000	2.29710000
1.41070000	2.25460000
1.41070000	2.21540000
1.72570000	2.19610000
1.61610000	2.12200000
1.71200000	2.10570000
1.78050000	2.06960000
1.52030000	2.00210000
1.36960000	1.96550000
1.30250000	1.92920000
1.20940000	1.89400000
1.10530000	1.85950000
1.01900000	1.82580000
0.97240000	1.79270000
1.16010000	1.78220000
1.08610000	1.73080000
1.04640000	1.71850000
1.39700000	1.72070000
1.38330000	1.68680000
2.65700000	4.38780000
6.17690000	6.75880000
7.88900000	6.67800000
4.25950000	3.21720000
2.88990000	2.48850000
2.28720000	2.27380000
1.91750000	2.10540000
1.62980000	1.97180000
1.49290000	1.86830000
1.31890000	1.77730000
1.36550000	1.70720000
2.94470000	1.99380000
1.89010000	1.59220000
1.52030000	1.54730000
1.33130000	1.50640000
1.24770000	1.48150000
1.22580000	1.43580000
1.19700000	1.41320000
1.18470000	1.38650000
0.97790000	1.34730000
1.14230000	1.37230000
2.53380000	2.19500000
4.34170000	4.11170000
2.75290000	1.79210000
1.97220000	1.42840000
1.57510000	1.36640000
2.67070000	1.40770000
2.04070000	1.27050000
1.61610000	1.26960000
1.53400000	1.24820000
1.39700000	1.18970000
1.16280000	1.15860000
1.06830000	1.13250000
1.11900000	1.12950000
1.04090000	1.10450000
0.93960000	1.05810000
0.85460000	1.04290000
0.83270000	1.01650000
0.75880000	0.99670000
0.70810000	1.00180000
0.65880000	0.95950000
0.67800000	0.97780000
0.98060000	0.96350000
0.83270000	0.92100000
0.83410000	0.92750000
1.71200000	2.40740000
1.23400000	1.10410000
0.92310000	0.84520000
0.72040000	0.82960000
0.60810000	0.81440000
0.53690000	0.79950000
0.57250000	0.78490000
1.30660000	0.87120000
1.38330000	0.93200000
1.38330000	0.77270000
1.01350000	0.73600000
0.81220000	0.71760000
0.69170000	0.70450000
0.61770000	0.69160000
0.59300000	0.67900000
0.84640000	0.71770000
0.71080000	0.65470000
0.57110000	0.64280000
0.50540000	0.63120000
0.46290000	0.61980000
0.44100000	0.60860000
1.47920000	0.71410000
1.19700000	0.71580000
1.39700000	1.41480000
4.43750000	3.27750000
2.69810000	2.08930000
2.38310000	0.94490000
1.95850000	1.08920000
1.56140000	0.96170000
1.22440000	0.87890000
1.01080000	0.81400000
0.87660000	0.76250000
1.67090000	0.82090000
4.76620000	4.71700000
3.93080000	4.64670000
3.42400000	2.93530000
2.28720000	1.85310000
1.79420000	1.77110000
1.45180000	1.56170000
1.23130000	1.40040000
1.08340000	1.27530000
1.08340000	1.20320000
1.21900000	1.10680000
1.11900000	1.07570000
1.50660000	1.03550000
1.16690000	0.94640000
0.97790000	0.91200000
0.96560000	0.92920000
0.96010000	0.85620000
1.68460000	1.74310000
2.34200000	2.24310000
1.82160000	1.16030000
1.69830000	1.35850000
1.90380000	1.19350000
1.42440000	1.35700000
1.19430000	1.23640000
1.04360000	1.14230000
0.93410000	1.06790000
0.84500000	1.00830000
0.76420000	0.95980000
0.73410000	0.91980000
0.72730000	0.89350000
0.89850000	0.90050000
0.90120000	0.83250000
0.73820000	0.81030000
0.66290000	0.79030000
0.60810000	0.77200000
0.58350000	0.76390000
0.59580000	0.75940000
0.69580000	0.75720000
0.61630000	0.71120000
0.54240000	0.69620000
0.99300000	1.72510000
1.31210000	0.96720000
0.91350000	0.65980000
0.76840000	0.64750000
0.70260000	0.63880000
0.80940000	0.66210000
0.97240000	0.61190000
0.91630000	0.63140000
2.04070000	2.47720000
1.45180000	1.47060000
1.10530000	1.24830000
0.97790000	1.11500000
0.88200000	1.01180000
0.87110000	0.95250000
1.18750000	1.02910000
1.94480000	2.97390000
1.89010000	1.83370000
1.53400000	1.54100000
1.68460000	1.58260000
2.10920000	1.80290000
1.90380000	1.56210000
1.64350000	1.59620000
1.43810000	1.49400000
1.32440000	1.35460000
1.28200000	1.25390000
1.17240000	1.15960000
1.10250000	1.09120000
1.06140000	1.03590000
1.03540000	1.00690000
1.17100000	0.98130000
1.15050000	0.92040000
1.03540000	0.89270000
0.96970000	0.86810000
0.91760000	0.84610000
0.88070000	0.82610000
0.85050000	0.80770000
0.82450000	0.79040000
0.79440000	0.77420000
0.77790000	0.75870000
0.75330000	0.74400000
0.73140000	0.72970000
0.74100000	0.73570000
0.78890000	0.71010000
0.77930000	0.69650000
0.74920000	0.67760000
0.75470000	0.66450000
0.72590000	0.65240000
0.72180000	0.66160000
0.83140000	0.63240000
0.79030000	0.61750000
0.74920000	0.60640000
0.73820000	0.59570000
0.80810000	0.59850000
0.88480000	1.50840000
1.80790000	4.14910000
2.06810000	1.97860000
1.54770000	1.61830000
1.36960000	1.42260000
1.26410000	1.26740000
0.95050000	1.14740000
1.03410000	1.05390000
1.03270000	0.98020000
1.01760000	0.94710000
0.99570000	0.87400000
0.94910000	0.96280000
0.69580000	0.90590000
0.71770000	0.85980000
0.93680000	0.82210000
0.96280000	0.79060000
1.03270000	0.76380000
1.36960000	0.75400000
1.87640000	0.72650000
9.08050000	5.77380000
4.01300000	4.57380000
2.97210000	2.31690000
2.49270000	1.96170000
1.84900000	1.85830000
1.73940000	1.69560000
3.79380000	4.20530000
4.54710000	5.51850000
3.21860000	2.99940000
2.52010000	2.41100000
2.31460000	2.17400000
2.06810000	1.95360000
1.50660000	1.78000000
1.84900000	1.64420000
1.98590000	1.53670000
1.71200000	1.45060000
1.34220000	1.38070000
0.95870000	1.32300000
1.47920000	1.27460000
1.61610000	1.23320000
1.49290000	1.19710000
1.34220000	1.16520000
1.30110000	2.80410000
1.36960000	2.21170000
1.20530000	1.80650000
0.97240000	1.72730000
1.10940000	1.60100000
1.16420000	1.48890000
1.12310000	1.41850000
1.20530000	1.73280000
1.23260000	1.51910000
1.15050000	1.53470000
1.17790000	1.47270000
1.20530000	1.38940000
1.12310000	1.31750000
0.98610000	1.25860000
0.95870000	1.20950000
0.94500000	1.16790000
0.91760000	1.13210000
0.89020000	1.10060000
0.90390000	1.07240000
0.89020000	1.04680000
0.89020000	1.02330000
0.87660000	1.00140000
0.87660000	0.98070000
0.86290000	0.96110000
0.86290000	0.94230000
0.84920000	0.92420000
0.84920000	0.90670000
0.86290000	0.88980000
0.84920000	0.87330000
0.75330000	0.85700000
0.68480000	0.84160000
0.72590000	0.82620000
0.75330000	0.81120000
0.78070000	0.79650000
0.76700000	0.78210000
0.75330000	0.76790000
0.75330000	0.75410000
0.73960000	0.74050000
0.72590000	0.72710000
0.71220000	0.71400000
0.71220000	0.70120000
0.71220000	0.68850000
0.68480000	0.67620000
0.68480000	0.66390000
0.67110000	0.65200000
0.65740000	0.64030000
0.64370000	0.62870000
0.63000000	0.61740000
0.63000000	0.60630000
0.61630000	0.59540000
0.63000000	0.58470000
0.64370000	0.57420000
0.63000000	0.56380000
0.61630000	0.55370000
0.60260000	0.54370000
0.60260000	0.53400000
0.58890000	0.52430000
0.58890000	0.51490000
0.57520000	0.50560000
0.56150000	0.49660000
0.54780000	0.48760000
0.54780000	0.47880000
0.53410000	0.47020000
0.53410000	0.46180000
0.52050000	0.45350000
0.52050000	0.44530000
0.50680000	0.43730000
0.49310000	0.42940000
0.47940000	0.42170000
0.46570000	0.41410000
0.46570000	0.40670000
0.47940000	0.39940000
0.49310000	0.39220000
0.47940000	0.38510000
0.47940000	0.37820000
0.46570000	0.37140000
0.46570000	0.36470000
0.54780000	0.35810000
0.71220000	0.35170000
1.26000000	0.34540000
2.39680000	0.33920000
2.46530000	0.33310000
1.91750000	0.32710000
1.64350000	0.32120000
1.50660000	0.31540000
1.36960000	0.30980000
1.31480000	0.30420000
1.26000000	0.29870000
1.20530000	0.29330000
1.17790000	0.28810000
1.15050000	0.28290000
1.12310000	0.27780000
1.09570000	0.27280000
1.09570000	0.28290000
1.43810000	0.30920000
2.19140000	0.37430000
4.45120000	2.90320000
7.05350000	4.52240000
7.10830000	5.09200000
6.43720000	4.67920000
7.47810000	4.52760000
10.84730000	6.62810000
26.02260000	17.45570000
24.10510000	17.35600000
8.58750000	8.70090000
6.51930000	5.27740000
5.64280000	4.81130000
9.84750000	7.46750000
14.10700000	10.50110000
12.71000000	8.82780000
8.99830000	6.57370000
6.16320000	4.41730000
5.13600000	4.20710000
4.62930000	3.75380000
4.34170000	3.40300000
3.97190000	3.12940000
3.46510000	2.91370000
3.08160000	2.74180000
2.80770000	2.60290000
2.61600000	2.48880000
2.57490000	2.40660000
2.53380000	2.31270000
2.32830000	2.24270000
2.16400000	2.18110000
1.93110000	2.12590000
1.76680000	2.07570000
1.71200000	2.03620000
1.64350000	1.98800000
1.47920000	1.94530000
1.38330000	1.90650000
1.32990000	1.86930000
1.52030000	1.88200000
2.10920000	1.83000000
2.05440000	1.77750000
1.72570000	1.73270000
1.56140000	1.70080000
1.46550000	1.66970000
1.39700000	1.63930000
1.68460000	1.64470000
1.69830000	1.58040000
1.47920000	1.55170000
1.34910000	1.52370000
1.30250000	1.49650000
1.20940000	1.46910000
1.17790000	1.44910000
1.12440000	1.42810000
0.98470000	1.39110000
0.94780000	1.37650000
1.01760000	1.35130000
0.93130000	1.31730000
0.91220000	1.29370000
0.82180000	1.27030000
0.76290000	1.24740000
0.73410000	1.22490000
0.73550000	1.20290000
0.69170000	1.20260000
0.91350000	1.20910000
1.03270000	1.14130000
0.87380000	1.11860000
0.78340000	1.09890000
0.76010000	1.09640000
0.85600000	1.09520000
0.89160000	1.04020000
0.70400000	1.02150000
0.89020000	1.03360000
0.80260000	0.98670000
0.70260000	0.96730000
0.64370000	0.95550000
0.94090000	0.99470000
0.83820000	0.91620000
0.64650000	0.89950000
0.64100000	0.91230000
1.06690000	0.92660000
1.14090000	0.89570000
0.93540000	0.83750000
0.74510000	0.84050000
0.98610000	0.83240000
1.05320000	0.79290000
0.82180000	0.77860000
0.65880000	0.76450000
0.61080000	0.77350000
0.56980000	0.73710000
0.50260000	0.72380000
0.46020000	0.71070000
0.42180000	0.69790000
0.40950000	0.68530000
9.84750000	6.49290000
4.13620000	2.87080000
2.13660000	0.65400000
1.53400000	0.64150000
2.36940000	0.77870000
2.65700000	1.46730000
1.90380000	0.61540000
1.47920000	0.59680000
1.25870000	0.58550000
1.07790000	0.57460000
1.45180000	0.62130000
1.71200000	0.59330000
1.62980000	0.56360000
1.19160000	0.53390000
0.99980000	0.52420000
0.93820000	0.51460000
1.07510000	0.52870000
1.01760000	0.50160000
0.90390000	0.54220000
0.83410000	0.47830000
0.78750000	0.46970000
0.91900000	0.46170000
2.69810000	1.33630000
1.60240000	0.53250000
1.14230000	0.43860000
0.94500000	0.43040000
0.92450000	0.46310000
0.84920000	0.41460000
0.84640000	0.45120000
0.87660000	0.39960000
0.72590000	0.39230000
0.63550000	0.38520000
0.58760000	0.42280000
0.71220000	0.40190000
0.63410000	0.38130000
0.57800000	0.39350000
0.56150000	0.35170000
0.48620000	0.34530000
0.64650000	0.35900000
0.56290000	0.33300000
0.45470000	0.32700000
0.62450000	0.40090000
0.90120000	0.31630000
0.58760000	0.30990000
0.47940000	0.30430000
0.43140000	0.29880000
0.40270000	0.29340000
0.37660000	0.28810000
0.46840000	0.35080000
0.71220000	0.29870000
0.53000000	0.27280000
0.43010000	0.26780000
0.38490000	0.26300000
0.35750000	0.25830000
0.33560000	0.25360000
0.31500000	0.24900000
0.29580000	0.24460000
0.27530000	0.24020000
0.29450000	0.29040000
0.30540000	0.23160000
0.28900000	0.22740000
0.40400000	0.29490000
0.40810000	0.21930000
0.31360000	0.21540000
0.29040000	0.22700000
0.28620000	0.20770000
0.28490000	0.21500000
0.40810000	0.28100000
0.86830000	0.22490000
0.53410000	0.19470000
0.42180000	0.20940000
0.40130000	0.19190000
0.35610000	0.18400000
0.32870000	0.18050000
0.31230000	0.17720000
0.29170000	0.17390000
0.27670000	0.17070000
0.28210000	0.19250000
3.35550000	6.38660000
2.08180000	2.42380000
1.06690000	0.16370000
0.78890000	0.17620000
3.15010000	2.65750000
10.88840000	7.56400000
3.43770000	3.59370000
2.16400000	1.91820000
1.61610000	1.62120000
1.49290000	1.41550000
2.62970000	1.41490000
2.47900000	1.66600000
3.36920000	2.58830000
2.84880000	1.61870000
2.28720000	1.66460000
1.86270000	1.48730000
1.67090000	1.31900000
1.45180000	1.19790000
1.32720000	1.11290000
1.22850000	1.03200000
1.16690000	0.96920000
1.11210000	0.92090000
1.54770000	0.94430000
1.49290000	0.84810000
1.31350000	0.86780000
6.10850000	5.92060000
6.25910000	11.76800000
6.45090000	6.52240000
5.88930000	3.19190000
4.73880000	2.83760000
3.64320000	2.47150000
2.99940000	2.26160000
2.72550000	2.20700000
2.87620000	2.39190000
2.60230000	2.05540000
2.34200000	2.12660000
2.13660000	1.94330000
1.98590000	1.79950000
1.84900000	1.68550000
1.73940000	1.59400000
1.64350000	1.51940000
1.54770000	1.45760000
1.57510000	1.44570000
1.86270000	1.37780000
1.69830000	1.32210000
1.57510000	1.31650000
1.64350000	1.57820000
2.21880000	1.45260000
1.84900000	1.68030000
4.20470000	5.48250000
5.97150000	5.68170000
3.71160000	2.65910000
3.02680000	2.65590000
2.64330000	2.36420000
2.36940000	2.14160000
2.19140000	1.96800000
2.42420000	1.86750000
2.47900000	2.26410000
2.30090000	2.23640000
2.15030000	1.96230000
1.99960000	1.98500000
2.06810000	1.87440000
2.41050000	1.73460000
2.21880000	1.93180000
1.99960000	1.80150000
1.87640000	1.69750000
1.79420000	1.62220000
1.76680000	1.54370000
1.67090000	1.48570000
1.57510000	1.43630000
1.57510000	2.45220000
2.54750000	2.28760000
2.15030000	1.88950000
1.93110000	1.76050000
1.57510000	1.64900000
1.39700000	1.55950000
1.46550000	1.49140000
1.54770000	1.42580000
2.10920000	2.49250000
2.94470000	2.31410000
2.41050000	1.89850000
2.12290000	1.75980000
5.67020000	5.69330000
5.38260000	5.68300000
3.84860000	2.72090000
3.23230000	2.66310000
2.83510000	2.38540000
2.61600000	2.17010000
2.42420000	2.00180000
2.19140000	1.86880000
1.91750000	1.76240000
1.86270000	1.67620000
2.12290000	1.99820000
2.31460000	2.40700000
2.19140000	1.99210000
2.02700000	1.87070000
1.91750000	1.75000000
1.80790000	1.70530000
1.79420000	1.62190000
1.76680000	1.55300000
1.47920000	1.49530000
1.28740000	1.44610000
1.42440000	1.40330000
1.47920000	1.36600000
1.50660000	1.33180000
1.42440000	1.30050000
1.36960000	1.27180000
1.35590000	1.25150000
1.52030000	1.21960000
1.54770000	1.19520000
1.39700000	1.17220000
1.20530000	1.14980000
0.84920000	1.12820000
0.97240000	1.10720000
1.23260000	1.08670000
1.20530000	1.06680000
1.01350000	1.04730000
0.89020000	1.02820000
0.80810000	1.00950000
0.73960000	0.99120000
0.69850000	0.97330000
0.67110000	0.95570000
0.65740000	0.93850000
0.64370000	0.92150000
0.63000000	0.90490000
0.62320000	0.88860000
0.61630000	0.87260000
0.60950000	0.85690000
0.60260000	0.84160000
0.65740000	0.82630000
0.73960000	0.81140000
0.76700000	0.79690000
0.83550000	0.81730000
1.01350000	1.08070000
0.95870000	0.98980000
0.90390000	0.96180000
0.75330000	1.11070000
0.63000000	1.07930000
0.68480000	1.00430000
0.72590000	0.94450000
0.68480000	0.89620000
0.57520000	0.85660000
0.56150000	0.82360000
0.63000000	0.79560000
0.68480000	0.79060000
0.89020000	2.93340000
3.62950000	3.91680000
3.21860000	2.19080000
2.08180000	1.80840000
1.58870000	1.63820000
1.24630000	1.46920000
1.15050000	1.33820000
1.13680000	1.23570000
1.10940000	1.15460000
1.08200000	1.08970000
1.06830000	1.03700000
1.08200000	0.99360000
1.02040000	0.95710000
1.08200000	0.92590000
1.09570000	0.89880000
1.09710000	0.87470000
1.13680000	0.85310000
1.09840000	0.83330000
1.07650000	0.81500000
1.03820000	0.79790000
1.01350000	0.78170000
0.98610000	0.76620000
0.90390000	0.75140000
0.97930000	0.73710000
0.94500000	0.72320000
0.89020000	0.70970000
0.88340000	0.69660000
0.86290000	0.68390000
0.84230000	0.67140000
0.82180000	0.65920000
0.79440000	0.64720000
0.76970000	0.63550000
0.81080000	0.62400000
0.79300000	0.61270000
0.77380000	0.60160000
0.76560000	0.59080000
0.79570000	0.58010000
0.81080000	0.56970000
0.86290000	0.55950000
0.93130000	0.54950000
0.90390000	0.53950000
0.87660000	0.52980000
0.87660000	0.52100000
0.89020000	0.51130000
0.87660000	0.50170000
0.86290000	0.49270000
0.86290000	0.48380000
0.84920000	0.47510000
0.83550000	0.46650000
0.76700000	0.45810000
0.75330000	0.44980000
0.79440000	0.44160000
0.87790000	0.43360000
1.04230000	0.42760000
3.09530000	0.53170000
7.53290000	6.14150000
6.05370000	4.39720000
3.86230000	1.22650000
4.10880000	2.37320000
5.73870000	5.48830000
5.69760000	4.93370000
5.77980000	5.89670000
6.95760000	7.13200000
7.10830000	7.17380000
7.53290000	6.32340000
6.25910000	4.10460000
5.14970000	3.24650000
4.30060000	2.86350000
3.91710000	2.54450000
3.51990000	2.29630000
3.15010000	2.10400000
2.88990000	1.95280000
2.62970000	1.83270000
2.39680000	1.73600000
2.23250000	1.65960000
2.35570000	1.63400000
2.39680000	1.57100000
2.49270000	1.49070000
2.69810000	1.44610000
2.47900000	1.40870000
2.27360000	1.37490000
2.10920000	1.34370000
1.94480000	1.31630000
1.87640000	1.30400000
1.99960000	1.28950000
2.06810000	1.23710000
1.93110000	1.21310000
3.71160000	1.20100000
18.35280000	7.69660000
9.51880000	6.10070000
5.57430000	2.61270000
4.34170000	2.16970000
4.08140000	2.06870000
3.57470000	1.86550000
3.09530000	1.72210000
2.79400000	1.60890000
2.60230000	1.51820000
2.32830000	1.44450000
2.10920000	1.38380000
1.94480000	1.33290000
1.87640000	1.29010000
2.02700000	1.28450000
1.87640000	1.21800000
1.78050000	1.21130000
1.73940000	1.16020000
1.58870000	1.13470000
1.65720000	1.16150000
1.83530000	1.10580000
1.75310000	1.08350000
1.79420000	1.06730000
1.84900000	1.03260000
1.79420000	1.01960000
1.75310000	0.98800000
1.50660000	0.96980000
1.49290000	0.99360000
2.05440000	0.98110000
1.82160000	0.91770000
1.53400000	0.90140000
1.35870000	0.88500000
1.24220000	0.87010000
1.43810000	0.90040000
1.43810000	0.83770000
1.16690000	0.82260000
1.04910000	0.80770000
1.01490000	0.79320000
0.96970000	0.77880000
0.89160000	0.76480000
0.82040000	0.75100000
0.76420000	0.73750000
0.71080000	0.72430000
0.67110000	0.71120000
0.64650000	0.69840000
0.62040000	0.68580000
0.58480000	0.67340000
0.54650000	0.66130000
0.50540000	0.64940000
0.47390000	0.63770000
0.45330000	0.64040000
0.45470000	0.61500000
0.44510000	0.60390000
0.41770000	0.59300000
0.38760000	0.58240000
0.36160000	0.57190000
0.35880000	0.62350000
0.40540000	0.55150000
0.40130000	0.55490000
0.37390000	0.54870000
0.37390000	0.53390000
0.36980000	0.51290000
0.35200000	0.54130000
0.35200000	0.50820000
0.39030000	0.52840000
0.42460000	0.48320000
0.41090000	0.47370000
0.37530000	0.45990000
0.34100000	0.45160000
0.31090000	0.44350000
0.28900000	0.43550000
0.27260000	0.42770000
0.26020000	0.42000000
0.24520000	0.41240000
0.22870000	0.40500000
0.22050000	0.40290000
0.21090000	0.39050000
0.20000000	0.38370000
0.25340000	0.44970000
0.34240000	0.36980000
0.27940000	0.36500000
0.70810000	0.47720000
0.47110000	0.35120000
0.33690000	0.34740000
0.34240000	0.40200000
2.93100000	6.73690000
1.06010000	2.29990000
0.67800000	0.35040000
0.59850000	0.32000000
0.51630000	0.32160000
0.52050000	0.33920000
0.48760000	0.32340000
0.45880000	0.30500000
0.40810000	0.28940000
0.35060000	0.30160000
0.33140000	0.27880000
0.30680000	0.27370000
0.26840000	0.26870000
0.24520000	0.26380000
0.22050000	0.25900000
0.19590000	0.25430000
0.19860000	0.32630000
0.23560000	0.25130000
0.25060000	0.24080000
0.21370000	0.23650000
0.18350000	0.23210000
0.16980000	0.22910000
0.15890000	0.22380000
0.16570000	0.29040000
0.24240000	0.27370000
0.30270000	0.24080000
0.26570000	0.21330000
0.25060000	0.24580000
0.26430000	0.20150000
0.22740000	0.19820000
0.18900000	0.20140000
0.17390000	0.20660000
0.16850000	0.18730000
0.16440000	0.21510000
0.18490000	0.23190000
0.25610000	0.19240000
0.26570000	0.17480000
0.24240000	0.18520000
0.84500000	3.11960000
2.27360000	5.75890000
1.29430000	1.51010000
0.80940000	0.47530000
0.62180000	0.41480000
0.52730000	0.36840000
0.46700000	0.33280000
0.84370000	0.46760000
1.22720000	0.28940000
0.84230000	0.43720000
0.66290000	0.39070000
0.57390000	0.35460000
0.50810000	0.32650000
0.46160000	0.30430000
0.41640000	0.28660000
0.38210000	0.29050000
0.37120000	0.27150000
0.37660000	0.27950000
0.38350000	0.24230000
0.37530000	0.23500000
0.36710000	0.26820000
0.43830000	0.22300000
0.43960000	0.21760000
0.40950000	0.25710000
0.46430000	0.20820000
0.45740000	0.20660000
0.41230000	0.20770000
0.38350000	0.19620000
0.35470000	0.19240000
0.33010000	0.18880000
0.31230000	0.18550000
0.29860000	0.18180000
0.28620000	0.17850000
0.27940000	0.17520000
0.27390000	0.17200000
0.26710000	0.18230000
0.25890000	0.16580000
0.25340000	0.16410000
0.24930000	0.17000000
0.24650000	0.15700000
0.24520000	0.15430000
0.24380000	0.17420000
0.24240000	0.16010000
0.26710000	0.17340000
0.32460000	0.14330000
0.30820000	0.14410000
0.29450000	0.13820000
0.28080000	0.13570000
0.26980000	0.13330000
0.26430000	0.13090000
0.26020000	0.12860000
0.41090000	0.17630000
0.35610000	0.12390000
0.34240000	0.12210000
0.34240000	0.78230000
0.60130000	0.99400000
0.71900000	0.13100000
1.07790000	0.44730000
0.88340000	0.47350000
0.69990000	0.55400000
0.59710000	0.47420000
0.63000000	0.43400000
0.63280000	0.36660000
0.56020000	0.41010000
0.52180000	0.36730000
1.94480000	6.09250000
1.94480000	5.51860000
1.24500000	1.90680000
1.13540000	1.84760000
6.35500000	2.45390000
3.82120000	2.06350000
2.54750000	1.71510000
1.97220000	1.49380000
1.65720000	1.47910000
1.54770000	1.41790000
1.32720000	1.26700000
1.26140000	1.21730000
3.12270000	2.30940000
2.24620000	2.02780000
1.75310000	1.66200000
1.71200000	1.51760000
2.10920000	1.77740000
1.62980000	1.52510000
1.52030000	1.51540000
8.34090000	5.27450000
4.31430000	4.08900000
2.91730000	2.31210000
2.36940000	2.08640000
1.98590000	1.86910000
1.71200000	1.70060000
1.65720000	1.79910000
1.98590000	3.16020000
2.47900000	3.46980000
1.95850000	2.17660000
1.76680000	2.18810000
1.60240000	1.97600000
1.47920000	1.81090000
1.39700000	1.68140000
1.09570000	1.57830000
0.94090000	1.49520000
1.22720000	1.42730000
1.19840000	1.37090000
0.95460000	1.32320000
0.75330000	1.28210000
0.54780000	1.24600000
0.44510000	1.21390000
0.47940000	1.18480000
0.68480000	1.15800000
0.98610000	1.13300000
0.75330000	1.10960000
0.54780000	1.08730000
0.47940000	1.06600000
0.54780000	1.04550000
0.65190000	1.02570000
0.83410000	1.23540000
1.02720000	1.16440000
0.75330000	1.35910000
0.79160000	1.27790000
0.95600000	1.43700000
0.95870000	1.33460000
0.69850000	1.50420000
0.81630000	1.40720000
1.71200000	1.30750000
1.30110000	1.22820000
1.02720000	1.16430000
0.89020000	1.11190000
0.75330000	1.06840000
0.61630000	1.03150000
0.47940000	0.99970000
0.44510000	0.97180000
0.47940000	0.94690000
0.58210000	0.92430000
0.73270000	0.90340000
1.09570000	0.88400000
0.95870000	0.86580000
0.75330000	0.84840000
0.61630000	0.83190000
0.54780000	0.81590000
0.54780000	0.80050000
0.61770000	0.78550000
0.86010000	0.77100000
0.69030000	0.75680000
0.64230000	0.74290000
0.62870000	0.72940000
0.62040000	0.71610000
0.54780000	0.70310000
0.41090000	0.69040000
0.47940000	0.67790000
0.54780000	0.66570000
0.44510000	0.65370000
0.44510000	0.64190000
0.47940000	0.63030000
0.51360000	0.61900000
0.52730000	0.60790000
0.54510000	0.59690000
0.59170000	0.58610000
0.74510000	0.60860000
1.71200000	0.57370000
0.95870000	0.55630000
0.68480000	0.58010000
0.51360000	0.56360000
0.54780000	0.54890000
0.58210000	0.53560000
0.51360000	0.52340000
0.47940000	0.51200000
0.44510000	0.50140000
0.47940000	0.49130000
0.51360000	0.48160000
0.44510000	0.47230000
0.49310000	0.46340000
0.58210000	0.45470000
0.65060000	0.44630000
0.51360000	0.43800000
0.41090000	0.43000000
0.44510000	0.42220000
0.50680000	0.41450000
0.58210000	0.41250000
6.16320000	2.86470000
5.34150000	2.39020000
3.08160000	1.23830000
2.05440000	1.17420000
1.64350000	1.03220000
1.36960000	0.92310000
1.23260000	0.83850000
1.09570000	0.77250000
0.95870000	0.72040000
0.89020000	0.67870000
0.82180000	0.64500000
0.75330000	0.61730000
0.61630000	0.59410000
0.44510000	0.57430000
0.41090000	0.55720000
0.44510000	0.54210000
0.51360000	0.52850000
0.54780000	0.51610000
0.54780000	0.50470000
0.47940000	0.49400000
0.47940000	0.48390000
2.05440000	0.52960000
6.84800000	0.60390000
3.31450000	0.46650000
1.86270000	0.55260000
3.05420000	0.55140000
1.36960000	0.52290000
0.95870000	0.49960000
0.68480000	0.48010000
0.68480000	0.46370000
0.82180000	0.44950000
0.95600000	0.45080000
1.71200000	0.55660000
2.61600000	2.46950000
5.60170000	6.88770000
9.66940000	9.37690000
4.30060000	5.53100000
2.62970000	5.20400000
2.67070000	5.76190000
2.36940000	3.60460000
2.91730000	3.26320000
3.87600000	5.22990000
8.46420000	7.94150000
12.29910000	7.39880000
10.61450000	7.31270000
5.83450000	4.92500000
4.08140000	3.73270000
3.43770000	3.31770000
2.79400000	2.95750000
2.50640000	2.68990000
2.31460000	2.48400000
2.19140000	2.33360000
2.24620000	2.18300000
2.98570000	2.12300000
3.51990000	2.00310000
3.68420000	1.91750000
3.69790000	1.85080000
2.98570000	1.79600000
2.58860000	1.74750000
2.41050000	1.70400000
2.08180000	1.66430000
1.91750000	1.62750000
1.78050000	1.59310000
1.69830000	1.56060000
1.67090000	1.52970000
1.62980000	1.50000000
1.54770000	1.47140000
1.52030000	1.44370000
1.58870000	1.41680000
7.38220000	1.50920000
6.83440000	3.16250000
4.91690000	1.76950000
3.71160000	1.31790000
15.88750000	4.06630000
10.32690000	5.42550000
5.73870000	2.77350000
4.41010000	2.22880000
3.71160000	2.02160000
5.51950000	1.93860000
7.68350000	3.89750000
5.76610000	2.59540000
4.42380000	2.13400000
3.73900000	1.95460000
3.27340000	1.81530000
2.88990000	1.70460000
2.57490000	1.61530000
2.27360000	1.54230000
2.04070000	1.48160000
1.83530000	1.43030000
1.91750000	1.40960000
1.67090000	1.34900000
1.56140000	1.33020000
1.62980000	1.29640000
1.52030000	1.26890000
1.87640000	1.26690000
1.58870000	1.21480000
1.43810000	1.17580000
1.27780000	1.15270000
1.26000000	1.14220000
1.32580000	1.13640000
1.30250000	1.08990000
1.27780000	1.10740000
1.18200000	1.07900000
1.29020000	1.05200000
1.76680000	1.19720000
2.60230000	2.18610000
2.06810000	1.24330000
1.91750000	0.97880000
4.98540000	3.52340000
4.23210000	2.38520000
2.78030000	1.23920000
2.13660000	1.21420000
2.01330000	1.14920000
1.76680000	1.09040000
3.82120000	1.33980000
3.46510000	1.48580000
2.83510000	1.28910000
3.23230000	1.22880000
2.49270000	1.11380000
2.04070000	1.08770000
1.78050000	1.03430000
1.56140000	0.99040000
1.73940000	1.01150000
1.53400000	0.92220000
1.27510000	0.89490000
1.13810000	0.87070000
1.30390000	0.89010000
1.38330000	0.85830000
1.10250000	0.81100000
0.94640000	0.79380000
0.88480000	0.77760000
0.80120000	0.76220000
0.72730000	0.74740000
0.71220000	0.74190000
0.73820000	0.71940000
0.68340000	0.70600000
0.75880000	0.73560000
0.69170000	0.68020000
1.26410000	0.71670000
2.42420000	3.10730000
1.23950000	0.85700000
0.91760000	0.63500000
0.91220000	0.63300000
0.80400000	0.61170000
0.67660000	0.60010000
0.60400000	0.58910000
0.56700000	0.57880000
0.53690000	0.56770000
0.50950000	0.56270000
0.50130000	0.54730000
0.47530000	0.53740000
0.44510000	0.53650000
0.41910000	0.51820000
0.39440000	0.50880000
0.37530000	0.49960000
0.34930000	0.49060000
0.34510000	0.51510000
0.36840000	0.48800000
0.36290000	0.46460000
0.35060000	0.47460000
0.33140000	0.44800000
0.31360000	0.44280000
0.30270000	0.48000000
0.32460000	0.44900000
4.05400000	9.19420000
2.68440000	4.25550000
2.09550000	0.60030000
1.36960000	0.52830000
0.96560000	0.69030000
0.77660000	0.62700000
0.66290000	0.57760000
1.04090000	0.62370000
4.21840000	5.91420000
3.69790000	5.11380000
2.13660000	1.83780000
1.62980000	1.85730000
1.30660000	1.59890000
1.07380000	1.40260000
0.92310000	1.25170000
0.83680000	1.16560000
0.85050000	1.05280000
0.81770000	0.98540000
0.75880000	0.92550000
0.74780000	0.88880000
0.73000000	0.83050000
0.65060000	0.79880000
0.59170000	0.77180000
0.54920000	0.75020000
0.51220000	0.72800000
0.49170000	0.72510000
0.49170000	0.70510000
0.47110000	0.67730000
0.66290000	0.75690000
0.84500000	0.64930000
0.62180000	0.63710000
0.53830000	0.62450000
0.47940000	0.61250000
0.44510000	0.60090000
0.41640000	0.58960000
0.39720000	0.57860000
0.37660000	0.56800000
0.35610000	0.55760000
0.33830000	0.54740000
0.32600000	0.53740000
0.31500000	0.53120000
0.44510000	0.62500000
0.67110000	0.50940000
0.76150000	1.19340000
1.08610000	0.49960000
0.73550000	0.48360000
3.39660000	3.00680000
3.95820000	4.08320000
2.04070000	1.54360000
1.49290000	1.31870000
1.39700000	1.16140000
1.14230000	1.01420000
1.02310000	1.08180000
1.05190000	1.00970000
0.90670000	0.89280000
0.83140000	0.95100000
0.73680000	0.87640000
0.67660000	0.81750000
0.66430000	0.77050000
1.06140000	0.90630000
1.15460000	0.75910000
0.94370000	0.90060000
0.86560000	0.86260000
1.00530000	0.78840000
0.97930000	0.83140000
0.82590000	0.78010000
0.80260000	0.73880000
0.79570000	0.73230000
0.97930000	0.68900000
0.89710000	0.70080000
0.79570000	0.73800000
0.78890000	0.70540000
0.77250000	0.71140000
1.00530000	1.82730000
2.32830000	4.19970000
2.45160000	2.29660000
2.93100000	2.89370000
12.86060000	9.61000000
5.25930000	6.38380000
3.86230000	3.11360000
3.08160000	2.75190000
2.62970000	2.40320000
2.31460000	2.13550000
2.08180000	1.92880000
1.93110000	1.76780000
1.79420000	1.64130000
1.69830000	1.54080000
1.61610000	1.45980000
3.62950000	3.40700000
3.17750000	2.56820000
2.50640000	2.04370000
2.62970000	1.87380000
2.20510000	1.72940000
2.12290000	2.54850000
2.16400000	2.38610000
2.24620000	2.25370000
3.97190000	3.51230000
5.65650000	4.90850000
3.73900000	3.26790000
3.19120000	2.63120000
2.75290000	2.36580000
2.53380000	2.25800000
2.38310000	2.08860000
2.58860000	1.93160000
3.47880000	3.20820000
2.71180000	2.99420000
2.38310000	2.38260000
2.23250000	2.19390000
3.28710000	2.03160000
2.68440000	1.90290000
2.28720000	1.79960000
1.86270000	1.71540000
2.05440000	1.64560000
1.95850000	1.58690000
1.93110000	1.53640000
1.86270000	1.49240000
1.64350000	1.45330000
1.57510000	1.41790000
1.23260000	1.38540000
1.09570000	1.35530000
1.06830000	1.32700000
1.01350000	1.30020000
1.01350000	1.27460000
1.02720000	1.25010000
1.13680000	1.22630000
0.98610000	1.20330000
0.93130000	1.18100000
0.89020000	1.15920000
0.82180000	1.13800000
0.75330000	1.11720000
0.73960000	1.09690000
0.71220000	1.07700000
0.68480000	1.05750000
0.65740000	1.03830000
0.63000000	1.01960000
0.61630000	1.00120000
0.57520000	0.98310000
0.54780000	0.96540000
0.52050000	0.94800000
0.50680000	0.93090000
0.49310000	0.91420000
0.47940000	0.89780000
0.46570000	0.88150000
0.46570000	0.86570000
0.46570000	0.85010000
0.46570000	0.83480000
0.46570000	0.81980000
0.46570000	0.80500000
0.47940000	0.79050000
0.52050000	0.77630000
0.65740000	0.76240000
0.64370000	0.74860000
0.64370000	0.73520000
0.65740000	0.72560000
0.63000000	0.71080000
0.63000000	0.69650000
0.63000000	0.68370000
0.64370000	0.67140000
0.65740000	0.65930000
0.67110000	0.64740000
0.65740000	0.63580000
0.61630000	0.62440000
0.54780000	0.61310000
0.52050000	0.60210000
0.52050000	0.59130000
0.54780000	0.58060000
1.36960000	0.75040000
2.19140000	0.99780000
1.78050000	0.91190000
1.50660000	0.91440000
1.30110000	0.84860000
1.23260000	0.78710000
1.23260000	0.73830000
1.36960000	0.69950000
4.10880000	4.44060000
3.42400000	4.04860000
2.46530000	1.78610000
2.05440000	1.69220000
1.78050000	1.49870000
1.71200000	1.34020000
1.64350000	1.21740000
1.50660000	1.12150000
1.43810000	1.04580000
1.39700000	0.98540000
1.36960000	0.93640000
1.36960000	0.89620000
1.36960000	0.86250000
1.43810000	0.83380000
1.56140000	0.80890000
3.35550000	0.96960000
4.13620000	1.23670000
2.60230000	1.11030000
2.20510000	1.12780000
1.78050000	1.04140000
1.64350000	0.97320000
1.49290000	0.91850000
1.43810000	0.87420000
1.36960000	0.83760000
1.36960000	0.80680000
1.43810000	0.78060000
1.41070000	0.75770000
1.83530000	0.73750000
7.40960000	0.96990000
6.62890000	1.35840000
3.90340000	1.19680000
2.64330000	1.22280000
2.35570000	1.11760000
2.46530000	1.02900000
2.60230000	0.95910000
2.19140000	0.90330000
1.91750000	0.86050000
2.13660000	0.82230000
1.56140000	0.79020000
1.54770000	0.76360000
1.38330000	0.74070000
1.38330000	0.72050000
1.36960000	0.70240000
1.46550000	0.69220000
1.82160000	0.70840000
2.62970000	1.43360000
3.08160000	3.93830000
5.77980000	5.16780000
7.09460000	6.74750000
9.55990000	8.99180000
11.73760000	12.11820000
11.50470000	20.40800000
6.02630000	14.20170000
5.21820000	10.38540000
4.79360000	14.65660000
4.24580000	10.33410000
3.69790000	5.71330000
3.42400000	5.08760000
3.15010000	4.56190000
2.87620000	4.07840000
2.60230000	3.70460000
2.46530000	3.41240000
2.32830000	3.18190000
2.19140000	2.99770000
2.19140000	2.89040000
2.42420000	3.23550000
3.01310000	4.46570000
3.32820000	3.66670000
14.10700000	8.98990000
9.72420000	8.76220000
6.31390000	5.06490000
5.10860000	4.05810000
4.35540000	3.81380000
3.88970000	3.49870000
4.01300000	3.25750000
16.02440000	7.46540000
8.02590000	6.55260000
5.49210000	3.86400000
4.62930000	3.62220000
4.65670000	3.38260000
4.83470000	3.15460000
4.64300000	2.96680000
4.71150000	2.84990000
3.86230000	2.70850000
3.57470000	2.64680000
4.51970000	2.60270000
4.43750000	2.48500000
3.82120000	2.49590000
3.28710000	2.41520000
3.05420000	2.34500000
3.06790000	2.30680000
2.82140000	2.22650000
2.56120000	2.17510000
2.27360000	2.12750000
2.13660000	2.08280000
2.06810000	2.04670000
1.84900000	2.00020000
1.67090000	1.96150000
1.57510000	1.92420000
2.09550000	1.94480000
3.08160000	1.91760000
2.62970000	1.84290000
2.43790000	1.79860000
2.32830000	1.76850000
2.23250000	1.74530000
4.23210000	3.61270000
3.36920000	2.31310000
4.41010000	1.97830000
10.60080000	6.89760000
5.01280000	4.77470000
4.05400000	2.78440000
4.27320000	2.56570000
6.32760000	3.64010000
5.05390000	3.18850000
4.14990000	2.59970000
5.54690000	3.63230000
4.69780000	3.38490000
3.80750000	2.70020000
3.28710000	2.51810000
2.90360000	2.33210000
2.60230000	2.18460000
2.32830000	2.06610000
2.08180000	1.96960000
1.87640000	1.88960000
2.42420000	1.88600000
2.02700000	1.76440000
1.71200000	1.71380000
1.52030000	1.66890000
1.41070000	1.62830000
2.35570000	1.66290000
1.95850000	1.56280000
1.58870000	1.52400000
1.56140000	1.51010000
1.42440000	1.46380000
1.34770000	1.45360000
1.47920000	1.44260000
1.73940000	1.43880000
1.71200000	1.38090000
1.28880000	1.33190000
1.13950000	1.30760000
1.02310000	1.28360000
0.93410000	1.26020000
0.86700000	1.23720000
0.80400000	1.21480000
0.84780000	1.19340000
1.21070000	1.19200000
1.00390000	1.16040000
0.89980000	1.16640000
2.21880000	1.31680000
2.69810000	6.90950000
1.45180000	2.98060000
1.10250000	1.07220000
0.93130000	1.04910000
0.84500000	1.02730000
0.79440000	1.00660000
1.76680000	1.29830000
1.52030000	0.96850000
1.52030000	1.01920000
1.14770000	0.96940000
0.95320000	0.94530000
0.92590000	0.94190000
0.84920000	0.90280000
0.73550000	0.88370000
0.66840000	0.86560000
0.63820000	0.86560000
0.65470000	0.83200000
0.58480000	0.81610000
0.53140000	0.80070000
0.52050000	0.78580000
0.51770000	0.77130000
0.47250000	0.75710000
0.46980000	0.75300000
0.52590000	0.74900000
0.45330000	0.71650000
0.41770000	0.70350000
0.39170000	0.69080000
0.52050000	0.74660000
0.52870000	0.66600000
0.44650000	0.68290000
1.69830000	2.85030000
0.87380000	0.75990000
0.61770000	0.62200000
0.50260000	0.61040000
0.46980000	0.59900000
0.43830000	0.58800000
0.38620000	0.57720000
0.35750000	0.56670000
0.34380000	0.57120000
0.36840000	0.54630000
0.32730000	0.53640000
0.30410000	0.52670000
0.27800000	0.51720000
1.22990000	0.65150000
9.99810000	10.74650000
4.94430000	8.64700000
2.31460000	2.17260000
1.58870000	1.75250000
1.94480000	1.73250000
2.24620000	1.80600000
1.67090000	1.52560000
3.28710000	2.68420000
2.12290000	2.28350000
1.54770000	1.85120000
1.28610000	1.63720000
1.10390000	1.47300000
0.97380000	1.34910000
0.86560000	1.24550000
0.78070000	1.16630000
0.72320000	1.10270000
0.67110000	1.05080000
0.67110000	1.03550000
0.84090000	1.03840000
1.12030000	0.96010000
0.85330000	0.91380000
0.93410000	0.93810000
0.86290000	0.86930000
0.71220000	0.85310000
0.63550000	0.83020000
0.58070000	0.81270000
0.55200000	0.79630000
0.54510000	0.78530000
0.50540000	0.76540000
0.46840000	0.75090000
0.45200000	0.73680000
0.45200000	0.72950000
0.57800000	0.75440000
0.57520000	0.69670000
0.50950000	0.71680000
0.57930000	0.67150000
0.52180000	0.65930000
0.46290000	0.64740000
0.43010000	0.63570000
0.43960000	0.66620000
0.59580000	0.65300000
0.57250000	0.60190000
0.49170000	0.59130000
0.44790000	0.58060000
0.44650000	0.61920000
0.49580000	0.56270000
0.46840000	0.57380000
0.52320000	0.67580000
0.71770000	0.53500000
0.57520000	0.52210000
0.50260000	0.51240000
0.52320000	0.53230000
0.52180000	0.49380000
0.45740000	0.48480000
0.51630000	0.61640000
0.93820000	2.15250000
0.84370000	0.69490000
0.70120000	0.61050000
0.64510000	0.55920000
1.18200000	1.51480000
1.05460000	1.26330000
0.80260000	1.08320000
0.69300000	0.95930000
0.64780000	0.87790000
1.17790000	1.86490000
1.27780000	1.58810000
1.22030000	1.36050000
2.17770000	3.43570000
3.64320000	4.81470000
2.35570000	2.60850000
1.71200000	2.09430000
1.43810000	1.82990000
1.29150000	1.62410000
2.02700000	2.44500000
2.05440000	2.13000000
1.61610000	1.76170000
1.43810000	1.59280000
1.38330000	1.47440000
13.40850000	11.02120000
6.53300000	8.13310000
3.95820000	3.24560000
3.05420000	2.92570000
2.60230000	2.57420000
2.35570000	2.30510000
2.06810000	2.09320000
1.90380000	1.92930000
1.73940000	1.79990000
1.62980000	1.69640000
1.53400000	1.61260000
1.45180000	1.54370000
1.35870000	1.48590000
1.71200000	1.67210000
2.10920000	1.46980000
1.67090000	1.62070000
1.54770000	1.53130000
2.20510000	3.26550000
6.21800000	10.63470000
3.54730000	6.99110000
2.76660000	3.36520000
2.42420000	3.04100000
2.25990000	2.70690000
3.49250000	3.52140000
5.67020000	3.40830000
4.23210000	2.70480000
3.19120000	2.60720000
2.71180000	2.38670000
2.45160000	2.21360000
2.24620000	2.07620000
2.28720000	1.99240000
2.28720000	1.87510000
2.05440000	2.03350000
1.84900000	1.92350000
1.71200000	1.83390000
1.71200000	1.76600000
1.71200000	1.69710000
1.60240000	1.64350000
1.47920000	1.59630000
1.43810000	1.55460000
1.36960000	1.51680000
2.60230000	1.48240000
3.83490000	1.45020000
2.49270000	1.42000000
2.23250000	1.39130000
1.95850000	1.36400000
1.82160000	1.33770000
1.73940000	1.31230000
1.54770000	1.28770000
1.43810000	1.26380000
1.54770000	1.24050000
1.47920000	1.21780000
0.98470000	1.19550000
1.46550000	1.17380000
1.47920000	1.15250000
1.38330000	1.13160000
2.30090000	1.11120000
2.01330000	1.09110000
1.67090000	1.07140000
5.21820000	4.82970000
10.21730000	8.93320000
12.75110000	10.55790000
6.97130000	6.65850000
4.42380000	3.58160000
3.21860000	3.24590000
2.80770000	2.86880000
2.95840000	2.57030000
5.88930000	7.44010000
8.60110000	6.59430000
4.12250000	3.33210000
3.42400000	3.11840000
2.87620000	2.81810000
2.32830000	2.57420000
2.05440000	2.38290000
1.84900000	2.23140000
1.64350000	2.10970000
1.21900000	2.01060000
1.20530000	1.92850000
1.15050000	1.85940000
1.12310000	1.80020000
1.09570000	1.74840000
1.12310000	1.70250000
1.15050000	1.66090000
1.28740000	1.62290000
1.23260000	1.58760000
2.32830000	1.56110000
2.19140000	1.52620000
1.50660000	1.49350000
1.36960000	1.46420000
1.23260000	1.43640000
1.02720000	1.40950000
1.09570000	1.38330000
1.15050000	1.35780000
1.09570000	1.33290000
1.06830000	1.30860000
1.08200000	1.28470000
1.04090000	1.26140000
1.04090000	1.23860000
1.02720000	1.21620000
1.01350000	1.19420000
0.98610000	1.17270000
0.90390000	1.15150000
0.95870000	1.13080000
1.02720000	1.13540000
1.23260000	2.27760000
1.57510000	4.03610000
1.91750000	3.61260000
1.78050000	3.61330000
1.71200000	2.34450000
1.57510000	2.32670000
1.30110000	2.15510000
1.08200000	1.95450000
1.12310000	1.79800000
1.15050000	1.67460000
1.09570000	1.57620000
0.97240000	1.49660000
0.94500000	1.43130000
0.95870000	1.37670000
1.01350000	1.33030000
1.13680000	1.29750000
1.64350000	1.26540000
1.43810000	1.23700000
1.30110000	1.19910000
0.95870000	1.16830000
0.94500000	1.14280000
0.91760000	1.11940000
0.89020000	1.09710000
0.87660000	1.07570000
1.01350000	1.05510000
1.50660000	1.31090000
6.02630000	5.61950000
11.92930000	7.80950000
8.87510000	4.65310000
4.73880000	2.81840000
6.31390000	2.85050000
5.05390000	2.92700000
3.34180000	2.42180000
2.83510000	2.23250000
2.50640000	2.03650000
2.39680000	1.88310000
2.06810000	1.76160000
1.97220000	1.66420000
1.82160000	1.58640000
1.71200000	1.52020000
1.75310000	1.46570000
1.95850000	1.43490000
2.35570000	1.63050000
2.27360000	1.79620000
1.90380000	1.56890000
1.78050000	1.57900000
1.69830000	1.48280000
1.62980000	2.57250000
1.64350000	3.22810000
1.82160000	2.02620000
2.25990000	2.00510000
5.46470000	2.18950000
5.30040000	4.11390000
3.82120000	2.94540000
2.94470000	2.37350000
2.73920000	2.20620000
2.52010000	2.02160000
2.45160000	1.88180000
2.45160000	1.98300000
2.95840000	5.93790000
4.30060000	8.80570000
6.47830000	7.82170000
5.84820000	4.53390000
5.68390000	3.52770000
5.53320000	3.13310000
5.09490000	2.81030000
3.72530000	2.65400000
3.12270000	2.55880000
2.79400000	2.36990000
2.57490000	2.22010000
2.95840000	2.13230000
2.54750000	2.00170000
2.57490000	1.94640000
2.36940000	1.85200000
2.10920000	1.79330000
4.56080000	1.76060000
12.05260000	5.92150000
6.36870000	4.79480000
4.41010000	2.64380000
3.62950000	2.49600000
3.10900000	2.29780000
2.79400000	2.14160000
2.50640000	2.01680000
2.31460000	1.91580000
2.54750000	1.83450000
3.23230000	1.83420000
3.09530000	1.74180000
2.91730000	1.67140000
2.67070000	1.60850000
2.35570000	1.56810000
2.39680000	1.53120000
3.99930000	1.81720000
2.88990000	1.46590000
2.49270000	1.43660000
2.23250000	1.40770000
1.99960000	1.38020000
1.80790000	1.35360000
1.61610000	1.32800000
1.47920000	1.30320000
1.36960000	1.27900000
1.25460000	1.25550000
1.17920000	1.23250000
1.38330000	1.26010000
1.16420000	1.18800000
1.05730000	1.16640000
0.96830000	1.14530000
0.88480000	1.12460000
0.80260000	1.10430000
0.74780000	1.08430000
0.70120000	1.06480000
0.74640000	1.06890000
0.97520000	1.08390000
1.10390000	1.01700000
0.83820000	0.99010000
0.79850000	0.97230000
1.15050000	1.01290000
1.10390000	0.96600000
0.83680000	0.92070000
0.68750000	0.90410000
0.65600000	0.90410000
0.68480000	0.90240000
0.64100000	0.86650000
0.57390000	0.84070000
0.52320000	0.82560000
0.48350000	0.81070000
0.44790000	0.79610000
0.42320000	0.78180000
0.50540000	0.80270000
0.54650000	0.79750000
0.49990000	0.74040000
0.44380000	0.72700000
0.63550000	0.79010000
0.78070000	1.44450000
0.69170000	0.68960000
0.53550000	0.67770000
0.45060000	0.66520000
0.38900000	0.65300000
0.34790000	0.64120000
0.32190000	0.62950000
0.30540000	0.61810000
0.29040000	0.60690000
0.27800000	0.59590000
0.26160000	0.58520000
0.24520000	0.57460000
0.22460000	0.56420000
0.22050000	0.56390000
0.22320000	0.54410000
0.21910000	0.53440000
0.20410000	0.52460000
0.20270000	0.51520000
0.20270000	0.52580000
0.20540000	0.52090000
0.21780000	0.51270000
0.33420000	0.52630000
0.76420000	1.22360000
0.40950000	0.46390000
0.29170000	0.45950000
0.25200000	0.44720000
0.23420000	0.43890000
0.31640000	0.49000000
0.36980000	0.42290000
0.28620000	0.41520000
0.22870000	0.40760000
0.20820000	0.40020000
0.18900000	0.39300000
0.17800000	0.38590000
0.16850000	0.37890000
0.16160000	0.37210000
0.15610000	0.41720000
0.17260000	0.35880000
0.18630000	0.35240000
0.16300000	0.34590000
0.17800000	0.40100000
0.21640000	0.33360000
0.19040000	0.32760000
0.16300000	0.32170000
0.14790000	0.32120000
0.13700000	0.31020000
0.13010000	0.30460000
0.12330000	0.29920000
0.12190000	0.30870000
0.19720000	0.40560000
0.30820000	0.28640000
0.24380000	0.27910000
0.20540000	0.27390000
0.17530000	0.26890000
0.87380000	3.14520000
0.84370000	0.26700000
0.45880000	0.28970000
0.35750000	0.25260000
0.28210000	0.24780000
0.23970000	0.24300000
0.21500000	0.23840000
0.20540000	0.23380000
0.18900000	0.23110000
0.25470000	0.32010000
0.74920000	3.47940000
0.71360000	2.32560000
0.64370000	0.23040000
0.46840000	0.21330000
0.34930000	0.20880000
0.28620000	0.20460000
0.24110000	0.20050000
0.21780000	0.19660000
0.20820000	0.19290000
0.19450000	0.18930000
0.17530000	0.18580000
0.18220000	0.28120000
0.27800000	0.22250000
0.30410000	0.17630000
0.23970000	0.17340000
0.20960000	0.17010000
0.20270000	0.19070000
0.20540000	0.16380000
0.18900000	0.16080000
0.16980000	0.15780000
0.15750000	0.15500000
0.14790000	0.15210000
0.14650000	0.22740000
0.21500000	0.14670000
0.24110000	0.14400000
0.20410000	0.16680000
0.18900000	0.13880000
0.49850000	2.67860000
0.80530000	1.26630000
0.55880000	0.13460000
0.42460000	0.98080000
1.26410000	2.33670000
0.76420000	1.07420000
0.55060000	0.91890000
0.45470000	0.80320000
0.39860000	0.70040000
0.69300000	3.90170000
2.06810000	5.03590000
1.26550000	2.27800000
0.89020000	1.83580000
0.69990000	1.59450000
0.60130000	1.38530000
0.54650000	1.22490000
0.86560000	1.39320000
1.25590000	1.62790000
0.95460000	1.40520000
0.80940000	1.23280000
2.04070000	4.41230000
4.06770000	6.49280000
2.20510000	3.08990000
1.57510000	2.44040000
1.29020000	2.13600000
1.15600000	1.92500000
1.36140000	2.84980000
1.71200000	2.50300000
1.43810000	2.03750000
1.26280000	1.84510000
1.34770000	2.95220000
2.12290000	2.66290000
1.97220000	2.16040000
1.82160000	1.94060000
1.60240000	1.99340000
1.43810000	1.81540000
1.31350000	1.71030000
1.21900000	1.60200000
1.13270000	1.51500000
1.06010000	1.44420000
1.00390000	1.38550000
0.95740000	1.33600000
0.92860000	1.31180000
0.91220000	1.25650000
0.86290000	1.22350000
0.82590000	1.19370000
0.79160000	1.16640000
0.76290000	1.14110000
0.73820000	1.11730000
0.70810000	1.09470000
0.67930000	1.07320000
0.65880000	1.05250000
0.64100000	1.03250000
0.62730000	1.01340000
0.61220000	0.99450000
0.58480000	0.97620000
0.56980000	1.00390000
0.84500000	0.94080000
0.90940000	0.92370000
0.85460000	0.90700000
0.83680000	0.90650000
1.06280000	3.03860000
1.30930000	1.94420000
1.13810000	1.59150000
1.00120000	1.44470000
0.97240000	1.32350000
0.94230000	1.24030000
0.90670000	1.15670000
1.38330000	3.87320000
2.32830000	3.30340000
2.20510000	1.93870000
1.89010000	1.78190000
1.60240000	1.80440000
1.42440000	1.63360000
1.33540000	1.52520000
1.33950000	1.40020000
1.31480000	1.55050000
1.28740000	1.47260000
1.26000000	1.37530000
1.23260000	1.29730000
1.15050000	1.23390000
0.96010000	1.18180000
0.94370000	1.13800000
0.98340000	1.10070000
1.15180000	1.09070000
1.75310000	1.04810000
1.84900000	1.19440000
1.68460000	1.23550000
1.54770000	1.47210000
1.86270000	4.72770000
3.42400000	4.81010000
2.32830000	2.92080000
1.57510000	2.35770000
1.27370000	2.12050000
1.21900000	1.91010000
1.19160000	1.74600000
1.16420000	1.61720000
1.09570000	1.51510000
1.02720000	1.43310000
0.97240000	1.36620000
0.91760000	1.31080000
0.87660000	1.26410000
0.95870000	1.22400000
1.04090000	1.18900000
1.09840000	1.15790000
3.17750000	1.12970000
2.43790000	1.10390000
1.65720000	1.07990000
1.50660000	1.05740000
1.52030000	1.03610000
1.54770000	1.01570000
1.95850000	1.00570000
2.42420000	0.98660000
1.99960000	0.97970000
1.67090000	1.04940000
1.29570000	1.02510000
1.19160000	0.98960000
1.05460000	0.95910000
0.90390000	0.93220000
0.89020000	0.90830000
1.32850000	1.16020000
3.47880000	1.59920000
2.04070000	1.36910000
1.34220000	1.31720000
1.26000000	1.22560000
1.17790000	1.14250000
1.15050000	1.07620000
1.12310000	1.02250000
1.09570000	0.97840000
1.06830000	0.94150000
1.94480000	1.78670000
2.61600000	1.67410000
1.50660000	1.42670000
1.28740000	1.38470000
1.17790000	1.27940000
1.15050000	1.18610000
1.16830000	1.11210000
1.16550000	1.05260000
1.13680000	1.00400000
1.11620000	0.96370000
0.87660000	0.92950000
0.79440000	0.90030000
0.75330000	0.87490000
0.73960000	0.85210000
0.71220000	0.83150000
0.68480000	0.81260000
0.67110000	0.79500000
0.65740000	0.77850000
0.63000000	0.76280000
0.61630000	0.74780000
0.61630000	0.73340000
0.60260000	0.71950000
0.63000000	0.70610000
0.65740000	0.69300000
0.75470000	0.68020000
0.89850000	0.66770000
0.96830000	0.65620000
1.26960000	0.66030000
1.54770000	0.63900000
1.32170000	0.62150000
1.07650000	0.60930000
0.98340000	0.59830000
0.93130000	0.58750000
0.89980000	0.57690000
0.82180000	0.56650000
0.79440000	0.55630000
0.76700000	0.54640000
0.72590000	0.53640000
0.65740000	0.52680000
0.65740000	0.51730000
0.67110000	0.50800000
0.71220000	0.49890000
0.74780000	0.48990000
0.77930000	0.48110000
0.85190000	0.50950000
1.28060000	0.50100000
2.09550000	0.64890000
15.06570000	8.12680000
13.83310000	5.71580000
4.24580000	2.14820000
2.87620000	1.97960000
2.46530000	1.71180000
2.05440000	1.50690000
1.84900000	1.34920000
1.64350000	1.22700000
1.43810000	1.13150000
1.36960000	1.05600000
1.30110000	0.99570000
1.12310000	0.94680000
1.09570000	0.90650000
0.93130000	0.87280000
0.95870000	0.84400000
1.09840000	0.81900000
10.76510000	4.43340000
7.32740000	5.10700000
4.04030000	4.32100000
3.21860000	2.74450000
3.16380000	2.21420000
2.80770000	1.94930000
2.90360000	1.75850000
2.52010000	1.58360000
2.16400000	1.45810000
2.08180000	1.35980000
1.84900000	1.28210000
2.19140000	1.22070000
2.69810000	1.16990000
3.27340000	1.15050000
3.27340000	1.30190000
3.56100000	4.12840000
2.84880000	6.35310000
2.62970000	3.19410000
2.34200000	2.47220000
2.35570000	2.20180000
2.30090000	1.97480000
2.16400000	2.16190000
1.94480000	2.49510000
2.54750000	3.56870000
5.94410000	8.67720000
10.86100000	12.50600000
10.36790000	7.66560000
9.12160000	4.47210000
8.51900000	4.25460000
8.53270000	5.06210000
5.58800000	4.28100000
4.49230000	3.40180000
3.79380000	3.07040000
3.35550000	2.80370000
3.06790000	2.59470000
2.86250000	2.43500000
3.38290000	2.34880000
6.20430000	3.24550000
4.42380000	2.91970000
3.50620000	2.28770000
3.04050000	2.30520000
2.71180000	2.18190000
2.49270000	2.08130000
2.41050000	2.01970000
2.35570000	1.92740000
2.58860000	1.88830000
2.17770000	1.81380000
1.97220000	1.76660000
2.04070000	1.75060000
1.82160000	1.68460000
1.84900000	1.67090000
1.87640000	1.63050000
1.65720000	1.58400000
1.53400000	1.55030000
1.39700000	1.52050000
1.27780000	1.49170000
1.18060000	1.46370000
1.08340000	1.43650000
1.00670000	1.41010000
1.11080000	1.41710000
1.08060000	1.35900000
0.99840000	1.33420000
0.99570000	1.33910000
1.00260000	1.28630000
0.90390000	1.26300000
1.12580000	1.30040000
5.24560000	5.50380000
3.46510000	3.71310000
2.25990000	1.17840000
1.68460000	1.15690000
1.38330000	1.13550000
2.13660000	1.18560000
2.61600000	1.11310000
1.91750000	1.09090000
1.60240000	1.05510000
1.30250000	1.03590000
1.12860000	1.01710000
1.00390000	0.99860000
0.90120000	0.98060000
0.78890000	0.96290000
0.70260000	0.94550000
0.63410000	0.92840000
0.60130000	0.91170000
0.56840000	0.89520000
0.53410000	0.87910000
0.54240000	0.88490000
0.61910000	0.87900000
0.58760000	0.83240000
0.52320000	0.81840000
0.49030000	0.80270000
0.52590000	0.81190000
0.53960000	0.77410000
0.49580000	0.78160000
0.50950000	0.77600000
0.47660000	0.73310000
0.42870000	0.71990000
0.37250000	0.71190000
0.32600000	0.69420000
0.30540000	0.68170000
0.43830000	0.73920000
0.60130000	0.68010000
0.55330000	0.68520000
0.44240000	0.63390000
0.35610000	0.62300000
0.36570000	0.65940000
0.44920000	0.62750000
0.37800000	0.62720000
0.36430000	0.57920000
0.34650000	0.59970000
0.45610000	0.57660000
0.59300000	0.59960000
0.54650000	0.54190000
0.42180000	0.53020000
0.36290000	0.56020000
0.41500000	0.51400000
0.57250000	0.55810000
0.44380000	0.54910000
0.46700000	0.48420000
0.36430000	0.47560000
0.37940000	0.49630000
0.35470000	0.45830000
0.30820000	0.45000000
0.29040000	0.44180000
0.27390000	0.43380000
0.25750000	0.42590000
0.24240000	0.41820000
0.28080000	0.45240000
1.05870000	1.76770000
0.95740000	0.42460000
0.59850000	0.39090000
0.74370000	1.31010000
0.75330000	1.33040000
0.53280000	0.37170000
0.40950000	0.36480000
0.33830000	0.35780000
0.36570000	0.40760000
0.48900000	0.34530000
0.38620000	0.33810000
0.32730000	0.33190000
0.29040000	0.32580000
0.28760000	0.38380000
0.55060000	0.34290000
0.51910000	0.30830000
0.43420000	0.30330000
0.44240000	0.32550000
0.59170000	0.31760000
0.54920000	0.28690000
0.43420000	0.28200000
0.35610000	0.27680000
0.32050000	0.27180000
0.30270000	0.26680000
0.28350000	0.26200000
0.26840000	0.25720000
0.25340000	0.25260000
0.26430000	0.27820000
0.27670000	0.29350000
0.33830000	0.23920000
0.29040000	0.24520000
0.25200000	0.23060000
0.22740000	0.22650000
0.23830000	0.22240000
1.62980000	1.94850000
0.99980000	0.27470000
0.63140000	0.21320000
0.50540000	0.20890000
0.43960000	0.20480000
0.38210000	0.20610000
0.34510000	0.19710000
1.17790000	0.98910000
0.83410000	0.26580000
0.57110000	0.18800000
0.47250000	0.18430000
0.40400000	0.18080000
0.35200000	0.17730000
0.33830000	0.20360000
0.33830000	0.17080000
0.35610000	0.22720000
0.45060000	0.16450000
0.34100000	0.16190000
0.32600000	0.19540000
2.05440000	3.71580000
1.21070000	2.13130000
0.80810000	1.00340000
0.65600000	0.85960000
0.73550000	0.77910000
0.75740000	0.65620000
0.61910000	0.65020000
0.52870000	0.58190000
0.48620000	0.53010000
0.46160000	0.48780000
0.43960000	0.45520000
0.41500000	0.42910000
0.37660000	0.40800000
0.35200000	0.39060000
0.34240000	0.37600000
0.33830000	0.36360000
0.33280000	0.35280000
0.58760000	0.52510000
0.75740000	0.33530000
0.56560000	0.54100000
0.50130000	0.49410000
0.47110000	0.45090000
0.44920000	0.42200000
0.52590000	0.43580000
0.68890000	0.68110000
0.71220000	0.66920000
0.62180000	0.75230000
0.68210000	0.80830000
0.64780000	0.76600000
0.63690000	0.81010000
0.61080000	0.78880000
0.60670000	0.73880000
1.10390000	2.60550000
1.08200000	1.43890000
0.87240000	1.21760000
0.75880000	1.07630000
0.69440000	0.96110000
0.66020000	0.87740000
0.63140000	0.80240000
0.59300000	0.74760000
0.56020000	0.70380000
0.86830000	0.66860000
1.58870000	0.67420000
1.83530000	3.35150000
1.71200000	6.19670000
1.53400000	2.69850000
1.20660000	2.12170000
1.01630000	1.84270000
0.86970000	1.62100000
0.92170000	1.45070000
1.38330000	1.51690000
3.98560000	4.56620000
3.34180000	2.67750000
2.15030000	2.11760000
1.69830000	1.88410000
1.45180000	1.69420000
1.33540000	1.54670000
1.18060000	1.43120000
0.95600000	1.33960000
1.08060000	1.26620000
1.35450000	1.24100000
4.51970000	5.54410000
4.80730000	4.91530000
3.24600000	2.93410000
3.27340000	2.80790000
3.99930000	2.76890000
2.99940000	2.33270000
2.47900000	2.32700000
2.13660000	2.09740000
1.90380000	1.91890000
1.73940000	1.77870000
1.64350000	1.67240000
1.54770000	1.57840000
1.45180000	1.50540000
1.21480000	1.44490000
1.28880000	1.39380000
1.06830000	1.35000000
0.73960000	1.31160000
0.72590000	1.27740000
1.05460000	1.24650000
1.19020000	1.21810000
1.06690000	1.19170000
0.92450000	1.16690000
0.87240000	1.14340000
0.90260000	1.12100000
0.99300000	1.11040000
1.90380000	1.94950000
1.36280000	1.80190000
1.31480000	1.53060000
1.28880000	1.43520000
0.97650000	1.34390000
1.12440000	1.27060000
0.95740000	1.21090000
0.47940000	1.16140000
0.46570000	1.11980000
0.54780000	1.08410000
0.66430000	1.05290000
0.98610000	1.02520000
1.79420000	1.22120000
2.76660000	1.68870000
2.90360000	1.81790000
1.39700000	1.56650000
0.97240000	1.49900000
1.34220000	1.39240000
2.56120000	5.81120000
3.23230000	5.21520000
2.15030000	2.43730000
1.76680000	2.33540000
1.15050000	2.07870000
0.79440000	1.88040000
0.75330000	1.72580000
0.72590000	1.60420000
0.69850000	1.50740000
0.71220000	1.42940000
0.73960000	1.36550000
0.71220000	1.31220000
0.68480000	1.26710000
0.65740000	1.22820000
0.63000000	1.19400000
0.73960000	1.16350000
1.00260000	1.13570000
1.01760000	1.11020000
1.29700000	1.09350000
1.28470000	1.07240000
1.60240000	1.25620000
1.46550000	1.18640000
1.13130000	1.36610000
1.02720000	1.34240000
0.90390000	1.25880000
0.68480000	1.19160000
0.58890000	1.13680000
0.57520000	1.09120000
0.56150000	1.05280000
0.54780000	1.01980000
0.54780000	0.99090000
0.53410000	0.96510000
0.52050000	0.94180000
0.50680000	0.92040000
0.53410000	0.90050000
0.54780000	0.88180000
0.57520000	0.86400000
0.54780000	0.84710000
0.53410000	0.83080000
0.57520000	0.81500000
0.56150000	0.79970000
0.53410000	0.78490000
0.52050000	0.77050000
0.53410000	0.75630000
0.52050000	0.74250000
0.50680000	0.72900000
0.49310000	0.71580000
0.50680000	0.70280000
0.52050000	0.69010000
0.50680000	0.67770000
0.49310000	0.66550000
0.47940000	0.65350000
0.46570000	0.64170000
0.47940000	0.63010000
0.49310000	0.61880000
0.49310000	0.60770000
0.47940000	0.59670000
0.47940000	0.58590000
0.46570000	0.57540000
0.46570000	0.56500000
0.45200000	0.55490000
0.46570000	0.54490000
0.47940000	0.53510000
0.47940000	0.52550000
0.47940000	0.51600000
0.46570000	0.50670000
0.45200000	0.49760000
0.42460000	0.48870000
0.39720000	0.47990000
0.41090000	0.47120000
0.42460000	0.46280000
0.43830000	0.45440000
0.45200000	0.44630000
0.46570000	0.43820000
0.45200000	0.43030000
0.45200000	0.42260000
0.47940000	0.41500000
0.47940000	0.40750000
0.50680000	0.40020000
0.56150000	0.39300000
0.82180000	0.38590000
1.43810000	0.37900000
2.60230000	0.47230000
5.75240000	8.01140000
12.60040000	13.62320000
10.94320000	9.04260000
7.28630000	4.85120000
4.67040000	3.49080000
3.64320000	2.81160000
3.05420000	2.47700000
2.91730000	2.16850000
3.57470000	1.94650000
4.38280000	2.00750000
5.28670000	2.21060000
7.10830000	4.94000000
10.24470000	8.35410000
14.65480000	12.05990000
11.14860000	9.75310000
11.09380000	7.12900000
8.82030000	5.89890000
8.20400000	4.73980000
8.86140000	5.23420000
16.98320000	8.25920000
10.08030000	6.47970000
6.42350000	4.05970000
5.71130000	3.72040000
5.21820000	3.35920000
5.25930000	3.10610000
10.27210000	4.80400000
6.83440000	5.04730000
5.49210000	3.18700000
5.41000000	3.21160000
4.87580000	3.44360000
3.93080000	2.90300000
3.43770000	2.82460000
3.08160000	2.65570000
2.79400000	2.51940000
2.53380000	2.40770000
2.30090000	2.31460000
2.09550000	2.23560000
1.97220000	2.16730000
1.95850000	2.12740000
1.94480000	2.07300000
1.73940000	2.00480000
1.57510000	1.95990000
1.45180000	1.91800000
1.38330000	1.87840000
1.35450000	1.86520000
1.32850000	1.83370000
1.23400000	1.77040000
1.12440000	1.73690000
1.14360000	1.74800000
1.04910000	1.67290000
0.94910000	1.64210000
0.90260000	1.61230000
0.92590000	1.59930000
1.34360000	1.60170000
1.19160000	1.52570000
1.03410000	1.50350000
0.90530000	1.47100000
1.16830000	1.49340000
1.14910000	1.41840000
0.99160000	1.40340000
0.96010000	1.36910000
0.91760000	1.35350000
0.88480000	1.33230000
0.79850000	1.29510000
1.50660000	1.46380000
1.54770000	1.26130000
1.13680000	1.22750000
0.93680000	1.20520000
0.83140000	1.18330000
1.15600000	1.23090000
1.41070000	1.15730000
1.07790000	1.12040000
1.01630000	1.13590000
1.12310000	1.11300000
0.99430000	1.06180000
0.88200000	1.04370000
0.78750000	1.02340000
0.69170000	1.00490000
0.62040000	0.98680000
0.87110000	1.04290000
0.77520000	0.95150000
0.63280000	0.93430000
0.59170000	0.92930000
0.59850000	0.90410000
0.73960000	0.92030000
0.92720000	0.89360000
1.08750000	0.89250000
0.77790000	0.83780000
0.61910000	0.82280000
0.53960000	0.80790000
0.50950000	0.79350000
0.52320000	0.80310000
0.51500000	0.80110000
0.51630000	0.75130000
0.43960000	0.73780000
0.38350000	0.72450000
0.35470000	0.71910000
0.36980000	0.69860000
0.35060000	0.68610000
0.31910000	0.67370000
0.30130000	0.66160000
0.28620000	0.64970000
0.27530000	0.63920000
0.26430000	0.62650000
0.24790000	0.61520000
0.23560000	0.60410000
0.23690000	0.61190000
0.23690000	0.58260000
0.22050000	0.57470000
0.20960000	0.56180000
0.20540000	0.55550000
0.20000000	0.54180000
0.19590000	0.53200000
0.18900000	0.52240000
0.18900000	0.51300000
0.19720000	0.53910000
0.20820000	0.51020000
0.20410000	0.48580000
0.19170000	0.47710000
0.17260000	0.46850000
0.17390000	0.50110000
0.25200000	0.51250000
0.31640000	0.46380000
0.33830000	0.50130000
0.47110000	1.15690000
0.41360000	0.42610000
0.29860000	0.41510000
0.29450000	0.43940000
0.28620000	0.39940000
0.23970000	0.41270000
0.22740000	0.38480000
0.20270000	0.37780000
0.19450000	0.38000000
0.19310000	0.36420000
0.19040000	0.35780000
0.17260000	0.35110000
0.16710000	0.35500000
0.16980000	0.33850000
0.19040000	0.34580000
0.20270000	0.32650000
0.21910000	0.33390000
0.42730000	0.43090000
0.38760000	0.34060000
0.38080000	0.33710000
0.33420000	0.33230000
0.69990000	1.70030000
0.56150000	0.29110000
0.36160000	0.28580000
0.29720000	0.28010000
0.70950000	0.38050000
0.60670000	0.27030000
0.39310000	0.26580000
0.30950000	0.26070000
0.26710000	0.25570000
0.23560000	0.25080000
0.21500000	0.24620000
0.23280000	0.29800000
0.28210000	0.23720000
0.24110000	0.23900000
0.26840000	0.29920000
0.42180000	0.23190000
0.31230000	0.22090000
0.29040000	0.25700000
0.29580000	0.21280000
0.26430000	0.21060000
0.26160000	0.86450000
0.35340000	0.25500000
0.36710000	0.20050000
0.30270000	0.19630000
0.26710000	0.19240000
0.23830000	0.18870000
0.21780000	0.21420000
0.23560000	0.18170000
0.26160000	0.20700000
0.27530000	0.18560000
0.24930000	0.17180000
0.22190000	0.16860000
0.20960000	0.16560000
0.20960000	0.16960000
0.25610000	0.20300000
0.30950000	0.15670000
0.29450000	0.21540000
0.62590000	1.01940000
0.96560000	2.02520000
0.84640000	0.65110000
0.57520000	0.61220000
0.46290000	0.52100000
0.39580000	0.45530000
0.63550000	0.54560000
0.82450000	0.78890000
1.24500000	2.35820000
1.02580000	1.42710000
0.74370000	1.20220000
0.61770000	1.03120000
0.54100000	0.90060000
0.49170000	0.83100000
0.46840000	0.72300000
0.43960000	0.66270000
0.53140000	0.79510000
0.57800000	0.73580000
0.49850000	0.92360000
0.46020000	0.82850000
0.43550000	0.75740000
0.42590000	0.70910000
0.43690000	0.65130000
0.40130000	0.61470000
0.43010000	0.63220000
1.21210000	1.92980000
0.96280000	0.96370000
0.74780000	1.12420000
0.64370000	0.99940000
0.57520000	0.90300000
0.53410000	0.82790000
0.52460000	0.78700000
0.56150000	0.72200000
0.51500000	0.68420000
0.53550000	0.77960000
0.70400000	2.83210000
0.79440000	1.70550000
0.65470000	1.42040000
0.61220000	1.25830000
0.71360000	1.32700000
2.71180000	3.49270000
2.34200000	2.17040000
1.47920000	1.77100000
1.15730000	1.56860000
0.99710000	1.40750000
0.89020000	1.28260000
0.83000000	1.18700000
0.79440000	1.10740000
0.75740000	1.05330000
0.95320000	1.01270000
1.03540000	0.95350000
0.89020000	1.00830000
1.10390000	1.19390000
1.08200000	1.13080000
0.97520000	1.34030000
0.88750000	1.21950000
0.80530000	1.19990000
0.76010000	1.12250000
0.72450000	1.05010000
0.63140000	1.02550000
0.46980000	0.97590000
0.61630000	0.93510000
1.04360000	1.09870000
3.58840000	5.05940000
1.95850000	2.59150000
1.34770000	2.03940000
1.15320000	1.80910000
1.19840000	1.62180000
1.19160000	1.48750000
1.29570000	3.52660000
1.45180000	2.52190000
1.27370000	2.01860000
1.18750000	1.81560000
1.05320000	1.67460000
1.01760000	1.54180000
2.47900000	2.64500000
2.09550000	2.40600000
1.35590000	1.94890000
1.50660000	1.77870000
1.49290000	1.63640000
1.58870000	1.52420000
1.26280000	1.43460000
1.06830000	1.36220000
1.25590000	1.30300000
1.12310000	1.25340000
1.16690000	1.23230000
2.15030000	4.11830000
1.54770000	2.53930000
0.89020000	2.02370000
0.68480000	1.87210000
0.63000000	1.71380000
0.60260000	1.58740000
0.65740000	1.48710000
0.86560000	1.40660000
0.83550000	1.34100000
0.82180000	1.28660000
0.79440000	1.24080000
0.72590000	1.20150000
0.69850000	1.16710000
0.64370000	1.13650000
0.61630000	1.10890000
0.60260000	1.08350000
0.58890000	1.06000000
0.57520000	1.03790000
0.57520000	1.01690000
0.56150000	0.99690000
0.54780000	0.97770000
0.54780000	0.95920000
0.54780000	0.94120000
0.53410000	0.92370000
0.52050000	0.90670000
0.50680000	0.89010000
0.50680000	0.87380000
0.49310000	0.85790000
0.47940000	0.84240000
0.47940000	0.82710000
0.46570000	0.81220000
0.46570000	0.79750000
0.46570000	0.78310000
0.45200000	0.76900000
0.43830000	0.75510000
0.42460000	0.74150000
0.42460000	0.72820000
0.54780000	0.71510000
0.82180000	0.70220000
1.50660000	0.68950000
0.98610000	0.67710000
0.71220000	0.66490000
0.73960000	0.65300000
0.71220000	0.64120000
0.68480000	0.62970000
0.64370000	0.61830000
0.63000000	0.60720000
0.63000000	0.59630000
0.61630000	0.58560000
0.63000000	0.57500000
0.61630000	0.56470000
0.58890000	0.55450000
0.56150000	0.54450000
0.54780000	0.53470000
0.53410000	0.52510000
0.52050000	0.51570000
0.50680000	0.50640000
0.49310000	0.49730000
0.52050000	0.48830000
0.52050000	0.47960000
0.61630000	0.47090000
1.23260000	0.46250000
2.46530000	0.45420000
1.78050000	0.44600000
1.43810000	0.43800000
1.27370000	0.43010000
1.15050000	0.42240000
1.02720000	0.41480000
1.06830000	0.40730000
1.01350000	0.40000000
0.95870000	0.39280000
0.90390000	0.38570000
0.84920000	0.37880000
0.82180000	0.37200000
0.79440000	0.36530000
0.79440000	0.35870000
0.76700000	0.35230000
0.76700000	0.34590000
0.82180000	0.33970000
1.04090000	0.33360000
0.93130000	0.32760000
0.84920000	0.32170000
0.86290000	0.31590000
0.89020000	0.31020000
1.02720000	0.30460000
1.01350000	0.29920000
0.98610000	0.29380000
0.90390000	0.28850000
0.95870000	0.28330000
0.91760000	0.27820000
0.98610000	0.27320000
1.17790000	0.27880000
1.64350000	0.30900000
2.53380000	0.31770000
2.19140000	0.27280000
1.98590000	0.25230000
1.84900000	0.31770000
1.78050000	0.33110000
1.71200000	0.24400000
1.78050000	0.23420000
1.91750000	0.23800000
2.19140000	0.22940000
2.36940000	0.23180000
4.17730000	1.83280000
4.56080000	2.63210000
8.27240000	4.83690000
15.75050000	7.09210000
8.94350000	4.15390000
6.56040000	2.37530000
7.01240000	2.43690000
8.80660000	5.26370000
7.99850000	4.99360000
12.76480000	7.33060000
21.09200000	13.18800000
16.29840000	13.51400000
22.32460000	15.34820000
16.57230000	18.44300000
9.90230000	13.17800000
7.88900000	8.39210000
8.57380000	9.65890000
6.56040000	8.08030000
5.39630000	5.29060000
4.64300000	4.87650000
4.58820000	4.40880000
5.75240000	6.82680000
7.50550000	8.53680000
6.45090000	7.00400000
6.21800000	4.51370000
4.38280000	4.35120000
3.72530000	3.97500000
5.57430000	3.75980000
5.49210000	4.27110000
4.01300000	3.39480000
3.36920000	3.35470000
2.99940000	3.17780000
2.75290000	3.03320000
2.61600000	2.93430000
3.16380000	2.86960000
3.46510000	2.74600000
2.80770000	2.65170000
2.46530000	2.57920000
2.39680000	2.53090000
2.47900000	2.47790000
2.12290000	2.40710000
1.89010000	2.35720000
2.71180000	2.36270000
4.54710000	2.71490000
3.39660000	2.78960000
2.79400000	2.18120000
2.42420000	2.13930000
2.12290000	2.09940000
1.89010000	2.06060000
1.71200000	2.02270000
1.53400000	1.98580000
1.50660000	1.96640000
1.87640000	1.96420000
3.43770000	2.14170000
2.35570000	1.84600000
1.93110000	1.81310000
1.69830000	1.78030000
1.50660000	1.74790000
1.56140000	1.75430000
1.49290000	1.68780000
1.46550000	1.67560000
1.27240000	1.62500000
1.11620000	1.59570000
1.01210000	1.56690000
0.97380000	1.55440000
0.92450000	1.51150000
0.82860000	1.48380000
0.74370000	1.45710000
0.67520000	1.43090000
0.69710000	1.44470000
0.98470000	1.43810000
1.20390000	2.13630000
1.06970000	1.33140000
0.80670000	1.30820000
0.68750000	1.28440000
0.61630000	1.26110000
0.72730000	1.26710000
0.67250000	1.21580000
0.56840000	1.21060000
0.60950000	1.18470000
0.53000000	1.15670000
0.47940000	1.13040000
0.48900000	1.13120000
0.56150000	1.10440000
0.52730000	1.08310000
1.23540000	1.13100000
1.73940000	2.22830000
1.08470000	1.28080000
0.90670000	1.00090000
0.72730000	0.97980000
0.61630000	0.97840000
0.54240000	0.94420000
0.48210000	0.92700000
0.44100000	0.91720000
0.50130000	0.94940000
0.49850000	0.89860000
0.45470000	0.86160000
0.57800000	0.91790000
0.49580000	0.83080000
0.38760000	0.81640000
0.33970000	0.80160000
0.31770000	0.78700000
0.30950000	0.77280000
0.34930000	0.79090000
0.32870000	0.74510000
0.33280000	0.76540000
0.35340000	0.76410000
0.36570000	0.70550000
0.33010000	0.69280000
0.45610000	0.79720000
1.12860000	1.61020000
0.97110000	0.80430000
0.68070000	0.64650000
0.50130000	0.65040000
0.49440000	0.66440000
0.52180000	0.64550000
0.85330000	1.57220000
0.70810000	0.59070000
1.01080000	0.60920000
0.59440000	0.56970000
0.48070000	0.55920000
0.68620000	0.58270000
0.57930000	0.53880000
0.68750000	0.66930000
1.19840000	0.66200000
0.72590000	0.51100000
0.53410000	0.50190000
0.46840000	0.49270000
0.40540000	0.49020000
0.35750000	0.47480000
0.32870000	0.46620000
0.31360000	0.45770000
0.64650000	0.54330000
0.89300000	0.44540000
0.56290000	0.43340000
0.45610000	0.42560000
3.56100000	2.04340000
4.17730000	6.18570000
1.91750000	2.84150000
3.24600000	1.41480000
4.88950000	5.23940000
2.45160000	3.79640000
1.61610000	2.09190000
1.24910000	1.80780000
1.09570000	1.59420000
0.96690000	1.42750000
0.88480000	1.28030000
0.77110000	1.17840000
0.65880000	1.09530000
0.59440000	1.03030000
0.70400000	1.01850000
0.70400000	0.94140000
0.58210000	0.89880000
0.53410000	0.86830000
0.49850000	0.84200000
0.49990000	0.83270000
0.49720000	0.81390000
0.61910000	0.80690000
0.57930000	0.76550000
0.52870000	0.74800000
0.45470000	0.73020000
0.43550000	0.71550000
0.42730000	0.72490000
0.59990000	0.74350000
0.75050000	0.67510000
0.55470000	0.66290000
0.51770000	0.66500000
0.49850000	0.63860000
0.42590000	0.62680000
0.38620000	0.61540000
0.36430000	0.60420000
0.34650000	0.59320000
0.60810000	0.64220000
2.24620000	2.29740000
1.29980000	0.80870000
0.98610000	0.55440000
0.90120000	0.56110000
2.38310000	2.36100000
1.91750000	2.23220000
1.82160000	1.23180000
1.46550000	1.16780000
1.18470000	1.22350000
1.01900000	1.09360000
0.92170000	0.99290000
0.85740000	0.91430000
0.79850000	0.85670000
0.74780000	0.80280000
0.69580000	0.76270000
0.65880000	0.72980000
0.66970000	0.74510000
0.66840000	0.67880000
0.61220000	0.65850000
0.58620000	0.64050000
0.57660000	0.62440000
0.55610000	0.60980000
0.53410000	0.59620000
0.51630000	0.58360000
0.51220000	0.57160000
0.51630000	0.57130000
0.54370000	0.56550000
0.62730000	0.56130000
0.62040000	0.52870000
0.56700000	0.51890000
0.53830000	0.50930000
0.51220000	0.49990000
0.49440000	0.49080000
0.48480000	0.48180000
0.46570000	0.47310000
0.45330000	0.46450000
0.44240000	0.45610000
0.43420000	0.44780000
0.46700000	0.46590000
0.56290000	0.45620000
0.59850000	0.43940000
0.56980000	0.41650000
0.53410000	0.40940000
0.53690000	0.41580000
0.70260000	0.53940000
0.77520000	0.38810000
0.67380000	0.59910000
0.61910000	0.55060000
0.57250000	0.51240000
0.54370000	0.48190000
0.52590000	0.45730000
0.50810000	0.43710000
0.49580000	0.42030000
0.48210000	0.40600000
0.46570000	0.39370000
0.45740000	0.38280000
0.45610000	0.37310000
0.43550000	0.36430000
0.42730000	0.35610000
0.49440000	0.37700000
0.51360000	0.34360000
0.41230000	0.33480000
0.39860000	0.32830000
0.46430000	0.32200000
0.36160000	0.31590000
0.39720000	0.31000000
1.34360000	4.99670000
1.18610000	3.23130000
0.93000000	1.59420000
0.78890000	1.41000000
0.73680000	1.23870000
0.77380000	1.36910000
1.95850000	1.39640000
6.61520000	5.37880000
3.76640000	3.82840000
2.58860000	2.14920000
1.79420000	1.94540000
1.79420000	1.70770000
1.61610000	1.52500000
1.21210000	1.38350000
0.86150000	1.27310000
1.01350000	1.18600000
1.09570000	1.11650000
1.05460000	1.06020000
1.02720000	1.01410000
1.01350000	0.97580000
0.98610000	0.94300000
0.93130000	0.91460000
0.91760000	0.88960000
0.89020000	0.87320000
0.90940000	0.85300000
1.05190000	1.00800000
2.27360000	2.25180000
1.86270000	1.79230000
1.43810000	1.50810000
1.31890000	1.39920000
1.18610000	1.27710000
0.63000000	1.18150000
0.71220000	1.10570000
0.82860000	1.04490000
0.84920000	0.99540000
0.82860000	0.95450000
0.76700000	0.92010000
0.71220000	0.89060000
0.66430000	0.86490000
0.69850000	0.84200000
0.68480000	0.82140000
0.61630000	0.80250000
0.57520000	0.78500000
0.49310000	0.76860000
0.54780000	0.75300000
0.83550000	0.73820000
1.65720000	0.75090000
4.79360000	4.02800000
6.79330000	9.18720000
5.98520000	9.94740000
3.61580000	5.27280000
2.80770000	3.23350000
2.72550000	2.82690000
6.76590000	4.23540000
4.91690000	4.51840000
3.86230000	2.78360000
3.05420000	2.71800000
2.61600000	2.42940000
2.09550000	2.20590000
1.82160000	2.03140000
1.28610000	1.89370000
1.30250000	1.78380000
1.31480000	1.69480000
1.36960000	1.62160000
1.20530000	1.56040000
1.04090000	1.50840000
0.97240000	1.46320000
1.01350000	1.42340000
0.98610000	1.38770000
0.95870000	1.35510000
0.97240000	1.32500000
1.02720000	1.29690000
1.08200000	1.27040000
1.13680000	1.24510000
1.12310000	1.22090000
1.08200000	1.19760000
1.04090000	1.17500000
1.04090000	1.15310000
1.02720000	1.13180000
1.01350000	1.11100000
0.99980000	1.09070000
0.98610000	1.07080000
0.95870000	1.05130000
0.95190000	1.03230000
0.93130000	1.01360000
0.90390000	0.99530000
0.87660000	0.97730000
0.86290000	0.95970000
0.76700000	0.94240000
0.63000000	0.92540000
0.58890000	0.90870000
0.58890000	0.89240000
0.71220000	0.87640000
0.78070000	0.86050000
0.72590000	0.84500000
0.69850000	0.82980000
0.73960000	0.81490000
0.75330000	0.80020000
0.76700000	0.78580000
1.23260000	1.66150000
3.87600000	1.11420000
2.35570000	0.93330000
1.67090000	0.93790000
1.62980000	0.88720000
1.61610000	0.84870000
2.38310000	1.60000000
3.84860000	4.05730000
6.57410000	5.39420000
7.05350000	6.09930000
6.40980000	5.54650000
4.41010000	3.51950000
3.90340000	3.12410000
3.97190000	4.22980000
4.67040000	6.19020000
3.67060000	3.97840000
3.08160000	3.07510000
2.58860000	2.79800000
2.36940000	2.50470000
2.16400000	2.27800000
2.02700000	2.10180000
1.89010000	1.96290000
1.83530000	1.85330000
1.80790000	1.76720000
1.71200000	1.68160000
1.54770000	1.61890000
1.45180000	1.56540000
1.49290000	1.51900000
1.54770000	1.47820000
1.27920000	1.44140000
1.47920000	1.40770000
1.30800000	1.37660000
1.31210000	1.34750000
1.39700000	1.32000000
1.30520000	1.29540000
1.26000000	1.35400000
1.80790000	1.46660000
1.90380000	1.22140000
1.60240000	1.19930000
1.50660000	1.19510000
1.42440000	1.15510000
1.49290000	1.13390000
1.52030000	1.12340000
1.61610000	1.10250000
1.54770000	1.07300000
2.31460000	1.10600000
1.94480000	1.03450000
1.64350000	1.01580000
1.47920000	0.99750000
1.35870000	0.97950000
1.29840000	0.96670000
1.39700000	0.96060000
1.89010000	0.97660000
1.64350000	0.91620000
1.49290000	0.89510000
1.36410000	0.87830000
1.27370000	0.86240000
1.19020000	0.84690000
1.11760000	0.83160000
1.07510000	0.81670000
0.98340000	0.80200000
0.92450000	0.78750000
0.88070000	0.77330000
0.84090000	0.75940000
0.84920000	0.75240000
0.99300000	0.75200000
0.94500000	0.72220000
0.87660000	0.70620000
1.23950000	0.74820000
1.78050000	0.73140000
1.30660000	0.66980000
1.22440000	0.67100000
1.08610000	0.64490000
1.12990000	0.65810000
1.11490000	0.62190000
0.98340000	0.61070000
0.89440000	0.59970000
0.84640000	0.58890000
0.95050000	0.60720000
0.87110000	0.58020000
0.87660000	0.57590000
0.80120000	0.54760000
0.77520000	0.56780000
1.03270000	0.54890000
0.90810000	0.51860000
0.75880000	0.50930000
0.66290000	0.50010000
0.69170000	0.52990000
0.80810000	0.51900000
0.67660000	0.47360000
0.58210000	0.46500000
0.53140000	0.45670000
0.49850000	0.44850000
0.47940000	0.44040000
0.45060000	0.43250000
0.42870000	0.43660000
0.50260000	0.45390000
0.53690000	0.41650000
0.46290000	0.40220000
0.41770000	0.39970000
0.37800000	0.38780000
0.33970000	0.38080000
0.31640000	0.37400000
0.30540000	0.36720000
0.28490000	0.36060000
0.25470000	0.35410000
0.24930000	0.34780000
0.24110000	0.34150000
0.23150000	0.33540000
0.21090000	0.32930000
0.20820000	0.32340000
0.19860000	0.31760000
0.19040000	0.31190000
0.16980000	0.30620000
0.17390000	0.30070000
0.16850000	0.29530000
0.18350000	0.31540000
0.18630000	0.28480000
0.17800000	0.27970000
0.15200000	0.27460000
0.15750000	0.26970000
0.14790000	0.27040000
0.15070000	0.29370000
0.23280000	0.31430000
0.20960000	0.25080000
0.17530000	0.24710000
0.16850000	0.24820000
0.16300000	0.23750000
0.15610000	0.23320000
0.13970000	0.22900000
0.22740000	0.29430000
0.33830000	0.73740000
0.75880000	1.75200000
0.42870000	0.21630000
0.30410000	0.21760000
0.35470000	0.23740000
0.34240000	0.25370000
0.30540000	0.19990000
0.25610000	0.23190000
0.24790000	0.19290000
0.29310000	0.24550000
0.48620000	1.52610000
0.37800000	0.22000000
0.33560000	0.79990000
0.35880000	0.19350000
0.29450000	0.17540000
0.24240000	0.17180000
0.21090000	0.16830000
0.20270000	0.16500000
0.62870000	0.86320000
0.82860000	1.66360000
1.10940000	2.66480000
1.60240000	0.26690000
0.79300000	0.15440000
0.52590000	0.15090000
0.40680000	0.14770000
0.32730000	0.14460000
0.53690000	0.23950000
0.63140000	0.16380000
0.46290000	0.13700000
0.35340000	0.13440000
0.31910000	0.13180000
0.28760000	0.12930000
0.26020000	0.12690000
0.23560000	0.12450000
0.21090000	0.12220000
0.19720000	0.11990000
0.18760000	0.11770000
0.17530000	0.11560000
0.15610000	0.12210000
0.16980000	0.11140000
0.16300000	0.10940000
0.15890000	0.13220000
0.16980000	0.11540000
0.17800000	0.10360000
0.15480000	0.10170000
0.14380000	0.09990000
0.13970000	0.10500000
0.13700000	0.09630000
0.13010000	0.09460000
0.11230000	0.09290000
0.11640000	0.09120000
0.11920000	0.11080000
0.11090000	0.08800000
0.11780000	0.12690000
0.14110000	0.11750000
0.19720000	0.13540000
0.21500000	0.08180000
0.17390000	0.08110000
0.16570000	0.10310000
0.17260000	0.12200000
0.24790000	0.10590000
0.24380000	0.07610000
0.19450000	0.07540000
0.16710000	0.08660000
0.16160000	0.07180000
0.15480000	0.07040000
0.14110000	0.06900000
0.14520000	0.11050000
0.40810000	2.56120000
0.41910000	0.09520000
0.27670000	0.06710000
0.24240000	0.08430000
0.23560000	0.12430000
0.33010000	0.06280000
0.28620000	0.06190000
0.24110000	0.06050000
0.21230000	0.74540000
0.20130000	0.56870000
0.18220000	0.55800000
0.20270000	0.70620000
0.57800000	1.40280000
2.36940000	4.47540000
2.80770000	3.91800000
1.53400000	1.99610000
1.06560000	1.67050000
0.81490000	1.54010000
0.66700000	1.36340000
0.57800000	1.22720000
0.50260000	1.12130000
0.47530000	1.03830000
0.77110000	2.00820000
0.97110000	1.73110000
0.73140000	1.46210000
0.62040000	1.35530000
0.54510000	1.32930000
0.50680000	1.21740000
0.67110000	1.96750000
11.49100000	9.87400000
3.56100000	6.43890000
2.21880000	2.93510000
1.73940000	2.63660000
1.45180000	2.29680000
1.23130000	2.15800000
6.21800000	6.03040000
5.50580000	7.55970000
3.06790000	3.86860000
2.27360000	3.03320000
1.89010000	2.71350000
2.95840000	2.86010000
4.93060000	5.05470000
4.41010000	4.55520000
2.94470000	2.92270000
2.36940000	2.85290000
2.05440000	2.58230000
2.47900000	2.64650000
2.06810000	2.34350000
1.68460000	2.41390000
1.60240000	2.26120000
5.46470000	6.74870000
4.17730000	5.16610000
3.02680000	3.06790000
4.19100000	4.94940000
4.49230000	5.30200000
3.23230000	3.25960000
2.71180000	3.18950000
2.54750000	2.89270000
2.36940000	2.66110000
2.32830000	2.48290000
2.24620000	2.33380000
1.98590000	2.21520000
1.79420000	2.11840000
1.52030000	2.03760000
1.58870000	1.96900000
1.52030000	1.90950000
1.53400000	1.87850000
1.91750000	1.81190000
1.42440000	1.91170000
1.41070000	1.85330000
1.50660000	1.79270000
1.14640000	1.74000000
1.43810000	1.69340000
1.30660000	1.65140000
1.21900000	1.61310000
1.15180000	1.57760000
0.93680000	1.54430000
0.72860000	1.51290000
0.75330000	1.48290000
0.79440000	1.45420000
0.80120000	1.42650000
0.79160000	1.39970000
0.79440000	1.37360000
0.80810000	1.34830000
0.84920000	1.32350000
0.84230000	1.29930000
0.81490000	1.27570000
0.80810000	1.25250000
0.80120000	1.22980000
0.80810000	1.20760000
0.79990000	1.18570000
0.79030000	1.16430000
0.76700000	1.14330000
0.74510000	1.12270000
0.73680000	1.10250000
0.72590000	1.08260000
0.71220000	1.06310000
0.68480000	1.04400000
0.69170000	1.02530000
0.69170000	1.00670000
0.67110000	0.98860000
0.63000000	0.97080000
0.56150000	0.95330000
0.54780000	0.93620000
0.56840000	0.91930000
0.58890000	0.90280000
0.60260000	0.88650000
0.61630000	0.87060000
0.61220000	0.85490000
0.59580000	0.83950000
0.56840000	0.82440000
0.57520000	0.80960000
0.57250000	0.79500000
0.56840000	0.78070000
0.57930000	0.76670000
0.63000000	0.75290000
0.68890000	0.73930000
0.94500000	0.72600000
6.84800000	4.16510000
17.66800000	8.73760000
5.20450000	5.41050000
4.27320000	2.63080000
3.36920000	2.42050000
4.02670000	2.34190000
9.10790000	2.42880000
4.19100000	2.04310000
5.99890000	1.91090000
9.05310000	1.74530000
4.34170000	1.60950000
3.93080000	1.50220000
3.34180000	1.41640000
2.05440000	1.34680000
1.91750000	1.28950000
1.61610000	1.24150000
1.36960000	1.20060000
1.19160000	1.16510000
1.26000000	1.13360000
1.15050000	1.10540000
1.20530000	1.07960000
1.14360000	1.05580000
1.08880000	1.03350000
1.04090000	1.01240000
0.98610000	0.99230000
0.84920000	0.97310000
0.87660000	0.95450000
0.90390000	0.93650000
0.88340000	0.91910000
0.89710000	0.90210000
0.90390000	0.88560000
0.92450000	0.86940000
0.97930000	0.85350000
1.18470000	0.83810000
1.91750000	1.09740000
2.32830000	3.46540000
4.65670000	4.82360000
5.32780000	6.23830000
3.28710000	4.32380000
2.57490000	2.62720000
2.72550000	2.44420000
3.05420000	2.15450000
2.17770000	2.00020000
2.05440000	1.83450000
2.01330000	1.68790000
1.60240000	1.57240000
1.49290000	1.48020000
1.62980000	1.40570000
1.41070000	1.34440000
1.24220000	1.29330000
1.23130000	1.24980000
1.24360000	1.21220000
1.35730000	1.17900000
1.35730000	1.14920000
1.38330000	1.12220000
1.50660000	1.09720000
1.83530000	1.08310000
2.83510000	1.05650000
1.87640000	1.03150000
1.75310000	1.01080000
1.73940000	0.99850000
1.97220000	1.03510000
2.31460000	1.23050000
2.28720000	1.36640000
1.93110000	1.14930000
1.69830000	1.19080000
1.65720000	1.12710000
2.83510000	2.17580000
3.16380000	2.03380000
2.38310000	1.67560000
2.24620000	1.62780000
2.15030000	1.47860000
2.05440000	1.36200000
2.10920000	1.30850000
2.53380000	3.34240000
2.65700000	3.37330000
2.25990000	1.92850000
2.08180000	1.84640000
2.02700000	1.67170000
2.04070000	1.55080000
2.09550000	1.63000000
2.01330000	1.87250000
1.98590000	1.97930000
1.97220000	2.86340000
2.53380000	5.07900000
2.88990000	4.20550000
3.91710000	5.90820000
3.49250000	5.05920000
9.77900000	9.37930000
13.34000000	12.32630000
6.73850000	9.10600000
5.86190000	8.61340000
7.08090000	14.00980000
13.05240000	23.14190000
9.50510000	16.98340000
10.08030000	10.42300000
12.02520000	10.65570000
6.72480000	7.69840000
5.88930000	5.79020000
9.68310000	6.53540000
5.82080000	6.17730000
4.83470000	4.78130000
5.35520000	4.42890000
8.98460000	6.73960000
5.91670000	5.89860000
4.72520000	4.37950000
5.23190000	4.10580000
5.45100000	3.82950000
4.32800000	3.57980000
3.72530000	3.65620000
3.35550000	3.46140000
3.09530000	3.30250000
3.34180000	3.22190000
6.84800000	5.01850000
16.57230000	10.30910000
8.79290000	8.35500000
5.95780000	4.34230000
4.84840000	4.26750000
4.19100000	3.91540000
4.13620000	3.66300000
3.57470000	3.41810000
4.45120000	3.30180000
3.65690000	3.09490000
3.45140000	3.01090000
3.30080000	2.87830000
2.86250000	2.78290000
2.57490000	2.71520000
2.31460000	2.63590000
2.06810000	2.57290000
1.90380000	2.51500000
1.73940000	2.46100000
1.62980000	2.41020000
1.61610000	2.39920000
1.71200000	2.33050000
1.47920000	2.27120000
1.31070000	2.22830000
1.20390000	2.18660000
1.25590000	2.20220000
1.42440000	2.12560000
1.27370000	2.06800000
1.12170000	2.05740000
1.43810000	2.40480000
1.86270000	2.46340000
1.58870000	1.94140000
4.28690000	3.24790000
2.46530000	2.44560000
2.68440000	1.84170000
3.72530000	2.71110000
2.41050000	2.23790000
1.86270000	1.74590000
1.52030000	1.69470000
1.29290000	1.66380000
1.13950000	1.63360000
1.05190000	1.60820000
1.16010000	1.59870000
1.35180000	1.57210000
2.88990000	2.42420000
1.76680000	1.88840000
1.82160000	1.54330000
1.62980000	1.46530000
1.29020000	1.59020000
1.31890000	1.55330000
1.14230000	1.47850000
1.10530000	1.44470000
1.39700000	1.42050000
1.07930000	1.35970000
1.06010000	1.32770000
6.38240000	4.98610000
4.46490000	4.45800000
2.79400000	2.00740000
2.19140000	2.01710000
1.76680000	1.84810000
1.49290000	1.71540000
1.39700000	1.64300000
1.26140000	1.53030000
1.09290000	1.45560000
2.19140000	1.44560000
6.45090000	5.74950000
3.98560000	5.72660000
9.28600000	7.41540000
4.51970000	5.80350000
3.09530000	3.02820000
2.56120000	2.84560000
3.39660000	2.60610000
2.90360000	2.33010000
2.27360000	2.11800000
1.86270000	2.12070000
1.67090000	1.97490000
1.62980000	1.85870000
3.41030000	2.18480000
2.76660000	2.22540000
1.99960000	1.79760000
1.62980000	1.75780000
1.46550000	1.67770000
1.84900000	1.63290000
5.38260000	3.56070000
4.01300000	3.83830000
2.73920000	2.20270000
2.61600000	2.28580000
2.05440000	2.05540000
1.71200000	1.95230000
1.47920000	1.82710000
1.30520000	1.72670000
1.23540000	1.66720000
1.24910000	1.60400000
1.06140000	1.52050000
0.94780000	1.47180000
0.88890000	1.42930000
0.81770000	1.39150000
0.74370000	1.35740000
0.69300000	1.32630000
0.77380000	1.32980000
0.70400000	1.27900000
0.63410000	1.24440000
0.57520000	1.21990000
0.56020000	1.21210000
0.55740000	1.17360000
0.53000000	1.15160000
0.52050000	1.14300000
0.49720000	1.10930000
0.46020000	1.08900000
0.64370000	1.09680000
0.79570000	1.10160000
0.64920000	1.03060000
0.52320000	1.01190000
0.45610000	0.99360000
0.40270000	0.97560000
0.37530000	0.95800000
0.36020000	0.94070000
0.34790000	0.92380000
0.37530000	0.90710000
0.33420000	0.89080000
0.31640000	0.87470000
0.31230000	0.90700000
0.44100000	0.90470000
0.53280000	0.84320000
0.43140000	0.81770000
0.36710000	0.79910000
0.33690000	0.78470000
0.38350000	0.87140000
0.47800000	0.75710000
0.40540000	0.77180000
0.43690000	0.74680000
0.42050000	0.72660000
0.36160000	0.70460000
0.31910000	0.69180000
0.29580000	0.67920000
0.28210000	0.66690000
0.32730000	0.69540000
0.35200000	0.64850000
0.37800000	0.73770000
0.49580000	0.62380000
0.38350000	0.61000000
0.34510000	0.61020000
0.67110000	2.13290000
0.76290000	0.74570000
0.51500000	0.56890000
0.43010000	0.55820000
0.36710000	0.56480000
0.33830000	0.53770000
0.33140000	0.52790000
0.31500000	0.51820000
0.31500000	0.50880000
0.31360000	0.49960000
0.56560000	0.66240000
0.72180000	0.67540000
0.97930000	1.52370000
0.72180000	1.01490000
0.57800000	0.90180000
0.52590000	0.82250000
0.50260000	0.74100000
0.45740000	0.68660000
0.44240000	0.65460000
0.42180000	0.60880000
0.39860000	0.58050000
0.51500000	0.59940000
15.06570000	13.68540000
9.80640000	14.17020000
4.91690000	7.09940000
3.54730000	4.31320000
2.75290000	3.42680000
2.15030000	3.14880000
1.80790000	2.74170000
1.64350000	2.42950000
1.52030000	2.19090000
1.39700000	2.00510000
1.64350000	1.88440000
1.41070000	1.73800000
1.27920000	1.75510000
1.19430000	1.65700000
1.12310000	1.57710000
1.07240000	1.52030000
1.03950000	1.45560000
1.00260000	1.42650000
1.09020000	1.68020000
4.30060000	4.84100000
4.38280000	6.71600000
2.82140000	3.61610000
2.27360000	2.80960000
1.94480000	2.58880000
1.73940000	2.33430000
1.50660000	2.13640000
1.30110000	1.98100000
1.43810000	1.85770000
1.41070000	1.77240000
1.41070000	1.68590000
1.41070000	1.67800000
1.33670000	1.69650000
1.24500000	1.62000000
1.16830000	1.55630000
1.09840000	1.50240000
1.03130000	1.45600000
1.20940000	1.41520000
1.27780000	1.37880000
0.88340000	1.34580000
1.04360000	1.31550000
1.08060000	1.28720000
1.34500000	1.26060000
11.53210000	10.96220000
6.30020000	9.80070000
3.80750000	4.04080000
3.04050000	3.22500000
2.68440000	2.86800000
2.42420000	2.56850000
2.41050000	2.33640000
2.16400000	2.15500000
1.98590000	2.01160000
1.87640000	1.89700000
1.80790000	1.80410000
1.80790000	1.72750000
1.80790000	1.66330000
1.86270000	1.62490000
1.86270000	1.57620000
1.94480000	2.71110000
3.24600000	4.17890000
3.57470000	4.69830000
2.95840000	3.14660000
2.24620000	2.57310000
2.10920000	2.38340000
2.09550000	2.19540000
2.60230000	2.31180000
8.91620000	2.55770000
3.99930000	2.16960000
3.23230000	2.07470000
2.79400000	1.95100000
2.68440000	1.84490000
3.56100000	1.76560000
2.05440000	1.70650000
1.46550000	1.69220000
1.57510000	1.86750000
1.64350000	1.83770000
1.65720000	1.74760000
1.64350000	1.67210000
1.91750000	2.88340000
1.50660000	2.74350000
1.26000000	2.19940000
1.23260000	2.11640000
1.20530000	1.97080000
1.23260000	1.84260000
1.19160000	1.74000000
1.15050000	1.65650000
1.12310000	1.58760000
1.06830000	1.52970000
1.01350000	1.48020000
0.98610000	1.43700000
0.93130000	1.39880000
0.86290000	1.36430000
0.84920000	1.33280000
0.84920000	1.30360000
0.89020000	1.27620000
1.23260000	1.25030000
1.09570000	1.22560000
1.04090000	1.20190000
1.01350000	1.17910000
0.98610000	1.15690000
0.95870000	1.13540000
0.91760000	1.11440000
0.90390000	1.09400000
0.87660000	1.07400000
0.85600000	1.05450000
0.84640000	1.03530000
0.82180000	1.01660000
0.80810000	0.99820000
0.79440000	0.98010000
0.78070000	0.96250000
0.76700000	0.94510000
0.73960000	0.92810000
0.71220000	0.91130000
0.68480000	0.89490000
0.69170000	0.87880000
0.67800000	0.86310000
0.66430000	0.84740000
0.65740000	0.83220000
0.65740000	0.81720000
0.65060000	0.80250000
0.64370000	0.78810000
0.65060000	0.77390000
0.88200000	0.75990000
2.34200000	0.74630000
1.72570000	0.73280000
4.79360000	0.71970000
5.06760000	0.71320000
3.15010000	0.69740000
2.19140000	0.68200000
2.05440000	0.66930000
3.12270000	0.70780000
5.94410000	1.52890000
3.51990000	1.14290000
3.47880000	1.34700000
4.54710000	1.68120000
3.19120000	1.45060000
2.46530000	1.47070000
2.05440000	1.37690000
1.84900000	1.24030000
1.71200000	1.13420000
1.61610000	1.05090000
1.50660000	0.98480000
1.43810000	0.93170000
1.36960000	0.88840000
1.35590000	0.85250000
1.30110000	0.82230000
1.26000000	0.79630000
1.23260000	0.77360000
1.19160000	0.75340000
1.16420000	0.73510000
1.13680000	0.71830000
1.10940000	0.70270000
1.09570000	0.68810000
1.05460000	0.67420000
1.01350000	0.66100000
0.98610000	0.64820000
0.97240000	0.63590000
1.57510000	0.62400000
2.01330000	0.61240000
2.09550000	0.60120000
3.05420000	0.60870000
4.51970000	0.66050000
5.23190000	2.05470000
4.82100000	0.83630000
3.68420000	0.66130000
3.46510000	0.72380000
3.82120000	0.70510000
4.58820000	0.68470000
7.54650000	1.90940000
11.75120000	5.76000000
9.42290000	7.37600000
5.58800000	4.29200000
4.28690000	2.55540000
3.82120000	2.33100000
3.53360000	2.03170000
3.94450000	1.82470000
4.10880000	2.48500000
3.64320000	2.24900000
3.64320000	1.88860000
4.16360000	4.25940000
5.28670000	8.63890000
7.19040000	11.23790000
6.27280000	8.24840000
5.99890000	6.82430000
5.75240000	9.88450000
5.38260000	11.07300000
5.10860000	12.00770000
4.46490000	11.14920000
4.14990000	10.68270000
4.02670000	10.03190000
5.61540000	12.97030000
5.91670000	12.46440000
4.53340000	9.28960000
4.30060000	7.71750000
5.16340000	8.63880000
4.41010000	6.84770000
6.34130000	5.75940000
4.36910000	4.79910000
3.82120000	4.72660000
5.62910000	6.85920000
3.99930000	6.07730000
3.39660000	4.51220000
3.46510000	4.21250000
3.34180000	3.91370000
2.94470000	3.66510000
2.82140000	3.49150000
2.58860000	3.32650000
2.39680000	3.19950000
2.46530000	3.11730000
2.42420000	3.03260000
2.19140000	2.93490000
2.08180000	2.85550000
2.41050000	2.81590000
2.09550000	2.71310000
2.05440000	2.67930000
2.15030000	2.61530000
1.94480000	2.54930000
1.79420000	2.51140000
1.68460000	2.45170000
1.53400000	2.40540000
1.41070000	2.36050000
1.29150000	2.31680000
1.21480000	2.27420000
1.25180000	2.24660000
1.41070000	2.22870000
1.64350000	2.18840000
1.31070000	2.11300000
1.14500000	2.07470000
1.04500000	2.03720000
0.95190000	2.00040000
0.87790000	1.96430000
0.82310000	1.92890000
0.76420000	1.89410000
0.70120000	1.86000000
0.64370000	1.82650000
0.59710000	1.79360000
0.71490000	1.79420000
0.68340000	1.74720000
0.58480000	1.69850000
0.52870000	1.66780000
0.50260000	1.63780000
0.71770000	1.67510000
2.46530000	5.09570000
1.53400000	3.04370000
1.00120000	1.55390000
0.97110000	1.54190000
0.95320000	1.70600000
0.75190000	1.44490000
0.67380000	1.41900000
0.62040000	1.39310000
0.57110000	1.36770000
0.49440000	1.34290000
0.45060000	1.31860000
0.41910000	1.29470000
0.37800000	1.27140000
0.34510000	1.24840000
0.36430000	1.26880000
0.87520000	1.42380000
0.67110000	1.36140000
0.52460000	1.16210000
0.43550000	1.14110000
0.43690000	1.15060000
0.41500000	1.14290000
0.54780000	1.28370000
0.48070000	1.06140000
0.38080000	1.04300000
0.32730000	1.02390000
0.32050000	1.02010000
0.44650000	1.22840000
0.58350000	2.06970000
0.51770000	0.95340000
0.44240000	0.96240000
0.69850000	1.12960000
0.53000000	0.90490000
0.42460000	0.88710000
0.36980000	0.87450000
0.33280000	0.85480000
0.30130000	0.83920000
0.28350000	0.82390000
0.26020000	0.80900000
0.25340000	0.79430000
0.24650000	0.78000000
0.25200000	0.77770000
0.23150000	0.75210000
0.22050000	0.73850000
0.20540000	0.72520000
0.19860000	0.71210000
0.19310000	0.74010000
0.23280000	0.68680000
0.22460000	0.70670000
0.24110000	0.67680000
0.23280000	0.65020000
0.20540000	0.63850000
0.18490000	0.62700000
0.17670000	0.61570000
0.16440000	0.60470000
0.19860000	0.63950000
0.29450000	0.62670000
1.38330000	4.56530000
0.62730000	1.81990000
0.42180000	0.57800000
0.33420000	0.56350000
0.30130000	0.53510000
0.27260000	0.52520000
0.23830000	0.51540000
0.27390000	0.52680000
1.24360000	3.06770000
1.18200000	2.82470000
0.85190000	0.65100000
0.64920000	0.85480000
0.50950000	0.79600000
0.42590000	0.72850000
0.72180000	0.87930000
0.72730000	0.72730000
0.55740000	0.88980000
0.44790000	0.80790000
0.39170000	0.75800000
0.36570000	0.69350000
0.37250000	0.69620000
0.51090000	0.62060000
0.42460000	0.59380000
0.35340000	0.57140000
0.32870000	0.56370000
0.32320000	0.55050000
0.32730000	0.52120000
0.29720000	0.50810000
0.27940000	0.49630000
0.40680000	0.55300000
0.49850000	0.47490000
0.36570000	0.47210000
0.33420000	0.45640000
0.31360000	0.44720000
0.28900000	0.43860000
0.27940000	0.44680000
0.28900000	0.42230000
0.28080000	0.42960000
0.30680000	0.42500000
0.30950000	0.39940000
0.28760000	0.39210000
0.28620000	0.39860000
0.27800000	0.37800000
0.26840000	0.37120000
0.25470000	0.36450000
0.24110000	0.35790000
0.31090000	0.39990000
1.24090000	1.23430000
0.92170000	1.40730000
0.86420000	0.61460000
0.68620000	0.59610000
0.63280000	0.65030000
0.63690000	1.47510000
0.85460000	0.82690000
0.63550000	0.94940000
0.53550000	0.83570000
0.48210000	0.74820000
0.44920000	0.68260000
0.41090000	0.62730000
0.36980000	0.58550000
0.35750000	0.55200000
0.34930000	0.52490000
0.35470000	0.51700000
0.36020000	0.50040000
0.35750000	0.46780000
0.33560000	0.45400000
0.32730000	0.44170000
0.32320000	0.43070000
0.31910000	0.42190000
0.31640000	0.41180000
0.31230000	0.40290000
0.30820000	0.40390000
0.30950000	0.39130000
0.30540000	0.37910000
0.37390000	0.43340000
0.83820000	1.41310000
0.68750000	0.50710000
0.56840000	0.72630000
0.54920000	0.65010000
0.54370000	0.59110000
2.38310000	2.94700000
3.15010000	3.67160000
2.05440000	1.99730000
3.83490000	3.87120000
2.43790000	2.54120000
1.73940000	2.03390000
1.41070000	1.76480000
1.54770000	1.75880000
3.65690000	3.97390000
2.43790000	2.60010000
1.80790000	2.08230000
1.50660000	1.84650000
1.31070000	1.65700000
1.30520000	1.51000000
1.22440000	1.39490000
1.08610000	1.30380000
1.07100000	1.23090000
0.97790000	1.17170000
0.99430000	1.12280000
0.93540000	1.08170000
1.11620000	1.04740000
1.12720000	1.01640000
1.05870000	0.98900000
0.91900000	0.96460000
0.99840000	0.94230000
1.94480000	0.94730000
1.61610000	0.90820000
1.46550000	0.93920000
1.20110000	0.97450000
1.26140000	0.93730000
1.09290000	0.90560000
1.01080000	0.87830000
0.99570000	0.85410000
1.01350000	0.83250000
1.02720000	0.81290000
0.96690000	0.79470000
0.91630000	0.77780000
0.73000000	0.76180000
0.72320000	0.74670000
0.70670000	0.73210000
0.66840000	0.71810000
0.83410000	0.70460000
0.75470000	0.69140000
0.54650000	0.67860000
0.62320000	0.66610000
0.75740000	0.65400000
0.77930000	0.64200000
0.71360000	0.63040000
0.69990000	0.61900000
0.58070000	0.60780000
0.42050000	0.59680000
0.41640000	0.58600000
0.60260000	0.57540000
0.63960000	0.56510000
0.67250000	0.55490000
0.75190000	0.54490000
0.58890000	0.53520000
0.47940000	0.52540000
0.45880000	0.51600000
0.43830000	0.50670000
0.42460000	0.49760000
0.43830000	0.48860000
0.51360000	0.47980000
0.86970000	0.47120000
1.36820000	0.47010000
1.24910000	0.60420000
4.67040000	2.86200000
16.29840000	9.93940000
15.88750000	10.73710000
7.06720000	6.56890000
4.67040000	3.91080000
3.15010000	3.11140000
2.60230000	2.74640000
1.75310000	2.41250000
1.64350000	2.14700000
1.61610000	1.94180000
1.50660000	1.78190000
1.45180000	1.65620000
1.42440000	1.55610000
1.34220000	1.47540000
1.23260000	1.40930000
1.16420000	1.35430000
0.98610000	1.30770000
0.97240000	1.26750000
0.97240000	1.23220000
0.96560000	1.20060000
0.96560000	1.17200000
0.95190000	1.14560000
0.93820000	1.12100000
0.89020000	1.09790000
0.87660000	1.07590000
0.84920000	1.05490000
0.80810000	1.03460000
0.79440000	1.01510000
0.76700000	0.99610000
0.75330000	0.97760000
0.73960000	0.95970000
0.72590000	0.94210000
0.71220000	0.92490000
0.71220000	0.90810000
0.71220000	0.89160000
0.76700000	0.87550000
1.23260000	0.85980000
3.20490000	0.87020000
1.64350000	0.84050000
1.21900000	0.81560000
1.30110000	0.79930000
1.26000000	0.78490000
1.23260000	0.77080000
1.36960000	0.76690000
1.62980000	0.76850000
1.53400000	0.98150000
1.39700000	0.86330000
1.31890000	0.90700000
1.28740000	0.86720000
1.36550000	0.82440000
1.29840000	0.78910000
1.28740000	0.75960000
1.39700000	0.73450000
1.60240000	0.73280000
1.83530000	0.71140000
1.97220000	0.68780000
1.90380000	0.74240000
1.86270000	0.80570000
1.80790000	0.75460000
1.72570000	0.89810000
1.62980000	0.88580000
2.10920000	0.85330000
6.10850000	5.73650000
4.38280000	4.71030000
2.93100000	2.07430000
2.45160000	1.99100000
2.19140000	1.75210000
1.91750000	1.56070000
1.76680000	1.41270000
1.65720000	1.29730000
1.60240000	1.20650000
1.52030000	1.13420000
1.43810000	1.07580000
1.39700000	1.02800000
1.33540000	0.98820000
1.28740000	0.95440000
1.27370000	0.92520000
1.35590000	0.89960000
1.52030000	0.87660000
3.35550000	0.87870000
12.58670000	3.26880000
21.77680000	9.51500000
17.80490000	10.57310000
23.55730000	13.09890000
19.03760000	16.33840000
16.16140000	17.50870000
11.73760000	16.13450000
8.10810000	10.25710000
6.14950000	5.84060000
5.09490000	5.25360000
4.56080000	4.62050000
4.21840000	5.47190000
3.97190000	6.60100000
3.64320000	6.21610000
3.21860000	4.14590000
2.95840000	4.10010000
2.78030000	5.25180000
2.62970000	5.63570000
2.47900000	5.71710000
2.34200000	5.00060000
2.84880000	7.50570000
2.80770000	6.43130000
2.34200000	4.24460000
4.87580000	6.58460000
3.90340000	6.60000000
3.06790000	4.25580000
2.67070000	4.01250000
2.75290000	3.73530000
2.64330000	3.48470000
2.41050000	3.26150000
2.17770000	3.12850000
2.02700000	2.99130000
1.86270000	2.87690000
1.72570000	2.77970000
1.61610000	2.69550000
1.75310000	2.64160000
2.49270000	2.61850000
2.06810000	2.51890000
2.25990000	3.14000000
2.64330000	3.85530000
3.47880000	4.46090000
2.72550000	3.84710000
2.34200000	3.07010000
2.34200000	2.90110000
2.71180000	3.01870000
2.27360000	2.69500000
1.91750000	2.77510000
1.72570000	2.70150000
1.57510000	2.56160000
1.42440000	2.44690000
1.34500000	2.35780000
1.41070000	2.29540000
1.19160000	2.20090000
1.08340000	2.13960000
1.02170000	2.09190000
0.99710000	2.04670000
0.94230000	1.98930000
0.86010000	1.94660000
0.79300000	1.90650000
0.76420000	1.86830000
0.70950000	1.83180000
0.66700000	1.79660000
0.63280000	1.76270000
0.66150000	1.76830000
0.64100000	1.69770000
0.98470000	1.74480000
0.80810000	1.63590000
0.80120000	1.64450000
0.77930000	1.57940000
0.67110000	1.55760000
0.61630000	1.52020000
0.59710000	1.49370000
0.77930000	1.52900000
0.77520000	1.45340000
0.63140000	1.41390000
0.55610000	1.39300000
0.52460000	1.37100000
0.89440000	1.40920000
6.04000000	5.90400000
8.68330000	7.90470000
7.23150000	4.63710000
5.83450000	3.28610000
6.46460000	2.73540000
4.75250000	2.70350000
4.75250000	3.69170000
3.10900000	3.16150000
2.32830000	2.52440000
1.95850000	2.28790000
1.67090000	2.08660000
1.47920000	1.93610000
7.62870000	4.08200000
29.44660000	14.75040000
10.43640000	9.72390000
5.50580000	4.02880000
4.20470000	3.66950000
4.71150000	3.30640000
4.60190000	3.29020000
3.17750000	2.71570000
2.57490000	2.74260000
3.02680000	2.61300000
2.47900000	2.36370000
2.02700000	2.31650000
1.87640000	2.19040000
1.91750000	2.12070000
2.20510000	2.04740000
2.06810000	1.94770000
1.79420000	1.87430000
1.50660000	1.81600000
1.34220000	1.76830000
1.17920000	1.72520000
1.05050000	1.68570000
1.05600000	1.68720000
1.04910000	1.62670000
0.90670000	1.58190000
1.02170000	1.58180000
1.34360000	1.59650000
0.96560000	1.49860000
0.97930000	1.46460000
1.43810000	1.67540000
1.02170000	1.41120000
0.84370000	1.38580000
0.76420000	1.36030000
0.69440000	1.33540000
0.63690000	1.33650000
0.62730000	1.32500000
0.61770000	1.29210000
0.59170000	1.24090000
0.54100000	1.21850000
0.50950000	1.19650000
0.48350000	1.17490000
0.46020000	1.15370000
0.43550000	1.13460000
0.46160000	1.13380000
0.49030000	1.09630000
0.44650000	1.07270000
0.39990000	1.05340000
2.79400000	5.48350000
2.50640000	4.79620000
1.68460000	1.37890000
1.08340000	1.11760000
0.86700000	1.07380000
0.75330000	1.03650000
0.67800000	1.00450000
0.62180000	0.97640000
0.57250000	0.95130000
0.52730000	0.92850000
0.50260000	0.91360000
0.49170000	0.88800000
0.47940000	0.87950000
0.54100000	0.92830000
2.39680000	4.58310000
2.60230000	3.89610000
1.43810000	1.41400000
1.02170000	1.51500000
0.83550000	1.36850000
0.77380000	1.26540000
0.69580000	1.16480000
0.61770000	1.09350000
0.58350000	1.03610000
0.61910000	1.01910000
0.60670000	0.96890000
0.57520000	0.91710000
0.52460000	0.88860000
0.50130000	0.88200000
0.50680000	0.88060000
0.63690000	0.84900000
0.81630000	1.56380000
0.76560000	0.78630000
0.61910000	0.77060000
0.55470000	0.75490000
0.52180000	0.73990000
0.51220000	0.73130000
2.90360000	3.63300000
1.62980000	2.70160000
1.06830000	1.43500000
0.85870000	1.29480000
0.75190000	1.17600000
0.69300000	1.08360000
0.64370000	1.01010000
0.60130000	0.96610000
0.57800000	0.90440000
0.55060000	0.86540000
0.53410000	0.83290000
0.69170000	1.01860000
0.99430000	1.04240000
0.86970000	0.83960000
0.70670000	0.95030000
0.70950000	0.93260000
0.99300000	1.12940000
0.78200000	1.00920000
0.67380000	1.01030000
0.62040000	0.94150000
0.58210000	0.88660000
0.55470000	0.84210000
0.55740000	0.83680000
0.74920000	0.79730000
0.85050000	1.03360000
1.61610000	2.05850000
1.38330000	1.23690000
1.09290000	1.36540000
1.03680000	1.24680000
1.54770000	2.30660000
1.38330000	1.92140000
1.16830000	1.60190000
1.02720000	1.51090000
0.93000000	1.36420000
0.83550000	1.25000000
0.77660000	1.16030000
0.73140000	1.09500000
0.73140000	1.03170000
0.69850000	0.98460000
0.66700000	0.94560000
0.63550000	0.91260000
0.61080000	0.88420000
0.60670000	0.85930000
0.84780000	0.88400000
0.84500000	0.82340000
0.74920000	0.80110000
0.69440000	0.78220000
0.66700000	0.77240000
0.68070000	0.75050000
0.65470000	0.73520000
0.62590000	0.72100000
0.60130000	0.70740000
0.58480000	0.69410000
0.56840000	0.68120000
0.55470000	0.66870000
0.54510000	0.65640000
0.76150000	1.73920000
1.45180000	2.29560000
1.00940000	1.29440000
0.86970000	1.26330000
0.87790000	1.32870000
1.04360000	1.17940000
0.93820000	1.47050000
0.89440000	1.32090000
0.81630000	1.35530000
0.87240000	1.39970000
1.60240000	1.73230000
1.42440000	1.49850000
1.17920000	1.57220000
1.08340000	1.41580000
1.02450000	1.30510000
1.28060000	1.21010000
2.99940000	5.47980000
2.12290000	5.19600000
1.72570000	2.36870000
1.52030000	2.33310000
1.78050000	2.06440000
2.12290000	1.85210000
1.75310000	1.68740000
1.58870000	1.56390000
1.43810000	1.46200000
1.36140000	1.38660000
1.30110000	1.31420000
1.20660000	1.27890000
1.18060000	1.22940000
1.10530000	1.18710000
1.08340000	1.15070000
1.02990000	1.11870000
0.98470000	1.09010000
0.96010000	1.06410000
0.86010000	1.04020000
0.90120000	1.02300000
0.93540000	1.01060000
0.91220000	0.97830000
0.66970000	1.09930000
0.93270000	1.05790000
0.85330000	1.01840000
2.28720000	4.74270000
2.16400000	3.66490000
1.39700000	2.03010000
1.09570000	1.85580000
0.99300000	1.67170000
0.98610000	1.52860000
1.01350000	1.41630000
0.95870000	1.32730000
0.82180000	1.25570000
0.66290000	1.19730000
0.68480000	1.14900000
0.69850000	1.10820000
0.71220000	1.07320000
0.75740000	1.04250000
0.77930000	1.01530000
0.76420000	0.99060000
0.77930000	0.96800000
0.76420000	0.94700000
0.80940000	0.92730000
0.89710000	0.90860000
0.89710000	0.89070000
0.84920000	0.87360000
0.83550000	0.85700000
0.75740000	0.84100000
0.76700000	0.82530000
1.15050000	0.81010000
1.32580000	0.79530000
1.11760000	0.78080000
2.47900000	0.76660000
3.62950000	0.75270000
2.41050000	0.73910000
1.98590000	0.72570000
1.82160000	0.71260000
4.88950000	2.73650000
7.43700000	5.41130000
3.28710000	3.32250000
2.73920000	2.00930000
2.32830000	1.86860000
1.89010000	1.66760000
1.50660000	1.50110000
1.30110000	1.37170000
1.36960000	1.27030000
1.45180000	1.18980000
2.19140000	1.29970000
2.64330000	1.54430000
2.15030000	1.35980000
1.67090000	1.34480000
1.53400000	1.24980000
1.42440000	1.17420000
1.31620000	1.11320000
1.36960000	1.06330000
1.33130000	1.02170000
1.36280000	0.98650000
1.89010000	1.90540000
1.61610000	1.81620000
1.28470000	1.53270000
1.31480000	1.52670000
1.28740000	1.40190000
1.28740000	1.29730000
1.23260000	1.21050000
1.24630000	1.14220000
1.09570000	1.08710000
0.95870000	1.04170000
0.95870000	1.00350000
0.99980000	0.97090000
0.98610000	0.94250000
1.02720000	0.91730000
0.95870000	0.89460000
0.97930000	0.87390000
1.39700000	0.85470000
2.21880000	0.83680000
1.43810000	0.81980000
2.36940000	0.82960000
3.19120000	0.79970000
2.05440000	0.77470000
1.64350000	0.75850000
1.61610000	0.74440000
1.54770000	0.73060000
1.52030000	0.71720000
1.50660000	0.70410000
1.46550000	0.69130000
1.43810000	0.67880000
1.41070000	0.66650000
1.41070000	0.65440000
1.36820000	0.64260000
1.43810000	0.63100000
1.79420000	0.64450000
2.23250000	0.66180000
1.86270000	0.61520000
1.72570000	0.58960000
6.23170000	1.41060000
7.19040000	4.77510000
4.27320000	3.18980000
3.62950000	1.79060000
3.34180000	1.67970000
3.43770000	1.47750000
3.86230000	1.35570000
5.73870000	5.07450000
7.03980000	7.04630000
6.97130000	5.95080000
10.20360000	7.18680000
12.87430000	9.53500000
10.57340000	9.90770000
12.68260000	8.98110000
8.72440000	5.39520000
7.61500000	4.48470000
9.69680000	7.30600000
9.06680000	8.16900000
8.43680000	8.33220000
6.40980000	6.68710000
5.10860000	4.29560000
4.57450000	4.04980000
4.10880000	3.63300000
3.68420000	3.31840000
3.39660000	3.06240000
3.32820000	3.35510000
3.61580000	4.52530000
3.46510000	4.21570000
3.24600000	3.31550000
3.13640000	3.25520000
2.99940000	3.13610000
2.75290000	3.06590000
2.58860000	2.92830000
2.36940000	2.75080000
2.15030000	2.60760000
1.98590000	2.49050000
1.86270000	2.39420000
1.73940000	2.31040000
1.62980000	2.23920000
1.53400000	2.17660000
1.46550000	2.12080000
1.39700000	2.07010000
1.32300000	2.02350000
1.30930000	1.98190000
1.49290000	1.96850000
1.52030000	1.92130000
1.35870000	1.86310000
1.27510000	1.82730000
1.87640000	1.85360000
1.61610000	1.77340000
1.34220000	1.72660000
1.19020000	1.69490000
1.08470000	1.66380000
1.00800000	1.63350000
0.94230000	1.60380000
0.87660000	1.57470000
0.81770000	1.54620000
0.76560000	1.51820000
1.23810000	1.49080000
4.73880000	4.93110000
2.28720000	2.89610000
1.65720000	1.41490000
1.38330000	1.38900000
1.38330000	1.38230000
1.80790000	1.38450000
1.82160000	1.34910000
1.82160000	1.29570000
1.46550000	1.26730000
1.25730000	1.24430000
1.11210000	1.22180000
0.98890000	1.19970000
0.89300000	1.17810000
0.96420000	1.17900000
0.88890000	1.13630000
0.85190000	1.12130000
0.73410000	1.09540000
0.66430000	1.07560000
0.68620000	1.07230000
0.63550000	1.04760000
0.83960000	1.08220000
1.06970000	1.11400000
0.77380000	0.98270000
0.62730000	0.96540000
0.55330000	0.94790000
0.51910000	0.93070000
0.54920000	0.96200000
0.58620000	0.89740000
0.49310000	0.88120000
0.47390000	0.88000000
0.46430000	0.84990000
0.42730000	0.83430000
0.39580000	0.81930000
0.39030000	0.81380000
0.36430000	0.79010000
0.33830000	0.77580000
0.31090000	0.76180000
0.30680000	0.74840000
0.29720000	0.73470000
0.28490000	0.72140000
0.32870000	0.74250000
0.71900000	0.77860000
0.50260000	0.68320000
0.59030000	0.69610000
1.09570000	1.23560000
0.55880000	0.65650000
0.43010000	0.63680000
0.40130000	0.67230000
0.59300000	0.66400000
0.48350000	0.62860000
0.43420000	0.59790000
0.37660000	0.63180000
0.55060000	0.57100000
0.44650000	0.56140000
0.35060000	0.55100000
0.31910000	0.54090000
0.29450000	0.53110000
0.27260000	0.52140000
0.25340000	0.51190000
0.23830000	0.50260000
0.24930000	0.53110000
0.44790000	0.55100000
0.36430000	0.47590000
0.28350000	0.46730000
0.25470000	0.47370000
0.24650000	0.46400000
0.31770000	0.47230000
0.47110000	0.48750000
0.37940000	0.43420000
0.31770000	0.42480000
0.27120000	0.41180000
0.24240000	0.40800000
0.22460000	0.39700000
0.20960000	0.38980000
0.19310000	0.38280000
0.18630000	0.37590000
0.16980000	0.36910000
0.18220000	0.41490000
0.24790000	0.35590000
0.23150000	0.35210000
0.20540000	0.36150000
0.20960000	0.36280000
0.21370000	0.33100000
0.19040000	0.32500000
0.17390000	0.31910000
0.16160000	0.31340000
0.17260000	0.34740000
0.20000000	0.37700000
0.22740000	0.29680000
0.22870000	0.29210000
0.20130000	0.28680000
0.18760000	0.28150000
0.17670000	0.27640000
0.17530000	0.29220000
0.21910000	0.32910000
0.24380000	0.26210000
0.21640000	0.25690000
0.19170000	0.25230000
0.17260000	0.24770000
0.16570000	0.25380000
0.17260000	0.26330000
0.17530000	0.23460000
0.15750000	0.23030000
0.15610000	0.22620000
0.13700000	0.22210000
0.13420000	0.21810000
0.11920000	0.21420000
0.13010000	0.21030000
0.11500000	0.20650000
0.10960000	0.20280000
0.13830000	0.23580000
0.15340000	0.20890000
0.14380000	0.19590000
0.16020000	0.22260000
0.20540000	0.24850000
0.19450000	0.18190000
0.16300000	0.17930000
0.15200000	0.17600000
0.13700000	0.17490000
0.36020000	1.50870000
11.18970000	17.38980000
4.32800000	12.17070000
1.90380000	3.37950000
1.19570000	1.96700000
0.99570000	1.71320000
1.64350000	2.86730000
2.75290000	4.01530000
1.82160000	2.45000000
1.29430000	1.99660000
1.05190000	1.72950000
0.88890000	1.53140000
0.79030000	1.37870000
0.69580000	1.26000000
1.07380000	1.20300000
1.67090000	2.72800000
1.12860000	1.91260000
0.93000000	1.58920000
0.94090000	1.45570000
1.35040000	2.41290000
1.12030000	1.54770000
0.98060000	1.68100000
0.86700000	1.52130000
0.83410000	1.41630000
0.87110000	1.29950000
0.86970000	1.24910000
0.84090000	1.15890000
0.75050000	1.23760000
0.78340000	1.18680000
0.86420000	1.11460000
0.76700000	1.22030000
0.72450000	1.16540000
0.69440000	1.11490000
0.65470000	1.05910000
0.63000000	1.02830000
0.69300000	1.00200000
0.66290000	0.95540000
2.58860000	3.54570000
5.46470000	5.49980000
2.94470000	2.83230000
2.02700000	2.24700000
1.64350000	1.99250000
1.41070000	1.78790000
1.27920000	1.62920000
1.16010000	1.50490000
1.09570000	1.40670000
1.03820000	1.32800000
0.97520000	1.26400000
1.72570000	1.49880000
1.62980000	1.32170000
1.28880000	1.53200000
1.16420000	1.42160000
1.05190000	1.33380000
0.99430000	1.26350000
0.94230000	1.20580000
0.94090000	1.16450000
1.10390000	1.14590000
0.99980000	1.08220000
0.96690000	1.23490000
1.02860000	1.37940000
1.24360000	1.77740000
1.15460000	1.53290000
1.07100000	1.59950000
0.96280000	1.46550000
0.95190000	1.36020000
0.97650000	2.23840000
1.46550000	2.16870000
1.47920000	1.79080000
1.29290000	1.77880000
1.19020000	1.61970000
1.08750000	1.49500000
1.36280000	2.53280000
7.72460000	7.08490000
4.75250000	4.52990000
3.02680000	2.66660000
2.38310000	2.41910000
1.93110000	2.19350000
1.65720000	1.99320000
1.67090000	1.83680000
1.60240000	1.73040000
1.56140000	1.61610000
1.47920000	1.69790000
1.41070000	1.60240000
1.30110000	1.53540000
1.20110000	1.51400000
1.15320000	1.44780000
1.39700000	1.60510000
1.31070000	1.49280000
1.21070000	1.63510000
1.16140000	1.53560000
1.16280000	1.47940000
1.22720000	2.58750000
1.38330000	2.16050000
1.16690000	1.84030000
0.77520000	1.86130000
0.76010000	1.71730000
1.67090000	1.60220000
1.58870000	1.51020000
1.14090000	1.43560000
1.00260000	1.37420000
0.64370000	1.32280000
0.92450000	1.27900000
1.26000000	1.24100000
0.93130000	1.20740000
0.78070000	1.17720000
0.75330000	1.14970000
0.72590000	1.12430000
0.76700000	1.10050000
0.78750000	1.07800000
0.97240000	5.55000000
3.68420000	8.92050000
8.05330000	7.08580000
2.95840000	3.90780000
2.52010000	3.07150000
2.05440000	2.71170000
1.82160000	2.42150000
2.05440000	2.19680000
3.56100000	4.01600000
2.73920000	4.16610000
1.78050000	2.57300000
1.39700000	2.48350000
1.27370000	2.26520000
1.12310000	2.09440000
1.12310000	1.95910000
1.13680000	1.85060000
1.10940000	1.76240000
1.08200000	1.68950000
1.01350000	1.62820000
0.93130000	1.57570000
0.88340000	1.53000000
0.84920000	1.48940000
0.83550000	1.45290000
0.83550000	1.41940000
0.82180000	1.38830000
0.80810000	1.35920000
0.79440000	1.33170000
0.76700000	1.30540000
0.76700000	1.28020000
0.74640000	1.25580000
0.73960000	1.23220000
0.68480000	1.20930000
0.64370000	1.18700000
0.61630000	1.16520000
0.60260000	1.14400000
0.58210000	1.12310000
0.57520000	1.10280000
0.56840000	1.08280000
0.56840000	1.06320000
0.56150000	1.04400000
0.56150000	1.02510000
0.54780000	1.00670000
0.51360000	0.98850000
0.49990000	0.97070000
0.49990000	0.95320000
0.48620000	0.93600000
0.45200000	0.91930000
0.46570000	0.90260000
0.50680000	0.88640000
0.53410000	0.87040000
0.54780000	0.85480000
0.54780000	0.83940000
0.61630000	0.82430000
0.82180000	0.89060000
1.57510000	2.69030000
2.60230000	2.52190000
7.12200000	9.63220000
5.60170000	7.45450000
3.36920000	3.04360000
2.72550000	2.86280000
2.39680000	2.49070000
1.99960000	2.22400000
1.87640000	2.00140000
1.69830000	1.82910000
1.64350000	1.69400000
1.94480000	1.61770000
3.30080000	2.62190000
9.03940000	6.15110000
4.45120000	4.27050000
3.69790000	2.59930000
3.08160000	2.39600000
2.49270000	2.16840000
2.46530000	1.99100000
3.65690000	1.89840000
4.10880000	4.27240000
2.73920000	3.07460000
2.57490000	2.41650000
2.47900000	2.24350000
2.46530000	2.08470000
2.88990000	2.19760000
3.65690000	2.46780000
4.67040000	2.08630000
4.80730000	2.02970000
5.79340000	3.16490000
5.45100000	3.90220000
11.79230000	7.65620000
10.84730000	9.27360000
6.75220000	5.93040000
5.24560000	3.70710000
4.53340000	3.48340000
4.69780000	3.12020000
8.76550000	4.11200000
18.48970000	8.75120000
11.84710000	6.97070000
7.06720000	3.78370000
5.61540000	3.61250000
5.82080000	3.29890000
7.75200000	5.79360000
6.31390000	4.53770000
5.36890000	3.47810000
5.13600000	3.22720000
4.34170000	2.95050000
4.14990000	2.88130000
4.87580000	4.95350000
5.45100000	5.46750000
4.42380000	3.30800000
3.71160000	3.30800000
3.39660000	3.04680000
3.13640000	2.83970000
3.49250000	2.99130000
5.79340000	5.99900000
6.60150000	6.47070000
6.09480000	5.26990000
4.77990000	3.53370000
4.02670000	3.46680000
4.32800000	3.21700000
4.14990000	2.96110000
3.53360000	2.78070000
3.15010000	2.69870000
2.82140000	2.56170000
3.43770000	2.49820000
3.06790000	2.35550000
2.67070000	2.27580000
2.73920000	2.23180000
2.68440000	2.15500000
2.57490000	2.10050000
2.34200000	2.07270000
3.13640000	2.04370000
3.19120000	2.20530000
7.02610000	5.39140000
4.46490000	4.05890000
3.67060000	2.46830000
6.12220000	3.47260000
4.08140000	3.29240000
3.38290000	2.64860000
3.21860000	2.47090000
3.09530000	2.30450000
4.41010000	2.23740000
3.28710000	2.07410000
3.02680000	1.99890000
2.78030000	1.92250000
2.56120000	1.87170000
3.94450000	2.08180000
4.69780000	2.27350000
3.53360000	1.91270000
2.86250000	1.97700000
2.46530000	1.88190000
2.20510000	1.80350000
1.94480000	1.73760000
1.72570000	1.68120000
1.54770000	1.63220000
1.42440000	1.58870000
1.39700000	1.56070000
1.21620000	1.51370000
1.12720000	1.48190000
1.26140000	1.51770000
4.47860000	4.30650000
2.42420000	2.89000000
1.84900000	1.37490000
1.61610000	1.35420000
1.39700000	1.31610000
1.38330000	1.31620000
1.33260000	1.27460000
1.50660000	1.27000000
1.41070000	1.22080000
1.25460000	1.19840000
1.25050000	1.18440000
1.58870000	1.20990000
1.41070000	1.16120000
1.17380000	1.11380000
1.00530000	1.09360000
1.03130000	1.09360000
1.08750000	1.07610000
0.89710000	1.03550000
0.80260000	1.02050000
1.09840000	1.03770000
0.90670000	0.98220000
0.79440000	0.96290000
0.69030000	0.94560000
0.76290000	0.96510000
0.74370000	0.92210000
0.63280000	0.89540000
0.56980000	0.87920000
0.58890000	0.89190000
0.59710000	0.87170000
0.54100000	0.83260000
0.48480000	0.81760000
0.46430000	0.80290000
0.44790000	0.81300000
0.80120000	0.96670000
0.82180000	0.76120000
0.55470000	0.74820000
0.46700000	0.73450000
0.43420000	0.72100000
0.47250000	0.74450000
1.45180000	2.99700000
8.21770000	9.36890000
3.42400000	5.47970000
2.47900000	2.15520000
1.64350000	1.79120000
1.26140000	1.72370000
1.14770000	1.54680000
0.98890000	1.38300000
0.85330000	1.26720000
0.74640000	1.17640000
0.65740000	1.10420000
0.61220000	1.05240000
0.57110000	1.00070000
0.64370000	0.95900000
1.29700000	1.01840000
2.78030000	2.38890000
2.71180000	3.12580000
1.98590000	1.46530000
1.58870000	1.27680000
1.54770000	1.26100000
1.16960000	1.16630000
0.94910000	1.20720000
0.87790000	1.13910000
0.86830000	1.06200000
0.74640000	1.00770000
0.69990000	0.96400000
0.61360000	0.91520000
0.79300000	0.93810000
0.77110000	0.85610000
0.66970000	0.84830000
1.07380000	1.03610000
1.33400000	2.04770000
1.41070000	0.94320000
0.97520000	1.17000000
0.80670000	1.07700000
0.69710000	1.00180000
0.61500000	0.94280000
0.56020000	0.89500000
0.53000000	0.85580000
0.73140000	0.88550000
0.66150000	0.79530000
0.54510000	0.77120000
0.48210000	0.75010000
0.45470000	0.73110000
0.42460000	0.71380000
0.40270000	0.69790000
0.38620000	0.68300000
0.36980000	0.66900000
0.34930000	0.65560000
0.34510000	0.65490000
0.35750000	0.64090000
0.34790000	0.61870000
0.32730000	0.60710000
0.30680000	0.59590000
0.29580000	0.58490000
0.28210000	0.57420000
0.26020000	0.56380000
0.25750000	0.55350000
0.24650000	0.54350000
0.29310000	0.58140000
0.32730000	0.52450000
0.32190000	0.57630000
0.54100000	0.57070000
0.41230000	0.49660000
0.32870000	0.48810000
0.29860000	0.47920000
0.38760000	0.49750000
0.36710000	0.46490000
0.29170000	0.46910000
0.26980000	0.45180000
0.26840000	0.45400000
0.26980000	0.43150000
0.26300000	0.42160000
0.25340000	0.41400000
0.23420000	0.41070000
0.23150000	0.39930000
0.22870000	0.39190000
0.21230000	0.38490000
0.22460000	0.37800000
0.22320000	0.37120000
0.22050000	0.36500000
0.21370000	0.39860000
0.60950000	1.88930000
0.95460000	1.30270000
0.56980000	0.42620000
0.52050000	0.34170000
0.45610000	0.33510000
0.40680000	0.32700000
0.38620000	0.31710000
0.38080000	0.31120000
0.36020000	0.30540000
0.33280000	0.29980000
0.35470000	0.33020000
0.68210000	1.04780000
0.76010000	1.48340000
1.49290000	2.61290000
0.94370000	1.33120000
0.72040000	1.12900000
0.61220000	0.97470000
0.54370000	0.85660000
0.50130000	0.76580000
0.48210000	0.69550000
0.45740000	0.64060000
0.44380000	0.59720000
0.43010000	0.56260000
0.40540000	0.53490000
0.40540000	0.51180000
0.40950000	0.50650000
0.41230000	0.48860000
0.40130000	0.46170000
0.39310000	0.44910000
0.38490000	0.44040000
0.41230000	0.45890000
0.49030000	0.43620000
0.47250000	0.40950000
0.43830000	0.56240000
0.42590000	0.52360000
0.53000000	0.68190000
1.22720000	1.89830000
0.95320000	1.28130000
0.76560000	1.10990000
0.70260000	1.03830000
1.71200000	2.74350000
1.45180000	1.85000000
1.11620000	1.52200000
0.98750000	1.34660000
0.86290000	1.18720000
0.78750000	1.14710000
0.75050000	1.04410000
0.71360000	0.96340000
0.62450000	0.89960000
0.50540000	0.84850000
0.49170000	0.80710000
0.63820000	0.77300000
1.84900000	2.66960000
2.47900000	2.66710000
1.93110000	1.51190000
1.58870000	1.43260000
1.36960000	1.34850000
1.12990000	1.27960000
0.85190000	1.17040000
0.76700000	1.08470000
0.82180000	1.01670000
0.72590000	0.96210000
0.63000000	0.91750000
0.56150000	0.88060000
0.50680000	0.84940000
0.50680000	0.82260000
0.59580000	0.79920000
0.82180000	0.95600000
0.72590000	0.93350000
0.68480000	1.10200000
0.67110000	1.04010000
0.66430000	0.96940000
11.34040000	3.84130000
19.99630000	11.96150000
5.46470000	7.66730000
3.78010000	3.23490000
2.65700000	2.93400000
2.32830000	2.55270000
2.12290000	2.25960000
1.57510000	2.03360000
1.78050000	1.85800000
1.23260000	1.72030000
1.50660000	1.61110000
1.43810000	1.52350000
1.36960000	1.45200000
1.30110000	1.39290000
1.36960000	1.34310000
1.30110000	1.30040000
1.19430000	1.26310000
1.12310000	1.22990000
1.10120000	1.19990000
1.05190000	1.17250000
1.05460000	1.14700000
1.02720000	1.12300000
0.98890000	1.10030000
0.97240000	1.07870000
0.85330000	1.05790000
0.74510000	1.03780000
0.75330000	1.01830000
0.73960000	0.99940000
0.93130000	0.98100000
0.87660000	0.96300000
0.79440000	0.94540000
0.76700000	0.92820000
0.74640000	0.91140000
0.73960000	0.89490000
0.73960000	0.87870000
0.72590000	0.86280000
0.71220000	0.84730000
0.69850000	0.83200000
0.68480000	0.81700000
0.67110000	0.80230000
0.65740000	0.78780000
0.65740000	0.77360000
0.63000000	0.75980000
0.61630000	0.74600000
0.61630000	0.73260000
0.80810000	0.71940000
0.95870000	0.70640000
0.84920000	0.69370000
0.75330000	0.68120000
0.64370000	0.66900000
0.76700000	0.65700000
0.81490000	0.64510000
0.78070000	0.63350000
0.71220000	0.62210000
0.72590000	0.61090000
1.16420000	0.59990000
2.25990000	0.58920000
1.50660000	0.57860000
1.19160000	0.56820000
1.04090000	0.55790000
0.93130000	0.54790000
0.86290000	0.53800000
0.82180000	0.52840000
0.73960000	0.51880000
0.76700000	0.50950000
0.72590000	0.50030000
0.71220000	0.49130000
0.65740000	0.48250000
0.68480000	0.47380000
0.65060000	0.46530000
0.64370000	0.45690000
0.67110000	0.44870000
0.64370000	0.44060000
0.63000000	0.43270000
0.61630000	0.42490000
0.60950000	0.41730000
0.60260000	0.40980000
0.59580000	0.40240000
0.58890000	0.39520000
0.58890000	0.38810000
0.63000000	0.38110000
0.65060000	0.37420000
0.64370000	0.36750000
0.63000000	0.36090000
0.60260000	0.35440000
0.58890000	0.34800000
0.58890000	0.34180000
0.60950000	0.33560000
0.60260000	0.32960000
0.65060000	0.32360000
0.66430000	0.31780000
0.67110000	0.31210000
0.65740000	0.30650000
0.65740000	0.30100000
0.82180000	0.29560000
0.93130000	0.29030000
1.30110000	0.37640000
1.35450000	0.36040000
1.18330000	0.28670000
1.01350000	0.27220000
0.91760000	0.26620000
0.88340000	0.26120000
0.84920000	0.25640000
0.82180000	0.25170000
0.87660000	0.99180000
0.98610000	1.15160000
0.86290000	0.26260000
0.82180000	0.40410000
0.80810000	0.36780000
0.93130000	0.34890000
0.99980000	0.33970000
1.28200000	0.43990000
1.68460000	2.44110000
1.73940000	3.10560000
3.04050000	3.68460000
4.50600000	4.01560000
6.46460000	7.74660000
10.77880000	12.25300000
11.13490000	10.23740000
8.99830000	6.83850000
8.51900000	5.37310000
8.03960000	5.09510000
7.49180000	4.30680000
6.24540000	3.40850000
5.98520000	3.22140000
8.72440000	4.88720000
21.36590000	13.47870000
23.28340000	17.82260000
24.65300000	17.60270000
15.88750000	13.64420000
9.35440000	7.73390000
7.86160000	5.73140000
6.83440000	5.06150000
5.35520000	4.49210000
4.67040000	4.06060000
4.56080000	3.72450000
4.88950000	3.46020000
4.39640000	3.25000000
3.75270000	3.08050000
3.20490000	2.94750000
2.64330000	2.82650000
2.28720000	2.72880000
2.04070000	2.64460000
1.83530000	2.57060000
1.68460000	2.50460000
1.54770000	2.44470000
1.42440000	2.38960000
1.38330000	2.35530000
1.26000000	2.28990000
1.16550000	2.24400000
1.09980000	2.20010000
1.04780000	2.15790000
0.98750000	2.11710000
0.96150000	2.07750000
0.89980000	2.03900000
0.83410000	2.00140000
0.78340000	1.96480000
0.79440000	1.94270000
0.81900000	1.90380000
0.75470000	1.86180000
0.70400000	1.82590000
0.89850000	1.85860000
1.42440000	1.80140000
1.73940000	1.95440000
1.27650000	1.98670000
1.33400000	1.88950000
1.39700000	1.63870000
1.76680000	1.83850000
2.76660000	2.88080000
3.71160000	4.63250000
2.41050000	2.07720000
1.78050000	1.49990000
1.39700000	1.47210000
1.16140000	1.44500000
0.98610000	1.41850000
0.86420000	1.39270000
0.81080000	1.36730000
1.15050000	1.42310000
0.99430000	1.31820000
0.81490000	1.29440000
0.70400000	1.27100000
0.62870000	1.24810000
0.63000000	1.28200000
0.85870000	1.21550000
0.64100000	1.18180000
0.54780000	1.16050000
0.49440000	1.13960000
0.47110000	1.13030000
0.46980000	1.09900000
0.48210000	1.11550000
0.51770000	1.05970000
0.45330000	1.04060000
0.41910000	1.02190000
0.36840000	1.00350000
0.33420000	0.98540000
0.49440000	0.98520000
1.35040000	1.04790000
1.32580000	1.07450000
0.68070000	0.91720000
0.54240000	0.90130000
0.55880000	0.95560000
0.56430000	0.87290000
0.46160000	0.85370000
0.43420000	0.86980000
0.43960000	0.84580000
0.42460000	0.84830000
0.52460000	1.62590000
0.54100000	0.95590000
0.51630000	0.79080000
0.46290000	0.88000000
0.42870000	0.73980000
0.39580000	0.72620000
0.37660000	0.74360000
0.43420000	0.70690000
0.37530000	0.68700000
0.33010000	0.67450000
0.30270000	0.66230000
0.28080000	0.65030000
0.25890000	0.63850000
0.24520000	0.62700000
0.22600000	0.62040000
0.24380000	0.64080000
0.26980000	0.59550000
0.23830000	0.58300000
0.21230000	0.57260000
0.20680000	0.56210000
0.19450000	0.56110000
0.19170000	0.55670000
0.20130000	0.53230000
0.19860000	0.52320000
0.21230000	0.53620000
0.20540000	0.50410000
0.17800000	0.49500000
0.17120000	0.48610000
0.16020000	0.47740000
0.15340000	0.46880000
0.14930000	0.47420000
0.14790000	0.45960000
0.14930000	0.44390000
0.14110000	0.43590000
0.13290000	0.42890000
0.12600000	0.42040000
0.12050000	0.41280000
0.12050000	0.42550000
0.12600000	0.42030000
0.13560000	0.39090000
0.13560000	0.38390000
0.24520000	0.41830000
0.21090000	0.37020000
0.15610000	0.36350000
0.13830000	0.35700000
0.12330000	0.35050000
0.11500000	0.34420000
0.11500000	0.36450000
0.12330000	0.33990000
0.14110000	0.34970000
0.13560000	0.32010000
0.12460000	0.31430000
0.14790000	0.39130000
0.17120000	0.30310000
0.15610000	0.29800000
0.13700000	0.29260000
0.13830000	0.33870000
0.18080000	0.28210000
0.14380000	0.27710000
0.12600000	0.27210000
0.11500000	0.26710000
0.10960000	0.26230000
0.12600000	0.29590000
0.13560000	0.25290000
0.11780000	0.24840000
0.10960000	0.24940000
0.10410000	0.23950000
0.10000000	0.23520000
0.09860000	0.23090000
0.09590000	0.22680000
0.09310000	0.22270000
0.09590000	0.21870000
0.18220000	0.34560000
0.22740000	0.22930000
0.18220000	0.20860000
0.14930000	0.20470000
0.49440000	0.27330000
1.05600000	5.21910000
0.45880000	1.27580000
0.31770000	0.21870000
0.26980000	0.20590000
0.23830000	0.18670000
0.20270000	0.18310000
0.19590000	0.17940000
0.18080000	0.17580000
0.16850000	0.17240000
0.15750000	0.16910000
0.15200000	0.16600000
0.14930000	0.19180000
0.15610000	0.17390000
0.15890000	0.15690000
0.14930000	0.15400000
0.14790000	0.15120000
0.14790000	0.14850000
0.14380000	0.14580000
0.13970000	0.14310000
0.17120000	0.20540000
0.22320000	0.14530000
0.23010000	0.14970000
0.20960000	0.14030000
0.19310000	0.13130000
0.18760000	0.12890000
0.17940000	0.12770000
0.18760000	0.15710000
0.21230000	0.12190000
0.21370000	0.12970000
0.21090000	0.12910000
0.25750000	0.17620000
0.27670000	0.11690000
0.23970000	0.11520000
0.22190000	0.11030000
0.20820000	0.10820000
0.20000000	0.10610000
0.20960000	0.17420000
0.30130000	0.10260000
0.29310000	0.11210000
0.29860000	0.09910000
0.29720000	0.11900000
0.32730000	0.21540000
0.33280000	0.24390000
0.29860000	0.34580000
0.28620000	0.30170000
0.27800000	0.26150000
0.26020000	0.23350000
0.25060000	0.21200000
0.23560000	0.19510000
0.22740000	0.18170000
0.23280000	0.17840000
0.24240000	0.16220000
0.24110000	0.15510000
0.23690000	0.14920000
0.22740000	0.14420000
0.22740000	0.16550000
0.25890000	0.13600000
0.27670000	0.23120000
0.25610000	0.20950000
0.24520000	0.19260000
0.24110000	0.19610000
0.29580000	0.36370000
0.38080000	0.45740000
0.34510000	0.63500000
0.33560000	0.57140000
0.42870000	2.30550000
1.50660000	2.22150000
1.12030000	1.19620000
0.75050000	1.23350000
0.59710000	1.05580000
0.53410000	0.93250000
0.49170000	0.81630000
0.45060000	0.81540000
0.40810000	0.73780000
0.39310000	0.67760000
0.36840000	0.63000000
0.34930000	0.59210000
0.33830000	0.56160000
0.33970000	0.53990000
0.38210000	0.66170000
0.59170000	2.94840000
0.54780000	1.66620000
0.43140000	1.38790000
0.46980000	1.21680000
0.46980000	1.08170000
0.43280000	0.97730000
0.42320000	0.89610000
0.37940000	0.83220000
0.29450000	0.78140000
0.39030000	0.74050000
0.42050000	0.70700000
0.33280000	0.67920000
0.32870000	0.65560000
0.27390000	0.63540000
0.32190000	0.61750000
0.30820000	0.60170000
0.29450000	0.58720000
0.27390000	0.57400000
0.23970000	0.56160000
0.26710000	0.55000000
0.26020000	0.53900000
0.26710000	0.52840000
0.28080000	0.51830000
0.28760000	0.50850000
0.27800000	0.49900000
0.29990000	0.48970000
0.32870000	0.48070000
0.35880000	0.47190000
0.36980000	0.46330000
0.36290000	0.45490000
0.34100000	0.44670000
0.33690000	0.43860000
0.32190000	0.43070000
0.30130000	0.42290000
0.29450000	0.41530000
0.28760000	0.40780000
0.28080000	0.40040000
0.30130000	0.39330000
0.29450000	0.38610000
0.29450000	0.37920000
0.34930000	0.37230000
0.75330000	0.36570000
0.82180000	0.35910000
0.67800000	0.35260000
0.64370000	0.34630000
0.65060000	0.35510000
0.80810000	0.33970000
0.76700000	0.32880000
0.56150000	0.32210000
0.66430000	0.31620000
0.61630000	0.31060000
0.59580000	0.30500000
0.55470000	0.29950000
0.52730000	0.29410000
0.50680000	0.28880000
0.49310000	0.28360000
0.47250000	0.27850000
0.45330000	0.27350000
0.98610000	0.26860000
0.82180000	0.26380000
0.72590000	0.25900000
0.67110000	0.25440000
0.68480000	0.24980000
0.73960000	0.24530000
0.76700000	0.24090000
0.75330000	0.23650000
0.71220000	0.23230000
0.73960000	0.22810000
0.83550000	0.22400000
1.34220000	0.22000000
1.17790000	0.21610000
1.04780000	0.21220000
1.01350000	0.20840000
1.08200000	0.20630000
1.57510000	0.25550000
1.35590000	0.21590000
1.19160000	0.19640000
1.09570000	0.19050000
1.38330000	0.20040000
3.05420000	0.28060000
1.83530000	0.30220000
1.65720000	0.28220000
1.53400000	0.31570000
1.28330000	0.28710000
1.32990000	0.28220000
8.64220000	2.09480000
4.84840000	1.19190000
3.25970000	1.04920000
2.67070000	0.94020000
2.64330000	0.82970000
2.84880000	0.73770000
2.69810000	0.96340000
2.57490000	0.90840000
2.36940000	0.97370000
2.12290000	0.90250000
1.95850000	0.80450000
1.91750000	0.72870000
1.64350000	0.66960000
1.52030000	0.62300000
1.54770000	0.58600000
1.38330000	0.55600000
1.35180000	0.53150000
1.79420000	0.51100000
2.24620000	0.49360000
2.15030000	0.47860000
3.76640000	0.49130000
5.67020000	0.63290000
9.29960000	9.17490000
8.35460000	8.88010000
6.40980000	6.27060000
6.40980000	4.70260000
4.62930000	2.90570000
3.84860000	2.71310000
3.27340000	2.35930000
3.05420000	2.09750000
3.30080000	4.83320000
8.95720000	15.45030000
6.64260000	13.32310000
5.62910000	9.81300000
8.49160000	14.04820000
31.09010000	25.81740000
17.53100000	21.69330000
10.91580000	10.77850000
7.54650000	6.82570000
5.73870000	5.96780000
4.64300000	5.24340000
3.90340000	4.68780000
3.34180000	4.25740000
2.98570000	3.92130000
2.99940000	3.70490000
2.99940000	3.44430000
2.86250000	3.27290000
3.09530000	3.17350000
2.61600000	3.01390000
2.49270000	2.91350000
3.97190000	3.37130000
3.91710000	3.45800000
3.72530000	2.68390000
3.87600000	2.61890000
4.95800000	2.92680000
3.72530000	2.50660000
3.12270000	2.45590000
2.75290000	2.40680000
2.49270000	2.35980000
2.27360000	2.31460000
2.05440000	2.27080000
1.95850000	2.23410000
1.71200000	2.18710000
1.60240000	2.14680000
3.75270000	2.18390000
11.53210000	6.11430000
7.05350000	4.68240000
4.91690000	2.48500000
4.91690000	2.51540000
4.72520000	2.36530000
4.58820000	2.75040000
3.64320000	2.40510000
3.19120000	2.45660000
2.82140000	2.31190000
2.49270000	2.19840000
2.23250000	2.10500000
2.02700000	2.02670000
1.83530000	1.96050000
1.73940000	1.90950000
1.54770000	1.85060000
1.43810000	1.80460000
1.30250000	1.77190000
1.36410000	1.75270000
2.27360000	1.75290000
1.46550000	1.66020000
1.23130000	1.61990000
1.07510000	1.58850000
1.04090000	1.58300000
1.22170000	1.56450000
1.18610000	1.51520000
0.96690000	1.47270000
0.87380000	1.44560000
0.78890000	1.41920000
0.72860000	1.39340000
2.30090000	1.46710000
3.86230000	4.79680000
2.04070000	1.85850000
1.68460000	1.31310000
2.84880000	1.50490000
2.88990000	1.55030000
2.45160000	1.23810000
1.89010000	1.20690000
1.52030000	1.18480000
1.25180000	1.16320000
1.17920000	1.15790000
2.02700000	1.20560000
2.04070000	1.44010000
1.50660000	1.08200000
1.20110000	1.06610000
4.53340000	3.16660000
2.87620000	2.15320000
1.98590000	1.71780000
1.50660000	1.59570000
1.22850000	1.47080000
1.05730000	1.37210000
0.94500000	1.29320000
0.88480000	1.23100000
1.38330000	1.25210000
1.06010000	1.15150000
0.94370000	1.11610000
0.87930000	1.06270000
1.19430000	1.09320000
1.17380000	1.02200000
0.89160000	0.98490000
0.75470000	0.96300000
0.67800000	0.94260000
0.61080000	0.92330000
0.56150000	0.90490000
0.57930000	0.90790000
0.54920000	0.87040000
0.51770000	0.85400000
0.50400000	0.86720000
0.93960000	0.89390000
0.69710000	0.80740000
0.53280000	0.79270000
0.50130000	0.82990000
0.65600000	0.92190000
0.51090000	0.75100000
0.43830000	0.73810000
0.42180000	0.74540000
0.43830000	0.71120000
0.42590000	0.70960000
0.40400000	0.69110000
0.36710000	0.67310000
0.33690000	0.66090000
0.31500000	0.64900000
0.30130000	0.63830000
0.28620000	0.62580000
0.27120000	0.61480000
0.26840000	0.62810000
0.28350000	0.61890000
0.28760000	0.58200000
0.25890000	0.57140000
0.23970000	0.56110000
0.22460000	0.55100000
0.21370000	0.54110000
0.21090000	0.53130000
0.20130000	0.52220000
0.19860000	0.51240000
0.19170000	0.50310000
0.17940000	0.49410000
0.17260000	0.48520000
0.16300000	0.47650000
0.15480000	0.49380000
0.15340000	0.45950000
0.15480000	0.45120000
0.18080000	0.51980000
0.22740000	0.43510000
0.20540000	0.44350000
0.18900000	0.41960000
0.16980000	0.41200000
0.15340000	0.40460000
0.15070000	0.39730000
0.17390000	0.43640000
0.18220000	0.38310000
0.16710000	0.37620000
0.15340000	0.36950000
0.14930000	0.36610000
0.14380000	0.35640000
0.13700000	0.34990000
0.12460000	0.34360000
0.11920000	0.33740000
0.11640000	0.33130000
0.11370000	0.32540000
0.10820000	0.31950000
0.10820000	0.31400000
0.11230000	0.38650000
0.14240000	0.30260000
0.13150000	0.29760000
0.13420000	0.34730000
0.56560000	6.65030000
0.59580000	2.38770000
0.33010000	0.28180000
0.24790000	0.27590000
0.20680000	0.27030000
0.18630000	0.26490000
0.20000000	0.32740000
0.29040000	0.28640000
0.28760000	0.25080000
0.22460000	0.24630000
0.19450000	0.24160000
0.19590000	0.24560000
1.46550000	5.32000000
0.96560000	1.98800000
0.55740000	0.61030000
0.42460000	0.54640000
0.35060000	0.49000000
0.32320000	0.45460000
0.29990000	0.41310000
0.28210000	0.40160000
0.28620000	0.35350000
0.28080000	0.33540000
0.26300000	0.33150000
0.25470000	0.30810000
0.24240000	0.30420000
0.23690000	0.30290000
0.26160000	0.37210000
0.32320000	0.38690000
0.33560000	0.52400000
0.36160000	0.52420000
0.34790000	0.64200000
1.50660000	2.93460000
1.42440000	2.56610000
1.02720000	1.36370000
1.23400000	1.50970000
1.04640000	1.32530000
0.80400000	1.35160000
0.68340000	1.19070000
0.61500000	1.05260000
0.55880000	0.95220000
0.57660000	1.08030000
0.89570000	2.42680000
1.09290000	1.88110000
0.94640000	1.58460000
0.79850000	1.57610000
0.70530000	1.39740000
0.65190000	1.26400000
0.66290000	1.15240000
0.59300000	1.06820000
0.55060000	1.00140000
0.56560000	0.94770000
0.62590000	1.09600000
0.74100000	1.42770000
0.68890000	1.26160000
0.74640000	1.52230000
1.38330000	1.88140000
2.13660000	1.60010000
2.05440000	1.66330000
2.80770000	3.57680000
2.30090000	2.39340000
1.71200000	1.94840000
1.38330000	1.74890000
1.29430000	1.58290000
1.91750000	1.45550000
1.60240000	1.35510000
1.38330000	1.27510000
1.56140000	1.21040000
1.69830000	1.16780000
5.72500000	3.66770000
3.65690000	3.26620000
2.65700000	1.90800000
2.23250000	1.80650000
1.95850000	1.64250000
1.61610000	1.51430000
1.53400000	1.41310000
1.53400000	1.33220000
1.45180000	1.26660000
1.14360000	1.21260000
1.09570000	1.16740000
0.79440000	1.12880000
0.89020000	1.09530000
1.15870000	1.06570000
1.06420000	1.03920000
1.04780000	1.01490000
0.81900000	0.99250000
0.67800000	0.97150000
0.89020000	0.95170000
1.00260000	0.93280000
1.05460000	0.91470000
1.02170000	0.89720000
1.30390000	0.88030000
1.15870000	0.86390000
0.90530000	0.84800000
0.67930000	0.83240000
0.75330000	0.81720000
1.13680000	0.80230000
2.32830000	0.80560000
2.09550000	0.77640000
1.68460000	0.78690000
1.46550000	0.78120000
1.04780000	0.85740000
0.93960000	0.85870000
1.25320000	0.82410000
1.17790000	0.79150000
1.12310000	0.76390000
1.06830000	0.74020000
1.04780000	0.71940000
1.10940000	0.70080000
1.16420000	0.68400000
0.90390000	0.66850000
0.97930000	0.65410000
1.00670000	0.64060000
0.95870000	0.62770000
0.93130000	0.61540000
0.91760000	0.60360000
0.95870000	0.59220000
0.92450000	0.58110000
0.84920000	0.57030000
0.90390000	0.55980000
0.86970000	0.54960000
0.82180000	0.53960000
0.77380000	0.52970000
0.80810000	0.52010000
0.83550000	0.51070000
0.79440000	0.50150000
0.80120000	0.49240000
0.80810000	0.48360000
0.79440000	0.47480000
0.78070000	0.46630000
0.76700000	0.45800000
0.75330000	0.44960000
0.73960000	0.44150000
0.72590000	0.43360000
0.70530000	0.42580000
0.69170000	0.41810000
0.66430000	0.41060000
0.64370000	0.40320000
0.62320000	0.39600000
0.63000000	0.38880000
0.64370000	0.38180000
0.64370000	0.37500000
0.63690000	0.36820000
0.70530000	0.36160000
0.71220000	0.35510000
0.63000000	0.34870000
0.65740000	0.34240000
0.63000000	0.33630000
0.60260000	0.33020000
0.58890000	0.32430000
0.56150000	0.31850000
0.53410000	0.31270000
0.52050000	0.30710000
0.50680000	0.30160000
0.50680000	0.29620000
0.51360000	0.29080000
0.54780000	0.28560000
0.57520000	0.28050000
0.60260000	0.27540000
0.61630000	0.27050000
0.65740000	0.26560000
0.73960000	0.26090000
0.87660000	0.25620000
0.83550000	0.25150000
0.71220000	0.24700000
0.65740000	0.24260000
0.64370000	0.23820000
0.63690000	0.23390000
0.63000000	0.22970000
0.60260000	0.22560000
0.58890000	0.22150000
0.60950000	0.21760000
0.59580000	0.21370000
0.58890000	0.20980000
0.58890000	0.20600000
0.57520000	0.20230000
0.54780000	0.19870000
0.54780000	0.19510000
0.56150000	0.19160000
0.54780000	0.18820000
0.53410000	0.18480000
0.52050000	0.18150000
0.54780000	0.17820000
0.64370000	0.17500000
1.78050000	0.21790000
3.08160000	0.18820000
2.60230000	0.16850000
4.93060000	0.24810000
8.34090000	1.95610000
6.94390000	2.10310000
5.57430000	0.83220000
6.91650000	1.97750000
10.01180000	4.33470000
8.32720000	4.13720000
7.39590000	3.26850000
11.51840000	5.34250000
15.61350000	13.82060000
8.08070000	9.77180000
5.65650000	3.93610000
4.80730000	3.57920000
4.38280000	3.08400000
3.87600000	2.69440000
3.56100000	2.39500000
3.35550000	2.16590000
2.91730000	1.98780000
2.84880000	1.84770000
2.67070000	1.73620000
2.58860000	1.64630000
3.05420000	1.59950000
3.32820000	2.44250000
4.77990000	4.34560000
4.12250000	2.95050000
4.82100000	2.67020000
8.17660000	2.30650000
5.32780000	2.25940000
3.97190000	2.59120000
3.51990000	4.13490000
3.43770000	10.06500000
3.60210000	14.20450000
3.58840000	14.13180000
3.91710000	11.74640000
3.58840000	8.40000000
3.13640000	5.04680000
2.94470000	4.74200000
6.72480000	10.06060000
4.50600000	7.82590000
3.62950000	4.68320000
3.15010000	4.27050000
2.76660000	3.87650000
3.54730000	3.59190000
5.14970000	4.81070000
3.51990000	4.53210000
2.97210000	3.47490000
2.61600000	3.23610000
2.45160000	3.04650000
2.27360000	2.89580000
2.16400000	2.77340000
1.98590000	2.65950000
1.79420000	2.56980000
2.57490000	2.58410000
3.43770000	2.87460000
4.06770000	4.62210000
3.19120000	3.12540000
2.61600000	2.54720000
2.25990000	2.44080000
2.01330000	2.35150000
1.82160000	2.27510000
1.62980000	2.20860000
1.52030000	2.16050000
1.45180000	2.10000000
1.31620000	2.04810000
1.29840000	2.02870000
1.53400000	2.00480000
1.61610000	1.94610000
1.94480000	1.92420000
1.68460000	1.85200000
2.16400000	2.07390000
2.17770000	1.79980000
1.82160000	1.74600000
1.82160000	1.74770000
1.99960000	1.68860000
1.56140000	1.65120000
1.32580000	1.62100000
1.27370000	1.63100000
1.71200000	1.61400000
1.46550000	1.53420000
1.32580000	1.50900000
1.18610000	1.47960000
1.09160000	1.47320000
0.97520000	1.42890000
0.99840000	1.41370000
0.90670000	1.37890000
2.36940000	1.66800000
2.42420000	1.33380000
1.65720000	1.30380000
1.27920000	1.28010000
1.06970000	1.25680000
0.96010000	1.23410000
0.89440000	1.21620000
0.79440000	1.18980000
0.73960000	1.17840000
0.71900000	1.15050000
0.65060000	1.12820000
0.57930000	1.10630000
0.53000000	1.09070000
0.49580000	1.06680000
0.44920000	1.04760000
0.41500000	1.02880000
0.75470000	1.09050000
0.72450000	0.99200000
0.50260000	0.97410000
0.43420000	0.95660000
0.39170000	0.93940000
0.36160000	0.92250000
0.33830000	0.90590000
0.31770000	0.88960000
0.33560000	0.90240000
0.35610000	0.85780000
0.32190000	0.84250000
0.41090000	0.94280000
0.98340000	2.56170000
0.62450000	0.86840000
0.47530000	0.80690000
0.44920000	0.77120000
0.41640000	0.79630000
0.73410000	0.86420000
0.59030000	0.73040000
0.52870000	0.74690000
0.45470000	0.70460000
0.44650000	0.69170000
1.02580000	1.42980000
1.42440000	1.55130000
2.47900000	1.54880000
4.16360000	2.64120000
2.30090000	0.87580000
1.30250000	0.67150000
1.03820000	0.67280000
0.86700000	0.63220000
0.72040000	0.62320000
0.60130000	0.60110000
0.59170000	0.58740000
1.17650000	0.81960000
1.05600000	0.75560000
1.01350000	1.40840000
1.03820000	2.03410000
3.49250000	4.06330000
2.52010000	2.28210000
1.56140000	1.82930000
1.18610000	1.63010000
2.01330000	1.68680000
2.01330000	1.40970000
2.88990000	1.55180000
2.35570000	2.54750000
1.64350000	1.58960000
1.24090000	1.64410000
1.00390000	1.47910000
0.96690000	1.37780000
0.85740000	1.25040000
0.81350000	1.18340000
0.71630000	1.10690000
0.62450000	1.05480000
0.56700000	1.01170000
0.51910000	0.97550000
0.46840000	0.94430000
0.44240000	0.91720000
0.42460000	0.89300000
0.41230000	0.87150000
0.37390000	0.85130000
0.35200000	0.83270000
0.55740000	0.88530000
0.58890000	0.79880000
0.44920000	0.78380000
0.40540000	0.78010000
0.38080000	0.75440000
2.94470000	4.13260000
1.73940000	2.11970000
0.97240000	0.71560000
0.74920000	0.70210000
0.63550000	0.68880000
0.55880000	0.67590000
0.50540000	0.66340000
0.47110000	0.65120000
0.44100000	0.63930000
0.41230000	0.62760000
0.42460000	0.61660000
0.45610000	0.61780000
0.45880000	0.61660000
0.45200000	0.59350000
0.39990000	0.57280000
0.36430000	0.56250000
0.41500000	0.58190000
0.43420000	0.54240000
0.37530000	0.53260000
1.16140000	0.58040000
2.69810000	5.28820000
1.19700000	2.43090000
0.93680000	1.01800000
0.80810000	0.91910000
1.05600000	0.86850000
5.19080000	4.90530000
2.49270000	3.44220000
1.72570000	1.84680000
1.46550000	1.66790000
1.29980000	1.46140000
1.16010000	1.31110000
2.09550000	1.47400000
1.82160000	1.82580000
1.45180000	1.53490000
1.22850000	1.48180000
1.08340000	1.34300000
0.99160000	1.23470000
0.92590000	1.14940000
0.87660000	1.08140000
0.83960000	1.02640000
0.78750000	0.98130000
2.32830000	1.75490000
3.93080000	3.28100000
2.38310000	1.98180000
1.83530000	1.64570000
1.57510000	1.48720000
1.38330000	1.35890000
1.80790000	2.09540000
2.90360000	2.77880000
2.06810000	1.70700000
1.76680000	1.74440000
1.53400000	1.59540000
1.45180000	1.46720000
4.36910000	5.14780000
10.39530000	9.25770000
12.66890000	8.99850000
10.62820000	10.37200000
5.80710000	6.54360000
4.47860000	3.97530000
3.87600000	3.51400000
4.34170000	3.53510000
4.84840000	4.84280000
4.25950000	3.91910000
3.80750000	3.14940000
3.30080000	2.97060000
2.90360000	2.77150000
2.56120000	2.55470000
2.35570000	2.38360000
2.23250000	2.24690000
2.20510000	2.14620000
3.06790000	3.00350000
3.21860000	2.87760000
2.58860000	2.38240000
2.28720000	2.24660000
2.16400000	2.12410000
2.09550000	2.02440000
2.53380000	2.35650000
10.98430000	10.90270000
7.23150000	8.45340000
4.75250000	3.73800000
3.86230000	3.52940000
3.38290000	3.16410000
3.12270000	2.88980000
2.80770000	2.65920000
2.57490000	2.52670000
2.50640000	2.76300000
7.77940000	8.86890000
5.06760000	7.16360000
3.93080000	3.65390000
3.35550000	3.49210000
2.72550000	3.22570000
2.54750000	2.95580000
2.16400000	2.74380000
2.09550000	2.57530000
1.87640000	2.43960000
2.05440000	2.32870000
1.89010000	2.23650000
1.91750000	2.15860000
3.42400000	2.09150000
6.16320000	2.31150000
3.61580000	2.12690000
2.41050000	2.27960000
2.32830000	2.26460000
2.41050000	2.16290000
3.15010000	2.06840000
7.25890000	1.98950000
4.80730000	1.92240000
3.91710000	1.86440000
3.30080000	1.81320000
3.30080000	1.76740000
3.02680000	1.72570000
4.28690000	1.68720000
14.10700000	4.44860000
7.66980000	5.29370000
5.47840000	3.30130000
4.50600000	2.69000000
4.12250000	2.53140000
3.83490000	2.34430000
3.79380000	2.19700000
3.45140000	2.06060000
3.13640000	2.12650000
3.01310000	2.08440000
3.16380000	1.99210000
3.10900000	1.89030000
2.83510000	1.95180000
2.39680000	1.92660000
1.82160000	1.83450000
1.35590000	1.75840000
1.47920000	1.69450000
1.62980000	1.63970000
1.84900000	1.59210000
1.94480000	1.54980000
1.45180000	1.51170000
1.32850000	1.47680000
1.32850000	1.44450000
1.36960000	1.41420000
1.32170000	1.38550000
1.26000000	1.35810000
1.21900000	1.33190000
1.15050000	1.30660000
1.11620000	1.28200000
1.08880000	1.25820000
1.04090000	1.23500000
0.94500000	1.21230000
0.89440000	1.19020000
0.87380000	1.16850000
0.84230000	1.14730000
0.82860000	1.12650000
0.80810000	1.10610000
0.79440000	1.08620000
0.75330000	1.06640000
0.73270000	1.04730000
0.72590000	1.02840000
0.72590000	1.00990000
0.74640000	0.99170000
0.76010000	0.97390000
0.76700000	0.95640000
0.75330000	0.93910000
0.72590000	0.92220000
0.73550000	0.90560000
0.73000000	0.88930000
0.70400000	0.87330000
0.69440000	0.85760000
0.68070000	0.84210000
0.67110000	0.82700000
0.63410000	0.81210000
0.66430000	0.79750000
0.68480000	0.78310000
0.66430000	0.76900000
0.65060000	0.75520000
0.64370000	0.74160000
0.63000000	0.72830000
0.61910000	0.71520000
0.60260000	0.70230000
0.59710000	0.68970000
0.59710000	0.67730000
0.60260000	0.66510000
0.64370000	0.65310000
0.71900000	0.64140000
0.84920000	0.62980000
1.02720000	0.61850000
1.75310000	0.64930000
1.91750000	0.62060000
1.67090000	0.60970000
2.68440000	1.59850000
4.08140000	1.81950000
2.65700000	0.96560000
2.02700000	1.04870000
1.69830000	1.00020000
1.58870000	0.91170000
1.61610000	0.84500000
1.52030000	0.78890000
1.32850000	0.74380000
1.38330000	0.70800000
1.23260000	0.67850000
1.16550000	0.65370000
1.14500000	0.63250000
1.09710000	0.61410000
1.01490000	0.59780000
1.09980000	0.58300000
0.99160000	0.56960000
0.79440000	0.55710000
1.02720000	0.54540000
1.00670000	0.53430000
1.54770000	0.57180000
8.86140000	11.77460000
7.49180000	10.97430000
5.84820000	5.89020000
4.98540000	5.40030000
4.80730000	5.72950000
6.65630000	9.01160000
9.86120000	11.86630000
7.34110000	9.28960000
5.60170000	6.46620000
4.99910000	4.27260000
3.93080000	3.98560000
3.53360000	3.50910000
3.32820000	3.16870000
3.16380000	2.87260000
2.93100000	2.66620000
2.68440000	2.48030000
2.52010000	2.44690000
2.79400000	4.63460000
5.21820000	8.57650000
4.32800000	6.66940000
3.41030000	3.65650000
3.01310000	3.93610000
3.19120000	5.00440000
3.25970000	4.43880000
3.54730000	3.48460000
2.80770000	3.29140000
2.42420000	3.02490000
2.23250000	2.81060000
2.05440000	2.64780000
1.87640000	2.50690000
2.25990000	2.43800000
2.41050000	2.31520000
2.01330000	2.22300000
1.78050000	2.15480000
1.62980000	2.09500000
1.50660000	2.04150000
1.43810000	1.99960000
1.46550000	1.96580000
2.02700000	1.96480000
1.86270000	1.86720000
1.76680000	1.84390000
1.56140000	1.79410000
1.36280000	1.75970000
1.27370000	1.72650000
1.20250000	1.69420000
1.28470000	1.68240000
1.18750000	1.63220000
1.05730000	1.60240000
1.01490000	1.60370000
1.06690000	1.54460000
2.57490000	1.59930000
1.58870000	1.48910000
1.25050000	1.46240000
1.26690000	1.46870000
1.06560000	1.41000000
1.00530000	1.40110000
1.02040000	1.38900000
3.08160000	3.84300000
8.69700000	8.40600000
8.25870000	6.79740000
5.17710000	3.03240000
4.02670000	2.41320000
3.64320000	2.23510000
3.46510000	2.02650000
2.73920000	1.99980000
2.35570000	1.85460000
2.21880000	1.77600000
2.79400000	1.69290000
3.31450000	1.99990000
2.86250000	1.66810000
2.27360000	1.63050000
1.93110000	1.64680000
1.71200000	1.56300000
1.52030000	1.49420000
1.35870000	1.43680000
2.67070000	1.46880000
1.72570000	1.34600000
1.36690000	1.30890000
1.17380000	1.27570000
1.05050000	1.24550000
1.05320000	1.23690000
0.98750000	1.19160000
0.85190000	1.16710000
0.80400000	1.14400000
0.82180000	1.16210000
0.83000000	1.10040000
0.68890000	1.07930000
0.65600000	1.07150000
0.84500000	1.07940000
0.69300000	1.02040000
0.58890000	1.00390000
0.56840000	0.99050000
0.57110000	0.98140000
0.51360000	0.94810000
0.68480000	1.00060000
0.79030000	0.93000000
0.57660000	0.89760000
0.54780000	0.92360000
0.58620000	0.86550000
0.47940000	0.84990000
0.44380000	0.84140000
0.56840000	0.87180000
0.55200000	0.80490000
0.59300000	0.94740000
0.99570000	0.94630000
0.78340000	0.78280000
0.59850000	0.75310000
0.51220000	0.73650000
0.45610000	0.72420000
0.43960000	0.71310000
0.46160000	0.72250000
0.58070000	0.70590000
0.49580000	0.68730000
0.46700000	0.65970000
0.49440000	0.71400000
0.56150000	0.73340000
0.60670000	0.62530000
0.47390000	0.61420000
0.68210000	0.61690000
1.90380000	2.30020000
0.97650000	0.76170000
0.68890000	0.57320000
0.58890000	0.57960000
0.73960000	0.61270000
0.83410000	0.70870000
0.74510000	0.53270000
0.59850000	0.53780000
1.15180000	0.70320000
0.96150000	0.50470000
0.69580000	0.51350000
0.91630000	0.55190000
0.72040000	0.48940000
0.57660000	0.47870000
0.50680000	0.47020000
0.51220000	0.46820000
0.47660000	0.45090000
0.42320000	0.44140000
0.44240000	0.46900000
0.56700000	0.49060000
5.56060000	5.31320000
3.94450000	4.61860000
2.02700000	1.43570000
1.42440000	1.55920000
1.50660000	1.62100000
1.16830000	1.40450000
0.92310000	1.48660000
0.86420000	1.32320000
2.08180000	2.03040000
3.58840000	4.37410000
1.87640000	2.35150000
1.34630000	1.90830000
1.06010000	1.67100000
0.90670000	1.49590000
0.79990000	1.36030000
0.73000000	1.25430000
0.73680000	1.21130000
3.04050000	1.93820000
2.38310000	2.41320000
1.57510000	1.32190000
1.17100000	1.46800000
0.96690000	1.34250000
0.84230000	1.24400000
0.75740000	1.16590000
0.69030000	1.10310000
0.64780000	1.05190000
0.62450000	1.01020000
2.35570000	1.27670000
4.14990000	2.92650000
2.38310000	1.64260000
1.68460000	1.39630000
1.30800000	1.28130000
1.07240000	1.19070000
0.94500000	1.11870000
0.87380000	1.06060000
0.81770000	1.01310000
1.91750000	1.26980000
2.38310000	3.11950000
1.46550000	1.84800000
1.17920000	1.54600000
1.02580000	1.40220000
0.90670000	1.29000000
0.81350000	1.20160000
0.75740000	1.13100000
0.71770000	1.07400000
0.66700000	1.02710000
0.63280000	0.98800000
0.61630000	0.95480000
0.59580000	0.92590000
0.59580000	0.90990000
0.56700000	0.87780000
0.54650000	0.86530000
0.53410000	0.83800000
0.50680000	0.83030000
0.48620000	0.80340000
0.47250000	0.78740000
0.46700000	0.77200000
0.45740000	0.75730000
0.44510000	0.74300000
0.43010000	0.72910000
0.42180000	0.71560000
0.41360000	0.70250000
0.41090000	0.68960000
0.41500000	0.70550000
0.65880000	0.74330000
0.89300000	0.78890000
0.69710000	0.64870000
0.59580000	0.63010000
0.54510000	0.61870000
0.51360000	0.60740000
0.49170000	0.59640000
0.47800000	0.58550000
0.46430000	0.57490000
0.45060000	0.56450000
0.43690000	0.55440000
0.42730000	0.54430000
0.42050000	0.53450000
0.41500000	0.52490000
0.41090000	0.51540000
0.41500000	0.51910000
0.42590000	0.50530000
0.41640000	0.48810000
0.50680000	0.61810000
0.70120000	0.47120000
0.74920000	1.20620000
0.86970000	0.80010000
0.72590000	0.74480000
0.66700000	0.75550000
0.60130000	0.69140000
0.54240000	0.64100000
0.53280000	0.60090000
0.53960000	0.57550000
0.50680000	0.54220000
0.42180000	0.52040000
0.44100000	0.50210000
0.45330000	0.48620000
0.44100000	0.47240000
0.44920000	0.46010000
0.47250000	0.44930000
0.45880000	0.43880000
0.56980000	0.56840000
0.75470000	0.86580000
0.66150000	0.82130000
0.60400000	0.89270000
1.80790000	2.72600000
3.15010000	4.95160000
1.86270000	2.38750000
1.49290000	1.91820000
2.98570000	3.40810000
2.13660000	2.49840000
3.30080000	2.27140000
6.93020000	6.52460000
3.49250000	4.50120000
2.60230000	2.68320000
2.17770000	2.37540000
1.54770000	2.10460000
1.58870000	1.89560000
1.95850000	1.94760000
2.28720000	1.75490000
1.89010000	2.15130000
2.15030000	4.96860000
2.46530000	4.22240000
2.09550000	2.56310000
1.76680000	2.47290000
1.15730000	2.24530000
1.14640000	2.04870000
1.14090000	1.89470000
1.02860000	1.77280000
1.10660000	1.67500000
1.03820000	1.59550000
0.68620000	1.52970000
0.96830000	1.47440000
1.36960000	1.42700000
7.49180000	3.38510000
3.41030000	2.72640000
1.95850000	2.15290000
1.58870000	2.04290000
1.17510000	1.88250000
1.61610000	1.75340000
1.46550000	1.65050000
1.38330000	1.56720000
1.95850000	1.52400000
2.17770000	1.91480000
2.24620000	1.64770000
2.60230000	1.60770000
2.16400000	1.51980000
1.67090000	1.53650000
1.53400000	1.49050000
1.38330000	1.42420000
1.32170000	1.36900000
1.46550000	1.32210000
1.27920000	1.28170000
1.20800000	1.24610000
1.27240000	1.21980000
6.67000000	8.80950000
4.69780000	7.16310000
2.64330000	2.90280000
2.25990000	2.71660000
1.41070000	2.41970000
1.09160000	2.18530000
1.33670000	2.00290000
1.26550000	1.85950000
1.12170000	1.74550000
1.25050000	1.65370000
1.22440000	1.57870000
1.17920000	1.51630000
1.15730000	1.46360000
1.13540000	1.41810000
1.07380000	1.37830000
1.03410000	1.34270000
1.00530000	1.31050000
0.97650000	1.28090000
0.94500000	1.25330000
0.89300000	1.22730000
0.88480000	1.20270000
0.87660000	1.17910000
0.86010000	1.15650000
0.88480000	1.13460000
0.89300000	1.11340000
0.93270000	1.09960000
1.00260000	1.10810000
1.25050000	3.38460000
1.19020000	2.30180000
0.97240000	1.86120000
0.89300000	1.75680000
0.77520000	1.60580000
0.90810000	1.48740000
1.06830000	1.39340000
1.53400000	1.31800000
1.26410000	1.25650000
0.88480000	1.20560000
0.83550000	1.16270000
0.82860000	1.12580000
0.81350000	1.09360000
0.86970000	1.06490000
0.74370000	1.03910000
0.79440000	1.01530000
0.80940000	0.99330000
0.81900000	0.97260000
0.81770000	0.95290000
0.86010000	0.93420000
0.83000000	0.91620000
0.77250000	0.89880000
0.70530000	0.88190000
0.72860000	0.86560000
0.75880000	0.84960000
0.75470000	0.83400000
0.79990000	0.81880000
0.83550000	0.80390000
0.89300000	0.78930000
0.96150000	0.77510000
0.95460000	0.76100000
0.89020000	0.74730000
0.86150000	0.73380000
0.86830000	0.72060000
0.85190000	0.70760000
0.83140000	0.69480000
0.84920000	0.68230000
0.83000000	0.67010000
0.84920000	0.65800000
0.89980000	0.64610000
0.99980000	0.63450000
1.09840000	0.62310000
0.99570000	0.61190000
1.06830000	0.60090000
1.09020000	0.59000000
1.15180000	0.57940000
1.75310000	0.56910000
4.50600000	0.63320000
4.60190000	0.59830000
5.12230000	1.63700000
8.58750000	7.63740000
10.34060000	10.51590000
24.10510000	14.96660000
14.10700000	12.24430000
8.97090000	8.11690000
8.35460000	8.04430000
9.58730000	10.29470000
11.28560000	10.82240000
8.97090000	7.27900000
7.24520000	5.22160000
6.50560000	4.25760000
5.14970000	3.89790000
4.42380000	3.59350000
3.99930000	3.25940000
3.67060000	2.99250000
3.38290000	2.78770000
3.31450000	2.61640000
3.39660000	2.47410000
3.20490000	2.36420000
3.08160000	2.27260000
4.27320000	2.29140000
3.19120000	2.12780000
4.58820000	3.26730000
12.28540000	6.72200000
8.90250000	5.14580000
5.79340000	3.10680000
5.02650000	3.03420000
7.61500000	3.95970000
5.76610000	3.72020000
4.60190000	2.96880000
6.08110000	3.09460000
4.62930000	2.69310000
4.02670000	2.80900000
3.50620000	2.58800000
3.12270000	2.45980000
2.80770000	2.33170000
2.57490000	2.22680000
2.43790000	2.14520000
2.25990000	2.06570000
2.05440000	2.00190000
1.90380000	1.94600000
1.75310000	1.89600000
1.58870000	1.85070000
1.52030000	1.80900000
1.71200000	1.79910000
2.13660000	1.79220000
1.89010000	1.69880000
1.60240000	1.66560000
1.49290000	1.63610000
1.36960000	1.60270000
1.26960000	1.57270000
1.53400000	1.58460000
2.04070000	1.55140000
2.62970000	1.70320000
2.53380000	1.75410000
2.13660000	1.44740000
2.06810000	1.42740000
1.83530000	1.39360000
1.69830000	1.36700000
1.71200000	1.34180000
2.35570000	1.33830000
2.19140000	1.30040000
1.71200000	1.26250000
1.47920000	1.23970000
1.31890000	1.21730000
1.16420000	1.19540000
1.05600000	1.17380000
1.28880000	1.19810000
1.08610000	1.13190000
1.01490000	1.13440000
2.13660000	1.17540000
1.60240000	1.08910000
1.41070000	1.05340000
2.09550000	1.20190000
1.72570000	1.04400000
2.60230000	2.13650000
2.49270000	2.24890000
5.79340000	3.64830000
6.45090000	3.62290000
3.78010000	1.59380000
2.72550000	1.73120000
2.17770000	1.56490000
1.98590000	1.47480000
1.73940000	1.33350000
1.46550000	1.25250000
1.25460000	1.18720000
1.08750000	1.13380000
1.04640000	1.08930000
1.07930000	1.05160000
0.92170000	1.03220000
1.00120000	1.01420000
0.88340000	0.96520000
0.87930000	0.96490000
0.79990000	0.92090000
0.69170000	0.90110000
0.64230000	0.88250000
0.65740000	0.89220000
0.68340000	0.88730000
0.65600000	0.83160000
1.65720000	3.07490000
2.80770000	3.82200000
1.49290000	1.02610000
0.99300000	0.77520000
0.80530000	0.76040000
0.71490000	0.74670000
0.74370000	0.74500000
0.64780000	0.71860000
0.58620000	0.70540000
0.64370000	0.70770000
0.65330000	0.68750000
0.63140000	0.68790000
0.53280000	0.65540000
0.47660000	0.64360000
0.63280000	0.68070000
0.55470000	0.62680000
0.45880000	0.60930000
0.42320000	0.59840000
0.41500000	0.61570000
0.52050000	0.62340000
0.49030000	0.56670000
0.40130000	0.55640000
0.36290000	0.54630000
0.36570000	0.55470000
0.74510000	0.59180000
0.60540000	0.51740000
0.43830000	0.50810000
0.37530000	0.49890000
0.34650000	0.49000000
0.32870000	0.48110000
0.29720000	0.47250000
0.27940000	0.46390000
0.26430000	0.45560000
0.24930000	0.44740000
0.23690000	0.43930000
0.23280000	0.44440000
0.24240000	0.42370000
0.33560000	0.47460000
0.35750000	0.40900000
0.28760000	0.40120000
0.24930000	0.39400000
0.22460000	0.38690000
0.22460000	0.39560000
0.31090000	0.48350000
0.69850000	0.38300000
0.43550000	0.37080000
0.36430000	0.35420000
0.30540000	0.34970000
0.27120000	0.34130000
0.24520000	0.33510000
0.24520000	0.32900000
0.34510000	0.40670000
0.51910000	0.33430000
0.47110000	2.43020000
2.90360000	4.79800000
1.23130000	0.39320000
0.74510000	0.30030000
0.56020000	0.29410000
0.46570000	0.28810000
0.40950000	0.28250000
0.36710000	0.27700000
0.33560000	0.27180000
0.32050000	0.27910000
0.30540000	0.26180000
0.28490000	0.25690000
0.27120000	0.25220000
0.25890000	0.24760000
0.24650000	0.24310000
0.35340000	0.32730000
0.62180000	0.28430000
0.44650000	0.26980000
0.47250000	0.24070000
0.43140000	0.22290000
0.38490000	0.21920000
0.40400000	0.24520000
0.36290000	0.21080000
0.31090000	0.20690000
0.27940000	0.20320000
0.26160000	0.19950000
0.26710000	0.21910000
0.55610000	0.96630000
0.58350000	0.24820000
0.44650000	0.18710000
0.49310000	0.28330000
0.46840000	0.18040000
0.39170000	0.17750000
0.35060000	0.17400000
0.32870000	0.17070000
0.30130000	0.16740000
0.28900000	0.16430000
0.28080000	0.16130000
1.53400000	4.26450000
6.42350000	11.70440000
3.06790000	7.80330000
1.97220000	3.24930000
1.49290000	2.58780000
1.21210000	2.26230000
1.22170000	1.97050000
5.86190000	6.61530000
7.58760000	8.48140000
8.17660000	10.40520000
4.41010000	7.14610000
3.95820000	4.43410000
2.99940000	3.55240000
2.36940000	3.34370000
2.04070000	2.99630000
2.94470000	6.76620000
3.82120000	6.74430000
8.64220000	7.13160000
9.06680000	12.84460000
6.12220000	9.09060000
4.64300000	4.67910000
3.90340000	4.30220000
3.54730000	3.81890000
3.87600000	3.44580000
4.16360000	3.15540000
4.20470000	2.94800000
3.45140000	2.74630000
2.90360000	2.60060000
2.58860000	2.48150000
2.35570000	2.38270000
3.46510000	3.30980000
2.98570000	3.35800000
2.78030000	2.70800000
9.57360000	6.95830000
5.35520000	5.98690000
3.90340000	3.53860000
3.32820000	3.28410000
2.95840000	3.01450000
2.87620000	2.80230000
7.45070000	6.20540000
9.47770000	9.09070000
5.51950000	5.24420000
4.27320000	3.90230000
3.69790000	3.56080000
3.34180000	3.25960000
3.75270000	3.42910000
4.14990000	2.99940000
3.15010000	3.13390000
2.84880000	2.91720000
2.57490000	2.74450000
2.39680000	2.60500000
2.35570000	2.49050000
3.41030000	3.59660000
7.36850000	12.67320000
5.58800000	9.67710000
4.24580000	4.33660000
3.65690000	4.08200000
3.16380000	3.67760000
2.90360000	3.36320000
2.68440000	3.11650000
2.45160000	2.92080000
1.97220000	2.76360000
1.89010000	2.63530000
2.16400000	2.52900000
2.02700000	2.43930000
1.91750000	2.36220000
1.52030000	2.29490000
1.20530000	2.23490000
1.38330000	2.18070000
1.72570000	2.13100000
1.73940000	2.08480000
1.60240000	2.04140000
1.45180000	2.00020000
1.36960000	1.96090000
1.27650000	1.92310000
1.26000000	1.88660000
1.25180000	1.85130000
1.25180000	1.81690000
1.12860000	1.78340000
3.42400000	2.05300000
3.73900000	2.41050000
2.56120000	2.05990000
2.42420000	2.03690000
4.47860000	1.95070000
3.09530000	1.86500000
2.79400000	1.79340000
2.57490000	1.73260000
2.28720000	1.68010000
2.08180000	1.63380000
1.99960000	1.59240000
1.90380000	1.55470000
1.67090000	1.51990000
1.62980000	1.48750000
1.62980000	1.45690000
1.60240000	1.42790000
1.49290000	1.40000000
2.47900000	1.40870000
2.83510000	1.96740000
5.14970000	4.00340000
8.56010000	3.72780000
4.10880000	2.32640000
3.38290000	2.22460000
8.32720000	2.05360000
14.24390000	5.65110000
6.57410000	5.51170000
6.49190000	3.46580000
6.30020000	3.43150000
4.69780000	2.80260000
4.13620000	2.62100000
3.67060000	2.39320000
3.24600000	2.21010000
2.54750000	2.06530000
2.94470000	1.94930000
2.75290000	1.85520000
2.72550000	1.80770000
2.71180000	3.04210000
2.45160000	2.49890000
2.24620000	2.12280000
2.73920000	2.06260000
4.95800000	5.02300000
8.43680000	9.74940000
7.49180000	7.11750000
4.80730000	3.61970000
3.80750000	3.43380000
3.12270000	3.09880000
2.82140000	2.80680000
2.41050000	2.57910000
2.52010000	2.39980000
2.28720000	2.25700000
2.25990000	2.14160000
2.13660000	2.04700000
2.13660000	1.98600000
2.78030000	2.24130000
2.69810000	2.62940000
1.57510000	2.20480000
1.76680000	2.15850000
1.58870000	2.04060000
1.64350000	1.94450000
1.58870000	1.86500000
1.47920000	1.79810000
1.35450000	1.74070000
1.29430000	1.69060000
1.26140000	1.64610000
1.22850000	1.60590000
1.24500000	1.56910000
1.19430000	1.53490000
1.12310000	1.50290000
1.04910000	1.47250000
1.02040000	1.44350000
1.01210000	1.41560000
0.98610000	1.38870000
0.95460000	1.36270000
0.93270000	1.33740000
0.99980000	1.32610000
1.91750000	1.51540000
1.86270000	1.64430000
2.56120000	1.89660000
9.43660000	6.85410000
5.93040000	5.43420000
3.46510000	2.74400000
2.65700000	2.58220000
2.12290000	2.33000000
2.08180000	2.12150000
1.84900000	1.95840000
1.67090000	1.82950000
1.75310000	1.72630000
1.58870000	1.64260000
1.62980000	1.59170000
1.67090000	1.54880000
1.69830000	1.70980000
1.61610000	1.50320000
1.60240000	1.64030000
1.64350000	2.07300000
1.73940000	3.97900000
1.86270000	6.11620000
2.41050000	9.74210000
3.46510000	9.99550000
2.57490000	6.23950000
5.61540000	8.49920000
5.93040000	6.78530000
4.25950000	4.18620000
3.87600000	3.76790000
4.47860000	3.70280000
3.56100000	3.18110000
3.16380000	3.20770000
2.91730000	6.32370000
2.88990000	6.22560000
3.02680000	3.52200000
2.71180000	3.48470000
2.57490000	3.17730000
2.43790000	2.93480000
2.23250000	2.74280000
2.06810000	2.58970000
1.89010000	2.46510000
1.75310000	2.36240000
1.64350000	2.27600000
1.54770000	2.20220000
2.36940000	2.21490000
3.28710000	2.12150000
2.79400000	2.04190000
2.42420000	1.98340000
2.08180000	1.93990000
1.87640000	1.89900000
1.72570000	1.86040000
1.60240000	1.82350000
1.49290000	1.78820000
1.46550000	1.75410000
2.27360000	1.78020000
2.50640000	1.71570000
1.98590000	1.65910000
1.71200000	1.62740000
1.67090000	1.61230000
1.52030000	1.56860000
1.39700000	1.54010000
1.32720000	1.51220000
1.26830000	1.48510000
1.30660000	1.45800000
2.86250000	1.50570000
9.50510000	6.00840000
8.91620000	5.15620000
6.25910000	2.19570000
5.90300000	2.14180000
5.13600000	2.32340000
8.39570000	3.49940000
17.94190000	10.52500000
9.28600000	7.27160000
7.32740000	3.98080000
5.43730000	3.30770000
4.47860000	3.08560000
3.76640000	2.77050000
3.30080000	2.52840000
3.08160000	2.35360000
2.67070000	2.18850000
2.35570000	2.06800000
2.13660000	1.96990000
2.35570000	1.91450000
2.08180000	1.83600000
2.39680000	1.81920000
2.99940000	1.74590000
5.25930000	4.40350000
3.58840000	3.15620000
2.90360000	1.59300000
2.50640000	1.62640000
4.62930000	1.99360000
3.71160000	2.26360000
8.34090000	5.11660000
8.51900000	5.69740000
5.57430000	2.82150000
4.38280000	2.82270000
3.68420000	2.54590000
3.49250000	2.34120000
2.88990000	2.15380000
2.52010000	2.01800000
2.34200000	1.90900000
2.06810000	1.82020000
2.20510000	1.78330000
2.20510000	1.72270000
1.82160000	1.63120000
1.89010000	1.64630000
1.98590000	1.57550000
1.73940000	1.50570000
4.68410000	3.58800000
10.06660000	8.84570000
5.25930000	5.45150000
5.09490000	3.75660000
6.98500000	6.21660000
5.16340000	5.12310000
4.01300000	3.72310000
3.32820000	3.05830000
2.67070000	2.86230000
2.31460000	2.59590000
1.97220000	2.38800000
1.75310000	2.22410000
1.56140000	2.09340000
1.42440000	1.98770000
1.26690000	1.90100000
1.16830000	1.83050000
1.18060000	1.80140000
7.83420000	7.13070000
4.49230000	4.74790000
2.76660000	2.00700000
1.97220000	1.92140000
1.64350000	1.82430000
1.49290000	1.74450000
1.36280000	1.67800000
1.19840000	1.62130000
1.13400000	1.57230000
1.91750000	1.57930000
4.32800000	3.24600000
2.43790000	1.96150000
1.60240000	1.42510000
1.32990000	1.41000000
1.12860000	1.36550000
1.46550000	1.33820000
2.94470000	1.40900000
2.87620000	1.65620000
2.10920000	1.26310000
1.78050000	1.27700000
1.91750000	1.25180000
1.82160000	1.21120000
1.65720000	1.20940000
1.41070000	1.15090000
1.15730000	1.27320000
1.06280000	1.23480000
0.95320000	1.18300000
0.81770000	1.14720000
0.75190000	1.11570000
0.92720000	1.14130000
0.79440000	1.06170000
0.69170000	1.03800000
0.63000000	1.01590000
0.59300000	1.00690000
0.58210000	0.97520000
0.52870000	0.95620000
0.49720000	0.93790000
0.47800000	0.92020000
0.66020000	0.99090000
1.68460000	2.80650000
1.03270000	1.22400000
0.79440000	0.87780000
0.66430000	0.84090000
0.58760000	0.82540000
0.54510000	0.80990000
0.54370000	0.79500000
0.75740000	0.83250000
0.71220000	0.76670000
0.63820000	0.75910000
0.56840000	0.73880000
0.50680000	0.72540000
0.46840000	0.71230000
0.46290000	0.71990000
0.55330000	0.72100000
0.56020000	0.67440000
0.50400000	0.67130000
0.48480000	0.65080000
0.46570000	0.63870000
0.43550000	0.62710000
0.59990000	0.66820000
0.56980000	0.60470000
0.46840000	0.59390000
0.42460000	0.58320000
0.42320000	0.58770000
0.45610000	0.58010000
0.48900000	0.55220000
0.44100000	0.54230000
0.40680000	0.53250000
0.38490000	0.52290000
0.40270000	0.53890000
0.42180000	0.52060000
0.39580000	0.49520000
0.37800000	0.49810000
0.39860000	0.49860000
0.47940000	0.49610000
0.43690000	0.46050000
0.37800000	0.45230000
0.35060000	0.44410000
0.64920000	1.17910000
1.78050000	4.83930000
1.26140000	4.17720000
3.99930000	6.31460000
1.89010000	3.69580000
1.32990000	2.12870000
1.36820000	2.00970000
1.20530000	1.73040000
0.99020000	1.70560000
0.88200000	1.51250000
0.81900000	1.36350000
0.75740000	1.24760000
0.70950000	1.15660000
1.02860000	1.38240000
1.31760000	1.73040000
1.02990000	1.47220000
0.89570000	1.49490000
0.82180000	1.36130000
0.78200000	1.25680000
3.01310000	3.93430000
2.82140000	2.50920000
6.23170000	4.93820000
11.44990000	9.97020000
4.75250000	5.76020000
3.88970000	3.37310000
3.36920000	2.96950000
2.83510000	2.85000000
2.53380000	2.60890000
2.20510000	2.40510000
7.16310000	3.47870000
13.83310000	9.29830000
7.21780000	7.86540000
4.93060000	3.61660000
4.58820000	3.52070000
3.99930000	3.15530000
3.47880000	2.82490000
2.98570000	2.80910000
2.67070000	2.57940000
2.46530000	2.39850000
2.23250000	2.25460000
2.16400000	2.15290000
4.38280000	4.21000000
3.13640000	3.51620000
2.54750000	2.71200000
2.35570000	2.52100000
3.30080000	3.57540000
4.56080000	5.24050000
4.97170000	6.39520000
3.68420000	4.40310000
6.34130000	5.56770000
4.58820000	4.55000000
3.71160000	3.50960000
3.30080000	3.19480000
2.87620000	2.92370000
2.61600000	2.71080000
2.43790000	2.54180000
2.28720000	2.40590000
2.09550000	2.29500000
1.97220000	2.20300000
1.87640000	2.12530000
1.78050000	2.05860000
1.73940000	2.00920000
1.65720000	1.94810000
2.76660000	2.85120000
12.72370000	11.12960000
5.43730000	7.97250000
4.05400000	3.78440000
3.35550000	3.48820000
2.87620000	3.14440000
2.73920000	2.87710000
2.50640000	2.66730000
2.25990000	2.50070000
2.19140000	2.36680000
2.10920000	2.25790000
1.97220000	2.16700000
1.99960000	2.09330000
2.43790000	3.96590000
2.20510000	3.37230000
2.08180000	2.66230000
1.94480000	2.48040000
1.83530000	2.50610000
1.71200000	2.34810000
1.61610000	2.21830000
1.57510000	2.11390000
1.52030000	2.02760000
2.91730000	4.15280000
3.90340000	5.63910000
2.73920000	3.59740000
2.79400000	4.37200000
3.20490000	4.06270000
2.52010000	3.15090000
2.12290000	2.88540000
1.72570000	2.65470000
1.72570000	2.47290000
2.06810000	2.32780000
2.71180000	2.21180000
2.27360000	2.11480000
2.09550000	2.03540000
2.17770000	2.91870000
9.62840000	10.76360000
7.32740000	8.38190000
8.91620000	6.28350000
8.77920000	7.17110000
5.39630000	5.03280000
3.68420000	3.91090000
3.31450000	3.53340000
3.47880000	3.23370000
3.47880000	2.96390000
3.17750000	3.00040000
3.01310000	2.79500000
1.69830000	2.63110000
1.67090000	2.49860000
1.79420000	2.38980000
1.75310000	2.29880000
1.60240000	2.22150000
1.54770000	2.15460000
1.54770000	2.09560000
1.50660000	2.04270000
1.20530000	1.99460000
1.09840000	1.95020000
1.02580000	1.90870000
1.15460000	1.86950000
1.10390000	1.83230000
1.06830000	1.79660000
1.06830000	1.76230000
1.03820000	1.72900000
1.02720000	1.69680000
0.98610000	1.66540000
0.93820000	1.63480000
0.82450000	1.60490000
0.81220000	1.57560000
0.78480000	1.54700000
0.74230000	1.51890000
0.71770000	1.49150000
0.71770000	1.46450000
0.70120000	1.43810000
0.70120000	1.41210000
0.67930000	1.38670000
0.66700000	1.36170000
0.81080000	1.33710000
0.81080000	1.31300000
0.88610000	1.28940000
0.87930000	1.26620000
0.82860000	1.24350000
0.79300000	1.22100000
0.78750000	1.19900000
0.80530000	1.17740000
0.78620000	1.15620000
0.76420000	1.13540000
0.73550000	1.11500000
0.73960000	1.09490000
0.73960000	1.07520000
0.73960000	1.05590000
0.73960000	1.03690000
0.76420000	1.01820000
0.80940000	0.99990000
0.79440000	0.98190000
0.75190000	0.96420000
0.68070000	0.94690000
0.66150000	0.92980000
0.66430000	0.91310000
0.66430000	0.89670000
0.73550000	0.88050000
0.81350000	0.86470000
0.90390000	0.84910000
0.96690000	0.83390000
1.06690000	0.81890000
6.32760000	5.38990000
6.12220000	4.10020000
3.31450000	1.60560000
2.69810000	1.58910000
2.15030000	1.42870000
1.93110000	1.30420000
1.57510000	1.20660000
1.86270000	1.12930000
4.17730000	1.08640000
5.05390000	1.04460000
4.62930000	1.83050000
4.51970000	2.40280000
6.23170000	2.84630000
8.80660000	4.14870000
6.79330000	2.61710000
5.24560000	2.12990000
4.94430000	1.94420000
4.51970000	1.75320000
5.46470000	2.62570000
5.51950000	4.29640000
5.19080000	3.84450000
4.49230000	2.87860000
3.95820000	2.36780000
3.42400000	2.16780000
2.84880000	1.96770000
2.69810000	1.81150000
2.50640000	1.68830000
2.42420000	1.59000000
2.75290000	1.51040000
2.57490000	1.49920000
2.53380000	1.71120000
2.87620000	2.92910000
5.65650000	10.13080000
9.08050000	11.75640000
8.21770000	7.30490000
9.79270000	4.57630000
11.02540000	7.63240000
11.29930000	12.67910000
11.77860000	14.23470000
12.94280000	11.40870000
14.24390000	6.66390000
8.92990000	5.04230000
6.30020000	4.44030000
5.50580000	3.97430000
5.28670000	3.62560000
5.12230000	3.34210000
4.83470000	3.12670000
4.35540000	2.93180000
3.69790000	2.79080000
3.20490000	2.66700000
2.80770000	2.56750000
2.53380000	2.48260000
2.28720000	2.40890000
2.09550000	2.34380000
1.94480000	2.28540000
1.80790000	2.23200000
1.71200000	2.18260000
1.68460000	2.16130000
1.62980000	2.10280000
1.43810000	2.05130000
1.29020000	2.01150000
1.25590000	1.99770000
1.69830000	1.99990000
3.32820000	3.68580000
2.31460000	2.40100000
1.93110000	1.83770000
2.06810000	1.83560000
1.87640000	1.77670000
1.58870000	1.73400000
1.39700000	1.70230000
1.25870000	1.67130000
1.13400000	1.64100000
1.01350000	1.61130000
0.91350000	1.58210000
0.96970000	1.58070000
0.88890000	1.52550000
0.79300000	1.49790000
0.76010000	1.48680000
0.89440000	1.47370000
0.79030000	1.44450000
1.07510000	1.43630000
1.01080000	1.41250000
1.62980000	3.22460000
1.41070000	1.67200000
1.01630000	1.29770000
0.87930000	1.27420000
0.76700000	1.25780000
0.73410000	1.23050000
0.71080000	1.21060000
0.67660000	1.18460000
0.68070000	1.17040000
0.63000000	1.14150000
0.58210000	1.12090000
0.54100000	1.10060000
0.53550000	1.10370000
0.52180000	1.08260000
0.49030000	1.04230000
0.73680000	1.11130000
0.76150000	1.01390000
0.61360000	1.00100000
0.62590000	0.99720000
0.56430000	0.95170000
0.47800000	0.93460000
0.44380000	0.91780000
0.41500000	0.90120000
0.66840000	0.94790000
0.51500000	0.86910000
0.41090000	0.85340000
0.37530000	0.85500000
0.37800000	0.82490000
0.36290000	0.82690000
0.36020000	0.79360000
0.40540000	0.83910000
0.46840000	0.76530000
0.43010000	0.78140000
0.43420000	0.81370000
0.66020000	1.46600000
2.04070000	3.85570000
2.36940000	2.59680000
7.84790000	8.42160000
2.79400000	4.56000000
1.86270000	1.68790000
1.36410000	1.52650000
1.19570000	1.38000000
0.96560000	1.23780000
0.92860000	1.16820000
1.83530000	1.28620000
5.38260000	5.29710000
3.12270000	3.53520000
1.95850000	2.00180000
1.42440000	1.78520000
1.19290000	1.60190000
1.02720000	1.45970000
0.88890000	1.34840000
0.79160000	1.26040000
0.75330000	1.22830000
0.99570000	1.17780000
0.74100000	1.08530000
0.64920000	1.04560000
0.59030000	1.01170000
0.52320000	0.98210000
0.48900000	0.95590000
0.46160000	0.93230000
0.42050000	0.91080000
0.43420000	0.89080000
0.71490000	0.94030000
0.64100000	0.90810000
0.75050000	0.86220000
0.53960000	0.82140000
0.46700000	0.80600000
0.42320000	0.79080000
0.39990000	0.78580000
0.39030000	0.77140000
0.35340000	0.74760000
0.34790000	0.73540000
0.40950000	0.77350000
0.40540000	0.72660000
0.35610000	0.69490000
0.33830000	0.68210000
0.31770000	0.66970000
0.30410000	0.65770000
0.28210000	0.64580000
0.28900000	0.65300000
0.30270000	0.63180000
0.36160000	0.66220000
0.38620000	0.60060000
0.31640000	0.58960000
0.28490000	0.57900000
0.26020000	0.56860000
0.27390000	0.59630000
0.27120000	0.54830000
0.23560000	0.53840000
0.23420000	0.52870000
0.20820000	0.51920000
0.20130000	0.50990000
0.20130000	0.50070000
0.19590000	0.49180000
0.19170000	0.48280000
0.22870000	0.48270000
0.57520000	0.59600000
0.52050000	0.47400000
0.59580000	1.17340000
0.53280000	0.44320000
0.36840000	0.43570000
0.45610000	1.13940000
0.80260000	0.54210000
0.50950000	0.41360000
0.39030000	0.40610000
0.34240000	0.39830000
0.30540000	0.39080000
0.29040000	0.38350000
0.27530000	0.37640000
0.25610000	0.36950000
0.24650000	0.36280000
0.24380000	0.35610000
0.21780000	0.34970000
0.24650000	0.37760000
0.53000000	0.48060000
0.59850000	0.43810000
0.45200000	0.32670000
0.35340000	0.32080000
0.32600000	0.31470000
0.29860000	0.30890000
0.28490000	0.30320000
0.25750000	0.29760000
0.25890000	0.29220000
0.32050000	0.34320000
0.41500000	1.13030000
0.75050000	0.44830000
0.61360000	0.49680000
0.60540000	0.50770000
0.92860000	1.49240000
1.01080000	1.25200000
0.71490000	1.09540000
0.60670000	1.00300000
0.53000000	0.94050000
0.48210000	0.83180000
0.45470000	0.74810000
0.44100000	0.68290000
0.92170000	2.22360000
1.04640000	1.47340000
0.75330000	1.25290000
0.63820000	1.16630000
1.05460000	2.62200000
1.01350000	1.82080000
0.72590000	1.50670000
2.46530000	2.31450000
6.73850000	8.14730000
2.94470000	4.88060000
2.01330000	2.69760000
1.54770000	2.36990000
1.26410000	2.07850000
1.06970000	1.85460000
0.89440000	1.68130000
0.80400000	1.54610000
0.69300000	1.43960000
2.09550000	3.25200000
2.83510000	3.43700000
1.98590000	2.02890000
1.58870000	1.99280000
1.36550000	1.81320000
1.22580000	1.66800000
1.11490000	1.55350000
1.11620000	1.47480000
1.10660000	1.38850000
3.08160000	3.24420000
4.72520000	7.33810000
2.93100000	4.52770000
2.21880000	2.71690000
1.84900000	2.44870000
1.72570000	2.20330000
1.65720000	2.01260000
1.90380000	1.88050000
2.68440000	1.74750000
2.24620000	1.75790000
2.01330000	1.67980000
1.72570000	1.59530000
4.34170000	7.82090000
4.20470000	6.45060000
3.15010000	2.98350000
2.73920000	2.78400000
2.16400000	2.49800000
1.53400000	2.27630000
1.67090000	2.10270000
1.68460000	1.96540000
1.57510000	1.85550000
1.49290000	1.76620000
1.39700000	1.69240000
1.32030000	1.63050000
1.31620000	1.57760000
1.25730000	1.53150000
1.21620000	1.49070000
1.30520000	1.45390000
1.20250000	1.42030000
1.29700000	1.38910000
1.22720000	1.35990000
0.93000000	1.33230000
0.97520000	1.30590000
1.12030000	1.28070000
1.10940000	1.25630000
1.06690000	1.23270000
1.07790000	1.20970000
1.03680000	1.18740000
1.08200000	1.16560000
3.72530000	1.14440000
2.97210000	1.12350000
2.24620000	1.10310000
1.97220000	1.08310000
1.86270000	1.06360000
1.94480000	1.07150000
2.08180000	1.04210000
1.87640000	1.10060000
1.64350000	1.25350000
1.57510000	1.21660000
0.89300000	1.15450000
1.06560000	1.10360000
1.71200000	1.06110000
1.69830000	1.02510000
1.78050000	0.99390000
3.83490000	1.17410000
7.53290000	4.49900000
6.57410000	5.66060000
6.02630000	4.90350000
6.36870000	6.20410000
5.06760000	4.85640000
4.05400000	3.00740000
3.23230000	2.77540000
2.80770000	2.47880000
2.36940000	2.23240000
2.32830000	2.04090000
2.21880000	1.89060000
1.97220000	1.77140000
1.52030000	1.67570000
1.72570000	1.59770000
1.61610000	1.53300000
1.54770000	1.47850000
1.35320000	1.43170000
1.42440000	1.39070000
1.38330000	1.35440000
1.36280000	1.32150000
1.27240000	1.29130000
1.39700000	1.26320000
1.32300000	1.23690000
1.23680000	1.21200000
1.26410000	1.18810000
1.26410000	1.16520000
1.20940000	1.14310000
1.24630000	1.12170000
1.31210000	1.10090000
1.29290000	1.08060000
1.25460000	1.06080000
1.20940000	1.04140000
1.16550000	1.02250000
1.11350000	1.00390000
0.99840000	0.98570000
1.12170000	0.96790000
1.18200000	0.95040000
1.14770000	0.93330000
1.10530000	0.91640000
1.03130000	0.89990000
3.95820000	0.88370000
7.01240000	0.86780000
3.67060000	0.85220000
2.49270000	0.83690000
2.32830000	0.82170000
2.17770000	0.80700000
1.99960000	0.79240000
2.01330000	0.77820000
1.80790000	0.76420000
1.79420000	0.75040000
1.60240000	0.73690000
1.35320000	0.72370000
1.52030000	0.71060000
1.46550000	0.69790000
1.42440000	0.68530000
1.53400000	0.67300000
1.76680000	0.66090000
1.87640000	0.64900000
1.79420000	0.63730000
3.93080000	0.65890000
12.42240000	0.63060000
5.99890000	0.60580000
4.27320000	0.59270000
3.83490000	0.58200000
3.21860000	0.57150000
3.04050000	0.56120000
3.10900000	0.55300000
3.06790000	0.55370000
2.90360000	0.53760000
2.67070000	0.52280000
2.71180000	0.51260000
4.16360000	0.50330000
3.64320000	0.49430000
2.91730000	0.48540000
2.68440000	0.47660000
2.46530000	0.46810000
2.36940000	0.45970000
2.45160000	0.45140000
2.60230000	0.44330000
2.62970000	0.43530000
2.35570000	0.42750000
2.09550000	0.41980000
2.31460000	0.41220000
2.99940000	0.43980000
10.13510000	1.35280000
5.71130000	1.56830000
5.09490000	0.40360000
6.10850000	1.23800000
6.39610000	1.99220000
7.32740000	2.42910000
8.58750000	3.35210000
9.24490000	4.61920000
13.12090000	7.58300000
13.46330000	7.89770000
16.29840000	9.02310000
16.84620000	10.94800000
10.49120000	8.22900000
8.57380000	4.77560000
8.82030000	4.30400000
9.61470000	9.02000000
12.06630000	15.99800000
14.10700000	21.33460000
13.83310000	25.69600000
11.65540000	25.66180000
10.09400000	24.33010000
8.72440000	22.62960000
7.35480000	23.51350000
5.60170000	16.64480000
4.79360000	8.83010000
4.20470000	7.76630000
4.45120000	6.83860000
14.65480000	12.11390000
9.60100000	14.12220000
6.19060000	8.93620000
5.04020000	6.52510000
4.62930000	5.94310000
4.54710000	5.46820000
4.19100000	5.07000000
3.62950000	4.76270000
3.23230000	4.51860000
2.97210000	4.32230000
2.67070000	4.15160000
2.43790000	4.01000000
2.21880000	3.88770000
2.02700000	3.78010000
1.86270000	3.68390000
1.71200000	3.59650000
1.58870000	3.51760000
1.54770000	3.44560000
1.41070000	3.36980000
1.29980000	3.31230000
1.27510000	3.25120000
1.52030000	3.19870000
1.30800000	3.11600000
1.19430000	3.06650000
1.15180000	3.00960000
1.10660000	2.96160000
1.02580000	2.89200000
0.93270000	2.83930000
0.89160000	2.79880000
0.83410000	2.73710000
0.76970000	2.68760000
0.71490000	2.63900000
0.70530000	2.59260000
1.05870000	2.60240000
0.83000000	2.49880000
0.73270000	2.45390000
0.75600000	2.44130000
0.82450000	2.37760000
1.21900000	2.39720000
1.78050000	2.70260000
1.11900000	2.24150000
0.94090000	2.21920000
0.80530000	2.16150000
1.34630000	2.42140000
0.99840000	2.08460000
0.76420000	2.04770000
0.67250000	2.01060000
1.52030000	2.98070000
1.26410000	2.32030000
1.06010000	1.92140000
0.90390000	1.87960000
0.80120000	1.84560000
0.73680000	1.80940000
0.78200000	1.78890000
0.79440000	1.75480000
1.02170000	1.75420000
1.29020000	2.50710000
1.10800000	2.02510000
0.86150000	1.61830000
0.82720000	1.60670000
0.87520000	1.60600000
3.32820000	5.17120000
2.52010000	3.08350000
1.65720000	1.48030000
1.24630000	1.45310000
0.98610000	1.42640000
0.96010000	1.40840000
0.85600000	1.37480000
0.74370000	1.34990000
0.65330000	1.32540000
0.57660000	1.30140000
0.55470000	1.27800000
0.69440000	1.26830000
0.54780000	1.23220000
0.50130000	1.21000000
0.47530000	1.18820000
0.95460000	1.38320000
0.90530000	1.14620000
0.62450000	1.12600000
0.51910000	1.10560000
0.49310000	1.08550000
0.55470000	1.11140000
1.21480000	1.24120000
3.51990000	6.71210000
1.89010000	2.84380000
1.93110000	1.01910000
13.53170000	9.37530000
10.58710000	11.87420000
4.54710000	5.59580000
3.30080000	3.40900000
2.68440000	2.93180000
2.12290000	2.58830000
1.72570000	2.32360000
1.89010000	2.18060000
2.01330000	1.97840000
1.60240000	1.83510000
2.49270000	2.94840000
2.56120000	4.19050000
2.06810000	2.14210000
7.69720000	3.51320000
11.66910000	9.04380000
8.49160000	7.48190000
6.50560000	4.33850000
4.13620000	3.43010000
4.25950000	3.28440000
4.35540000	2.95360000
3.16380000	2.65850000
2.54750000	2.70240000
2.13660000	2.49110000
1.97220000	2.32450000
1.94480000	2.22730000
1.60240000	2.08380000
3.87600000	3.34020000
3.04050000	2.84510000
2.09550000	2.24240000
1.69830000	2.15110000
1.46550000	2.03710000
1.28200000	1.94400000
1.15320000	1.86740000
1.04360000	1.80130000
0.94370000	1.74500000
0.87790000	1.69580000
0.82720000	1.65180000
0.78750000	1.61200000
0.76150000	1.58030000
0.70120000	1.54150000
0.64920000	1.50950000
0.61080000	1.47910000
0.61080000	1.45010000
0.57800000	1.42220000
0.56150000	1.39530000
0.96830000	1.46240000
0.73680000	1.34380000
0.68340000	1.31900000
1.22310000	2.15020000
0.74230000	1.53060000
0.63000000	1.24970000
0.79850000	1.27210000
0.88610000	1.53830000
1.27240000	1.48810000
0.81350000	1.16260000
0.67250000	1.14160000
0.60260000	1.12070000
0.54780000	1.10020000
0.52460000	1.08020000
0.51360000	1.06060000
0.49440000	1.04140000
0.47660000	1.02250000
0.46160000	1.00410000
0.44510000	0.98590000
0.44920000	0.96820000
0.75470000	1.01930000
0.72450000	0.94600000
0.62320000	0.91740000
0.55330000	0.90040000
0.63550000	1.11050000
1.32990000	3.74620000
1.61610000	2.54480000
1.22440000	1.71040000
0.92040000	1.47780000
0.79570000	1.47290000
0.72180000	1.34300000
0.67110000	1.24130000
0.68480000	1.19670000
0.73270000	1.09630000
0.63690000	1.07550000
0.59580000	1.02600000
0.57660000	0.98500000
0.56020000	0.95030000
0.53690000	0.92050000
0.54780000	0.91700000
0.88750000	0.90830000
0.73410000	0.85010000
0.64230000	0.92860000
0.60260000	0.89170000
0.60400000	0.87600000
1.29430000	1.86690000
1.09980000	1.65070000
0.87380000	1.38750000
0.83960000	1.26290000
8.16290000	7.69900000
3.58840000	5.62040000
2.71180000	2.83160000
5.21820000	5.70980000
3.19120000	3.74230000
2.53380000	2.85920000
2.45160000	2.76970000
2.19140000	2.39030000
1.93110000	2.36910000
1.79420000	2.13980000
1.69830000	1.96130000
1.58870000	1.82110000
1.75310000	1.74210000
1.69830000	2.01350000
2.04070000	2.12780000
1.84900000	1.87360000
1.79420000	1.96500000
1.58870000	1.86590000
1.49290000	1.86530000
2.01330000	2.03290000
2.10920000	2.33040000
3.09530000	3.07160000
2.61600000	2.72810000
2.13660000	2.24030000
1.84900000	2.05920000
1.64350000	1.90730000
1.53400000	1.78700000
1.35040000	1.69030000
1.02720000	1.61140000
1.08200000	1.54610000
2.04070000	1.49110000
2.97210000	2.55590000
2.05440000	2.42120000
1.82160000	1.97860000
1.69830000	1.87130000
1.56140000	1.74460000
1.86270000	1.64370000
2.39680000	1.56260000
1.97220000	1.49500000
1.80790000	1.43820000
2.06810000	1.39030000
1.68460000	1.34880000
1.67090000	1.31210000
1.12720000	1.27920000
1.00670000	1.24920000
6.38240000	1.24490000
7.06720000	4.53190000
5.43730000	3.60120000
3.76640000	2.13400000
2.75290000	2.01840000
3.32820000	1.86060000
7.08090000	1.71760000
4.34170000	1.60460000
3.54730000	1.51410000
2.84880000	1.44060000
2.19140000	1.38000000
2.05440000	1.32920000
2.05440000	1.28580000
1.93110000	1.24800000
2.27360000	1.21460000
3.97190000	1.18450000
3.21860000	1.15700000
3.01310000	1.13160000
5.14970000	1.10780000
6.73850000	1.29550000
4.25950000	1.63860000
2.86250000	1.69960000
2.06810000	1.52010000
1.95850000	1.53150000
1.84900000	1.51120000
1.68460000	1.41350000
1.50660000	1.32740000
1.36960000	1.25800000
1.29840000	1.20130000
1.29840000	1.15400000
1.20390000	1.11410000
1.09570000	1.07960000
1.09570000	1.04940000
1.02450000	1.02240000
1.00530000	0.99790000
0.91490000	0.97540000
0.84920000	0.95450000
0.81770000	0.93470000
0.86420000	0.91600000
0.96830000	0.89810000
1.00530000	0.88080000
1.01630000	0.86420000
0.91760000	0.84800000
0.98470000	0.83230000
0.94910000	0.81700000
0.88610000	0.80200000
0.76700000	0.78730000
0.90260000	0.77290000
1.00390000	0.75880000
1.03130000	0.74530000
1.06970000	0.73180000
1.05050000	0.71860000
0.99430000	0.70570000
0.96830000	0.69290000
0.93410000	0.68050000
0.95050000	0.66820000
0.89300000	0.65620000
0.90940000	0.64440000
0.92590000	0.63270000
0.94230000	0.62130000
1.04090000	0.61020000
1.19840000	0.59920000
1.06560000	0.58840000
1.02580000	0.57780000
1.78050000	0.57720000
2.73920000	0.55720000
2.32830000	0.54720000
1.91750000	0.53740000
1.64350000	0.52770000
1.56140000	0.51820000
1.54770000	0.50890000
1.45180000	0.49970000
1.34630000	0.49070000
1.29430000	0.48190000
1.25320000	0.47320000
1.27650000	0.46470000
1.24910000	0.45640000
1.23540000	0.44810000
1.22850000	0.44010000
1.36960000	0.43220000
2.73920000	0.42440000
2.73920000	0.41680000
2.32830000	0.40930000
1.78050000	0.40190000
1.60240000	0.39470000
1.65720000	0.38760000
1.72570000	0.38060000
1.69830000	0.37380000
4.82100000	0.57490000
5.88930000	2.41320000
3.69790000	1.14900000
3.95820000	1.21420000
5.45100000	1.08930000
3.47880000	1.05480000
3.19120000	1.10480000
2.97210000	0.99780000
3.08160000	0.90970000
3.47880000	0.83620000
4.32800000	0.96670000
6.99870000	2.98560000
6.10850000	1.88440000
4.41010000	1.56530000
3.97190000	1.47580000
3.28710000	1.30670000
2.91730000	1.17620000
2.94470000	1.07490000
3.09530000	1.00950000
4.19100000	1.20240000
5.43730000	4.25070000
7.77940000	7.08820000
10.10770000	9.25650000
7.80680000	7.25780000
6.27280000	4.14850000
6.45090000	4.61570000
8.06700000	7.87940000
14.24390000	15.72390000
8.91620000	13.59810000
7.03980000	8.41310000
9.83380000	9.14930000
7.08090000	8.20630000
5.51950000	4.85510000
4.84840000	4.87120000
4.47860000	6.84210000
4.08140000	5.48630000
3.62950000	4.18220000
3.31450000	3.89500000
3.09530000	4.13810000
2.93100000	7.36920000
2.82140000	8.25960000
2.79400000	9.02630000
2.79400000	8.92330000
2.57490000	7.26280000
2.54750000	7.04260000
2.71180000	7.76680000
3.13640000	8.98550000
2.98570000	7.55640000
2.65700000	6.63460000
2.99940000	4.78140000
2.58860000	4.69420000
2.32830000	4.28000000
2.08180000	3.95720000
1.80790000	3.69890000
1.93110000	3.54270000
2.65700000	3.37740000
2.39680000	3.18790000
1.95850000	3.07210000
1.72570000	2.97280000
1.76680000	2.91240000
2.68440000	2.86990000
3.28710000	3.56640000
2.52010000	2.68660000
4.10880000	3.83790000
2.94470000	3.80470000
2.53380000	3.05370000
2.16400000	2.90120000
1.90380000	2.77130000
2.12290000	2.69620000
1.79420000	2.57140000
5.31410000	3.93680000
3.67060000	3.54010000
2.65700000	2.77460000
2.19140000	2.63570000
1.89010000	2.52130000
1.60240000	2.42560000
1.41070000	2.34430000
1.33670000	2.27920000
1.28610000	2.22900000
1.08610000	2.15600000
1.17510000	2.13520000
5.67020000	5.70480000
8.02590000	7.29810000
5.67020000	4.57260000
3.45140000	2.88880000
2.67070000	2.77430000
2.24620000	2.57590000
1.91750000	2.42030000
1.69830000	2.29470000
1.50660000	2.19200000
1.36550000	2.10640000
1.22170000	2.03390000
1.15600000	1.98240000
1.41070000	1.94640000
1.71200000	1.92420000
1.31350000	1.82280000
3.45140000	3.80760000
2.71180000	2.45860000
1.94480000	1.72430000
1.71200000	1.69620000
2.17770000	1.67630000
1.68460000	1.61060000
1.43810000	1.59050000
4.91690000	2.81210000
3.41030000	2.55110000
2.46530000	2.05850000
2.10920000	1.93090000
1.82160000	1.81370000
1.56140000	1.72540000
1.65720000	1.68400000
1.42440000	1.59220000
1.27100000	1.55910000
1.28880000	1.51830000
1.83530000	1.52760000
3.06790000	4.33300000
4.27320000	5.21330000
3.32820000	2.90580000
4.38280000	3.44210000
3.88970000	3.13860000
5.21820000	2.96700000
3.17750000	3.13850000
2.62970000	2.57090000
5.01280000	3.62360000
4.58820000	4.22260000
3.24600000	2.64760000
2.62970000	2.58450000
4.46490000	3.59440000
3.09530000	3.20010000
2.47900000	2.57440000
2.20510000	2.34330000
1.94480000	2.18910000
1.87640000	2.05840000
2.12290000	2.00010000
1.95850000	1.85130000
1.57510000	1.77900000
1.41070000	1.71760000
2.46530000	1.75250000
1.84900000	1.61820000
1.99960000	1.81380000
2.36940000	3.01410000
1.91750000	2.46000000
1.61610000	2.05540000
1.36550000	1.89490000
1.19570000	1.78550000
5.01280000	4.54840000
4.47860000	3.86420000
4.49230000	3.70820000
3.01310000	3.32130000
6.05370000	4.49980000
3.38290000	3.62970000
2.57490000	2.85040000
2.13660000	2.57220000
1.83530000	2.35570000
1.60240000	2.18560000
1.43810000	2.05050000
1.39700000	1.94510000
1.97220000	1.91530000
2.28720000	1.81360000
2.13660000	1.72810000
1.71200000	1.66330000
1.36960000	1.61630000
1.16830000	1.57450000
1.04230000	1.53650000
0.94370000	1.50170000
0.89160000	1.47600000
0.85740000	1.45860000
1.32300000	1.41440000
2.53380000	2.50750000
1.56140000	2.60840000
1.36140000	1.61540000
1.18330000	1.31310000
0.99430000	1.28320000
0.91080000	1.26340000
0.82310000	1.23590000
2.01330000	2.25550000
2.25990000	1.80490000
1.46550000	1.44760000
1.11210000	1.51110000
0.97110000	1.42230000
0.87930000	1.35050000
0.81350000	1.29150000
0.75190000	1.24220000
0.69440000	1.20040000
0.65330000	1.16410000
0.63690000	1.13220000
0.61500000	1.10360000
0.57930000	1.07760000
0.55060000	1.05350000
0.55880000	1.03980000
0.56020000	1.01110000
0.53410000	0.98980000
0.52180000	0.99740000
0.52870000	0.95200000
0.49030000	0.93400000
0.47660000	0.91660000
0.46980000	0.90890000
0.45060000	0.88310000
0.42870000	0.86690000
0.41230000	0.85110000
0.42050000	0.83570000
1.16960000	0.87990000
0.69580000	0.80570000
0.51500000	0.79110000
0.52320000	0.81690000
2.06810000	3.38810000
1.53400000	2.23070000
1.14640000	0.91150000
0.96830000	0.72970000
0.84090000	0.71770000
1.64350000	2.40700000
2.28720000	2.80920000
1.49290000	1.49150000
1.16280000	1.58110000
2.08180000	2.67630000
3.28710000	4.32320000
1.99960000	2.59970000
1.75310000	2.13280000
1.64350000	1.86260000
1.34080000	1.85860000
1.31480000	1.71010000
1.62980000	2.07340000
1.38330000	1.74140000
1.21070000	1.75630000
1.09710000	1.60430000
1.02720000	1.48500000
0.97380000	1.39050000
0.92720000	1.31470000
0.89980000	1.25290000
0.90260000	1.22120000
0.89440000	1.16220000
6.27280000	3.20670000
12.17580000	11.40320000
4.80730000	7.03610000
3.36920000	3.26720000
2.87620000	2.92870000
3.19120000	2.82580000
2.61600000	2.44900000
2.41050000	2.42920000
2.52010000	2.23930000
2.20510000	2.06890000
1.99960000	2.15310000
1.86270000	1.99360000
1.73940000	1.86450000
1.64350000	1.76240000
1.54770000	1.67880000
1.47920000	1.60990000
1.36140000	1.55190000
1.30250000	1.50220000
1.23680000	1.45880000
1.17100000	1.42030000
1.12990000	1.38560000
1.49290000	1.37490000
6.42350000	6.17870000
3.56100000	4.62660000
2.61600000	2.53420000
2.21880000	2.32230000
2.01330000	2.10980000
3.83490000	4.23560000
4.06770000	5.16490000
2.93100000	2.66820000
2.50640000	2.65580000
2.28720000	2.40110000
2.10920000	2.19740000
2.05440000	2.06020000
2.04070000	1.91700000
3.43770000	5.14550000
2.97210000	4.51390000
2.99940000	3.07930000
3.41030000	3.24360000
2.68440000	2.67840000
8.76550000	5.94900000
7.77940000	7.69770000
4.61560000	4.48640000
3.79380000	3.47680000
3.16380000	3.13340000
2.83510000	2.84460000
2.60230000	2.61920000
2.69810000	2.44140000
2.34200000	2.29940000
2.05440000	2.18450000
1.78050000	2.09010000
1.64350000	2.01110000
1.73940000	1.94390000
1.39700000	1.88570000
1.17790000	1.83430000
0.99980000	1.78820000
1.21900000	1.74620000
1.19160000	1.70740000
1.12310000	1.67120000
1.15050000	1.63700000
1.17790000	1.60440000
1.13680000	1.57320000
1.13680000	1.54310000
1.34220000	1.51410000
2.12290000	1.50390000
3.15010000	2.42160000
1.89010000	2.29010000
1.30110000	1.92110000
1.58870000	1.86600000
1.56140000	1.76510000
1.41070000	1.67170000
1.31480000	1.59530000
1.26000000	1.53190000
1.16420000	1.47830000
1.15050000	1.43220000
1.09570000	1.39180000
1.08200000	1.35580000
1.02720000	1.32310000
0.98610000	1.29310000
1.13680000	1.26520000
1.17790000	1.23900000
0.99980000	1.21410000
1.06830000	1.19030000
1.04090000	1.16740000
1.05460000	1.14530000
0.98610000	1.12380000
1.01350000	1.10310000
0.97240000	1.08570000
0.96560000	1.06440000
0.90390000	1.04370000
0.84920000	1.02450000
0.76700000	1.00590000
0.82180000	0.98770000
1.28740000	0.96990000
9.40920000	6.41930000
3.95820000	5.34230000
2.30090000	2.35700000
1.53400000	2.24800000
1.13680000	2.00830000
1.30110000	1.81290000
1.75310000	1.66080000
1.72570000	1.54130000
1.57510000	1.44640000
1.42440000	1.37000000
1.21900000	1.30750000
1.20530000	1.25560000
1.09570000	1.21180000
1.10940000	1.17400000
1.06830000	1.14090000
1.05460000	1.11140000
1.01350000	1.08470000
0.91760000	1.06010000
0.89020000	1.03730000
0.90390000	1.01580000
0.90670000	0.99540000
0.89440000	0.97590000
0.87240000	0.95710000
0.86830000	0.93900000
0.86700000	0.92140000
0.85330000	0.90430000
0.86290000	0.88770000
0.85460000	0.87140000
0.84640000	0.85550000
0.76970000	0.84000000
0.76290000	1.06590000
3.02680000	6.12660000
2.56120000	6.00110000
1.69830000	2.95240000
1.43810000	2.36600000
1.34770000	2.13970000
1.39700000	1.91940000
1.32990000	1.72730000
1.24360000	1.61960000
1.20390000	1.51940000
1.28470000	1.42060000
1.52030000	1.36150000
1.79420000	1.29680000
1.64350000	1.22880000
1.60240000	1.29540000
1.54770000	1.25090000
1.67090000	1.20190000
1.89010000	2.52060000
7.34110000	7.50820000
5.72500000	6.40300000
5.27300000	4.34290000
5.90300000	5.16240000
6.50560000	5.72600000
8.03960000	6.84910000
8.08070000	6.55490000
6.21800000	5.49340000
19.17450000	12.41080000
12.23060000	11.10380000
7.21780000	5.72730000
6.80700000	4.82920000
5.04020000	4.06640000
4.45120000	3.85530000
5.31410000	3.87270000
7.23150000	9.24160000
9.31330000	10.17400000
7.54650000	5.95510000
7.03980000	4.43800000
7.30000000	4.05760000
6.54670000	3.68290000
5.06760000	3.39040000
4.20470000	3.15960000
4.31430000	3.02750000
4.65670000	2.85830000
4.20470000	2.72920000
3.86230000	2.61500000
3.35550000	2.58840000
3.04050000	2.53630000
2.76660000	2.44910000
2.53380000	2.37510000
2.34200000	2.30990000
2.36940000	2.29740000
4.64300000	4.14190000
4.90320000	4.56100000
4.01300000	3.39080000
3.45140000	2.84210000
3.10900000	2.75420000
2.80770000	2.58300000
2.57490000	2.44490000
2.38310000	2.33170000
2.21880000	2.23820000
2.08180000	2.15930000
2.21880000	2.15020000
2.62970000	2.97200000
2.53380000	3.54090000
2.38310000	2.12590000
2.13660000	2.31960000
2.04070000	2.20150000
1.86270000	2.09110000
1.72570000	2.01690000
1.80790000	1.96430000
1.84900000	1.91010000
1.91750000	1.82820000
2.82140000	2.08160000
4.49230000	4.06860000
3.01310000	2.77570000
2.43790000	2.24370000
2.13660000	2.09680000
1.91750000	1.97790000
1.84900000	1.90360000
1.76680000	1.80280000
1.58870000	1.73870000
1.39700000	1.67830000
1.26410000	1.62890000
1.32850000	1.59210000
1.52030000	1.57870000
1.22030000	1.50980000
1.06830000	1.47650000
0.98890000	1.44540000
0.92170000	1.41590000
0.86290000	1.38790000
0.79710000	1.36100000
0.81350000	1.36550000
0.76150000	1.30990000
0.68210000	1.28550000
0.67250000	1.26660000
0.62450000	1.23860000
0.59170000	1.21940000
0.67520000	1.22010000
0.61360000	1.18800000
0.62450000	1.15690000
1.01350000	1.37700000
1.62980000	1.34030000
2.53380000	3.60100000
1.31070000	1.43790000
0.95460000	1.05910000
0.85330000	1.05100000
1.08470000	1.04580000
0.98610000	0.99970000
1.13540000	1.00690000
1.00800000	0.96180000
0.88480000	0.94380000
0.76700000	0.92660000
0.81490000	0.94340000
0.80530000	0.89440000
0.68750000	0.87720000
0.65060000	0.88730000
0.67520000	0.85220000
0.57660000	0.83060000
0.85050000	0.88520000
0.93130000	0.80610000
1.83530000	0.93960000
1.06280000	0.77290000
0.85740000	0.77180000
3.72530000	4.31080000
2.99940000	2.29350000
1.64350000	0.93390000
1.18060000	0.91840000
1.01900000	0.86420000
0.87240000	0.82320000
0.76290000	0.78950000
0.67380000	0.76110000
0.59990000	0.73670000
0.54510000	0.71550000
0.49990000	0.69660000
0.48070000	0.67960000
0.97380000	0.78810000
1.21480000	0.80340000
0.73410000	0.63680000
0.59170000	0.62420000
1.02990000	0.77150000
1.29980000	0.79870000
0.77790000	0.58960000
0.71080000	0.60630000
0.63690000	0.56770000
0.54100000	0.55700000
1.19700000	0.70950000
0.93540000	0.53690000
2.88990000	4.18570000
1.50660000	2.75330000
1.06140000	1.41070000
1.36960000	1.40340000
1.09840000	1.21140000
0.82860000	1.27900000
0.70530000	1.14530000
2.04070000	2.01030000
1.35730000	1.52430000
0.93000000	1.29460000
0.78340000	1.16950000
0.69990000	1.07200000
0.67520000	1.02270000
0.72320000	0.97100000
0.65330000	0.88550000
0.58480000	0.84690000
0.52050000	0.81210000
0.47110000	0.78390000
0.46290000	0.77690000
1.65720000	0.98530000
1.41070000	1.70920000
0.91080000	0.70370000
0.71360000	0.68800000
0.61500000	0.67290000
0.54510000	0.65880000
0.59170000	0.68970000
0.67800000	0.64270000
0.54920000	0.62040000
0.48480000	0.60850000
0.44650000	0.59710000
0.40540000	0.58600000
0.46290000	0.61660000
1.36280000	1.36180000
1.17790000	1.50900000
0.85600000	0.54610000
0.70950000	0.68520000
0.62450000	0.63490000
0.53830000	0.60570000
0.48620000	0.58140000
0.44380000	0.56100000
0.40400000	0.54340000
0.37800000	0.52800000
0.35610000	0.51420000
0.33560000	0.50180000
0.31910000	0.49040000
0.29860000	0.47990000
0.28900000	0.46980000
0.28080000	0.46040000
0.27670000	0.46900000
0.28900000	0.45440000
0.30680000	0.45300000
0.31360000	0.42610000
0.28760000	0.41820000
0.27530000	0.42900000
0.30130000	0.43640000
0.37250000	0.40950000
0.33280000	0.38980000
0.49170000	0.50340000
0.58760000	0.37520000
0.42320000	0.36910000
0.36570000	0.36220000
0.32600000	0.35550000
0.29720000	0.34900000
0.28080000	0.34260000
0.27390000	0.34370000
0.26300000	0.33020000
0.25610000	0.32420000
0.23420000	0.31830000
0.37660000	0.39730000
0.55740000	0.39140000
0.66560000	0.30370000
16.57230000	14.47580000
8.90250000	15.43000000
3.47880000	5.88480000
2.32830000	3.38290000
1.82160000	2.89100000
1.61610000	2.50220000
4.46490000	5.06090000
3.23230000	4.36600000
2.43790000	2.65660000
1.99960000	2.39680000
1.69830000	2.28830000
1.47920000	2.06160000
1.32580000	1.88550000
1.20800000	1.74720000
6.99870000	4.32870000
8.84770000	10.67020000
5.32780000	7.65650000
3.80750000	3.47750000
3.02680000	3.26500000
2.58860000	2.89390000
2.32830000	2.60760000
2.50640000	2.41170000
2.12290000	2.21170000
1.91750000	2.11340000
2.15030000	2.22910000
3.57470000	4.71900000
5.68390000	7.44020000
4.86210000	5.13980000
3.42400000	3.23970000
3.01310000	3.01680000
2.82140000	2.81000000
2.43790000	2.65510000
2.20510000	2.60850000
2.02700000	2.41910000
2.12290000	2.26870000
4.93060000	5.00840000
4.19100000	5.47650000
3.10900000	2.92950000
2.76660000	2.91020000
2.83510000	2.98980000
2.80770000	2.62680000
2.50640000	2.71260000
2.25990000	2.51060000
2.10920000	2.35050000
1.95850000	2.22200000
1.84900000	2.11740000
1.75310000	2.03080000
3.46510000	3.18310000
3.98560000	4.07770000
2.87620000	2.55030000
2.46530000	2.59390000
2.17770000	2.40510000
2.02700000	2.25070000
2.32830000	2.15160000
2.47900000	2.61860000
2.04070000	2.21430000
2.08180000	2.23470000
2.21880000	2.10520000
1.84900000	2.00040000
1.72570000	1.91420000
1.62980000	1.84200000
3.78010000	2.95030000
10.29950000	9.80360000
4.88950000	6.82630000
3.68420000	3.43430000
3.09530000	3.14980000
2.69810000	2.84360000
2.43790000	2.60500000
2.17770000	2.41760000
1.90380000	2.26870000
1.31480000	2.14890000
1.91750000	2.05090000
2.19140000	1.96950000
9.03940000	7.28480000
5.99890000	6.25640000
3.62950000	3.13070000
3.08160000	2.91330000
2.83510000	2.66180000
2.64330000	2.46460000
2.42420000	2.30830000
2.21880000	2.18280000
2.10920000	2.08060000
1.98590000	1.99590000
1.87640000	1.92450000
1.73940000	1.86330000
1.36960000	1.80990000
1.43810000	1.76230000
1.19160000	1.71940000
1.26000000	1.68010000
1.43810000	1.64350000
1.43810000	1.60920000
1.36960000	1.57670000
1.43810000	1.54570000
1.91750000	1.54450000
1.84900000	1.49210000
1.50660000	1.67240000
1.50660000	1.66250000
1.19160000	1.59230000
1.19160000	1.53340000
1.23260000	1.48310000
1.23260000	1.43950000
1.13680000	1.40080000
1.05460000	1.36600000
0.99980000	1.33430000
1.04090000	1.30490000
1.04090000	1.27740000
0.94500000	1.25130000
1.02720000	1.22660000
0.90390000	1.20280000
0.87660000	1.17990000
0.99980000	1.15770000
0.97930000	1.13610000
0.94500000	1.11510000
0.86970000	1.09470000
0.86290000	1.07470000
0.80120000	1.05510000
0.85600000	1.03590000
0.89020000	1.01720000
0.86970000	0.99880000
0.82860000	0.98070000
0.80120000	0.96300000
0.80120000	0.94560000
0.76700000	0.92860000
0.76010000	0.91190000
0.77380000	0.89540000
0.80120000	0.87930000
0.79440000	0.86360000
0.78070000	0.84790000
0.80810000	0.83270000
0.79440000	0.81770000
0.78070000	0.80300000
0.71900000	0.78850000
0.72590000	0.77430000
0.69850000	0.76040000
0.69850000	0.74670000
0.71220000	0.73330000
0.71900000	0.72010000
0.76700000	0.70710000
0.71900000	0.69440000
0.73270000	0.68190000
0.88340000	0.66960000
1.34220000	0.65760000
1.06830000	0.64570000
0.98610000	0.63410000
0.87660000	0.62270000
0.84230000	0.61150000
0.84230000	0.60050000
0.84920000	0.58970000
0.81490000	0.57910000
0.80120000	0.56870000
0.78750000	0.55840000
0.80810000	0.54840000
0.78070000	0.53850000
0.73960000	0.52880000
0.71220000	0.51930000
0.68480000	0.51000000
3.97190000	0.50080000
8.36830000	3.80380000
3.99930000	3.49460000
3.08160000	1.31640000
2.73920000	1.36770000
3.60210000	1.23300000
6.28650000	4.82060000
4.56080000	4.33040000
3.76640000	2.42850000
3.09530000	1.99690000
2.98570000	1.78720000
2.84880000	1.60420000
6.09480000	1.72500000
9.53250000	3.90690000
5.56060000	2.55950000
4.61560000	2.07260000
3.97190000	1.93400000
3.46510000	1.74000000
3.01310000	1.58940000
2.79400000	1.47130000
2.43790000	1.37770000
2.35570000	1.30250000
2.21880000	1.24130000
2.13660000	1.19070000
2.04070000	1.14800000
2.19140000	1.11660000
2.35570000	1.11180000
2.36940000	1.09490000
2.54750000	1.03090000
2.75290000	1.00490000
3.32820000	1.99530000
4.69780000	3.61580000
3.86230000	2.16210000
3.90340000	1.78840000
4.34170000	1.65570000
5.82080000	2.57270000
16.43530000	15.16190000
24.10510000	28.31820000
16.02440000	21.89890000
12.88800000	13.08180000
10.53230000	8.02120000
7.95740000	5.93520000
9.69680000	7.24350000
9.57360000	7.98410000
7.21780000	5.94960000
8.12180000	7.11030000
8.58750000	6.80190000
6.34130000	4.56500000
5.93040000	4.41730000
6.17690000	4.46090000
6.71110000	3.83910000
15.61350000	6.98890000
11.53210000	6.91720000
14.38090000	5.05580000
12.20320000	6.04400000
7.21780000	5.47490000
5.57430000	4.22880000
4.69780000	3.90860000
4.21840000	3.63510000
5.04020000	3.47010000
6.32760000	3.78680000
4.87580000	3.94540000
4.10880000	3.17540000
3.65690000	3.04420000
3.30080000	2.92360000
2.97210000	2.82160000
2.73920000	2.73380000
2.56120000	2.65680000
2.41050000	2.58810000
2.30090000	2.52590000
2.68440000	2.53870000
7.10830000	4.70610000
7.47810000	5.31890000
5.17710000	3.11600000
5.39630000	3.77580000
5.64280000	3.81340000
5.77980000	5.30400000
4.51970000	4.34480000
3.94450000	3.40120000
3.78010000	3.24370000
3.51990000	3.05950000
3.28710000	2.85670000
6.97130000	3.25860000
4.88950000	3.52330000
4.35540000	2.82960000
3.51990000	2.76730000
2.98570000	2.59540000
2.57490000	2.47280000
2.38310000	2.37360000
2.23250000	2.28480000
1.98590000	2.21150000
1.84900000	2.14750000
1.71200000	2.09670000
1.60240000	2.03950000
1.49290000	1.99260000
1.41070000	2.00090000
2.09550000	1.97940000
1.84900000	1.87630000
2.58860000	2.73200000
2.54750000	2.38560000
3.38290000	2.28160000
3.10900000	1.73930000
2.21880000	1.70160000
1.76680000	1.66900000
1.86270000	1.69380000
1.82160000	1.61170000
1.61610000	1.57830000
1.46550000	1.54950000
1.34500000	1.52130000
3.93080000	1.92390000
4.61560000	3.67690000
4.79360000	3.18590000
4.72520000	2.63490000
3.21860000	2.18820000
2.34200000	2.23600000
2.06810000	2.07050000
1.76680000	1.91560000
1.53400000	1.79550000
1.34770000	1.70310000
1.22850000	1.62750000
1.35040000	1.59090000
1.09290000	1.51090000
0.96280000	1.46480000
2.27360000	1.52980000
1.33130000	1.38780000
1.34770000	1.38330000
1.12030000	1.32490000
0.92170000	1.29650000
0.83000000	1.27040000
0.78480000	1.25270000
0.76150000	1.25090000
0.68340000	1.19650000
0.61500000	1.17390000
0.56840000	1.15200000
0.57520000	1.16950000
0.76840000	1.13650000
0.59710000	1.08950000
0.52590000	1.06960000
0.48480000	1.05020000
0.44380000	1.03110000
0.40950000	1.01250000
0.38620000	0.99410000
0.63410000	1.06330000
0.75880000	0.98950000
0.55740000	0.94130000
0.49850000	0.92430000
1.62980000	2.38030000
0.81220000	1.06310000
0.58350000	0.87740000
0.48620000	0.86120000
0.42870000	0.84550000
0.39580000	0.83000000
0.37660000	0.81490000
0.37120000	0.80020000
0.39720000	0.81530000
0.44790000	0.78720000
0.39990000	0.76480000
1.08200000	1.45100000
1.60240000	1.68970000
0.89020000	0.71930000
0.64510000	0.70650000
0.53550000	0.69630000
1.04230000	0.74890000
6.10850000	7.06980000
3.34180000	4.00000000
1.76680000	1.30430000
1.25320000	1.30380000
1.01350000	1.17350000
0.92170000	1.07190000
4.16360000	2.59190000
1.97220000	1.61430000
1.36280000	1.34930000
1.06560000	1.22050000
1.02450000	1.14590000
0.89570000	1.04110000
31.36410000	4.71480000
45.33410000	26.11800000
7.97110000	17.67400000
4.91690000	5.33950000
3.72530000	4.79080000
3.38290000	4.10030000
2.75290000	3.57330000
2.16400000	3.16910000
2.35570000	2.91220000
4.35540000	4.66350000
3.93080000	4.46590000
4.77990000	4.36490000
3.53360000	3.80460000
2.71180000	3.02520000
2.05440000	2.76300000
1.82160000	2.55750000
1.72570000	2.39450000
1.64350000	2.27950000
1.67090000	2.15730000
2.04070000	2.11160000
1.76680000	1.99490000
1.53400000	1.93130000
1.38330000	1.87570000
1.30110000	1.83430000
1.30250000	1.80040000
1.28200000	1.74690000
1.78050000	1.94300000
1.93110000	2.20080000
2.02700000	1.63550000
1.69830000	1.82390000
1.46550000	1.74860000
1.26960000	1.69000000
2.04070000	1.69050000
5.95780000	6.69210000
3.31450000	4.89160000
3.82120000	4.12880000
3.62950000	3.66870000
3.15010000	2.91690000
2.61600000	2.75580000
2.20510000	2.52270000
1.94480000	2.32410000
1.80790000	2.16730000
1.71200000	2.04210000
1.60240000	1.94070000
1.52030000	1.85730000
1.46550000	1.78760000
1.57510000	1.75490000
2.12290000	1.72070000
7.83420000	7.11470000
4.90320000	5.91040000
3.76640000	3.37570000
3.17750000	2.80570000
2.71180000	2.70470000
2.76660000	2.48580000
2.91730000	2.28640000
2.62970000	2.26060000
2.39680000	2.14940000
2.19140000	2.02660000
2.10920000	1.94360000
2.13660000	1.85150000
2.15030000	1.80090000
2.30090000	1.73750000
2.12290000	1.95290000
2.08180000	1.87930000
2.10920000	1.77220000
2.04070000	1.98670000
1.97220000	2.46500000
1.83530000	2.06120000
1.71200000	2.01040000
1.58870000	1.88740000
1.50660000	1.78840000
1.41070000	1.70740000
1.32720000	1.64010000
1.26000000	1.58310000
1.22720000	1.53400000
1.17380000	1.49740000
1.12580000	1.45250000
1.08200000	1.41770000
1.04090000	1.38570000
1.24910000	1.38150000
1.17100000	1.32780000
1.17790000	1.32010000
1.09710000	1.27560000
1.02040000	1.39310000
0.98890000	1.34270000
0.95870000	1.29730000
0.91080000	1.25900000
1.01760000	1.22540000
1.09020000	1.19490000
1.03950000	1.16710000
1.29290000	1.14130000
1.60240000	1.34990000
2.12290000	3.48040000
2.75290000	6.27490000
3.30080000	7.22280000
2.78030000	3.81540000
2.09550000	2.94930000
1.82160000	2.61250000
1.62980000	2.33760000
1.56140000	2.12460000
1.56140000	1.98460000
1.98590000	2.47570000
2.56120000	5.13890000
2.05440000	3.38750000
1.83530000	2.65110000
1.62980000	2.40930000
1.52030000	2.20480000
1.45180000	2.04430000
1.45180000	1.91690000
1.52030000	1.82430000
2.34200000	1.97920000
2.12290000	1.80400000
1.43810000	1.89350000
1.25320000	1.78670000
1.71200000	1.70010000
1.42440000	1.62860000
2.13660000	1.89600000
2.09550000	3.30270000
1.72570000	2.06050000
1.15600000	2.17900000
1.71200000	2.00440000
1.47920000	1.86670000
3.38290000	3.54470000
2.38310000	2.89270000
1.79420000	2.30450000
2.04070000	2.14420000
1.93110000	1.98380000
2.69810000	2.85280000
2.16400000	2.67580000
1.15600000	2.19810000
1.75310000	2.05010000
1.64350000	1.91250000
1.61610000	1.80260000
1.57510000	1.71350000
1.36690000	1.64020000
1.30800000	1.57880000
1.22850000	1.52650000
1.15180000	1.48110000
1.18610000	1.44100000
1.12580000	1.40500000
0.80810000	1.37210000
0.80810000	1.34170000
1.05460000	1.31330000
1.26000000	1.28650000
1.01350000	1.26100000
1.01350000	1.23650000
0.95870000	1.21290000
0.89020000	1.19010000
0.95870000	1.16790000
1.43810000	1.16110000
1.84900000	1.14580000
1.26000000	1.10880000
1.71200000	1.28510000
3.73900000	1.27980000
2.42420000	1.59080000
1.89010000	1.39010000
1.61610000	1.34550000
1.65720000	1.27020000
2.19140000	1.21930000
1.71200000	1.16270000
1.57510000	1.15750000
1.20530000	1.14260000
1.34220000	1.09920000
1.36960000	1.06220000
1.10940000	1.03020000
1.18470000	1.00200000
1.08610000	0.97670000
1.09980000	0.95360000
0.82180000	0.93240000
0.80810000	0.91270000
0.97240000	0.89390000
0.95870000	0.87600000
0.91760000	0.85890000
0.97240000	0.85300000
1.02580000	0.82690000
0.92860000	0.81140000
0.83140000	0.79640000
0.79850000	0.78180000
0.89710000	0.76750000
0.99430000	0.77430000
1.02860000	0.74660000
0.95050000	0.72740000
0.82860000	0.71330000
0.74230000	0.70040000
0.91080000	0.68770000
0.79160000	0.67530000
0.84780000	0.66320000
0.81900000	0.65120000
0.83410000	0.63950000
0.86970000	0.62800000
0.80940000	0.61660000
0.64780000	0.60550000
0.76700000	0.59460000
1.46550000	0.60860000
7.64240000	6.02670000
3.28710000	4.53000000
2.32830000	1.83510000
2.71180000	1.73930000
4.43750000	1.83480000
6.57410000	3.82600000
4.84840000	4.35520000
4.71150000	3.85580000
4.51970000	4.00860000
4.87580000	4.05650000
5.69760000	5.14440000
5.12230000	3.59950000
4.19100000	2.82790000
3.47880000	2.56880000
2.94470000	2.29860000
2.53380000	2.08930000
2.58860000	1.95000000
2.61600000	1.81440000
2.13660000	1.69340000
1.98590000	1.61000000
1.94480000	1.54670000
1.76680000	1.48350000
1.65720000	1.43520000
1.57510000	1.39180000
1.54770000	1.36720000
1.41070000	1.32010000
1.33950000	1.28920000
1.32030000	1.26950000
1.27370000	1.23400000
1.19290000	1.20880000
1.14360000	1.18480000
1.15600000	1.16910000
2.16400000	1.19050000
1.89010000	1.12100000
1.65720000	1.09810000
1.50660000	1.07700000
1.39700000	1.05720000
1.32030000	1.03790000
1.27240000	1.01900000
1.18750000	1.00050000
1.07240000	0.98230000
1.02310000	0.96460000
0.97790000	0.94710000
0.99300000	0.93000000
2.28720000	1.02920000
7.53290000	5.15470000
5.35520000	2.58250000
3.39660000	0.98320000
2.64330000	1.06420000
2.87620000	1.04520000
2.50640000	0.96260000
2.13660000	1.00230000
1.91750000	0.95510000
2.23250000	0.94670000
2.64330000	0.91800000
2.42420000	1.11790000
3.01310000	1.27090000
2.99940000	1.17760000
2.39680000	1.33390000
2.05440000	1.21570000
2.76660000	1.16520000
7.84790000	3.05470000
5.13600000	3.08640000
4.21840000	1.75120000
3.30080000	1.67170000
2.71180000	1.64230000
2.47900000	1.50820000
2.91730000	1.40730000
4.41010000	2.18310000
3.08160000	1.38330000
2.47900000	1.56150000
2.13660000	1.42800000
1.86270000	1.32330000
1.62980000	1.24020000
1.47920000	1.17340000
1.45180000	1.13260000
1.31210000	1.07380000
1.20530000	1.03730000
1.14360000	1.01050000
1.01490000	0.97450000
0.92860000	0.94900000
1.73940000	0.99480000
4.41010000	3.54170000
2.06810000	1.28790000
1.49290000	0.86990000
1.67090000	0.88260000
3.20490000	1.68210000
2.76660000	1.31680000
2.80770000	1.16280000
2.27360000	1.18140000
2.16400000	1.22300000
1.79420000	1.11900000
1.71200000	1.07480000
1.46550000	0.98300000
1.26280000	0.93700000
1.14360000	0.89890000
1.72570000	0.94050000
1.50660000	0.84280000
1.15600000	0.81510000
1.00390000	0.79370000
0.91490000	0.77440000
0.85190000	0.75660000
0.80120000	0.74010000
0.75330000	0.72470000
0.69850000	0.71000000
0.64370000	0.69600000
0.62320000	0.68260000
0.67110000	0.67560000
0.70810000	0.70340000
1.35320000	0.72210000
1.29020000	0.76000000
1.19980000	0.63130000
0.89440000	0.61900000
0.72730000	0.60000000
0.62180000	0.58900000
0.58070000	0.59360000
0.57930000	0.57900000
0.59440000	0.59870000
0.67930000	0.57770000
0.61630000	0.53730000
0.52870000	0.52750000
0.48900000	0.51800000
0.44790000	0.50870000
0.40540000	0.49950000
0.38210000	0.49050000
0.36020000	0.48160000
0.33560000	0.47300000
0.32050000	0.46440000
0.30540000	0.45610000
0.31360000	0.46630000
0.31770000	0.43980000
0.55740000	0.54520000
0.55330000	0.42410000
0.38350000	0.41690000
0.32320000	0.40930000
0.29450000	0.40190000
0.27390000	0.39460000
0.43960000	0.48210000
0.46980000	0.38760000
0.35340000	0.37880000
0.41230000	0.43720000
0.45200000	0.36110000
0.57660000	0.41050000
0.48210000	0.38620000
0.45060000	0.34310000
0.34100000	0.33700000
0.30410000	0.33530000
0.28620000	0.32450000
0.26840000	0.31850000
0.29040000	0.33140000
0.60950000	0.41770000
0.55610000	0.30190000
0.37120000	0.29700000
0.30820000	0.29300000
0.73680000	1.11920000
0.66840000	0.32800000
0.49580000	0.29740000
0.41090000	0.27240000
0.34510000	0.26730000
0.31500000	0.27550000
0.40130000	0.30610000
0.36980000	0.25250000
0.31770000	0.27430000
0.28760000	0.24340000
0.25890000	0.23890000
0.24110000	0.23460000
0.22460000	0.23030000
0.21090000	0.22610000
0.20000000	0.22200000
0.19170000	0.21800000
0.18900000	0.21410000
0.18900000	0.21020000
0.43140000	0.31020000
0.57390000	0.20980000
0.34650000	0.19910000
0.27120000	0.19550000
0.25200000	0.21690000
0.24110000	0.18860000
0.21230000	0.18510000
0.22600000	0.22390000
0.32320000	0.86610000
0.48350000	0.17680000
0.36160000	0.17380000
0.30130000	0.17040000
0.65330000	0.26840000
0.54650000	0.16480000
0.38080000	0.16240000
0.31500000	0.15920000
0.27800000	0.15610000
0.25200000	0.15310000
0.23280000	0.15090000
0.21500000	0.14740000
0.20270000	0.14460000
0.26020000	0.14200000
2.79400000	4.91670000
1.18470000	1.84780000
0.70530000	0.60780000
0.55200000	0.52980000
0.54240000	0.50970000
0.56700000	0.40820000
0.46430000	0.47600000
0.41640000	0.43140000
0.42590000	0.40640000
0.46290000	0.35090000
0.48760000	0.36140000
0.53550000	0.56460000
0.74370000	0.73790000
1.32170000	0.72750000
0.89300000	0.85180000
0.93960000	0.95240000
0.87520000	0.88240000
0.80670000	0.90730000
0.73960000	0.86370000
0.72730000	0.77690000
0.75880000	0.68250000
0.67660000	0.80520000
1.02040000	0.92410000
0.93680000	1.25580000
0.83140000	1.10070000
0.84370000	1.25300000
1.34080000	1.14490000
1.18610000	1.24960000
1.03680000	1.14230000
0.90670000	1.15010000
0.93130000	1.03610000
9.29960000	5.54960000
3.60210000	3.91030000
2.32830000	2.08750000
1.76680000	1.86890000
1.46550000	1.71770000
1.27100000	1.53390000
1.13540000	1.39160000
1.04910000	1.28050000
0.97790000	1.19300000
0.92590000	1.12310000
3.51990000	3.63980000
6.27280000	6.11050000
3.69790000	3.81120000
2.67070000	2.34330000
2.15030000	2.15590000
1.82160000	1.93300000
1.60240000	1.75250000
1.45180000	1.61190000
1.31760000	1.50090000
1.25180000	1.41230000
1.19430000	1.34090000
1.11900000	1.28290000
1.04780000	1.23290000
1.00530000	1.19130000
1.17380000	1.19570000
1.50660000	1.57140000
1.17790000	1.37480000
1.06970000	1.47110000
0.99980000	1.37200000
0.93960000	1.29270000
0.89570000	1.22860000
0.86830000	1.17580000
0.85460000	1.13160000
0.83270000	1.09400000
0.80940000	1.06140000
0.80940000	1.03590000
0.79990000	1.00690000
0.75190000	0.98330000
0.72730000	0.96140000
0.72040000	0.94100000
0.70530000	0.92170000
0.67930000	0.90360000
0.59030000	0.88610000
0.69170000	0.86920000
1.24910000	1.94160000
1.19840000	1.70670000
1.58870000	2.32460000
1.78050000	2.04230000
1.28470000	1.69960000
1.13810000	1.53550000
1.08470000	1.40520000
1.75310000	2.23130000
4.88950000	4.83540000
2.87620000	2.77350000
2.06810000	2.20140000
1.71200000	1.96630000
1.53400000	1.77470000
1.28200000	1.62560000
1.28740000	1.50870000
1.58870000	1.44820000
2.75290000	3.02340000
2.06810000	2.27500000
3.06790000	2.14110000
5.60170000	6.95270000
3.16380000	4.83550000
2.56120000	2.81680000
2.05440000	2.54090000
1.84900000	2.27980000
1.84900000	2.07720000
1.91750000	1.91860000
1.68460000	1.79320000
1.75310000	1.69270000
1.57510000	1.61120000
1.67090000	1.54380000
1.16420000	1.48730000
0.98610000	1.43890000
1.36960000	1.39690000
1.67090000	1.35960000
1.34770000	1.32600000
1.35040000	1.29530000
1.12170000	1.26690000
1.20110000	1.24030000
1.28470000	1.21510000
1.15600000	1.19110000
1.19430000	1.16800000
1.38330000	1.14580000
2.01330000	1.12420000
3.32820000	1.13200000
2.31460000	1.09100000
2.01330000	1.22270000
1.28740000	1.25150000
1.39700000	1.19330000
1.83530000	1.14510000
1.23260000	1.10450000
1.19160000	1.06950000
0.86970000	1.03900000
0.73960000	1.01190000
0.86290000	0.98730000
1.01350000	0.96480000
0.95870000	0.94390000
0.89020000	0.92420000
0.95870000	0.90560000
1.09570000	0.88780000
5.20450000	7.22960000
4.88950000	6.60810000
2.82140000	3.01360000
2.19140000	2.44640000
1.91750000	2.18840000
1.47920000	1.95300000
1.53400000	1.77090000
1.24630000	1.62880000
1.12990000	1.51690000
1.08200000	1.42760000
1.07510000	1.35540000
1.13680000	1.29610000
1.27370000	1.24660000
1.17100000	1.20460000
1.11620000	1.16820000
1.07930000	1.13610000
1.05460000	1.10720000
0.95870000	1.08130000
0.87660000	1.05720000
0.90390000	1.03460000
0.94500000	1.01340000
0.86970000	0.99320000
0.85600000	0.97390000
0.84640000	0.95520000
0.85330000	0.93720000
0.84780000	0.91970000
0.83270000	0.90270000
0.84090000	0.88610000
0.87660000	0.88230000
0.88480000	0.86690000
0.84640000	0.84250000
0.82040000	0.82380000
0.78750000	0.80850000
0.77520000	0.79380000
0.76560000	0.77950000
0.76150000	0.76550000
0.75740000	0.75170000
0.75050000	0.73810000
0.80810000	0.72690000
0.93680000	0.74020000
1.78050000	3.44830000
8.42310000	10.26740000
4.20470000	6.10490000
2.71180000	2.73550000
2.42420000	2.48820000
1.89010000	2.16970000
1.58870000	1.92530000
1.84900000	1.73670000
1.68460000	1.58990000
1.50660000	1.47470000
1.42440000	1.38320000
1.42440000	1.30960000
1.31890000	1.24950000
1.27240000	1.19960000
1.29700000	1.15740000
1.30520000	1.12120000
1.41070000	1.08940000
1.68460000	1.09310000
1.98590000	1.06090000
2.32830000	1.03090000
3.53360000	1.22150000
3.65690000	1.26810000
2.62970000	1.01850000
2.39680000	1.06840000
2.57490000	1.02850000
2.67070000	0.99080000
2.41050000	0.95660000
3.13640000	0.94800000
5.31410000	3.84210000
8.61480000	12.19450000
8.28610000	9.97980000
5.68390000	5.25690000
4.76620000	3.41010000
5.31410000	3.48030000
4.67040000	3.57190000
5.06760000	3.30390000
9.57360000	5.21460000
7.06720000	3.79670000
6.62890000	2.99530000
12.61410000	3.14810000
6.28650000	3.32390000
4.47860000	2.70180000
3.73900000	2.46920000
3.31450000	2.28680000
3.19120000	2.14350000
2.86250000	2.02600000
2.54750000	1.93130000
2.32830000	1.85290000
2.16400000	1.78680000
2.04070000	1.73010000
1.89010000	1.68050000
1.73940000	1.63650000
1.61610000	1.59660000
1.49290000	1.56010000
1.36960000	1.52620000
1.26690000	1.49440000
1.16690000	1.46420000
1.10390000	1.43540000
1.80790000	1.46070000
1.86270000	1.40720000
1.60240000	1.37460000
2.06810000	1.37450000
1.54770000	1.30540000
1.33670000	1.28150000
1.21480000	1.25810000
1.19700000	1.24860000
1.05320000	1.21280000
0.96420000	1.19080000
0.90670000	1.16930000
1.10390000	1.19270000
1.16140000	1.15830000
3.05420000	2.58330000
2.60230000	2.18490000
4.23210000	3.06390000
7.19040000	4.80970000
8.88880000	5.42170000
5.02650000	2.49520000
3.41030000	1.97580000
2.87620000	1.79420000
2.97210000	1.65000000
2.32830000	1.50040000
1.93110000	1.40430000
1.84900000	1.35960000
2.57490000	1.60330000
1.80790000	1.65960000
1.54770000	1.40760000
1.36690000	1.32460000
1.53400000	1.29630000
4.67040000	3.12020000
3.21860000	2.19680000
2.27360000	1.77230000
7.05350000	2.90590000
11.36780000	6.30560000
5.80710000	3.36100000
4.13620000	2.61580000
3.04050000	2.30610000
2.46530000	2.07710000
2.34200000	1.92060000
2.36940000	1.79460000
2.09550000	1.66320000
1.73940000	1.55970000
1.53400000	1.48720000
1.36960000	1.42700000
1.50660000	1.42850000
2.45160000	1.53800000
2.54750000	1.65920000
4.91690000	3.22920000
4.20470000	3.16100000
6.68370000	5.33400000
5.41000000	3.31830000
3.41030000	2.56530000
3.67060000	2.31880000
9.32700000	4.83550000
10.92950000	6.53730000
9.28600000	4.87960000
8.72440000	4.55140000
8.12180000	6.34830000
5.06760000	4.31960000
4.99910000	3.39580000
4.95800000	4.63720000
5.67020000	3.08270000
9.98450000	5.40020000
5.91670000	4.54800000
4.14990000	3.41450000
3.42400000	3.11870000
2.90360000	2.84550000
2.41050000	2.63140000
2.06810000	2.46200000
2.01330000	2.37320000
3.19120000	2.59770000
2.23250000	2.65130000
1.93110000	2.05420000
1.61610000	1.98280000
4.62930000	2.26060000
4.86210000	5.18240000
2.75290000	3.43640000
2.16400000	2.65690000
1.87640000	2.45080000
1.62980000	2.28800000
2.10920000	2.20080000
1.79420000	2.05210000
1.46550000	1.96500000
1.29430000	1.89210000
1.35870000	1.86190000
1.23400000	1.80680000
1.19570000	1.72960000
1.09710000	1.71200000
0.95870000	1.64570000
0.85740000	1.60940000
0.80810000	1.57540000
2.72550000	1.59790000
4.30060000	5.20460000
1.84900000	3.32120000
1.36000000	1.65290000
1.21900000	1.58780000
1.42440000	1.57150000
1.13400000	1.49730000
0.98470000	1.44140000
0.88340000	1.40380000
0.80810000	1.36990000
0.76150000	1.33870000
0.70400000	1.30970000
0.64780000	1.28250000
0.60400000	1.25660000
0.61500000	1.28220000
0.59580000	1.20820000
0.53140000	1.18530000
0.52180000	1.18530000
0.53960000	1.15250000
0.51910000	1.12050000
0.58620000	1.14030000
0.49580000	1.07990000
0.46430000	1.08090000
0.58480000	1.09100000
0.77110000	1.29170000
1.02720000	1.27740000
0.75740000	0.98750000
0.63690000	0.99460000
0.59170000	0.95180000
0.48760000	0.93440000
0.45610000	0.92180000
0.42180000	0.90080000
0.43010000	0.88440000
0.63410000	0.92350000
1.04230000	1.71390000
1.73940000	3.80950000
1.54770000	2.79790000
0.99020000	1.55350000
0.80120000	1.60430000
0.75330000	1.43060000
0.66290000	1.30990000
0.59710000	1.21510000
0.54650000	1.13990000
0.50400000	1.07930000
0.69440000	1.27260000
0.83680000	0.99220000
0.63000000	1.17630000
0.55060000	1.10330000
0.50950000	1.04450000
0.47660000	0.99650000
0.46020000	0.95670000
0.44920000	0.92300000
0.42320000	0.89410000
0.41230000	0.86870000
0.40270000	0.84620000
0.38760000	0.82580000
0.37530000	0.80700000
0.36840000	0.78950000
0.36710000	0.77310000
0.44240000	0.79720000
0.97380000	0.93090000
0.75190000	0.72890000
0.58480000	0.71560000
0.51910000	0.70210000
0.48070000	0.68890000
0.44920000	0.67610000
0.43140000	0.66360000
0.43010000	0.65380000
0.41500000	0.63960000
0.41090000	0.63680000
0.75600000	0.87120000
0.89020000	0.96840000
0.65880000	0.88670000
0.58760000	0.81050000
0.53830000	0.79420000
0.51770000	0.75260000
0.49580000	0.70990000
0.48760000	0.68610000
0.48480000	0.65310000
0.47250000	0.63440000
0.46290000	0.61210000
0.44790000	0.59530000
0.43960000	0.58030000
0.44380000	0.56660000
1.65720000	1.53370000
2.46530000	2.33910000
1.38330000	1.24600000
1.04500000	1.32000000
0.89020000	1.16890000
0.82180000	1.05230000
0.83140000	0.97980000
1.56140000	1.15640000
1.13680000	1.06710000
1.00670000	1.19860000
1.20660000	1.39990000
1.10120000	1.25210000
0.95600000	1.29350000
0.86420000	1.25710000
0.83140000	1.14430000
0.79850000	1.05620000
0.77380000	0.98650000
1.32850000	1.90170000
1.86270000	1.66850000
1.30930000	1.40620000
1.07790000	1.27630000
1.03950000	1.17120000
1.10390000	1.10960000
1.01630000	1.02250000
0.72590000	1.13590000
0.93270000	1.06010000
2.49270000	4.06750000
3.43770000	3.36540000
1.71200000	1.90120000
1.21210000	1.72090000
1.46550000	1.54790000
1.49290000	1.41350000
1.31760000	1.30810000
1.20390000	1.22460000
1.11350000	1.15770000
1.90380000	3.68970000
2.39680000	3.30270000
1.69830000	1.90980000
1.43810000	1.81340000
1.39700000	1.64530000
1.19290000	1.50990000
0.97790000	1.40340000
0.83270000	1.31870000
0.70120000	1.25040000
0.64650000	1.19440000
0.96010000	1.14780000
0.93680000	1.10830000
0.94230000	1.07430000
1.04090000	1.04440000
1.05050000	1.01760000
1.29980000	0.99340000
3.94450000	4.70260000
5.13600000	4.90690000
4.39640000	2.64550000
2.65700000	2.17700000
2.12290000	1.97810000
1.93110000	1.79240000
1.72570000	1.64050000
1.67090000	1.52120000
1.64350000	1.42650000
1.17650000	1.35030000
1.10660000	1.28810000
1.06420000	1.23660000
0.89020000	1.19300000
0.97930000	1.15550000
1.16960000	1.12280000
1.65720000	1.09360000
1.89010000	1.06720000
1.52030000	1.04290000
1.33130000	1.02030000
1.25180000	0.99910000
1.47920000	0.97900000
10.34060000	4.06960000
5.04020000	3.70170000
3.91710000	3.07810000
6.04000000	4.29200000
4.05400000	3.08170000
3.17750000	2.46140000
2.67070000	2.32310000
2.45160000	2.11480000
2.19140000	1.91880000
1.36960000	1.76580000
1.15320000	1.64520000
1.08470000	1.54890000
1.13680000	1.47110000
1.25180000	1.40710000
1.26960000	1.35370000
1.34500000	1.30820000
1.22720000	1.26890000
1.09570000	1.23420000
1.04910000	1.20310000
1.13400000	1.17470000
1.10800000	1.14860000
1.10390000	1.12420000
1.05050000	1.10110000
0.96150000	1.07920000
0.90810000	1.05820000
0.86700000	1.03800000
0.81900000	1.01840000
0.77250000	0.99940000
0.79850000	0.98090000
0.78750000	0.96290000
0.69580000	0.94530000
0.72180000	0.92810000
0.76560000	0.91120000
0.80670000	0.89470000
0.82450000	0.87850000
0.77660000	0.86260000
0.73960000	0.84700000
0.64650000	0.83180000
0.68750000	0.81680000
0.72730000	0.80200000
0.84500000	0.78760000
1.39700000	0.77340000
1.30660000	0.75960000
1.07240000	0.74580000
0.96420000	0.73240000
0.81490000	0.71920000
0.76560000	0.70630000
0.73680000	0.69350000
0.73270000	0.68110000
0.74920000	0.66880000
0.69440000	0.65680000
0.67250000	0.64500000
0.70260000	0.63340000
0.67250000	0.62200000
0.67380000	0.61080000
0.68480000	0.59980000
0.66430000	0.58900000
0.66970000	0.57840000
0.71220000	0.56800000
0.69850000	0.55780000
0.59300000	0.54770000
0.68480000	0.53790000
0.76150000	0.52820000
0.73680000	0.51870000
0.65060000	0.50940000
0.67380000	0.50020000
0.69170000	0.49120000
0.69710000	0.48240000
0.69170000	0.47370000
0.67110000	0.46520000
0.64230000	0.45680000
0.61630000	0.44860000
0.59300000	0.44050000
0.59580000	0.43260000
0.61220000	0.42480000
0.64780000	0.41720000
0.79850000	0.40970000
2.64330000	0.47450000
3.86230000	0.42370000
2.82140000	0.39210000
2.73920000	0.39280000
2.98570000	0.40060000
3.15010000	0.37800000
3.67060000	0.38220000
3.62950000	0.43980000
4.04030000	0.47290000
8.65590000	4.06530000
9.86120000	5.77080000
7.53290000	3.09160000
11.12120000	3.76610000
11.91560000	7.03910000
14.10700000	11.97930000
15.75050000	19.45090000
19.72240000	21.20830000
17.66800000	20.06240000
8.47790000	12.44940000
6.38240000	6.36540000
5.36890000	5.67740000
4.62930000	4.94080000
4.23210000	7.85350000
4.27320000	12.52770000
4.64300000	12.91900000
3.80750000	8.28570000
3.19120000	5.35380000
3.47880000	6.18150000
3.97190000	7.03730000
3.24600000	5.70610000
2.86250000	4.54690000
2.84880000	4.22110000
5.57430000	6.81310000
5.20450000	5.56150000
3.88970000	4.23460000
4.08140000	3.97500000
4.53340000	4.25700000
3.64320000	3.63000000
3.01310000	3.57550000
2.64330000	3.37720000
2.43790000	3.23050000
2.76660000	3.12690000
2.98570000	2.98810000
2.38310000	2.87490000
2.13660000	2.79140000
1.99960000	2.71730000
1.83530000	2.65050000
1.75310000	2.59840000
3.98560000	3.93670000
3.34180000	3.34390000
2.46530000	2.43130000
2.12290000	2.38300000
1.86270000	2.33670000
2.09550000	2.29200000
5.72500000	2.79790000
7.02610000	4.06920000
4.49230000	3.20930000
3.25970000	2.60360000
2.79400000	2.63000000
2.71180000	2.53650000
2.45160000	2.36940000
2.13660000	2.27400000
1.99960000	2.20620000
1.78050000	2.12390000
1.57510000	2.06330000
1.39700000	2.00940000
2.31460000	2.04440000
1.73940000	1.91590000
1.65720000	1.90000000
1.42440000	1.83530000
1.23540000	1.79830000
1.09980000	1.76290000
1.04090000	1.73970000
0.98060000	1.69700000
1.22850000	1.71830000
3.17750000	1.96400000
4.50600000	4.75020000
2.79400000	2.22310000
1.99960000	1.60050000
1.60240000	1.56140000
1.65720000	1.57460000
1.62980000	1.49310000
1.27240000	1.46110000
1.09980000	1.43160000
0.99710000	1.40340000
0.90390000	1.37630000
0.83270000	1.35010000
0.85600000	1.36220000
3.62950000	4.82230000
1.95850000	3.02220000
1.34500000	1.52820000
1.08610000	1.45230000
0.94370000	1.38980000
0.85600000	1.33750000
0.81770000	1.30670000
0.83960000	1.29280000
2.64330000	2.05960000
1.43810000	1.19390000
0.99300000	1.16340000
0.83410000	1.13730000
0.82450000	1.13950000
1.01080000	1.13010000
0.86560000	1.08330000
0.74780000	1.04740000
0.66020000	1.02730000
0.60540000	1.00840000
0.60670000	1.01320000
0.60260000	0.97340000
0.75330000	1.00920000
0.74920000	0.94210000
0.58210000	0.91840000
0.51500000	0.90170000
0.48350000	0.88540000
0.45610000	0.86940000
0.42590000	0.85360000
0.44650000	0.83820000
1.80790000	2.34620000
0.91760000	1.01560000
0.63280000	0.79570000
0.56430000	0.81590000
2.82140000	1.65090000
2.75290000	5.86600000
1.43810000	3.09060000
1.03680000	1.60210000
0.93540000	1.44260000
0.80400000	1.29250000
0.70260000	1.18730000
0.65190000	1.13200000
0.62730000	1.04320000
0.62730000	1.01690000
0.61080000	0.94400000
0.57250000	0.91530000
0.53280000	0.87410000
0.47660000	0.84740000
0.44100000	0.82400000
0.41500000	0.80300000
0.54370000	0.81030000
1.49290000	1.67240000
0.85870000	0.95060000
0.64650000	0.74320000
0.57390000	0.73490000
0.55610000	0.71180000
0.50950000	0.69320000
0.46290000	0.68000000
0.44920000	0.69410000
2.79400000	2.55290000
2.52010000	3.07100000
1.39700000	1.09530000
0.97110000	1.25680000
0.76420000	1.12920000
0.64100000	1.03010000
0.67380000	0.96360000
0.59850000	0.89100000
0.52180000	0.84180000
0.48480000	0.80170000
0.47660000	0.77910000
0.46160000	0.74070000
0.87790000	0.79830000
0.80940000	0.69610000
0.57930000	0.67760000
0.49990000	0.66100000
0.58620000	0.68570000
0.54370000	0.63170000
0.45330000	0.61840000
0.41230000	0.60590000
0.39440000	0.59390000
0.38900000	0.58860000
0.37530000	0.57140000
0.42460000	0.59500000
0.43420000	0.55020000
0.39720000	0.55150000
0.38620000	0.53520000
0.36570000	0.52050000
0.33970000	0.51100000
0.32050000	0.50170000
0.32050000	0.49260000
0.31770000	0.50090000
0.31500000	0.47500000
0.28900000	0.46640000
0.28620000	0.45800000
0.28210000	0.44970000
0.28080000	0.44160000
0.27260000	0.43370000
0.26430000	0.42580000
0.25890000	0.41820000
0.25610000	0.41060000
0.25610000	0.40410000
0.25340000	0.39600000
0.26710000	0.39570000
0.72320000	0.53120000
0.63690000	0.37580000
0.44650000	0.37390000
0.53830000	1.04850000
0.72040000	0.42740000
0.49440000	0.35100000
0.41910000	0.34440000
0.39310000	0.33790000
0.36290000	0.33160000
0.35060000	0.32550000
0.34240000	0.31960000
0.54780000	0.37480000
2.09550000	3.56570000
1.15180000	1.57780000
1.26410000	0.90240000
1.05600000	0.87420000
0.87790000	1.05960000
0.96150000	1.21100000
1.13810000	2.20360000
2.41050000	3.61820000
1.82160000	2.22520000
1.38330000	1.81250000
1.34220000	1.57930000
1.16010000	1.42650000
1.04910000	1.44310000
0.97790000	1.31440000
0.89980000	1.20830000
0.83680000	1.14240000
0.82180000	1.06790000
0.76150000	0.99170000
0.71360000	0.93960000
0.69030000	0.89560000
0.65880000	0.85920000
0.90120000	1.00340000
0.95870000	0.95940000
0.81630000	1.10620000
0.74780000	1.05000000
0.70810000	0.97980000
0.68750000	0.92370000
0.68210000	0.88620000
0.66150000	0.84100000
0.64230000	0.80970000
0.60540000	0.78290000
0.66020000	0.75970000
1.29430000	0.73920000
0.97790000	0.72080000
0.79030000	0.70400000
0.71630000	0.68840000
0.61500000	0.67380000
0.77790000	0.66010000
1.27510000	5.32580000
2.60230000	4.72920000
1.76680000	1.99010000
1.53400000	1.93360000
1.29980000	1.69470000
1.02040000	1.51120000
1.12720000	1.36920000
1.62980000	1.28070000
2.10920000	1.17450000
1.68460000	1.29270000
1.79420000	1.23590000
1.29020000	1.15470000
1.42440000	1.08970000
1.34360000	1.03690000
0.86560000	0.99330000
1.06970000	0.95680000
1.45180000	2.78050000
1.67090000	2.80120000
1.42440000	1.64260000
1.28060000	1.56390000
1.19980000	1.42810000
1.13130000	1.31470000
1.09160000	1.22520000
1.18880000	1.15380000
1.67090000	1.09600000
1.49290000	1.04850000
1.19840000	1.00880000
1.16550000	0.97500000
1.20800000	0.94570000
0.00000000	0.91990000
1.56140000	0.91230000
9.75160000	7.94590000
6.77960000	7.74100000
4.14990000	3.40270000
6.09480000	4.13550000
5.68390000	3.54900000
3.39660000	2.79050000
2.46530000	2.54170000
