0.09070000	0.28320000
0.09070000	0.31250000
0.09540000	0.32450000
0.10800000	0.34120000
0.11890000	0.30600000
0.11580000	0.29790000
0.11110000	0.30150000
0.10480000	0.29030000
0.09860000	0.28540000
0.09540000	0.28150000
0.10480000	0.30720000
0.11270000	0.28040000
0.12360000	0.28340000
0.11580000	0.27090000
0.11270000	0.27880000
0.11270000	0.26170000
0.11270000	0.25670000
0.11270000	0.26610000
0.11730000	0.26490000
0.11730000	0.25030000
0.16740000	0.25520000
0.09540000	0.24490000
0.09070000	0.23760000
0.09070000	0.23400000
0.27540000	0.26930000
1.67410000	8.04510000
0.63370000	5.73260000
0.42560000	4.02310000
0.33330000	3.14040000
0.27690000	2.62380000
0.21750000	2.11940000
0.20340000	1.72300000
0.19710000	1.42070000
0.17990000	1.19070000
0.16430000	1.02330000
0.16120000	0.88900000
0.16120000	0.78010000
0.15490000	0.70600000
0.16430000	0.67110000
0.18310000	0.60060000
0.22530000	1.07670000
0.23470000	1.37700000
0.20340000	1.60170000
0.19090000	1.38380000
0.17840000	1.17110000
0.17840000	1.00450000
0.17210000	0.87630000
0.15490000	0.77810000
0.12990000	0.70290000
0.18460000	0.64440000
0.19400000	0.59870000
0.14550000	0.56270000
0.17050000	0.53410000
0.16120000	0.51110000
0.17210000	0.49490000
0.39740000	0.50440000
0.51160000	0.47060000
0.40370000	0.60340000
0.37860000	0.64190000
0.42090000	0.59720000
0.41150000	0.55350000
0.38020000	0.54660000
0.45530000	3.32630000
1.70540000	4.86110000
1.35500000	3.45990000
1.17350000	2.89640000
1.03260000	2.36320000
0.86050000	1.92920000
0.80110000	1.63920000
0.81200000	2.12520000
0.93410000	2.12120000
0.85580000	1.87320000
0.76040000	1.57630000
0.74320000	1.33770000
0.68840000	1.15450000
0.67280000	1.01420000
0.75100000	0.90640000
0.70410000	0.82320000
0.65710000	0.75860000
0.90750000	0.70800000
0.81360000	0.66810000
0.75100000	0.63620000
0.70410000	0.61040000
0.65710000	0.58930000
0.62580000	0.57160000
0.59460000	0.55670000
0.56330000	0.54370000
0.53200000	0.53240000
0.51630000	0.52220000
0.56330000	0.51300000
0.57890000	0.50450000
0.53200000	0.49650000
0.48500000	0.48900000
0.43810000	0.48190000
0.40680000	0.47500000
0.37550000	0.46840000
0.34420000	0.46200000
0.31290000	0.45570000
0.29730000	0.44960000
0.28160000	0.44360000
0.26600000	0.43770000
0.23470000	0.43200000
0.21900000	0.42630000
0.20340000	0.42070000
0.20030000	0.41520000
0.20650000	0.40980000
0.21590000	0.40440000
0.22840000	0.39920000
0.24100000	0.39400000
0.25350000	0.38890000
0.23780000	0.38380000
0.21900000	0.37880000
0.20340000	0.37390000
0.19870000	0.36900000
0.20030000	0.36420000
0.20180000	0.35950000
0.20340000	0.35480000
0.20810000	0.35020000
0.22840000	0.35550000
0.25030000	0.34510000
0.23470000	0.33760000
0.20340000	0.33260000
0.18780000	0.32820000
0.17210000	0.32390000
0.31290000	0.31970000
0.67280000	0.31550000
0.50070000	0.31140000
0.42240000	0.30740000
0.35990000	0.30340000
0.32860000	0.29950000
0.29730000	0.29560000
0.27380000	0.29170000
0.25820000	0.28790000
3.12920000	0.32970000
5.47620000	0.29540000
3.83330000	0.41090000
2.81630000	0.55240000
2.34690000	0.50600000
2.03400000	0.45990000
2.50340000	0.64540000
3.91160000	5.04770000
6.33670000	9.21190000
18.30610000	19.60060000
18.61900000	18.18520000
11.17140000	9.35280000
10.93670000	6.17710000
16.27200000	11.13750000
9.85710000	9.34720000
6.27410000	4.90990000
4.42790000	3.73830000
3.52040000	3.02100000
2.89450000	2.48960000
2.34690000	2.08150000
1.97140000	1.77400000
1.64290000	1.53920000
1.48640000	1.35940000
1.34560000	1.22110000
1.22040000	1.11410000
1.09520000	1.03080000
1.00140000	0.96550000
0.90750000	0.91590000
0.86680000	0.87290000
0.81360000	0.83870000
0.79330000	0.81550000
0.76350000	0.78870000
0.66500000	0.76790000
0.67750000	0.76660000
0.59300000	0.73680000
0.55070000	0.72170000
0.51630000	0.70900000
0.50070000	0.69750000
0.57890000	0.68660000
0.53200000	0.67640000
0.47880000	0.66660000
0.46310000	0.66150000
0.45840000	0.67060000
0.43810000	0.64140000
0.46940000	0.64620000
0.51950000	0.62350000
0.47100000	0.61350000
0.55540000	0.60940000
1.02010000	0.63580000
1.06390000	0.59400000
1.52390000	0.61630000
1.52390000	0.57820000
1.50200000	0.56700000
1.47860000	0.56820000
1.42380000	0.55540000
1.27050000	0.54510000
1.18290000	0.53760000
1.11870000	0.53950000
1.09210000	0.54010000
0.99040000	0.52230000
1.00140000	0.53070000
1.49420000	0.56860000
1.75240000	0.52190000
2.53470000	0.53270000
2.55030000	0.48920000
2.47210000	0.87160000
2.30000000	0.82640000
1.90880000	0.73540000
1.65850000	0.66820000
1.45670000	0.61650000
1.30490000	0.57610000
1.36900000	0.58070000
1.79930000	0.56000000
1.65850000	0.52290000
1.55520000	0.48380000
1.49110000	0.67140000
1.48010000	0.63640000
5.25710000	2.15770000
7.72920000	3.28920000
5.94560000	2.63900000
5.03810000	2.49590000
3.61430000	2.03640000
2.89450000	1.98630000
2.39390000	1.67490000
2.06530000	1.40490000
1.79930000	1.21150000
1.50830000	1.03710000
1.31270000	0.91280000
1.17350000	0.81840000
1.28140000	0.78530000
2.86330000	0.78870000
3.12920000	0.66200000
2.97280000	1.13500000
4.92860000	1.12020000
5.44490000	1.56600000
4.13060000	1.80560000
3.14490000	1.82160000
2.48770000	1.55290000
2.01840000	1.31490000
1.65850000	1.13010000
1.40190000	0.98850000
1.19220000	0.87980000
1.03260000	0.79600000
0.91840000	0.73100000
0.91060000	0.70500000
0.80420000	0.64920000
0.71660000	0.60950000
0.69000000	0.59570000
0.66500000	0.58810000
0.58830000	0.55140000
0.49290000	0.53050000
0.57110000	0.56550000
0.71660000	0.53680000
2.95710000	0.90580000
2.40950000	1.17710000
1.84630000	1.45980000
1.43790000	1.26750000
1.12810000	1.08430000
1.36900000	1.02050000
1.16410000	0.84040000
0.95130000	0.86970000
0.82140000	0.78960000
0.72290000	0.71510000
0.78540000	0.70500000
1.49110000	2.07950000
1.20630000	2.01260000
1.70540000	2.02090000
1.44100000	1.65700000
1.26890000	1.87690000
1.40970000	1.66930000
1.54430000	2.38350000
1.56460000	2.57900000
1.41130000	2.53640000
1.13120000	2.27350000
0.99820000	2.17750000
0.90750000	1.83490000
0.76670000	1.53780000
0.64150000	1.31230000
0.55390000	1.14030000
0.50220000	1.00850000
0.48030000	0.91850000
0.51630000	0.85670000
0.87620000	0.84280000
0.69000000	0.74320000
0.65240000	0.69880000
0.66500000	0.67390000
0.54610000	0.62890000
0.45840000	0.60600000
0.39740000	0.58850000
0.35830000	0.57380000
0.32070000	0.56100000
0.28480000	0.54970000
0.26760000	0.53960000
0.29410000	0.55780000
0.25970000	0.52500000
0.21900000	0.51390000
0.20810000	0.50590000
0.19400000	0.49860000
0.18310000	0.49150000
0.22060000	0.51500000
0.51010000	0.57510000
0.44120000	0.52710000
0.29570000	0.47180000
0.22530000	0.45980000
0.20030000	0.45310000
0.19710000	0.44710000
0.24250000	0.46210000
0.22530000	0.43800000
0.60390000	0.53960000
0.46160000	0.44530000
0.29730000	0.94160000
0.23160000	0.87630000
0.20030000	0.77150000
0.18310000	0.68550000
0.19400000	0.64210000
0.22840000	0.59320000
0.17680000	0.52960000
0.16120000	0.49500000
0.40050000	0.54810000
0.48500000	0.45930000
0.29260000	0.43360000
0.24100000	0.41890000
0.30200000	0.42720000
0.25660000	0.39970000
0.21120000	0.38890000
0.22220000	0.39550000
0.31140000	0.40640000
0.30040000	0.37150000
0.22690000	0.36210000
0.20030000	0.35620000
0.17990000	0.35090000
0.16580000	0.34590000
0.15180000	0.34100000
0.14080000	0.33630000
0.13140000	0.33170000
0.12360000	0.32720000
0.12050000	0.32290000
0.11270000	0.31860000
0.10950000	0.31440000
0.10800000	0.31530000
0.11110000	0.30760000
0.11730000	0.32020000
0.12830000	0.30040000
0.15490000	0.30660000
0.33480000	0.36680000
0.30980000	0.33570000
0.35050000	0.32390000
0.41150000	0.30610000
0.40520000	0.29030000
0.75880000	0.51780000
1.11400000	1.42990000
0.71500000	1.87890000
0.59610000	1.92360000
0.51950000	1.59510000
0.44280000	1.30300000
0.39120000	1.08670000
0.38960000	0.90710000
0.32230000	0.77380000
0.28630000	0.69080000
0.25820000	0.59850000
0.23310000	0.53990000
0.21750000	0.50090000
0.20810000	0.45690000
0.20650000	0.43600000
0.22530000	0.43060000
0.20500000	0.39050000
0.17680000	0.37330000
0.15960000	0.36090000
0.15330000	0.35080000
0.15330000	0.35720000
0.14390000	0.33810000
0.13770000	0.32830000
0.22690000	0.40730000
0.95290000	1.99050000
0.61490000	2.09640000
0.49910000	2.10680000
0.44280000	1.84140000
0.47410000	1.53160000
0.72600000	1.32730000
0.69310000	1.83870000
0.68220000	1.99960000
0.66030000	1.88440000
0.62580000	1.57110000
0.57420000	1.30640000
0.51010000	1.10240000
0.46160000	0.94660000
0.42400000	0.82760000
0.39430000	0.73620000
0.36610000	0.66570000
0.36140000	0.62610000
0.42560000	0.59950000
0.38330000	0.53860000
0.33640000	0.50850000
0.32860000	0.48670000
0.30350000	0.49790000
0.35830000	0.46830000
0.33800000	0.44370000
0.35990000	0.53200000
4.19320000	7.73100000
9.87280000	12.88060000
6.71220000	8.41530000
4.20880000	4.75640000
2.87890000	3.61420000
2.15920000	2.88400000
1.72110000	2.34380000
1.43790000	1.93500000
1.21730000	1.62410000
1.05610000	1.38720000
1.24230000	1.24920000
1.20010000	1.28760000
1.04360000	1.37980000
0.97320000	1.37660000
0.90590000	1.21810000
0.86840000	1.07800000
0.81520000	0.96830000
0.74320000	0.88340000
0.69310000	0.81720000
0.69470000	0.76530000
1.61160000	2.73490000
1.53180000	2.39320000
1.49420000	2.18230000
1.42690000	1.84820000
1.64290000	1.78590000
1.65850000	1.78230000
1.52860000	1.92920000
1.43320000	1.73590000
1.32990000	1.48770000
1.22670000	1.28670000
1.09520000	1.13170000
1.04050000	1.01750000
0.97630000	0.92110000
0.87150000	0.84890000
0.78700000	0.79320000
0.73540000	0.74900000
0.74160000	0.74230000
0.76200000	0.69110000
0.72130000	1.16660000
0.69940000	1.12340000
0.65870000	1.00600000
0.61650000	0.90640000
0.66970000	0.82830000
0.77610000	0.76750000
0.67590000	0.71970000
0.62580000	0.68190000
0.57890000	0.65140000
0.53200000	0.62670000
0.50070000	0.60630000
0.48500000	0.58910000
0.48500000	0.57450000
0.46940000	0.56170000
0.48500000	0.55050000
0.45370000	0.54030000
0.43810000	0.53100000
0.42240000	0.52240000
0.40680000	0.51430000
1.15780000	0.53540000
1.70540000	0.71280000
1.40350000	1.06330000
1.22040000	1.20100000
1.09520000	1.12050000
1.00140000	0.97940000
0.97010000	0.86220000
0.87620000	0.77130000
0.78230000	0.70100000
0.87620000	0.64640000
0.81360000	0.60360000
0.70410000	0.56980000
1.75240000	0.57350000
3.00410000	0.99550000
2.36260000	1.28040000
2.28430000	1.36680000
1.89320000	1.25540000
1.72110000	1.08100000
1.56460000	0.93740000
1.40820000	0.82650000
1.28300000	0.74120000
1.15780000	0.67520000
1.06390000	0.62390000
0.93880000	0.58370000
0.86050000	0.55180000
0.78230000	0.52640000
0.71970000	0.50570000
0.65710000	0.48870000
0.59460000	0.47450000
0.54760000	0.46240000
0.51630000	0.45190000
0.48500000	0.44260000
0.45370000	0.43430000
0.43810000	0.42670000
0.40680000	0.41970000
0.37550000	0.41320000
0.35990000	0.40700000
0.35990000	0.40110000
0.34420000	0.39540000
2.47210000	0.38990000
0.37550000	0.38450000
2.19050000	0.37930000
1.87750000	0.37430000
3.12920000	0.36930000
4.85030000	0.36440000
3.12920000	0.35960000
2.03400000	0.35490000
1.72110000	0.35020000
1.40820000	0.34570000
1.12650000	0.34120000
0.93880000	0.33670000
0.78230000	0.33230000
0.65710000	0.32810000
0.57890000	0.32370000
0.54760000	0.31950000
0.93880000	0.31540000
1.56460000	0.31130000
1.09520000	0.30730000
0.90750000	0.30330000
0.78230000	0.29930000
0.84490000	0.29550000
0.70410000	0.29160000
0.62580000	0.28780000
0.70410000	0.28410000
0.64150000	0.28040000
0.59460000	0.27680000
0.56330000	0.27320000
0.53200000	0.26970000
0.50070000	0.26620000
0.46940000	0.26270000
0.45370000	0.25930000
0.43810000	0.25590000
0.45370000	0.25260000
0.43810000	0.24930000
0.50070000	0.24610000
0.56330000	0.24290000
0.62580000	0.23970000
0.54760000	0.23660000
0.48500000	0.23360000
1.09520000	0.23960000
3.12920000	0.28530000
7.49450000	0.30990000
5.25710000	0.67880000
4.41220000	0.98670000
3.67690000	1.23460000
3.39520000	1.52950000
3.42650000	1.73370000
3.27010000	1.73870000
4.22450000	1.74260000
5.30410000	2.72900000
4.92860000	2.78560000
5.11630000	2.66270000
6.08640000	4.70670000
11.71900000	10.29170000
9.40340000	7.88040000
6.21150000	4.56370000
4.56870000	3.55310000
3.83330000	5.28950000
4.77210000	14.32770000
10.21700000	17.12650000
8.18300000	10.41630000
7.32240000	5.27930000
7.90130000	5.44870000
6.10200000	3.81610000
4.85030000	3.43200000
3.67690000	2.85780000
2.94150000	2.38070000
2.59730000	2.01360000
2.20610000	1.73310000
2.33130000	1.51860000
2.25310000	1.39000000
2.39390000	1.27800000
2.58160000	1.13470000
2.48770000	1.34490000
2.62860000	1.24990000
3.22310000	1.14460000
3.72380000	1.08210000
2.81630000	0.99490000
2.26870000	0.93920000
2.03400000	0.91400000
1.72110000	0.86370000
1.50200000	0.83320000
1.37690000	0.80910000
1.25170000	0.78860000
1.18440000	0.77090000
1.13590000	0.76200000
1.02950000	0.74200000
0.87930000	0.72840000
0.83080000	0.71640000
0.78070000	0.70530000
0.74320000	0.69470000
0.69160000	0.68470000
0.64310000	0.67500000
0.59920000	0.66560000
0.56480000	0.65650000
0.54610000	0.64760000
0.64780000	0.67590000
1.02950000	0.68970000
0.78390000	0.62920000
0.74320000	0.61460000
0.74320000	0.60590000
0.74630000	0.60430000
0.69630000	0.59090000
0.63990000	0.58250000
0.59920000	0.57480000
0.56330000	0.56730000
0.53350000	0.56050000
0.50690000	0.55270000
0.64780000	0.59660000
0.66340000	0.57040000
0.66180000	0.56740000
1.45820000	0.60920000
2.33130000	0.56880000
2.75370000	0.51680000
2.45650000	1.01800000
2.04970000	0.95360000
1.81500000	0.86040000
2.03400000	0.81100000
1.58030000	0.70130000
1.45980000	0.65580000
1.54430000	0.60370000
2.33130000	0.62460000
1.81500000	0.55030000
3.73940000	0.93590000
8.51150000	2.21510000
19.55780000	13.02470000
12.39180000	10.86610000
7.36940000	5.17490000
4.91290000	3.89970000
3.53600000	3.10750000
3.05100000	2.54240000
2.25310000	2.08220000
1.94010000	1.75140000
1.68980000	1.50540000
1.36430000	1.29320000
1.16250000	1.14480000
2.15920000	1.12070000
1.68980000	0.94780000
1.39720000	0.86800000
1.27990000	0.82600000
1.15940000	0.78620000
1.03260000	0.73640000
1.07800000	0.74480000
0.87460000	0.68750000
0.75100000	0.66390000
0.63840000	0.64680000
0.61650000	0.64770000
0.56170000	0.62140000
1.84630000	0.73550000
2.59730000	0.79120000
1.81500000	1.23000000
1.39720000	1.53380000
1.14840000	1.35930000
1.12810000	1.20940000
0.88870000	1.03690000
0.72750000	0.92220000
0.62430000	0.83600000
0.55390000	0.76930000
0.49130000	0.71720000
0.43340000	0.67610000
0.39580000	0.64330000
0.40840000	0.64300000
0.35670000	0.59830000
0.31920000	0.57740000
0.29410000	0.56180000
0.27540000	0.54860000
0.26440000	0.53700000
0.29410000	0.56950000
0.29730000	0.53690000
0.44590000	0.57170000
0.70090000	0.57440000
0.35050000	0.50180000
0.28010000	0.48670000
0.24720000	0.47890000
0.22220000	0.47210000
0.20500000	0.46570000
0.21120000	0.45930000
0.32540000	0.50310000
0.31290000	0.46870000
0.23310000	0.44370000
0.20180000	0.43560000
0.18620000	0.42970000
0.17210000	0.42400000
0.18150000	0.43870000
0.18620000	0.41540000
0.17050000	0.42120000
0.16430000	0.40390000
0.14860000	0.39720000
0.15650000	0.39200000
0.33640000	0.47950000
0.28480000	0.40260000
0.22060000	0.37910000
0.17990000	0.37210000
0.15960000	0.36700000
0.14860000	0.36230000
0.13770000	0.35750000
0.12830000	0.35290000
0.12360000	0.34830000
0.12670000	0.36110000
0.13300000	0.34140000
0.12520000	0.33510000
0.14390000	0.37120000
0.15330000	0.33150000
0.13140000	0.33210000
0.12200000	0.32200000
0.12830000	0.33150000
0.13140000	0.31290000
0.12830000	0.30590000
0.10950000	0.30170000
0.09860000	0.29770000
0.09390000	0.29690000
0.09070000	0.29050000
0.09860000	0.29510000
0.10800000	0.29700000
0.12670000	0.31860000
0.14080000	0.28360000
0.12200000	0.27260000
0.10330000	0.26820000
0.09230000	0.26460000
0.08760000	0.26120000
0.08610000	0.25780000
0.08290000	0.25440000
0.07980000	0.25110000
0.07670000	0.24790000
0.07510000	0.24460000
0.07200000	0.24150000
0.07670000	0.23990000
0.07980000	0.25170000
0.07670000	0.23410000
0.07350000	0.22930000
0.06880000	0.22650000
0.06570000	0.22330000
0.06570000	0.22030000
0.08140000	0.22820000
0.13140000	0.28260000
0.16580000	0.23210000
0.13300000	0.21140000
0.10640000	0.20660000
0.30510000	0.31720000
0.38490000	0.22440000
0.21750000	0.39970000
0.16120000	0.44630000
0.13610000	0.39800000
0.11730000	0.35110000
0.10640000	0.31400000
0.09860000	0.28530000
0.09230000	0.26300000
0.09070000	0.24560000
0.09230000	0.23180000
0.10800000	0.24310000
0.10640000	0.21460000
0.10640000	0.20480000
0.10170000	0.19850000
0.10170000	0.20670000
0.10330000	0.19040000
0.10480000	0.19350000
0.10010000	0.18900000
0.09860000	0.18810000
0.09540000	0.17750000
0.09540000	0.17270000
0.09230000	0.16990000
0.09230000	0.16740000
0.12050000	0.20580000
0.12670000	0.16760000
0.12670000	0.16090000
0.10800000	0.15830000
0.10170000	0.15610000
0.09700000	0.15410000
0.09540000	0.15200000
0.09390000	0.15000000
0.09070000	0.14800000
0.09070000	0.14610000
0.09070000	0.15710000
0.09390000	0.15690000
0.09700000	0.14210000
0.10330000	0.13880000
0.13930000	0.19600000
0.48500000	0.67010000
0.32390000	1.39990000
0.21590000	1.58020000
0.17680000	1.30740000
0.15650000	1.05230000
0.14080000	0.85400000
0.14080000	0.71280000
0.15180000	0.61420000
0.19870000	0.85660000
0.21590000	1.18560000
0.18310000	1.23750000
0.16120000	1.03740000
0.14710000	0.85710000
0.14240000	0.71720000
0.13610000	0.61050000
0.15330000	0.52900000
0.13140000	0.48690000
0.16120000	0.49700000
0.45370000	1.13610000
0.55390000	1.86250000
0.49600000	1.90320000
0.43340000	1.71870000
0.41310000	1.41460000
0.36140000	1.16420000
0.41930000	1.00660000
0.74950000	1.36590000
0.64780000	1.65160000
0.60240000	1.74340000
0.56640000	1.47040000
0.53040000	1.22210000
0.49290000	1.02890000
0.54450000	0.90850000
0.56480000	0.77500000
0.48030000	1.00880000
0.44590000	0.94850000
0.36930000	0.83000000
0.44120000	0.73120000
0.40680000	0.65430000
0.40680000	0.59500000
0.40680000	0.54880000
0.43810000	0.51270000
0.57890000	1.70530000
1.09520000	1.97780000
1.00140000	1.94600000
0.84490000	1.62730000
0.70410000	1.35040000
0.62580000	1.13630000
0.59460000	0.97280000
0.57580000	0.84790000
0.56480000	0.79350000
0.78390000	2.94000000
1.50360000	2.40150000
1.47390000	2.24090000
1.51920000	1.96560000
1.46450000	1.62960000
1.25640000	1.47420000
1.05460000	1.25940000
0.95130000	1.08370000
0.81360000	0.94820000
0.71970000	0.84410000
0.64150000	0.76380000
0.59460000	0.70150000
0.54760000	0.65290000
0.50070000	0.61470000
0.46940000	0.58410000
0.44750000	0.55950000
0.43650000	0.53980000
0.39120000	0.54860000
0.50070000	0.51320000
0.45370000	0.72290000
0.40680000	0.68880000
0.37550000	0.63600000
0.35990000	0.59200000
0.32860000	0.55700000
0.32070000	0.52920000
0.31290000	0.50680000
0.34420000	0.48850000
0.39120000	0.47330000
0.46940000	0.46050000
0.54760000	0.44950000
0.51630000	0.44720000
0.48500000	0.43380000
0.43810000	0.42400000
0.40680000	0.41640000
0.39120000	0.40970000
0.37550000	0.40350000
0.35990000	0.39750000
0.35990000	0.39180000
0.37550000	0.38630000
0.46940000	0.41380000
4.69390000	5.48970000
4.42790000	3.46610000
3.11360000	3.10670000
2.45650000	2.53930000
2.08090000	2.05550000
1.73670000	1.68330000
1.41910000	1.39990000
1.10780000	1.18430000
1.04200000	1.01980000
1.25170000	0.89400000
1.56460000	0.79740000
1.40820000	0.72290000
1.09520000	0.66510000
0.78230000	0.61990000
0.62580000	0.58930000
0.54760000	0.57460000
0.53200000	0.54250000
0.49600000	0.54690000
0.47560000	0.79300000
0.49600000	1.05300000
0.51950000	1.02530000
0.51010000	0.90270000
0.49600000	0.79750000
0.45840000	0.71520000
0.45530000	0.65140000
0.48500000	0.60190000
0.49600000	0.59240000
0.49910000	0.53530000
0.50540000	0.50750000
0.51630000	0.48720000
0.56170000	0.47080000
0.58520000	0.45700000
0.69630000	0.45990000
0.72910000	0.43790000
0.82140000	0.44090000
1.36120000	0.45370000
2.86330000	0.41560000
2.61290000	0.49310000
2.31560000	0.47670000
2.23740000	0.46320000
2.15920000	0.48580000
1.97140000	1.32440000
1.84630000	1.66230000
1.79930000	1.73800000
2.87890000	1.51250000
3.53600000	1.74900000
6.33670000	1.95980000
9.32510000	2.10290000
6.96260000	2.15480000
4.92860000	1.80970000
3.58300000	1.50160000
2.76940000	1.26260000
2.42520000	1.08000000
2.36260000	0.97040000
2.39390000	0.84730000
2.19050000	0.75440000
2.06530000	0.68820000
1.95580000	0.64180000
1.79930000	0.68040000
2.89450000	3.48450000
3.17620000	2.72010000
3.09790000	2.45140000
2.81630000	2.03070000
2.65990000	1.68830000
2.65990000	1.43940000
2.81630000	1.22430000
3.44220000	1.25170000
4.85030000	1.58640000
3.75510000	1.81080000
3.08230000	1.59520000
2.56600000	1.35860000
3.97410000	1.22260000
5.24150000	2.34790000
4.72520000	1.89310000
4.00540000	2.02490000
3.36390000	1.72820000
2.83200000	1.46170000
2.42520000	1.26220000
2.36260000	1.12820000
2.17480000	0.97770000
2.87890000	0.94130000
4.72520000	1.83040000
4.22450000	2.06290000
3.77070000	2.00120000
3.22310000	1.70100000
2.78500000	1.44240000
3.42650000	1.29550000
3.69250000	1.13750000
5.10070000	2.15050000
5.42920000	2.04100000
5.02240000	1.96700000
3.94280000	1.90460000
3.12920000	1.66350000
2.53470000	1.42250000
2.30000000	1.23260000
2.45650000	1.12970000
1.92450000	0.97850000
1.68980000	0.88670000
1.50990000	0.81860000
1.34710000	0.76550000
1.21260000	0.72350000
1.25170000	0.71390000
1.41130000	0.71260000
1.16250000	0.64630000
1.04360000	0.62230000
1.01230000	0.60580000
1.42850000	0.64530000
1.30960000	0.58620000
1.35340000	0.56950000
2.23740000	0.62190000
2.25310000	0.56900000
2.14350000	0.54330000
1.95580000	0.54100000
1.65850000	0.52620000
1.39560000	0.51790000
1.22040000	0.52290000
1.30330000	0.53500000
1.14370000	0.50620000
1.01070000	0.49940000
0.89500000	0.48470000
0.80580000	0.47730000
0.95910000	0.51830000
0.83240000	0.47040000
0.71820000	0.46490000
0.73070000	0.47260000
0.62120000	0.44910000
0.53670000	0.44110000
0.48970000	0.43510000
0.46470000	0.44260000
0.41930000	0.42550000
0.38180000	0.41850000
0.35050000	0.41290000
0.32700000	0.40750000
0.30510000	0.40240000
0.50380000	0.42560000
0.61490000	0.45490000
0.90750000	0.46060000
1.56460000	0.45930000
1.90880000	1.17720000
1.15630000	1.65980000
0.85430000	1.83250000
0.67280000	1.55030000
0.54610000	1.28660000
0.45220000	1.08120000
0.39270000	0.92420000
4.11500000	0.95570000
6.30540000	8.07680000
3.92720000	6.16250000
2.47210000	3.81020000
1.76800000	2.94200000
1.33780000	2.37140000
1.18750000	1.98520000
0.93090000	1.62560000
0.76350000	1.36270000
0.63680000	1.17190000
0.54450000	1.02710000
0.46780000	0.91610000
0.42240000	0.83040000
0.37390000	0.76390000
0.33640000	0.71200000
0.29410000	0.67100000
0.27380000	0.63830000
0.25030000	0.61190000
0.23000000	0.59030000
0.21280000	0.57230000
0.20340000	0.55710000
0.19710000	0.54390000
0.19710000	0.53240000
0.23310000	0.55000000
0.20650000	0.52800000
0.17520000	0.50600000
0.35050000	0.60370000
0.33800000	0.50170000
0.20970000	0.48290000
0.17210000	0.47480000
0.15650000	0.46800000
0.14550000	0.46320000
0.16120000	0.47690000
0.35200000	0.57100000
0.33640000	0.47300000
0.33800000	0.49500000
0.25030000	0.84410000
0.20180000	1.19290000
0.18930000	1.06980000
0.18150000	0.91910000
0.16270000	0.80220000
0.14860000	0.71240000
0.13930000	0.64330000
0.12520000	0.58970000
0.13140000	0.56390000
0.14240000	0.54740000
0.14860000	0.50420000
0.13770000	0.46970000
0.11730000	0.45090000
0.10640000	0.43650000
0.10170000	0.42450000
0.10170000	0.43480000
0.11420000	0.40770000
0.10800000	0.39750000
0.09070000	0.39000000
0.08140000	0.38340000
0.07670000	0.37720000
0.07820000	0.37150000
0.07350000	0.36600000
0.07040000	0.36070000
0.08140000	0.38630000
0.11420000	0.40390000
0.14080000	0.38540000
0.19400000	0.34590000
0.15330000	0.38400000
0.20500000	0.36870000
0.17840000	0.33210000
0.12830000	0.32400000
0.10800000	0.31930000
0.09700000	0.31510000
0.09070000	0.31970000
0.08610000	0.32600000
0.08610000	0.30520000
0.08610000	0.29930000
0.07510000	0.29510000
0.07040000	0.29120000
0.06880000	0.28930000
0.06730000	0.28390000
0.07350000	0.29120000
0.07200000	0.27770000
0.07200000	0.27290000
0.07350000	0.28650000
0.07350000	0.26780000
0.07980000	0.26250000
0.07350000	0.25890000
0.08920000	0.25550000
0.26600000	0.37150000
0.20180000	0.26330000
0.12990000	0.24720000
0.10640000	0.24260000
0.09390000	0.23930000
0.08760000	0.23620000
0.08450000	0.23320000
0.07980000	0.23010000
0.07670000	0.22710000
0.07820000	0.23200000
0.07820000	0.22220000
0.07670000	0.21850000
0.07980000	0.22440000
0.09230000	0.24810000
0.10480000	0.25240000
0.11890000	0.21230000
0.10010000	0.20510000
0.08140000	0.20190000
0.07350000	0.19930000
0.07350000	0.19670000
0.07820000	0.20650000
0.10010000	0.23000000
0.26440000	0.69110000
0.25660000	1.47660000
0.14550000	1.74700000
0.11420000	1.45780000
0.10480000	1.17990000
0.12990000	1.00460000
0.13460000	0.80300000
0.11890000	1.02030000
0.10480000	0.88600000
0.10480000	0.76460000
0.12360000	0.65700000
0.14080000	0.56580000
0.12360000	0.82700000
0.10950000	0.76840000
0.10480000	0.67780000
0.10010000	0.63640000
0.09070000	0.56070000
0.08610000	0.49730000
0.08610000	0.44800000
0.08610000	0.42310000
0.09540000	0.39230000
0.10480000	0.36430000
0.10480000	0.35390000
0.09540000	0.36840000
0.09070000	0.63920000
0.09070000	0.58900000
0.10480000	0.51890000
0.10480000	0.46200000
0.56170000	1.99840000
0.75880000	2.47060000
0.48030000	2.40700000
0.38330000	2.20880000
0.37080000	1.80710000
1.29390000	2.85980000
0.92630000	2.61160000
0.66180000	2.50600000
0.54920000	2.18820000
0.52880000	1.80560000
1.55990000	3.11740000
1.48010000	2.59810000
1.24070000	2.38960000
1.05140000	1.98380000
1.19220000	2.44630000
1.05920000	2.36680000
0.95290000	2.19140000
0.99670000	1.88850000
1.49890000	1.87970000
1.39410000	2.03720000
1.26730000	2.09790000
1.12340000	1.78860000
1.00140000	1.51130000
0.94820000	1.29530000
0.94660000	1.14760000
1.38940000	2.04080000
3.14490000	3.11440000
2.40950000	2.24200000
1.98710000	2.23950000
1.65850000	1.90320000
1.39090000	1.60560000
1.55840000	1.37480000
8.05780000	6.26610000
15.52100000	12.99920000
9.55980000	10.28930000
5.99250000	4.78900000
4.14620000	3.87680000
3.06670000	3.14690000
2.39390000	2.58210000
1.78370000	2.15160000
1.38470000	1.82340000
1.84630000	1.57360000
1.78370000	1.38220000
1.56460000	1.23520000
1.25170000	1.12170000
1.09520000	1.03350000
0.93880000	0.96450000
0.87620000	0.91000000
1.09520000	0.86650000
0.93880000	0.83130000
0.81360000	0.80250000
0.73540000	0.77840000
0.68840000	0.75800000
0.64150000	0.74040000
0.61020000	0.72490000
0.57890000	0.71110000
0.54760000	0.69850000
0.51630000	0.68690000
0.51630000	0.67610000
0.62580000	0.66580000
0.57890000	0.65610000
0.51630000	0.64680000
0.46940000	0.63770000
0.43810000	0.62900000
0.40680000	0.62050000
0.39120000	0.61210000
0.37550000	0.60400000
0.35990000	0.59600000
0.32860000	0.58810000
0.31290000	0.58040000
0.31290000	0.57280000
0.29730000	0.56530000
0.29730000	0.55790000
0.29730000	0.55070000
0.46940000	0.54350000
0.54760000	0.53640000
0.46940000	0.52950000
0.50070000	0.52260000
0.50070000	0.51580000
0.42240000	0.50910000
0.35990000	0.50240000
0.32860000	0.49590000
0.29730000	0.48950000
0.28160000	0.48310000
0.31290000	0.47680000
0.39120000	0.47070000
0.70410000	0.46460000
0.67280000	0.45860000
0.62580000	0.45260000
0.59460000	0.44670000
0.54760000	0.44090000
0.51630000	0.43520000
0.62580000	0.44320000
1.72110000	0.48610000
4.69390000	2.12480000
23.46930000	14.41410000
34.42160000	25.49900000
15.34890000	18.44940000
9.66940000	7.52920000
7.22850000	5.31660000
5.80470000	4.17760000
5.42920000	3.46720000
4.49050000	2.87910000
3.62990000	2.78910000
2.97280000	2.36220000
2.53470000	1.99120000
2.17480000	1.70480000
1.83060000	1.48600000
1.56310000	1.31800000
1.40820000	1.18860000
1.32990000	1.08840000
1.17350000	1.01020000
1.03260000	0.94880000
0.97010000	0.90000000
0.92630000	0.86070000
0.91690000	0.82870000
0.86050000	0.80230000
0.80110000	0.78000000
0.69310000	0.76090000
0.64150000	0.74430000
0.61020000	0.72950000
0.59460000	0.71620000
0.57890000	0.70390000
0.56330000	0.69260000
0.57890000	0.68190000
0.62580000	0.67180000
0.70410000	0.66220000
0.78230000	0.65290000
0.84490000	0.64380000
1.05460000	0.63610000
1.62720000	0.65560000
3.98980000	0.69090000
5.49180000	0.65900000
4.50610000	0.94330000
3.42650000	1.22120000
3.01970000	1.11690000
2.65990000	0.99030000
2.34690000	0.88970000
2.33130000	0.86140000
2.50340000	0.76220000
2.23740000	1.07620000
2.00270000	0.99610000
1.98710000	0.89530000
2.45650000	0.83120000
3.34830000	0.81940000
5.31970000	6.22690000
16.42850000	15.82930000
16.42850000	13.72670000
10.10740000	7.14720000
6.69660000	4.46410000
4.99110000	3.48590000
4.02110000	2.82410000
3.44220000	2.32940000
3.01970000	1.95370000
2.81630000	1.66740000
3.03540000	1.48570000
3.58300000	1.31730000
4.19320000	1.17830000
4.67820000	1.07300000
4.16190000	1.02540000
5.96120000	2.95130000
7.46320000	4.11260000
6.24280000	2.48800000
4.83470000	2.29710000
4.00540000	1.98300000
4.05240000	2.14140000
5.38230000	4.24960000
4.89730000	2.56510000
4.19320000	2.53800000
3.45780000	2.16550000
2.83200000	1.83670000
2.37820000	1.58160000
2.04970000	1.39290000
1.73670000	1.23650000
1.55840000	1.11980000
2.55030000	1.10920000
2.31560000	0.97860000
2.11220000	0.91190000
1.98710000	0.86070000
2.91020000	0.86960000
3.59860000	0.83250000
3.27010000	0.79160000
2.84760000	0.80890000
3.80200000	1.11390000
3.84900000	2.00020000
4.60000000	2.31600000
4.00540000	2.05140000
3.55170000	2.20070000
2.92580000	1.89660000
2.42520000	1.61650000
2.37820000	1.43110000
2.30000000	1.23420000
3.27010000	1.17700000
2.64420000	1.01060000
3.22310000	1.37300000
3.58300000	1.28700000
3.08230000	1.11390000
2.62860000	1.49950000
2.25310000	1.40260000
3.86460000	2.44590000
7.49450000	7.58740000
7.40070000	6.17000000
5.66390000	3.41300000
4.11500000	2.77380000
3.06670000	2.29020000
2.56600000	1.94690000
2.11220000	1.64420000
1.62720000	1.42270000
1.92450000	1.29680000
1.65850000	1.13440000
1.33460000	1.03170000
1.13120000	0.95460000
0.97160000	0.89450000
0.84180000	0.84680000
0.72750000	0.80860000
0.64780000	0.78680000
0.68690000	0.80180000
0.60550000	0.73650000
0.51480000	0.71280000
0.58050000	0.74940000
1.97140000	3.21960000
2.08090000	5.35250000
1.61160000	2.85780000
1.34090000	2.63040000
1.11710000	2.20420000
0.94500000	1.84600000
1.04520000	1.60480000
1.68980000	1.42710000
1.29550000	1.20550000
1.17190000	1.07400000
1.32050000	1.01740000
1.06080000	0.91420000
0.95910000	0.86880000
1.02010000	0.82870000
1.13280000	0.79960000
0.90750000	0.73530000
0.86210000	1.22570000
2.00270000	4.63380000
3.33260000	5.29720000
5.47620000	6.20480000
3.98980000	4.66220000
2.97280000	3.23070000
2.26870000	2.60180000
1.87750000	2.16260000
1.72110000	1.83220000
1.28300000	1.55360000
1.04830000	1.35320000
0.86050000	1.20110000
0.76670000	1.08810000
0.66970000	0.99400000
0.61180000	0.93340000
0.56950000	0.87080000
0.49600000	0.82340000
0.44750000	0.78750000
0.40990000	0.75850000
0.37710000	0.73440000
0.35200000	0.71420000
0.32070000	0.69680000
0.29410000	0.68160000
1.20320000	0.84010000
1.07650000	0.71420000
0.58200000	0.65150000
0.45370000	0.89910000
0.38800000	0.85900000
0.35050000	0.79900000
0.32540000	0.74890000
0.59300000	0.76270000
0.67120000	0.74360000
0.66810000	0.68660000
0.65710000	0.81490000
0.52880000	1.15450000
0.49130000	1.20990000
0.40990000	1.22550000
0.38490000	1.10910000
0.40210000	0.97280000
1.83060000	2.62340000
9.27820000	8.39180000
9.12170000	7.62180000
7.00950000	4.91480000
4.41220000	3.47740000
3.09790000	3.12350000
2.17480000	2.57040000
1.86190000	2.15180000
1.89320000	1.82020000
1.30490000	1.52930000
1.04830000	1.32710000
1.35650000	1.24710000
1.05460000	1.06620000
0.81990000	1.50160000
0.70090000	1.36970000
0.61330000	1.21120000
0.55070000	1.08360000
0.51950000	0.98660000
0.48350000	0.91020000
0.47410000	0.86820000
0.41780000	0.80210000
0.37390000	0.76390000
0.38490000	0.76410000
0.53670000	0.75160000
0.42400000	0.68990000
0.35520000	0.66710000
0.31760000	0.65120000
0.29260000	0.63750000
0.27850000	0.62540000
0.26760000	0.61430000
0.26130000	0.60810000
0.26760000	0.62970000
0.27070000	0.58990000
0.24560000	0.60260000
0.25190000	0.58390000
0.25350000	0.57410000
0.24720000	0.55480000
0.21750000	0.54590000
0.20340000	0.53840000
0.19870000	0.53120000
0.19240000	0.52420000
0.18150000	0.51730000
0.17370000	0.51050000
0.17520000	0.52020000
0.18460000	0.49920000
0.18460000	0.49860000
0.17210000	0.48520000
0.18150000	0.49720000
0.18460000	0.47410000
0.18150000	0.46580000
0.19400000	0.48900000
0.23000000	0.48090000
0.23160000	0.45090000
0.19710000	0.44500000
0.20030000	0.43650000
0.15180000	0.43050000
0.15960000	0.42480000
0.15330000	0.41930000
0.15800000	0.41610000
0.15800000	0.40870000
0.15490000	0.40320000
0.14860000	0.39790000
0.14240000	0.39270000
0.13770000	0.38760000
0.13460000	0.38260000
0.13460000	0.37760000
0.13460000	0.37270000
0.13460000	0.36900000
0.14390000	0.36320000
0.18460000	0.40390000
0.20030000	0.35920000
0.21750000	0.36590000
0.30980000	0.40890000
0.30980000	0.35010000
0.23630000	0.33670000
0.20970000	0.34750000
0.20970000	0.35010000
0.22060000	0.32550000
0.24410000	0.88240000
0.38330000	1.57820000
0.31920000	1.88650000
0.27690000	1.59510000
0.25970000	1.32520000
0.24720000	1.09090000
0.24560000	0.91990000
0.49440000	1.13520000
0.59610000	1.98580000
0.40840000	2.03650000
0.33800000	1.76060000
0.30510000	1.45740000
0.39900000	1.26330000
0.64150000	1.73000000
0.59460000	1.86550000
0.52880000	1.75070000
0.48500000	1.47530000
0.44900000	1.24540000
0.44440000	1.06720000
0.43340000	0.92360000
0.39580000	0.89290000
0.37240000	0.80320000
0.34270000	0.72590000
0.31140000	0.66520000
0.31610000	0.61780000
0.31290000	0.58050000
0.31760000	0.55080000
0.29100000	0.52700000
0.27850000	0.50750000
0.26440000	0.49140000
0.29260000	0.47780000
2.78500000	6.64410000
2.17480000	5.37100000
2.19050000	3.63280000
2.15920000	2.98990000
2.09660000	2.77640000
2.39390000	2.29110000
1.98710000	1.92180000
1.89320000	1.60690000
1.65850000	1.36300000
1.41440000	1.17650000
1.23140000	1.03370000
1.16880000	0.92410000
1.58030000	0.85520000
1.73670000	0.91510000
2.15920000	3.34880000
2.72240000	3.95860000
3.34830000	2.68050000
3.30130000	2.41300000
3.12920000	2.27790000
2.73810000	1.91960000
2.47210000	1.61660000
2.69110000	1.46970000
2.20610000	1.48870000
2.95710000	1.83750000
3.12920000	1.92640000
2.80070000	2.22810000
2.53470000	1.92610000
2.04970000	1.63140000
1.89320000	1.40010000
1.79930000	1.34080000
4.42790000	3.29340000
5.52310000	4.27090000
4.99110000	3.47670000
4.52180000	3.32240000
4.03670000	3.15150000
3.22310000	2.48950000
2.76940000	2.30330000
2.48770000	1.95600000
2.11220000	1.66580000
1.90880000	1.44160000
1.73670000	1.26980000
1.39880000	1.13770000
1.25170000	1.03560000
1.09520000	0.95620000
1.03260000	0.89400000
0.93880000	0.84490000
0.87620000	0.80550000
0.93880000	0.77360000
0.84490000	0.74740000
0.78230000	0.72550000
0.70410000	0.70690000
0.68840000	0.69070000
0.54760000	0.67650000
0.54760000	0.66370000
0.53200000	0.65210000
0.57890000	0.64140000
0.59460000	0.63130000
0.59460000	0.62190000
0.51630000	0.61280000
0.54760000	0.60410000
0.54760000	0.59570000
0.51630000	0.58760000
0.48500000	0.57960000
0.46940000	0.57180000
0.43810000	0.56420000
0.42240000	0.55680000
0.39120000	0.54940000
0.35990000	0.54220000
0.34420000	0.53510000
0.32860000	0.52810000
0.31290000	0.52120000
0.29730000	0.51440000
0.29730000	0.50770000
0.28160000	0.50110000
0.28160000	0.49460000
0.78230000	0.48820000
1.56460000	0.48180000
1.87750000	0.47560000
1.40820000	0.46940000
1.15780000	0.46330000
1.03260000	0.45730000
0.93880000	0.45130000
0.87620000	0.44550000
0.84490000	0.43970000
0.81360000	0.43400000
0.81360000	0.42840000
1.87750000	0.52170000
4.69390000	6.21970000
8.58980000	4.99440000
6.58710000	3.32240000
4.83470000	2.61180000
3.44220000	2.10960000
2.78500000	1.73240000
2.39390000	1.44620000
2.00270000	1.22830000
1.68980000	1.06250000
1.76800000	0.93520000
1.72110000	0.83740000
1.43630000	0.76180000
1.51300000	0.70450000
1.78370000	0.70390000
1.56460000	0.63330000
1.53800000	0.59260000
4.42790000	1.23710000
5.89860000	1.83330000
4.88160000	1.98370000
3.72380000	1.79520000
2.94150000	1.51180000
2.51900000	1.28070000
2.09660000	1.10330000
1.73670000	0.96720000
1.62720000	0.87140000
1.42690000	0.78260000
1.19850000	0.71910000
1.34240000	0.69290000
2.36260000	0.68690000
2.80070000	0.60770000
2.53470000	1.04330000
2.42520000	1.00600000
2.39390000	0.87350000
2.55030000	1.09980000
2.48770000	0.99340000
2.78500000	1.04350000
5.11630000	3.00400000
4.77210000	2.38810000
4.19320000	2.19380000
3.66120000	1.85410000
3.03540000	1.53070000
2.67550000	1.32790000
2.39390000	1.14530000
2.22180000	1.01810000
2.06530000	0.89120000
1.79930000	0.80560000
1.65850000	0.74950000
1.52390000	0.69090000
1.38000000	0.65010000
1.27520000	0.61830000
1.20480000	0.59270000
1.14840000	0.57170000
1.07800000	0.56120000
0.96220000	0.54030000
0.89810000	0.52680000
0.88240000	0.52700000
0.80730000	0.50700000
0.73850000	0.49670000
0.69160000	0.48830000
0.65710000	0.48050000
0.64150000	0.47370000
0.62270000	0.47020000
0.57890000	0.46010000
0.54290000	0.45320000
0.52100000	0.45160000
0.48500000	0.44140000
0.45840000	0.43500000
0.46000000	0.43620000
0.55070000	0.46410000
0.49290000	0.42270000
0.43650000	0.41280000
0.42240000	0.41700000
0.52260000	0.43560000
0.47720000	0.40040000
0.41150000	0.39160000
0.38490000	0.38610000
0.36770000	0.38110000
0.35990000	0.37620000
0.41460000	0.39520000
0.36770000	0.36930000
0.33800000	0.36190000
0.35360000	0.36780000
0.35670000	0.36090000
0.46780000	0.39780000
0.40210000	0.35940000
0.35200000	0.34050000
0.31760000	0.33480000
0.30200000	0.33000000
0.28630000	0.32570000
0.26910000	0.32140000
0.25190000	0.31720000
0.23940000	0.31310000
0.24720000	0.32510000
0.51950000	0.39620000
0.64780000	0.35590000
0.39900000	0.30360000
0.35520000	0.30870000
1.76800000	1.03420000
1.18440000	1.48410000
0.90120000	1.76110000
0.76350000	1.49480000
0.66810000	1.23660000
0.63210000	1.03050000
0.51790000	0.85600000
0.46160000	0.73630000
0.42710000	0.64130000
0.38960000	0.56950000
0.33640000	0.51470000
0.37390000	0.53190000
0.45530000	0.46620000
0.37710000	0.42220000
0.31920000	0.39330000
0.30200000	0.40490000
0.38800000	0.40600000
0.37550000	0.37460000
0.36770000	0.35150000
0.30980000	0.33710000
0.30820000	0.34590000
0.29260000	0.32170000
0.33950000	0.36680000
0.36610000	0.33590000
0.33170000	0.31230000
0.26910000	0.29970000
0.23780000	0.29430000
0.22370000	0.29000000
0.23940000	0.30950000
0.28160000	0.32120000
0.25350000	0.28280000
0.21900000	0.27490000
0.21440000	0.27930000
0.26440000	0.30320000
0.24250000	0.26800000
0.21280000	0.28530000
0.26600000	0.28130000
0.34730000	0.27300000
0.53980000	0.32700000
0.46310000	0.26030000
0.40370000	0.63800000
0.35830000	0.58560000
0.33480000	0.52400000
0.30200000	0.44770000
0.35050000	0.41450000
0.43650000	0.40140000
0.35990000	0.33590000
0.28010000	0.30870000
0.24100000	0.29040000
0.21590000	0.27610000
0.21280000	0.26460000
0.54140000	0.33810000
0.43970000	0.25730000
0.30980000	0.24170000
0.26290000	0.23510000
0.25030000	0.23780000
0.25350000	0.24910000
0.22220000	0.22430000
0.18620000	0.21810000
0.16740000	0.21440000
0.22840000	0.24780000
0.29880000	0.27800000
0.22530000	0.21340000
0.17370000	0.20300000
0.15020000	0.19940000
0.13460000	0.19660000
0.12520000	0.19400000
0.26440000	0.23640000
1.28610000	0.48480000
0.63840000	1.03690000
0.43030000	1.34120000
0.35200000	1.13560000
0.30350000	0.92740000
0.26440000	0.76400000
0.25500000	0.64750000
0.23630000	0.54540000
0.29260000	0.55730000
0.36930000	0.43940000
0.24560000	0.37640000
0.20340000	0.34110000
0.18780000	0.31520000
0.17050000	0.29500000
0.15960000	0.27910000
0.14860000	0.26630000
0.13930000	0.25590000
0.16740000	0.29150000
0.20970000	0.25060000
0.22370000	0.27170000
0.21280000	0.23340000
0.16580000	0.22470000
0.18780000	0.22100000
0.49910000	0.30600000
0.34580000	0.22350000
0.28630000	0.32720000
0.25820000	0.29610000
0.22690000	0.27250000
0.20650000	0.25430000
0.19400000	0.23990000
0.17680000	0.22850000
0.31290000	0.21980000
0.42870000	0.27820000
0.46940000	0.27110000
0.45530000	0.47890000
0.32860000	0.69970000
0.27070000	0.67000000
0.23470000	0.56630000
0.21120000	0.48080000
0.19090000	0.41490000
0.17520000	0.36450000
0.16120000	0.32580000
0.15180000	0.29590000
0.14240000	0.27270000
0.13460000	0.25460000
0.12830000	0.24020000
0.12200000	0.22870000
0.12200000	0.22670000
0.12050000	0.22630000
0.11890000	0.20730000
0.17680000	0.26230000
0.34730000	0.24960000
0.23470000	0.19780000
0.17370000	0.18840000
0.15490000	0.18450000
0.16430000	0.21210000
0.16740000	0.18220000
0.15330000	0.17620000
0.14240000	0.17910000
0.13770000	0.17980000
0.13460000	0.17350000
0.12670000	0.16670000
0.12050000	0.16390000
0.11420000	0.16160000
0.11420000	0.17440000
0.11420000	0.15920000
0.11420000	0.15690000
0.11420000	0.17230000
0.11580000	0.17730000
0.11890000	0.15990000
0.12830000	0.14860000
0.13140000	0.14550000
0.12830000	0.15600000
0.14240000	0.17340000
0.17050000	0.14360000
0.15020000	0.45580000
0.13930000	0.41890000
0.14550000	0.35850000
0.27540000	0.35720000
0.34270000	0.57720000
0.28320000	0.81260000
0.26760000	0.69900000
0.24880000	0.57740000
0.23310000	0.48150000
0.22530000	0.40810000
0.21440000	0.35210000
0.20180000	0.30920000
0.21900000	0.29640000
0.37550000	0.78680000
0.87620000	2.11520000
1.15780000	2.69100000
1.12650000	2.70260000
0.97010000	2.54460000
0.84490000	2.18400000
0.75100000	2.08670000
0.87620000	3.69080000
1.56460000	3.00540000
2.58160000	2.91340000
2.70680000	3.26270000
3.36390000	4.67840000
3.28570000	4.07070000
8.29250000	8.02680000
6.25850000	6.11910000
4.53740000	4.13300000
3.05100000	3.26410000
2.34690000	2.64230000
1.90880000	2.17390000
1.67410000	1.82530000
1.43010000	1.54820000
1.23920000	1.34070000
1.89320000	1.40470000
3.73940000	4.57000000
5.05370000	3.43900000
4.50610000	2.53900000
4.13060000	2.08780000
5.14760000	2.06970000
6.52450000	5.45070000
5.06940000	4.35110000
3.77070000	2.97080000
3.00410000	2.41430000
2.45650000	2.01530000
2.01840000	1.71370000
1.76800000	1.48370000
1.61160000	1.31570000
1.47230000	1.18590000
1.49580000	1.74670000
1.83060000	2.41190000
1.70540000	2.01590000
1.76800000	2.05000000
1.59590000	1.77880000
1.58030000	1.53530000
1.47700000	1.34540000
1.33930000	1.19920000
1.12650000	1.08650000
0.90750000	0.99900000
0.87620000	0.93070000
0.90750000	0.87680000
0.97010000	0.83380000
1.00140000	0.79910000
0.87620000	0.77080000
0.65710000	0.74720000
0.68840000	0.72720000
0.70410000	0.71000000
0.64150000	0.69490000
0.57890000	0.68150000
0.53200000	0.66930000
0.50070000	0.65810000
0.51630000	0.64760000
0.54760000	0.63780000
0.57890000	0.62840000
0.56330000	0.61950000
0.51630000	0.61080000
0.40680000	0.60240000
0.34420000	0.59420000
0.35990000	0.58620000
0.45370000	0.57840000
0.46940000	0.57070000
0.46940000	0.56320000
0.42240000	0.55580000
0.34420000	0.54850000
0.28160000	0.54140000
0.26600000	0.53430000
0.31290000	0.52730000
0.46940000	0.53180000
0.62580000	4.81200000
4.92860000	8.84180000
8.32380000	8.11460000
5.82040000	5.28980000
4.11500000	3.70620000
2.97280000	2.94230000
2.42520000	2.39490000
2.14350000	1.98280000
1.89320000	1.66920000
1.37690000	1.43020000
1.15780000	1.24750000
1.12650000	1.10740000
1.03260000	0.99950000
1.09520000	0.91590000
1.25010000	0.85070000
1.09050000	0.79940000
0.89970000	0.75860000
1.16560000	0.75500000
1.48010000	0.70570000
1.27050000	0.80510000
1.29080000	0.78730000
1.19070000	0.74500000
1.07960000	0.70800000
1.00140000	0.67790000
0.93880000	0.65330000
0.87620000	0.63290000
0.81360000	0.61570000
0.81360000	0.60090000
0.78230000	0.58800000
0.84490000	0.57640000
0.90750000	0.56600000
1.25170000	0.61550000
2.34690000	4.12270000
3.80200000	4.16060000
4.49050000	2.80680000
3.89590000	2.51590000
3.14490000	2.08760000
2.58160000	1.73610000
2.12790000	1.46610000
1.89320000	1.25990000
1.56460000	1.10220000
1.31430000	0.98120000
1.18910000	0.88800000
1.09520000	0.81560000
1.06390000	0.75910000
1.01230000	0.71460000
0.97480000	0.67910000
0.87620000	0.65060000
0.78230000	0.62720000
0.86050000	0.60780000
0.95750000	0.64280000
5.89860000	2.38300000
4.86600000	2.12110000
4.33400000	2.19760000
5.11630000	3.86530000
18.46250000	8.28690000
12.98630000	5.77760000
7.91700000	3.85800000
5.44490000	3.05540000
4.89730000	2.50360000
4.38090000	2.07540000
3.47350000	1.73540000
2.97280000	1.48570000
2.58160000	1.29610000
2.20610000	1.15070000
1.86190000	1.03880000
1.65850000	0.95210000
1.53020000	0.89080000
1.38160000	0.83190000
1.24860000	0.78890000
1.16090000	0.75480000
1.07960000	0.72700000
1.00760000	0.70400000
0.95290000	0.68460000
0.88560000	0.66800000
0.84490000	0.65350000
0.87310000	0.66070000
1.12650000	0.66970000
1.41130000	0.65160000
1.32990000	0.61420000
1.32210000	0.60020000
1.33150000	0.59220000
1.31900000	0.58230000
1.28770000	0.57930000
1.16720000	0.57610000
1.07650000	0.55910000
1.02950000	0.55570000
3.03540000	0.64570000
9.34080000	5.21640000
8.15170000	4.67700000
5.85170000	3.00820000
4.33400000	2.55710000
3.50470000	2.11910000
2.86330000	1.76260000
2.31560000	1.47630000
1.94010000	1.26590000
1.68980000	1.10630000
1.53800000	0.98390000
1.38630000	0.88960000
1.26110000	0.81650000
1.16410000	0.75950000
1.06390000	0.71450000
0.99350000	0.67920000
0.96070000	0.66320000
0.90280000	0.62800000
0.84650000	0.60700000
0.76200000	0.59040000
0.69000000	0.57620000
0.65870000	0.56970000
0.60240000	0.55350000
0.55230000	0.54280000
0.51630000	0.53360000
0.48190000	0.52510000
0.45530000	0.51700000
0.43030000	0.50940000
0.40680000	0.50210000
0.38960000	0.49500000
0.38330000	0.49200000
0.38180000	0.49070000
0.35670000	0.47620000
0.36610000	0.48730000
0.79010000	0.52430000
1.24860000	0.56690000
0.99510000	0.46830000
0.90120000	0.45740000
0.79480000	0.44020000
0.70250000	0.43310000
0.62740000	0.42730000
0.56800000	0.42170000
0.54450000	0.42520000
0.49290000	0.41200000
0.43500000	0.40560000
0.39740000	0.40020000
0.37080000	0.43000000
0.36460000	0.42280000
0.34270000	0.38870000
0.30510000	0.38020000
2.50340000	0.48590000
7.18160000	4.89170000
5.91430000	5.77310000
4.47480000	4.96000000
3.16050000	3.49550000
2.28430000	3.11240000
1.87750000	2.58890000
1.98710000	3.15310000
2.04970000	4.11170000
1.59590000	2.84880000
1.40660000	2.52470000
1.29550000	2.10160000
1.51770000	1.81060000
1.17350000	1.48020000
1.03580000	1.39210000
1.00140000	1.24100000
0.84960000	1.07720000
0.72600000	0.96210000
0.66180000	0.88250000
0.60390000	0.80770000
0.53350000	0.75880000
0.46940000	0.71230000
0.43030000	0.67820000
0.45370000	0.67480000
0.43030000	0.63430000
0.37390000	0.62240000
0.33800000	0.59570000
0.44750000	0.64480000
0.59920000	0.57760000
0.38180000	0.55860000
0.31290000	0.54790000
0.27850000	0.53880000
0.24880000	0.53030000
0.22840000	0.53300000
0.33330000	0.55760000
0.70250000	0.57220000
0.39270000	0.50800000
0.36460000	0.53520000
0.47720000	0.50770000
0.63680000	0.52010000
0.44590000	0.47860000
0.36610000	0.46800000
0.40210000	0.49320000
0.98100000	0.52610000
1.32050000	1.46450000
1.28920000	1.63640000
1.24070000	1.73150000
1.04360000	1.63740000
0.84960000	1.44800000
0.69310000	1.22760000
0.60550000	1.05070000
0.54290000	0.92130000
0.51480000	0.82900000
0.44280000	0.73280000
0.38650000	0.66810000
0.34580000	0.62680000
0.35360000	0.61270000
0.34270000	0.55780000
0.37080000	0.58230000
0.35990000	0.51880000
0.29260000	0.49190000
0.25500000	0.47690000
0.23470000	0.46510000
0.24100000	0.49290000
0.26130000	0.46980000
0.27070000	0.47970000
0.34110000	0.43510000
0.48660000	0.47910000
0.41620000	0.42330000
0.27690000	0.41100000
0.23160000	0.40450000
0.21280000	0.39870000
0.29730000	0.44020000
0.35200000	0.39350000
0.25970000	0.38320000
0.21440000	0.37760000
0.19090000	0.37250000
0.18150000	0.36760000
0.17680000	0.37180000
0.18460000	0.35910000
1.02640000	0.47130000
0.49750000	0.36290000
0.32540000	0.34550000
0.28160000	0.36090000
0.25190000	0.33770000
0.21590000	0.33660000
0.19090000	0.32720000
0.17210000	0.32230000
0.15960000	0.31810000
0.14860000	0.31390000
0.14240000	0.30980000
0.13930000	0.30610000
0.15020000	0.31510000
0.20030000	0.30810000
0.17520000	0.29780000
0.14080000	0.29060000
0.12670000	0.28650000
0.12200000	0.28270000
0.10950000	0.27900000
0.11270000	0.28360000
0.10950000	0.27720000
0.10330000	0.26890000
0.09230000	0.26490000
0.09070000	0.28040000
0.11730000	0.26030000
0.13300000	0.25490000
0.14080000	0.27430000
0.14550000	0.25160000
0.16270000	0.25130000
0.15960000	0.24240000
0.20500000	0.24970000
0.24720000	0.27540000
0.22060000	0.23710000
0.18460000	0.24000000
0.23630000	0.31260000
0.41780000	0.24270000
0.25660000	0.22260000
0.19710000	0.21780000
0.22220000	0.25420000
0.36610000	0.37760000
0.35520000	0.62470000
1.65850000	3.74800000
1.13280000	3.15260000
0.86990000	2.94630000
0.72290000	2.46390000
0.61180000	2.08000000
0.56640000	1.68790000
0.50690000	1.38070000
0.44750000	1.14230000
0.40370000	0.96220000
0.38960000	0.84390000
0.45060000	0.75110000
0.53820000	0.65190000
0.43970000	0.64740000
0.40680000	0.64370000
0.38650000	0.59070000
0.36610000	0.53720000
0.34580000	0.49720000
0.33640000	0.46600000
0.33010000	0.44270000
0.32230000	0.42170000
0.31290000	0.40540000
0.29730000	0.39210000
0.31140000	0.40700000
0.37710000	0.38350000
0.40050000	0.38660000
0.40840000	0.35860000
0.38180000	0.49930000
0.35830000	0.46160000
0.33640000	0.67160000
0.33480000	0.62060000
0.33800000	0.55900000
0.33480000	0.50000000
0.34270000	0.45710000
0.52260000	0.47810000
0.64310000	0.86230000
0.66650000	1.27150000
2.22180000	2.86190000
2.19050000	2.35070000
1.83060000	2.39680000
1.65850000	1.97630000
1.50830000	1.84070000
1.25330000	1.53480000
1.10310000	1.27760000
1.03260000	1.07940000
0.98880000	0.94560000
0.96690000	0.81390000
1.06550000	0.92400000
0.94500000	0.83300000
1.35650000	0.74160000
1.39560000	0.66900000
1.33150000	0.61250000
1.95580000	0.59160000
2.58160000	0.98450000
5.77340000	5.68440000
10.85850000	8.59520000
7.57280000	5.14290000
5.22580000	3.71260000
3.77070000	2.94030000
2.84760000	2.37790000
2.44080000	1.95430000
4.58430000	5.18600000
4.22450000	5.44990000
3.61430000	3.26680000
3.06670000	2.78390000
2.62860000	2.29850000
2.30000000	1.91880000
2.09660000	1.63960000
2.37820000	2.04040000
1.98710000	1.86340000
1.84630000	1.78750000
1.70540000	1.54910000
1.45980000	1.34480000
1.53490000	1.18610000
1.35500000	1.06460000
1.25950000	0.96920000
1.31430000	0.91300000
1.42220000	1.07130000
1.22820000	1.23460000
1.11090000	1.33170000
0.95750000	1.19680000
0.93410000	1.06810000
0.95910000	0.96630000
2.55030000	3.12310000
2.42520000	2.76280000
2.12790000	2.31040000
1.94010000	1.93060000
1.75240000	1.62950000
1.61160000	1.39890000
1.46600000	1.22250000
1.31270000	1.08710000
1.27670000	0.98320000
1.20630000	0.90240000
1.04520000	0.83920000
0.90750000	0.78950000
0.92310000	0.74990000
0.93880000	0.71800000
0.87620000	0.69200000
0.78700000	0.67040000
0.74480000	0.65220000
0.74010000	0.63650000
0.71500000	0.62280000
0.67750000	0.61060000
0.62580000	0.59960000
0.74950000	0.62310000
1.20790000	0.59310000
0.93090000	0.85690000
0.88870000	1.00560000
0.99350000	0.92520000
0.91840000	0.83630000
0.78230000	0.76460000
0.73540000	0.70850000
0.71970000	0.66440000
0.70410000	0.62940000
0.64150000	0.60140000
0.59460000	0.57850000
0.57890000	0.55970000
0.56330000	0.54390000
0.54760000	0.53040000
0.54760000	0.51860000
0.53200000	0.50820000
0.51630000	0.49880000
0.53200000	0.49020000
0.57890000	0.48230000
0.53200000	0.47480000
0.50070000	0.46780000
0.48500000	0.46100000
0.50070000	0.45450000
0.46940000	0.44820000
0.45370000	0.44210000
0.45370000	0.43610000
0.43810000	0.43030000
0.40680000	0.42460000
0.35990000	0.41900000
0.34420000	0.41350000
0.29730000	0.40800000
0.28160000	0.40270000
0.28160000	0.39750000
0.29730000	0.39230000
0.29730000	0.38720000
0.28160000	0.38210000
0.28160000	0.37720000
0.29730000	0.37220000
0.31290000	0.36740000
0.29730000	0.36260000
0.28160000	0.35790000
0.28160000	0.35330000
0.28160000	0.34870000
0.26600000	0.34410000
0.68840000	0.36310000
1.40820000	0.39710000
1.87750000	0.34480000
1.43950000	0.33620000
1.12650000	0.40320000
1.00140000	0.38930000
1.17350000	0.42690000
3.28570000	4.54000000
5.47620000	3.23460000
4.67820000	2.86530000
3.53600000	2.32010000
2.87890000	1.87330000
2.37820000	1.53160000
1.94010000	1.27160000
1.62720000	1.07390000
1.40660000	0.92310000
1.24540000	0.80780000
1.13280000	0.71930000
1.07020000	0.65100000
1.02800000	0.59810000
0.99510000	0.55680000
0.95910000	0.52420000
0.94500000	0.49820000
0.92470000	0.47730000
0.99510000	0.46020000
1.58030000	0.49640000
1.59590000	0.44000000
1.59590000	0.42420000
1.54900000	0.41460000
1.72110000	0.40650000
4.03670000	0.46050000
4.99110000	0.45500000
4.60000000	0.39410000
3.97410000	0.73310000
4.83470000	0.93230000
7.71360000	4.39840000
7.00950000	3.16990000
7.60410000	3.89530000
6.35240000	3.03670000
4.88160000	2.86750000
3.70810000	2.36180000
2.97280000	1.93160000
2.62860000	1.61560000
2.83200000	1.39250000
2.40950000	1.16080000
2.23740000	1.00890000
2.12790000	0.89560000
2.00270000	0.81500000
1.84630000	0.75270000
1.62720000	0.69010000
1.44730000	0.64750000
1.30960000	0.61460000
1.20320000	0.58810000
1.11240000	0.56650000
1.24070000	0.59370000
1.61160000	0.60440000
1.35030000	0.52900000
1.33930000	0.51010000
1.49110000	0.53900000
1.55680000	0.50940000
1.46760000	0.48410000
1.38470000	0.47430000
1.30800000	0.46690000
1.35340000	0.45990000
2.14350000	0.53800000
1.78370000	0.45720000
1.79930000	0.85610000
1.70540000	0.80310000
1.55210000	0.71810000
1.38310000	0.64810000
1.24070000	0.59350000
1.11400000	0.55080000
1.06860000	0.54430000
0.98260000	0.49960000
0.83390000	0.47030000
0.90120000	0.49080000
0.85430000	0.44210000
0.73380000	0.42570000
0.68530000	0.41490000
0.70250000	0.43390000
0.93090000	0.43210000
0.86990000	0.39480000
0.78230000	0.38420000
0.84800000	0.40100000
0.78540000	0.37460000
0.73850000	0.36650000
0.70880000	0.36100000
0.68840000	0.36370000
0.65560000	0.35190000
0.58200000	0.34630000
0.52880000	0.34150000
0.49750000	0.36960000
0.49440000	0.33820000
0.77760000	0.42430000
0.73070000	0.33530000
1.47070000	0.60410000
1.42380000	1.20890000
1.17190000	1.52980000
1.05140000	1.33130000
0.95750000	1.09140000
0.86050000	0.93460000
0.71190000	0.78290000
0.60080000	0.67870000
0.56950000	0.62470000
0.66340000	0.58740000
0.96540000	0.52220000
0.79950000	0.46080000
0.69310000	0.42930000
0.59140000	0.40650000
0.51320000	0.38830000
0.45220000	0.37360000
0.40520000	0.36140000
0.47880000	0.39850000
0.88560000	0.42920000
0.87150000	0.39550000
0.64930000	0.33540000
0.47720000	0.79150000
0.42560000	0.73550000
0.53040000	0.67690000
0.42710000	0.58260000
0.35520000	0.50960000
0.34270000	0.49800000
0.41150000	0.43800000
1.07650000	0.45120000
2.33130000	3.99720000
1.54580000	2.93100000
1.25640000	2.60570000
1.03730000	2.11570000
0.92160000	1.72670000
1.14690000	1.48320000
0.99350000	1.18140000
1.18910000	1.14640000
0.94030000	0.99170000
1.19380000	0.87120000
1.50200000	0.77550000
1.31120000	0.69900000
1.16250000	0.63570000
0.89030000	0.56900000
0.73380000	0.52940000
0.61180000	0.49960000
0.52260000	0.47600000
0.45840000	0.45690000
0.40210000	0.44180000
0.35050000	0.42820000
0.32230000	0.41700000
0.29730000	0.40740000
0.26910000	0.39900000
0.27540000	0.39140000
0.48030000	0.46610000
0.29880000	0.38800000
0.23940000	0.37320000
0.21440000	0.36670000
0.21440000	0.39210000
0.24880000	0.35980000
0.19400000	0.35150000
0.19400000	0.36310000
0.20030000	0.34360000
0.17990000	0.33790000
0.17210000	0.33910000
0.17050000	0.32890000
0.15960000	0.32390000
0.15180000	0.31960000
0.17370000	0.34290000
0.16740000	0.31450000
0.14550000	0.30750000
0.12520000	0.30320000
0.11420000	0.29920000
0.10170000	0.29540000
0.09540000	0.29140000
0.08610000	0.28760000
0.07980000	0.29140000
0.07510000	0.28110000
0.07350000	0.28660000
0.06730000	0.27420000
0.07980000	0.30270000
0.08610000	0.27370000
0.09230000	0.26330000
0.07820000	0.25910000
0.06570000	0.25570000
0.37550000	0.37440000
0.61180000	0.33740000
0.45690000	0.47520000
0.29260000	0.85550000
0.20340000	1.04140000
0.16740000	0.89980000
0.14550000	0.75020000
0.13300000	0.63620000
0.12200000	0.54800000
0.11110000	0.48100000
0.11270000	0.45500000
0.13300000	0.40980000
0.18620000	0.39150000
0.25190000	0.35300000
0.22060000	0.31810000
0.16740000	0.30100000
0.24410000	0.52060000
0.86050000	1.44630000
0.71500000	2.13760000
0.48820000	2.11610000
0.40370000	1.90340000
0.45370000	1.58010000
1.18750000	2.58660000
1.76800000	3.24200000
1.44730000	2.85830000
1.30800000	2.65830000
1.17030000	2.42760000
1.24860000	1.99810000
0.98100000	1.63470000
0.83550000	1.36980000
0.68060000	1.15490000
0.58200000	0.99580000
0.49600000	0.87460000
0.43030000	0.78160000
0.60390000	0.77100000
0.64150000	0.67710000
0.52570000	0.62610000
0.88870000	1.33210000
0.80890000	1.56450000
0.71970000	1.86230000
0.68530000	1.60360000
0.80110000	1.38850000
0.82460000	1.16250000
0.68530000	1.31800000
0.62740000	1.28190000
0.72750000	1.16920000
0.91060000	1.66010000
0.80270000	1.73060000
0.79480000	1.55180000
0.73380000	1.32170000
0.69470000	1.13530000
0.64620000	0.99180000
0.61330000	0.88170000
0.56800000	0.79680000
0.53040000	0.73100000
0.52100000	0.68480000
0.47720000	0.63980000
0.43500000	0.60820000
0.40680000	0.58120000
0.39430000	0.57570000
0.39270000	0.54430000
0.37390000	0.52780000
0.87620000	0.58570000
0.81990000	0.78280000
0.67120000	1.00540000
0.63050000	0.91380000
0.60390000	0.81180000
0.58670000	0.73010000
0.56950000	0.66660000
0.56330000	0.61710000
0.55700000	0.58590000
0.54290000	0.55790000
0.51320000	0.52610000
0.49750000	0.50630000
0.49130000	0.49800000
0.50380000	0.47560000
0.48820000	0.46140000
0.48350000	0.45080000
0.49600000	0.44710000
0.53350000	0.45070000
0.52570000	0.42760000
0.48660000	0.62300000
0.48500000	0.59360000
1.17820000	0.85640000
1.16720000	1.45240000
1.14690000	1.79000000
1.13430000	1.53600000
0.99670000	1.28140000
0.97010000	1.08150000
0.90590000	0.93060000
0.84650000	0.84470000
0.78540000	1.19520000
0.71970000	1.32320000
0.65560000	1.27490000
0.71660000	1.11180000
2.20610000	4.00410000
2.00270000	2.89420000
2.00270000	2.66570000
1.78370000	2.18430000
1.64290000	2.11880000
1.42850000	1.78300000
1.23140000	1.49260000
1.05610000	1.26790000
0.95130000	1.09610000
0.92940000	0.99100000
1.09210000	1.13160000
1.04520000	1.32090000
1.07020000	1.25750000
1.11710000	1.11190000
1.03110000	0.97130000
1.01700000	1.02290000
1.12500000	0.92640000
1.01700000	0.83530000
0.89500000	0.76310000
0.82770000	0.70670000
0.94500000	0.67750000
1.53960000	0.76350000
1.40970000	1.20880000
1.40500000	1.53390000
1.33150000	1.36630000
1.34710000	1.20620000
1.35810000	1.38340000
1.22670000	1.58070000
1.20320000	1.38050000
1.22040000	1.18590000
1.06390000	1.03270000
1.03260000	0.91470000
1.32990000	0.82390000
1.00140000	0.75360000
0.90750000	0.69880000
0.87620000	0.65580000
0.64150000	0.62160000
0.59460000	0.59420000
0.54760000	0.57180000
0.57890000	0.55340000
0.59460000	0.53790000
0.54760000	0.52460000
0.50070000	0.51300000
0.51630000	0.50280000
0.54760000	0.49350000
0.51630000	0.48510000
0.48500000	0.47720000
0.45370000	0.46990000
0.46940000	0.46290000
0.48500000	0.46990000
0.51630000	0.47280000
0.87620000	0.70610000
0.93880000	1.15660000
0.62580000	1.34820000
0.53200000	1.18740000
0.51630000	1.01650000
0.51630000	0.88080000
0.50070000	0.77640000
0.43810000	0.69610000
0.39120000	0.63410000
0.35990000	0.58590000
0.39120000	0.54800000
0.45370000	0.76480000
1.56460000	1.19460000
3.91160000	2.15100000
4.69390000	2.09300000
3.92720000	2.22830000
2.97280000	1.87590000
2.28430000	1.55310000
1.72110000	1.30220000
1.56460000	1.11060000
1.40820000	0.96420000
1.32680000	0.85210000
1.14840000	0.76580000
1.08740000	0.69910000
1.03260000	0.64720000
1.00140000	0.60640000
1.15780000	0.57410000
0.93880000	0.54820000
0.71970000	0.52710000
0.67280000	0.50980000
0.67280000	0.49520000
0.68840000	0.48280000
0.71970000	0.47200000
0.75100000	0.46250000
0.76670000	0.45390000
0.62580000	0.44600000
0.62580000	0.43880000
0.64150000	0.43200000
0.61020000	0.42550000
0.59140000	0.41940000
0.57110000	0.41340000
0.55540000	0.40770000
0.51480000	0.40210000
0.72290000	0.39670000
0.83710000	0.39140000
0.70880000	0.38620000
0.72440000	0.38110000
0.85740000	0.37610000
1.00450000	0.37120000
1.58030000	0.39310000
2.87890000	0.40950000
2.56600000	0.36870000
2.47210000	0.37830000
3.08230000	0.54980000
3.20750000	1.08490000
2.81630000	1.34830000
2.34690000	1.16780000
1.97140000	0.98230000
1.72110000	0.83610000
1.53800000	0.72400000
1.39250000	0.63810000
1.13750000	0.57220000
1.00610000	0.52120000
1.02950000	0.48150000
1.07960000	1.61120000
1.67410000	2.03410000
6.41490000	3.69150000
7.61970000	4.00630000
5.64830000	3.00220000
4.08370000	2.62540000
3.20750000	2.14600000
2.59730000	1.75830000
2.42520000	1.48260000
2.28430000	1.24630000
2.06530000	1.07080000
2.17480000	0.96340000
2.03400000	0.83360000
1.89320000	0.75210000
1.86190000	0.69730000
1.72110000	0.65510000
1.54740000	0.61430000
1.37690000	0.57760000
1.24070000	0.55280000
1.13590000	0.53300000
1.02010000	0.51670000
0.97160000	0.50290000
0.91220000	0.49420000
0.85900000	0.48260000
0.80890000	0.47150000
0.76350000	0.46630000
0.73380000	0.45910000
0.67280000	0.44830000
0.63210000	0.44310000
0.60080000	0.43470000
0.58520000	0.42830000
0.98410000	0.47890000
0.82770000	0.42330000
0.73380000	0.41150000
0.71350000	0.40540000
0.75260000	0.41830000
0.86990000	0.42000000
1.03730000	0.41520000
1.00610000	0.38730000
0.99510000	0.37950000
1.01540000	0.37430000
1.02640000	0.36940000
1.01070000	0.36460000
1.10930000	0.39050000
1.02330000	0.35880000
0.91370000	0.35090000
0.86370000	0.34590000
0.96540000	0.36620000
1.15000000	0.37100000
1.07020000	0.33660000
1.07330000	0.32870000
1.30800000	0.36220000
1.18290000	0.32440000
1.22820000	0.33610000
1.46290000	0.34130000
1.54270000	0.32730000
9.73190000	2.02600000
12.28230000	5.70490000
7.88570000	3.69720000
5.35100000	3.15440000
3.84900000	2.56450000
3.61430000	2.10350000
2.98840000	1.69920000
2.40950000	1.39580000
1.98710000	1.17310000
1.68980000	1.00430000
1.42220000	0.87550000
1.22200000	0.77670000
1.06080000	0.70060000
0.92940000	0.64160000
0.89500000	0.64020000
0.99200000	0.62230000
1.04990000	0.57250000
0.78700000	0.51260000
0.65870000	0.48940000
0.58670000	0.48060000
0.56640000	0.46540000
0.53350000	0.46770000
0.48660000	0.44140000
0.43500000	0.43070000
0.39580000	0.42260000
0.36770000	0.41540000
0.33480000	0.40870000
0.30820000	0.40240000
0.29100000	0.39640000
0.29100000	0.40550000
0.28320000	0.38700000
0.25190000	0.38010000
0.23310000	0.37470000
0.22220000	0.36970000
0.20500000	0.36470000
0.19710000	0.37140000
0.18620000	0.35650000
0.17520000	0.35060000
0.17050000	0.35520000
0.17050000	0.34250000
0.16120000	0.33700000
0.14710000	0.33410000
0.13610000	0.32900000
0.13300000	0.32500000
0.13770000	0.32160000
0.13610000	0.31570000
0.12520000	0.31140000
0.11420000	0.30730000
0.10330000	0.30330000
0.09540000	0.29940000
0.08610000	0.29550000
0.07980000	0.29160000
0.07670000	0.28780000
0.06880000	0.28410000
0.07350000	0.28680000
0.07040000	0.27750000
0.06880000	0.27320000
0.06880000	0.28580000
0.05950000	0.26810000
0.15960000	0.32650000
0.24880000	0.32290000
0.18930000	0.27110000
0.14080000	0.27020000
0.24250000	0.31380000
0.61330000	0.51510000
0.29410000	1.10070000
0.19400000	1.42370000
0.19400000	1.21600000
0.16120000	1.00480000
0.13770000	0.84550000
0.42400000	0.76660000
0.39580000	0.98110000
0.20180000	1.23250000
0.14550000	1.10070000
0.12670000	0.89480000
0.10640000	0.75500000
0.08760000	0.65050000
0.07820000	0.57090000
0.07200000	0.50980000
0.06880000	0.47710000
0.06730000	0.46980000
0.09700000	0.40260000
0.07820000	0.37520000
0.06410000	0.35670000
0.06410000	0.34210000
0.06410000	0.35720000
0.07200000	0.32340000
0.09700000	0.31200000
0.11730000	0.30450000
0.09230000	0.29800000
0.09390000	0.29230000
0.09390000	0.30420000
0.10800000	0.28440000
0.10170000	0.27810000
0.07200000	0.27370000
0.05790000	0.26970000
0.05950000	0.26580000
0.13770000	0.35540000
0.15960000	0.28900000
0.14080000	0.28180000
0.09540000	0.25470000
0.08450000	0.27210000
0.39120000	0.33790000
0.72130000	2.75570000
0.29570000	2.66480000
0.17840000	2.44590000
0.12670000	1.98460000
0.10010000	1.59980000
0.14550000	1.36590000
0.26910000	1.11040000
0.24560000	0.91820000
0.16740000	1.07490000
0.12360000	0.94210000
0.10330000	0.80970000
0.08760000	0.70540000
0.07350000	0.62510000
0.06260000	0.56330000
0.07350000	0.54250000
0.07040000	0.48360000
0.06880000	0.44940000
0.06570000	0.42560000
0.06730000	0.42180000
0.09070000	0.43000000
0.09540000	0.38360000
0.08290000	0.36880000
0.10640000	0.39840000
0.14860000	0.35820000
0.10950000	0.37220000
0.10170000	0.34410000
0.10800000	0.33290000
0.09070000	0.32700000
0.08140000	0.32190000
0.07200000	0.31710000
0.06570000	0.31250000
0.06410000	0.30810000
0.06410000	0.30390000
0.06570000	0.29970000
0.06410000	0.30630000
0.06410000	0.29300000
0.06730000	0.28850000
0.09230000	0.28540000
0.09860000	0.28050000
0.09860000	0.28370000
0.08610000	0.28420000
0.06410000	0.27380000
0.06730000	0.28780000
0.06410000	0.27040000
0.07200000	0.26340000
0.07040000	0.25610000
0.06570000	0.25230000
0.05950000	0.24900000
0.05480000	0.24580000
0.08920000	0.26830000
0.07820000	0.25860000
0.10170000	0.23860000
0.09070000	0.23350000
0.19870000	0.29130000
0.31920000	0.39330000
0.26760000	0.88960000
0.25030000	1.07150000
0.21440000	1.07100000
0.17370000	0.90030000
0.15020000	0.75170000
0.14080000	0.63860000
0.13140000	0.54610000
0.11730000	0.47770000
0.10480000	0.42560000
0.11270000	0.38550000
0.11730000	0.35430000
0.12050000	0.35130000
0.15490000	0.32370000
0.64780000	1.75970000
0.54760000	2.03730000
0.44440000	2.02570000
0.40520000	1.76580000
0.38330000	1.43380000
0.36300000	1.34840000
0.33330000	1.12510000
0.36300000	1.03470000
0.71660000	1.34730000
0.58670000	1.61600000
0.52100000	1.63270000
0.49600000	1.37580000
0.47250000	1.14620000
0.41780000	0.96890000
0.45370000	0.87280000
0.97160000	1.64710000
0.83710000	1.76460000
0.74160000	1.80390000
0.68530000	1.52240000
0.61960000	1.27100000
0.56800000	1.07590000
0.52880000	0.92720000
0.50690000	0.82660000
0.46940000	0.73370000
0.41620000	0.74780000
0.38490000	0.80690000
0.36460000	0.73560000
0.33950000	0.66600000
0.31450000	0.61330000
0.27850000	0.56720000
0.30670000	0.53280000
0.27690000	0.50560000
0.26910000	0.48380000
0.23470000	0.46600000
0.20340000	0.45170000
0.15650000	0.43930000
0.12520000	0.42860000
0.07820000	0.41930000
0.15650000	0.41110000
0.20340000	0.40360000
0.25030000	0.39680000
0.23470000	0.39040000
0.20340000	0.38440000
0.18780000	0.37870000
0.18780000	0.39110000
0.23470000	0.38020000
0.20340000	0.44480000
0.21900000	0.64400000
0.25030000	0.60160000
0.50070000	0.71840000
0.51630000	1.19190000
0.43810000	1.41450000
0.42240000	1.21640000
0.48500000	1.02190000
0.43810000	0.86930000
0.39120000	0.75240000
0.35990000	0.66290000
0.34420000	0.59410000
0.34420000	0.54100000
0.34420000	0.49960000
0.29730000	0.46720000
0.25030000	0.44160000
0.28160000	0.42110000
0.32860000	0.40450000
0.42240000	0.39080000
0.39120000	0.37940000
0.35990000	0.36970000
0.42240000	0.36130000
0.45370000	0.35380000
0.40680000	0.34720000
0.48500000	0.34110000
0.50070000	0.33550000
0.43810000	0.33030000
0.40680000	0.32530000
0.39120000	0.32060000
0.31290000	0.31610000
0.23470000	0.31170000
0.18780000	0.30740000
0.23470000	0.30330000
0.28160000	0.31710000
0.29730000	0.30950000
0.31290000	0.31090000
0.32860000	0.56150000
0.31290000	0.96720000
0.28160000	1.16800000
0.37550000	1.43880000
0.45370000	1.96940000
0.50070000	2.15870000
0.46940000	2.16330000
0.42240000	1.86120000
0.34420000	1.52740000
0.32860000	1.26210000
0.34420000	1.05920000
0.35990000	0.90460000
0.35990000	0.78660000
0.34420000	0.69610000
0.31290000	0.62640000
0.32860000	0.57250000
0.35990000	0.53050000
0.42240000	0.49750000
0.46940000	0.47140000
0.56330000	0.45890000
0.95440000	0.43600000
0.84490000	0.41980000
0.59460000	0.40750000
0.54760000	0.39730000
0.51630000	0.38850000
0.81360000	0.41790000
2.19050000	0.65130000
1.50200000	1.29140000
1.09520000	1.58170000
1.00140000	1.35720000
0.90750000	1.13370000
0.78230000	0.95820000
0.70410000	0.82380000
0.61020000	0.72110000
0.54760000	0.64230000
0.50070000	0.58150000
0.45370000	0.53440000
0.57890000	0.49750000
0.93880000	0.46850000
0.70410000	0.44540000
0.50070000	0.42670000
0.42240000	0.41150000
0.40680000	0.39880000
0.39120000	0.38810000
0.37550000	0.39460000
0.37550000	0.37550000
0.39120000	0.36440000
0.43810000	0.42440000
0.61960000	0.47500000
0.55700000	0.87750000
0.85430000	1.22320000
1.22980000	1.15370000
0.96070000	1.24730000
0.95750000	1.29600000
0.86680000	1.10740000
0.79170000	0.93680000
1.53020000	0.81340000
4.02110000	3.88500000
3.77070000	2.84010000
3.30130000	2.60660000
3.27010000	2.15790000
3.95850000	1.77420000
7.21290000	2.38660000
9.93530000	3.81420000
8.60540000	3.37410000
6.02380000	2.96720000
4.56870000	2.76630000
3.88030000	2.31840000
4.27140000	2.18690000
4.02110000	2.08510000
3.56730000	2.06530000
3.00410000	1.75280000
2.53470000	1.48490000
2.11220000	1.27670000
1.78370000	1.11740000
1.54740000	0.99510000
1.39410000	0.91970000
1.33460000	0.83600000
1.19380000	0.77120000
1.10930000	0.72550000
1.01070000	0.68930000
0.98100000	0.67200000
0.96070000	0.64760000
0.89810000	0.61840000
0.85430000	0.60060000
0.82610000	0.58620000
0.78540000	0.57370000
0.74630000	0.56250000
0.71660000	0.55400000
0.69940000	0.54330000
0.66180000	0.53800000
0.61800000	0.52670000
0.56800000	0.51860000
0.57580000	0.52040000
0.55860000	0.50510000
1.21570000	0.61030000
1.34240000	0.50640000
1.30020000	0.49310000
1.27990000	0.48760000
1.58030000	0.51330000
4.64690000	1.81990000
4.78770000	1.92300000
4.08370000	2.00420000
6.08640000	1.86900000
12.82990000	7.21780000
11.57820000	7.31530000
7.71360000	3.99170000
5.46050000	3.37400000
4.53740000	2.76890000
6.97820000	3.63360000
7.74490000	4.98470000
5.99250000	3.11440000
4.45920000	2.86970000
3.39520000	2.39220000
2.75370000	2.00360000
2.17480000	1.68480000
1.81500000	1.44790000
2.34690000	1.33200000
1.87750000	1.13700000
1.61160000	1.03270000
1.43480000	0.94240000
1.23290000	0.87710000
1.06240000	0.82440000
1.02010000	0.78360000
1.07650000	0.78720000
0.93090000	0.74740000
0.93250000	0.75180000
0.87780000	0.69470000
1.26580000	0.73590000
1.17820000	0.66560000
1.72110000	0.70460000
1.58030000	1.04660000
1.42070000	1.39270000
1.31430000	1.25720000
1.59590000	1.13940000
1.25330000	0.98750000
1.07650000	0.88950000
1.65850000	0.87780000
2.06530000	0.77310000
8.55850000	2.65130000
12.32920000	6.41720000
10.60810000	6.91760000
6.85300000	3.71080000
4.67820000	3.30200000
5.61700000	2.76720000
16.11560000	11.71280000
11.54690000	10.93180000
7.35370000	4.83190000
5.64830000	3.71030000
4.13060000	3.00640000
3.03540000	2.46430000
2.28430000	2.06350000
1.92450000	1.78050000
1.56150000	1.53340000
1.20790000	1.34950000
1.02950000	1.21190000
0.87930000	1.10600000
0.75880000	1.02350000
0.68060000	0.95890000
0.94350000	0.97930000
0.83860000	0.88860000
0.64780000	0.83560000
0.58050000	0.82000000
0.50540000	0.78430000
0.45060000	0.76300000
0.40990000	0.74580000
0.36770000	0.73060000
0.34270000	0.71700000
0.31450000	0.70460000
0.28630000	0.69310000
0.26600000	0.68230000
0.26130000	0.67810000
0.25500000	0.66310000
0.23000000	0.65310000
0.37390000	0.74020000
1.22670000	0.71540000
0.63840000	0.63600000
0.48970000	0.62420000
0.41150000	0.61070000
0.35830000	0.60200000
0.31290000	0.59400000
0.28790000	0.62290000
0.28630000	0.58290000
0.25820000	0.57140000
0.23630000	0.56760000
0.22220000	0.55990000
0.22220000	0.56000000
0.22220000	0.54330000
0.22060000	0.53900000
0.20650000	0.52830000
0.21590000	0.55740000
0.24880000	0.51840000
0.19090000	0.51120000
0.17990000	0.50120000
0.16740000	0.49430000
0.15180000	0.48780000
0.13930000	0.48150000
0.13770000	0.47520000
0.13770000	0.46920000
0.12990000	0.46300000
0.12360000	0.45690000
0.11730000	0.45120000
0.11110000	0.44520000
0.10640000	0.43930000
0.12050000	0.43360000
0.16740000	0.48240000
0.21900000	0.45850000
0.23470000	0.42250000
0.18460000	0.43080000
0.15020000	0.40850000
0.12200000	0.40110000
0.10330000	0.39570000
0.09230000	0.39050000
0.08450000	0.38550000
0.08290000	0.38210000
0.08920000	0.38410000
0.09070000	0.37170000
0.08290000	0.36590000
0.09540000	0.39200000
0.12360000	0.36010000
0.09390000	0.35210000
0.07510000	0.34720000
0.06730000	0.34260000
0.06410000	0.33820000
0.06100000	0.33380000
0.05950000	0.32940000
0.06260000	0.32520000
0.06260000	0.33420000
0.05790000	0.31840000
0.05790000	0.31280000
0.06570000	0.30860000
0.11420000	0.39130000
0.15960000	0.31980000
0.28950000	0.38480000
0.22370000	0.31530000
0.15180000	0.29150000
0.14710000	0.32570000
0.15020000	0.28640000
0.12990000	0.74500000
0.28480000	0.89460000
0.53350000	1.71080000
0.29100000	1.98380000
0.20500000	1.94250000
0.16740000	1.60590000
0.14390000	1.31430000
0.12830000	1.08930000
0.11890000	0.91780000
0.11110000	0.78710000
0.12520000	0.71140000
0.14240000	0.61350000
0.13300000	0.55190000
0.11270000	0.50580000
0.10170000	0.47710000
0.09700000	0.44470000
0.09860000	0.42000000
0.09860000	0.40980000
0.09390000	0.38790000
0.10330000	0.39520000
0.10330000	0.36700000
0.10950000	0.35590000
0.10010000	0.34800000
0.09230000	0.34120000
0.08610000	0.33500000
0.13140000	0.37720000
0.25970000	0.35560000
0.44120000	0.55870000
1.87750000	3.80610000
1.81500000	5.24720000
1.07180000	3.79370000
0.81200000	3.21240000
0.65560000	2.58550000
0.56330000	2.08710000
0.49910000	1.70700000
0.44440000	1.41800000
0.40050000	1.19810000
0.36300000	1.03040000
0.33330000	0.90220000
0.33480000	0.80390000
0.71500000	0.79030000
0.65400000	0.67740000
0.55540000	1.07860000
0.55540000	0.98390000
0.51160000	0.96080000
0.49130000	0.86190000
0.47720000	0.80750000
0.48500000	0.89460000
0.55070000	0.81450000
0.83710000	1.12790000
0.81360000	1.60640000
0.82140000	1.67670000
0.77140000	1.54880000
0.72600000	1.36930000
0.69940000	1.17750000
2.26870000	3.13340000
2.75370000	2.75770000
2.17480000	2.66900000
1.81500000	2.36180000
1.56460000	1.95800000
1.45350000	1.63150000
1.16560000	1.38090000
1.02640000	1.18970000
0.89810000	1.04340000
0.81990000	0.93100000
0.80730000	0.86100000
0.78700000	0.77860000
0.79330000	0.88620000
0.80270000	0.81880000
0.70410000	0.92150000
0.69630000	0.85270000
0.64310000	0.78090000
0.62580000	0.72310000
0.51630000	0.67750000
0.50070000	0.64140000
0.54760000	0.61240000
0.51630000	0.58890000
0.45370000	0.56950000
0.39120000	0.55320000
0.39120000	0.53930000
0.46940000	0.52730000
0.40680000	0.51660000
0.39120000	0.50700000
0.32860000	0.49820000
0.31290000	0.49010000
0.37550000	0.48250000
0.34420000	0.47530000
0.29730000	0.46840000
0.23470000	0.46180000
0.23470000	0.45540000
0.25030000	0.44920000
0.23470000	0.44310000
0.21900000	0.43720000
0.20340000	0.43140000
0.20340000	0.42570000
0.25030000	0.42010000
0.23470000	0.41460000
0.25030000	0.40920000
0.26600000	0.40380000
0.28160000	0.39860000
0.35990000	0.39340000
0.42240000	0.38820000
0.32860000	0.38320000
0.26600000	0.37830000
0.29730000	0.37430000
0.54760000	0.39450000
0.54760000	0.36970000
0.46940000	0.51980000
0.40680000	0.54550000
0.34420000	0.50500000
0.40680000	0.49980000
0.39120000	0.79160000
0.35990000	1.07330000
0.31290000	0.96990000
0.28160000	0.83100000
0.39120000	0.71840000
0.46940000	0.66140000
0.78230000	1.03620000
1.87750000	1.34190000
1.72110000	1.44860000
1.56460000	1.41160000
2.34690000	1.19500000
2.62860000	1.00760000
2.00270000	0.86240000
1.70540000	0.75130000
1.83060000	0.99530000
2.22180000	1.83530000
2.00270000	2.06060000
1.72110000	1.96640000
1.56460000	1.65570000
2.01840000	1.36410000
1.73670000	1.43130000
1.58030000	1.23630000
2.69110000	1.06370000
4.30270000	0.92010000
4.34960000	0.81090000
3.77070000	0.72790000
3.05100000	0.66400000
2.73810000	0.62680000
2.45650000	0.62090000
2.50340000	1.49610000
5.08500000	7.75280000
5.25710000	6.11440000
4.34960000	3.74990000
3.37960000	2.90170000
2.92580000	2.35470000
2.61290000	1.92410000
5.49180000	3.99690000
6.36800000	3.56140000
5.10070000	2.87670000
4.00540000	2.52210000
3.05100000	2.09720000
2.39390000	1.75530000
2.08090000	1.49310000
2.00270000	1.30260000
1.84630000	1.16470000
1.54430000	1.02490000
1.18910000	1.05330000
1.25170000	0.96830000
1.22040000	0.88920000
1.00140000	0.82610000
1.00140000	0.77640000
1.04360000	0.75660000
0.90900000	0.70690000
0.84960000	0.67880000
0.78230000	0.65750000
0.70410000	0.63940000
0.70410000	0.62390000
0.70410000	0.61030000
0.72600000	0.60990000
1.00140000	0.59860000
1.12650000	0.57830000
1.15160000	0.56780000
1.22350000	0.55890000
1.27990000	0.55060000
1.29240000	0.54270000
1.51460000	0.56770000
1.81500000	0.55190000
1.68980000	0.52330000
1.92450000	0.51420000
1.79930000	0.50710000
1.94010000	0.52090000
1.98710000	0.53960000
1.84630000	0.49230000
1.81500000	0.64160000
1.70540000	0.61690000
1.54120000	0.58000000
1.36590000	0.54890000
1.25800000	0.52380000
1.19850000	0.51730000
1.15630000	0.48890000
1.08900000	0.47700000
1.19690000	0.48730000
2.15920000	0.50080000
2.50340000	0.98380000
3.09790000	2.33770000
3.64560000	2.23210000
3.30130000	2.28160000
2.94150000	1.97590000
2.61290000	1.63800000
2.72240000	1.36380000
10.04490000	1.94140000
8.54280000	2.14730000
5.50750000	2.08270000
3.97410000	1.75150000
3.30130000	1.48230000
2.65990000	1.24680000
2.28430000	1.07640000
1.95580000	0.95170000
1.65850000	0.84830000
1.46450000	0.77120000
1.46920000	0.74420000
1.37840000	0.66880000
1.23290000	0.62840000
1.13430000	0.59860000
1.07800000	0.57500000
1.03890000	0.56220000
0.95130000	0.53950000
0.88400000	0.52480000
0.83710000	0.51270000
0.83390000	0.50960000
0.77290000	0.49340000
0.72440000	0.48400000
0.66180000	0.47590000
0.64460000	0.46840000
1.04050000	0.54000000
0.94660000	0.46410000
0.86210000	0.44910000
0.84180000	0.44200000
0.81360000	0.43590000
0.90590000	0.43170000
1.36120000	0.48270000
1.14840000	0.42560000
1.17660000	0.43430000
1.65850000	0.45300000
1.58030000	0.40760000
1.86190000	0.42190000
2.78500000	0.44510000
3.01970000	0.42350000
2.87890000	0.39490000
2.50340000	0.75240000
2.67550000	0.74600000
2.33130000	0.63700000
2.08090000	0.72420000
1.84630000	0.65700000
1.58030000	0.58890000
1.37220000	0.53460000
1.25010000	0.49780000
1.08430000	0.45980000
1.11090000	0.46920000
1.97140000	0.52120000
1.35340000	0.78010000
1.17970000	1.08530000
1.08120000	0.96090000
1.02170000	0.82310000
0.94500000	0.72740000
0.86680000	0.63030000
0.76200000	0.56380000
0.70720000	0.51600000
0.63370000	0.47460000
0.62740000	0.45670000
0.58360000	0.43050000
0.52260000	0.40140000
0.46940000	0.38450000
0.42240000	0.37150000
0.40050000	0.36060000
0.80270000	0.41010000
0.63990000	0.35050000
0.51790000	0.33710000
0.57110000	0.33010000
1.13120000	0.41630000
0.69310000	0.33690000
0.58830000	0.31590000
0.51790000	0.30940000
0.54140000	0.32550000
0.49290000	0.31120000
0.45220000	0.30920000
0.41620000	0.29370000
0.36610000	0.28980000
0.33640000	0.29100000
0.34110000	0.32800000
0.92630000	0.33910000
0.64310000	0.30240000
0.75260000	0.31190000
0.57110000	0.27110000
0.47560000	0.28670000
0.41780000	0.28020000
0.37390000	0.27240000
0.35050000	0.26540000
0.32070000	0.25930000
0.42710000	0.33410000
0.71660000	0.27960000
0.49290000	0.29520000
4.31840000	2.85390000
8.10470000	7.89550000
4.94420000	4.66090000
3.58300000	3.86770000
4.52180000	3.14180000
2.98840000	2.91460000
2.19050000	2.81380000
1.67410000	2.31920000
1.36750000	1.89360000
1.50050000	1.59730000
1.19220000	1.33450000
1.38940000	1.18060000
1.38780000	1.00990000
1.10930000	0.87120000
0.93720000	0.78200000
0.81050000	0.71520000
0.70410000	0.66330000
0.62900000	0.62260000
0.56170000	0.59020000
0.54920000	0.58090000
0.56950000	0.57650000
0.44280000	0.52960000
0.38490000	0.51130000
0.34730000	0.49830000
0.44280000	0.51740000
0.68690000	0.53240000
0.50070000	0.48740000
0.41460000	0.46290000
0.34890000	0.45360000
0.32070000	0.44640000
0.30040000	0.43970000
0.27540000	0.43340000
0.26760000	0.42730000
0.42090000	0.48200000
0.32230000	0.42290000
0.25660000	0.41070000
0.24250000	0.40960000
0.22370000	0.39970000
0.20650000	0.39930000
0.21280000	0.40340000
0.23310000	0.40590000
0.26440000	0.40430000
0.84960000	0.42710000
1.54430000	0.61370000
0.96220000	1.18090000
0.90120000	1.47390000
0.72290000	1.27180000
0.71030000	1.10770000
2.00270000	1.19110000
1.54270000	1.51550000
1.25640000	1.70730000
1.02640000	1.45540000
0.84650000	1.21620000
0.69940000	1.02940000
0.58830000	0.88640000
0.68690000	0.79880000
0.84020000	0.75270000
0.67120000	0.65800000
0.66030000	0.59070000
0.57580000	0.54870000
0.92000000	0.54740000
0.76350000	0.48770000
0.67900000	0.83290000
0.62120000	0.77510000
0.56640000	0.69110000
1.08270000	0.70930000
1.00450000	0.90660000
1.29080000	1.19910000
1.10150000	1.41160000
1.11870000	1.61840000
1.89320000	1.44700000
1.45820000	1.62380000
1.55370000	1.87110000
1.46920000	1.58550000
1.27200000	1.47870000
1.11090000	1.25100000
1.03260000	1.07990000
0.95750000	0.93660000
0.81670000	0.81960000
0.72440000	0.73540000
0.78390000	0.69200000
0.72290000	0.63160000
0.63050000	0.58290000
0.56170000	0.55070000
0.63370000	0.53100000
1.22980000	0.56990000
0.87620000	0.81700000
0.79170000	1.08070000
0.74630000	0.97120000
0.71030000	0.84990000
0.69000000	0.76710000
5.82040000	0.73870000
15.95910000	9.67820000
12.90810000	12.20610000
9.77890000	6.81220000
6.64960000	4.44560000
4.53740000	3.58380000
3.33260000	2.88960000
3.44220000	2.35680000
8.76190000	6.78820000
5.94560000	6.09420000
4.38090000	3.43930000
3.12920000	2.68390000
8.05780000	2.61370000
12.76730000	11.29390000
8.22990000	9.15100000
5.72650000	4.42940000
4.16190000	3.35880000
3.27010000	2.93040000
2.65990000	2.44980000
2.15920000	2.05590000
1.86190000	1.83150000
1.62720000	1.59590000
1.43950000	1.40750000
1.29710000	1.26190000
1.18130000	1.14920000
1.10310000	1.06160000
1.47700000	1.03420000
1.23140000	0.94390000
1.12030000	1.19760000
1.03580000	1.11730000
2.94150000	4.22800000
3.94280000	6.26370000
3.47350000	3.10030000
2.97280000	2.77440000
2.48770000	2.33030000
2.15920000	1.98270000
1.90880000	1.68470000
1.79930000	1.78500000
1.58030000	1.57640000
1.40030000	1.49160000
1.29240000	1.33250000
1.18600000	1.19850000
1.11710000	1.09370000
1.18290000	1.03240000
1.13120000	0.95700000
1.04200000	1.13590000
0.95130000	1.18890000
0.87460000	1.09730000
0.84330000	1.00820000
0.80890000	0.93760000
0.76040000	0.88240000
0.72130000	0.83980000
0.69780000	0.80530000
0.73070000	0.78290000
6.32110000	7.13160000
5.72650000	6.34450000
4.36530000	3.38090000
3.34830000	2.62320000
2.65990000	2.15880000
2.20610000	1.81640000
1.90880000	1.55660000
1.64290000	1.35800000
1.44100000	1.20570000
1.34560000	1.08840000
1.22820000	0.99750000
1.08580000	0.92660000
1.28920000	1.06660000
1.27670000	1.29360000
1.87750000	1.97640000
3.64560000	4.02530000
3.53600000	3.51350000
3.45780000	2.60620000
3.22310000	2.15260000
4.17750000	3.48100000
7.35370000	6.09170000
6.63400000	4.74220000
5.00680000	3.12850000
3.56730000	2.52720000
2.94150000	2.10610000
2.48770000	1.78860000
4.78770000	4.56320000
9.48160000	10.81060000
7.21290000	7.82780000
5.28840000	3.92850000
3.95850000	3.02140000
2.98840000	2.48340000
2.34690000	2.08880000
2.09660000	1.78980000
1.78370000	1.56090000
1.43160000	1.38540000
1.28300000	1.25010000
1.12650000	1.14540000
1.03260000	1.06370000
1.09520000	0.99940000
0.93880000	0.94830000
0.87620000	0.90720000
0.87620000	0.87370000
1.43320000	1.13860000
2.87890000	3.38570000
2.31560000	3.06860000
2.09660000	2.25790000
2.01840000	1.90930000
1.92450000	1.63570000
1.28300000	1.42600000
1.40820000	1.26550000
1.40820000	1.14200000
1.09520000	1.04630000
1.12650000	0.97160000
1.40820000	0.91290000
1.31430000	0.86620000
1.18910000	0.82870000
1.09520000	0.79810000
1.01700000	0.77280000
0.87620000	0.75140000
0.93880000	0.73310000
0.90750000	0.73420000
0.90750000	3.20120000
0.93880000	3.99370000
1.25170000	2.48500000
3.88030000	2.52130000
4.72520000	3.18730000
4.39660000	2.53080000
3.69250000	2.30750000
2.97280000	1.95330000
2.34690000	1.66030000
2.08090000	1.43460000
1.97140000	1.26210000
1.75240000	1.12920000
1.31430000	1.02660000
1.17350000	0.94680000
1.09520000	0.88440000
1.01700000	0.83600000
2.09660000	1.78840000
2.09660000	2.03540000
2.11220000	1.85270000
2.00270000	1.74280000
1.83060000	1.50890000
1.76800000	1.31220000
1.64290000	1.16010000
1.45510000	1.04260000
1.34240000	0.95170000
1.22980000	0.89350000
1.87750000	0.86590000
4.25580000	2.08570000
13.87820000	8.78440000
10.65510000	8.14390000
6.79050000	3.96360000
5.71090000	3.19260000
4.36530000	2.59390000
3.59860000	2.33660000
3.01970000	1.97820000
2.47210000	1.68420000
2.06530000	1.45800000
1.81500000	1.28460000
1.64290000	1.15170000
1.48800000	1.04870000
1.31430000	0.96860000
1.25950000	0.91540000
1.26420000	0.89480000
1.36900000	0.83690000
1.19380000	0.78760000
1.09520000	0.75770000
1.08900000	0.73510000
1.32680000	0.74920000
1.62720000	0.72000000
1.79930000	0.71310000
1.81500000	0.99230000
1.94010000	1.13460000
2.01840000	1.04040000
1.84630000	0.99170000
1.73670000	0.91680000
1.56460000	0.83980000
1.47070000	0.78370000
1.40350000	0.74560000
1.23450000	0.70550000
1.12970000	0.67660000
1.06390000	0.65330000
1.04200000	0.63630000
0.99820000	0.61770000
0.92940000	0.60320000
1.01070000	0.60660000
1.08740000	0.60330000
0.98880000	0.57410000
0.91220000	0.56030000
0.89340000	0.55100000
0.93880000	0.54930000
1.05140000	0.56300000
1.08120000	0.54000000
1.00140000	0.52670000
0.99040000	0.51350000
0.97010000	0.50580000
0.98260000	0.50890000
1.12180000	0.51200000
2.47210000	0.58120000
2.65990000	0.49660000
2.80070000	0.93370000
3.08230000	0.90730000
2.76940000	0.78470000
2.51900000	0.77360000
2.20610000	0.70020000
2.00270000	0.66330000
1.81500000	0.61380000
1.64290000	0.56030000
1.49110000	0.54230000
1.35650000	0.50960000
1.21880000	0.48570000
1.10930000	0.46940000
1.08900000	0.46520000
1.48800000	0.51010000
1.14060000	0.44280000
1.05770000	0.42710000
1.06860000	0.42450000
1.01540000	0.41190000
0.95290000	0.40460000
0.92160000	0.39830000
0.88090000	0.39600000
0.78070000	0.38710000
0.68840000	0.38120000
0.62900000	0.37590000
0.62430000	0.39220000
0.54920000	0.36840000
0.50380000	0.36110000
0.47100000	0.35610000
0.43030000	0.35140000
0.39270000	0.34680000
0.36460000	0.34220000
0.35520000	0.35240000
0.34580000	0.33510000
0.32070000	0.32910000
0.32540000	0.34560000
0.30200000	0.32290000
0.28480000	0.32050000
0.27690000	0.31260000
0.25190000	0.30810000
0.22840000	0.30410000
0.21120000	0.30010000
0.19870000	0.29640000
0.19090000	0.29240000
0.18150000	0.28850000
0.17520000	0.28480000
0.16580000	0.28110000
0.15650000	0.27740000
0.14860000	0.27380000
0.14390000	0.27030000
0.15330000	0.29890000
0.19560000	0.30150000
0.16580000	0.26440000
0.13930000	0.25690000
0.12830000	0.26740000
0.13140000	0.25160000
0.12830000	0.24680000
0.12520000	0.24340000
0.12200000	0.24020000
0.11270000	0.23710000
0.10010000	0.23400000
0.09700000	0.25160000
0.09860000	0.23200000
0.09860000	0.22550000
0.08920000	0.22210000
0.08290000	0.21920000
0.07820000	0.21640000
0.07350000	0.21360000
0.07040000	0.21080000
0.07670000	0.24740000
0.08450000	0.21010000
0.09700000	0.23350000
0.10170000	0.20370000
0.13140000	0.22630000
0.11730000	0.21980000
0.15330000	0.25080000
0.22690000	0.23770000
0.16270000	0.19300000
0.11110000	0.18550000
0.08920000	0.18260000
0.07820000	0.18010000
0.08610000	0.17780000
0.09230000	0.20730000
0.08920000	0.17700000
0.07980000	0.17140000
0.06570000	0.16880000
0.05790000	0.16650000
0.05320000	0.16440000
0.09390000	0.20050000
0.07510000	0.16470000
0.06730000	0.17200000
0.06880000	0.16940000
0.10640000	0.21610000
0.12670000	0.15940000
0.09390000	0.15740000
0.07820000	0.15410000
0.06570000	0.14680000
0.05790000	0.14430000
0.05160000	0.14240000
0.05480000	0.15830000
0.05320000	0.14080000
0.05950000	0.14830000
0.05320000	0.13650000
0.05010000	0.14390000
0.04540000	0.13290000
0.04220000	0.13000000
0.03600000	0.12820000
0.03290000	0.12650000
0.08760000	0.20070000
0.10010000	0.14880000
0.11730000	0.12550000
0.07820000	0.12050000
0.05950000	0.11850000
0.05010000	0.11700000
0.05010000	0.12260000
0.05010000	0.13920000
0.05010000	0.11550000
0.05950000	0.11910000
0.05010000	0.11380000
0.07510000	0.12650000
0.20030000	0.23980000
0.17050000	0.12130000
0.10330000	0.39730000
0.07820000	0.35430000
0.06410000	0.29890000
0.05790000	0.25450000
0.05160000	0.22030000
0.05010000	0.19420000
0.04690000	0.17410000
0.04540000	0.15860000
0.04380000	0.16080000
0.03910000	0.13880000
0.03910000	0.12970000
0.03600000	0.12360000
0.04220000	0.13290000
0.06730000	0.15180000
0.05160000	0.11580000
0.06100000	0.10900000
0.05320000	0.10610000
0.04540000	0.10390000
0.05790000	0.11800000
0.05950000	0.11770000
0.05160000	0.10060000
0.05480000	0.09720000
0.05010000	0.09550000
0.04540000	0.09410000
0.04070000	0.09280000
0.04380000	0.13570000
0.05010000	0.09560000
0.09700000	0.13790000
0.11580000	0.12280000
0.10170000	0.09070000
0.07040000	0.08590000
0.06100000	0.10030000
0.05630000	0.12610000
0.12520000	0.99170000
0.25660000	2.00790000
0.14860000	2.05880000
0.10010000	1.78390000
0.08140000	1.42920000
0.07040000	1.14230000
0.06100000	0.92300000
0.05630000	0.75660000
0.05480000	0.63010000
0.05320000	0.54980000
0.05950000	0.47600000
0.10800000	0.45690000
0.12360000	0.37120000
0.10480000	0.67870000
0.08610000	0.60330000
0.07820000	0.65170000
0.09700000	0.57930000
0.07670000	0.49570000
0.05950000	0.43960000
0.05630000	0.39020000
0.06410000	0.36990000
0.17520000	2.21920000
0.24560000	2.42440000
0.15330000	2.28550000
0.11730000	1.86980000
0.10170000	1.51010000
0.09390000	1.22790000
0.08760000	1.01730000
0.07980000	0.85770000
0.07670000	0.73600000
0.07510000	0.64300000
0.07200000	0.57170000
0.07040000	0.51670000
0.06730000	0.47530000
0.06410000	0.44100000
0.06260000	0.41470000
0.06260000	0.39380000
0.06260000	0.37700000
0.06260000	0.36330000
0.06100000	0.35190000
0.05630000	0.34230000
0.05480000	0.33410000
0.05480000	0.32690000
0.05480000	0.32050000
0.05950000	0.31510000
0.05790000	0.30980000
0.05790000	0.30490000
0.09860000	0.30020000
0.17210000	0.29580000
0.17840000	0.29160000
0.15020000	0.31610000
0.14550000	0.36570000
0.14550000	0.63080000
0.13140000	0.92250000
0.11580000	0.81570000
0.10330000	0.69450000
0.09700000	0.59800000
0.10640000	0.55500000
0.35520000	1.48610000
1.58030000	5.93310000
0.76040000	5.18190000
0.50220000	3.66450000
0.38800000	3.05420000
0.31760000	2.45770000
0.27690000	1.98880000
0.25970000	1.63860000
0.24410000	1.36110000
0.23160000	1.16930000
0.22370000	1.00800000
0.78700000	3.79110000
1.33150000	2.79490000
0.88090000	2.61610000
0.72290000	2.16750000
0.61800000	1.78780000
0.63050000	1.53200000
0.74790000	1.68520000
0.79170000	1.86580000
0.74790000	1.70010000
0.69780000	1.44940000
0.65870000	1.24990000
1.06550000	2.04740000
1.15310000	2.15430000
1.01700000	2.02010000
0.87620000	1.71010000
0.81360000	1.44950000
0.78230000	1.24830000
0.59460000	1.09420000
0.78230000	0.97590000
0.71970000	0.88460000
0.62580000	0.81370000
0.59460000	0.75840000
0.53200000	0.71450000
0.48500000	0.67950000
0.42240000	0.65130000
0.37550000	0.62830000
0.40680000	0.60950000
0.87620000	0.59340000
1.15780000	0.57940000
0.90750000	0.56710000
0.84490000	0.55620000
0.90750000	0.54630000
1.12650000	0.56400000
1.97140000	3.61010000
1.75240000	2.52630000
1.65850000	2.34910000
1.49890000	1.98730000
1.35650000	1.65400000
1.29080000	1.39920000
1.14690000	1.19740000
0.99820000	1.05970000
0.92000000	0.96690000
1.61160000	4.28770000
2.04970000	2.84920000
1.56460000	2.39790000
1.53330000	1.98270000
1.31430000	1.65450000
1.09520000	1.40380000
0.93880000	1.21230000
0.84490000	1.06570000
0.93880000	0.95310000
1.09520000	0.86610000
1.47070000	0.79850000
1.12650000	0.74570000
0.93880000	0.70390000
0.81360000	0.67050000
0.75100000	0.64350000
0.70410000	0.62130000
0.62580000	0.60280000
0.59460000	0.58710000
0.57890000	0.57350000
0.54760000	0.56160000
0.51630000	0.55090000
0.48500000	0.54120000
0.43810000	0.53230000
0.39120000	0.52390000
0.40680000	0.51600000
0.37550000	0.50840000
0.26600000	0.50120000
0.25030000	0.49420000
0.31290000	0.48750000
0.28160000	0.48090000
0.29730000	0.47440000
0.32860000	0.46810000
0.39120000	0.46190000
0.70410000	0.45590000
0.67280000	0.44990000
0.54760000	0.46150000
0.48500000	0.48280000
0.90750000	0.51940000
0.83860000	0.97780000
0.78390000	1.38320000
0.82140000	1.34010000
0.93880000	1.64320000
1.14220000	1.78150000
1.17970000	1.76230000
1.18290000	1.48990000
1.16880000	1.25210000
1.54430000	1.06790000
1.30020000	0.92700000
1.36590000	0.86380000
1.30330000	1.01180000
1.27990000	1.18350000
1.30330000	1.64430000
1.45200000	1.65710000
1.79930000	1.86700000
2.45650000	1.73810000
2.56600000	1.77780000
2.69110000	1.71190000
3.97410000	3.80380000
3.62990000	3.20740000
3.05100000	2.75700000
2.53470000	2.26510000
2.14350000	1.86950000
1.76800000	1.56680000
1.58030000	1.33600000
1.38160000	1.15970000
1.32050000	1.02470000
1.16090000	0.92080000
1.08580000	0.84040000
0.96380000	0.77790000
0.93410000	0.72880000
0.81050000	0.68990000
0.80580000	0.65870000
1.19220000	0.66880000
5.28840000	2.50840000
5.49180000	2.17220000
4.11500000	2.13460000
3.55170000	1.88940000
3.12920000	4.54630000
3.31700000	4.79150000
3.08230000	3.05270000
2.73810000	2.65920000
2.39390000	2.20410000
2.11220000	1.83770000
1.84630000	1.57400000
1.75240000	1.35060000
2.11220000	1.18160000
2.61290000	1.05200000
2.73810000	0.96040000
2.76940000	0.90730000
4.25580000	0.88640000
3.70810000	0.78100000
3.27010000	1.05720000
2.73810000	0.99020000
2.34690000	0.90380000
3.06670000	0.89550000
3.95850000	0.88550000
4.80340000	2.51650000
4.39660000	1.93460000
3.89590000	1.97520000
4.33400000	1.74500000
3.69250000	1.45000000
3.62990000	1.53670000
4.25580000	1.45940000
3.59860000	2.06270000
3.12920000	2.00860000
2.67550000	1.94850000
2.30000000	1.85190000
2.00270000	1.59020000
1.79930000	1.37920000
1.56460000	1.20350000
1.59590000	1.09650000
1.36280000	0.96600000
1.23450000	0.88350000
1.15940000	0.82150000
1.06080000	0.77290000
0.98260000	0.73420000
1.01860000	0.73320000
0.98880000	0.69250000
0.88240000	0.65820000
0.80270000	0.63880000
0.75730000	0.62330000
0.75260000	0.61030000
0.67590000	0.59800000
0.63680000	0.59380000
0.60390000	0.57810000
0.61960000	0.60840000
0.63370000	0.58230000
0.54290000	0.55380000
0.49600000	0.54350000
0.46160000	0.53560000
0.43810000	0.52820000
0.44120000	0.52960000
0.45530000	0.53850000
0.42710000	0.51010000
0.43650000	0.51650000
0.41150000	0.49570000
0.37240000	0.48750000
0.35520000	0.48360000
0.87780000	0.59150000
0.91220000	0.51450000
0.71820000	0.48230000
0.62580000	0.45860000
0.56640000	0.45050000
0.59920000	0.46620000
1.42070000	0.51160000
1.20010000	0.44170000
1.07800000	0.96670000
0.94970000	0.88720000
0.80890000	0.78040000
0.69000000	0.69400000
0.59770000	0.62700000
0.52880000	0.57500000
0.47250000	0.53450000
0.43810000	0.53510000
0.39900000	0.48110000
0.35360000	0.45720000
0.31920000	0.44010000
0.41780000	0.44100000
0.72130000	0.47310000
0.48350000	0.41220000
0.40520000	0.40190000
0.35200000	0.38870000
0.32070000	0.39550000
0.31920000	0.38580000
0.28950000	0.36990000
0.27380000	0.41110000
0.25190000	0.36330000
0.22220000	0.35300000
0.20180000	0.34750000
0.18620000	0.34270000
0.17520000	0.33800000
0.17990000	0.33340000
0.22530000	0.38820000
0.23470000	0.33170000
0.22530000	0.35150000
0.18930000	0.31980000
0.16580000	0.31230000
0.25190000	0.36680000
0.26130000	0.31090000
0.20030000	0.30560000
0.17680000	0.29660000
0.17210000	0.34310000
0.24720000	0.39480000
0.93720000	0.70980000
3.01970000	8.14890000
1.65850000	6.20260000
4.06800000	6.52780000
3.30130000	6.29920000
2.62860000	4.12630000
3.22310000	3.74430000
2.40950000	3.16350000
1.89320000	3.05780000
1.62720000	2.56590000
1.37370000	2.09630000
1.24070000	1.73420000
1.35500000	1.49700000
1.05140000	1.26730000
0.90120000	1.10880000
0.86050000	1.02960000
6.35240000	8.08730000
6.97820000	7.82580000
4.72520000	3.83360000
3.22310000	3.01890000
2.37820000	2.46050000
1.89320000	2.06180000
1.39880000	1.72100000
1.09050000	1.47410000
0.92630000	1.28710000
2.20610000	1.25390000
1.55370000	1.06110000
1.17350000	1.29360000
0.97790000	1.16900000
0.81670000	1.09330000
1.20320000	1.03770000
0.92940000	0.92110000
0.92160000	0.88190000
0.87150000	0.80680000
0.77610000	0.83430000
0.69160000	0.79420000
0.61490000	0.75440000
0.53510000	0.72170000
0.47100000	0.69500000
0.41620000	0.67280000
0.37240000	0.65420000
0.35050000	0.63820000
0.42870000	0.64370000
0.37710000	0.61420000
0.68060000	0.63200000
4.94420000	2.77910000
2.70680000	2.38100000
2.06530000	2.27050000
1.56150000	1.90380000
1.21410000	1.59570000
1.06080000	1.36710000
1.10930000	1.23480000
0.80890000	1.04490000
0.73850000	0.94420000
0.86680000	0.88190000
0.72910000	0.79480000
0.74010000	1.00920000
0.71030000	0.91300000
1.34560000	1.24540000
1.02800000	1.42880000
0.90440000	1.59930000
0.79330000	1.40100000
0.69940000	1.21010000
0.61800000	1.06010000
0.54920000	0.94450000
0.49910000	0.85540000
0.50540000	0.81930000
0.46160000	0.73620000
0.39740000	0.69000000
0.82770000	0.73750000
2.19050000	2.70310000
1.81500000	2.19070000
1.58030000	2.08870000
2.01840000	1.86090000
2.17480000	2.56950000
2.30000000	2.36760000
2.04970000	2.04790000
1.81500000	2.08620000
1.56460000	1.78310000
1.33930000	1.51200000
1.14840000	1.30100000
0.95910000	1.13930000
0.79640000	1.01510000
0.67590000	0.91940000
0.59460000	0.84510000
0.53980000	0.78700000
0.52100000	0.75930000
0.64930000	0.74260000
0.52570000	0.69470000
0.50690000	0.66680000
0.45370000	0.63310000
0.43650000	0.61460000
0.51160000	0.64710000
0.73070000	2.14630000
0.73690000	2.23950000
0.64310000	2.27230000
0.64310000	2.26060000
0.63840000	1.90840000
0.62120000	1.84740000
0.64310000	1.58660000
0.59300000	1.35190000
0.60710000	1.19030000
0.76510000	1.14420000
0.69000000	1.30270000
0.66810000	1.39010000
0.64620000	1.23280000
0.64460000	1.08550000
0.63990000	0.99070000
0.59770000	0.88240000
0.55540000	0.89510000
0.57270000	0.85040000
2.06530000	4.05870000
2.11220000	2.87090000
2.15920000	2.42370000
2.55030000	2.27260000
2.20610000	2.88220000
1.92450000	2.43130000
1.73670000	2.02180000
1.58030000	1.69700000
1.45820000	1.45460000
1.67410000	1.37430000
5.69520000	5.26860000
5.17890000	3.86240000
4.13060000	2.80950000
3.16050000	2.28870000
2.58160000	1.90720000
2.22180000	1.63110000
1.84630000	1.39950000
1.55370000	1.31630000
1.47070000	1.18300000
1.87750000	1.24850000
4.27140000	4.68440000
3.80200000	3.70740000
4.36530000	3.06520000
4.09930000	2.47220000
3.78640000	2.41560000
3.19180000	2.21920000
2.72240000	1.93660000
2.34690000	1.65790000
2.01840000	1.43770000
1.75240000	1.26830000
1.56310000	1.13850000
1.36430000	1.03780000
1.27830000	0.95950000
1.12340000	0.89800000
1.04050000	0.84940000
0.95750000	0.81040000
0.87310000	0.77880000
0.80420000	0.75280000
0.95750000	0.73100000
0.87460000	0.71240000
0.78540000	0.69630000
0.67750000	0.68210000
0.62900000	0.66930000
0.73690000	0.65770000
1.03890000	0.67110000
2.26870000	1.87670000
1.97140000	2.14970000
2.47210000	2.32030000
2.75370000	2.13200000
2.36260000	2.15370000
2.09660000	1.95130000
1.84630000	1.66180000
1.40820000	1.42270000
1.25170000	1.23800000
1.03260000	1.09630000
1.11090000	0.98730000
1.23450000	0.90280000
1.81500000	0.86450000
7.35370000	1.32080000
10.79590000	1.67370000
7.19730000	1.77600000
4.92860000	1.94700000
3.91160000	1.92880000
6.24280000	11.92230000
5.74220000	10.25560000
4.88160000	4.66320000
3.94280000	3.47850000
3.03540000	2.80380000
2.39390000	2.31300000
2.06530000	1.94220000
1.83060000	1.65940000
2.61290000	1.83560000
3.05100000	1.66780000
2.37820000	1.96300000
2.14350000	1.74610000
1.97140000	1.51650000
1.72110000	1.33410000
1.32990000	1.19330000
1.22040000	1.08450000
1.17350000	1.00000000
1.25170000	0.93380000
1.20480000	0.89430000
1.15780000	0.86000000
1.29860000	0.88880000
0.97010000	1.29210000
0.97010000	1.22970000
0.89180000	1.10910000
0.78230000	1.00810000
0.68840000	0.92880000
0.62580000	0.86680000
0.53200000	0.81770000
0.43810000	0.77860000
0.46940000	0.74700000
0.50070000	0.72100000
0.51630000	0.69940000
0.46940000	0.68100000
0.43810000	0.66520000
0.40680000	0.65130000
0.40680000	0.63880000
0.42240000	0.62750000
0.43810000	0.61760000
0.42240000	0.60780000
0.43810000	0.59830000
0.45370000	0.58950000
0.42240000	0.58110000
0.45370000	0.57300000
0.53200000	0.56510000
0.45370000	0.55740000
0.40680000	0.55000000
0.37550000	0.54260000
0.40680000	0.53540000
0.43810000	0.52840000
0.45370000	0.52140000
0.42240000	0.51460000
0.39120000	0.50790000
0.37550000	0.50130000
0.34420000	0.49470000
0.32860000	0.48830000
0.34420000	0.48190000
0.37550000	0.47560000
0.40680000	0.46950000
0.46940000	0.46980000
0.50070000	0.46080000
0.51630000	0.45220000
0.46940000	0.44560000
0.50070000	0.43980000
0.57890000	0.43790000
0.61020000	0.43080000
0.57890000	0.42340000
0.50070000	0.41740000
0.45370000	0.41200000
0.42240000	0.40660000
0.48500000	0.40130000
0.65710000	0.39610000
0.64150000	0.39100000
0.78230000	0.38590000
0.75100000	0.38090000
0.70410000	0.37590000
0.65710000	0.37110000
0.62580000	0.36620000
0.73540000	0.36150000
1.18910000	0.36320000
2.19050000	0.40410000
3.84900000	0.41510000
5.49180000	1.15630000
9.07480000	7.61600000
13.86250000	12.62160000
19.24480000	16.45670000
20.18360000	15.98710000
25.03390000	20.48080000
21.43530000	18.18590000
15.22380000	11.36290000
9.79450000	6.30330000
6.94690000	4.69420000
5.99250000	3.74870000
5.74220000	3.05430000
6.03940000	2.53030000
6.50880000	2.13180000
8.69930000	1.86350000
11.12440000	3.45820000
7.93260000	3.73250000
5.77340000	2.41030000
4.36530000	2.00960000
3.45780000	1.73140000
11.85980000	4.51790000
17.83670000	15.43500000
12.39180000	12.72480000
7.80750000	5.40220000
5.57000000	3.78580000
6.71220000	3.71450000
6.33670000	5.89200000
6.02380000	6.98890000
6.35240000	5.30190000
5.77340000	3.26630000
8.99660000	3.49390000
9.91970000	6.88950000
7.41630000	5.37970000
5.38230000	3.16410000
4.08370000	2.51120000
3.14490000	2.12700000
2.50340000	1.84380000
2.09660000	1.62780000
1.79930000	1.46170000
2.23740000	1.36670000
4.17750000	1.30400000
3.31700000	1.16320000
2.84760000	1.09350000
2.44080000	1.04300000
2.06530000	1.00250000
1.76800000	0.96920000
1.52390000	0.94130000
1.32210000	0.91750000
1.16410000	0.89680000
1.03580000	0.87860000
0.96220000	0.87350000
0.83710000	0.84960000
0.74010000	0.83360000
0.72910000	0.83640000
0.72440000	0.81880000
0.63840000	0.79760000
0.57420000	0.78520000
0.52100000	0.77420000
0.49130000	0.76950000
0.48500000	0.75930000
0.44440000	0.74390000
0.40370000	0.73340000
0.37390000	0.72360000
0.35360000	0.74480000
0.32860000	0.70840000
0.33640000	0.70600000
0.51950000	0.74900000
0.41150000	0.68490000
0.33640000	0.66930000
0.31610000	0.67340000
0.30350000	0.65540000
0.30350000	0.66380000
0.28630000	0.63700000
0.25820000	0.62640000
0.38180000	0.68790000
0.57110000	0.66180000
0.37860000	0.60810000
0.29570000	0.59480000
0.25970000	0.58650000
0.24410000	0.57890000
0.22840000	0.57130000
0.22530000	0.57580000
0.19090000	0.55800000
0.18460000	0.54950000
0.18930000	0.55460000
0.27540000	0.60660000
0.40520000	0.59290000
0.54760000	0.58200000
0.37550000	0.52190000
0.26910000	0.90130000
0.23470000	0.85020000
0.22060000	0.76850000
0.20970000	0.70690000
0.20970000	0.68560000
0.26440000	0.66770000
0.23310000	0.58090000
0.19710000	0.54800000
0.18310000	0.52600000
0.19560000	0.53310000
0.20180000	0.50130000
0.17680000	0.48190000
0.15490000	0.47020000
0.13930000	0.46060000
0.14080000	0.46780000
0.15180000	0.44600000
0.12830000	0.43700000
0.11420000	0.43000000
0.10640000	0.42350000
0.09860000	0.41740000
0.09390000	0.41150000
0.10010000	0.45850000
0.10010000	0.40650000
0.08920000	0.39540000
0.07820000	0.38950000
0.08290000	0.39590000
0.12360000	0.43930000
0.15180000	0.38140000
0.10170000	0.37000000
0.08140000	0.36450000
0.07510000	0.35970000
0.06880000	0.35500000
0.06730000	0.35040000
0.07040000	0.35960000
0.07040000	0.34300000
0.08610000	0.37610000
0.09540000	0.35540000
0.11110000	0.34050000
0.09700000	0.32530000
0.10330000	0.31980000
0.12360000	0.36610000
0.15180000	0.31750000
0.10330000	0.31280000
0.08610000	0.30400000
0.07980000	0.30840000
0.08610000	0.30590000
0.08760000	0.29290000
0.08610000	0.28800000
0.10010000	0.31070000
0.12670000	0.32160000
0.11110000	0.28170000
0.08760000	0.27370000
0.07980000	0.26970000
0.09700000	0.29530000
0.33170000	0.32240000
0.46940000	0.34160000
0.29260000	0.26570000
0.22060000	0.71570000
0.18780000	0.67040000
0.16430000	0.57130000
0.14080000	0.49590000
0.13460000	0.43820000
0.27540000	0.45320000
0.23160000	0.36690000
0.15490000	0.33380000
0.12830000	0.31220000
0.12520000	0.29560000
0.11110000	0.28230000
0.10010000	0.27330000
0.45060000	0.36400000
0.41310000	0.27940000
0.75880000	1.69630000
1.21260000	3.60340000
0.97630000	2.91290000
0.73850000	2.78170000
0.65560000	2.28690000
0.58990000	1.83570000
0.53510000	1.48380000
0.45060000	1.24110000
0.43180000	1.04490000
0.36140000	0.87870000
0.30200000	0.76230000
0.26910000	0.67430000
0.25660000	0.60670000
0.25820000	0.58310000
0.25970000	0.52150000
0.24560000	0.48640000
0.22530000	0.45690000
0.19870000	0.43610000
0.18930000	0.41950000
0.19090000	0.42750000
0.18460000	0.39800000
0.17840000	0.41760000
0.19400000	0.37990000
0.28790000	0.43210000
0.81360000	0.63030000
1.55210000	3.47420000
1.19220000	2.80030000
1.03730000	2.67820000
0.84650000	2.34330000
0.72130000	2.12140000
0.68690000	1.77230000
0.58670000	1.45330000
0.56480000	1.23820000
0.50220000	1.04310000
0.44120000	0.96970000
0.40990000	0.85840000
0.38020000	0.76600000
0.37240000	0.71560000
0.34110000	0.64080000
0.31140000	0.59610000
0.30040000	0.56660000
0.28160000	0.53340000
0.26440000	0.51050000
0.24720000	0.49230000
0.26910000	0.50230000
0.58830000	0.51380000
0.54920000	0.77450000
0.73220000	1.08240000
0.92780000	1.57440000
1.46920000	1.97600000
1.36900000	2.02420000
1.22510000	1.92750000
1.05770000	1.61670000
0.89500000	1.35220000
0.77450000	1.14800000
0.69630000	0.99340000
0.62270000	0.87260000
0.56950000	0.78070000
0.62740000	0.76990000
0.71970000	1.00080000
0.63990000	1.25170000
0.62270000	1.11450000
0.70880000	1.02040000
1.24860000	2.74800000
2.20610000	2.58550000
2.09660000	2.38700000
1.87750000	2.08650000
1.62720000	1.73720000
1.39880000	1.45760000
1.20320000	1.24320000
1.06080000	1.07930000
0.92940000	0.95380000
0.96850000	0.86360000
1.62720000	0.84190000
1.39560000	1.26430000
2.20610000	1.68240000
6.63400000	5.29690000
6.11770000	4.09890000
4.58430000	3.21850000
3.25440000	2.59780000
2.50340000	2.39660000
2.03400000	2.01070000
1.73670000	1.68860000
1.48800000	1.44040000
1.25800000	1.25040000
1.20320000	1.10490000
19.55780000	13.20220000
13.15850000	13.00900000
7.76050000	5.23620000
4.80340000	4.00440000
3.55170000	3.21970000
2.95710000	2.63640000
2.61290000	2.20540000
3.20750000	3.88840000
2.73810000	2.42210000
2.62860000	2.54160000
2.39390000	2.17950000
2.14350000	1.98410000
2.26870000	1.72340000
3.09790000	1.49590000
2.50340000	1.44680000
2.33130000	1.30130000
2.15920000	1.17600000
1.98710000	1.07750000
1.78370000	1.00060000
1.51460000	0.94010000
1.33310000	0.89200000
1.28300000	1.04140000
1.22200000	1.13700000
1.18290000	1.40940000
1.12650000	1.46570000
0.98570000	1.31260000
0.78230000	1.17180000
0.71970000	1.06080000
0.61020000	0.97450000
0.53200000	0.90710000
0.57890000	0.85400000
0.53200000	0.81170000
0.51630000	0.77760000
0.50070000	0.74980000
0.48500000	0.72660000
0.46940000	0.70700000
0.43810000	0.69020000
0.40680000	0.67540000
0.46940000	0.66230000
0.42240000	0.65040000
0.39120000	0.63950000
0.39120000	0.62930000
0.39120000	0.61970000
0.40680000	0.61060000
0.42240000	0.60180000
0.43810000	0.59340000
0.42240000	0.58520000
0.39120000	0.57730000
0.37550000	0.56950000
0.39120000	0.56190000
0.40680000	0.55450000
0.37550000	0.54720000
0.35990000	0.54000000
0.34420000	0.53290000
0.35990000	0.52590000
0.37550000	0.51910000
0.42240000	0.51230000
0.46940000	0.50560000
0.51630000	0.49900000
0.70410000	0.49250000
0.93880000	0.48620000
2.19050000	0.47980000
4.69390000	0.47360000
3.12920000	0.46740000
2.34690000	0.46140000
1.72110000	0.45540000
1.25170000	0.44950000
1.22040000	0.44360000
1.18910000	0.43790000
1.12650000	0.43220000
1.09520000	0.42660000
0.93880000	0.42100000
0.81360000	0.41560000
0.93880000	0.41020000
1.03260000	0.40480000
0.97010000	0.39960000
0.90750000	0.39440000
0.84490000	0.38930000
0.81360000	0.38420000
0.78230000	0.37920000
0.78230000	0.37430000
0.73540000	0.36940000
0.73540000	0.36470000
0.93880000	0.35990000
3.12920000	0.37350000
6.25850000	0.43560000
5.47620000	0.98670000
3.91160000	1.28040000
2.97280000	1.31550000
2.50340000	1.15860000
2.03400000	0.97890000
1.72110000	0.83520000
1.40820000	0.72480000
1.28300000	0.64020000
1.15780000	0.57510000
1.09520000	0.52470000
1.22040000	0.48550000
1.09520000	0.45480000
1.03260000	0.43040000
1.06390000	0.41090000
1.25170000	0.39510000
1.18910000	0.38200000
1.40820000	0.37100000
1.87750000	0.36170000
1.56460000	0.35360000
1.72110000	0.34640000
2.34690000	0.34000000
2.65990000	0.33810000
3.28570000	0.33130000
2.62860000	0.32420000
2.33130000	0.31880000
2.11220000	0.31410000
1.84630000	0.30970000
1.83060000	0.30540000
3.20750000	0.32760000
5.27280000	0.38150000
9.65370000	3.51030000
14.03460000	9.39270000
9.62240000	6.78340000
7.93260000	4.75640000
7.43190000	5.75590000
6.79050000	4.77340000
6.13330000	3.65830000
5.36660000	3.03320000
5.53880000	2.49480000
7.38500000	4.34130000
11.34350000	12.21380000
12.14150000	14.89580000
9.70060000	13.87050000
9.63810000	17.43690000
11.01490000	17.47190000
8.54280000	10.53300000
6.64960000	6.13750000
6.80610000	13.09730000
7.36940000	14.15480000
6.96260000	11.24630000
7.68230000	12.71800000
8.24550000	12.85840000
6.93130000	8.36040000
6.16460000	4.65800000
4.94420000	5.21640000
3.84900000	3.82830000
3.20750000	2.98800000
2.67550000	2.48600000
2.23740000	2.13100000
1.90880000	1.86360000
1.65850000	1.65880000
1.49110000	1.50090000
1.33620000	1.37850000
1.20950000	1.28280000
1.14840000	1.22480000
1.00610000	1.14960000
0.95910000	1.09930000
1.04990000	1.10220000
1.64290000	1.10160000
1.67410000	1.00790000
1.65850000	0.97600000
1.62720000	0.95430000
1.54740000	0.93560000
1.43480000	0.93540000
1.29710000	0.90530000
1.40820000	0.93370000
1.24390000	0.88150000
1.08740000	0.86360000
0.98730000	0.85400000
0.95750000	0.85220000
0.90120000	0.82830000
0.80580000	0.81560000
0.74790000	0.80440000
0.81520000	0.81690000
0.76200000	0.79160000
0.68690000	0.77630000
0.64620000	0.76890000
0.60860000	0.75440000
0.56010000	0.74300000
0.51630000	0.73310000
0.48500000	0.72350000
0.46000000	0.71410000
0.49910000	0.74370000
0.66970000	0.73380000
0.65710000	0.70740000
0.53980000	0.68010000
0.49600000	0.66900000
0.45840000	0.66010000
0.42710000	0.65150000
0.66030000	0.73160000
0.61960000	0.64530000
0.51010000	0.62750000
0.48350000	0.61840000
0.45220000	0.61020000
0.43180000	0.60230000
0.54140000	0.63220000
0.43030000	0.59130000
0.37860000	0.57960000
0.33330000	0.57160000
0.38960000	0.58710000
2.50340000	1.26640000
1.97140000	1.25950000
8.74620000	7.56630000
6.60270000	6.49320000
4.56870000	3.73950000
3.78640000	2.91910000
2.51900000	2.34460000
1.87750000	1.93580000
1.44410000	1.62810000
1.21570000	1.41540000
1.05920000	1.22110000
0.83710000	1.07840000
0.84960000	1.01950000
4.91290000	5.36920000
3.16050000	3.88010000
2.25310000	2.90980000
3.30130000	2.85250000
2.20610000	3.35050000
1.87750000	2.61100000
1.50050000	2.15260000
1.22980000	1.80120000
1.03730000	1.53920000
0.86990000	1.33930000
0.74480000	1.18630000
0.80420000	1.11900000
1.44880000	1.19640000
2.30000000	3.09560000
1.48480000	2.08410000
1.41600000	2.33390000
1.12180000	1.96920000
0.93560000	2.22720000
0.80270000	1.93330000
0.99040000	1.69750000
0.96220000	1.47790000
0.78070000	1.27700000
0.65400000	1.24020000
0.59140000	1.12310000
0.72600000	1.04830000
0.59300000	0.94500000
0.51790000	0.87950000
0.56800000	0.86550000
0.99670000	0.82950000
0.91220000	0.80120000
1.04360000	0.79340000
1.37060000	1.51090000
1.07330000	1.66720000
1.87750000	3.13590000
1.68980000	3.15790000
1.38310000	2.49770000
1.11710000	2.06910000
0.87460000	1.85210000
0.72290000	1.58780000
0.66180000	1.40430000
0.57730000	1.21260000
0.60240000	1.11780000
0.61960000	1.01140000
0.47720000	0.91100000
0.41460000	0.84850000
0.37390000	0.80100000
0.34270000	0.76330000
0.31610000	0.73280000
0.32700000	0.73610000
0.41780000	0.72350000
4.33400000	8.08760000
5.38230000	8.46920000
3.61430000	3.99680000
3.03540000	3.29270000
33.32640000	18.06550000
16.42850000	16.69360000
8.51150000	6.38660000
7.08770000	5.12530000
6.00810000	6.35230000
4.67820000	3.96330000
3.52040000	3.36860000
3.37960000	2.79890000
6.52450000	2.38850000
3.89590000	1.99660000
3.11360000	1.74230000
5.24150000	3.05360000
3.73940000	3.25310000
2.98840000	2.19660000
2.50340000	1.84730000
1.98710000	1.60770000
1.64290000	1.42640000
1.37530000	1.28700000
1.17500000	1.17900000
1.02950000	1.09480000
0.90900000	1.02850000
0.79170000	0.97590000
0.70410000	0.93360000
0.62900000	0.91470000
0.56480000	0.87230000
0.51950000	0.84660000
0.48030000	0.82580000
0.44750000	0.80770000
0.43030000	0.79170000
0.41150000	0.77730000
0.39270000	0.76410000
0.46470000	0.80220000
0.40840000	0.74630000
0.34730000	0.72990000
0.31290000	0.71880000
0.29260000	0.70860000
0.38180000	0.75400000
0.43810000	0.69600000
0.34730000	0.68070000
0.33800000	0.68810000
0.58360000	1.57030000
0.51950000	1.84510000
0.43180000	2.47370000
0.39270000	2.25930000
0.38960000	2.37980000
0.69780000	4.19470000
0.51320000	2.68440000
0.42710000	2.67510000
0.39270000	2.26240000
0.36770000	1.89700000
0.34110000	1.61390000
0.31920000	1.39710000
0.30670000	1.23110000
0.30510000	1.11780000
0.28950000	1.00660000
0.26910000	0.92840000
0.25500000	0.86820000
0.25030000	0.82060000
0.24560000	0.78250000
0.23470000	0.75170000
0.22530000	0.72630000
0.22220000	0.70510000
0.22220000	0.68700000
0.23160000	0.68840000
0.23160000	0.65960000
0.22220000	0.64540000
0.21750000	0.63400000
0.20970000	0.62350000
0.20340000	0.61670000
0.19710000	0.60490000
0.19560000	0.59690000
0.18780000	0.58740000
0.18460000	0.57910000
0.18150000	0.57120000
0.17680000	0.56340000
0.27380000	0.62260000
1.21260000	2.27990000
0.73220000	2.03170000
0.58670000	2.00080000
0.55390000	1.69540000
0.54290000	1.44680000
0.60390000	1.30460000
0.58360000	1.54420000
0.55700000	1.75710000
1.26730000	3.73520000
1.25950000	3.17240000
1.22200000	2.61640000
1.19850000	2.15380000
1.12500000	1.79080000
1.03580000	1.51360000
0.93720000	1.30190000
0.84490000	1.14000000
0.78540000	1.01580000
0.74010000	0.92020000
0.67590000	0.84570000
0.68060000	0.78760000
1.12340000	0.80500000
0.88090000	1.17590000
0.85430000	1.55050000
0.85270000	1.38480000
0.85120000	1.20360000
0.78860000	1.05940000
1.98710000	0.94800000
3.14490000	1.77110000
2.70680000	1.95740000
2.40950000	1.89510000
2.12790000	1.66380000
1.86190000	2.73410000
1.62720000	2.64710000
3.45780000	4.99980000
4.16190000	4.45320000
4.24010000	3.87320000
4.27140000	2.97550000
3.62990000	2.77020000
3.27010000	2.31990000
3.14490000	1.94110000
2.51900000	1.64900000
2.08090000	1.42570000
1.81500000	1.25470000
1.62720000	1.12330000
1.45980000	1.02180000
1.36900000	0.94300000
1.35030000	0.88120000
1.27050000	0.83230000
1.13900000	0.79330000
1.03110000	0.76170000
0.95750000	0.73570000
0.91530000	0.71400000
0.93720000	0.69560000
1.04990000	0.70180000
0.96220000	0.67140000
0.85120000	0.93380000
0.83080000	0.96270000
0.80890000	0.89390000
0.68840000	0.82580000
0.62580000	0.77100000
0.70410000	0.72760000
0.75100000	0.69290000
0.64150000	0.66480000
0.61020000	0.64180000
0.54760000	0.62260000
0.50070000	0.60630000
0.54760000	0.59230000
0.65710000	0.57990000
0.57890000	0.56880000
0.53200000	0.55880000
0.50070000	0.54950000
0.57890000	0.54080000
0.65710000	1.18590000
0.78230000	5.55970000
0.93880000	5.24530000
2.40950000	5.30710000
2.25310000	4.41140000
2.23740000	3.27970000
2.11220000	2.63900000
8.44890000	9.12060000
13.28360000	16.81210000
8.32380000	11.19480000
5.28840000	5.35310000
3.75510000	3.95700000
2.97280000	3.17740000
2.42520000	2.60960000
2.01840000	2.18030000
1.72110000	1.85320000
1.31430000	1.60360000
1.25170000	1.41250000
1.25170000	1.26560000
1.20010000	1.15210000
1.06550000	1.06390000
0.81360000	0.99470000
0.84490000	0.94000000
0.78230000	0.89630000
0.73540000	0.86080000
0.70410000	0.83160000
0.68840000	0.80730000
0.67280000	0.78650000
0.65710000	0.76860000
0.71970000	0.75270000
0.76670000	0.73860000
0.75100000	0.72560000
0.98570000	0.71370000
1.18910000	0.70250000
1.34560000	0.69200000
1.22040000	0.68190000
1.14220000	0.67220000
1.09520000	0.66290000
1.15780000	0.65380000
1.22040000	0.66130000
1.12650000	0.64100000
1.00140000	0.62860000
0.90750000	0.61970000
0.87620000	0.61140000
0.81360000	0.60340000
0.75100000	0.59550000
0.78230000	0.58770000
0.90750000	0.58000000
0.84490000	0.57250000
0.71970000	0.56500000
0.67280000	0.55760000
0.71970000	0.55040000
0.71970000	0.55950000
0.90750000	0.62750000
1.47070000	6.50610000
2.34690000	4.05410000
2.19050000	3.20020000
2.33130000	2.58680000
2.44080000	2.14080000
2.44080000	3.34350000
2.33130000	3.22990000
2.34690000	2.60550000
2.33130000	2.14600000
2.19050000	1.78990000
1.94010000	1.51810000
1.73670000	1.31080000
1.59590000	1.15210000
1.58030000	1.04710000
1.58030000	0.94540000
1.42220000	0.86490000
1.27050000	0.80590000
1.12970000	0.76040000
1.03260000	0.72430000
0.95750000	0.69510000
0.89810000	0.67110000
0.84180000	0.65100000
0.81520000	0.64130000
0.78700000	0.62400000
0.73220000	0.60700000
0.68690000	0.59850000
0.64780000	0.58480000
1.10460000	0.64110000
1.38630000	0.57410000
1.20320000	0.55840000
1.27990000	0.57960000
1.37530000	0.57050000
2.59730000	0.59650000
4.31840000	1.00280000
3.94280000	1.40490000
3.41090000	1.31230000
3.33260000	1.62460000
2.86330000	1.84340000
2.50340000	1.86100000
2.17480000	1.66270000
1.90880000	1.41120000
1.72110000	1.20790000
1.67410000	1.07670000
1.48330000	0.93440000
1.34400000	0.83920000
1.34870000	0.78840000
1.17190000	0.71570000
1.06240000	0.66830000
0.98570000	0.63310000
0.91370000	0.60510000
0.85900000	0.58240000
0.84020000	0.57550000
0.77920000	0.54920000
0.71660000	0.53440000
0.68840000	0.52260000
0.65240000	0.51200000
0.62740000	0.50260000
0.58830000	0.49400000
0.56010000	0.49490000
0.53670000	0.47960000
0.49910000	0.47150000
0.46310000	0.46460000
0.44280000	0.45800000
0.43970000	0.46730000
0.62430000	0.50630000
0.94820000	0.48160000
0.79170000	0.43860000
0.75730000	0.42840000
0.85580000	0.45170000
0.82300000	0.42020000
0.79010000	0.41150000
0.86840000	0.41580000
1.21260000	0.44510000
1.22350000	0.41580000
1.14370000	0.39250000
1.07020000	0.38530000
0.96220000	0.38010000
0.89810000	0.37620000
1.38310000	0.44500000
1.14690000	0.38410000
1.04360000	0.36270000
0.95910000	0.35810000
0.98880000	0.38600000
0.97160000	0.36150000
0.81200000	0.34390000
0.70880000	0.33790000
0.65090000	0.33340000
1.49890000	0.47580000
1.23760000	0.92520000
1.05300000	1.14190000
0.90750000	1.14920000
0.80270000	0.98040000
0.94190000	0.87190000
0.76510000	0.72030000
0.63210000	0.62720000
0.65090000	0.58730000
0.64150000	0.53940000
0.62740000	0.48350000
0.51480000	0.43550000
0.45690000	0.40840000
0.41460000	0.38820000
0.38020000	0.37210000
0.35360000	0.35880000
0.32860000	0.34780000
0.30350000	0.33850000
0.28630000	0.33050000
0.30820000	0.37060000
0.36140000	0.32290000
0.32540000	0.34910000
0.38020000	0.33710000
0.30670000	0.33570000
0.75880000	0.34630000
0.79330000	0.32170000
0.53040000	0.29170000
0.43650000	0.28460000
0.42090000	0.29910000
0.42710000	0.29330000
0.35200000	0.27480000
0.29730000	0.26940000
0.28010000	0.27470000
0.29730000	0.26680000
0.42400000	0.30910000
0.34420000	0.26140000
0.28480000	0.25260000
0.26290000	0.24870000
0.29570000	0.26840000
0.28480000	0.24510000
0.23470000	0.23930000
0.21440000	0.23590000
0.20030000	0.23290000
0.17990000	0.22980000
0.17840000	0.22680000
0.25970000	0.27200000
0.22220000	0.22680000
0.17210000	0.21870000
0.15800000	0.21800000
0.15180000	0.21290000
0.14710000	0.20980000
0.14710000	0.21980000
0.15800000	0.22810000
0.20650000	0.25320000
0.27070000	0.26660000
0.39740000	0.25050000
0.45220000	0.22780000
0.26910000	0.19530000
0.19400000	0.25070000
0.15020000	0.24120000
0.14080000	0.22710000
0.13610000	0.21530000
0.13300000	0.20570000
0.21900000	0.26740000
0.44120000	0.25910000
0.28630000	0.19410000
0.22370000	0.18230000
0.18930000	0.17750000
0.12670000	0.17390000
0.15800000	0.17070000
0.15800000	0.17650000
0.15800000	0.16920000
0.13930000	0.16900000
0.12200000	0.16920000
0.11110000	0.17600000
0.10950000	0.15770000
0.09700000	0.15360000
0.07980000	0.15130000
0.07350000	0.14920000
0.06730000	0.14720000
0.06100000	0.14530000
0.05630000	0.14340000
0.05320000	0.14150000
0.04850000	0.13960000
0.04690000	0.13780000
0.04690000	0.13600000
0.04690000	0.13430000
0.04540000	0.13250000
0.04540000	0.13070000
0.04540000	0.12900000
0.07040000	0.16480000
0.07670000	0.13020000
0.08140000	0.12450000
0.05950000	0.12250000
0.05160000	0.12090000
0.04690000	0.11930000
0.04690000	0.11770000
0.04380000	0.11620000
0.05630000	0.23700000
0.25190000	0.13020000
0.14710000	0.11350000
0.09070000	0.11040000
0.09700000	0.15060000
0.10950000	0.13420000
0.12050000	0.11720000
0.10010000	0.10590000
0.08290000	0.10420000
0.07670000	0.10950000
0.07350000	0.10150000
0.10010000	0.09940000
0.18780000	0.10850000
0.37550000	0.11420000
0.21440000	0.16270000
0.15650000	0.10230000
0.11110000	0.16370000
0.09390000	0.15570000
0.09070000	0.14260000
0.08760000	0.12820000
0.07040000	0.11860000
0.05480000	0.11120000
0.05320000	4.80950000
0.05160000	3.11460000
0.05160000	2.48600000
0.05630000	2.08200000
0.07820000	1.73180000
0.73850000	11.89840000
0.47560000	11.76800000
0.31920000	4.84460000
0.23780000	3.73380000
0.20500000	3.02010000
0.18150000	2.48560000
0.15650000	2.08040000
0.13770000	1.77140000
0.15330000	1.58180000
0.49290000	5.28280000
0.41460000	5.55900000
0.29100000	2.97080000
0.25030000	2.45740000
0.23310000	2.14330000
0.21900000	1.83310000
9.26260000	20.09790000
7.82310000	24.51910000
4.34960000	12.53940000
2.80070000	5.73630000
1.97140000	4.03120000
1.48170000	3.22740000
1.17970000	2.67520000
1.02950000	2.27320000
0.85580000	1.95510000
0.73540000	1.71450000
0.66810000	1.53120000
0.63050000	1.44210000
0.65400000	1.61590000
0.98410000	4.09860000
1.19220000	2.26010000
1.11240000	2.33430000
1.07650000	2.04410000
1.05610000	1.77530000
1.09050000	1.59350000
0.99820000	1.40610000
0.87930000	1.84130000
1.05920000	1.69980000
5.97680000	8.77290000
4.72520000	7.82910000
3.73940000	3.65710000
3.33260000	2.75700000
2.72240000	2.29150000
2.26870000	1.95560000
2.03400000	1.70090000
1.92450000	1.50560000
1.87750000	1.35520000
1.94010000	1.23890000
1.89320000	1.14830000
1.75240000	1.07710000
1.61160000	1.02060000
1.43160000	0.97520000
1.38630000	0.93830000
1.31740000	0.90780000
2.14350000	0.89830000
2.95710000	0.86660000
2.65990000	0.84290000
2.47210000	0.84020000
2.70680000	0.83640000
2.26870000	0.81180000
2.11220000	1.51030000
1.87750000	1.43510000
1.72110000	1.66880000
1.53330000	1.62210000
1.35500000	1.43120000
1.23920000	1.26670000
0.93880000	1.13830000
0.78230000	1.03890000
0.78230000	0.96150000
0.76670000	0.90070000
0.73540000	0.85260000
0.78230000	0.81400000
0.75100000	0.78260000
0.70410000	0.75680000
0.57890000	0.73510000
0.56330000	0.71660000
0.46940000	0.70060000
0.56330000	0.68640000
0.57890000	0.67360000
0.51630000	0.66200000
0.46940000	0.65120000
0.45370000	0.64110000
0.39120000	0.63150000
0.37550000	0.62230000
0.39120000	0.61350000
0.37550000	0.60500000
0.29730000	0.59680000
0.35990000	0.58870000
0.37550000	0.58080000
0.37550000	0.57310000
0.35990000	0.56550000
0.32860000	0.55810000
0.32860000	0.55080000
0.29730000	0.54350000
0.29730000	0.53640000
0.32860000	0.52940000
0.35990000	0.52250000
0.31290000	0.51570000
0.28160000	0.50900000
0.25030000	0.50240000
0.29730000	0.49590000
0.35990000	0.48940000
0.35990000	0.48310000
0.32860000	0.47680000
0.34420000	0.47060000
0.46940000	0.46450000
25.03390000	4.07420000
24.09510000	4.02250000
10.06050000	2.80230000
6.07070000	2.40300000
4.36530000	2.01780000
4.14620000	1.67130000
4.11500000	1.40090000
3.12920000	1.19450000
7.57280000	1.97140000
7.85440000	2.21710000
5.75780000	2.24130000
4.27140000	2.10690000
3.36390000	1.80140000
2.48770000	1.51710000
2.15920000	1.29480000
1.62720000	1.12450000
1.09520000	0.99390000
0.90750000	0.89350000
0.93880000	0.81580000
0.97010000	0.75530000
1.00140000	0.70790000
1.06390000	0.68480000
0.94970000	0.65370000
0.84800000	0.75340000
0.73540000	1.33960000
0.64150000	1.48720000
0.70410000	1.40330000
0.62580000	1.21620000
0.54760000	1.05880000
0.51630000	0.93670000
0.54760000	0.84270000
0.48500000	0.76990000
0.93880000	0.71320000
3.59860000	5.09260000
4.69390000	11.12820000
5.57000000	12.31470000
9.01220000	15.55460000
8.26120000	16.07100000
6.35240000	13.01020000
4.86600000	9.31860000
5.22580000	8.29700000
4.77210000	6.77640000
3.95850000	4.25010000
3.33260000	3.34050000
2.72240000	2.74490000
2.03400000	2.29810000
1.83060000	1.95850000
2.11220000	1.69910000
1.58030000	1.50040000
1.22040000	1.34750000
1.09520000	1.22930000
1.03260000	1.13730000
1.00140000	1.06510000
0.90750000	1.00800000
1.03260000	0.96210000
1.72110000	0.96620000
2.50340000	3.49660000
2.73810000	3.41420000
2.40950000	2.28120000
2.22180000	1.96680000
2.20610000	1.69520000
8.07340000	4.67080000
7.08770000	4.44880000
5.06940000	2.79180000
3.81770000	2.27910000
3.00410000	1.92530000
2.56600000	3.28350000
2.69110000	8.87200000
2.30000000	6.34310000
2.12790000	3.56060000
2.12790000	2.82530000
2.09660000	4.66720000
1.89320000	8.64340000
1.89320000	10.55780000
2.08090000	8.35520000
2.01840000	4.52390000
1.92450000	3.47740000
1.84630000	2.92140000
1.73670000	2.61600000
1.65850000	2.41940000
1.55990000	2.08650000
1.44730000	1.84060000
1.38630000	1.62170000
1.29240000	1.48370000
1.20320000	1.32250000
2.78500000	3.03520000
3.59860000	4.71550000
3.62990000	2.45820000
4.22450000	2.35740000
3.75510000	2.02650000
3.17620000	2.04770000
2.72240000	1.80350000
2.44080000	1.59810000
2.23740000	1.45070000
1.89320000	1.28480000
1.75240000	1.17780000
2.25310000	1.15130000
2.17480000	1.06300000
2.17480000	0.98640000
2.12790000	0.96590000
1.76800000	0.91160000
2.51900000	0.90220000
8.82450000	4.61080000
12.86120000	12.36510000
8.16730000	9.96230000
5.46050000	4.42870000
4.60000000	3.38430000
3.62990000	2.75620000
3.17620000	2.39570000
2.73810000	2.02300000
2.39390000	1.74730000
2.11220000	1.53000000
3.03540000	1.88990000
5.16320000	4.05440000
9.01220000	9.21590000
7.44760000	7.49120000
5.42920000	3.68970000
4.08370000	2.82030000
3.28570000	2.33770000
2.75370000	1.98520000
2.25310000	1.71760000
1.84630000	1.51260000
1.52240000	1.35510000
1.45670000	1.23330000
1.68980000	1.21430000
1.26580000	1.08590000
1.10310000	1.01900000
0.97160000	0.96050000
0.87310000	0.92110000
0.85740000	0.90870000
0.86680000	0.88210000
0.86050000	0.85500000
0.74630000	0.82570000
0.65400000	0.80560000
0.59610000	0.79000000
0.54610000	0.77610000
0.50690000	0.76330000
0.48350000	0.75140000
0.46630000	0.74580000
0.43970000	0.73000000
0.41150000	0.71900000
0.40680000	0.73280000
0.42870000	0.72520000
0.42710000	0.70380000
0.37710000	0.70360000
0.41310000	0.69000000
0.39120000	0.68410000
0.35200000	0.67470000
0.33480000	0.64770000
0.31290000	0.63700000
0.28160000	0.62840000
0.31760000	0.63770000
0.64150000	0.71300000
0.67590000	0.62640000
0.79640000	0.63850000
0.60390000	0.59480000
0.54760000	0.58700000
0.48820000	0.57400000
0.50690000	0.59590000
0.43500000	0.56210000
0.38180000	0.55160000
0.34890000	0.54410000
0.32860000	0.53700000
0.47560000	0.61310000
0.46310000	0.53310000
0.34890000	0.51730000
0.44120000	0.55370000
0.49130000	0.52650000
0.38490000	0.49920000
0.32540000	0.49020000
0.29410000	0.48360000
0.40210000	0.59560000
0.52410000	0.48540000
0.35670000	0.90270000
0.30510000	0.84680000
0.27540000	0.75740000
0.26290000	0.68680000
0.25660000	0.62680000
0.47560000	0.61510000
0.63680000	0.64030000
0.38490000	0.56060000
0.30980000	0.59970000
0.30820000	0.95530000
0.36930000	1.41980000
0.30350000	1.58760000
0.26600000	1.54930000
0.24880000	1.31670000
0.23000000	1.11560000
0.21440000	0.95980000
0.25970000	0.87450000
0.26290000	0.76170000
0.22060000	0.67960000
0.20180000	0.62340000
0.21120000	0.62470000
0.26130000	0.56560000
0.23160000	0.52300000
0.19870000	0.49840000
0.18150000	0.48030000
0.16900000	0.46560000
0.15960000	0.45310000
0.15180000	0.44230000
0.13930000	0.43290000
0.13770000	0.42450000
0.16740000	0.52300000
0.20810000	0.42270000
0.16580000	0.40470000
0.13610000	0.39740000
0.12520000	0.39140000
0.12050000	0.38580000
0.11730000	0.38040000
0.18780000	0.42690000
0.18460000	0.37630000
0.13770000	0.36570000
0.11730000	0.36030000
0.10330000	0.35540000
0.10950000	0.37380000
0.11110000	0.34890000
0.11270000	0.34190000
0.12990000	0.40700000
0.17680000	0.34110000
0.13300000	0.32920000
0.10800000	0.32420000
0.09860000	0.32000000
0.11270000	0.31570000
0.11110000	0.31160000
0.09860000	0.30750000
0.08760000	0.30350000
0.08290000	0.29960000
0.08290000	0.29570000
0.08290000	0.29180000
0.09070000	0.32660000
0.14240000	0.29490000
0.14710000	0.37330000
0.33330000	0.31910000
0.24560000	0.28280000
0.22840000	0.29050000
0.21120000	0.27990000
0.17680000	0.26440000
1.00920000	3.16870000
1.64290000	6.71120000
0.97790000	4.15170000
0.72750000	3.44010000
1.04360000	3.91670000
4.19320000	11.11520000
2.65990000	8.04450000
1.72110000	4.61500000
1.21410000	3.52070000
0.92310000	2.81400000
0.86990000	2.32720000
0.69160000	1.89880000
0.57110000	1.60590000
0.48030000	1.36580000
0.40990000	1.18810000
0.55860000	1.08120000
3.39520000	6.01470000
2.42520000	5.54010000
1.86190000	3.18890000
1.43480000	2.49370000
1.16250000	2.06050000
0.92000000	1.72470000
0.75730000	1.47480000
0.64310000	1.28450000
0.56170000	1.13860000
0.50850000	1.02630000
0.47880000	0.93940000
0.44590000	0.88210000
0.40210000	0.82380000
0.36140000	0.77660000
0.32540000	0.74200000
0.29410000	0.71420000
0.27380000	0.69130000
0.26290000	0.67200000
0.25500000	0.65550000
0.24250000	0.64110000
4.63130000	4.32110000
11.71900000	15.70040000
10.01360000	14.71340000
7.43190000	8.99660000
5.33540000	4.88030000
3.98980000	4.04920000
3.01970000	3.28200000
2.31560000	2.84820000
1.83060000	2.37750000
1.62720000	2.00190000
1.49730000	1.73120000
1.30960000	1.51200000
1.38630000	1.92020000
1.13900000	1.61720000
1.06240000	1.72480000
1.00760000	1.53670000
0.92000000	1.35890000
0.84800000	1.22410000
0.79330000	1.11030000
0.76670000	1.03340000
17.52370000	6.62940000
27.38090000	23.31090000
12.90810000	18.44640000
7.71360000	6.88080000
5.39790000	4.49140000
4.00540000	3.52860000
3.14490000	2.89020000
2.53470000	2.41390000
2.11220000	2.05140000
1.84630000	1.77460000
1.70540000	1.58340000
1.62720000	1.41260000
1.45820000	1.54620000
1.29080000	1.64730000
1.16410000	1.49130000
1.04830000	1.34300000
0.97480000	1.22550000
0.96380000	1.14670000
2.14350000	4.15030000
2.14350000	3.96810000
1.98710000	2.48630000
2.04970000	2.05610000
1.95580000	1.76140000
2.86330000	3.09440000
10.04490000	10.11680000
7.21290000	8.04210000
5.33540000	3.85140000
3.89590000	2.92920000
3.27010000	3.07800000
2.70680000	2.36480000
2.30000000	2.47790000
1.97140000	2.15180000
1.67410000	1.85150000
1.49420000	1.61700000
1.76800000	2.12700000
4.50610000	5.65550000
7.24420000	7.31460000
5.96120000	5.30730000
4.63130000	3.16630000
3.69250000	2.53330000
3.01970000	2.13220000
2.50340000	1.83280000
2.09660000	1.60420000
1.67410000	1.42860000
1.64290000	1.29320000
1.44260000	1.18830000
1.73670000	2.73520000
2.17480000	3.07520000
1.70540000	2.07710000
1.68980000	1.76030000
1.72110000	2.00360000
1.81500000	1.66340000
1.95580000	2.58130000
1.70540000	3.40670000
1.52710000	2.37260000
1.58030000	2.23220000
1.59590000	2.36750000
1.53650000	1.91600000
1.44880000	2.04450000
1.51610000	1.82150000
1.27520000	1.57440000
1.12030000	1.94370000
1.09520000	1.74250000
1.09520000	1.52930000
0.93880000	1.35960000
0.75100000	1.22820000
0.71970000	1.12630000
0.65710000	1.04690000
0.59460000	0.98430000
0.62580000	0.93460000
0.62580000	0.89450000
0.50070000	0.86180000
0.53200000	0.83470000
0.59460000	0.81190000
0.62580000	0.79220000
0.68840000	0.77510000
0.65710000	0.77930000
0.68840000	0.75140000
0.71970000	0.87090000
0.71970000	0.88750000
0.65710000	0.84490000
0.65710000	0.80440000
0.62580000	0.77110000
0.59460000	0.74370000
0.59460000	0.72090000
0.59460000	0.70170000
0.61020000	0.68510000
0.62580000	0.67060000
0.65710000	0.65760000
0.78230000	1.54370000
1.09520000	1.77920000
0.93880000	1.74390000
0.78230000	1.58760000
0.65710000	1.36990000
0.61020000	1.19220000
0.59460000	1.05480000
0.56330000	0.94900000
0.53200000	0.86710000
0.50070000	0.80330000
0.62580000	0.75320000
0.56330000	0.71350000
0.59460000	0.68160000
0.68840000	0.65570000
1.00140000	0.67540000
1.87750000	1.58910000
3.44220000	4.16710000
6.88430000	8.40790000
6.63400000	5.57900000
4.89730000	3.71110000
3.55170000	3.01730000
2.86330000	2.46390000
4.13060000	5.17880000
5.27280000	4.65570000
4.89730000	3.15460000
5.24150000	2.58210000
5.39790000	3.28270000
4.66260000	2.46740000
3.91160000	2.35000000
7.85440000	7.24180000
6.57140000	6.64880000
5.17890000	3.47290000
3.97410000	2.71030000
3.34830000	2.25250000
2.95710000	1.92540000
2.40950000	1.63630000
2.03400000	1.80170000
2.00270000	1.60480000
2.28430000	1.41400000
1.92450000	1.26330000
1.65850000	1.14650000
1.62720000	1.05590000
1.58030000	0.98500000
1.65850000	0.92900000
1.53650000	0.89190000
2.12790000	3.25590000
2.04970000	2.97800000
1.92450000	2.18380000
1.89320000	1.84000000
3.59860000	4.37130000
3.53600000	4.00720000
3.64560000	2.71090000
3.81770000	2.22000000
4.17750000	1.90000000
4.14620000	1.63310000
3.53600000	1.40750000
2.95710000	1.30370000
2.53470000	1.16550000
2.22180000	1.06360000
1.94010000	0.98500000
1.75240000	0.92340000
1.59590000	0.87450000
1.38940000	0.83540000
1.22350000	0.80370000
1.09520000	0.77720000
0.99820000	0.75510000
0.92310000	0.73620000
1.38310000	0.77860000
1.15940000	0.71500000
1.04050000	0.69330000
1.00610000	0.68040000
1.01860000	0.67990000
1.09520000	0.67580000
1.02480000	0.65110000
0.97950000	0.64770000
0.89810000	0.63160000
0.84960000	0.62200000
0.81200000	0.61970000
0.78230000	0.60850000
0.72600000	0.59740000
0.68370000	0.59140000
0.62120000	0.58160000
0.78700000	0.61520000
0.81670000	0.57670000
0.70560000	0.55990000
0.67900000	0.55150000
0.65710000	0.55250000
0.74950000	0.56720000
1.05770000	0.57580000
0.90280000	0.52860000
1.01070000	0.52980000
1.17500000	0.53820000
1.08270000	0.50640000
1.12030000	0.50920000
1.11710000	0.50860000
1.04360000	0.49020000
0.94660000	0.47810000
0.88710000	0.47580000
0.81200000	0.46560000
0.75570000	0.46360000
0.70720000	0.45700000
0.65400000	0.45070000
0.61330000	0.44170000
0.86210000	0.49040000
1.39090000	0.48760000
1.16880000	0.43110000
1.15630000	0.42490000
1.10150000	0.41410000
1.02950000	0.40800000
1.04990000	0.41400000
1.16720000	0.44300000
0.93720000	0.39770000
0.83080000	0.38770000
0.76040000	0.38220000
0.73220000	0.37930000
0.70880000	0.37250000
1.01230000	0.44030000
1.12650000	0.38610000
2.26870000	0.44390000
2.20610000	0.85390000
2.11220000	1.27660000
1.81500000	1.12370000
1.51770000	0.95010000
1.28920000	0.81640000
1.07180000	0.70640000
0.89340000	0.62460000
0.76350000	0.56200000
0.67120000	0.51360000
0.61490000	0.48180000
0.59460000	0.45430000
0.50540000	0.42370000
0.43810000	0.40400000
0.42870000	0.42010000
0.47880000	0.38610000
0.69000000	0.45280000
0.49440000	0.36670000
0.43180000	0.36060000
0.39580000	0.34270000
0.35360000	0.33520000
0.32700000	0.35320000
0.35830000	0.35220000
0.40050000	0.39510000
0.46000000	0.32930000
0.35360000	0.31120000
0.30510000	0.30530000
0.28010000	0.30090000
0.26290000	0.29770000
0.28160000	0.31240000
0.28320000	0.29120000
0.25030000	0.28530000
0.22370000	0.28130000
0.20970000	0.27760000
0.19400000	0.27390000
0.18930000	0.28060000
0.21440000	0.32240000
0.51160000	0.34000000
0.32390000	0.26900000
0.25660000	0.25750000
0.23000000	0.25320000
0.20970000	0.24980000
0.19710000	0.24660000
0.18620000	0.25480000
0.17680000	0.24160000
0.17680000	0.23720000
0.21280000	0.27380000
0.20180000	0.23580000
0.15800000	0.22850000
0.17210000	0.26860000
0.19870000	0.22730000
0.19870000	0.25160000
0.21900000	0.23080000
0.18460000	0.21520000
0.16270000	0.21090000
0.15650000	0.20800000
0.15960000	0.23970000
0.15490000	0.20680000
0.12830000	0.20040000
0.11730000	0.19740000
0.11110000	0.19480000
0.10640000	0.19230000
0.12360000	0.22040000
0.19560000	0.23480000
0.17210000	0.20170000
0.13300000	0.18440000
0.11730000	0.18030000
0.10480000	0.17780000
0.09700000	0.17550000
0.09390000	0.17320000
0.10010000	0.19560000
0.18460000	0.24420000
0.25970000	0.20970000
0.17990000	0.16940000
0.15800000	0.22310000
0.36460000	0.72510000
0.51010000	2.63330000
0.36610000	2.50800000
0.25500000	2.36590000
0.28630000	1.95990000
0.33010000	1.56310000
0.31140000	1.44550000
0.27540000	1.55560000
0.23310000	1.60390000
0.21120000	1.33650000
0.19710000	1.10470000
0.22840000	0.96160000
0.28950000	0.81080000
0.22530000	0.68890000
0.19870000	0.60720000
0.19400000	0.56110000
0.17990000	0.50020000
0.17520000	0.50000000
0.20340000	0.43720000
0.18310000	0.41010000
0.16900000	0.39120000
0.16270000	0.37830000
0.15490000	0.37400000
0.15180000	0.35470000
0.13930000	0.37080000
0.23780000	0.41850000
0.53980000	1.72600000
0.36770000	1.75510000
0.29880000	1.85710000
0.27220000	1.55870000
0.24880000	1.28310000
0.22840000	1.06880000
0.22530000	0.94140000
0.22370000	0.78480000
0.19710000	0.69580000
0.18620000	0.62560000
0.17680000	0.55670000
0.16270000	0.51130000
0.15490000	0.48330000
0.15020000	0.45040000
0.14550000	0.43700000
0.13930000	0.41160000
0.13460000	0.39620000
0.40680000	1.51460000
0.58520000	1.96740000
0.40680000	2.10980000
0.34890000	1.91690000
0.31920000	1.90350000
0.31290000	1.59080000
0.29260000	1.33940000
0.28950000	1.11330000
0.25970000	0.95160000
0.23940000	0.82930000
0.22370000	0.73570000
0.21440000	0.66370000
0.20180000	0.60790000
0.19240000	0.56430000
0.18620000	0.53010000
0.18150000	0.50290000
0.17680000	0.48120000
0.17050000	0.46320000
0.16430000	0.44840000
0.15960000	0.43600000
0.15490000	0.42530000
0.15490000	0.41600000
0.15020000	0.40930000
0.14550000	0.40330000
0.14550000	0.39570000
0.17210000	0.38780000
0.15330000	0.43040000
0.21750000	0.39870000
0.22060000	0.41080000
0.23630000	0.37900000
0.20810000	0.39280000
0.18460000	0.51810000
0.16740000	0.49230000
0.19560000	0.45710000
1.67410000	3.67720000
2.08090000	6.52020000
1.56310000	5.41530000
1.40660000	4.02830000
1.10780000	3.26330000
0.98410000	2.80620000
2.69110000	3.76990000
4.20880000	8.41120000
3.89590000	7.28820000
3.03540000	4.15570000
2.39390000	3.49710000
1.90880000	2.84760000
1.75240000	2.33350000
1.47390000	1.94080000
1.27990000	1.64160000
1.11710000	1.41350000
0.95600000	1.23890000
0.85740000	1.10490000
0.83390000	1.00160000
0.83710000	0.92130000
1.11560000	2.97400000
1.43160000	3.91620000
1.47860000	2.46360000
1.27990000	2.26200000
1.19070000	1.91480000
1.59590000	2.94640000
1.62720000	2.99580000
1.79930000	2.34200000
1.97140000	1.97700000
2.65990000	2.12870000
2.58160000	1.84920000
2.36260000	1.88660000
2.23740000	1.65830000
2.06530000	1.43850000
1.76800000	1.51550000
1.51920000	1.59280000
1.32990000	1.41430000
1.17970000	1.24890000
1.10620000	1.11880000
1.08120000	1.01800000
0.98100000	0.93970000
0.90120000	0.87830000
0.83710000	0.82980000
0.76200000	0.79100000
0.73220000	0.75960000
0.70880000	0.73370000
0.64930000	0.71210000
0.63210000	0.69380000
0.63050000	0.69630000
0.63210000	0.66830000
0.56640000	0.83930000
0.60860000	0.84800000
0.58990000	0.79660000
0.75570000	0.77070000
1.18600000	1.83310000
1.20790000	1.49910000
1.14840000	1.56760000
1.03420000	1.41220000
1.07490000	1.22680000
0.97010000	1.07750000
0.71970000	0.96200000
0.78230000	0.87280000
1.09680000	0.84010000
2.12790000	6.26050000
3.34830000	6.80770000
4.70950000	4.65310000
5.61700000	4.33340000
18.14960000	12.40260000
17.83670000	15.68630000
10.82720000	9.81060000
7.02510000	5.04060000
4.92860000	3.81280000
3.70810000	3.08450000
2.86330000	2.54600000
2.30000000	2.13780000
2.22180000	1.82660000
1.94010000	1.58880000
1.68980000	1.40660000
1.46760000	1.26630000
1.31430000	1.15780000
1.13280000	1.07320000
1.03730000	1.00680000
1.01540000	0.95410000
1.05300000	0.91170000
0.94970000	0.87730000
0.82610000	0.84880000
0.76670000	0.82490000
0.74950000	0.80450000
0.72600000	0.78670000
0.83550000	0.77100000
0.84020000	0.75680000
0.73850000	0.74380000
0.74480000	0.73170000
0.74320000	0.72040000
0.72130000	0.70970000
0.72130000	0.69950000
0.68690000	0.68960000
0.64150000	0.68010000
0.62430000	0.67080000
0.60860000	0.66170000
0.61020000	0.65900000
0.64460000	0.66830000
1.64290000	0.68820000
1.78370000	1.19930000
1.49420000	1.39070000
1.26110000	1.38340000
1.23760000	1.21920000
1.30800000	1.07490000
3.92720000	5.73440000
5.80470000	9.63850000
5.61700000	9.38790000
5.03810000	7.33090000
4.17750000	5.38640000
3.58300000	3.67340000
3.28570000	5.67370000
2.84760000	6.51330000
2.73810000	4.79740000
2.64420000	3.24720000
3.64560000	2.74260000
7.02510000	5.13120000
6.41490000	4.80940000
5.24150000	3.03250000
4.11500000	2.47960000
3.30130000	2.41990000
2.70680000	2.07780000
2.30000000	1.79820000
2.12790000	1.57060000
3.33260000	2.03890000
3.84900000	4.21200000
3.52040000	2.38620000
3.09790000	2.33900000
2.67550000	2.02100000
2.40950000	1.74130000
2.06530000	1.52400000
1.73670000	1.35670000
1.51460000	1.22760000
1.48010000	1.12760000
1.53490000	1.09910000
1.65850000	3.91390000
1.92450000	6.48780000
2.20610000	4.56840000
2.01840000	2.90220000
1.95580000	2.35700000
1.84630000	1.98520000
2.08090000	1.73480000
2.47210000	1.49530000
2.53470000	1.32820000
2.55030000	1.20420000
2.34690000	1.10390000
2.19050000	1.02710000
1.87750000	0.96670000
2.34690000	0.97450000
1.94010000	0.89260000
1.81500000	0.84980000
1.70540000	0.82220000
1.54270000	0.79990000
1.39560000	0.78080000
1.23450000	0.76410000
2.28430000	0.78290000
8.71490000	5.93440000
6.64960000	5.55740000
4.97550000	3.02430000
3.78640000	2.37170000
3.03540000	1.97030000
2.65990000	1.69700000
2.22180000	1.45140000
1.95580000	1.28960000
1.62720000	1.14640000
2.20610000	1.08250000
6.68090000	7.26460000
6.07070000	6.73910000
4.91290000	3.45260000
3.84900000	2.76090000
3.08230000	2.28070000
2.50340000	1.91760000
2.37820000	1.64460000
3.01970000	1.50990000
2.33130000	1.27740000
2.15920000	1.44410000
2.04970000	1.31510000
1.90880000	1.18270000
1.87750000	1.08000000
2.14350000	1.03300000
1.92450000	0.95440000
2.09660000	0.90110000
2.84760000	1.22280000
2.58160000	1.24090000
2.83200000	1.30470000
5.31970000	3.62440000
5.94560000	4.90760000
7.82310000	8.90360000
11.57820000	12.09750000
9.38770000	7.73130000
6.57140000	4.40550000
4.53740000	3.41420000
3.19180000	2.78380000
2.70680000	2.34200000
2.06530000	1.96220000
1.67410000	1.68760000
1.37840000	1.47950000
1.14060000	1.31990000
0.95750000	1.19680000
0.83710000	1.10130000
0.73220000	1.02660000
0.64310000	0.96940000
0.59300000	0.92100000
0.52570000	0.88270000
0.46940000	0.85160000
0.43030000	0.82570000
0.42710000	0.83630000
0.40210000	0.78880000
0.55390000	0.83470000
0.46310000	0.76150000
0.55390000	0.81250000
0.42090000	0.73640000
0.34420000	0.71700000
0.31140000	0.70970000
0.29880000	0.69550000
0.28160000	0.69470000
0.27220000	0.67660000
0.24560000	0.66630000
0.25190000	0.67910000
0.61180000	0.72010000
1.13590000	0.71680000
0.74630000	0.96740000
0.61800000	1.20410000
0.56950000	1.26070000
0.55070000	1.14690000
0.48660000	1.01590000
0.42400000	0.93130000
0.38650000	0.87760000
0.37240000	0.80800000
0.33800000	0.75290000
0.34730000	0.74300000
0.58830000	0.77320000
0.45840000	1.01050000
0.36930000	1.28810000
0.46160000	1.26320000
0.35520000	1.55950000
0.31450000	1.90370000
1.30960000	1.79390000
2.69110000	8.78510000
1.50360000	6.80230000
1.13120000	3.81830000
0.88400000	2.94790000
0.77610000	2.41130000
0.62900000	1.98970000
0.53040000	1.67850000
0.51010000	1.47030000
0.62740000	1.33840000
0.47100000	1.13230000
0.38330000	1.01720000
0.33480000	0.93360000
0.30350000	0.86880000
0.28010000	0.81780000
0.25970000	0.77720000
0.24560000	0.74460000
0.23630000	0.71770000
0.26440000	0.72340000
0.24410000	0.68010000
0.25190000	0.69840000
0.32860000	0.67020000
0.50850000	0.71880000
0.33640000	0.63910000
0.30040000	0.64880000
0.26290000	0.60660000
0.23470000	0.59340000
0.20810000	0.58430000
0.18930000	0.57590000
0.17520000	0.56780000
0.16740000	0.56400000
0.15330000	0.55290000
0.14080000	0.54500000
0.13300000	0.53770000
0.12520000	0.53050000
0.11730000	0.52350000
0.11270000	0.51660000
0.11110000	0.50990000
0.10640000	0.50320000
0.09860000	0.49660000
0.09390000	0.49010000
0.12360000	0.53650000
0.21590000	0.52640000
0.18310000	0.47700000
0.12990000	0.46570000
0.11270000	0.45910000
0.10640000	0.46890000
0.10480000	0.44910000
0.10950000	0.44760000
0.11270000	0.44600000
0.11110000	0.44790000
0.10640000	0.42650000
0.09700000	0.41910000
0.08920000	0.41340000
0.08450000	0.41150000
0.08450000	0.40310000
0.08760000	0.41590000
0.08610000	0.41060000
0.07980000	0.38940000
0.07820000	0.38240000
0.07350000	0.38010000
0.07670000	0.39020000
0.07820000	0.40260000
0.07510000	0.36690000
0.07820000	0.35840000
0.07200000	0.37360000
0.06730000	0.35120000
0.06410000	0.34440000
0.05950000	0.33970000
0.06570000	0.35430000
0.11270000	0.39270000
0.12990000	0.35300000
0.12200000	0.32760000
0.11730000	0.31880000
0.10800000	0.31410000
0.08760000	0.31000000
0.08920000	0.30600000
0.08760000	0.30200000
0.08140000	0.29930000
0.07820000	0.29440000
0.07350000	0.29040000
0.08140000	0.28660000
0.08610000	0.28290000
0.08610000	0.30200000
0.09390000	0.29320000
0.10170000	0.28170000
0.09540000	0.26960000
0.08140000	0.26500000
0.09070000	0.26290000
0.08140000	0.25830000
0.07980000	0.28620000
0.07040000	0.25520000
0.07040000	0.24850000
0.06410000	0.25030000
0.05790000	0.24240000
0.06100000	0.23870000
0.08290000	0.26530000
0.08450000	0.23600000
0.08760000	0.22980000
0.08140000	0.22650000
0.16580000	0.34460000
0.64620000	2.92060000
0.47100000	4.18080000
0.33330000	3.17320000
0.21750000	2.95380000
0.16740000	2.39440000
0.15180000	1.93890000
0.13930000	1.59460000
0.12670000	1.28820000
0.11580000	1.54230000
0.10800000	1.33050000
0.10640000	1.13190000
0.10010000	0.95540000
0.10480000	0.82720000
0.10640000	0.74900000
0.10330000	0.65710000
0.10010000	0.59720000
0.09540000	0.55190000
0.09390000	0.51660000
0.08920000	0.48870000
0.09070000	0.47000000
0.08920000	0.45890000
0.08760000	0.43440000
0.08450000	0.42070000
0.08450000	0.41000000
0.07980000	0.40070000
0.07820000	0.39250000
0.07510000	0.38520000
0.07200000	0.37850000
0.07200000	0.37230000
0.07510000	0.36650000
0.07820000	0.36290000
0.07820000	0.35600000
0.08290000	0.36590000
0.11110000	0.40460000
0.13460000	0.34810000
0.13930000	0.79440000
0.11580000	0.73890000
0.10010000	0.64960000
0.09700000	0.57280000
0.09390000	0.51840000
0.09070000	0.47760000
0.09070000	0.43530000
0.09230000	0.40690000
0.09700000	0.40790000
0.10170000	0.37080000
0.10010000	0.67710000
0.09390000	0.62920000
0.10800000	0.55810000
0.11580000	0.52290000
0.12520000	0.65050000
0.13300000	0.83500000
0.12520000	0.83470000
0.11420000	0.72670000
0.10950000	0.64440000
0.10170000	0.55900000
0.09700000	0.62880000
0.09070000	0.57040000
0.08760000	0.52400000
0.08760000	0.46940000
0.09230000	0.54470000
0.09390000	0.51610000
0.09070000	0.47790000
0.08760000	0.43260000
0.08450000	0.46580000
0.07980000	0.43480000
0.07040000	0.40360000
0.06100000	0.37840000
0.04690000	0.35840000
0.05010000	0.34230000
0.05480000	0.32970000
0.06260000	0.31890000
0.07820000	0.30990000
0.09230000	0.32190000
0.09540000	0.31010000
0.56170000	4.57610000
0.46940000	3.20580000
0.35990000	2.86160000
0.31290000	2.31410000
0.23470000	1.86290000
0.18780000	1.51760000
0.17210000	1.25500000
0.15650000	1.05530000
0.14080000	0.90330000
0.12520000	0.78700000
0.11580000	0.69790000
0.10950000	0.62930000
0.12520000	0.57610000
0.14080000	0.53470000
0.17210000	0.50210000
0.15650000	0.47620000
0.14080000	0.45540000
0.13140000	0.43850000
0.15650000	0.42450000
0.17210000	0.41270000
0.18780000	0.40250000
0.20340000	0.39370000
0.21900000	0.38590000
0.25030000	0.37890000
0.26600000	0.37240000
0.28160000	0.36640000
0.26600000	0.36080000
0.31290000	0.35540000
0.46940000	0.35030000
0.62580000	0.34540000
0.78230000	0.34070000
0.93880000	0.33600000
1.40820000	0.37730000
4.69390000	14.47540000
8.65230000	13.67900000
4.99110000	5.97730000
3.41090000	4.54820000
2.73810000	3.65300000
2.51900000	2.92640000
2.06530000	2.51440000
1.68980000	2.11290000
1.55210000	1.76200000
1.84630000	1.48970000
2.12790000	1.30180000
2.17480000	1.37430000
2.17480000	1.62950000
1.95580000	1.79560000
1.83060000	1.64670000
1.67410000	1.41850000
1.46600000	1.23110000
1.48010000	1.09780000
1.44730000	0.99810000
1.73670000	1.21340000
2.33130000	1.93790000
2.06530000	1.99220000
1.87750000	2.09550000
1.78370000	1.79930000
1.84630000	1.69930000
1.90880000	2.31360000
1.75240000	2.11940000
1.56460000	2.06170000
1.28300000	1.77300000
1.15780000	1.51370000
1.03260000	1.31160000
1.00140000	1.15640000
0.90750000	1.03700000
0.81360000	0.94500000
0.70410000	0.87330000
0.82770000	0.82260000
1.00290000	0.78590000
0.85740000	0.76850000
0.98410000	2.93070000
7.66660000	15.43240000
6.10200000	12.96770000
4.80340000	5.36130000
3.77070000	3.95900000
2.97280000	3.16730000
2.50340000	2.59120000
2.19050000	2.15610000
1.87750000	1.82470000
1.56460000	1.57200000
1.40820000	1.37860000
1.25170000	1.23020000
1.09520000	1.11560000
1.09520000	1.02670000
1.25170000	0.98010000
2.65990000	2.10890000
2.81630000	2.48960000
2.65990000	2.04410000
2.81630000	1.99470000
2.97280000	1.72300000
2.65990000	1.48860000
2.50340000	1.32290000
2.65990000	1.50900000
2.50340000	1.52640000
2.50340000	1.91330000
2.65990000	2.00510000
2.97280000	2.51860000
3.75510000	2.07660000
4.17750000	1.96590000
5.05370000	1.80250000
6.27410000	1.58650000
6.14900000	1.36010000
6.07070000	1.61920000
5.05370000	1.44850000
3.84900000	1.44880000
3.16050000	1.54700000
2.61290000	1.37960000
2.89450000	1.24460000
3.88030000	3.50650000
3.39520000	3.14920000
3.45780000	2.39140000
2.89450000	1.96990000
2.50340000	1.90230000
2.22180000	1.65050000
2.04970000	1.45140000
2.00270000	1.29810000
1.78370000	1.14860000
1.58030000	1.03560000
1.49730000	0.96790000
1.38310000	0.89590000
1.29390000	0.85380000
1.32840000	0.82430000
2.09660000	0.92840000
1.73670000	1.20060000
1.73670000	1.58020000
1.68980000	1.42380000
1.56460000	1.24990000
1.40660000	1.11100000
1.26420000	1.00340000
1.12650000	0.92000000
1.01070000	0.85490000
0.91530000	0.80370000
0.84020000	0.76300000
0.78540000	0.73020000
0.72440000	0.70350000
0.66180000	0.68130000
0.67750000	0.67500000
0.86370000	0.69370000
0.71190000	0.63820000
0.60710000	0.62070000
0.54920000	0.60890000
0.51630000	0.59900000
0.49600000	0.58900000
0.46630000	0.57990000
0.43180000	0.57130000
0.40520000	0.56310000
0.39740000	0.55520000
0.37860000	0.54810000
0.35670000	0.54120000
0.33800000	0.53290000
0.31140000	0.52570000
0.34270000	0.56120000
0.36770000	0.53660000
0.46630000	0.55850000
0.39740000	0.51740000
0.34420000	0.50070000
0.29880000	0.48650000
0.27070000	0.47930000
0.24880000	0.47290000
0.22840000	0.46680000
0.21280000	0.46160000
0.22370000	0.46330000
0.25660000	0.49160000
0.26600000	0.44910000
0.21120000	0.43780000
0.18930000	0.43150000
0.18150000	0.42590000
0.17840000	0.46930000
0.15180000	0.42080000
0.12830000	0.41430000
0.12520000	0.41920000
0.12520000	0.40070000
0.11730000	0.39390000
0.11110000	0.38980000
0.12050000	0.41320000
0.11730000	0.38210000
0.11890000	0.37470000
0.13300000	0.41060000
0.12670000	0.36900000
0.10800000	0.35980000
0.09700000	0.35460000
0.09070000	0.35000000
0.08450000	0.34540000
0.08140000	0.34090000
0.07820000	0.33650000
0.07670000	0.33670000
0.07350000	0.32840000
0.12830000	0.38500000
0.22690000	0.38990000
0.29100000	0.35750000
0.18620000	0.31600000
0.14860000	0.41250000
0.35050000	0.66410000
0.19710000	0.95900000
0.15330000	0.84950000
0.12990000	0.72570000
0.12520000	0.66700000
0.12360000	0.55600000
0.10800000	0.50350000
0.13770000	0.53110000
0.17990000	0.42290000
0.12670000	0.38660000
0.10480000	0.36510000
0.09700000	0.34680000
0.09070000	0.33270000
0.08450000	0.32120000
0.07980000	0.31160000
0.07820000	0.32570000
0.08760000	0.29910000
0.09700000	0.31060000
0.08140000	0.28720000
0.08450000	0.29390000
0.08760000	0.27710000
0.08610000	0.27100000
0.07980000	0.26670000
0.08760000	0.32120000
0.10330000	0.26610000
0.09070000	0.25610000
0.07200000	0.25200000
0.06260000	0.24850000
0.05630000	0.25610000
0.06100000	0.28390000
0.05790000	0.24370000
0.06100000	0.23610000
0.05320000	0.23250000
0.05480000	0.24650000
0.05160000	0.23330000
0.05010000	0.22420000
0.06100000	0.22750000
0.05790000	0.22670000
0.05010000	0.21590000
0.05010000	0.21650000
0.04850000	0.20980000
0.04850000	0.20660000
0.05790000	0.22710000
0.10640000	0.26230000
0.11890000	0.20590000
0.07510000	0.19670000
0.06100000	0.19350000
0.05320000	0.19090000
0.06260000	0.21420000
0.09230000	0.23240000
0.10330000	0.18910000
0.09070000	0.18180000
0.07200000	0.17890000
0.06410000	0.17650000
0.06880000	0.22060000
0.07510000	0.24370000
0.07980000	0.18070000
0.07200000	0.16870000
0.06260000	0.16550000
0.05480000	0.16320000
0.04690000	0.16110000
0.04380000	0.15900000
0.04070000	0.15690000
0.03760000	0.15490000
0.03760000	0.15290000
0.04070000	0.18300000
0.25350000	1.45590000
0.33010000	3.14470000
0.15960000	2.76590000
0.10950000	2.51330000
0.08610000	2.02070000
0.07350000	1.61660000
0.06570000	1.30750000
0.06880000	1.10090000
0.07670000	0.92470000
0.12830000	0.79500000
0.79800000	9.14060000
0.40370000	6.55870000
0.21750000	4.15210000
0.15800000	3.19100000
0.14550000	2.58370000
0.14080000	2.06170000
0.13300000	1.76560000
0.11420000	1.47800000
0.10010000	1.25130000
0.09070000	1.07770000
0.08290000	0.94470000
0.08140000	0.84280000
0.10480000	0.77360000
0.81830000	4.52670000
0.73380000	2.98910000
0.38960000	2.70680000
0.28790000	2.23460000
0.24560000	1.86880000
0.21900000	1.54540000
0.19400000	1.31310000
0.16900000	1.13770000
0.14710000	1.00350000
0.14080000	0.91460000
0.14080000	0.84570000
0.15020000	0.77720000
0.14710000	0.71310000
0.13300000	0.85120000
0.23470000	1.73980000
0.40990000	2.02780000
0.28160000	2.04520000
0.25030000	1.73800000
0.23000000	1.47050000
0.21750000	1.25780000
0.20180000	1.09900000
0.18930000	0.97040000
0.17990000	0.87450000
0.17680000	0.81530000
0.17840000	0.75390000
0.17370000	0.70070000
0.16120000	0.66200000
0.14860000	0.63280000
0.14080000	0.60920000
0.13770000	0.58970000
0.12990000	0.57330000
0.12670000	0.55920000
0.12200000	0.55480000
0.13300000	0.53710000
0.42090000	0.60820000
0.48350000	1.32460000
0.38330000	1.49880000
0.34580000	1.35120000
0.31450000	1.16100000
0.29100000	1.00700000
0.27540000	0.88820000
0.26130000	0.79690000
0.25500000	0.73970000
0.25190000	0.67290000
0.23000000	0.62830000
0.21750000	0.59410000
0.20810000	0.57070000
0.19710000	0.54510000
0.18930000	0.52640000
0.18460000	0.51110000
0.17680000	0.49810000
0.17680000	0.48680000
0.17840000	0.48520000
0.18310000	0.47020000
0.17210000	0.46000000
0.16740000	0.45220000
0.17840000	0.47350000
2.70680000	5.41700000
7.66660000	10.22320000
4.88160000	5.93020000
3.28570000	4.14900000
2.40950000	3.25690000
1.83060000	2.74340000
1.46450000	2.24960000
1.23450000	1.86140000
1.09050000	1.58050000
0.95290000	1.34030000
0.90900000	1.46800000
0.88240000	1.29100000
0.74480000	1.49270000
0.67750000	1.38800000
0.65710000	1.21590000
0.65090000	1.08270000
0.60240000	0.96410000
0.57890000	0.98790000
0.87930000	0.98250000
2.95710000	7.51720000
2.76940000	7.80200000
2.69110000	3.88760000
2.44080000	3.29450000
2.08090000	2.69890000
1.86190000	2.22460000
2.01840000	1.88620000
1.65850000	1.58840000
1.44570000	1.84790000
1.25170000	1.63260000
1.15780000	1.41700000
1.09520000	1.24670000
0.97010000	1.11530000
0.90750000	1.01380000
0.81360000	0.93500000
0.75100000	0.87320000
0.69780000	0.82450000
0.61800000	0.78550000
0.57270000	0.80080000
0.61650000	1.08090000
1.08270000	3.02640000
1.40030000	4.21570000
1.12500000	2.69250000
1.17030000	2.44650000
1.17350000	2.05690000
1.12650000	1.73420000
1.14220000	1.49220000
1.51140000	1.52740000
1.34560000	2.20570000
1.21880000	1.94070000
1.04830000	1.81320000
0.93880000	1.56720000
0.87620000	1.36120000
0.81360000	1.20160000
0.76670000	1.07870000
0.73540000	0.98370000
0.70410000	0.90970000
0.75100000	0.85180000
0.70410000	0.80580000
0.64150000	0.76900000
0.59460000	0.73920000
0.54760000	0.71460000
0.57890000	0.69400000
0.59460000	0.67640000
0.53200000	0.66110000
0.46940000	0.64770000
0.42240000	0.63560000
0.37550000	0.62460000
0.40680000	0.61430000
0.37550000	0.60480000
0.34420000	0.59570000
0.37550000	0.58710000
0.40680000	0.57880000
0.37550000	0.57070000
0.35990000	0.56290000
0.34420000	0.55530000
0.32860000	0.54790000
0.31290000	0.54060000
0.34420000	0.53350000
0.32860000	0.52650000
0.31290000	0.51960000
0.34420000	0.51280000
0.37550000	0.50610000
0.40680000	0.49940000
0.39120000	0.49290000
0.37550000	0.48650000
0.35990000	0.48020000
0.34420000	0.47400000
0.54760000	0.46780000
0.78230000	0.46170000
1.09520000	0.45570000
1.56460000	0.52390000
3.91160000	4.53870000
6.25850000	8.43450000
7.60410000	7.48540000
10.62380000	9.09630000
7.79180000	6.46460000
5.58570000	4.30420000
4.44350000	3.39970000
3.33260000	2.73490000
2.70680000	2.24300000
2.33130000	1.87100000
1.97140000	1.58720000
1.68980000	1.37090000
1.52710000	1.20550000
1.41910000	1.07840000
1.32840000	0.99170000
1.24070000	0.90530000
1.94010000	0.90200000
1.68980000	0.80450000
1.55210000	0.87720000
1.47390000	0.84610000
1.51460000	0.78650000
3.53600000	1.85260000
2.92580000	2.10300000
2.70680000	1.96090000
2.40950000	1.67200000
2.55030000	1.45450000
4.05240000	3.60530000
3.33260000	3.15760000
2.97280000	2.52300000
2.65990000	2.08710000
2.39390000	1.76110000
2.03400000	1.49420000
1.90880000	1.30820000
1.64290000	1.15240000
1.41290000	1.03660000
1.21570000	0.94130000
1.06710000	0.87080000
0.98880000	0.81600000
1.78370000	0.83220000
8.98090000	5.57810000
6.97820000	5.15610000
5.11630000	3.00560000
3.78640000	2.35840000
3.88030000	1.98260000
5.10070000	4.49440000
4.58430000	3.86400000
3.84900000	2.80400000
3.28570000	2.29720000
2.67550000	1.91500000
2.28430000	1.62880000
1.97140000	1.41090000
1.73670000	1.24400000
1.78370000	1.12770000
2.80070000	1.07730000
3.06670000	0.96910000
2.75370000	0.88240000
3.03540000	0.91940000
3.83330000	2.52140000
5.22580000	3.56560000
4.85030000	2.33370000
4.02110000	2.30500000
3.22310000	1.96670000
2.67550000	1.66910000
2.30000000	1.44390000
1.92450000	1.26170000
1.62720000	1.12500000
1.40030000	1.02000000
1.33310000	0.95770000
1.15310000	0.87720000
1.00920000	0.82490000
0.93250000	0.79460000
0.84960000	0.75340000
0.78390000	0.72580000
0.74790000	0.70700000
0.66810000	0.68540000
0.62580000	0.66890000
0.66810000	0.67460000
0.61180000	0.65530000
0.75730000	0.66170000
0.79170000	0.64600000
0.68220000	0.61330000
0.61650000	0.60130000
0.57580000	0.59220000
0.60390000	0.58600000
3.47350000	0.75800000
4.05240000	1.31580000
3.50470000	1.59080000
2.92580000	1.57680000
2.67550000	1.39210000
5.35100000	4.44550000
5.60130000	4.60090000
4.25580000	2.94370000
3.19180000	2.64800000
2.53470000	2.19960000
2.04970000	1.83010000
1.62720000	1.54620000
1.31740000	1.32930000
1.12650000	1.16350000
1.01390000	1.03900000
0.97790000	0.96220000
0.78540000	0.86480000
0.74790000	0.81380000
1.21570000	0.83810000
0.98410000	0.74160000
0.74790000	0.69070000
0.62430000	0.66370000
0.55860000	0.64300000
0.50540000	0.62570000
1.05460000	0.69170000
1.87750000	0.66560000
2.28430000	3.01170000
1.97140000	2.30950000
2.44080000	2.14390000
2.58160000	2.13870000
2.53470000	2.40560000
3.36390000	3.83920000
2.58160000	3.51700000
2.19050000	2.75750000
2.50340000	2.31310000
1.78370000	1.88210000
1.39720000	1.58620000
1.16090000	1.36460000
1.92450000	1.21620000
1.47700000	1.10880000
1.20480000	0.98140000
0.92000000	0.88980000
0.79950000	0.83540000
0.65710000	0.78040000
0.55860000	0.74130000
0.50540000	0.71050000
0.52410000	0.71100000
0.46470000	0.66740000
0.40050000	0.64680000
0.35670000	0.63130000
0.32230000	0.61790000
0.29730000	0.60590000
0.30820000	0.62030000
0.30350000	0.58810000
0.25820000	0.57610000
0.23470000	0.56710000
0.25030000	0.55870000
0.25660000	0.56350000
0.26910000	0.58260000
0.35670000	0.58340000
0.30040000	0.53400000
0.23470000	0.52170000
0.20970000	0.51430000
0.20180000	0.50740000
0.20030000	0.54380000
0.19560000	0.49930000
0.17520000	0.48820000
0.16580000	0.48130000
0.15650000	0.47500000
0.14860000	0.46880000
0.14550000	0.46270000
0.23470000	0.47510000
0.18460000	0.46940000
0.18150000	0.46390000
0.18310000	0.47870000
0.22690000	0.45000000
0.19870000	0.45850000
0.18150000	0.42690000
0.15650000	0.41710000
0.14860000	0.42050000
0.24410000	0.49110000
0.39580000	0.41080000
0.24720000	0.39850000
0.21120000	0.40780000
0.19400000	0.38730000
0.17990000	0.39300000
0.19400000	0.40600000
0.20340000	0.37400000
0.16740000	0.36590000
0.15180000	0.37850000
0.14710000	0.35820000
0.13610000	0.35170000
0.12990000	0.34690000
0.12520000	0.34240000
0.11270000	0.33790000
0.10480000	0.33350000
0.12990000	0.34180000
0.17050000	0.38360000
0.16120000	0.32770000
0.12200000	0.31720000
0.10800000	0.31250000
0.10170000	0.30890000
0.10010000	0.31930000
0.10170000	0.30220000
0.09860000	0.29670000
0.09540000	0.29260000
0.09390000	0.28880000
0.10480000	0.30930000
0.11580000	0.28430000
0.10170000	0.27800000
0.08610000	0.27410000
0.07980000	0.27050000
0.07510000	0.26700000
0.07510000	0.26350000
0.07510000	0.26010000
0.07670000	0.27410000
0.10330000	0.30030000
0.20030000	0.36790000
0.21280000	0.26090000
0.15650000	0.31160000
0.13610000	0.29170000
0.13140000	0.46240000
0.11420000	0.57520000
0.10330000	0.51450000
0.09860000	0.45040000
0.10010000	0.42920000
0.10480000	0.36360000
0.11730000	0.32990000
0.11270000	0.33820000
0.11580000	0.29760000
0.13930000	0.29290000
0.15800000	0.31530000
0.15330000	0.56560000
0.12360000	0.78950000
0.10950000	0.69420000
0.10170000	0.58960000
0.09860000	0.50650000
0.09860000	0.44530000
0.09860000	0.41190000
0.13770000	0.39760000
0.66810000	4.27950000
0.56950000	3.25290000
0.41460000	2.97140000
0.35830000	2.39200000
0.31140000	2.00570000
0.28010000	1.63170000
0.25190000	1.33800000
0.22690000	1.11390000
0.20810000	0.94320000
0.19400000	0.81310000
0.18310000	0.71390000
0.18460000	0.64310000
0.31920000	0.82590000
0.45220000	1.26230000
0.29880000	1.49620000
0.25350000	1.29070000
0.23630000	1.08850000
0.22060000	0.92970000
0.21120000	0.80830000
0.20650000	0.71690000
0.20500000	0.64330000
0.19870000	0.58750000
0.19240000	0.54500000
0.18620000	0.51040000
0.17370000	0.48340000
0.16580000	0.46170000
0.16270000	0.44420000
0.15960000	0.42960000
0.18150000	0.41750000
0.15020000	0.41100000
0.14710000	0.40030000
0.14550000	0.39030000
0.14240000	0.38280000
0.13770000	0.37620000
0.14240000	0.39530000
0.18620000	0.41490000
0.29100000	0.45200000
0.25190000	1.03780000
0.21280000	1.21170000
0.20030000	1.14930000
0.19870000	0.97600000
0.19240000	0.83320000
0.19090000	0.72270000
0.19090000	0.64810000
0.18930000	0.57420000
0.18150000	0.59140000
0.17990000	0.54460000
0.15490000	0.50070000
0.11580000	0.46570000
0.10640000	0.43810000
0.15650000	0.41610000
0.24560000	0.43960000
0.61650000	1.22020000
0.58050000	1.64050000
0.58830000	1.71980000
0.59610000	1.46170000
0.55390000	1.20340000
0.48500000	1.21350000
0.43810000	1.04500000
0.40680000	0.89500000
0.37550000	0.77820000
0.35990000	0.68890000
0.34420000	0.61980000
0.32860000	0.56640000
0.32860000	0.52480000
0.32860000	0.49210000
0.37550000	0.46610000
0.43810000	0.49260000
0.50070000	0.88180000
0.50070000	1.25720000
0.43810000	1.15790000
0.78230000	0.98870000
1.72110000	3.60440000
2.36260000	2.90640000
2.00270000	2.74460000
1.53330000	2.29370000
1.18910000	1.87370000
0.97010000	1.54660000
0.79800000	1.29700000
0.71970000	1.10680000
0.68840000	0.96160000
0.62580000	0.85030000
0.59460000	0.76470000
0.56330000	0.69840000
0.53200000	0.64680000
0.50070000	0.60630000
0.46940000	0.57420000
0.40680000	0.54850000
0.37550000	0.52750000
0.35990000	0.51030000
0.34420000	0.49580000
0.32860000	0.48340000
0.32860000	0.47260000
0.31290000	0.46310000
0.31290000	0.45450000
0.31290000	0.44670000
0.31290000	0.43940000
0.34420000	0.43260000
0.34420000	0.42620000
0.31290000	0.42000000
0.34420000	0.41410000
0.39740000	0.40830000
0.40990000	0.40280000
0.38960000	0.39730000
0.35990000	0.39200000
0.34580000	0.38680000
0.32700000	0.38170000
0.26600000	0.37670000
0.21900000	0.37170000
0.20340000	0.36690000
0.23470000	0.36210000
0.25030000	0.35740000
0.23470000	0.35270000
0.21900000	0.34810000
0.21900000	0.34370000
0.23470000	0.33910000
0.25030000	0.33470000
0.37550000	0.34250000
0.76820000	0.34770000
0.58520000	0.32830000
0.44120000	0.31890000
0.39580000	0.31370000
0.41310000	0.30950000
0.44440000	0.30550000
0.41150000	0.30150000
0.38650000	0.29760000
0.41930000	0.30250000
0.62580000	0.33800000
1.09520000	0.69870000
0.81360000	1.04310000
1.00140000	0.98880000
1.15780000	0.87360000
1.87750000	3.34790000
1.72110000	2.76750000
2.03400000	2.49970000
1.87750000	2.06000000
1.72110000	1.67310000
1.42380000	1.37390000
1.25170000	1.15320000
1.04830000	0.97470000
0.93880000	0.84060000
0.86050000	0.73880000
0.78230000	0.66090000
0.71970000	0.63630000
0.62580000	0.56160000
0.56640000	0.81580000
0.50070000	0.75290000
0.50850000	0.67320000
0.47720000	0.60840000
0.45530000	0.55790000
0.43810000	0.51850000
0.43810000	0.48740000
0.43810000	0.46270000
0.41150000	0.44290000
0.40210000	0.42670000
0.37710000	0.41320000
0.35670000	0.40190000
0.32860000	0.39220000
0.55230000	0.38370000
1.17190000	0.38120000
1.05920000	0.37290000
0.91690000	0.37380000
0.91530000	0.36200000
1.00450000	0.35290000
1.01860000	0.34670000
1.25170000	0.34170000
1.72110000	0.34910000
2.76940000	1.16190000
2.53470000	1.69380000
2.78500000	1.88270000
2.23740000	1.93410000
1.79930000	1.92920000
1.43790000	1.60870000
1.27990000	1.32800000
1.19690000	1.11090000
2.81630000	1.29450000
3.20750000	1.76560000
2.62860000	2.18720000
2.50340000	2.21960000
2.20610000	2.18830000
2.28430000	2.13320000
2.94150000	2.76790000
4.11500000	7.90240000
6.46190000	6.22820000
9.37210000	3.77330000
10.13870000	2.98800000
12.70470000	3.01540000
8.58980000	2.58550000
6.08640000	2.62780000
4.60000000	2.22040000
3.48910000	1.85710000
2.81630000	1.57510000
2.97280000	1.42600000
2.95710000	1.22680000
2.73810000	1.08740000
2.44080000	1.20100000
2.17480000	1.33650000
2.42520000	1.24750000
3.55170000	1.35650000
3.37960000	1.52110000
3.17620000	1.76020000
2.67550000	1.55030000
2.25310000	1.34260000
1.92450000	1.17960000
1.64290000	1.05270000
1.37370000	0.95520000
1.19070000	0.87950000
1.06080000	0.82030000
0.95130000	0.77360000
0.85580000	0.73640000
0.76980000	0.70620000
0.69780000	0.68520000
0.63520000	0.66760000
0.57730000	0.64430000
0.53510000	0.62860000
0.50850000	0.62390000
0.49130000	0.60450000
0.46630000	0.59290000
0.45690000	0.59760000
0.45840000	0.58770000
0.41460000	0.56660000
0.40520000	0.58470000
0.37860000	0.55210000
0.36140000	0.54140000
0.36460000	0.54690000
0.35200000	0.52870000
0.32540000	0.51960000
0.31290000	0.51240000
0.34580000	0.54850000
0.37860000	0.54720000
0.38330000	0.49810000
0.31610000	0.48650000
0.56480000	0.55280000
0.56800000	0.49680000
0.67750000	0.51480000
0.61020000	0.47140000
0.53980000	0.45760000
0.48030000	0.44940000
0.45370000	0.44340000
0.47880000	0.46990000
0.52410000	0.46900000
0.49750000	0.43950000
0.43180000	0.42220000
0.39430000	0.41530000
0.37390000	0.40980000
0.35050000	0.40440000
0.32540000	0.39920000
0.30820000	0.39900000
0.30200000	0.41320000
0.30200000	0.38670000
0.35200000	0.44560000
0.30350000	0.38190000
0.26600000	0.36990000
0.25970000	0.36430000
0.33800000	0.45090000
0.27850000	0.36580000
0.23160000	0.35130000
0.21280000	0.34580000
0.22370000	0.38770000
0.27220000	0.38820000
0.71970000	1.11600000
1.20160000	2.05330000
0.64310000	2.18360000
0.51630000	2.13840000
0.44590000	1.77020000
0.39270000	1.45100000
0.35050000	1.20460000
0.32390000	1.01680000
0.34730000	0.88920000
0.54760000	0.86670000
0.36930000	0.69250000
0.31610000	0.61670000
0.34110000	0.61360000
0.33640000	0.54950000
0.29100000	0.49780000
0.26760000	0.48120000
0.25500000	0.45190000
0.23470000	0.43450000
0.24560000	0.45970000
0.22840000	0.41420000
0.19560000	0.40020000
0.17840000	0.39120000
0.16580000	0.38360000
0.16120000	0.37670000
0.15490000	0.37060000
0.21900000	0.41500000
0.20810000	0.36490000
0.16270000	0.35420000
0.13930000	0.34850000
0.12360000	0.34360000
0.11580000	0.33890000
0.10640000	0.33430000
0.12050000	0.34070000
0.15650000	0.39500000
0.19400000	0.33220000
0.14390000	0.31800000
0.11420000	0.31270000
0.10480000	0.30850000
0.10330000	0.30630000
0.10330000	0.30090000
0.09860000	0.29660000
0.09070000	0.29270000
0.08610000	0.28900000
0.08140000	0.28510000
0.07670000	0.28140000
0.07350000	0.27780000
0.06730000	0.27460000
0.06260000	0.27060000
0.07040000	0.27910000
0.10640000	0.31140000
0.11420000	0.26590000
0.08450000	0.25740000
0.07200000	0.25400000
0.06260000	0.25020000
0.06410000	0.24690000
0.34580000	0.40990000
0.27850000	0.26050000
0.16120000	0.23940000
0.20180000	0.51390000
0.28010000	1.12750000
0.16740000	1.45240000
0.13770000	1.24690000
0.14240000	1.06300000
0.14390000	0.84540000
0.11890000	0.89680000
0.15800000	0.83670000
0.28160000	0.66880000
0.38180000	1.18600000
0.27380000	1.57630000
0.22220000	1.70880000
0.41780000	1.76170000
0.31450000	1.99070000
0.22840000	2.11370000
0.19090000	1.76550000
0.17210000	1.46810000
0.15180000	1.20440000
0.12670000	1.01440000
0.11580000	0.87100000
0.10480000	0.76150000
0.10480000	0.67750000
0.10640000	0.64450000
0.09860000	0.56630000
0.09860000	0.52370000
0.33950000	0.80880000
0.37080000	1.27850000
0.22690000	1.55550000
0.17370000	1.34290000
0.14860000	1.13040000
0.13300000	0.96340000
0.13930000	0.84530000
0.18150000	0.77770000
0.18620000	0.68680000
0.16270000	0.60660000
0.33330000	0.55860000
3.37960000	9.84230000
1.98710000	9.74510000
1.11870000	4.68740000
0.80730000	3.71210000
0.65560000	3.08210000
0.53820000	2.69940000
0.45370000	2.50320000
0.40210000	2.08960000
0.36140000	1.74330000
0.32540000	1.47640000
0.29730000	1.27260000
0.28160000	1.13820000
0.27850000	1.01160000
0.25970000	0.91790000
0.23630000	0.83430000
0.22690000	0.77670000
0.24250000	0.73230000
0.20650000	0.69690000
0.18460000	0.67810000
0.20500000	0.64610000
0.37710000	0.71530000
0.39740000	1.10790000
0.44440000	1.56980000
0.45220000	2.34570000
0.39740000	2.23660000
0.37390000	1.98720000
0.35990000	1.67400000
0.34580000	1.43060000
0.34270000	1.23650000
0.39740000	1.12740000
0.52410000	1.44090000
0.45690000	1.75140000
0.44120000	1.63270000
0.43180000	1.40110000
0.40840000	1.23480000
0.38650000	1.08820000
0.37240000	0.97330000
0.35990000	0.88430000
0.35200000	0.81520000
0.35670000	0.77910000
0.35670000	0.72050000
0.33010000	0.68660000
0.31610000	0.65690000
0.30510000	0.63390000
0.29730000	0.61500000
0.29100000	0.60530000
0.28480000	0.58580000
0.28010000	0.57380000
0.27220000	0.56210000
0.25970000	0.55200000
0.25030000	0.54290000
0.25030000	0.53440000
0.24560000	0.52630000
0.23630000	0.51860000
0.22690000	0.51120000
0.22220000	0.50400000
0.23470000	0.52130000
0.26130000	0.49330000
0.23940000	0.48410000
0.22530000	0.47740000
0.21280000	0.47100000
0.36460000	0.49320000
1.81500000	4.19480000
1.31120000	2.87320000
1.18290000	2.67210000
1.25950000	2.31150000
1.62720000	2.68070000
3.81770000	4.70580000
3.12920000	3.81140000
2.53470000	2.99750000
2.03400000	2.43140000
1.65850000	2.00380000
1.39090000	1.67170000
1.18750000	1.42130000
1.02170000	1.23040000
0.96540000	1.08470000
0.87150000	0.97250000
0.76350000	0.88570000
0.70090000	0.82230000
0.74010000	0.79300000
0.94190000	1.87790000
1.89320000	3.12200000
1.68980000	2.90630000
1.94010000	2.42250000
4.28710000	4.30040000
4.27140000	5.07170000
3.69250000	3.10960000
2.94150000	2.77230000
2.33130000	2.34960000
1.95580000	1.96350000
1.78370000	1.66260000
1.50360000	1.43220000
1.22670000	1.25590000
1.07960000	1.12050000
1.02170000	1.01600000
0.86050000	0.93500000
0.79800000	0.87160000
0.67280000	0.82160000
0.59460000	0.78170000
0.56330000	0.74950000
0.53200000	0.72310000
0.56330000	0.70110000
0.59460000	0.68250000
0.58200000	0.66650000
0.55230000	0.65240000
0.49750000	0.63990000
0.49600000	0.62850000
0.49750000	0.61840000
0.51160000	0.65170000
0.48500000	0.94950000
0.46310000	1.23810000
0.44120000	1.14880000
0.43030000	1.01870000
0.41930000	0.91190000
0.40680000	0.82880000
0.39740000	0.76410000
0.34420000	0.71360000
0.37550000	0.67360000
0.47410000	0.64170000
0.50540000	0.61580000
0.43810000	0.60300000
0.48970000	1.15740000
0.95750000	2.42800000
0.96220000	1.98820000
1.00760000	1.91950000
1.09680000	1.79880000
1.20160000	1.61010000
1.65850000	1.39490000
2.11220000	1.38720000
3.00410000	1.99850000
3.34830000	2.26220000
3.11360000	2.07830000
2.76940000	1.94130000
2.20610000	1.64900000
1.87750000	1.40360000
1.59590000	1.21400000
1.40660000	1.06900000
1.21260000	0.95660000
1.12970000	0.87020000
2.78500000	0.80360000
2.23740000	0.75110000
2.12790000	0.70950000
1.72110000	0.67630000
1.73670000	0.64940000
1.62720000	0.63650000
1.49260000	0.62160000
1.26110000	0.59660000
1.08900000	0.57990000
1.03260000	0.56720000
1.16720000	0.59190000
1.12340000	1.26980000
0.96220000	1.41570000
0.87310000	1.73670000
0.85120000	1.54030000
0.86210000	1.29470000
0.98260000	1.50510000
0.86370000	1.30270000
0.77610000	1.61720000
0.73220000	1.42340000
1.01860000	1.26710000
1.13430000	1.63720000
0.90750000	1.69480000
1.09520000	1.56200000
1.08120000	1.37890000
1.02010000	1.45240000
0.97010000	1.56410000
1.07490000	1.39160000
0.94970000	1.18690000
0.88090000	1.05970000
0.86370000	0.94950000
0.84960000	0.85640000
0.80730000	0.78630000
0.84330000	0.75670000
0.80890000	0.69200000
0.76200000	0.65550000
0.80890000	0.63840000
0.83550000	0.62930000
1.15310000	0.66820000
1.12810000	0.99470000
1.13430000	1.26300000
1.19690000	1.13330000
1.19220000	1.01850000
2.26870000	0.88580000
6.05510000	3.88010000
4.94420000	2.88040000
4.27140000	2.65290000
3.73940000	3.72210000
3.28570000	2.65290000
3.05100000	2.59850000
2.61290000	2.16930000
2.26870000	1.81080000
1.90880000	1.52580000
1.61160000	1.31090000
1.44410000	1.14700000
1.28610000	1.02130000
1.15780000	0.93050000
1.09520000	0.84990000
1.16090000	0.81490000
0.95750000	0.74660000
0.86210000	0.70700000
0.87930000	0.68550000
1.38310000	0.71330000
4.05240000	1.35620000
3.58300000	1.32330000
3.09790000	1.63640000
2.61290000	1.44330000
2.22180000	1.24320000
1.92450000	1.08930000
1.68980000	0.97360000
1.48950000	0.88200000
1.32210000	0.80350000
1.12340000	0.74050000
1.06080000	0.70260000
1.04520000	0.68900000
0.88090000	0.63450000
1.73670000	0.68620000
4.72520000	1.38500000
4.06800000	2.89280000
3.41090000	2.22840000
3.58300000	2.17010000
3.20750000	2.08730000
2.75370000	2.10360000
2.47210000	1.78780000
2.14350000	1.50780000
1.92450000	1.29920000
1.65850000	1.12510000
1.75240000	1.04220000
2.12790000	0.93900000
1.81500000	0.82670000
2.91020000	0.79910000
8.62110000	4.98050000
11.90680000	7.91110000
8.24550000	5.07470000
5.52310000	3.51150000
4.08370000	2.94580000
5.19450000	3.96280000
4.92860000	3.99620000
4.28710000	2.94370000
3.62990000	2.57560000
2.97280000	2.15320000
2.45650000	1.81380000
2.06530000	1.55350000
1.73670000	1.35430000
1.62720000	1.23030000
1.39560000	1.08740000
1.17970000	0.99430000
1.05610000	0.94170000
0.99670000	0.88650000
0.92160000	0.84770000
0.86990000	0.80010000
0.73540000	0.75830000
0.64150000	0.73270000
0.59300000	0.71220000
1.02170000	0.79860000
5.66390000	6.41450000
6.66530000	9.96110000
4.78770000	5.84310000
3.34830000	3.70260000
2.47210000	2.92620000
1.92450000	2.39580000
1.53330000	1.99860000
1.27050000	1.70010000
1.64290000	1.49560000
3.48910000	2.90650000
4.19320000	6.03790000
3.69250000	4.57150000
2.95710000	3.04250000
2.36260000	2.62640000
1.86190000	2.20010000
1.48010000	1.86120000
1.20320000	1.60120000
1.08580000	1.40710000
0.88400000	1.25000000
0.78230000	1.13570000
0.68370000	1.04060000
0.69000000	1.00270000
0.70720000	0.96070000
0.57270000	0.87320000
0.48660000	0.83180000
0.43650000	0.80170000
0.40050000	0.77700000
0.36610000	0.75620000
0.33640000	0.73820000
0.30670000	0.72250000
0.27540000	0.70850000
0.25820000	0.69580000
0.24410000	0.68410000
0.23470000	0.67320000
0.28160000	0.70310000
0.25660000	0.65810000
0.20810000	0.64440000
0.19240000	0.63490000
0.18150000	0.62610000
0.17050000	0.61760000
0.15960000	0.60930000
0.14710000	0.60120000
0.13930000	0.59320000
0.13930000	0.58540000
0.16270000	0.59930000
0.15020000	0.57270000
0.13300000	0.56290000
0.13770000	0.55530000
0.17050000	0.60690000
0.17990000	0.54800000
0.14390000	0.53460000
0.15330000	0.52700000
0.33800000	0.59950000
0.84490000	0.61830000
0.34270000	0.53510000
0.23310000	0.53750000
0.18780000	0.52430000
0.16270000	0.51100000
0.15020000	0.51670000
0.13610000	0.49110000
0.13460000	0.53580000
0.28950000	0.47810000
0.17840000	0.46420000
0.14390000	0.45640000
0.13300000	0.44940000
0.11890000	0.44290000
0.11110000	0.43660000
0.10330000	0.43050000
0.09860000	0.42460000
0.10640000	0.41880000
0.10170000	0.41350000
0.10010000	0.43020000
0.10170000	0.41460000
0.10170000	0.39840000
0.09390000	0.39190000
0.08290000	0.41610000
0.07510000	0.38520000
0.07510000	0.37700000
0.07980000	0.40540000
0.09230000	0.41100000
0.11110000	0.38370000
0.09540000	0.35990000
0.08140000	0.35300000
0.07350000	0.34810000
0.07040000	0.34360000
0.06880000	0.33920000
0.06570000	0.33470000
0.06100000	0.33040000
0.06100000	0.32950000
0.05950000	0.32220000
0.05950000	0.31770000
0.05480000	0.31350000
0.05160000	0.30940000
0.04850000	0.30540000
0.04690000	0.30140000
0.04540000	0.29750000
0.04380000	0.29370000
0.04220000	0.28980000
0.03760000	0.28610000
0.03600000	0.28240000
0.03600000	0.27870000
0.07820000	0.28040000
0.27690000	0.41620000
0.21900000	0.28590000
0.12990000	0.26630000
0.10330000	0.26120000
0.09070000	0.25890000
0.08140000	0.25440000
0.08140000	0.26860000
0.16120000	0.32090000
0.14710000	0.25330000
0.10170000	0.24220000
0.08760000	0.23830000
0.31760000	0.31050000
1.17820000	5.77880000
0.43810000	3.73750000
0.25660000	3.25550000
0.20180000	2.61080000
0.16740000	2.08610000
0.14710000	1.68730000
0.13930000	1.39470000
0.14080000	1.16880000
0.13610000	0.97630000
0.12830000	0.84000000
0.11270000	0.73710000
0.09700000	0.65820000
0.09230000	0.59740000
0.09700000	0.56610000
0.10950000	0.54560000
0.12200000	0.50510000
0.12200000	0.47630000
0.11110000	0.46410000
0.15180000	0.65140000
0.43650000	3.13110000
0.35670000	2.44090000
0.27220000	2.30190000
0.26910000	2.07600000
0.26290000	2.01520000
0.22220000	1.95340000
0.20030000	1.63980000
0.18310000	1.36920000
0.17520000	1.16530000
0.35520000	1.69020000
0.58990000	2.01430000
0.42240000	1.97970000
0.35990000	1.67500000
0.33640000	1.40640000
0.32070000	1.19770000
0.30670000	1.03800000
0.29570000	0.92640000
0.28320000	0.82420000
0.27070000	0.74930000
0.26130000	0.69720000
0.29410000	0.69370000
0.33480000	1.33690000
0.31920000	1.57290000
0.30820000	1.51970000
0.30670000	1.30570000
0.33640000	1.14330000
0.36460000	0.98230000
0.42240000	1.10850000
0.41930000	1.29650000
0.39740000	1.47580000
0.40680000	1.33010000
1.36750000	1.47900000
2.09660000	1.67320000
1.50990000	1.44290000
1.25330000	1.65770000
1.11090000	3.79530000
1.09520000	5.62480000
1.26110000	5.43480000
1.15310000	3.41040000
1.11710000	3.14090000
1.02480000	2.59900000
0.94190000	2.14350000
0.84020000	1.79350000
0.76670000	1.52640000
0.74160000	1.32250000
0.70250000	1.16640000
0.61330000	1.04640000
0.53200000	0.95360000
0.40680000	0.88140000
0.43810000	0.82480000
0.46940000	0.78000000
0.42240000	0.74410000
0.46940000	0.71510000
0.40680000	0.69110000
0.34420000	0.67100000
0.39120000	0.65400000
0.43810000	0.63920000
0.50070000	0.62610000
0.68840000	0.64040000
1.25170000	0.61940000
1.09520000	0.85190000
0.78230000	1.09560000
0.68840000	1.04270000
0.65710000	0.94030000
1.40820000	0.88670000
3.12920000	2.76120000
2.69110000	2.62550000
2.26870000	2.32210000
1.86190000	2.00050000
1.65850000	1.67750000
1.44260000	1.42250000
1.19540000	1.22720000
1.01700000	1.07760000
0.97160000	0.96270000
0.84180000	0.87370000
0.80110000	0.80510000
1.33780000	0.77780000
2.73810000	0.97060000
2.09660000	1.18570000
1.86190000	1.13950000
1.64290000	1.01820000
1.49110000	0.91250000
1.33780000	0.82950000
1.28460000	0.76490000
1.37840000	0.71440000
1.51920000	0.67440000
1.26730000	0.64250000
1.10930000	0.61670000
0.97010000	0.59550000
0.90750000	0.57780000
0.81360000	0.56280000
0.73540000	0.54980000
0.68840000	0.53840000
0.65710000	0.52810000
0.57890000	0.51880000
0.56330000	0.51020000
0.50070000	0.50220000
0.50070000	0.49470000
0.48500000	0.48740000
0.46940000	0.48050000
0.43810000	0.47380000
0.40680000	0.46730000
0.35990000	0.46100000
0.35990000	0.45480000
0.43810000	0.44880000
0.39120000	0.44280000
0.37550000	0.43700000
0.37550000	0.43120000
0.34420000	0.42560000
0.32860000	0.42000000
0.43810000	0.41980000
0.59460000	0.41240000
0.53200000	0.40460000
0.46940000	0.39870000
0.43810000	0.39350000
0.40680000	0.38830000
0.37550000	0.38330000
0.35990000	0.37830000
0.35990000	0.37340000
0.34420000	0.36850000
0.32860000	0.36370000
0.31290000	0.35900000
0.28160000	0.35440000
0.31290000	0.34970000
0.35990000	0.34520000
0.40680000	0.34070000
0.37550000	0.33630000
0.34420000	0.33190000
0.56330000	0.32760000
1.40820000	0.36370000
2.19050000	0.33810000
1.72110000	0.31920000
1.48640000	0.31140000
1.32990000	0.30700000
1.25170000	0.30290000
1.15780000	0.29900000
1.15780000	0.29510000
1.04830000	0.29130000
1.15780000	0.28750000
1.17350000	0.28380000
1.00140000	0.28010000
0.90750000	0.27650000
0.84490000	0.27290000
0.84490000	0.26930000
0.93880000	0.26590000
0.71970000	0.26240000
0.84490000	0.25900000
0.93880000	0.25810000
1.01700000	0.25390000
1.18910000	0.24940000
1.72110000	0.31570000
4.69390000	1.83360000
10.31080000	7.44650000
10.46730000	7.04410000
10.26390000	6.83730000
15.80270000	11.37130000
15.30200000	22.47080000
10.81150000	21.46640000
8.02650000	14.36650000
6.79050000	13.41660000
6.74350000	15.80440000
5.86730000	12.58370000
4.58430000	7.73770000
3.92720000	4.85230000
3.55170000	4.56880000
3.03540000	3.77670000
2.69110000	3.23480000
3.56730000	2.73480000
3.78640000	4.73110000
3.64560000	3.00510000
6.00810000	6.84050000
5.78910000	7.50900000
4.86600000	3.82270000
4.03670000	2.88820000
3.34830000	2.40060000
3.01970000	2.05030000
3.01970000	1.83970000
2.89450000	1.63130000
2.62860000	1.97250000
2.36260000	1.78470000
2.12790000	1.58410000
1.90880000	1.42390000
1.68980000	1.29940000
1.48950000	1.20250000
1.35030000	1.13320000
1.21730000	1.06700000
1.11870000	1.02260000
1.17970000	1.00350000
1.06860000	0.95710000
0.93410000	0.92040000
0.84800000	0.89610000
0.78700000	0.87910000
0.78700000	0.86560000
0.71030000	0.84310000
0.66340000	0.82770000
0.62580000	0.82100000
0.60240000	0.80230000
0.62270000	0.82360000
0.63520000	0.79990000
0.55540000	0.76960000
0.53200000	0.75660000
0.54760000	0.76850000
0.53510000	0.73960000
0.58670000	0.75640000
0.57110000	0.72090000
0.53040000	0.70740000
0.54920000	0.69770000
0.70250000	0.72850000
0.68370000	0.69450000
0.65710000	0.67960000
0.64620000	0.66290000
0.78390000	0.69080000
1.27990000	0.68800000
1.25330000	0.64140000
1.30800000	0.62850000
1.26730000	0.61990000
1.32840000	0.64770000
1.16410000	0.60810000
1.01860000	0.59630000
1.22820000	0.64200000
1.56460000	0.61740000
1.81500000	0.60340000
2.37820000	0.58820000
2.47210000	0.57430000
2.44080000	0.69800000
2.09660000	0.66260000
2.04970000	0.64420000
5.77340000	3.31910000
5.42920000	2.43690000
4.24010000	2.30840000
3.83330000	1.96720000
3.27010000	1.63450000
2.70680000	1.36850000
2.59730000	1.47310000
2.70680000	1.32120000
2.45650000	1.14090000
2.15920000	1.30740000
1.94010000	1.29930000
2.03400000	1.16150000
2.55030000	1.05720000
2.37820000	0.91970000
2.19050000	1.23560000
1.89320000	1.12340000
1.58030000	0.99390000
1.47230000	0.91800000
1.31430000	0.81690000
1.15310000	0.76170000
5.41360000	4.88960000
5.67960000	4.99030000
4.41220000	3.11180000
3.20750000	2.70630000
2.42520000	2.23270000
1.89320000	1.85110000
1.50520000	1.55880000
1.20010000	1.33570000
0.97480000	1.16520000
0.82610000	1.03500000
0.70880000	0.93370000
0.61490000	0.85560000
0.53670000	0.79470000
0.50070000	0.74680000
0.44280000	0.71030000
0.39740000	0.68010000
0.40050000	0.65330000
0.39740000	0.65060000
0.37080000	0.63180000
0.45530000	0.65470000
0.55540000	0.65480000
0.47880000	0.59160000
0.35050000	0.56670000
0.30040000	0.55540000
0.26600000	0.54630000
0.25500000	0.56340000
0.26440000	0.53300000
0.25970000	0.55340000
0.33010000	0.55760000
0.27380000	0.51300000
0.29260000	0.53390000
3.28570000	9.12570000
2.06530000	8.09580000
4.00540000	8.20840000
3.61430000	6.03340000
2.56600000	4.07610000
2.06530000	3.21820000
3.08230000	3.04510000
2.15920000	2.51140000
1.76800000	2.55450000
1.41600000	2.16920000
5.14760000	6.18400000
5.75780000	6.27200000
5.19450000	4.17820000
5.91430000	4.04940000
4.80340000	2.93280000
4.19320000	2.76850000
3.09790000	2.31890000
2.89450000	2.28160000
4.02110000	2.52720000
7.29110000	9.79790000
5.66390000	7.96240000
4.28710000	3.93670000
3.09790000	3.00040000
2.36260000	2.62660000
1.86190000	2.21800000
1.51920000	1.89110000
1.35340000	1.66110000
1.07180000	1.44940000
0.88710000	1.29880000
0.74950000	1.18390000
0.64930000	1.09470000
0.58050000	1.02470000
0.51950000	0.96930000
0.46000000	0.92490000
0.41780000	0.88890000
0.38960000	0.85930000
0.41780000	0.86700000
0.42090000	0.81720000
0.35670000	0.79530000
0.38330000	0.81280000
0.35520000	0.77440000
0.35200000	0.77980000
2.58160000	4.44800000
2.00270000	4.86130000
3.00410000	6.04790000
3.23880000	6.52760000
2.30000000	3.58870000
1.78370000	3.21900000
1.43010000	2.67660000
1.18130000	2.22910000
0.98880000	1.88510000
0.82610000	1.62220000
0.71660000	1.42110000
0.67440000	1.26720000
0.76200000	1.18550000
0.67280000	1.06300000
1.17350000	1.06920000
0.80270000	0.93650000
0.64780000	1.36370000
0.82140000	1.30460000
1.56460000	2.54370000
1.17820000	2.67520000
1.11090000	2.08150000
3.47350000	5.68770000
3.34830000	4.77990000
2.97280000	3.10240000
2.61290000	2.54730000
2.12790000	2.09550000
7.93260000	9.55630000
6.74350000	8.81290000
4.77210000	4.26680000
3.48910000	3.22700000
2.75370000	2.64660000
2.25310000	2.22190000
2.17480000	1.90980000
2.25310000	4.38210000
1.78370000	3.72780000
1.61160000	2.48080000
1.47070000	2.06020000
1.30800000	1.76720000
1.15780000	1.54560000
1.03110000	1.37580000
0.92470000	1.24480000
0.84650000	1.14330000
0.78860000	1.06400000
1.95580000	1.56370000
1.64290000	2.51680000
1.48170000	1.92420000
1.44880000	1.77330000
1.40970000	1.55910000
1.28920000	1.37340000
1.19850000	1.23290000
1.13120000	1.13800000
1.02800000	1.05220000
0.91060000	0.97370000
0.81050000	0.96920000
0.75410000	0.92130000
2.51900000	3.71970000
3.67690000	7.40760000
3.66120000	5.04770000
3.39520000	3.98030000
2.81630000	2.88730000
2.47210000	2.57840000
2.19050000	2.17630000
1.95580000	1.84810000
1.73670000	1.59430000
1.68980000	1.40250000
1.95580000	1.29380000
1.61160000	1.14330000
1.48800000	1.62730000
1.37530000	1.49140000
1.29550000	1.32470000
1.25640000	1.19020000
1.24070000	1.09930000
1.48640000	1.02740000
1.33310000	0.94320000
1.23600000	1.38490000
1.18440000	1.29590000
1.12970000	1.16900000
1.06860000	1.13060000
5.83600000	3.52970000
15.59930000	15.92810000
9.07480000	12.81040000
5.74220000	5.33190000
4.03670000	3.82490000
3.19180000	3.07090000
3.00410000	3.04450000
2.34690000	2.38810000
2.01840000	2.43140000
2.04970000	2.11250000
3.01970000	3.71910000
2.45650000	3.58920000
2.34690000	2.42910000
2.17480000	2.02100000
1.87750000	1.81180000
1.65850000	1.58780000
1.54120000	1.40820000
1.46600000	1.26900000
1.31900000	1.16110000
1.15310000	1.07710000
1.14530000	1.01100000
1.02010000	0.95850000
8.57410000	12.11530000
8.40200000	13.16240000
5.86730000	5.09090000
4.27140000	3.79580000
3.42650000	3.07710000
2.70680000	2.54560000
2.40950000	2.14310000
2.15920000	1.83580000
1.81500000	1.60100000
1.58030000	1.42100000
1.36900000	1.28220000
1.25480000	1.17480000
1.52080000	1.11050000
4.25580000	6.13390000
5.99250000	8.82440000
4.78770000	5.46300000
3.66120000	3.26700000
2.91020000	2.63960000
2.47210000	2.22340000
2.73810000	5.98780000
2.44080000	5.15900000
2.15920000	3.08250000
2.23740000	3.30980000
2.67550000	3.84550000
3.73940000	4.17030000
6.50880000	10.06630000
6.35240000	8.57690000
4.78770000	4.10370000
3.12920000	3.05340000
2.34690000	2.51750000
2.03400000	2.13350000
1.87750000	1.84290000
1.72110000	1.62050000
1.56460000	1.44950000
1.25170000	1.31760000
1.17350000	1.21500000
1.09520000	1.13470000
1.04830000	1.07130000
1.01700000	1.02060000
0.97010000	0.97960000
0.87620000	0.94590000
0.76670000	0.91780000
0.90750000	0.89390000
0.95440000	0.87330000
0.86050000	0.85510000
0.78230000	0.83880000
0.79800000	0.82410000
0.73540000	0.81050000
0.68840000	0.79770000
0.67280000	0.78570000
0.67280000	0.77420000
0.64150000	0.76320000
0.62580000	0.75260000
0.61020000	0.74220000
0.64150000	0.73220000
0.67280000	0.72240000
0.62580000	0.71280000
0.65710000	0.70330000
0.67280000	0.69400000
0.62580000	0.68490000
0.59460000	0.67600000
0.61020000	0.66710000
0.51630000	0.65840000
0.51630000	0.64980000
0.50070000	0.64140000
0.46940000	0.63300000
0.45370000	0.62480000
0.42240000	0.61660000
0.48500000	0.60870000
0.51630000	0.60070000
0.50070000	0.59290000
0.48500000	0.58520000
0.51630000	0.57760000
0.56330000	0.57010000
0.53200000	0.56270000
0.54760000	0.55540000
0.51630000	0.54820000
0.51630000	0.54110000
0.54760000	0.53400000
0.61020000	0.52710000
0.73540000	0.52030000
0.93880000	0.52660000
1.18910000	0.56700000
2.97280000	1.14570000
4.53740000	5.04090000
5.94560000	7.07310000
11.04620000	9.89140000
10.09180000	7.44100000
7.44760000	4.95350000
5.27280000	3.59360000
3.97410000	3.23170000
3.19180000	2.66740000
2.80070000	2.20640000
2.31560000	1.84640000
1.94010000	1.57330000
1.89320000	1.39390000
1.72110000	1.21110000
1.61160000	1.08380000
1.47540000	0.98850000
1.38000000	0.91470000
1.33460000	0.85680000
2.64420000	0.82740000
2.31560000	0.77930000
2.06530000	0.74530000
2.11220000	0.71980000
2.61290000	1.90950000
3.03540000	3.44490000
4.28710000	2.80130000
4.70950000	2.25340000
4.00540000	2.04380000
3.30130000	1.73610000
2.91020000	1.49940000
2.92580000	1.31260000
3.47350000	1.35110000
3.08230000	2.11470000
2.97280000	1.91380000
2.65990000	1.70480000
2.31560000	1.61510000
2.08090000	1.41630000
1.86190000	1.23490000
1.68980000	1.10420000
1.48950000	0.99440000
1.33310000	0.91270000
1.22980000	0.84920000
2.42520000	0.87500000
6.03940000	5.53970000
5.10070000	5.11440000
4.02110000	2.95220000
3.27010000	2.32100000
2.73810000	1.92120000
2.33130000	1.62490000
2.01840000	1.41480000
1.78370000	1.22920000
1.87750000	1.13160000
2.14350000	1.04600000
2.14350000	0.93980000
2.03400000	0.85480000
2.72240000	0.89480000
2.80070000	1.17340000
2.73810000	1.50330000
2.48770000	1.34880000
2.19050000	1.18530000
1.95580000	1.06000000
2.06530000	0.98270000
3.73940000	0.98080000
2.89450000	1.35530000
2.70680000	1.78470000
2.44080000	1.57390000
3.01970000	1.47590000
2.67550000	1.48320000
8.93400000	5.48660000
8.33940000	5.57530000
6.91560000	4.83060000
5.13200000	3.14020000
4.13060000	2.99430000
3.41090000	2.55150000
3.36390000	2.17950000
2.69110000	1.81060000
2.26870000	1.71510000
2.00270000	1.51960000
1.83060000	1.33830000
1.55370000	1.18100000
1.59590000	1.10310000
2.39390000	2.19070000
2.23740000	2.42820000
2.00270000	1.99790000
1.75240000	1.81140000
1.61160000	1.57370000
1.59590000	1.40890000
1.35500000	1.24010000
1.13280000	1.08890000
0.96380000	1.28740000
0.92310000	1.18090000
1.22670000	1.12790000
0.96690000	0.99180000
1.06080000	0.93080000
0.83860000	0.85070000
0.76980000	0.80980000
0.79800000	0.79430000
0.72130000	0.74450000
0.65560000	0.71720000
0.61020000	0.69610000
0.64620000	0.71010000
0.76670000	0.69360000
0.64930000	0.65290000
0.58050000	0.63740000
0.55390000	0.63770000
0.54920000	0.63090000
0.55860000	0.61420000
0.59460000	0.62470000
0.73220000	0.63400000
0.64310000	0.60880000
0.55390000	0.57520000
0.49290000	0.56440000
0.47250000	0.56480000
0.45690000	0.55140000
0.40050000	0.54190000
0.35830000	0.53450000
0.33800000	0.52770000
0.31290000	0.52050000
0.29410000	0.51370000
0.33800000	0.54580000
0.32860000	0.50500000
0.29410000	0.50370000
0.27070000	0.48850000
0.24250000	0.48110000
0.22370000	0.47480000
0.31610000	0.52450000
0.31140000	0.49960000
0.25190000	0.46080000
0.45840000	0.52280000
0.32540000	0.46370000
0.25030000	0.44100000
0.22060000	0.43340000
0.23310000	0.42850000
0.30980000	0.48170000
0.58670000	0.44950000
1.75240000	3.95890000
1.11400000	2.87110000
0.91690000	2.67170000
0.78070000	2.21280000
1.03420000	1.84320000
1.03420000	2.02620000
0.85120000	2.03880000
0.75410000	1.90690000
0.86210000	1.66220000
0.91840000	1.50680000
0.65400000	1.58510000
1.42540000	1.59720000
13.31490000	11.80940000
10.40470000	13.96410000
7.32240000	9.65130000
4.67820000	6.18590000
4.66260000	5.77670000
3.75510000	6.50180000
2.83200000	3.82770000
2.20610000	3.37800000
1.83060000	2.80130000
1.67410000	2.35230000
1.32370000	1.95910000
1.11560000	1.68060000
0.96380000	1.46440000
0.82920000	1.30070000
0.73220000	1.17490000
1.06240000	1.14540000
0.78700000	1.00950000
1.32840000	1.30260000
1.08900000	1.29400000
0.82920000	1.64730000
0.76040000	1.48980000
0.71190000	1.31610000
0.64780000	1.17750000
0.60860000	1.07000000
0.58830000	1.01940000
3.64560000	3.82140000
3.05100000	4.78840000
2.23740000	2.73550000
1.76800000	2.39380000
1.48480000	2.01570000
1.22510000	1.71320000
1.03420000	1.48110000
0.92780000	1.31220000
0.82140000	1.16740000
1.49420000	1.08180000
2.26870000	1.23960000
1.62720000	1.23260000
1.15630000	1.48000000
0.94970000	1.34040000
0.82770000	1.19290000
0.73380000	1.07530000
0.65870000	0.98380000
0.59770000	0.91250000
0.62270000	0.90300000
24.87750000	21.29640000
17.05440000	24.46790000
7.97960000	11.80480000
4.83470000	5.66710000
3.22310000	4.10780000
2.36260000	3.29240000
1.92450000	2.71330000
1.65850000	2.29480000
6.43060000	1.98370000
43.02710000	31.79680000
16.89790000	30.96430000
8.22990000	11.57830000
5.36660000	5.72380000
3.77070000	4.09900000
2.75370000	3.29400000
2.15920000	2.73900000
1.81500000	2.32220000
1.56460000	2.00530000
1.33620000	1.76160000
1.27990000	1.59640000
1.19850000	1.45090000
1.01230000	1.32110000
0.89500000	1.23130000
0.79950000	1.16180000
0.73540000	1.11190000
0.66970000	1.06240000
0.61960000	1.02510000
0.56330000	0.99450000
0.51790000	0.96850000
0.48500000	0.94600000
0.46160000	0.92630000
0.43810000	0.90860000
0.41460000	0.89260000
0.39430000	0.87780000
0.37710000	0.86390000
0.37390000	0.85970000
0.40050000	0.85180000
0.65560000	0.87100000
0.50690000	0.82990000
0.41930000	0.80630000
0.94500000	1.19380000
1.20950000	2.14390000
0.98260000	1.76200000
0.90280000	1.88000000
0.85740000	1.71350000
0.80420000	1.77980000
0.79010000	1.57130000
0.74480000	1.37520000
0.69940000	1.22440000
0.66180000	1.10810000
0.64150000	1.02080000
0.66340000	0.96760000
0.75100000	0.90880000
0.68060000	0.84990000
0.62740000	1.06570000
0.73540000	1.21100000
0.77450000	1.22860000
1.00290000	1.87630000
0.99510000	2.62230000
0.99980000	2.09890000
1.00920000	1.76940000
0.96540000	1.51570000
0.91530000	1.32100000
0.89030000	1.17350000
0.88240000	1.07070000
0.82920000	0.96950000
0.75260000	0.89860000
0.71030000	0.85520000
0.69470000	0.80140000
0.67120000	0.92610000
0.66030000	0.88620000
0.64780000	0.82560000
0.65870000	0.79670000
0.69940000	0.75650000
0.63370000	0.92130000
0.60390000	1.01660000
0.77610000	0.94870000
2.37820000	3.51290000
2.48770000	3.18100000
2.34690000	2.55170000
4.61560000	6.04270000
5.28840000	6.34660000
4.44350000	3.51620000
6.38360000	5.00620000
6.41490000	7.59320000
5.22580000	5.31570000
3.92720000	3.41730000
3.08230000	2.80840000
2.50340000	2.32830000
2.40950000	1.97770000
2.75370000	3.54380000
2.25310000	2.18000000
3.64560000	2.97920000
5.85170000	6.97960000
5.47620000	5.51790000
4.61560000	3.33140000
3.56730000	2.76710000
2.76940000	2.31230000
2.31560000	1.95940000
2.04970000	1.68950000
1.78370000	1.48240000
1.65850000	1.32390000
1.26730000	1.20140000
1.25170000	1.10630000
1.25170000	1.03190000
2.39390000	2.80810000
3.62990000	7.70170000
3.01970000	5.39620000
2.73810000	3.17140000
2.31560000	2.54180000
2.03400000	2.12390000
1.87750000	1.81120000
1.61160000	1.57570000
1.46600000	1.39010000
1.42850000	1.24950000
1.25640000	1.14270000
1.27050000	1.07270000
2.92580000	5.57240000
2.48770000	6.04890000
2.78500000	3.03260000
3.17620000	2.74470000
3.01970000	2.31490000
2.97280000	1.95840000
2.61290000	1.68370000
2.36260000	1.47310000
2.40950000	1.31140000
4.56870000	2.62790000
16.42850000	15.47910000
10.82720000	13.48610000
7.04080000	5.37120000
5.11630000	3.74560000
3.62990000	3.00670000
3.06670000	2.49110000
2.78500000	2.10360000
2.15920000	1.80790000
1.87750000	1.58190000
1.72110000	1.40840000
1.45510000	1.27460000
1.45510000	1.17080000
1.34560000	1.08980000
1.04830000	1.02590000
0.81360000	0.97510000
0.86050000	0.93410000
0.86050000	0.90060000
0.87620000	0.87270000
0.87620000	0.84920000
0.89180000	0.82900000
0.82920000	0.81120000
0.76670000	0.79550000
0.70410000	0.78120000
0.64150000	0.76800000
0.64150000	0.76430000
0.73540000	0.97650000
2.03400000	2.67090000
3.73940000	1.77500000
2.55030000	1.84340000
2.34690000	1.62440000
2.08090000	1.41060000
1.86190000	1.24210000
2.42520000	1.14540000
3.01970000	5.33050000
2.91020000	3.77820000
2.44080000	2.59060000
2.08090000	2.14240000
1.94010000	1.80380000
1.84630000	1.54550000
1.65850000	1.34800000
1.47540000	1.19650000
1.29390000	1.07980000
1.22350000	0.98930000
1.13750000	0.91880000
0.99980000	0.86330000
1.03260000	0.81920000
1.02170000	0.78380000
0.96220000	0.75490000
0.85430000	0.73090000
0.79800000	0.71070000
0.82920000	0.69340000
0.82610000	0.67830000
0.81520000	0.66490000
1.81500000	0.65290000
1.36430000	0.64170000
1.28140000	0.63140000
1.34560000	0.62170000
1.20790000	0.61250000
1.12030000	0.60370000
0.98100000	0.59520000
0.91220000	0.58700000
0.89810000	0.57900000
0.86680000	0.57120000
0.92470000	0.56360000
0.97010000	0.55610000
1.13590000	0.54880000
1.40500000	0.56500000
1.33310000	0.54390000
1.72110000	0.55160000
1.64290000	0.52950000
1.68980000	0.51580000
1.83060000	0.51230000
2.03400000	0.50700000
6.69660000	0.58310000
9.51290000	3.62450000
8.91830000	5.22730000
8.10470000	10.69060000
8.68360000	17.00610000
13.94080000	14.11070000
22.21760000	18.70240000
12.59520000	15.76850000
8.19860000	7.01060000
6.22720000	4.85730000
5.30410000	3.82750000
4.52180000	3.11530000
3.55170000	2.57120000
2.87890000	2.16070000
2.37820000	1.84830000
2.00270000	1.60960000
1.75240000	1.42660000
1.52550000	1.28570000
1.32050000	1.17660000
1.17970000	1.09160000
1.07800000	1.02470000
1.00450000	0.97170000
0.94500000	0.92900000
0.89030000	0.89430000
0.89340000	0.89100000
0.78860000	0.84440000
0.83860000	0.84900000
1.05610000	0.85270000
0.98260000	0.80200000
0.87460000	0.77400000
0.80420000	0.76160000
0.77610000	0.75000000
0.75730000	0.73560000
0.79950000	0.75140000
0.90590000	0.73890000
0.82140000	0.71670000
0.80420000	0.70920000
0.77290000	0.69250000
0.73540000	0.67630000
0.70720000	0.66640000
0.67280000	0.65750000
0.65710000	0.64880000
0.63680000	0.64030000
0.61650000	0.63190000
0.58830000	0.62360000
0.55230000	0.61830000
0.52100000	0.60770000
0.50540000	0.60750000
0.55390000	0.62820000
0.53350000	0.58830000
0.47720000	0.57680000
0.44590000	0.56900000
0.42240000	0.56140000
0.41310000	0.55410000
0.40840000	0.54910000
0.39270000	0.54510000
0.37860000	0.53340000
0.38490000	0.53730000
0.40990000	0.54780000
0.37550000	0.51910000
0.34270000	0.50640000
0.35360000	0.52380000
0.36460000	0.51920000
0.33800000	0.49620000
0.33800000	0.50400000
0.30040000	0.47650000
0.26910000	0.46770000
0.26440000	0.47010000
0.32700000	0.49130000
0.32860000	0.45380000
0.34110000	0.44400000
1.16880000	0.58290000
0.59460000	0.44970000
0.43650000	0.93750000
0.37550000	0.87380000
0.84020000	0.85950000
0.53980000	0.69740000
0.44440000	0.94800000
0.41620000	0.86540000
0.39740000	0.77780000
0.42870000	0.70830000
0.46940000	0.63410000
0.39270000	0.59660000
0.35520000	0.53780000
0.31140000	0.49620000
0.27850000	0.47070000
0.25350000	0.45100000
0.23310000	0.43510000
0.20500000	0.42180000
0.19090000	0.41050000
0.17840000	0.40080000
0.18310000	0.39700000
0.22370000	0.41540000
0.50850000	0.47800000
0.45060000	0.40700000
0.28790000	0.36970000
0.22840000	0.36270000
0.19710000	0.35510000
0.17520000	0.34970000
0.19090000	0.34480000
0.28010000	0.40090000
0.25820000	0.37890000
0.34110000	0.37940000
0.51480000	0.40090000
0.43030000	1.07130000
0.31140000	1.26720000
0.24880000	1.19170000
0.22220000	1.00690000
0.43030000	0.94120000
0.31290000	0.74230000
0.23470000	0.81130000
0.21120000	0.73000000
0.24100000	0.65360000
0.22370000	0.56800000
0.21280000	0.51290000
0.17210000	0.47150000
0.15650000	0.43930000
0.18310000	0.41390000
0.15960000	0.39370000
0.15180000	0.39540000
0.14080000	0.36620000
0.15330000	0.38040000
0.16580000	0.37290000
0.16270000	0.33890000
0.14240000	0.32860000
0.13140000	0.32200000
0.12200000	0.32390000
0.10950000	0.31180000
0.09700000	0.30600000
0.10010000	0.30130000
0.09070000	0.29690000
0.08290000	0.29260000
0.07670000	0.28850000
0.07350000	0.28460000
0.07200000	0.28070000
0.07820000	0.27690000
0.07980000	0.27320000
0.07510000	0.27570000
0.06570000	0.27490000
0.08610000	0.29650000
0.10330000	0.30000000
0.10010000	0.26540000
0.09860000	0.26190000
0.08140000	0.25020000
0.07980000	0.26590000
0.08920000	0.28320000
0.09390000	0.24570000
0.08760000	0.23700000
0.07670000	0.23330000
0.06730000	0.23020000
0.06260000	0.22720000
0.05790000	0.22430000
0.05480000	0.22140000
0.05950000	0.23680000
0.06570000	0.21790000
0.34730000	0.36760000
2.22180000	6.37590000
2.00270000	8.70020000
0.76820000	5.00570000
0.47560000	3.92070000
0.34420000	3.09570000
0.26440000	2.46730000
0.21280000	1.99120000
0.17520000	1.62980000
0.15330000	1.35530000
0.13770000	1.14640000
0.12670000	0.98710000
0.11580000	0.86530000
0.10800000	0.77170000
0.10170000	0.69960000
0.09700000	0.64350000
0.09230000	0.59980000
0.09540000	0.56800000
0.18310000	0.58490000
0.19090000	0.52110000
0.12990000	0.49780000
0.10950000	0.49730000
0.10330000	0.47110000
0.10480000	0.45840000
0.09540000	0.44850000
0.08610000	0.44570000
0.08290000	0.43270000
0.09700000	0.43410000
0.20030000	0.51850000
0.21280000	0.42380000
0.16120000	0.43510000
0.22530000	0.45590000
0.19710000	0.78320000
0.14390000	1.11110000
0.12520000	0.99020000
0.11420000	0.85310000
0.10640000	0.74380000
0.10010000	0.65950000
0.18150000	0.59460000
1.48480000	4.28260000
0.92000000	4.31950000
0.63520000	3.14790000
0.50850000	2.73060000
0.43340000	2.23020000
0.38180000	1.82510000
0.37860000	1.52530000
0.39430000	1.27590000
0.34110000	1.25120000
0.29570000	1.08920000
0.26910000	0.96150000
0.24880000	0.84840000
0.22840000	0.76950000
0.21280000	0.70330000
0.32070000	0.70710000
1.75240000	5.36660000
1.38940000	6.04220000
3.58300000	8.32160000
6.14900000	11.69280000
4.14620000	8.51020000
2.92580000	4.66260000
2.22180000	3.66750000
1.73670000	2.96260000
1.39720000	2.42990000
1.18750000	2.02540000
1.18130000	1.74390000
1.00760000	1.48550000
0.89500000	1.42210000
0.78230000	1.27000000
0.68840000	1.14030000
0.78230000	1.07670000
0.73540000	0.96410000
0.73070000	1.38800000
2.50340000	5.07840000
2.12790000	4.18350000
1.90880000	2.90120000
1.67410000	2.36220000
1.45350000	1.97270000
1.94010000	3.06500000
2.87890000	3.37930000
3.91160000	4.70240000
3.45780000	4.17630000
2.91020000	2.88380000
2.36260000	2.35610000
1.97140000	1.97800000
1.70540000	1.69390000
1.45820000	1.47470000
1.28770000	1.30740000
1.09050000	1.17860000
0.96850000	1.07880000
0.87930000	1.00110000
0.93560000	2.37570000
5.16320000	5.26600000
20.18360000	19.50040000
10.29520000	16.43310000
6.68090000	6.28490000
4.64690000	4.22160000
3.42650000	3.34590000
2.65990000	2.75010000
2.15920000	2.30370000
1.76800000	1.96360000
1.44880000	1.70390000
1.39720000	1.50490000
1.25800000	1.35190000
1.19380000	1.23350000
1.09210000	1.14140000
0.89180000	1.06910000
0.76670000	1.01180000
0.78230000	0.96590000
0.93880000	0.92870000
0.86050000	0.89790000
0.78230000	0.87220000
0.73540000	0.85020000
0.62580000	0.83110000
0.62580000	0.81430000
0.64150000	0.79910000
0.64150000	0.78530000
0.65710000	0.77240000
0.76670000	0.76500000
1.53330000	0.96890000
1.47540000	1.12960000
1.34710000	1.48940000
1.39090000	1.76170000
1.67410000	3.37640000
1.55370000	2.21510000
1.48480000	2.18610000
1.50670000	1.95730000
3.83330000	4.63410000
3.88030000	5.31080000
4.22450000	3.86430000
3.92720000	2.77340000
3.23880000	2.69830000
2.75370000	2.37470000
2.36260000	2.00850000
2.14350000	2.29690000
1.90880000	4.30840000
2.47210000	6.37970000
2.48770000	7.50340000
6.63400000	9.85970000
7.80750000	8.01150000
5.77340000	4.13160000
4.25580000	3.14500000
11.75030000	9.53660000
9.66940000	10.73180000
7.02510000	4.96390000
5.24150000	3.72620000
3.81770000	3.18710000
3.16050000	2.75040000
2.72240000	2.34600000
2.40950000	2.00980000
2.01840000	1.74870000
1.64290000	1.54810000
1.56460000	1.39370000
1.50990000	1.93270000
1.67410000	3.90080000
1.61160000	2.16860000
1.50360000	2.13030000
1.40970000	1.98720000
1.90880000	2.53690000
2.06530000	3.54260000
4.56870000	5.77820000
4.41220000	5.17070000
3.75510000	3.07420000
3.01970000	2.47040000
2.44080000	2.08700000
2.11220000	1.80010000
1.83060000	1.58120000
1.64290000	1.41290000
1.41290000	1.28300000
1.32990000	1.18220000
1.19220000	1.10320000
1.14530000	1.07160000
1.18440000	1.00720000
1.10460000	1.08750000
0.81360000	1.25680000
0.81360000	1.17780000
0.84490000	1.09070000
0.87620000	1.01990000
0.81360000	0.96360000
0.76670000	0.91860000
0.68840000	0.88210000
0.67280000	0.85210000
0.64150000	0.82710000
0.62580000	0.80580000
0.59460000	0.78730000
0.61020000	0.77110000
0.54760000	0.75650000
0.50070000	0.74330000
0.51630000	0.73100000
0.53200000	0.71960000
0.49130000	0.70870000
0.44750000	0.69840000
0.46940000	0.68850000
0.56950000	0.76910000
0.70410000	0.68050000
0.66340000	1.12190000
0.97630000	1.14500000
3.42650000	4.05460000
2.97280000	3.24140000
2.64420000	2.49470000
2.30000000	2.05500000
1.95580000	1.72410000
1.70540000	1.47250000
1.51770000	1.28030000
1.32370000	1.13300000
1.23290000	1.01960000
1.10460000	0.93190000
1.01390000	0.86350000
0.95600000	0.80980000
0.89500000	0.76730000
0.83390000	0.73900000
0.76980000	0.71170000
0.73070000	0.68270000
0.69000000	0.66270000
0.64620000	0.64610000
0.70720000	0.65750000
0.76200000	0.63390000
0.68220000	0.61100000
1.12340000	0.65650000
1.16880000	0.60640000
1.27200000	0.58470000
1.31120000	0.57050000
1.49890000	0.59650000
1.34240000	0.55780000
1.30020000	0.54640000
1.24540000	0.53850000
1.16560000	0.53120000
1.24540000	0.55670000
1.18750000	0.52980000
1.56460000	0.55910000
1.36590000	0.50940000
1.34090000	0.60660000
1.30960000	0.58730000
1.22820000	0.56000000
1.13430000	0.53680000
1.03730000	0.51760000
1.18910000	0.54020000
1.86190000	0.54420000
1.73670000	0.50230000
1.70540000	0.46940000
1.64290000	0.58420000
1.53330000	0.55860000
1.39410000	0.52720000
1.24700000	0.50110000
1.11870000	0.48000000
1.01540000	0.46270000
0.94660000	0.44840000
0.88710000	0.43630000
0.83240000	0.42580000
0.77450000	0.41670000
0.71820000	0.40860000
0.66340000	0.40120000
0.60550000	0.39450000
0.56170000	0.38820000
0.53200000	0.38230000
0.52100000	0.37660000
1.26730000	0.48420000
1.02330000	0.37960000
1.01230000	0.38660000
1.00290000	0.36750000
1.15310000	0.38600000
1.11710000	0.36050000
1.07650000	0.35320000
1.13430000	0.36390000
1.19220000	0.35080000
1.05920000	0.34180000
1.03890000	0.33930000
0.96690000	0.32190000
0.90590000	0.31610000
0.85900000	0.31180000
0.83390000	0.30930000
0.90900000	0.33360000
0.80420000	0.30340000
0.70410000	0.29620000
0.63840000	0.29210000
0.65090000	0.30070000
0.71820000	0.36310000
0.74160000	0.32430000
2.14350000	1.93520000
2.45650000	2.14760000
2.11220000	2.17840000
1.75240000	1.91110000
1.47540000	1.56080000
1.27200000	1.27980000
1.12500000	1.06200000
1.16250000	0.92380000
0.91530000	0.77460000
0.78540000	0.67560000
0.70250000	0.60160000
0.62740000	0.54470000
0.58200000	0.50050000
0.49910000	0.46610000
0.43810000	0.43890000
0.39270000	0.41730000
0.38490000	0.39980000
0.56480000	0.46760000
0.41460000	0.38350000
0.35200000	0.38010000
0.44750000	0.40470000
0.60240000	0.40760000
0.43810000	0.34780000
0.78390000	0.40570000
3.80200000	6.05330000
5.61700000	7.59490000
3.75510000	4.66460000
2.69110000	3.63250000
2.01840000	2.89840000
1.64290000	2.31600000
1.47230000	1.89710000
1.20790000	1.57720000
1.13280000	1.32880000
0.89810000	1.12670000
0.75730000	0.98110000
0.65870000	0.87050000
0.58990000	0.78550000
0.53670000	0.71960000
0.78390000	0.72610000
0.80110000	0.68600000
1.31740000	1.33800000
0.99040000	1.88480000
0.83390000	1.94720000
0.76820000	1.65490000
0.63680000	1.38170000
0.54920000	1.17800000
0.48190000	1.02320000
0.42240000	0.90460000
0.39270000	0.84370000
0.82460000	0.78700000
1.41600000	2.41540000
0.84800000	2.12370000
0.68060000	2.06240000
0.57890000	1.73960000
0.52880000	1.46030000
0.79170000	1.31460000
0.92000000	1.11620000
0.64310000	0.97430000
0.53200000	0.85780000
0.46160000	0.78020000
0.41150000	0.72140000
0.37860000	0.67550000
0.39430000	0.67370000
0.34110000	0.61410000
0.28320000	0.58670000
0.25190000	0.56680000
0.26130000	0.56240000
0.23630000	0.53800000
0.20810000	0.52460000
0.19090000	0.51380000
0.17680000	0.50420000
0.16270000	0.49540000
0.15490000	0.48730000
0.18310000	0.51920000
0.19560000	0.47730000
0.16120000	0.46620000
0.14390000	0.45910000
0.15020000	0.45270000
0.22220000	0.51570000
0.23310000	0.44880000
0.16120000	0.43540000
0.13610000	0.42890000
0.12520000	0.42310000
0.12360000	0.42330000
0.13140000	0.46480000
0.22530000	0.43180000
0.46470000	0.50590000
0.74790000	3.50140000
1.27520000	7.28260000
0.61180000	4.51600000
0.42870000	3.54690000
1.94010000	3.01290000
6.69660000	15.37180000
3.66120000	12.59380000
2.39390000	5.65420000
1.83060000	4.16540000
1.59590000	3.32220000
1.22040000	2.68980000
0.99040000	2.22240000
0.86990000	1.87580000
0.75410000	1.59480000
0.66650000	1.38650000
0.66650000	1.26180000
0.82920000	1.13660000
0.86210000	1.02510000
0.76670000	0.94470000
0.72130000	0.88010000
0.67280000	0.83340000
0.61650000	0.79710000
0.56330000	0.76660000
0.51950000	0.74640000
0.46310000	0.72130000
0.43180000	0.71740000
0.44590000	0.70150000
0.42560000	0.68270000
0.37080000	0.66220000
0.33010000	0.64990000
0.31920000	0.63930000
0.37710000	0.67530000
0.36930000	0.62560000
0.33330000	0.63000000
0.35520000	0.61240000
0.31290000	0.59530000
0.30670000	0.59610000
0.32860000	0.60220000
0.31450000	0.57320000
0.28320000	0.56310000
0.26760000	0.55540000
0.26290000	0.54800000
0.25820000	0.54080000
0.25190000	0.53670000
0.27070000	0.55230000
0.31140000	0.52300000
0.27540000	0.51340000
0.25820000	0.50640000
0.24880000	0.49980000
0.29730000	0.52070000
0.68220000	0.93580000
0.62430000	1.27960000
7.08770000	9.76820000
8.55850000	12.85100000
5.82040000	7.05350000
4.14620000	4.48980000
2.95710000	3.48340000
2.30000000	3.09540000
1.89320000	2.55750000
1.61160000	2.11350000
2.80070000	3.39590000
3.56730000	5.08810000
3.23880000	3.00850000
2.81630000	2.80530000
2.40950000	2.35860000
2.19050000	1.99050000
1.86190000	1.68220000
1.61160000	1.59320000
1.42380000	1.41250000
1.29390000	1.24650000
1.19540000	1.13290000
1.21570000	1.05530000
1.22980000	1.34620000
1.09050000	1.31670000
1.04200000	1.37000000
4.00540000	4.80310000
3.53600000	3.99460000
3.50470000	2.81960000
3.11360000	2.35550000
4.83470000	3.06790000
10.40470000	11.56120000
8.01090000	9.20390000
5.75780000	4.43990000
4.19320000	3.35940000
3.16050000	2.73560000
2.50340000	2.27830000
2.09660000	1.93640000
1.79930000	1.66810000
1.53650000	1.46520000
1.34710000	1.30970000
1.20790000	1.18970000
1.09990000	1.09650000
1.01700000	1.02350000
0.94970000	0.96590000
0.94190000	0.94190000
1.38630000	2.52380000
1.03110000	2.79670000
0.98570000	2.09880000
0.95600000	1.77510000
0.91370000	1.53360000
0.87620000	1.34910000
0.82920000	1.20750000
0.78230000	1.09800000
0.77290000	1.01300000
0.72130000	0.96810000
0.70410000	0.89590000
0.69000000	1.25930000
0.69940000	1.17380000
0.65090000	1.34630000
0.62120000	1.34370000
0.57890000	1.20890000
0.57110000	1.09760000
0.55540000	1.00100000
0.51630000	0.97510000
0.49750000	0.99860000
0.50690000	0.95790000
1.01070000	4.84900000
0.98260000	3.52870000
0.90590000	2.61410000
1.95580000	4.23750000
2.17480000	4.29810000
2.15920000	3.02680000
2.01840000	2.46260000
1.81500000	2.05120000
1.62720000	1.74180000
1.79930000	1.92250000
1.65850000	2.68560000
1.40970000	2.12690000
1.33310000	1.93270000
1.38000000	1.69320000
3.28570000	6.24870000
3.20750000	5.68120000
5.06940000	6.26540000
4.80340000	4.97370000
4.14620000	3.21910000
3.23880000	2.60040000
2.70680000	2.16980000
2.75370000	3.56400000
2.92580000	5.19850000
5.49180000	6.88070000
8.07340000	8.54740000
6.36800000	6.01570000
4.70950000	3.59400000
3.73940000	2.84560000
2.97280000	2.36740000
2.23740000	2.01050000
2.00270000	1.73880000
1.73670000	1.53070000
1.49890000	1.37070000
1.32050000	1.24720000
1.03260000	1.15120000
1.17350000	1.07590000
1.09520000	1.01640000
0.90750000	0.96890000
0.70410000	0.93030000
0.71970000	0.89870000
0.67280000	0.87220000
0.64150000	0.84970000
0.61020000	0.83020000
0.59460000	0.81310000
0.56330000	0.79770000
0.54760000	0.78370000
0.51630000	0.77080000
0.50070000	0.75870000
0.46940000	0.74730000
0.45370000	0.73640000
0.43810000	0.72600000
0.42240000	0.71580000
0.43810000	0.70600000
0.45370000	0.69650000
0.43810000	0.68720000
0.43810000	0.67800000
0.42240000	0.66900000
0.42240000	0.66020000
0.40680000	0.65160000
0.46940000	0.64300000
0.59460000	0.63460000
0.50070000	0.62630000
0.46940000	0.61820000
0.40680000	0.61010000
0.46940000	0.60220000
0.53200000	0.59430000
0.56330000	0.58670000
0.62580000	0.57900000
0.78230000	0.57140000
1.25170000	0.58070000
3.91160000	0.58850000
2.81630000	0.55960000
2.19050000	0.54440000
1.56460000	0.53560000
1.48640000	0.52840000
1.40820000	0.52150000
1.32990000	0.51480000
1.25170000	0.50810000
1.17350000	0.52560000
1.07960000	0.50420000
1.72110000	0.51710000
4.53740000	4.09190000
14.70740000	17.70060000
12.07890000	13.85810000
7.63530000	5.93820000
5.21020000	4.30280000
3.77070000	3.40240000
3.01970000	2.75260000
2.47210000	2.26290000
2.65990000	1.89050000
7.40070000	8.56960000
7.11900000	7.66220000
7.19730000	3.89090000
6.69660000	2.97800000
6.69660000	2.56880000
5.35100000	2.12000000
4.11500000	2.38260000
3.30130000	2.07030000
2.73810000	1.76920000
2.36260000	1.54870000
2.19050000	1.37870000
1.79930000	1.21500000
1.59590000	1.10420000
1.51770000	1.02040000
1.34240000	0.95470000
1.22670000	0.90260000
1.13430000	0.86090000
1.04050000	0.82710000
0.97010000	0.79930000
0.91370000	0.77600000
1.08740000	0.82070000
1.58030000	0.79660000
1.25330000	0.73120000
1.79930000	1.50060000
2.92580000	3.52000000
3.20750000	3.34460000
3.16050000	2.60010000
2.94150000	2.46020000
2.76940000	2.19510000
2.62860000	1.85980000
2.40950000	1.58880000
2.12790000	1.38010000
1.90880000	1.24450000
1.75240000	1.09990000
2.31560000	1.06720000
1.97140000	0.95530000
2.30000000	0.89390000
2.20610000	0.82610000
2.14350000	0.90530000
1.98710000	0.85670000
4.56870000	0.94930000
4.00540000	1.28310000
3.52040000	1.69620000
2.94150000	1.51530000
2.40950000	1.31710000
1.97140000	1.15920000
1.68980000	1.03730000
1.46760000	0.94320000
1.43160000	0.87100000
1.81500000	0.86880000
1.36590000	0.77420000
1.24390000	0.75230000
1.10620000	0.70440000
1.04050000	0.67810000
0.97010000	0.65910000
1.02330000	0.67380000
0.85900000	0.64040000
0.76820000	0.61460000
0.71500000	0.60350000
0.68060000	0.60010000
0.60080000	0.58210000
0.55540000	0.57190000
0.51160000	0.56320000
0.47410000	0.55500000
0.53980000	0.58180000
0.56010000	0.56820000
0.46630000	0.54210000
0.40680000	0.52600000
0.36930000	0.51790000
0.35200000	0.51090000
0.42240000	0.54580000
0.43500000	0.52020000
0.42400000	0.53080000
0.70250000	0.56850000
1.05920000	0.53890000
0.91840000	0.95590000
0.71030000	1.34930000
0.61490000	1.20030000
0.74160000	1.07970000
0.59300000	0.90450000
0.48970000	0.79630000
0.43500000	0.71650000
0.38960000	0.65740000
0.35520000	0.61810000
0.32540000	0.57100000
0.29570000	0.54000000
0.27380000	0.51590000
0.25350000	0.49640000
0.23470000	0.48030000
0.34730000	0.52080000
0.30040000	0.46170000
0.22530000	0.44590000
0.19870000	0.43630000
0.18150000	0.42820000
0.17210000	0.42080000
0.16270000	0.41400000
0.15650000	0.40760000
0.18620000	0.44780000
0.21120000	0.42930000
0.19400000	0.39410000
0.15020000	0.38520000
0.13460000	0.37950000
0.12670000	0.37440000
0.12200000	0.36940000
0.13140000	0.39290000
0.30980000	0.45520000
0.24250000	0.36640000
0.16270000	0.35140000
0.13610000	0.34580000
0.12200000	0.34120000
0.11270000	0.33670000
0.13460000	0.36920000
0.14240000	0.34710000
0.12360000	0.33220000
0.11110000	0.32050000
0.10010000	0.31540000
0.09230000	0.31120000
0.10950000	0.34820000
0.12670000	0.33250000
0.17050000	0.34690000
0.15330000	0.30100000
0.11270000	0.29210000
0.10170000	0.28780000
0.11420000	0.31540000
0.12200000	0.29120000
0.10640000	0.27790000
0.11270000	0.28140000
0.13930000	0.32190000
0.13460000	0.27230000
0.11110000	0.26320000
0.09540000	0.25920000
0.08760000	0.25570000
0.08140000	0.25240000
0.09230000	0.27560000
0.08450000	0.27110000
0.07980000	0.24570000
0.08140000	0.25200000
0.07980000	0.25760000
0.43500000	0.55480000
0.45530000	1.10830000
0.25190000	1.44290000
0.23000000	1.20550000
0.17370000	0.98800000
0.14240000	0.82160000
0.12200000	0.69110000
0.10800000	0.59290000
0.09860000	0.51800000
0.09070000	0.46060000
0.08290000	0.41970000
0.07670000	0.38240000
0.09540000	0.38850000
0.94190000	3.12720000
0.98570000	5.42520000
0.52260000	3.39450000
0.43030000	3.09230000
0.38650000	2.50290000
0.34730000	2.02060000
0.26290000	1.63570000
0.21120000	1.35110000
0.17990000	1.13560000
0.23310000	0.97160000
0.70250000	0.91250000
0.31760000	0.75810000
0.20810000	0.67690000
0.16270000	0.61890000
0.14080000	0.57420000
0.12520000	0.53910000
0.11270000	0.51120000
0.10640000	0.48880000
0.09860000	0.47050000
0.11270000	0.52830000
0.22690000	0.47520000
0.19870000	0.43570000
0.15180000	0.43720000
0.13610000	0.41570000
0.12670000	0.40650000
0.12520000	0.45850000
0.18780000	0.40660000
0.15490000	0.40010000
0.12360000	0.39170000
0.10950000	0.38390000
0.10170000	0.37680000
0.09540000	0.37020000
0.08920000	0.36420000
0.08450000	0.35860000
0.07670000	0.35320000
0.07200000	0.34810000
0.07040000	0.34320000
0.07200000	0.36040000
0.08450000	0.38690000
0.17050000	0.35250000
0.12670000	0.32750000
0.10170000	0.32080000
0.08920000	0.31630000
0.10330000	0.31210000
0.08920000	0.30800000
0.06880000	0.30400000
0.07200000	0.30000000
0.07200000	0.30100000
0.06880000	0.29280000
0.06730000	0.28860000
0.06730000	0.29510000
0.07670000	0.28310000
0.08760000	0.31410000
0.07980000	0.27990000
0.07820000	0.27080000
0.07510000	0.26670000
0.07510000	0.26320000
0.07350000	0.25970000
0.07040000	0.25640000
0.07350000	0.25300000
0.09540000	0.31060000
0.13930000	0.25380000
0.10950000	0.24400000
0.10800000	0.28650000
0.32700000	1.77710000
0.37080000	2.09960000
0.23000000	1.99990000
0.21750000	1.67550000
0.24720000	1.65620000
0.20810000	1.68870000
0.17210000	1.52600000
0.15330000	1.26590000
0.14550000	1.05360000
0.13930000	0.88830000
0.12830000	0.76290000
0.12360000	0.66710000
0.12200000	0.61150000
0.15330000	0.77160000
0.25350000	1.63940000
0.20500000	1.74920000
0.17680000	1.56440000
0.17370000	1.32260000
0.18620000	1.09520000
0.17840000	1.20860000
0.20180000	1.13110000
0.31760000	1.43630000
0.57580000	3.44930000
1.03580000	4.04430000
0.73220000	2.95070000
0.64150000	2.58070000
0.60710000	2.11770000
0.68530000	1.74970000
1.07180000	3.57260000
1.03580000	3.11150000
1.09840000	2.76690000
0.94820000	2.44060000
0.86520000	2.29930000
0.91220000	2.06020000
4.83470000	8.41300000
3.39520000	6.82850000
2.53470000	3.77430000
1.90880000	2.91620000
1.47390000	2.37610000
1.20790000	1.97710000
1.23290000	1.67430000
1.18910000	1.44320000
0.98570000	1.26640000
0.78230000	1.13060000
0.76670000	1.02590000
0.80890000	0.94450000
0.68220000	0.88090000
0.74630000	0.83070000
0.83390000	0.79060000
2.50340000	4.68390000
3.25440000	4.78810000
2.95710000	2.81640000
2.39390000	2.25180000
2.15920000	1.87530000
1.81500000	1.59330000
1.45510000	1.37870000
1.24700000	1.21430000
1.13430000	1.08790000
1.03580000	0.99030000
0.94660000	0.91430000
3.72380000	0.85490000
11.53120000	5.66890000
6.80610000	5.56160000
4.52180000	3.12330000
3.31700000	2.56780000
2.61290000	2.13680000
3.06670000	1.82040000
2.84760000	2.22800000
2.50340000	1.88290000
2.19050000	1.68050000
1.90880000	1.45900000
1.48640000	1.28120000
1.37530000	1.14390000
1.35030000	1.03790000
1.21730000	0.95550000
1.65850000	3.03700000
3.17620000	11.02910000
5.06940000	13.59510000
4.72520000	7.84980000
4.99110000	6.30830000
4.45920000	5.97850000
3.73940000	3.91160000
3.23880000	3.38240000
2.72240000	2.80750000
2.22180000	2.34260000
1.83060000	1.98590000
1.64290000	1.71350000
1.38780000	1.50490000
1.22040000	1.34480000
0.95440000	1.22110000
0.93880000	1.12510000
0.92310000	1.05000000
0.87620000	0.99060000
0.81360000	0.94330000
0.78230000	0.90500000
0.86520000	0.87350000
0.76670000	0.84740000
0.71500000	0.82510000
1.05770000	0.83460000
0.93880000	0.79560000
0.88710000	0.95390000
1.65850000	0.95250000
1.30330000	0.90140000
1.23600000	0.85510000
2.62860000	0.83970000
12.61080000	18.51480000
16.74140000	21.34930000
9.73190000	10.88850000
6.38360000	5.30500000
4.58430000	3.89360000
3.19180000	3.13540000
2.55030000	2.58860000
2.37820000	2.17500000
1.95580000	1.85970000
1.64290000	1.61890000
1.37690000	1.43430000
1.28300000	1.29190000
2.39390000	1.21620000
2.53470000	1.10080000
1.73670000	1.25680000
1.56460000	1.17680000
1.50830000	1.08980000
1.40030000	1.01900000
1.25170000	0.96280000
1.17350000	0.91780000
1.14690000	0.88140000
1.07800000	0.85140000
0.90750000	0.82640000
0.81360000	0.80510000
0.93720000	0.78670000
0.84180000	0.77050000
0.81830000	0.75590000
2.45650000	0.80220000
8.54280000	9.63850000
6.21150000	8.64880000
5.10070000	3.89080000
8.55850000	6.25380000
7.22850000	5.79390000
4.95980000	3.60080000
3.91160000	2.95760000
3.42650000	2.44830000
2.75370000	2.05660000
2.72240000	1.76150000
4.19320000	4.60010000
4.77210000	6.93460000
4.05240000	3.24260000
3.58300000	2.98770000
4.03670000	2.54440000
9.05920000	10.12960000
7.27550000	8.64090000
5.52310000	4.11400000
4.19320000	3.10260000
3.33260000	2.55200000
2.75370000	2.15070000
2.61290000	1.84650000
2.40950000	1.62690000
7.27550000	6.07530000
7.29110000	6.25010000
5.57000000	3.08540000
5.77340000	2.44700000
6.75920000	15.85270000
8.24550000	14.99370000
6.57140000	5.85920000
5.35100000	3.91720000
4.89730000	3.13380000
4.33400000	2.98750000
3.97410000	2.73720000
3.53600000	2.34300000
3.09790000	2.01280000
2.72240000	1.75670000
2.48770000	1.57780000
2.69110000	1.43830000
2.34690000	1.30160000
2.14350000	1.20610000
1.89320000	1.12790000
1.72110000	1.06980000
1.58030000	1.02360000
1.46290000	0.98600000
1.34400000	0.95480000
1.27670000	0.92850000
1.33780000	0.93220000
1.13590000	0.88950000
1.07800000	0.86910000
1.04360000	0.85840000
0.97010000	0.83920000
0.98260000	0.82510000
1.26110000	0.87790000
1.29860000	0.82240000
1.78370000	0.83140000
1.61160000	0.78280000
1.55520000	0.76750000
1.50050000	0.76500000
1.41750000	0.74740000
1.64290000	0.78740000
1.42540000	0.73280000
1.28610000	0.71770000
1.21570000	0.70770000
1.16250000	0.71370000
1.10930000	0.69240000
1.02170000	0.69170000
0.90750000	0.67270000
1.00610000	0.70170000
1.07330000	0.68010000
0.88560000	0.64840000
0.85270000	0.65300000
1.03890000	0.65220000
1.86190000	0.68880000
1.76800000	0.64090000
2.04970000	0.97060000
1.92450000	1.27490000
1.86190000	1.45300000
1.72110000	1.29290000
1.50520000	1.12680000
1.28770000	0.99360000
1.12030000	0.89400000
0.98570000	0.81740000
0.89810000	0.75770000
0.79010000	0.71080000
0.68690000	0.67360000
0.61180000	0.64370000
0.57730000	0.62610000
0.57110000	0.61420000
0.50850000	0.58430000
0.45060000	0.56820000
0.47250000	0.58280000
0.46470000	0.55380000
0.40210000	0.53540000
0.34890000	0.52530000
0.31610000	0.51660000
0.33010000	0.53450000
0.29730000	0.50420000
0.26760000	0.51290000
0.24250000	0.48920000
0.21440000	0.48040000
0.22530000	0.49410000
0.21590000	0.47760000
0.22840000	0.48500000
0.23940000	0.46970000
0.22690000	0.46010000
0.22690000	0.47090000
0.22220000	0.44040000
0.22060000	0.46620000
0.30200000	0.49860000
0.46780000	0.46990000
0.33640000	0.43240000
0.23470000	0.46760000
0.20650000	0.46280000
0.19400000	0.44180000
0.19090000	0.43620000
0.19400000	0.42170000
0.21590000	0.42680000
0.21440000	0.41770000
0.19090000	0.38850000
0.18150000	0.37890000
0.22220000	0.41920000
0.24880000	0.37180000
0.18620000	0.36100000
0.16580000	0.35520000
0.17520000	0.36950000
0.24100000	0.34870000
0.17370000	0.35490000
0.16270000	0.33740000
0.14860000	0.35940000
0.25660000	0.36110000
0.66340000	0.43760000
0.33800000	0.66600000
0.22530000	0.94680000
0.18930000	0.84120000
0.30200000	0.74190000
0.20650000	0.62950000
0.16900000	0.55420000
0.16270000	0.54200000
0.15800000	0.46380000
0.17990000	0.42970000
0.23160000	0.45760000
0.26290000	0.45500000
0.21280000	0.82040000
0.15650000	1.20320000
0.13300000	1.05450000
0.12050000	0.88830000
0.11110000	0.75630000
0.10800000	0.66520000
0.10170000	0.57870000
0.11270000	0.58480000
0.20810000	0.50140000
0.15650000	0.43930000
0.12360000	0.40810000
0.11420000	0.41090000
0.09860000	0.37080000
0.10330000	0.37570000
0.10330000	0.36410000
0.11730000	0.37730000
0.14390000	0.34120000
0.13300000	0.33320000
0.11580000	0.31120000
0.10010000	0.30360000
0.09070000	0.32360000
0.09700000	0.29620000
0.09230000	0.28890000
0.08140000	0.28430000
0.07200000	0.28010000
0.06570000	0.27620000
0.06260000	0.27230000
0.05790000	0.26860000
0.05630000	0.26490000
0.06100000	0.26140000
0.06100000	0.29180000
0.06410000	0.25860000
0.07200000	0.25160000
0.06880000	0.25580000
0.14240000	0.34760000
0.14710000	0.27020000
0.11580000	0.24150000
0.08920000	0.23550000
0.07510000	0.23220000
0.06880000	0.22900000
0.06260000	0.22610000
0.05790000	0.22310000
0.06260000	0.24050000
0.06410000	0.23360000
0.05790000	0.21640000
0.05790000	0.22400000
0.05790000	0.22580000
0.05630000	0.20830000
0.06410000	0.20380000
0.08290000	0.23730000
0.09700000	0.22580000
0.08610000	0.19900000
0.07670000	0.19390000
0.07040000	0.19080000
0.06410000	0.18820000
0.05790000	0.18580000
0.05480000	0.18340000
0.05480000	0.18100000
0.05790000	0.17860000
0.06410000	0.17630000
0.05320000	0.17400000
0.05320000	0.17170000
0.05160000	0.16950000
0.08760000	0.22110000
0.63990000	0.26100000
0.54140000	0.52830000
0.25820000	1.11500000
0.18310000	1.36510000
0.14860000	1.15140000
0.14080000	1.11570000
0.13140000	1.17900000
0.12830000	1.13080000
0.11270000	0.94160000
0.10010000	0.77980000
0.09230000	0.65490000
0.09390000	0.56790000
0.08920000	0.48780000
0.08760000	0.43110000
0.08450000	0.38810000
0.08140000	0.35480000
0.07980000	0.32890000
0.07820000	0.30890000
0.07980000	0.30370000
0.08140000	0.28900000
0.09700000	0.27000000
0.09230000	0.26030000
0.07510000	0.25290000
0.07670000	0.25380000
0.07820000	0.25180000
0.07670000	0.23760000
0.07670000	0.23210000
0.17370000	0.28460000
0.84960000	2.51440000
0.42560000	2.42930000
0.30820000	2.46490000
0.35050000	2.43530000
0.26760000	2.27810000
0.21900000	2.05210000
0.19240000	1.68040000
0.17050000	1.37460000
0.15490000	1.14000000
0.14550000	0.96140000
0.13770000	0.82520000
0.13140000	0.72100000
0.13140000	0.64110000
0.13460000	0.59370000
0.13610000	0.53350000
0.13140000	0.49920000
0.12360000	0.46580000
0.11730000	0.44190000
0.12200000	0.43650000
0.12830000	0.43140000
0.23000000	0.53310000
0.94030000	3.63610000
0.58360000	2.79340000
0.43650000	2.53710000
0.36300000	2.13280000
0.32070000	1.74360000
0.30040000	1.43910000
0.23470000	1.20660000
0.23470000	1.02950000
0.22060000	0.89420000
0.26130000	0.79050000
0.25500000	0.71080000
0.23470000	0.64910000
0.22220000	0.60100000
0.21590000	0.56330000
0.21440000	0.53340000
0.47250000	0.54380000
0.73220000	0.75090000
0.56170000	1.05050000
0.48660000	1.09070000
0.49750000	0.98850000
0.43030000	0.86350000
0.39120000	0.76250000
0.34420000	0.68430000
0.37550000	0.62380000
0.83710000	0.86110000
1.61160000	3.21310000
1.50200000	2.61010000
1.26890000	2.35900000
1.00140000	1.97930000
1.17350000	1.63480000
2.81630000	1.39280000
2.26870000	1.46480000
1.95580000	1.56420000
1.67410000	1.45260000
1.45820000	1.24720000
1.25800000	1.07640000
1.04830000	0.94430000
0.93880000	0.84280000
1.06240000	0.76440000
2.95710000	0.72970000
2.36260000	0.94530000
2.03400000	1.14680000
3.34830000	2.05840000
4.33400000	4.95850000
3.58300000	3.73270000
2.91020000	3.28620000
2.17480000	2.74190000
1.92450000	2.51700000
1.64290000	2.21370000
1.33620000	1.86000000
1.26580000	1.56930000
1.05770000	1.34550000
1.06710000	1.17410000
1.07960000	1.04270000
0.90120000	0.94150000
0.82770000	0.86300000
0.78230000	0.80180000
0.70410000	0.75370000
0.62580000	0.71540000
0.53200000	0.68460000
0.46940000	0.65940000
0.45370000	0.63860000
0.45370000	0.62110000
0.43810000	0.60600000
0.42240000	0.59290000
0.40680000	0.58120000
0.39120000	0.57060000
0.37550000	0.56090000
0.35990000	0.55190000
0.34420000	0.54350000
0.32860000	0.53540000
0.31290000	0.52770000
0.31290000	0.52030000
0.29730000	0.51310000
0.29730000	0.50620000
0.28160000	0.49930000
0.26600000	0.49270000
0.25030000	0.48610000
0.23470000	0.47970000
0.21900000	0.47340000
0.20340000	0.46720000
0.18780000	0.46110000
0.17210000	0.45510000
0.18780000	0.44910000
0.62580000	0.44330000
1.25170000	0.43750000
1.87750000	0.43180000
3.91160000	0.46050000
6.72790000	8.84850000
6.47750000	8.04660000
4.60000000	4.27400000
3.45780000	3.34670000
2.67550000	2.68130000
2.11220000	2.17790000
1.87750000	1.79610000
1.70540000	1.50560000
1.42070000	1.28430000
1.25800000	1.11540000
1.13120000	0.98590000
0.97790000	0.88630000
0.84800000	0.80920000
0.83390000	0.74920000
0.87620000	0.70220000
1.35180000	0.74040000
2.72240000	1.09790000
2.30000000	1.45410000
2.14350000	1.39820000
1.79930000	1.21500000
1.64290000	1.05870000
1.48640000	0.93730000
1.41440000	0.84370000
1.58030000	3.54280000
2.61290000	10.09330000
11.71900000	19.82120000
10.13870000	15.24790000
7.49450000	7.86900000
5.47620000	4.95660000
4.27140000	4.17160000
3.50470000	3.40040000
2.92580000	2.78440000
2.44080000	2.31280000
2.09660000	1.95350000
1.87750000	1.67960000
1.87750000	1.49710000
1.70540000	1.31420000
1.46920000	1.18580000
1.34710000	1.08920000
1.23600000	1.01400000
1.11400000	0.95480000
1.05770000	0.90760000
1.03110000	0.87020000
1.10310000	0.86610000
0.99510000	0.81590000
0.96220000	0.79820000
1.02480000	0.79180000
0.96380000	0.75780000
0.92470000	0.74100000
1.02640000	0.75640000
1.29860000	0.73480000
2.67550000	0.85560000
2.47210000	1.20910000
2.61290000	1.67550000
2.53470000	1.49540000
2.22180000	1.43720000
1.97140000	1.26950000
1.75240000	1.12580000
1.78370000	1.04100000
1.52390000	0.93020000
1.35340000	0.85950000
1.28610000	0.80610000
1.45670000	0.79600000
1.40820000	0.74780000
1.27200000	0.70450000
1.22670000	0.67980000
1.19220000	0.66050000
1.19380000	0.65730000
1.33930000	0.65880000
1.22350000	0.62590000
1.13120000	0.61310000
1.03110000	0.59630000
0.97480000	0.58590000
0.92160000	0.57670000
0.87620000	0.56810000
0.82610000	0.55990000
0.83080000	0.57240000
0.76670000	0.54680000
0.78540000	0.55730000
0.91840000	0.56500000
0.83080000	0.52680000
0.77920000	0.51610000
0.75260000	0.50890000
0.75880000	0.51410000
0.81520000	0.52090000
0.80420000	0.49210000
0.89810000	0.50900000
0.84800000	0.48930000
0.76510000	0.47170000
0.73070000	0.46420000
0.69630000	0.45800000
0.70090000	0.47420000
0.76980000	0.48180000
0.77920000	0.44460000
2.61290000	0.56410000
2.04970000	0.91980000
1.89320000	1.32270000
1.67410000	1.17240000
1.44260000	1.00260000
1.22510000	0.86720000
1.04990000	0.76310000
0.92000000	0.68310000
0.80420000	0.62140000
0.72910000	0.57330000
1.00760000	0.60950000
0.81200000	0.52500000
1.47070000	0.59100000
1.24860000	0.93080000
1.09520000	1.28560000
1.00760000	1.13640000
0.92940000	0.97460000
0.86990000	0.84520000
0.78540000	0.74810000
0.68690000	0.66450000
0.65400000	0.61210000
0.56800000	0.55860000
0.51010000	0.52990000
0.51630000	0.53390000
0.51160000	0.47450000
0.43180000	0.45140000
1.92450000	0.56390000
1.65850000	0.79710000
1.43480000	1.09160000
1.21100000	0.97550000
1.01540000	0.84060000
0.91370000	0.73480000
1.92450000	0.75960000
1.51770000	0.61150000
1.76800000	0.93620000
3.42650000	2.21730000
3.09790000	2.27070000
2.58160000	2.16550000
2.03400000	1.79620000
1.59590000	1.48130000
1.38310000	1.24660000
1.32990000	1.09460000
1.02170000	0.91710000
1.01070000	0.83400000
1.01700000	0.75720000
1.15160000	0.69100000
1.05920000	0.64750000
1.05610000	0.58880000
0.95910000	0.66280000
0.83080000	0.64050000
0.74320000	0.59440000
0.69310000	0.57840000
0.64150000	0.52820000
0.54610000	0.49900000
0.47410000	0.47820000
0.43970000	0.46160000
0.67440000	0.51780000
0.50540000	0.44440000
0.39430000	0.42660000
0.34270000	0.41690000
0.30980000	0.40950000
0.29100000	0.40170000
0.31920000	0.42770000
0.31290000	0.39670000
0.26440000	0.38370000
0.23780000	0.37970000
0.26130000	0.38800000
0.46470000	0.38710000
0.61490000	0.42260000
0.56480000	0.40110000
0.70410000	0.40520000
0.81670000	0.65880000
0.58520000	1.27230000
0.50690000	1.54610000
1.40190000	1.79590000
1.64290000	3.00480000
1.95580000	2.68230000
1.62720000	2.51620000
1.73670000	2.36340000
1.33930000	1.92260000
1.12810000	1.96590000
0.93250000	1.66280000
0.77920000	1.39120000
0.64620000	1.18030000
1.39250000	1.12510000
2.09660000	1.98720000
1.46600000	1.87040000
1.65850000	2.12920000
1.97140000	1.82510000
1.68980000	1.51010000
1.39560000	1.27830000
1.12970000	1.10270000
0.93410000	0.96850000
0.80270000	0.86540000
0.95910000	0.83210000
1.16250000	0.77330000
1.21880000	0.73210000
1.20320000	0.93690000
0.99980000	1.12620000
0.86520000	1.13980000
0.73690000	1.00740000
0.62580000	0.89210000
0.57580000	0.82040000
0.52260000	0.73450000
0.67750000	0.73600000
0.55860000	0.65820000
0.45220000	0.61280000
0.39740000	0.57580000
0.35360000	0.55260000
0.31760000	0.53430000
0.29100000	0.51900000
0.27220000	0.50600000
0.25030000	0.49470000
0.23470000	0.48470000
0.23160000	0.47860000
0.22840000	0.46780000
0.21120000	0.45990000
0.21750000	0.45270000
0.29100000	0.50490000
0.27380000	0.45920000
0.22530000	0.43550000
0.20180000	0.42750000
0.18460000	0.42150000
0.17050000	0.41630000
0.16270000	0.41030000
0.15650000	0.40470000
0.14860000	0.39940000
0.14240000	0.39410000
0.14080000	0.39130000
0.14080000	0.39180000
0.14390000	0.39050000
0.13930000	0.37530000
0.13770000	0.36910000
0.21280000	0.43290000
0.48500000	0.42130000
0.50690000	0.40000000
0.33800000	0.65180000
0.26910000	0.88680000
0.24410000	1.00220000
0.35670000	1.09000000
0.42400000	1.48260000
0.31760000	1.65820000
0.28480000	1.40310000
0.28790000	1.19870000
0.30670000	0.99760000
0.28480000	1.09840000
0.28010000	1.05730000
0.28010000	1.01640000
0.25190000	1.19110000
0.23630000	1.04450000
0.23310000	0.90980000
0.25660000	0.78470000
0.33950000	1.01080000
0.48030000	2.28560000
0.69160000	2.26330000
0.73540000	2.14590000
0.64150000	1.93400000
0.64150000	1.61070000
0.62900000	1.34580000
0.66180000	1.14220000
1.33930000	1.54710000
1.98710000	2.73130000
1.75240000	2.22370000
1.61160000	2.17430000
2.62860000	1.88130000
3.20750000	3.88060000
2.65990000	2.79230000
2.42520000	2.71860000
2.12790000	2.27850000
1.73670000	1.88040000
1.50360000	1.57860000
1.31120000	1.34820000
1.16880000	1.17260000
1.08120000	1.04890000
0.96220000	0.93560000
0.87620000	0.85420000
0.79800000	0.79150000
0.73540000	0.74240000
0.67750000	0.70350000
0.62900000	0.67220000
0.59770000	0.64680000
0.57730000	0.62580000
0.55860000	0.60810000
0.53350000	0.59300000
0.50070000	0.57990000
0.47250000	0.56830000
0.47720000	0.56000000
0.96220000	0.61740000
0.81830000	0.94020000
0.73220000	1.27270000
0.71970000	1.14500000
0.76820000	1.01910000
0.91370000	1.02250000
0.92000000	1.19260000
0.99670000	1.33600000
1.02640000	1.47790000
0.99350000	1.52890000
1.01230000	1.49010000
1.03890000	1.52020000
0.97790000	1.59750000
1.61160000	3.34750000
1.86190000	2.83100000
1.92450000	2.47580000
1.90880000	2.09010000
1.72110000	1.74220000
1.56460000	1.47150000
1.73670000	1.26440000
2.80070000	1.10600000
1.98710000	0.98450000
1.75240000	0.89080000
1.62720000	0.81810000
1.79930000	0.76140000
1.98710000	0.71670000
2.19050000	0.68110000
1.94010000	0.65250000
1.78370000	0.62900000
1.76800000	0.60950000
1.59590000	0.59310000
1.44730000	0.57890000
1.31120000	0.56650000
1.06390000	0.55550000
1.01700000	0.54550000
0.93880000	0.53630000
1.89320000	0.57560000
3.92720000	1.89810000
3.42650000	1.76850000
2.92580000	1.84430000
2.34690000	1.68850000
2.19050000	1.43950000
1.97140000	1.22700000
1.70540000	1.06240000
1.40820000	0.93620000
1.17350000	0.83910000
1.12650000	0.76410000
1.06390000	0.70580000
0.93880000	0.66010000
0.82920000	0.62390000
0.78230000	0.59500000
0.65710000	0.57150000
0.65710000	0.55220000
0.67280000	0.53610000
0.68840000	0.52240000
0.70410000	0.51050000
0.70410000	0.50000000
0.73540000	0.49060000
0.71970000	0.48200000
1.48640000	0.95050000
1.72110000	2.76110000
1.42220000	2.38270000
1.22040000	2.34570000
1.16880000	2.07310000
1.04830000	1.72290000
1.09050000	1.44020000
16.42850000	15.18020000
16.74140000	21.22880000
8.88700000	12.35060000
5.86730000	5.93800000
4.00540000	4.40340000
3.06670000	3.51110000
2.48770000	2.85610000
2.25310000	2.36040000
1.84630000	1.98330000
1.62720000	1.69590000
1.38780000	1.47660000
1.21100000	1.30830000
1.06390000	1.17870000
0.92310000	1.07830000
0.89180000	1.00010000
0.86050000	0.93860000
0.79800000	0.89000000
0.75100000	0.85090000
0.70410000	0.81900000
0.64150000	0.79260000
0.62580000	0.77040000
0.58670000	0.75150000
0.58200000	0.73490000
0.54450000	0.72030000
0.52570000	0.70700000
0.50220000	0.69490000
0.46630000	0.68370000
0.45060000	0.67320000
0.42710000	0.66320000
0.43340000	0.65360000
0.42400000	0.64440000
0.41150000	0.63550000
0.35990000	0.62680000
0.43030000	0.61840000
0.44120000	0.61010000
0.38650000	0.60200000
0.37080000	0.59400000
0.36460000	0.58620000
0.35990000	0.57850000
0.34890000	0.57100000
0.33950000	0.56350000
0.36300000	0.55620000
0.50070000	0.54890000
0.83240000	0.57760000
0.96220000	0.60960000
1.03260000	0.62820000
2.12790000	2.02110000
4.41220000	4.52150000
11.68770000	11.25100000
9.52850000	9.68460000
7.00950000	4.77840000
5.31970000	3.87740000
4.31840000	3.24220000
3.62990000	2.69370000
3.09790000	2.22640000
2.69110000	1.86480000
2.42520000	1.58880000
3.52040000	1.43420000
3.27010000	1.23720000
2.86330000	1.09480000
3.62990000	2.20680000
3.08230000	1.66520000
2.87890000	1.94910000
4.69390000	2.10130000
3.95850000	1.91680000
3.45780000	2.18890000
2.94150000	1.90360000
2.48770000	1.62600000
2.14350000	1.40810000
1.86190000	1.24050000
1.62720000	1.11170000
1.58030000	1.03500000
1.58030000	0.94230000
1.32050000	0.87500000
1.38000000	0.85240000
1.20630000	0.79120000
1.07330000	0.75710000
0.99510000	0.73120000
0.92310000	0.70970000
0.86680000	0.69150000
0.81990000	0.67580000
0.80420000	0.66190000
0.81520000	0.66450000
0.76820000	0.64270000
0.70560000	0.62810000
0.64620000	0.61780000
0.60860000	0.60840000
0.58830000	0.59960000
0.54920000	0.59110000
0.51160000	0.58280000
0.67900000	0.63560000
1.37840000	0.63680000
2.72240000	0.65550000
2.40950000	1.09780000
2.25310000	1.55440000
1.98710000	1.38400000
1.73670000	1.19130000
1.49730000	1.03760000
1.34710000	0.93140000
1.21410000	0.85010000
1.02800000	0.76770000
1.01700000	0.75010000
0.94970000	0.66500000
1.05610000	0.68130000
1.04990000	0.62340000
0.87310000	0.64760000
0.82920000	0.80400000
2.08090000	2.42340000
2.14350000	2.17870000
2.62860000	2.13110000
2.65990000	1.78960000
2.28430000	1.82160000
2.01840000	1.62080000
1.94010000	1.39850000
2.04970000	1.23450000
1.64290000	1.03870000
1.38470000	1.38570000
1.21880000	1.24370000
1.15310000	1.10670000
1.06390000	0.96700000
0.93250000	0.86150000
0.83240000	0.78480000
0.75730000	0.72580000
0.68370000	0.67960000
0.62270000	0.64300000
0.56640000	0.61360000
0.51630000	0.58980000
0.95130000	0.65260000
0.78070000	0.58470000
0.59770000	0.54460000
0.53040000	0.53970000
0.48030000	0.52940000
0.81670000	0.60930000
0.99980000	0.53410000
0.67900000	0.68950000
0.64460000	0.76570000
0.85900000	0.76140000
0.68530000	0.65610000
0.58830000	0.84300000
0.58990000	0.77880000
0.72910000	0.76340000
0.58990000	0.65050000
0.51950000	0.60490000
0.53980000	0.58760000
0.47410000	0.53250000
0.41930000	0.50570000
0.38330000	0.48610000
0.35520000	0.47020000
0.33010000	0.45680000
0.32390000	0.46130000
0.43810000	0.48120000
0.47100000	0.46010000
0.35050000	0.42270000
0.29730000	0.41740000
0.27850000	0.41270000
0.30200000	0.41830000
0.26600000	0.39500000
0.22370000	0.38720000
0.20340000	0.38160000
0.18780000	0.37630000
0.17370000	0.37110000
0.16120000	0.36610000
0.15180000	0.36120000
0.14390000	0.35640000
0.13460000	0.35170000
0.13300000	0.34710000
0.53510000	0.50550000
0.36460000	0.35760000
0.22060000	0.33560000
0.18150000	0.33330000
0.17840000	0.34520000
0.16900000	0.32310000
0.16120000	0.31680000
0.15180000	0.31940000
0.13930000	0.34660000
0.14710000	0.32910000
0.15650000	0.30640000
0.13770000	0.30510000
0.12990000	0.29810000
0.15490000	0.34310000
0.23780000	0.33090000
0.71190000	0.36160000
1.29860000	3.29030000
0.56480000	2.83290000
0.41460000	2.55340000
0.68220000	2.16570000
0.65090000	2.13790000
0.43970000	2.22840000
0.37550000	1.85920000
0.36300000	1.52980000
0.32230000	1.26830000
0.27690000	1.07110000
0.24880000	0.92700000
0.23000000	0.81500000
0.20180000	0.71850000
0.17370000	0.64950000
0.15650000	0.59660000
0.14390000	0.55700000
0.13610000	0.52310000
0.13300000	0.49710000
0.17680000	0.50370000
0.16120000	0.46560000
0.17680000	0.47780000
0.22840000	0.47450000
0.20810000	0.42970000
0.15180000	0.41440000
0.12670000	0.40570000
0.11580000	0.39830000
0.10640000	0.39160000
0.65090000	0.71280000
0.99670000	1.41350000
0.51790000	1.86030000
0.42240000	1.96820000
0.35200000	1.92880000
0.29730000	1.61260000
0.25660000	1.33830000
0.22840000	1.12620000
0.20500000	0.96430000
0.18620000	0.84050000
0.17050000	0.74560000
0.15490000	0.67260000
0.14080000	0.61600000
0.13300000	0.57180000
0.12360000	0.54050000
0.11890000	0.50990000
0.11580000	0.48740000
0.10800000	0.47710000
0.10480000	0.46030000
0.10480000	0.44290000
0.10170000	0.43100000
0.10170000	0.43300000
0.10170000	0.42240000
0.09540000	0.40670000
0.08920000	0.39880000
0.08760000	0.39230000
0.10800000	0.43480000
0.12200000	0.38640000
0.12200000	0.37560000
0.10170000	0.37720000
0.08920000	0.36550000
0.08450000	0.35980000
0.08140000	0.36410000
0.07980000	0.35120000
0.07670000	0.34550000
0.06880000	0.34090000
0.07350000	0.33640000
0.12670000	0.42010000
0.18780000	0.36050000
2.19050000	0.37160000
8.18300000	18.22740000
3.39520000	16.18930000
2.08090000	6.68720000
1.54120000	4.74300000
1.62720000	4.02990000
2.97280000	5.52360000
3.88030000	7.14400000
3.22310000	3.95250000
2.58160000	3.53860000
2.01840000	2.90960000
1.64290000	2.39010000
1.90880000	2.36130000
1.49110000	2.01630000
1.25010000	2.13880000
1.17030000	1.87050000
1.03260000	1.60290000
0.89970000	1.39240000
0.79950000	1.39450000
0.72440000	1.25240000
0.65090000	1.12700000
0.60390000	1.03530000
0.58360000	0.96130000
0.53200000	0.88820000
0.48820000	0.84080000
0.47100000	0.79980000
0.78700000	0.88910000
1.20320000	4.57460000
1.15780000	3.59570000
1.03580000	2.66300000
1.00450000	2.18010000
0.96690000	1.82490000
0.90280000	1.55700000
0.82300000	1.35260000
0.76510000	1.19590000
0.78230000	1.07550000
0.96070000	1.02390000
0.87460000	1.40520000
0.75260000	1.46650000
0.69000000	1.45100000
0.66650000	1.28650000
0.63990000	1.14210000
0.59610000	1.02910000
0.56010000	0.94140000
0.53670000	0.87310000
0.52730000	0.81940000
0.53510000	0.80610000
0.56640000	0.74610000
2.44080000	5.33190000
2.17480000	5.29280000
2.12790000	3.75830000
1.94010000	2.84360000
1.75240000	2.69150000
1.58030000	2.26070000
1.45980000	1.90570000
1.32050000	1.61590000
1.22350000	1.48720000
1.92450000	3.90960000
1.84630000	3.44050000
1.65850000	2.53710000
1.55520000	2.09460000
2.14350000	1.77020000
22.37410000	16.90230000
18.30610000	21.85190000
9.07480000	11.70360000
6.11770000	5.48430000
4.44350000	3.95200000
3.42650000	3.17580000
2.75370000	2.62460000
2.23740000	2.20870000
1.84630000	1.89170000
1.56460000	1.64940000
1.45350000	1.46360000
1.75240000	1.32050000
2.83200000	1.23430000
2.03400000	1.12980000
1.95580000	1.49170000
1.84630000	1.45910000
1.75240000	1.32280000
1.53330000	1.20480000
1.31120000	1.11170000
1.29390000	1.03880000
1.12030000	0.98110000
1.02480000	0.93500000
0.94660000	0.89770000
0.85580000	0.86700000
0.79480000	0.84140000
0.67900000	0.81960000
0.62740000	0.80080000
0.67900000	0.78420000
0.74790000	0.76940000
0.65090000	0.75590000
0.67590000	0.74340000
0.60860000	0.74270000
0.68690000	1.79370000
0.64620000	1.38210000
0.50690000	1.71080000
0.52410000	1.57520000
0.45370000	1.37470000
0.47560000	1.21050000
0.44120000	1.08320000
0.50380000	0.98480000
0.42400000	0.90840000
0.48350000	0.84860000
0.49600000	0.80120000
0.44750000	0.76340000
0.39580000	0.73290000
0.36460000	0.70770000
0.39580000	0.68670000
0.35990000	0.66890000
0.37710000	0.65350000
0.33640000	0.63990000
0.32860000	0.62780000
0.33480000	0.61680000
0.30510000	0.60660000
0.29410000	0.59700000
0.28480000	0.58800000
0.32860000	0.57950000
0.33950000	0.57120000
0.34580000	0.56330000
0.33800000	0.55550000
0.33330000	0.54800000
0.33950000	0.54070000
0.30980000	0.53350000
0.35050000	0.52640000
0.38180000	0.51950000
0.40990000	0.51270000
0.37550000	0.50590000
0.33800000	0.49930000
0.46160000	0.49280000
0.50850000	0.48640000
0.47720000	0.48010000
0.36930000	0.47380000
0.43970000	0.46760000
0.40050000	0.46160000
0.47410000	0.45560000
0.43030000	0.44960000
0.47410000	0.44380000
0.54450000	0.43800000
0.54140000	0.43230000
0.61800000	0.42670000
1.48170000	0.45760000
3.80200000	0.67800000
2.89450000	1.37850000
2.36260000	1.49650000
1.94010000	1.35890000
1.46450000	1.15140000
1.39720000	0.98150000
1.45350000	0.85060000
1.06390000	0.75030000
0.83080000	0.67310000
4.42790000	0.65070000
7.85440000	0.77800000
5.82040000	1.20200000
4.16190000	1.42960000
3.25440000	1.32670000
2.91020000	1.13180000
13.48700000	9.79460000
11.56250000	8.88050000
7.58840000	4.47660000
5.44490000	3.49100000
6.83740000	2.81690000
20.02710000	11.38090000
11.37480000	10.47100000
8.19860000	6.10030000
6.07070000	5.06930000
4.80340000	3.56270000
4.72520000	2.94350000
5.14760000	2.46020000
7.74490000	7.39320000
10.60810000	12.91540000
7.80750000	9.27230000
7.52580000	8.09820000
7.71360000	12.65430000
7.02510000	14.72470000
5.66390000	10.00270000
4.38090000	5.00610000
3.50470000	3.65180000
2.94150000	2.96140000
2.55030000	2.47420000
2.28430000	2.10680000
2.17480000	1.82650000
2.30000000	1.62390000
2.23740000	1.46000000
2.31560000	1.32290000
2.31560000	1.26560000
3.23880000	4.53810000
12.59520000	16.51580000
10.37340000	13.26550000
8.29250000	9.07470000
6.90000000	7.36330000
5.91430000	4.40690000
5.22580000	3.61230000
5.27280000	2.96970000
5.71090000	2.49180000
5.57000000	2.16870000
4.58430000	1.86610000
3.70810000	1.64230000
3.75510000	1.51530000
6.90000000	4.98190000
5.92990000	5.11630000
5.52310000	2.89040000
5.22580000	3.77130000
4.45920000	2.78180000
3.84900000	2.54980000
5.22580000	4.37600000
5.52310000	4.81420000
6.52450000	4.07380000
15.30200000	9.53680000
19.40130000	14.88250000
22.53050000	19.89070000
13.20540000	14.04080000
8.15170000	6.04640000
5.77340000	4.00960000
4.52180000	3.19140000
3.62990000	2.66790000
4.02110000	3.05660000
3.20750000	2.81650000
2.89450000	2.42030000
2.69110000	2.08440000
2.50340000	1.84280000
2.11220000	1.63010000
1.83060000	1.47550000
1.62720000	1.35670000
1.44570000	1.26400000
1.31580000	1.19090000
1.20630000	1.14210000
1.40500000	1.12680000
2.69110000	1.16030000
2.11220000	1.04010000
2.73810000	2.18440000
6.39930000	6.38910000
10.17000000	10.48420000
8.84010000	7.86190000
6.60270000	3.91980000
4.89730000	2.96020000
4.75640000	3.40710000
3.70810000	4.17060000
4.14620000	2.71320000
4.34960000	3.87530000
5.74220000	5.91670000
4.66260000	5.04290000
4.78770000	3.07660000
3.77070000	2.70650000
3.00410000	2.48760000
2.36260000	2.14800000
1.89320000	1.86060000
1.58030000	1.63790000
1.48330000	1.49220000
1.19540000	1.33740000
1.03110000	1.23170000
0.92630000	1.15760000
0.80270000	1.08790000
0.78540000	1.06210000
0.66340000	0.99910000
0.60390000	0.97160000
0.53980000	0.93390000
0.48660000	0.91430000
0.45840000	0.88920000
0.42400000	0.86960000
0.41460000	0.86970000
0.40520000	0.85690000
0.36770000	0.82640000
0.32230000	0.81140000
0.31760000	0.81480000
0.37860000	0.82770000
0.41460000	0.79090000
0.33330000	0.77840000
0.32070000	0.77910000
0.30510000	0.75330000
0.27690000	0.73560000
0.25500000	0.72500000
0.24100000	0.72360000
0.21750000	0.70680000
0.20030000	0.69660000
0.18150000	0.68740000
0.17050000	0.68090000
0.15650000	0.66990000
0.14240000	0.66090000
0.13460000	0.65220000
0.13140000	0.64430000
0.12830000	0.63540000
0.14240000	0.64530000
0.12990000	0.62120000
0.11730000	0.61110000
0.11110000	0.60290000
0.10480000	0.59560000
0.09860000	0.58740000
0.09390000	0.57970000
0.09070000	0.57210000
0.08610000	0.56470000
0.08450000	0.55740000
0.10480000	0.59460000
0.10950000	0.54830000
0.09230000	0.53640000
0.08450000	0.52900000
0.07510000	0.52210000
0.07040000	0.51590000
0.07200000	0.50900000
0.07980000	0.53130000
0.07820000	0.49900000
0.08290000	0.48940000
0.12050000	0.53200000
0.11420000	0.48230000
0.11110000	0.47080000
0.10170000	0.48130000
0.10950000	0.48250000
0.09700000	0.45500000
0.11890000	0.50290000
0.13610000	0.44720000
0.17210000	0.44940000
0.21280000	0.50000000
0.19400000	0.43600000
0.14710000	0.42520000
0.12670000	0.42770000
0.11270000	0.41950000
0.10640000	0.40330000
0.10170000	0.39680000
0.11420000	0.39150000
0.18310000	0.45300000
0.15180000	0.40750000
0.12990000	0.37940000
0.11270000	0.37180000
0.10170000	0.36670000
0.11580000	0.39700000
0.12050000	0.36180000
0.12990000	0.41480000
0.12360000	0.35550000
0.09860000	0.34420000
0.11420000	0.39750000
0.12520000	0.36430000
0.13300000	0.47110000
0.14080000	0.65650000
0.18780000	0.58590000
0.12670000	0.80410000
0.09860000	0.77580000
0.10640000	0.67830000
0.15020000	0.64570000
0.14240000	0.53630000
0.10800000	0.48070000
0.15330000	0.48730000
0.57270000	3.23590000
2.25310000	7.08680000
5.38230000	16.35860000
2.01840000	13.36210000
1.16410000	6.10630000
0.80730000	4.64440000
0.69780000	3.69250000
0.54450000	2.95690000
0.42400000	2.41170000
0.43970000	2.03530000
0.51010000	1.71000000
0.38490000	1.43910000
0.31610000	1.59570000
0.27690000	1.41520000
0.29570000	1.26980000
0.30510000	1.10830000
0.29260000	1.01080000
0.30670000	0.92990000
0.88710000	1.92250000
0.71500000	2.11680000
0.54140000	1.90740000
1.28770000	1.62840000
5.89860000	9.65630000
10.26390000	16.16590000
6.43060000	11.13660000
4.13060000	5.16990000
4.38090000	6.13340000
5.86730000	9.04900000
5.47620000	6.60790000
4.20880000	4.02160000
3.09790000	3.21110000
2.39390000	2.65020000
1.89320000	2.22420000
1.54900000	1.89960000
1.30180000	1.65150000
1.12340000	1.46130000
1.02480000	1.32590000
1.35810000	1.25600000
2.17480000	1.66400000
4.03670000	6.07960000
3.45780000	4.68790000
3.37960000	3.71250000
2.80070000	2.65070000
2.45650000	2.65350000
5.72650000	6.87370000
5.00680000	7.35050000
4.11500000	4.71050000
3.33260000	3.18230000
2.73810000	2.76040000
2.30000000	2.33510000
1.95580000	2.00080000
2.01840000	2.26670000
2.08090000	3.28440000
1.78370000	3.45070000
1.83060000	2.35590000
1.76800000	2.13690000
1.67410000	1.85120000
1.59590000	1.94220000
1.53800000	1.93840000
1.46760000	1.71290000
1.33150000	1.51360000
1.20480000	1.35750000
1.11090000	1.23670000
1.03890000	1.14270000
0.96850000	1.06900000
0.92470000	1.01510000
0.87150000	0.96610000
0.80110000	0.92650000
0.74320000	0.89510000
0.73070000	0.86900000
1.13280000	1.27140000
1.02640000	2.18040000
1.22980000	2.41060000
1.14220000	1.96880000
1.13590000	2.13650000
1.15160000	1.87250000
1.12340000	1.61160000
1.09680000	1.44340000
3.94280000	6.62840000
3.88030000	6.58880000
3.52040000	3.33420000
2.97280000	2.71690000
2.48770000	2.26210000
2.14350000	1.93200000
2.03400000	1.65850000
3.08230000	5.87090000
2.42520000	5.87930000
2.19050000	3.10860000
2.00270000	2.56550000
1.81500000	2.15350000
1.67410000	1.83670000
1.64290000	1.61750000
1.70540000	2.30600000
1.78370000	1.78310000
1.53180000	1.76170000
1.41750000	1.56030000
1.29860000	1.38270000
1.20010000	1.24370000
1.13280000	1.13590000
1.09370000	1.05190000
1.12970000	1.29840000
1.31430000	3.02000000
1.11870000	1.91550000
1.01230000	1.97770000
0.97630000	1.73140000
0.99040000	1.51760000
1.20790000	1.34520000
2.59730000	5.77510000
5.91430000	9.81510000
5.88300000	6.41650000
4.86600000	3.72080000
3.88030000	2.95970000
3.48910000	2.42960000
4.36530000	5.38300000
3.25440000	5.08620000
2.89450000	3.15860000
2.61290000	2.57200000
2.31560000	2.14830000
2.28430000	2.20700000
1.90880000	1.91190000
1.65850000	2.19380000
1.70540000	1.93820000
1.55520000	1.68520000
1.51300000	1.49220000
1.37370000	1.33180000
1.20010000	1.31010000
1.09990000	1.20610000
1.02950000	1.11450000
2.00270000	3.69730000
4.09930000	3.53220000
3.64560000	2.36240000
2.94150000	1.96760000
2.50340000	1.68940000
2.48770000	1.47860000
2.51900000	1.34460000
1.87750000	2.10580000
1.72110000	1.66380000
1.56460000	1.48310000
1.50200000	1.32010000
1.43950000	1.19120000
1.73670000	1.11670000
1.54120000	1.01950000
1.43160000	1.49360000
4.39660000	4.53140000
5.14760000	6.60960000
4.44350000	3.21660000
3.67690000	2.87260000
3.05100000	2.44150000
2.86330000	5.00680000
2.69110000	5.84860000
2.31560000	3.14580000
2.20610000	2.72010000
2.08090000	2.28640000
1.87750000	1.93960000
1.72110000	1.67340000
1.53020000	1.46950000
1.39410000	1.31320000
1.26730000	1.19230000
1.18750000	1.09840000
1.07020000	1.02490000
1.01230000	0.96690000
0.96070000	0.92060000
0.90750000	0.88310000
0.86520000	0.85240000
0.87310000	0.84360000
0.84490000	0.80900000
0.78390000	0.78700000
0.71660000	0.77000000
0.64780000	0.75530000
0.66810000	0.74190000
0.71350000	0.90630000
0.87780000	2.95430000
1.41440000	2.97430000
1.09840000	2.37830000
1.02800000	2.35150000
1.06710000	2.00560000
1.06550000	1.70280000
2.56600000	3.93450000
3.12920000	3.55610000
4.02110000	2.99210000
3.84900000	2.37480000
3.48910000	2.31580000
2.86330000	1.98180000
2.45650000	1.69160000
2.40950000	1.46640000
4.20880000	1.69100000
3.84900000	1.57320000
3.48910000	1.90280000
3.00410000	1.70310000
2.67550000	1.47720000
2.31560000	1.29520000
2.03400000	1.15970000
1.86190000	1.05790000
1.68980000	0.97500000
1.54430000	0.91130000
1.45980000	0.86940000
1.49110000	0.83040000
1.39410000	0.78970000
1.32520000	0.76200000
1.25950000	0.73950000
1.21260000	0.72390000
1.18290000	0.71980000
1.08900000	0.69810000
0.96540000	0.67750000
0.91060000	0.66480000
0.92630000	0.67230000
0.83550000	0.64570000
0.87620000	0.67280000
0.92160000	0.63190000
0.89970000	0.63250000
0.82140000	0.60920000
0.77760000	0.59900000
0.74790000	0.59080000
0.71500000	0.58280000
0.67120000	0.57510000
0.63680000	0.56740000
0.62120000	0.56180000
0.59460000	0.55280000
0.59920000	0.55290000
0.60080000	0.55510000
0.54760000	0.53320000
0.50540000	0.52450000
0.48970000	0.52190000
0.48500000	0.51140000
0.44750000	0.50410000
0.41310000	0.49760000
0.39740000	0.49100000
0.38800000	0.48460000
0.38800000	0.47830000
0.54450000	0.52420000
0.72910000	0.54470000
1.05300000	0.51460000
1.32050000	0.46620000
1.50200000	0.59150000
1.90880000	0.59760000
1.94010000	0.53910000
1.92450000	0.53510000
1.75240000	0.50930000
1.62720000	0.49670000
1.47700000	0.47320000
2.23740000	0.50080000
1.97140000	0.46720000
2.09660000	0.43390000
1.86190000	0.41740000
1.68980000	0.40800000
1.79930000	0.44020000
1.95580000	0.42750000
1.73670000	0.41030000
1.64290000	0.49370000
1.49420000	0.62920000
1.35030000	0.58530000
1.31580000	0.55780000
1.40660000	0.51990000
1.22510000	0.46130000
1.05140000	0.43670000
0.92160000	0.41130000
0.82460000	0.39390000
0.74160000	0.38000000
0.67120000	0.36850000
0.77290000	0.40220000
0.89030000	0.36730000
0.71500000	0.34490000
0.62430000	0.33650000
0.55860000	0.33040000
0.51160000	0.32480000
0.65710000	0.34170000
0.57110000	0.31750000
1.07180000	0.40530000
0.69310000	0.31720000
0.57110000	0.30270000
1.29390000	0.40460000
1.02640000	0.63110000
1.44100000	0.96400000
1.28920000	1.51360000
1.13430000	1.55030000
1.06390000	1.34610000
0.99510000	1.12530000
0.84650000	0.92780000
0.74790000	0.78880000
0.63840000	0.68160000
0.73540000	0.64550000
1.54580000	0.63050000
1.05140000	0.87150000
0.91690000	1.15400000
0.81360000	1.01240000
0.71660000	0.86140000
0.63990000	0.76260000
0.65400000	0.66990000
0.59770000	0.58170000
0.48190000	0.52520000
0.41780000	0.48280000
0.37240000	0.44980000
0.32860000	0.42370000
0.35830000	0.46430000
0.37550000	0.39360000
0.28630000	0.37330000
0.25500000	0.36120000
0.25660000	0.37780000
0.25190000	0.34640000
0.21440000	0.33630000
0.19090000	0.32950000
0.17210000	0.32350000
0.16580000	0.33880000
0.17370000	0.31560000
0.17370000	0.30860000
0.15020000	0.30380000
0.18310000	0.35280000
0.18620000	0.30170000
0.14240000	0.29180000
0.12830000	0.28790000
0.11890000	0.28340000
0.11270000	0.27960000
0.10800000	0.27590000
0.10640000	0.27250000
0.11270000	0.28540000
0.11270000	0.26720000
0.10640000	0.26190000
0.10800000	0.25830000
0.13610000	0.33420000
0.20180000	0.30590000
0.18620000	0.25460000
0.13460000	0.24570000
0.11270000	0.24190000
0.09540000	0.23870000
0.09230000	0.26270000
0.16120000	0.30070000
0.25500000	0.28540000
0.20030000	0.24880000
0.13930000	0.22610000
0.13300000	0.22090000
0.47410000	0.51310000
0.34580000	1.15330000
0.20180000	1.49380000
0.15490000	1.26590000
0.14550000	1.04610000
0.14390000	0.88310000
0.13930000	0.71880000
0.12050000	0.61020000
0.10950000	0.52950000
0.11420000	0.51410000
0.13610000	0.46340000
0.20180000	0.38880000
0.14240000	0.35720000
0.12200000	0.33300000
0.12360000	0.36930000
0.18620000	0.31840000
0.17680000	0.29120000
0.13770000	0.28980000
0.12520000	0.27280000
0.12050000	0.26540000
0.11730000	0.27070000
0.10800000	0.25500000
0.09860000	0.24910000
0.09070000	0.24460000
0.08610000	0.24060000
0.08290000	0.23690000
0.08610000	0.24020000
0.10640000	0.30020000
0.12830000	0.23510000
0.11730000	0.22440000
0.09390000	0.22060000
0.08450000	0.21750000
0.07510000	0.21460000
0.07200000	0.21180000
0.07820000	0.21570000
0.10950000	0.27370000
0.65400000	0.21160000
0.98880000	0.27730000
0.38960000	0.20740000
0.37860000	0.25940000
0.28160000	0.60370000
0.19240000	0.94010000
0.15330000	0.81830000
0.13140000	0.68030000
0.12200000	0.57060000
0.11890000	0.51160000
0.11270000	0.42560000
0.10480000	0.37380000
0.88400000	0.38820000
1.56460000	3.73060000
0.72600000	2.95720000
0.47250000	2.69760000
0.55700000	2.22370000
0.46310000	1.99420000
0.34580000	1.95970000
0.28160000	1.76760000
0.24720000	1.46070000
0.21900000	1.22300000
0.22840000	1.04320000
0.22690000	0.88330000
0.21280000	0.98050000
0.19560000	1.02310000
0.18780000	0.89540000
0.17680000	0.78170000
0.17210000	0.68660000
0.15960000	0.61680000
0.15960000	0.58260000
0.16120000	0.52810000
0.16270000	0.49620000
0.15330000	0.46400000
0.14390000	0.44240000
0.13930000	0.43680000
0.13300000	0.41430000
0.13300000	0.40010000
0.12830000	0.39410000
0.12830000	0.38560000
0.12830000	0.37400000
0.12670000	0.36660000
0.12360000	0.36020000
0.20500000	0.42570000
0.31450000	0.63990000
0.25350000	0.86490000
0.20970000	0.91390000
0.20180000	0.86970000
0.30350000	1.05160000
0.38180000	1.45920000
0.31140000	1.57380000
0.28480000	1.37910000
0.28480000	1.16680000
0.54140000	0.99740000
6.94690000	12.37120000
5.71090000	11.10970000
4.34960000	5.19550000
3.00410000	4.00800000
2.20610000	3.34520000
1.73670000	2.76490000
1.42380000	2.31430000
1.20630000	1.91820000
1.04360000	1.61060000
0.93090000	1.37560000
0.82610000	1.19610000
0.76200000	1.06560000
0.73070000	0.96640000
0.64780000	0.87230000
0.74320000	0.86130000
0.72750000	1.19990000
0.61960000	1.52980000
0.58200000	1.36560000
0.55700000	1.18980000
0.53350000	1.05010000
0.51950000	0.94210000
0.50850000	0.85860000
0.50220000	0.79370000
0.47880000	0.74280000
0.46310000	0.70250000
0.45530000	0.67810000
0.44590000	0.64730000
0.42090000	0.62280000
0.40050000	0.61040000
0.38180000	0.59020000
0.36140000	0.57620000
0.34890000	0.56420000
0.33800000	0.55340000
0.32860000	0.54370000
0.33950000	0.55020000
0.34730000	0.52830000
0.45530000	0.95500000
0.49600000	1.20080000
0.42240000	1.48740000
0.55070000	1.34340000
0.70880000	1.52710000
0.87620000	1.82470000
2.17480000	3.31000000
2.06530000	2.51680000
1.89320000	2.41380000
1.68980000	2.02070000
1.50200000	1.68290000
1.36280000	1.42220000
1.44100000	1.24370000
5.58570000	6.01680000
5.30410000	5.44270000
4.44350000	3.23720000
5.97680000	7.04780000
4.91290000	6.65090000
3.64560000	3.77110000
2.83200000	2.93400000
2.34690000	2.39630000
1.98710000	1.99690000
1.86190000	1.69400000
1.64290000	1.46280000
1.49890000	1.28580000
1.38940000	1.14990000
1.23450000	1.04490000
1.17190000	0.96330000
1.10620000	0.89950000
1.02480000	0.84910000
1.00140000	0.80880000
0.95910000	0.77620000
0.92630000	0.74940000
0.92310000	0.72710000
0.86840000	0.70820000
0.85270000	0.69180000
0.88710000	0.67740000
0.92470000	0.66450000
1.58030000	0.68470000
3.30130000	3.07030000
6.99390000	7.53900000
7.07210000	4.94850000
5.66390000	3.38760000
4.28710000	2.75270000
3.25440000	2.26310000
2.59730000	1.88940000
2.34690000	1.61800000
1.95580000	1.39100000
1.56460000	1.41860000
1.29080000	1.29350000
1.22670000	1.15370000
1.06860000	1.04110000
1.02480000	0.95340000
0.99350000	0.88490000
1.00610000	0.83110000
1.08740000	0.79440000
2.30000000	8.18120000
17.21080000	18.06840000
10.95230000	12.56670000
6.68090000	5.45290000
4.77210000	3.95740000
3.56730000	3.16930000
2.83200000	2.60150000
2.33130000	2.17290000
1.86190000	1.84630000
1.70540000	1.59710000
1.50830000	1.40630000
1.22040000	1.25960000
1.22200000	1.14630000
1.17660000	1.06070000
1.05920000	0.99030000
1.02800000	0.93500000
0.97790000	0.89110000
0.93090000	0.85580000
0.80890000	0.82670000
0.67280000	0.80240000
0.70560000	0.78170000
0.65400000	0.76380000
0.62900000	0.74810000
0.60390000	0.73390000
0.60390000	0.72110000
0.57730000	0.70920000
0.53200000	0.69810000
0.50070000	0.68760000
0.64780000	0.67760000
0.80420000	0.67880000
0.77140000	0.67300000
0.67120000	0.65450000
0.60710000	0.64190000
0.55700000	0.63240000
0.53200000	0.62390000
0.52100000	0.61560000
0.50220000	0.60750000
0.49910000	0.59960000
0.52730000	0.59120000
0.85740000	0.60810000
1.46920000	1.39790000
4.66260000	9.04400000
5.55440000	7.05600000
4.53740000	3.91610000
3.55170000	3.10770000
2.94150000	2.52350000
2.40950000	2.08110000
1.98710000	1.74470000
1.83060000	1.48840000
1.65850000	1.29260000
1.44260000	1.14260000
1.30800000	1.02710000
1.16880000	0.93760000
1.07180000	0.86790000
1.07800000	0.81370000
1.04990000	0.77050000
1.07020000	0.75250000
1.02010000	0.73960000
0.98100000	0.71460000
0.99200000	0.68290000
1.08580000	0.65320000
1.73670000	0.67570000
1.79930000	0.62600000
1.81500000	1.00860000
1.75240000	0.95270000
1.72110000	0.86980000
1.61160000	0.79510000
1.52240000	0.73860000
1.56460000	0.69440000
1.72110000	0.66470000
1.98710000	0.64010000
4.47480000	0.73450000
4.89730000	1.41400000
5.11630000	1.78520000
4.41220000	1.99510000
3.61430000	2.11260000
3.01970000	1.80060000
2.75370000	1.53680000
2.26870000	1.29540000
2.11220000	1.12290000
2.67550000	1.04760000
2.11220000	0.89850000
1.90880000	0.81490000
1.78370000	0.75380000
1.72110000	0.70630000
1.92450000	0.71060000
1.58030000	0.64360000
1.40970000	0.61460000
1.33460000	0.59390000
1.30490000	0.58490000
1.25170000	0.56780000
1.14530000	0.55050000
1.02480000	0.53880000
0.94820000	0.52870000
0.88400000	0.51960000
0.82300000	0.51110000
0.76670000	0.50320000
0.72130000	0.49570000
0.92000000	0.49080000
2.09660000	0.57190000
2.37820000	0.51490000
3.31700000	0.53140000
3.11360000	0.47770000
2.65990000	0.64020000
2.25310000	0.60810000
1.94010000	0.56750000
1.67410000	0.53550000
1.40030000	0.50760000
1.19070000	0.48590000
1.05610000	0.46830000
0.97320000	0.45460000
0.87930000	0.44140000
0.79010000	0.43480000
0.74480000	0.43660000
0.74790000	0.45030000
0.64780000	0.41460000
0.55860000	0.39990000
0.50220000	0.39260000
0.56170000	0.40190000
1.87750000	0.52440000
1.42690000	0.77120000
1.08900000	1.06370000
0.95440000	0.94570000
0.87620000	0.81470000
0.82460000	0.73290000
0.69940000	0.63210000
0.60860000	0.56760000
0.56010000	0.51930000
0.75260000	0.55290000
0.71660000	0.46660000
0.58050000	0.43050000
0.56950000	0.42050000
0.80730000	0.44910000
0.72130000	0.40250000
0.87150000	0.42390000
2.03400000	1.04030000
1.59590000	1.59170000
1.39560000	1.76890000
1.24700000	1.49810000
1.05920000	1.23820000
0.90440000	1.03760000
0.76510000	0.88460000
0.65560000	0.76790000
0.56950000	0.67840000
0.50540000	0.60960000
0.45220000	0.58330000
0.40990000	0.52630000
0.38180000	0.49340000
0.36930000	0.45790000
0.49910000	0.49350000
0.47250000	0.45150000
0.39270000	0.41910000
2.36260000	0.43890000
2.53470000	3.37290000
1.86190000	2.60260000
1.32680000	2.41830000
0.98730000	1.98310000
0.89970000	1.64080000
0.76820000	1.35560000
0.72130000	1.13770000
0.90900000	1.02280000
0.81200000	0.85650000
0.84650000	0.78150000
0.69630000	0.67650000
0.59770000	0.71620000
0.55230000	0.65680000
0.48350000	0.60330000
0.42400000	0.56080000
0.37860000	0.52720000
0.34580000	0.50060000
0.39430000	0.54110000
0.33800000	0.47030000
0.29730000	0.44800000
0.27380000	0.43490000
0.82460000	0.55510000
1.05140000	0.44880000
0.62740000	0.62940000
0.46780000	0.59440000
0.39580000	0.54560000
0.40680000	0.56220000
0.46940000	0.50460000
0.35200000	0.45210000
0.31140000	0.42860000
0.29880000	0.41190000
0.28480000	0.40760000
0.27690000	0.40380000
0.25030000	0.37930000
0.22530000	0.36900000
0.20810000	0.36140000
0.20180000	0.35470000
0.25350000	0.37800000
0.30510000	0.37800000
0.38650000	0.37160000
0.28320000	0.33650000
0.21440000	0.32810000
0.20500000	0.36990000
0.31140000	0.33410000
0.23780000	0.31600000
0.20500000	0.31010000
0.19400000	0.30580000
0.17990000	0.30180000
0.17370000	0.29780000
0.16740000	0.29380000
0.15650000	0.29000000
0.15020000	0.28620000
0.14860000	0.30010000
0.15490000	0.28090000
0.13930000	0.27530000
0.12990000	0.27160000
0.12990000	0.28780000
0.13300000	0.28240000
0.15490000	0.27800000
0.15180000	0.25970000
0.13300000	0.25450000
1.00140000	0.56290000
0.62120000	0.97280000
0.39900000	1.21440000
0.30820000	1.04710000
0.25660000	0.86630000
0.21590000	0.72690000
0.19400000	0.62070000
0.18310000	0.54810000
0.17210000	0.47980000
0.18460000	0.46610000
0.19870000	0.39710000
0.23780000	0.41410000
0.41780000	1.01130000
0.36460000	1.74630000
0.29730000	1.77200000
0.26290000	1.52860000
0.23940000	1.25340000
0.21120000	1.03680000
0.19560000	0.87180000
0.18150000	0.74600000
0.21590000	0.64990000
1.04670000	1.63700000
0.55540000	1.96290000
0.39270000	1.90280000
0.33010000	1.58070000
0.29880000	1.30360000
0.27220000	1.08980000
0.24880000	0.92670000
0.22530000	0.80230000
0.20970000	0.70700000
0.20030000	0.63370000
0.19400000	0.57710000
0.19870000	0.53300000
0.20500000	0.50600000
0.20340000	0.49150000
0.20500000	0.46170000
0.22530000	0.43400000
0.44900000	0.50540000
0.32390000	0.41550000
0.25970000	0.69930000
0.27850000	0.69290000
0.31920000	0.59550000
0.27850000	0.95530000
0.25500000	0.87970000
0.26290000	0.75490000
0.25500000	0.66250000
0.26130000	0.62170000
0.78230000	2.88530000
0.71350000	2.40030000
0.66180000	2.23680000
0.61330000	1.82990000
0.55540000	1.72060000
0.52410000	1.44450000
0.46940000	1.21240000
0.43650000	1.02990000
0.40370000	0.94040000
0.37860000	0.82920000
0.35990000	0.73890000
0.33330000	0.66860000
0.30820000	0.61420000
0.30670000	0.57950000
0.74950000	2.16710000
1.10620000	2.25850000
0.96380000	2.23670000
0.86990000	1.85180000
0.77760000	1.88380000
0.69310000	1.59770000
0.73540000	1.39020000
0.87620000	1.84710000
0.72600000	1.94530000
0.69310000	1.78150000
0.69940000	1.65490000
0.67440000	1.42130000
0.62120000	1.36290000
0.58360000	1.43830000
0.55700000	1.25920000
0.52880000	1.09370000
0.51480000	0.96940000
1.12500000	1.77130000
1.13750000	2.04860000
1.08430000	2.07400000
1.04990000	1.80480000
1.04050000	1.53900000
1.00610000	1.30380000
0.86990000	1.41180000
0.77290000	1.28270000
0.74950000	1.12310000
2.83200000	0.99390000
2.26870000	0.89370000
1.81500000	0.81620000
1.51920000	0.75580000
1.44100000	0.70840000
1.28920000	0.67080000
1.19850000	0.64070000
1.17660000	0.63130000
1.21410000	1.46540000
1.98710000	10.21370000
2.17480000	7.57350000
2.15920000	4.15390000
2.09660000	3.17420000
1.90880000	2.55950000
1.59590000	2.10600000
1.24700000	1.76250000
1.13430000	1.50090000
0.99820000	1.30110000
0.96220000	1.14810000
0.92780000	1.03040000
0.86840000	0.93950000
0.92160000	0.86870000
0.86210000	0.81320000
0.99040000	0.76920000
2.23740000	6.46800000
8.80880000	9.87800000
7.46320000	5.92020000
5.27280000	3.76850000
3.75510000	3.10640000
2.92580000	2.54830000
2.36260000	2.11610000
1.95580000	1.78620000
1.98710000	1.55320000
2.72240000	1.34440000
2.08090000	1.61330000
1.70540000	1.45160000
1.59590000	1.28250000
1.25330000	1.14800000
1.07490000	1.04350000
1.21410000	0.96240000
1.58030000	0.89890000
1.18910000	0.84870000
1.37370000	0.80860000
1.76800000	0.77610000
1.83060000	0.74950000
1.81500000	0.72720000
3.06670000	2.66350000
2.19050000	2.42680000
3.05100000	3.85390000
3.28570000	4.94870000
3.14490000	3.04600000
2.86330000	2.68530000
2.50340000	2.28290000
2.09660000	1.91700000
1.87750000	1.63170000
1.40500000	1.41310000
1.05770000	1.24570000
0.96540000	1.11690000
0.86680000	1.01740000
0.87780000	0.94010000
0.83860000	0.87940000
0.75880000	0.83140000
0.55540000	0.79300000
0.48190000	0.76180000
0.46780000	0.73620000
0.46780000	0.71470000
0.49440000	0.69650000
0.55540000	0.68070000
0.61020000	0.66670000
0.55390000	0.65420000
0.52880000	0.64280000
0.50850000	0.63220000
0.46160000	0.62230000
0.40370000	0.61300000
0.38490000	0.60410000
0.39430000	0.59550000
0.38490000	0.58720000
0.36140000	0.57920000
0.37550000	0.57140000
0.38490000	0.56370000
0.44280000	0.55620000
0.35670000	0.54890000
0.32860000	0.54160000
0.31760000	0.53450000
0.36300000	0.52750000
0.42870000	0.52060000
0.74160000	0.51380000
1.11560000	0.50710000
1.58030000	0.51190000
1.25480000	0.50010000
0.95600000	0.48900000
0.73690000	0.48150000
0.61800000	0.47510000
0.53820000	0.46890000
0.64620000	0.46280000
0.71190000	0.45680000
0.62740000	0.45080000
0.54760000	0.44500000
0.54290000	0.43920000
0.52730000	0.43350000
0.58670000	0.42790000
0.61960000	0.42230000
0.64620000	0.41680000
0.68690000	0.41140000
1.20790000	0.45280000
4.16190000	1.44600000
5.42920000	1.74380000
3.95850000	1.78970000
3.58300000	1.59240000
3.12920000	1.32760000
2.48770000	1.12830000
2.28430000	0.96470000
2.11220000	0.84390000
1.92450000	0.76610000
1.79930000	0.68260000
1.84630000	0.81180000
2.04970000	1.08000000
1.75240000	1.23190000
1.62720000	1.31950000
1.53330000	1.14410000
1.30490000	0.98150000
1.34240000	0.85440000
1.67410000	3.28490000
7.36940000	9.23220000
6.18020000	6.89200000
5.03810000	6.66940000
4.52180000	11.65860000
4.28710000	10.19910000
5.16320000	6.59450000
6.11770000	5.64990000
5.31970000	3.90280000
4.70950000	3.45000000
6.11770000	3.40550000
5.80470000	2.67060000
4.99110000	2.68460000
4.28710000	2.29740000
4.20880000	1.97330000
3.69250000	1.66810000
3.44220000	1.45480000
4.41220000	1.33760000
5.10070000	1.69260000
4.64690000	2.57460000
3.97410000	2.00110000
3.37960000	1.70790000
2.83200000	1.48450000
2.45650000	1.31300000
2.23740000	1.18120000
2.01840000	1.09040000
1.73670000	1.00100000
1.54270000	0.93740000
1.46760000	0.89680000
1.35180000	0.84910000
1.21880000	0.81580000
1.17500000	0.78910000
1.37220000	0.80680000
2.12790000	0.80760000
2.14350000	0.74250000
2.09660000	0.71750000
2.17480000	0.72790000
1.92450000	0.69420000
1.72110000	0.68000000
1.56150000	0.66910000
1.48640000	0.67370000
1.40500000	0.65160000
1.38160000	0.65870000
1.44880000	0.64690000
1.23920000	0.62470000
1.32370000	0.62110000
1.81500000	0.64990000
1.78370000	0.61350000
18.14960000	7.65850000
13.86250000	7.98240000
8.08910000	3.95200000
5.50750000	3.25870000
4.05240000	2.74100000
3.59860000	2.28340000
5.44490000	3.48130000
5.10070000	3.52100000
4.11500000	2.65380000
3.22310000	2.18490000
2.56600000	1.83280000
2.20610000	1.56490000
2.19050000	1.41190000
1.64290000	1.21000000
1.40190000	1.08360000
1.18440000	0.99240000
1.01390000	0.91720000
0.89810000	0.85980000
0.79330000	0.81450000
0.74630000	0.78980000
0.72440000	0.76590000
0.63050000	0.72620000
0.55070000	0.70390000
0.49750000	0.68620000
0.81990000	0.75550000
0.67900000	0.67050000
0.54450000	0.65430000
0.65400000	0.67920000
0.76980000	0.66090000
0.67590000	0.62570000
0.57730000	0.60630000
0.51480000	0.59640000
0.46940000	0.58790000
0.45370000	0.60430000
0.49600000	0.61920000
0.51790000	0.58800000
0.39900000	0.55930000
0.34730000	0.54940000
0.31140000	0.54190000
0.30040000	0.53560000
1.55680000	0.65460000
4.53740000	6.00020000
2.26870000	3.55570000
1.59590000	2.99130000
1.21410000	2.43950000
0.98410000	1.99940000
0.81200000	1.66340000
0.67900000	1.40950000
0.57420000	1.21230000
0.60080000	1.08290000
0.46630000	0.95040000
0.39270000	0.85980000
0.35990000	0.79090000
0.37710000	0.76510000
0.40680000	0.74540000
0.38020000	0.68170000
0.29880000	0.63610000
0.25970000	0.61160000
0.24560000	0.59280000
0.40210000	0.67590000
0.36930000	0.59900000
0.46630000	0.58470000
0.33480000	0.54480000
0.27690000	0.53170000
0.24720000	0.52240000
0.24250000	0.52500000
0.23160000	0.50760000
0.21280000	0.49900000
0.22530000	0.49180000
0.23000000	0.52200000
0.20810000	0.48270000
0.17050000	0.47220000
0.15650000	0.46540000
0.15960000	0.47810000
0.19710000	0.48960000
0.19870000	0.45140000
0.19400000	0.46090000
0.16900000	0.43780000
0.14860000	0.43000000
0.21900000	0.46100000
0.50850000	0.53160000
0.33640000	0.70750000
0.31920000	0.99130000
0.30040000	0.86160000
0.23940000	1.12400000
0.20500000	0.99900000
0.18310000	0.86370000
0.16430000	0.75610000
0.32230000	0.76460000
1.11560000	2.08290000
0.63990000	2.21170000
0.47250000	2.13740000
0.39900000	1.78490000
0.36770000	1.49230000
0.33800000	1.23840000
0.27850000	1.05400000
0.26130000	0.91430000
0.86990000	0.85730000
1.95580000	1.25930000
1.92450000	2.60250000
1.61160000	2.38230000
1.16250000	2.30260000
0.90590000	2.13790000
0.72130000	1.78620000
0.58830000	1.49210000
0.48500000	1.26550000
0.41150000	1.09240000
0.40210000	0.96670000
0.43340000	0.90280000
0.38490000	0.80190000
0.53980000	0.79740000
0.43650000	0.97350000
0.33170000	1.18750000
0.29410000	1.07010000
0.28160000	0.96230000
0.25350000	0.84330000
0.22690000	0.76320000
0.21440000	0.70250000
0.24410000	0.69000000
0.28790000	0.62960000
0.25030000	0.59060000
0.27850000	0.59270000
0.24250000	0.54770000
0.22220000	0.56310000
0.27220000	0.51810000
0.22840000	0.50230000
0.20030000	0.49130000
0.18620000	0.48190000
0.18310000	0.47330000
0.19560000	0.48630000
0.18930000	0.46060000
0.16740000	0.45140000
0.15650000	0.44450000
0.14860000	0.43820000
0.13930000	0.43200000
0.13610000	0.42610000
0.13300000	0.42030000
0.12990000	0.41470000
0.23780000	0.46450000
0.32230000	0.41040000
0.21280000	0.39910000
0.23160000	0.43620000
0.32070000	0.39750000
0.24880000	0.38400000
0.32390000	0.41250000
0.52100000	0.41050000
0.53350000	0.67340000
0.40680000	0.93220000
0.37390000	0.83660000
0.33480000	0.72820000
0.29880000	0.64150000
0.28320000	0.57450000
0.63210000	0.57020000
1.59590000	2.83400000
1.13280000	2.48230000
1.02800000	2.39740000
0.97790000	2.20540000
0.82920000	2.07120000
0.76510000	1.85340000
0.75730000	1.54110000
0.69000000	1.37600000
0.64780000	1.26860000
0.61330000	1.09250000
0.58200000	0.94670000
0.54140000	0.83390000
0.50220000	0.74700000
0.47410000	0.69020000
0.45690000	0.63160000
0.41780000	0.58740000
0.39580000	0.56030000
0.39120000	0.53960000
0.36770000	0.50910000
0.34270000	0.49070000
0.32540000	0.48240000
0.35200000	0.48230000
0.55700000	0.71730000
0.50380000	1.22350000
0.45220000	1.51920000
0.43970000	1.38730000
0.43500000	1.21590000
0.43340000	1.03960000
0.42240000	0.89960000
0.41150000	0.79230000
0.40210000	0.70960000
0.38330000	0.64570000
0.40680000	0.59600000
0.00000000	0.55700000
0.00000000	0.52630000
0.00000000	0.50160000
0.00000000	0.48170000
0.00000000	0.46530000
0.49440000	0.45160000
0.75260000	2.90010000
0.96540000	2.47140000
0.87310000	2.35910000
0.92310000	1.95340000
0.90440000	1.60600000
0.82920000	1.33830000
0.79800000	1.13420000
0.82140000	1.02180000
0.79170000	1.28340000
0.77450000	1.56050000
0.84490000	1.36250000
0.76980000	1.16220000
1.36280000	1.00430000
2.59730000	0.88290000
1.95580000	0.78970000
1.76800000	0.71770000
1.67410000	0.66180000
1.53490000	0.61800000
1.34240000	0.58340000
1.17030000	0.55580000
1.07800000	0.53340000
1.09050000	0.51500000
1.21410000	0.50170000
1.67410000	0.53700000
1.64290000	1.14020000
1.56460000	1.31500000
1.48480000	1.21970000
1.37690000	1.05140000
1.24860000	0.91180000
1.19380000	0.80390000
1.32370000	2.17840000
1.58030000	6.81290000
1.59590000	4.34400000
1.70540000	3.41550000
1.87750000	3.27990000
1.81500000	2.83850000
1.62720000	2.74420000
1.46920000	2.28920000
