0.18530000	0.29610000
0.19460000	0.29530000
0.19460000	0.29800000
0.21310000	0.27620000
0.20380000	0.27450000
0.17600000	0.26850000
0.15750000	0.26280000
0.18530000	0.25740000
0.15750000	0.25230000
0.15750000	0.25630000
0.16680000	0.25200000
0.18530000	0.23820000
0.15750000	0.23380000
0.15750000	0.22960000
0.16680000	0.22550000
0.16680000	0.22150000
0.16680000	0.21760000
0.16680000	0.26620000
0.27800000	0.24930000
0.23160000	0.27050000
0.19460000	0.25820000
0.17600000	0.24750000
0.18530000	0.23830000
0.18530000	0.23010000
1.79740000	3.25830000
1.21370000	2.97410000
0.39840000	0.68930000
0.31500000	0.66130000
0.28720000	0.58330000
0.25940000	0.55140000
0.24090000	0.50730000
0.25020000	0.47060000
0.22240000	0.43990000
0.23160000	0.41400000
0.23160000	0.41440000
0.28720000	0.37340000
0.25940000	0.37180000
0.23160000	0.35580000
0.25020000	0.34720000
0.23160000	0.33280000
0.24090000	0.32580000
0.23160000	0.30950000
0.20380000	0.30090000
0.21310000	0.29310000
0.21310000	0.28590000
0.23160000	0.27930000
0.22240000	0.28100000
0.23160000	0.26780000
1.02840000	0.42500000
0.66710000	0.41470000
0.39840000	0.41610000
0.33350000	0.40680000
0.30570000	0.37810000
0.27800000	0.38610000
2.02900000	3.05120000
2.35330000	0.62550000
0.70410000	0.57720000
0.52810000	0.55140000
0.64860000	0.54050000
0.58370000	0.47460000
0.45400000	0.49300000
0.39840000	0.46150000
0.37990000	0.43490000
0.37990000	0.42390000
0.33350000	0.39310000
0.31500000	0.38130000
0.34280000	0.36620000
0.31500000	0.35300000
0.32430000	0.34140000
0.32430000	0.34470000
0.34280000	0.33360000
0.30570000	0.32020000
0.28720000	0.32960000
0.29650000	0.31910000
0.26870000	0.30970000
0.25940000	0.30150000
0.26870000	0.29400000
0.27800000	0.28700000
0.27800000	0.28040000
0.27800000	0.28900000
0.25940000	0.26800000
0.22240000	0.27390000
0.21310000	0.26710000
0.23160000	0.26090000
0.25020000	0.25550000
0.19460000	0.25010000
0.22240000	0.24490000
0.25940000	0.24000000
0.25940000	0.23530000
0.27800000	0.25020000
0.29650000	0.22610000
0.28720000	0.24380000
0.27800000	0.23720000
0.26870000	0.23070000
0.25020000	0.22490000
0.24090000	0.21950000
0.23160000	0.21450000
0.22240000	0.20990000
0.22240000	0.20550000
0.20380000	0.20130000
0.20380000	0.19740000
0.20380000	0.19360000
0.20380000	0.18990000
0.19460000	0.18640000
0.18530000	0.18300000
0.18530000	0.17970000
0.18530000	0.17660000
0.24090000	0.17340000
0.22240000	0.17040000
0.22240000	0.16740000
0.22240000	0.16450000
0.24090000	0.23930000
0.25940000	0.25370000
0.29650000	0.25220000
0.29650000	0.24450000
0.27800000	0.23020000
0.27800000	0.21810000
0.27800000	0.20780000
0.29650000	0.19900000
0.27800000	0.19130000
0.25020000	0.18450000
0.24090000	0.17850000
0.24090000	0.17320000
0.24090000	0.16840000
1.66770000	2.48320000
2.03830000	0.31940000
0.83390000	0.32520000
0.55590000	0.29940000
0.46330000	0.27800000
0.42620000	0.26000000
0.41690000	0.27000000
0.42620000	0.23210000
0.35210000	0.24910000
7.05070000	3.05060000
1.62140000	1.60320000
0.74120000	0.79670000
0.64860000	0.80110000
0.55590000	0.71660000
0.50960000	0.64710000
0.47250000	0.59150000
0.50960000	0.54210000
0.62080000	0.50420000
2.96480000	3.24330000
5.82770000	5.06670000
2.05680000	1.52270000
6.49480000	6.83120000
5.34590000	7.14170000
2.14950000	2.87130000
1.52870000	2.18230000
1.22300000	1.94760000
1.07470000	1.76480000
1.08400000	1.60880000
0.90800000	1.46230000
0.79680000	1.36460000
0.71340000	1.27110000
0.87090000	2.50080000
0.87090000	1.88960000
0.90800000	1.45480000
0.91720000	1.43830000
0.89870000	1.33930000
0.81530000	1.25610000
0.76900000	1.18650000
0.74120000	1.12630000
0.66710000	1.07520000
0.60220000	1.03100000
0.55590000	0.99260000
0.71340000	0.98870000
0.79680000	0.93000000
0.61150000	0.93000000
0.58370000	0.90170000
0.56520000	0.87610000
0.53740000	0.85300000
0.49100000	0.83190000
0.49100000	0.81230000
0.47250000	0.79420000
0.44470000	0.77710000
0.43550000	0.76110000
0.42620000	0.74580000
0.40770000	0.73130000
0.39840000	0.71730000
0.44470000	0.73780000
0.55590000	0.70000000
0.46330000	0.74880000
0.73190000	0.74960000
0.50960000	0.73810000
0.45400000	0.73210000
1.23220000	0.75970000
2.23290000	0.76500000
1.05620000	0.74430000
0.87090000	0.72960000
0.80610000	0.71660000
0.76900000	0.68040000
0.73190000	0.68770000
3.48360000	4.46150000
3.93760000	3.28770000
7.96790000	4.72980000
3.40030000	1.16660000
2.18650000	1.09650000
1.81590000	1.03020000
1.57510000	0.96440000
1.26930000	0.90110000
1.31560000	0.87070000
1.07470000	0.80970000
0.98210000	0.77880000
0.97280000	0.76730000
1.11180000	0.74920000
0.88940000	0.70260000
0.79680000	0.71280000
0.75970000	0.68770000
0.71340000	0.66540000
0.69490000	0.64720000
0.67630000	0.62770000
0.70410000	0.66620000
1.25080000	1.27260000
0.78750000	0.69430000
0.67630000	0.68950000
0.62080000	0.66130000
0.61150000	0.64390000
0.62080000	0.61550000
0.55590000	0.59590000
0.51880000	0.57880000
0.52810000	0.58060000
0.77830000	0.78580000
1.08400000	1.06740000
0.69490000	0.68800000
0.60220000	0.66880000
0.64860000	0.70090000
1.40830000	1.20370000
0.79680000	0.70970000
0.67630000	0.68780000
0.68560000	0.68030000
0.70410000	0.62420000
0.59300000	0.61160000
0.54660000	0.58770000
0.50960000	0.56670000
0.48180000	0.54820000
0.45400000	0.53170000
0.43550000	0.51690000
0.43550000	0.50340000
0.43550000	0.57760000
0.98210000	0.64260000
0.56520000	0.61680000
0.57440000	0.63430000
0.50030000	0.56880000
0.53740000	0.61690000
0.59300000	0.58220000
0.70410000	0.64300000
0.65780000	0.62010000
0.52810000	0.61030000
0.50030000	0.57970000
0.42620000	0.55350000
0.41690000	0.53810000
0.50030000	0.59130000
0.53740000	0.56170000
0.42620000	0.55790000
0.84310000	0.53330000
7.96790000	5.78290000
1.41750000	0.77880000
0.92650000	0.74810000
0.77830000	0.73620000
0.65780000	0.65400000
0.58370000	0.64110000
1.50090000	1.66750000
1.03770000	0.71340000
3.95620000	3.18500000
1.24150000	0.75280000
0.86160000	0.74800000
0.75050000	0.70050000
1.19520000	0.68940000
0.68560000	0.62650000
0.58370000	0.60180000
0.51880000	0.57610000
0.49100000	0.55380000
0.46330000	0.53430000
0.97280000	1.31990000
0.80610000	0.65850000
3.42810000	2.88840000
1.79740000	2.53060000
1.00990000	0.78670000
0.79680000	0.75590000
0.65780000	0.70800000
0.58370000	0.66770000
0.52810000	0.63340000
0.46330000	0.60410000
0.43550000	0.57890000
0.39840000	0.55690000
0.38910000	0.53760000
0.35210000	0.52050000
0.34280000	0.50530000
0.36130000	0.49150000
0.33350000	0.47890000
0.31500000	0.46740000
0.40770000	0.45670000
1.83450000	0.62140000
0.75050000	0.56240000
0.44470000	0.56520000
0.38910000	0.55630000
0.43550000	0.51910000
0.42620000	0.50580000
0.41690000	0.48270000
0.72270000	0.50490000
1.94570000	0.55750000
0.55590000	0.54170000
0.42620000	0.52740000
0.37060000	0.50320000
0.34280000	0.48240000
0.38910000	0.48600000
0.51880000	0.49970000
0.39840000	0.47070000
0.35210000	0.48770000
0.37990000	0.45240000
0.35210000	0.45600000
0.37060000	0.45320000
0.32430000	0.41170000
0.30570000	0.41130000
0.30570000	0.43360000
0.35210000	0.39210000
0.30570000	0.40230000
0.28720000	0.38970000
0.30570000	0.39350000
0.29650000	0.36840000
0.25940000	0.35910000
0.23160000	0.35060000
0.22240000	0.34270000
0.23160000	0.33520000
0.21310000	0.32830000
0.19460000	0.32160000
0.21310000	0.31530000
0.19460000	0.30930000
0.19460000	0.30350000
0.19460000	0.29790000
0.19460000	0.29250000
0.18530000	0.28720000
0.18530000	0.29670000
0.41690000	1.42320000
0.37060000	0.58280000
0.26870000	0.54800000
0.25940000	0.53040000
0.25020000	0.49140000
0.25940000	0.46360000
0.26870000	0.43750000
0.25940000	0.42640000
0.30570000	0.42020000
0.46330000	0.39840000
0.30570000	0.40390000
0.25940000	0.39140000
0.24090000	0.37390000
0.21310000	0.35880000
0.22240000	0.34570000
0.22240000	0.36140000
0.35210000	0.43890000
0.45400000	0.46830000
0.33350000	0.48650000
0.35210000	0.46770000
0.31500000	0.44540000
0.26870000	0.41990000
0.26870000	0.39820000
0.25020000	0.37960000
0.22240000	0.36370000
0.22240000	0.34980000
0.22240000	0.33760000
0.22240000	0.32680000
0.40770000	0.33530000
0.26870000	0.30850000
0.24090000	0.30380000
0.24090000	0.29610000
0.70410000	0.34840000
0.35210000	0.32390000
0.26870000	0.35340000
0.25020000	0.33700000
0.25020000	0.34040000
0.25020000	0.31230000
0.25020000	0.30270000
0.21310000	0.29270000
0.23160000	0.28390000
0.22240000	0.27590000
0.22240000	0.26860000
0.22240000	0.26200000
0.21310000	0.25590000
0.22240000	0.25020000
0.20380000	0.24480000
0.21310000	0.23980000
0.22240000	0.25270000
0.23160000	0.25050000
0.24090000	0.22840000
0.22240000	0.25130000
0.22240000	0.24310000
0.23160000	0.28040000
0.40770000	0.30690000
0.30570000	0.33500000
0.30570000	0.39730000
1.15810000	1.69750000
1.11180000	0.65680000
0.48180000	0.60210000
0.37060000	0.57280000
0.32430000	0.52370000
0.30570000	0.48300000
0.30570000	0.44900000
0.27800000	0.42050000
0.27800000	0.39650000
0.25940000	0.37620000
0.37990000	0.39960000
0.37990000	0.34370000
0.29650000	0.37880000
0.26870000	0.36060000
0.26870000	0.34500000
0.26870000	0.33130000
0.25940000	0.31940000
0.25020000	0.30890000
0.25020000	0.29960000
0.25020000	0.29120000
0.24090000	0.28350000
0.24090000	0.27650000
0.24090000	0.27010000
0.23160000	0.26410000
0.25940000	0.28580000
0.29650000	0.25310000
0.25020000	0.26980000
0.24090000	0.26190000
0.23160000	0.25530000
0.25020000	0.24880000
0.25020000	0.24280000
0.25020000	0.24400000
0.24090000	0.23170000
0.23160000	0.22680000
0.22240000	0.22220000
0.25940000	0.21830000
0.66710000	1.13940000
0.41690000	0.38040000
0.33350000	0.37680000
0.30570000	0.35220000
0.28720000	0.32830000
0.26870000	0.30960000
0.27800000	0.30470000
0.27800000	0.28020000
0.27800000	0.27250000
0.27800000	0.26180000
0.25020000	0.25240000
0.32430000	0.24410000
0.52810000	0.23720000
0.61150000	0.23060000
0.55590000	0.22450000
0.50960000	0.21900000
0.42620000	0.21390000
0.37060000	0.20920000
0.31500000	0.20470000
0.29650000	0.20050000
0.33350000	0.19650000
1.02840000	0.23590000
1.57510000	0.30800000
0.79680000	0.35070000
0.92650000	0.34450000
0.52810000	0.35420000
0.51880000	0.33150000
0.47250000	0.35410000
0.42620000	0.34010000
0.45400000	0.33690000
0.93580000	1.35450000
1.00060000	0.43530000
0.63000000	0.42520000
5.29960000	6.08490000
2.02900000	1.39110000
1.11180000	0.58130000
0.95430000	0.53090000
0.75970000	0.48880000
0.64860000	0.45370000
0.46330000	0.42440000
0.42620000	0.39960000
0.41690000	0.37870000
0.41690000	0.36130000
0.55590000	0.34590000
0.53740000	0.33250000
0.48180000	0.32080000
0.46330000	0.31040000
0.46330000	0.30120000
0.46330000	0.29290000
0.48180000	0.28530000
0.48180000	0.27840000
0.53740000	0.27190000
0.50030000	0.26590000
0.59300000	0.26030000
0.55590000	0.25500000
0.51880000	0.24990000
0.50030000	0.24510000
0.48180000	0.24050000
0.46330000	0.23600000
0.44470000	0.23170000
0.74120000	0.24880000
4.81780000	3.07420000
2.45520000	0.59410000
15.75050000	6.30090000
7.91230000	4.85140000
2.47380000	1.68500000
1.65840000	1.66700000
1.23220000	1.48010000
1.22300000	1.32680000
1.02840000	1.22800000
0.90800000	1.09890000
0.88940000	1.15430000
0.81530000	1.06160000
0.71340000	0.98460000
0.73190000	0.92010000
0.98210000	0.98540000
1.70480000	0.95840000
2.26070000	1.33280000
1.48240000	1.23990000
1.38980000	1.39510000
2.26990000	3.29410000
3.49290000	3.52010000
3.43730000	1.74330000
2.78880000	1.75950000
2.28850000	1.60300000
1.61210000	1.47340000
1.25080000	1.36550000
1.11180000	1.27530000
1.01920000	1.19940000
0.97280000	1.13520000
0.94500000	1.08040000
0.92650000	1.03380000
0.83390000	0.99300000
0.84310000	0.96020000
0.81530000	0.92540000
1.96420000	0.97130000
1.97340000	0.92360000
1.39900000	0.94450000
1.17670000	0.91010000
1.15810000	0.95520000
1.59360000	1.04630000
1.26930000	0.91020000
1.13960000	0.89300000
0.97280000	0.86090000
1.36200000	1.88170000
2.45520000	2.49630000
1.44530000	1.17390000
1.26000000	1.25430000
1.23220000	1.17900000
1.13960000	1.09780000
1.01920000	1.03400000
0.91720000	0.98190000
0.86160000	0.93730000
0.82460000	0.89880000
0.83390000	0.87570000
0.73190000	0.83570000
0.64860000	0.80960000
0.65780000	0.78610000
0.63930000	0.76500000
0.73190000	0.76830000
0.86160000	0.74900000
0.63930000	0.72410000
1.50090000	1.57050000
1.87150000	0.80240000
1.03770000	0.79640000
2.98330000	1.83030000
1.68620000	0.84360000
1.31560000	0.83320000
1.42680000	0.82450000
1.45460000	0.76300000
1.17670000	0.76280000
1.02840000	0.73380000
0.98210000	0.70840000
0.94500000	0.68590000
0.84310000	0.66580000
0.80610000	0.64760000
0.83390000	0.63110000
1.42680000	0.66760000
0.88020000	0.63730000
0.79680000	0.65040000
0.76900000	0.64540000
0.69490000	0.61050000
0.65780000	0.59360000
0.63930000	0.57820000
0.62080000	0.56410000
2.13100000	2.02740000
2.16800000	2.45600000
2.47380000	1.45940000
1.40830000	0.76280000
1.19520000	0.74410000
1.07470000	0.70410000
0.99140000	0.67000000
0.89870000	0.64060000
0.83390000	0.61520000
0.76900000	0.59300000
0.73190000	0.57350000
0.70410000	0.55600000
0.68560000	0.56040000
0.73190000	0.53610000
0.62080000	0.51640000
0.56520000	0.50400000
0.54660000	0.49240000
0.52810000	0.48160000
0.50030000	0.47140000
0.47250000	0.46180000
0.45400000	0.45270000
0.44470000	0.44400000
0.41690000	0.45170000
0.40770000	0.42750000
0.44470000	0.46120000
0.40770000	0.43680000
0.41690000	0.46860000
0.47250000	0.47430000
0.52810000	0.47800000
0.48180000	0.47170000
0.45400000	0.46450000
0.41690000	0.44700000
0.45400000	0.48610000
0.72270000	0.51400000
0.51880000	0.51210000
0.52810000	0.50580000
1.50090000	0.46590000
1.48240000	0.51250000
0.60220000	0.48810000
0.74120000	0.52960000
1.50090000	2.04130000
1.47310000	0.69100000
1.22300000	0.66600000
0.80610000	0.62100000
0.66710000	0.58090000
0.69490000	0.58300000
0.74120000	0.53090000
0.66710000	0.54990000
8.97780000	6.76220000
3.42810000	0.76140000
1.62140000	0.74620000
1.25080000	0.69120000
4.32680000	3.14460000
1.59360000	0.79900000
1.21370000	0.75360000
1.01920000	0.70130000
0.90800000	0.65750000
0.81530000	0.62050000
0.77830000	0.58900000
0.68560000	0.56210000
0.63930000	0.53890000
0.62080000	0.51860000
0.60220000	0.50090000
0.63000000	0.48510000
0.79680000	0.47820000
0.62080000	0.47600000
0.60220000	0.44660000
0.51880000	0.43590000
0.52810000	0.49110000
0.73190000	0.54580000
0.54660000	0.52420000
0.50960000	0.50730000
0.46330000	0.48530000
0.43550000	0.46620000
0.41690000	0.45970000
0.38910000	0.43490000
0.36130000	0.42180000
0.37990000	0.41000000
0.34280000	0.39930000
0.31500000	0.38950000
0.37060000	0.38040000
0.35210000	0.37190000
0.32430000	0.36400000
0.30570000	0.35650000
0.68560000	0.34940000
1.20450000	0.36980000
0.63000000	0.33610000
0.37990000	0.33120000
0.34280000	0.32500000
0.34280000	0.31890000
0.31500000	0.31310000
0.29650000	0.30750000
0.28720000	0.30270000
0.33350000	0.38270000
0.31500000	0.36270000
0.27800000	0.36700000
0.28720000	0.35000000
0.37060000	0.34480000
0.29650000	0.32450000
0.88940000	0.33800000
0.35210000	0.30460000
0.31500000	0.33770000
0.29650000	0.31270000
0.28720000	0.31510000
0.25940000	0.30390000
0.28720000	0.30710000
0.28720000	0.31730000
0.25940000	0.27930000
0.28720000	0.32620000
0.27800000	0.27930000
0.24090000	0.30010000
0.23160000	0.28860000
0.21310000	0.27860000
0.19460000	0.26970000
0.25020000	0.28350000
0.26870000	0.25460000
0.19460000	0.24800000
0.22240000	0.25790000
0.19460000	0.23650000
0.20380000	0.23130000
0.22240000	0.23310000
0.23160000	0.22640000
0.17600000	0.21740000
0.18530000	0.21320000
0.16680000	0.20920000
0.18530000	0.20530000
0.14820000	0.20150000
0.15750000	0.19790000
0.15750000	0.19440000
0.20380000	0.21100000
0.47250000	0.27750000
0.26870000	0.26080000
0.19460000	0.27820000
0.18530000	0.26210000
0.18530000	0.24840000
0.16680000	0.23670000
0.18530000	0.22660000
0.19460000	0.21780000
0.17600000	0.21020000
0.16680000	0.20340000
0.16680000	0.19730000
0.14820000	0.19190000
0.13900000	0.18690000
0.16680000	0.18240000
0.13900000	0.17820000
0.12970000	0.17420000
0.12970000	0.17050000
0.15750000	0.21360000
0.20380000	0.19230000
0.41690000	0.37800000
0.56520000	0.40930000
0.28720000	0.38530000
0.24090000	0.37860000
0.22240000	0.34750000
0.52810000	0.50380000
0.38910000	0.46370000
0.26870000	0.46580000
0.25020000	0.42610000
0.24090000	0.39310000
0.22240000	0.36550000
0.21310000	0.34250000
0.20380000	0.32300000
0.20380000	0.30650000
0.20380000	0.29230000
0.19460000	0.28010000
0.19460000	0.26950000
0.18530000	0.26020000
0.20380000	0.25200000
0.22240000	0.24460000
0.24090000	0.23790000
0.27800000	0.27960000
0.37060000	0.30670000
0.25940000	0.30130000
0.21310000	0.31300000
0.20380000	0.29500000
0.20380000	0.28030000
0.19460000	0.26770000
0.19460000	0.25680000
0.19460000	0.26740000
0.20380000	0.23900000
0.20380000	0.23890000
0.24090000	0.23120000
0.29650000	0.35170000
0.44470000	0.42420000
0.27800000	0.40680000
0.25020000	0.40620000
0.24090000	0.37580000
0.23160000	0.35040000
0.22240000	0.32910000
0.22240000	0.31110000
0.22240000	0.29570000
0.32430000	0.28260000
0.41690000	0.67870000
0.64860000	0.49900000
0.41690000	0.47650000
0.32430000	0.44360000
0.27800000	0.41180000
0.25940000	0.38520000
0.24090000	0.36280000
0.24090000	0.34380000
0.40770000	0.32760000
0.46330000	0.36560000
0.38910000	0.33720000
0.33350000	0.35720000
0.27800000	0.33870000
0.26870000	0.32290000
0.25940000	0.30930000
0.25940000	0.29740000
0.25020000	0.28700000
0.25020000	0.28280000
0.25940000	0.27560000
0.25020000	0.26220000
0.25020000	0.26050000
0.22240000	0.24930000
0.22240000	0.24360000
0.22240000	0.23820000
0.23160000	0.23370000
1.49170000	2.93830000
0.65780000	0.50710000
0.47250000	0.54260000
0.62080000	0.53740000
0.45400000	0.50980000
0.40770000	0.48840000
0.37060000	0.45220000
0.34280000	0.42190000
0.30570000	0.39650000
0.28720000	0.37500000
0.27800000	0.35670000
0.25940000	0.34090000
0.26870000	0.32780000
0.28720000	0.31590000
0.37990000	0.30540000
0.32430000	0.29610000
0.46330000	0.28770000
0.87090000	1.37820000
0.79680000	0.44640000
0.45400000	0.44120000
0.37990000	0.41250000
0.37990000	0.39120000
0.36130000	0.37270000
0.30570000	0.34890000
0.32430000	0.34780000
0.32430000	0.32420000
0.31500000	0.32340000
0.31500000	0.31620000
0.30570000	0.31050000
0.31500000	0.30170000
0.36130000	0.29460000
0.30570000	0.30080000
0.28720000	0.29020000
0.28720000	0.28090000
0.27800000	0.27260000
0.27800000	0.26500000
0.25940000	0.25820000
0.25940000	0.25240000
0.28720000	0.26360000
0.27800000	0.24360000
0.26870000	0.24810000
0.25940000	0.24300000
0.88940000	0.32730000
1.80670000	0.41140000
0.81530000	0.40190000
0.56520000	0.40540000
0.48180000	0.37670000
0.48180000	0.36720000
0.50030000	0.33300000
0.44470000	0.32900000
0.38910000	0.31240000
0.33350000	0.29830000
0.30570000	0.28610000
0.29650000	0.27540000
0.29650000	0.26600000
0.51880000	0.34120000
0.99140000	0.52430000
0.62080000	0.38770000
0.51880000	0.38700000
0.48180000	0.36190000
0.45400000	0.34080000
0.44470000	0.32280000
0.41690000	0.32370000
0.50030000	0.29440000
0.44470000	0.29090000
1.07470000	1.54110000
2.34400000	2.00030000
1.03770000	0.43170000
0.71340000	0.43530000
0.65780000	0.40520000
0.65780000	0.37960000
0.64860000	0.35800000
0.54660000	0.33980000
0.46330000	0.32410000
0.41690000	0.31050000
0.55590000	0.29880000
0.74120000	0.28850000
0.92650000	0.27930000
0.83390000	0.27110000
0.88940000	0.26380000
0.90800000	0.28330000
1.00990000	0.84500000
1.21370000	0.98860000
1.32490000	0.51090000
1.16740000	0.65010000
1.67700000	3.03040000
2.72390000	1.26510000
2.60350000	1.30360000
2.06610000	1.27480000
1.61210000	1.14120000
1.24150000	1.03140000
1.22300000	0.94070000
1.34340000	0.86890000
1.67700000	0.81520000
1.20450000	0.75060000
1.00990000	0.70650000
0.90800000	0.66910000
0.83390000	0.63730000
1.25080000	0.65030000
3.03890000	3.06840000
2.77950000	2.18430000
3.07600000	2.19300000
1.88080000	1.15730000
1.46390000	1.19210000
1.21370000	1.08980000
1.06550000	1.00490000
0.99140000	0.93410000
0.87090000	0.87480000
0.81530000	0.82470000
1.47310000	0.83990000
5.01240000	6.08480000
1.86230000	1.59220000
4.90120000	2.77340000
2.62200000	2.04860000
1.71400000	1.63140000
1.43610000	1.48410000
1.26930000	1.36170000
1.11180000	1.25990000
2.09390000	3.69530000
3.02970000	4.59840000
1.57510000	1.50480000
1.27860000	1.61900000
1.18590000	1.48770000
1.10250000	1.37850000
1.02840000	1.28720000
2.20510000	3.53830000
1.29710000	1.65960000
1.08400000	1.21920000
1.00990000	1.15380000
1.03770000	1.11900000
1.90860000	2.55110000
3.13160000	3.29260000
21.95810000	13.48000000
5.33660000	7.72090000
3.21500000	2.54640000
2.43670000	2.37410000
2.03830000	2.15650000
14.45340000	10.40080000
9.35770000	12.54270000
4.01170000	4.83450000
3.09450000	2.80330000
2.54790000	2.55110000
2.26990000	2.34620000
1.96420000	2.16070000
1.72330000	2.01280000
1.58430000	1.88860000
7.46760000	8.04870000
4.41010000	6.92910000
2.58490000	1.83290000
2.11240000	1.86810000
1.89010000	1.76550000
1.69550000	1.67810000
1.58430000	1.60320000
1.45460000	1.54030000
1.38050000	1.48200000
1.31560000	1.43210000
1.39900000	1.41730000
1.23220000	1.34820000
1.11180000	1.32970000
1.05620000	1.29430000
1.05620000	1.28220000
1.12110000	1.24700000
0.96360000	1.21270000
0.90800000	1.18550000
0.87090000	1.16000000
0.85240000	1.13600000
0.83390000	1.11320000
0.96360000	1.14800000
2.21430000	5.53820000
2.54790000	3.71910000
1.23220000	1.31450000
1.14890000	1.32400000
1.78810000	2.44820000
2.64980000	2.74080000
4.95680000	2.80600000
4.13220000	3.99070000
2.10320000	1.33340000
1.71400000	1.30870000
1.52870000	1.27020000
1.48240000	1.21790000
1.26930000	1.15520000
1.33420000	1.15570000
1.28780000	1.09630000
1.13960000	1.09100000
1.06550000	1.05470000
0.99140000	1.02230000
0.93580000	0.99320000
1.07470000	1.00080000
1.19520000	0.96410000
0.91720000	0.94730000
0.86160000	0.92530000
0.80610000	0.90020000
0.75050000	0.87940000
0.72270000	0.86000000
0.70410000	0.84170000
0.68560000	0.82450000
0.66710000	0.80810000
0.63930000	0.79240000
0.75970000	0.77740000
0.79680000	0.76300000
0.64860000	0.74900000
1.49170000	0.83970000
2.10320000	2.75350000
2.99260000	2.14800000
3.80790000	3.60430000
1.21370000	1.07150000
0.92650000	1.04760000
0.82460000	0.98810000
0.75050000	0.93750000
0.66710000	0.89430000
0.63000000	0.85700000
0.70410000	0.82460000
4.71590000	3.57740000
1.05620000	0.95290000
0.86160000	0.93230000
0.78750000	0.88660000
0.70410000	0.84750000
0.63930000	0.81350000
0.90800000	0.79760000
1.13960000	0.75780000
0.69490000	0.73460000
0.61150000	0.71380000
0.57440000	0.69490000
0.54660000	0.67760000
0.50030000	0.66160000
0.49100000	0.64680000
0.47250000	0.63290000
0.43550000	0.61980000
0.41690000	0.60740000
0.40770000	0.59550000
0.38910000	0.58420000
0.37060000	0.57320000
0.36130000	0.56270000
0.37060000	0.55250000
0.37060000	0.56700000
0.36130000	0.54770000
0.32430000	0.52690000
0.38910000	0.53540000
0.35210000	0.50790000
0.33350000	0.49880000
0.30570000	0.48990000
0.29650000	0.48130000
0.27800000	0.47290000
0.26870000	0.46460000
0.25940000	0.45650000
0.25940000	0.45450000
0.25020000	0.44200000
0.25020000	0.43330000
0.38910000	0.42590000
0.28720000	0.54470000
0.70410000	0.54470000
0.44470000	0.53740000
0.31500000	0.51250000
0.27800000	0.49100000
0.25020000	0.47230000
0.24090000	0.49000000
0.47250000	0.52610000
0.33350000	0.51110000
0.29650000	0.51100000
0.27800000	0.48760000
0.26870000	0.46740000
0.25020000	0.44990000
0.25940000	0.45010000
0.26870000	0.42070000
0.25020000	0.40850000
0.21310000	0.39740000
0.20380000	0.38730000
0.22240000	0.37800000
0.20380000	0.36940000
0.22240000	0.36140000
0.21310000	0.35380000
0.17600000	0.34660000
0.18530000	0.34220000
0.28720000	0.33640000
0.27800000	0.33130000
0.25020000	0.34970000
0.25020000	0.31650000
0.25020000	0.32850000
0.21310000	0.32030000
0.21310000	0.31270000
0.22240000	0.30570000
0.22240000	0.29910000
0.15750000	0.29290000
0.17600000	0.28700000
0.15750000	0.28130000
0.12970000	0.27600000
0.14820000	0.27080000
0.15750000	0.26580000
0.23160000	0.31830000
0.25940000	0.29550000
0.23160000	0.32470000
0.18530000	0.31020000
0.18530000	0.29770000
0.17600000	0.28680000
0.18530000	0.27720000
0.15750000	0.26860000
0.14820000	0.41290000
0.33350000	0.51130000
0.25020000	0.48330000
0.21310000	0.47210000
0.18530000	0.43710000
0.21310000	0.40780000
0.19460000	0.38320000
0.18530000	0.36240000
0.17600000	0.34470000
0.17600000	0.38580000
0.22240000	0.39510000
0.23160000	0.38670000
0.22240000	0.37880000
0.21310000	0.35880000
0.19460000	0.34170000
0.15750000	0.32700000
0.17600000	0.31420000
0.16680000	0.30310000
0.14820000	0.29320000
0.15750000	0.28440000
0.14820000	0.27650000
0.18530000	0.36850000
0.41690000	0.41660000
0.28720000	0.45340000
0.25020000	0.42600000
0.20380000	0.43020000
0.21310000	0.40190000
0.19460000	0.37810000
0.19460000	0.41130000
0.25020000	0.41760000
0.23160000	0.42200000
0.22240000	0.39930000
0.68560000	1.53870000
2.44600000	2.68410000
0.92650000	0.88160000
0.61150000	0.82550000
0.42620000	0.76180000
0.34280000	0.70890000
0.30570000	0.65290000
0.27800000	0.60630000
0.26870000	0.56720000
0.27800000	0.53430000
0.26870000	0.50640000
0.26870000	0.49620000
0.27800000	0.46200000
0.26870000	0.45370000
0.26870000	0.42860000
0.26870000	0.41670000
0.25940000	0.40410000
0.25940000	0.39270000
0.30570000	1.11110000
1.79740000	1.68530000
1.22300000	0.67810000
0.62080000	0.64640000
0.46330000	0.62960000
0.44470000	0.64110000
0.87090000	0.67240000
0.61150000	0.64410000
0.46330000	0.62370000
0.41690000	0.59030000
0.39840000	0.55210000
1.86230000	2.56000000
0.82460000	0.65930000
0.60220000	0.64650000
0.57440000	0.63480000
4.66030000	4.76850000
1.78810000	0.74320000
1.07470000	0.72730000
2.47380000	1.36590000
3.50220000	2.87350000
1.36200000	0.74060000
1.03770000	0.88040000
0.87090000	0.81210000
0.85240000	0.76520000
3.66890000	4.28500000
1.87150000	1.55090000
2.26070000	2.48980000
2.34400000	3.10760000
1.30640000	1.65050000
1.11180000	1.63440000
0.99140000	1.48150000
0.88020000	1.35470000
1.26000000	2.44220000
18.99330000	15.83290000
9.72830000	12.82540000
3.21500000	4.33700000
2.23290000	2.84740000
1.75110000	2.56540000
1.47310000	2.32300000
1.34340000	2.12280000
1.13030000	1.95670000
1.05620000	1.81820000
6.87460000	1.70270000
2.69610000	1.60490000
1.64920000	1.52190000
0.96360000	1.45100000
0.92650000	1.38990000
1.11180000	1.33680000
2.22360000	1.29020000
4.44720000	1.24890000
1.31560000	1.21210000
1.02840000	1.17890000
1.01920000	1.14860000
0.92650000	1.12080000
0.92650000	1.09510000
0.88020000	1.07110000
0.89870000	1.04850000
0.91720000	1.05190000
0.90800000	1.41440000
0.79680000	1.04120000
0.80610000	1.16450000
0.76900000	1.17760000
0.74120000	1.11540000
0.70410000	1.26230000
0.74120000	1.23210000
0.74120000	1.17260000
0.72270000	1.12140000
0.70410000	1.07710000
0.69490000	1.03830000
0.68560000	1.00420000
0.69490000	0.97370000
0.63000000	0.94630000
0.64860000	0.92150000
0.60220000	0.89880000
0.60220000	0.87780000
0.69490000	0.85820000
1.11180000	0.85010000
2.03830000	2.30020000
4.07660000	4.80170000
3.27980000	3.62390000
1.38980000	1.73790000
1.00060000	1.75570000
0.90800000	1.64090000
0.88020000	1.51500000
0.86160000	1.40990000
2.16800000	1.32700000
4.78070000	2.52190000
2.56640000	4.67810000
1.49170000	2.43130000
0.99140000	1.79010000
0.91720000	1.67170000
1.13960000	1.55760000
1.40830000	1.83850000
3.40030000	5.39250000
2.35330000	4.58520000
1.87150000	3.12030000
11.02540000	11.97720000
8.74620000	11.76820000
5.11430000	4.96010000
3.12230000	3.03700000
2.75170000	2.77250000
2.12170000	2.51780000
1.86230000	2.38290000
1.61210000	2.20950000
1.41750000	2.06440000
2.69610000	1.94240000
13.06370000	10.79500000
4.29900000	9.23980000
2.84440000	2.56210000
2.30700000	2.58480000
6.12420000	4.56120000
3.27980000	4.11070000
2.27920000	2.50510000
2.01050000	2.33260000
1.78810000	2.18390000
1.62140000	2.05850000
2.24210000	2.56850000
2.75170000	3.22900000
1.92710000	1.98140000
1.63060000	2.07510000
1.59360000	1.96230000
1.44530000	1.86620000
1.50090000	1.78370000
1.37120000	1.71240000
1.38050000	1.65010000
2.52930000	1.61680000
2.87220000	3.47220000
2.24210000	4.23560000
1.84370000	1.71550000
1.62140000	1.87680000
1.52870000	1.77740000
1.41750000	1.69260000
2.50160000	2.16070000
2.01050000	1.59860000
1.54730000	1.58010000
1.36200000	1.51980000
1.38050000	1.47770000
1.60280000	1.84840000
1.32490000	1.40590000
4.43790000	4.13340000
10.56210000	16.74780000
8.49600000	9.42740000
5.46640000	2.89990000
3.74310000	2.65470000
2.98330000	2.43680000
2.58490000	2.26920000
4.41940000	4.07830000
8.21810000	9.01910000
5.15130000	5.69050000
3.50220000	2.45280000
2.87220000	2.40410000
2.48300000	2.23700000
2.26070000	2.09690000
2.08460000	1.97860000
1.93640000	1.87810000
1.87150000	1.80140000
1.94570000	1.72640000
5.16990000	4.47670000
5.00310000	5.39310000
3.33540000	2.46900000
2.63130000	1.66970000
2.23290000	1.60530000
2.01980000	1.54870000
1.84370000	1.49870000
1.72330000	1.45410000
2.69610000	1.85220000
2.23290000	2.02740000
1.88080000	1.43370000
1.64920000	1.39050000
1.52870000	1.35070000
1.44530000	1.31460000
1.45460000	1.29500000
1.43610000	1.25220000
1.48240000	1.24450000
1.26930000	1.19680000
3.28910000	1.18590000
7.93080000	8.44680000
2.51080000	3.39470000
2.13100000	1.36140000
2.27920000	1.31090000
3.19640000	1.60350000
3.34470000	2.81750000
2.13100000	1.27040000
1.87150000	1.25330000
1.77890000	1.21900000
1.61210000	1.16420000
1.51020000	1.13360000
1.39900000	1.09420000
1.33420000	1.06440000
1.25080000	1.03730000
1.22300000	1.01230000
1.37120000	1.00950000
1.21370000	0.96760000
1.13030000	0.94870000
1.06550000	0.92800000
1.51950000	1.32650000
1.63990000	0.97580000
1.09330000	0.95710000
1.00990000	0.92930000
0.94500000	0.90420000
0.96360000	0.88340000
2.04760000	3.26220000
2.33480000	2.72520000
1.42680000	1.03650000
1.16740000	1.01200000
1.04690000	0.96800000
0.96360000	0.92980000
0.89870000	0.89650000
0.84310000	0.86710000
0.82460000	0.84090000
0.80610000	0.81730000
0.76900000	0.79590000
0.72270000	0.77630000
0.68560000	0.75820000
0.67630000	0.74130000
0.66710000	0.72550000
0.63930000	0.71050000
0.64860000	0.76000000
0.61150000	0.73090000
0.59300000	0.73510000
0.65780000	0.72580000
0.94500000	0.72490000
6.30950000	2.77170000
1.13030000	0.83470000
0.87090000	0.82990000
0.75970000	0.79050000
0.72270000	0.75910000
1.21370000	1.03500000
1.40830000	0.86700000
0.92650000	0.84080000
0.75050000	0.79530000
0.66710000	0.75900000
0.64860000	0.72770000
0.65780000	0.73160000
1.01920000	0.78150000
0.78750000	0.75700000
0.63000000	0.74420000
0.58370000	0.71220000
0.57440000	0.68450000
3.47440000	0.76800000
11.11800000	8.83420000
1.58430000	1.06500000
1.11180000	1.03310000
0.94500000	0.96200000
0.91720000	0.89820000
0.80610000	0.87970000
0.68560000	0.80250000
0.63000000	0.77360000
0.59300000	0.74000000
0.57440000	0.71090000
0.54660000	0.68540000
0.79680000	1.06920000
0.69490000	0.74970000
0.53740000	0.73750000
1.18590000	0.74430000
0.80610000	0.68980000
0.67630000	0.70750000
0.58370000	0.66270000
0.52810000	0.63960000
0.48180000	0.61920000
0.80610000	0.68980000
0.62080000	0.66240000
0.52810000	0.66140000
0.50960000	0.63500000
0.48180000	0.61190000
0.45400000	0.59160000
0.44470000	0.58020000
2.95550000	0.58460000
2.83510000	3.46590000
0.79680000	0.77650000
0.67630000	0.76070000
0.56520000	0.71130000
0.51880000	0.67420000
1.04690000	0.64420000
3.44660000	1.71060000
0.99140000	2.35170000
2.87220000	0.94060000
4.32680000	2.28110000
2.34400000	1.00340000
5.12350000	0.97410000
1.35270000	0.88500000
1.05620000	0.84420000
0.88940000	0.79420000
0.84310000	0.75370000
1.73260000	0.77640000
0.81530000	0.72900000
0.71340000	0.72860000
1.40830000	1.76190000
1.39900000	0.80860000
0.81530000	0.77260000
0.70410000	0.73260000
0.64860000	0.69830000
0.62080000	0.66890000
0.61150000	0.64320000
0.58370000	0.62080000
0.55590000	0.60090000
0.50960000	0.58320000
0.50030000	0.56710000
0.50960000	0.55260000
1.13960000	0.60070000
0.75050000	0.57170000
0.56520000	0.59700000
0.51880000	0.57470000
0.49100000	0.55510000
0.47250000	0.53770000
0.47250000	0.52220000
0.47250000	0.50810000
0.45400000	0.49520000
0.41690000	0.48340000
0.42620000	0.47240000
0.45400000	0.48030000
0.41690000	0.45250000
0.39840000	0.44660000
0.38910000	0.43740000
0.37990000	0.42870000
0.37060000	0.42040000
0.35210000	0.41240000
0.34280000	0.40470000
0.35210000	0.39730000
0.34280000	0.39010000
0.34280000	0.38310000
0.33350000	0.37630000
0.32430000	0.36960000
0.38910000	0.42720000
0.49100000	0.44380000
0.41690000	0.44280000
0.63930000	0.55120000
0.74120000	0.53360000
0.47250000	0.52910000
0.40770000	0.50480000
0.38910000	0.47770000
0.37990000	0.45460000
0.36130000	0.43480000
0.37060000	0.41760000
0.38910000	0.41260000
0.38910000	0.38930000
0.37060000	0.37750000
0.37060000	0.36690000
0.36130000	0.35730000
0.35210000	0.34840000
0.33350000	0.34030000
0.35210000	0.33600000
0.36130000	0.32560000
0.35210000	0.32310000
0.35210000	0.31250000
0.67630000	0.34020000
0.44470000	0.30060000
0.40770000	0.33130000
2.24210000	4.70510000
1.10250000	1.88960000
0.77830000	0.73580000
0.60220000	0.68050000
0.53740000	0.64370000
0.51880000	0.59420000
2.89990000	1.19530000
0.92650000	0.62080000
0.71340000	0.62210000
0.62080000	0.57920000
0.59300000	0.54500000
0.54660000	0.51290000
0.51880000	0.48710000
1.82520000	1.26030000
0.99140000	0.54320000
0.73190000	0.55850000
0.63930000	0.52630000
0.60220000	0.49900000
0.60220000	0.48060000
0.71340000	0.48480000
0.74120000	0.43840000
0.58370000	0.46080000
0.53740000	0.44180000
0.50960000	0.42530000
0.50960000	0.41150000
0.48180000	0.39790000
0.48180000	0.39830000
0.69490000	0.42140000
0.72270000	0.40750000
0.55590000	0.43400000
0.51880000	0.41540000
0.55590000	0.39920000
0.50030000	0.38500000
0.49100000	0.37250000
0.47250000	0.36130000
0.47250000	0.35120000
2.14950000	0.47990000
11.85920000	10.30340000
2.49230000	2.17520000
1.72330000	0.85310000
1.35270000	0.77580000
1.45460000	0.74190000
1.30640000	0.65710000
1.08400000	0.82040000
3.59480000	1.97040000
1.94570000	1.23710000
1.39900000	1.21790000
1.25080000	1.10120000
1.21370000	1.00480000
1.13960000	0.92490000
1.02840000	0.85830000
1.08400000	0.81640000
0.99140000	0.75570000
0.92650000	0.72850000
0.88020000	0.68850000
0.85240000	0.65830000
0.83390000	0.63230000
0.87090000	0.62500000
1.00060000	0.59910000
1.31560000	1.70230000
1.99200000	1.10700000
1.19520000	1.12860000
1.05620000	1.15670000
1.06550000	1.07080000
0.88940000	0.98110000
0.88940000	0.95910000
0.87090000	0.89680000
0.86160000	0.84430000
0.82460000	0.79980000
0.77830000	0.76190000
0.78750000	0.73420000
1.74180000	0.75480000
1.34340000	1.03620000
1.06550000	1.04770000
1.13030000	1.10680000
0.99140000	1.26690000
0.94500000	1.15030000
0.88940000	1.07980000
0.79680000	1.00650000
0.75970000	0.94550000
0.74120000	0.89350000
0.70410000	0.84920000
0.66710000	0.81130000
0.64860000	0.77850000
0.63930000	0.74980000
0.62080000	0.72460000
0.60220000	0.70230000
0.58370000	0.68220000
0.58370000	0.66400000
0.57440000	0.64740000
0.57440000	0.63210000
0.56520000	0.61790000
0.55590000	0.60450000
0.54660000	0.59200000
0.53740000	0.58010000
0.52810000	0.56880000
0.51880000	0.55790000
0.55590000	0.54740000
0.53740000	0.53740000
0.51880000	0.52760000
0.50030000	0.51810000
1.13960000	0.55110000
2.84440000	0.53380000
1.14890000	0.54580000
0.72270000	0.53400000
0.80610000	0.51870000
0.92650000	0.50490000
0.75970000	0.49230000
0.55590000	0.48070000
0.53740000	0.46990000
0.51880000	0.45980000
0.51880000	0.45030000
32.24220000	8.91910000
7.66220000	6.06740000
2.21430000	1.64150000
1.62140000	1.60930000
1.31560000	1.44840000
1.16740000	1.31380000
1.09330000	1.22300000
1.07470000	2.33790000
1.03770000	1.63330000
0.95430000	1.63320000
1.00060000	3.20560000
1.19520000	2.22010000
1.26930000	1.71540000
1.19520000	1.56550000
1.11180000	1.45070000
1.03770000	1.33680000
0.88940000	1.24980000
0.85240000	1.17660000
0.84310000	1.11450000
0.77830000	1.06150000
0.74120000	1.02030000
0.80610000	0.98140000
0.68560000	0.94180000
0.63930000	0.91120000
0.70410000	0.88970000
0.66710000	0.85940000
0.62080000	0.83700000
0.63930000	0.82490000
0.75050000	0.82150000
0.63000000	0.78000000
0.60220000	0.78900000
0.57440000	0.76960000
0.54660000	0.75170000
0.54660000	0.73500000
0.51880000	0.71940000
0.50960000	0.70460000
0.52810000	0.69060000
0.50960000	0.67720000
0.52810000	0.67050000
1.32490000	2.09210000
1.63060000	2.66910000
1.31560000	0.83490000
0.95430000	0.80960000
0.86160000	0.78660000
1.51950000	0.75290000
4.35460000	0.78840000
2.39040000	1.99400000
2.63130000	0.84990000
1.64920000	0.91090000
1.43610000	0.84640000
1.27860000	0.97380000
1.16740000	0.91730000
1.06550000	0.85840000
1.00060000	0.81360000
0.93580000	0.77540000
0.88940000	0.74260000
0.87090000	0.73390000
0.84310000	0.68880000
0.81530000	0.67430000
0.77830000	0.65310000
0.73190000	0.63440000
0.71340000	0.61750000
0.71340000	0.60200000
0.71340000	0.58780000
0.66710000	0.57450000
0.62080000	0.56210000
0.61150000	0.55040000
0.58370000	0.53940000
0.57440000	0.52880000
0.54660000	0.51870000
0.53740000	0.50900000
0.50960000	0.49960000
0.55590000	0.50870000
0.53740000	0.48170000
0.49100000	0.47310000
0.47250000	0.46470000
0.45400000	0.45660000
0.43550000	0.44860000
0.41690000	0.44080000
0.47250000	0.48070000
2.33480000	6.65810000
0.91720000	0.76620000
0.67630000	0.75470000
0.61150000	0.70180000
0.58370000	0.65740000
0.53740000	0.62000000
0.49100000	0.58820000
0.47250000	0.56100000
0.45400000	0.53760000
0.44470000	0.51720000
0.92650000	0.58400000
0.55590000	0.55450000
0.46330000	0.55080000
0.53740000	0.55780000
2.10320000	1.88380000
4.43790000	2.39780000
1.33420000	0.73090000
1.00990000	0.71420000
0.86160000	0.66800000
0.85240000	0.67150000
1.15810000	0.72360000
1.23220000	0.68710000
0.84310000	0.67620000
0.71340000	0.63730000
0.65780000	0.60430000
0.63930000	0.59490000
0.81530000	0.57160000
0.65780000	0.53550000
0.69490000	0.54910000
0.67630000	0.50800000
0.55590000	0.50650000
0.55590000	0.48980000
0.53740000	0.50940000
1.00060000	0.55890000
0.75970000	0.54950000
0.57440000	0.53830000
0.62080000	0.53420000
0.75970000	0.51170000
0.56520000	0.47600000
0.48180000	0.46020000
0.47250000	0.44610000
0.43550000	0.43340000
0.41690000	0.42200000
0.41690000	0.43760000
0.50030000	0.45720000
0.46330000	0.51520000
0.42620000	0.50070000
0.39840000	0.48030000
0.37060000	0.46460000
0.36130000	0.44790000
0.34280000	0.42460000
0.35210000	0.41940000
0.36130000	0.41850000
0.33350000	0.38660000
0.29650000	0.37640000
0.27800000	0.36700000
0.26870000	0.35840000
0.29650000	0.36040000
0.28720000	0.34280000
0.28720000	0.35720000
0.32430000	0.32900000
0.29650000	0.33220000
0.33350000	0.31680000
0.29650000	0.31080000
0.26870000	0.31300000
0.47250000	0.42660000
0.30570000	0.40610000
0.32430000	0.41140000
0.34280000	0.42220000
0.34280000	0.38970000
0.28720000	0.39650000
0.28720000	0.36400000
0.25940000	0.34900000
0.28720000	0.39050000
1.36200000	0.46110000
0.36130000	0.43730000
0.28720000	0.42230000
0.25940000	0.39870000
0.23160000	0.37860000
0.24090000	0.36140000
0.24090000	0.34660000
0.22240000	0.35410000
0.20380000	0.32220000
0.30570000	0.40260000
1.41750000	1.88230000
2.17730000	2.96300000
0.56520000	0.75390000
0.39840000	0.72380000
0.36130000	0.66110000
0.32430000	0.61540000
0.33350000	0.57890000
0.27800000	0.52950000
0.26870000	0.49890000
0.25020000	0.47290000
0.25020000	0.45080000
0.24090000	0.43170000
0.25940000	0.41510000
1.26930000	0.73130000
0.49100000	0.56110000
0.33350000	0.56040000
0.29650000	0.52540000
0.28720000	0.49580000
0.25940000	0.47070000
0.24090000	0.44910000
0.25020000	0.43060000
0.21310000	0.41440000
0.24090000	0.40020000
0.22240000	0.41330000
0.25940000	0.39220000
0.25940000	0.38180000
0.27800000	0.42310000
0.29650000	0.39530000
0.24090000	0.40850000
0.22240000	0.39190000
0.34280000	0.46320000
0.49100000	0.48350000
1.10250000	0.51270000
0.37060000	0.47810000
0.28720000	0.46880000
0.26870000	0.44350000
0.25940000	0.42180000
0.23160000	0.40330000
0.24090000	0.38720000
0.24090000	0.37320000
0.23160000	0.36080000
0.19460000	0.34980000
0.20380000	0.33990000
0.18530000	0.33090000
0.19460000	0.33240000
0.39840000	0.34580000
0.50030000	0.31120000
0.27800000	0.32360000
0.23160000	0.31430000
0.22240000	0.30580000
0.18530000	0.29810000
0.20380000	0.29100000
0.20380000	0.28440000
0.18530000	0.27820000
0.19460000	0.27240000
0.19460000	0.26690000
0.17600000	0.26160000
0.16680000	0.25660000
0.18530000	0.25180000
0.17600000	0.26060000
0.19460000	0.24770000
0.19460000	0.23830000
0.18530000	0.23400000
3.39100000	4.92820000
1.04690000	0.76330000
0.47250000	0.70500000
0.37060000	0.65410000
0.33350000	0.59590000
0.34280000	0.59280000
0.63000000	0.61700000
0.73190000	0.62570000
0.54660000	0.60560000
0.41690000	0.56530000
0.37060000	0.54640000
0.33350000	0.51110000
0.32430000	0.48140000
0.31500000	0.45610000
0.29650000	0.43460000
0.29650000	0.41610000
0.27800000	0.40000000
0.30570000	0.39150000
0.29650000	0.37890000
0.29650000	0.36230000
0.25940000	0.35230000
0.26870000	0.34320000
0.26870000	0.33480000
0.26870000	0.34980000
0.33350000	0.41270000
0.66710000	0.52210000
0.60220000	0.54010000
0.43550000	0.54640000
0.48180000	0.52210000
0.39840000	0.49980000
0.36130000	0.47390000
0.33350000	0.44740000
0.31500000	0.42500000
0.30570000	0.40570000
0.31500000	0.38910000
0.30570000	0.37490000
0.29650000	0.36180000
0.29650000	0.39450000
0.54660000	1.67990000
2.11240000	2.31520000
1.08400000	0.68650000
0.75050000	0.65060000
0.60220000	0.61780000
0.50030000	0.57320000
0.45400000	0.53600000
0.43550000	0.50560000
0.42620000	0.48300000
0.42620000	0.46030000
0.42620000	0.45080000
0.44470000	0.42310000
0.44470000	0.45960000
1.03770000	0.57600000
0.65780000	0.52280000
0.55590000	0.52720000
0.51880000	0.49660000
0.47250000	0.47070000
2.52930000	1.78610000
2.03830000	0.58340000
1.00990000	0.57210000
0.83390000	0.55620000
0.81530000	0.53280000
1.23220000	1.00370000
3.76160000	3.79760000
4.18780000	2.13410000
2.29770000	2.10480000
2.64050000	1.35250000
3.64110000	1.55910000
1.63060000	1.40880000
1.31560000	1.39720000
1.18590000	1.26350000
1.21370000	1.18440000
1.18590000	1.06170000
1.01920000	1.21880000
0.91720000	1.12140000
0.85240000	1.04030000
0.81530000	0.97720000
0.80610000	0.91610000
2.57570000	2.16780000
2.02900000	1.48960000
1.13960000	1.28610000
1.03770000	1.18650000
0.97280000	1.10330000
0.89870000	1.03350000
0.78750000	0.97470000
0.74120000	0.92520000
0.74120000	0.88250000
0.69490000	0.84560000
0.75050000	0.81360000
0.75050000	0.78840000
0.87090000	0.76060000
0.71340000	0.73830000
0.67630000	0.71820000
0.63000000	0.69980000
0.61150000	0.68300000
0.63930000	0.66740000
0.59300000	0.65280000
0.53740000	0.64060000
0.58370000	0.63220000
0.52810000	0.63120000
0.54660000	0.60140000
0.52810000	0.61810000
0.54660000	0.60320000
0.48180000	0.58930000
0.44470000	0.57640000
0.41690000	0.56420000
0.46330000	0.55270000
0.42620000	0.54170000
0.44470000	0.53130000
0.43550000	0.52120000
0.23160000	0.51160000
0.32430000	0.50220000
0.37060000	0.49310000
0.43550000	0.48430000
0.45400000	0.47570000
0.52810000	0.50370000
0.79680000	1.43740000
0.61150000	0.60790000
0.51880000	0.71300000
0.50030000	0.68350000
0.44470000	0.64330000
0.45400000	0.60980000
1.69550000	1.70310000
1.57510000	1.01840000
0.83390000	1.06850000
0.74120000	0.98420000
0.64860000	0.90660000
0.60220000	0.84200000
0.55590000	0.78790000
0.55590000	2.02640000
0.55590000	1.34760000
1.71400000	2.90740000
2.50160000	3.27900000
1.99200000	1.68860000
1.40830000	1.63260000
1.16740000	1.56020000
1.07470000	1.42490000
1.04690000	1.31260000
1.09330000	1.21900000
0.92650000	1.14070000
0.74120000	1.07460000
0.74120000	1.01870000
0.88020000	0.97080000
0.89870000	0.92960000
0.87090000	0.89390000
3.27050000	0.98080000
5.59610000	3.38310000
5.45710000	4.35640000
4.31750000	5.21250000
3.05750000	2.82900000
2.54790000	2.66200000
2.17730000	2.01860000
1.94570000	2.01940000
1.61210000	1.84200000
1.58430000	1.69530000
1.36200000	1.57300000
1.18590000	1.47070000
1.10250000	1.38460000
1.05620000	1.31160000
1.07470000	1.26790000
1.05620000	1.21760000
1.00060000	1.16620000
0.92650000	1.14740000
0.79680000	1.10680000
0.84310000	1.07140000
0.85240000	1.04480000
0.99140000	3.62890000
0.85240000	1.75110000
1.19520000	1.64850000
2.75170000	3.58020000
7.29160000	6.93020000
2.59420000	4.57100000
1.84370000	2.19050000
1.53800000	2.08650000
1.42680000	1.91410000
1.26000000	1.77080000
1.08400000	1.65110000
1.01920000	1.55050000
1.00060000	1.46550000
0.94500000	1.39310000
0.88020000	1.33110000
0.86160000	1.27740000
0.85240000	1.23050000
0.80610000	1.18930000
0.78750000	1.15260000
0.75970000	1.11970000
0.72270000	1.08990000
0.70410000	1.06270000
0.68560000	1.03760000
0.64860000	1.01430000
0.65780000	1.00040000
0.66710000	0.98740000
0.75970000	0.98620000
0.76900000	0.97620000
0.69490000	0.96840000
0.63930000	0.94370000
0.61150000	0.92100000
0.61150000	0.90350000
0.62080000	0.88030000
0.57440000	0.86180000
0.57440000	0.84430000
0.61150000	0.88560000
5.18840000	8.56870000
3.48360000	5.05340000
2.54790000	1.19290000
1.63990000	1.12940000
1.38980000	1.07130000
1.27860000	1.02310000
1.36200000	0.99330000
1.26000000	0.94700000
1.03770000	0.91030000
0.96360000	0.88540000
0.93580000	0.85490000
0.87090000	0.82910000
0.83390000	0.80590000
0.79680000	0.78490000
0.75970000	0.76550000
0.73190000	0.74770000
0.70410000	0.73110000
0.64860000	0.71550000
0.63930000	0.70080000
0.63000000	0.68680000
0.60220000	0.67350000
0.60220000	0.66550000
0.57440000	0.64830000
0.54660000	0.63640000
0.53740000	0.62490000
0.52810000	0.61370000
0.50030000	0.60280000
0.49100000	0.59220000
0.49100000	0.58570000
0.52810000	0.57740000
0.53740000	0.56170000
0.60220000	0.58110000
0.51880000	0.54250000
0.47250000	0.53690000
0.53740000	0.56900000
0.61150000	0.59980000
0.89870000	0.71820000
0.52810000	0.68120000
0.48180000	0.67080000
0.43550000	0.63850000
0.40770000	0.61070000
0.39840000	0.59170000
0.42620000	0.56570000
0.38910000	0.54710000
0.36130000	0.53060000
0.35210000	0.51570000
0.33350000	0.50220000
0.31500000	0.48980000
0.29650000	0.47840000
0.29650000	0.46770000
0.29650000	0.45780000
0.28720000	0.44830000
0.32430000	0.54420000
0.29650000	0.52280000
0.26870000	0.53010000
0.25940000	0.50760000
0.25020000	0.48800000
0.24090000	0.47090000
0.37060000	0.53890000
0.28720000	0.51140000
0.25940000	0.50390000
0.25020000	0.48280000
0.24090000	0.49360000
0.25020000	0.44830000
0.20380000	0.44090000
0.19460000	0.43680000
0.21310000	0.41490000
0.20380000	0.40370000
0.20380000	0.39360000
0.23160000	0.41140000
0.26870000	0.37550000
0.20380000	0.36820000
0.20380000	0.36050000
0.19460000	0.35690000
0.21310000	0.34610000
0.17600000	0.33940000
0.17600000	0.33300000
0.21310000	0.40710000
0.25940000	0.38640000
0.19460000	0.38720000
0.17600000	0.37190000
0.17600000	0.35840000
0.16680000	0.34660000
0.14820000	0.33610000
0.15750000	0.34430000
0.18530000	0.31800000
0.17600000	0.31010000
0.13900000	0.30290000
0.16680000	0.29610000
0.14820000	0.28980000
0.11120000	0.28380000
0.12970000	0.27810000
0.17600000	0.28950000
0.18530000	0.26750000
0.15750000	0.26250000
0.14820000	0.36320000
1.20450000	1.10510000
0.29650000	0.62040000
0.22240000	0.59590000
0.20380000	0.54580000
0.18530000	0.50420000
0.17600000	0.46950000
0.17600000	0.44040000
0.16680000	0.41580000
0.15750000	0.39490000
0.16680000	0.37700000
0.11120000	0.36150000
0.12040000	0.34810000
0.12970000	0.35090000
0.15750000	0.37120000
0.15750000	0.34440000
0.14820000	0.34220000
0.12040000	0.32970000
0.48180000	0.35290000
0.22240000	0.31770000
0.18530000	0.32450000
0.15750000	0.31320000
0.16680000	0.31140000
0.15750000	0.29410000
0.12970000	0.28600000
0.12040000	0.27860000
0.12970000	0.27190000
0.12040000	0.26560000
0.19460000	0.36190000
0.28720000	0.50970000
0.17600000	0.47930000
0.27800000	0.49290000
0.30570000	0.52680000
0.31500000	0.53640000
0.24090000	0.49760000
0.18530000	0.46200000
0.19460000	0.43220000
0.15750000	0.40700000
0.14820000	0.39450000
0.21310000	0.41580000
0.24090000	0.38320000
0.16680000	0.39510000
0.18530000	0.37540000
0.16680000	0.35850000
0.19460000	0.39720000
0.25940000	0.41310000
0.25020000	0.40170000
0.22240000	0.40140000
0.19460000	0.37640000
0.19460000	0.35900000
0.17600000	0.34400000
0.16680000	0.33100000
0.14820000	0.31950000
0.14820000	0.30940000
0.14820000	0.30030000
0.12970000	0.29210000
0.12040000	0.28460000
0.12040000	0.27780000
0.12040000	0.27140000
0.11120000	0.26550000
0.10190000	0.25990000
0.11120000	0.26250000
0.14820000	0.24960000
0.12040000	0.24480000
0.12970000	0.24020000
0.12040000	0.23570000
0.12970000	0.24320000
0.13900000	0.24100000
0.16680000	0.22480000
0.14820000	0.22190000
0.12040000	0.21860000
0.13900000	0.21360000
0.11120000	0.20970000
0.15750000	0.20590000
0.32430000	0.39180000
0.25020000	0.40720000
0.17600000	0.40070000
0.16680000	0.37590000
0.17600000	0.34650000
0.12040000	0.33560000
0.14820000	0.31560000
0.13900000	0.29860000
0.12970000	0.28410000
0.12970000	0.27170000
0.12970000	0.26100000
0.13900000	0.28160000
0.19460000	0.31580000
0.23160000	0.30830000
0.17600000	0.31670000
0.15750000	0.29900000
0.15750000	0.28400000
0.14820000	0.27110000
0.14820000	0.26000000
0.14820000	0.25030000
0.15750000	0.24170000
0.15750000	0.23420000
0.14820000	0.22740000
0.15750000	0.22490000
0.16680000	0.26420000
0.19460000	0.27920000
0.19460000	0.27740000
0.16680000	0.27560000
0.17600000	0.26180000
0.16680000	0.24990000
0.16680000	0.23960000
0.20380000	0.28150000
0.28720000	0.25680000
0.22240000	0.27950000
0.23160000	0.40700000
0.85240000	0.51460000
0.35210000	0.51850000
0.37060000	0.53480000
0.35210000	0.53400000
0.28720000	0.50380000
0.70410000	0.61110000
1.21370000	0.56920000
0.41690000	0.56530000
0.29650000	0.51920000
0.26870000	0.48090000
0.25940000	0.44880000
0.25020000	0.42190000
0.25020000	0.43930000
0.99140000	1.01720000
0.59300000	0.53360000
2.20510000	1.74160000
0.66710000	0.74360000
0.46330000	0.70180000
0.44470000	0.69350000
0.42620000	0.61780000
0.62080000	0.69440000
1.22300000	0.69410000
0.63000000	0.66130000
0.49100000	0.63270000
0.42620000	0.59100000
0.37060000	0.55580000
0.59300000	0.70940000
4.72520000	5.47840000
1.15810000	0.75970000
0.78750000	0.73980000
0.62080000	0.68620000
0.55590000	0.64140000
0.51880000	0.60370000
1.13960000	1.32450000
1.34340000	0.66330000
0.88020000	0.68580000
0.95430000	0.79730000
0.79680000	0.90550000
0.62080000	0.96260000
0.55590000	0.88340000
0.51880000	0.81750000
0.51880000	0.76240000
1.62140000	2.77640000
1.45460000	1.27150000
0.88940000	1.20830000
0.75050000	1.10240000
0.63930000	1.01450000
0.66710000	0.94140000
4.01170000	3.27900000
8.93150000	11.98140000
2.07540000	5.37320000
1.45460000	2.30530000
1.18590000	2.08400000
0.99140000	1.88170000
0.91720000	1.71460000
0.83390000	1.57620000
0.75050000	1.46100000
1.02840000	4.21870000
1.04690000	2.59840000
0.88940000	1.80590000
0.83390000	1.66790000
0.78750000	1.54890000
0.72270000	1.44930000
0.79680000	1.36530000
0.79680000	1.29410000
0.96360000	1.65350000
1.18590000	1.31660000
0.98210000	1.51120000
0.96360000	1.41680000
1.01920000	1.33720000
1.69550000	1.28580000
1.49170000	1.21150000
1.11180000	1.19390000
1.19520000	1.14610000
5.85550000	2.88270000
3.89130000	5.11850000
2.07540000	1.74040000
1.55650000	1.86170000
1.38980000	1.72230000
1.28780000	1.59990000
1.20450000	1.49730000
1.14890000	1.41090000
1.06550000	1.33760000
1.01920000	1.27500000
0.97280000	1.22100000
0.95430000	1.17430000
0.99140000	1.14260000
1.10250000	1.10000000
0.94500000	1.36180000
1.49170000	4.34660000
2.14950000	3.75720000
1.63990000	1.73940000
1.35270000	1.79540000
1.53800000	1.68470000
1.57510000	2.25170000
1.38980000	1.68240000
1.04690000	1.63840000
1.02840000	1.53470000
1.03770000	1.46110000
0.99140000	1.37120000
0.91720000	1.34770000
0.82460000	1.28560000
0.75970000	1.23240000
0.74120000	1.18610000
0.71340000	1.14540000
0.67630000	1.10930000
0.64860000	1.07700000
0.66710000	1.04980000
0.67630000	1.02560000
0.82460000	6.29920000
0.85240000	3.72300000
0.77830000	1.60080000
0.75050000	1.49930000
0.78750000	1.40420000
0.90800000	1.32500000
10.46950000	6.45600000
4.86410000	4.08660000
2.53860000	1.83130000
1.89930000	1.69480000
1.55650000	1.57710000
1.40830000	1.47850000
1.30640000	1.39520000
1.22300000	1.32440000
1.15810000	1.26380000
1.02840000	1.21160000
0.93580000	1.16610000
0.92650000	1.12610000
0.89870000	1.09060000
0.85240000	1.05890000
0.84310000	1.03070000
0.81530000	1.00410000
0.75970000	0.98000000
0.73190000	0.95770000
0.71340000	0.93690000
0.70410000	0.91730000
0.68560000	0.89870000
0.66710000	0.88100000
0.63930000	0.86400000
0.62080000	0.84780000
0.62080000	0.83950000
0.64860000	0.82440000
0.60220000	0.80220000
0.66710000	0.81570000
0.64860000	0.77390000
0.59300000	0.80830000
1.03770000	1.37560000
1.12110000	0.83690000
0.75970000	0.86260000
0.93580000	0.87080000
2.01980000	3.78260000
1.93640000	2.04490000
2.58490000	2.04490000
2.34400000	0.97410000
1.63060000	0.95820000
1.36200000	0.90990000
1.19520000	0.86860000
1.08400000	0.83280000
1.03770000	0.81800000
1.08400000	0.77810000
0.92650000	0.75020000
0.87090000	0.72860000
0.91720000	0.72930000
1.50090000	1.50600000
1.23220000	0.77950000
1.00990000	0.77310000
0.91720000	0.74300000
0.87090000	0.71670000
0.82460000	0.69350000
0.76900000	0.67270000
1.58430000	1.06430000
1.60280000	0.74550000
1.03770000	0.72300000
0.90800000	0.70580000
0.86160000	0.67930000
0.83390000	0.65600000
0.77830000	0.63530000
0.72270000	0.61680000
0.72270000	0.61460000
0.77830000	0.60540000
1.90860000	2.72380000
1.47310000	0.70180000
1.00990000	0.69500000
0.88940000	0.66320000
0.84310000	0.64370000
0.76900000	0.61200000
0.71340000	0.59100000
0.67630000	0.57240000
0.68560000	0.58220000
0.75970000	0.54080000
0.63000000	0.53300000
0.63930000	0.54690000
0.64860000	0.50720000
0.58370000	0.50130000
0.60220000	0.51380000
0.69490000	0.53540000
4.51210000	4.71370000
1.69550000	0.76790000
1.22300000	0.74260000
1.25080000	0.69490000
1.76040000	0.65440000
1.01920000	0.63070000
0.93580000	0.59100000
0.87090000	0.57150000
0.85240000	0.54400000
0.76900000	0.52490000
0.69490000	0.50790000
0.64860000	0.49280000
0.63000000	0.47920000
0.60220000	0.49270000
0.58370000	0.45550000
1.12110000	0.54200000
1.38980000	0.56580000
0.73190000	0.54160000
0.63930000	0.51740000
0.58370000	0.49630000
0.57440000	0.50590000
0.59300000	0.46160000
0.51880000	0.44810000
0.50960000	0.43560000
0.71340000	0.44670000
1.03770000	0.43310000
0.56520000	0.40270000
0.50960000	0.39490000
0.46330000	0.38500000
0.41690000	0.37690000
0.40770000	0.36930000
0.40770000	0.49850000
0.48180000	0.50000000
0.45400000	0.49570000
0.40770000	0.47070000
0.43550000	0.44050000
0.35210000	0.42190000
0.34280000	0.43900000
0.48180000	0.40780000
0.52810000	0.41110000
0.35210000	0.39130000
0.49100000	0.38900000
2.23290000	1.51990000
2.85360000	0.67330000
1.92710000	0.70900000
0.73190000	0.65170000
0.58370000	0.66300000
0.50030000	0.60350000
0.52810000	0.62280000
1.22300000	0.61960000
0.59300000	0.57600000
0.50030000	0.54340000
0.84310000	0.51390000
0.83390000	0.49110000
0.79680000	0.56780000
0.74120000	0.79710000
0.75050000	0.61670000
0.50960000	0.58910000
0.45400000	0.55400000
0.40770000	0.52430000
0.38910000	0.49900000
0.36130000	0.47730000
0.34280000	0.45840000
0.33350000	0.44200000
0.28720000	0.42740000
0.28720000	0.41450000
0.26870000	0.40290000
0.26870000	0.39230000
0.27800000	0.38260000
0.24090000	0.37370000
0.23160000	0.36540000
0.22240000	0.35760000
0.21310000	0.35020000
0.20380000	0.34320000
0.20380000	0.33650000
0.20380000	0.33010000
0.18530000	0.32390000
0.18530000	0.33680000
0.27800000	0.33750000
0.24090000	0.30820000
0.22240000	0.31160000
0.21310000	0.30480000
0.19460000	0.30610000
0.18530000	0.29240000
0.15750000	0.28660000
0.17600000	0.28110000
0.16680000	0.27580000
0.12970000	0.27070000
0.14820000	0.26580000
0.14820000	0.26100000
0.14820000	0.25640000
0.12040000	0.25330000
0.14820000	0.24740000
0.14820000	0.24310000
0.13900000	0.33020000
0.36130000	0.31100000
0.19460000	0.33200000
0.17600000	0.31440000
0.17600000	0.29930000
0.18530000	0.30760000
0.19460000	0.30580000
0.18530000	0.27220000
0.19460000	0.29000000
0.17600000	0.27760000
0.33350000	0.37420000
0.23160000	0.34990000
0.17600000	0.36950000
0.16680000	0.34590000
0.15750000	0.32590000
0.19460000	0.39720000
0.34280000	0.55680000
4.46570000	4.42830000
5.89250000	0.94100000
0.71340000	0.85430000
0.48180000	0.78580000
0.41690000	0.76170000
0.97280000	1.52670000
0.65780000	0.78170000
0.46330000	0.75780000
0.44470000	0.71930000
0.39840000	0.65630000
4.15070000	0.83350000
1.00990000	0.69050000
0.79680000	0.71550000
0.86160000	0.67520000
0.63000000	0.65530000
0.52810000	0.61400000
0.46330000	0.58030000
0.42620000	0.55160000
0.38910000	0.52690000
0.36130000	0.50560000
0.34280000	0.48710000
0.32430000	0.47070000
0.34280000	0.47600000
0.33350000	0.44310000
0.30570000	0.43790000
0.31500000	0.47510000
0.63930000	0.48280000
0.37060000	0.47290000
0.34280000	0.46390000
0.47250000	0.50800000
0.42620000	0.47640000
0.34280000	0.50170000
0.33350000	0.47780000
0.33350000	0.46650000
0.35210000	0.43950000
0.32430000	0.42400000
0.30570000	0.41020000
0.30570000	0.39790000
0.30570000	0.38690000
0.30570000	0.37680000
0.29650000	0.36760000
0.29650000	0.35910000
0.29650000	0.35110000
0.39840000	0.43540000
0.37060000	0.41410000
0.31500000	0.43620000
0.30570000	0.41530000
0.28720000	0.39740000
0.28720000	0.38180000
0.35210000	0.60180000
1.86230000	2.23120000
0.63000000	0.62740000
0.48180000	0.60470000
0.43550000	0.56080000
0.39840000	0.52410000
0.38910000	0.49330000
0.37060000	0.46710000
0.37060000	0.44480000
0.36130000	0.42560000
0.32430000	0.40900000
0.31500000	0.39440000
0.32430000	0.38160000
0.33350000	0.37010000
0.75970000	1.00720000
1.56580000	0.45060000
0.91720000	0.48390000
1.14890000	1.53740000
1.00060000	0.57290000
0.75970000	0.55470000
0.64860000	0.52910000
0.62080000	0.50300000
0.97280000	0.51900000
0.71340000	0.48860000
0.62080000	0.50450000
0.57440000	0.47670000
0.50960000	0.45300000
0.51880000	0.43280000
0.49100000	0.41520000
0.48180000	0.39990000
0.46330000	0.38690000
0.45400000	0.38960000
0.63930000	0.41530000
13.06370000	9.30070000
7.65290000	7.95390000
2.27920000	1.69910000
1.62140000	1.53360000
1.28780000	1.36810000
1.41750000	1.25200000
1.25080000	1.11990000
1.00990000	1.13080000
0.88940000	1.03870000
0.85240000	0.96210000
0.82460000	0.89810000
0.79680000	0.84420000
0.75970000	0.79870000
0.72270000	0.75990000
0.66710000	0.72650000
0.63000000	0.69770000
1.26930000	1.55160000
1.27860000	0.79180000
0.86160000	0.96910000
0.75050000	0.90350000
0.71340000	0.84840000
1.19520000	0.89260000
1.02840000	0.93210000
0.84310000	1.07370000
0.78750000	0.99560000
0.72270000	0.93030000
0.77830000	0.89900000
1.13030000	1.07130000
0.88940000	1.06270000
0.82460000	1.18290000
0.97280000	1.07270000
0.76900000	1.21300000
0.77830000	1.12220000
0.79680000	1.17710000
0.75050000	1.09660000
0.72270000	1.16620000
0.67630000	1.08710000
0.63930000	1.02020000
0.54660000	0.96370000
0.56520000	0.91560000
0.54660000	0.87450000
0.54660000	0.83900000
0.53740000	0.80790000
0.53740000	0.78060000
0.53740000	0.75640000
0.48180000	0.73470000
0.47250000	0.71500000
0.43550000	0.69710000
0.44470000	0.68050000
0.48180000	0.66520000
1.97340000	1.69310000
2.28850000	1.03380000
14.63870000	7.41770000
2.43670000	4.09880000
1.66770000	1.85980000
1.33420000	1.68960000
1.22300000	1.53910000
1.09330000	1.80370000
1.15810000	2.04610000
0.98210000	1.59110000
0.91720000	1.46700000
0.88020000	1.36300000
0.88020000	1.27590000
1.01920000	1.50770000
3.13160000	2.95050000
2.73320000	2.07990000
2.44600000	2.13610000
2.52010000	2.27630000
1.70480000	1.74830000
1.17670000	1.78900000
1.09330000	1.65100000
1.06550000	1.53590000
1.00060000	1.43940000
0.93580000	1.35800000
0.99140000	1.28890000
1.74180000	2.93380000
1.18590000	2.18310000
0.96360000	1.56580000
1.16740000	1.48680000
2.13100000	2.00510000
1.18590000	1.51770000
1.10250000	1.60040000
1.53800000	1.91560000
3.49290000	3.99630000
1.74180000	2.62570000
1.27860000	1.88330000
1.26930000	1.74460000
1.16740000	1.62740000
1.01920000	1.52890000
0.94500000	1.44560000
0.94500000	1.37470000
0.91720000	1.31520000
0.86160000	1.26110000
0.81530000	1.21520000
0.77830000	1.17460000
0.81530000	1.15700000
2.08460000	2.66250000
2.44600000	2.86450000
1.31560000	1.17200000
1.15810000	1.22970000
1.03770000	1.17790000
1.00060000	1.13280000
0.99140000	1.09340000
0.87090000	1.05840000
0.83390000	1.02720000
0.84310000	1.00740000
0.79680000	0.97330000
0.75050000	0.94980000
0.71340000	0.92800000
0.69490000	0.90760000
0.66710000	0.88840000
0.68560000	0.87030000
0.65780000	0.85310000
0.62080000	0.83660000
0.58370000	0.82080000
0.59300000	0.80560000
0.60220000	0.79090000
0.59300000	0.77660000
1.26930000	2.62290000
1.23220000	0.90580000
0.82460000	0.89730000
0.73190000	0.87840000
0.68560000	0.84510000
0.66710000	0.81580000
0.65780000	0.79490000
0.65780000	0.76670000
0.63930000	0.74580000
0.65780000	0.73680000
0.62080000	0.70930000
0.57440000	0.69300000
0.72270000	1.07080000
0.86160000	1.32350000
0.71340000	0.79510000
0.63000000	0.78160000
0.58370000	0.75000000
0.56520000	0.72230000
0.55590000	0.69800000
0.52810000	0.67640000
0.52810000	0.65710000
0.50960000	0.63950000
0.50030000	0.62350000
0.52810000	0.63650000
0.68560000	0.61350000
0.53740000	0.60490000
0.50030000	0.60190000
0.47250000	0.58600000
0.46330000	0.57140000
0.57440000	0.59860000
0.50030000	0.54550000
0.46330000	0.57930000
0.50030000	0.58790000
1.83450000	1.64140000
0.82460000	0.69260000
0.72270000	0.68480000
0.64860000	0.64150000
0.59300000	0.61290000
0.56520000	0.58890000
0.60220000	0.58940000
0.81530000	0.63780000
3.74310000	5.64590000
2.43670000	1.54180000
1.39900000	0.82240000
1.12110000	0.76710000
1.02840000	0.72060000
1.60280000	2.14450000
1.07470000	0.73940000
0.89870000	0.73870000
0.80610000	0.69740000
0.75970000	0.66230000
0.74120000	0.63740000
4.81780000	0.64270000
9.82090000	9.46090000
5.50340000	7.67810000
3.28910000	1.05260000
3.80790000	1.14560000
2.18650000	1.09960000
1.73260000	1.08940000
2.89990000	1.05630000
2.24210000	1.06320000
1.62140000	0.96160000
1.33420000	0.91470000
1.18590000	0.86020000
1.06550000	0.81400000
0.97280000	0.77470000
0.88940000	0.74090000
0.82460000	0.71160000
0.80610000	0.68660000
0.76900000	0.66340000
0.74120000	0.64330000
0.71340000	0.62520000
0.66710000	0.60880000
0.62080000	0.59380000
0.59300000	0.58030000
0.68560000	0.61390000
0.71340000	0.58540000
0.60220000	0.58910000
0.56520000	0.57190000
0.52810000	0.55630000
0.50030000	0.54220000
0.47250000	0.52910000
0.45400000	0.51700000
0.48180000	0.52080000
0.47250000	0.49510000
0.44470000	0.48510000
0.42620000	0.47550000
0.38910000	0.46640000
0.37060000	0.45760000
0.34280000	0.44910000
0.32430000	0.44090000
0.30570000	0.43290000
0.30570000	0.42520000
0.28720000	0.41770000
0.28720000	0.41030000
0.27800000	0.40320000
0.26870000	0.39610000
0.25940000	0.38930000
0.25940000	0.38260000
0.25940000	0.37600000
0.24090000	0.36950000
0.22240000	0.36320000
0.22240000	0.35700000
0.20380000	0.35090000
0.21310000	0.34490000
0.20380000	0.40160000
0.25940000	0.37810000
0.25020000	0.38800000
0.25940000	0.41780000
0.27800000	0.38850000
0.24090000	0.38410000
0.20380000	0.36970000
0.18530000	0.35710000
0.17600000	0.34710000
0.25940000	0.33600000
0.28720000	0.36960000
0.26870000	0.38790000
1.03770000	0.53810000
0.85240000	0.56540000
1.03770000	0.58280000
1.35270000	0.59230000
0.44470000	0.54690000
0.36130000	0.51940000
0.55590000	0.51310000
0.42620000	0.51050000
0.44470000	0.47880000
0.34280000	0.45810000
0.32430000	0.44930000
0.30570000	0.41500000
0.29650000	0.39790000
0.25940000	0.38290000
0.25020000	0.36980000
0.22240000	0.35820000
0.25020000	0.35610000
0.27800000	0.37220000
0.25020000	0.32970000
0.21310000	0.33630000
0.18530000	0.32690000
0.18530000	0.31840000
0.18530000	0.31060000
0.17600000	0.30340000
0.17600000	0.29670000
0.16680000	0.29040000
0.13900000	0.28440000
0.12970000	0.27870000
0.13900000	0.27470000
0.12970000	0.29550000
0.22240000	0.34420000
0.29650000	0.33640000
0.21310000	0.34710000
0.18530000	0.33000000
0.63930000	0.54670000
0.69490000	0.61760000
0.31500000	0.57180000
0.25020000	0.54580000
0.21310000	0.50360000
0.24090000	0.55170000
0.33350000	0.50740000
0.26870000	0.50810000
0.21310000	0.47420000
0.21310000	0.44570000
0.19460000	0.42160000
0.38910000	0.59370000
0.93580000	0.55910000
0.34280000	0.56540000
0.27800000	0.52560000
0.25940000	0.49220000
0.22240000	0.46410000
0.23160000	0.44020000
0.23160000	0.41980000
0.20380000	0.40220000
0.21310000	0.41050000
0.22240000	0.37350000
0.19460000	0.37470000
0.17600000	0.36220000
0.18530000	0.37490000
0.23160000	0.34110000
0.23160000	0.34650000
0.20380000	0.33630000
0.20380000	0.32690000
0.18530000	0.31850000
0.18530000	0.31070000
0.16680000	0.31080000
0.25940000	0.39540000
0.29650000	0.37860000
0.23160000	0.40550000
0.20380000	0.38340000
0.18530000	0.36460000
0.18530000	0.34850000
0.19460000	0.33460000
0.20380000	0.34830000
0.35210000	0.32600000
0.25940000	0.32040000
0.22240000	0.32020000
0.18530000	0.30880000
0.18530000	0.29870000
0.18530000	0.28970000
0.18530000	0.28160000
0.19460000	0.27430000
0.19460000	0.26790000
0.17600000	0.26130000
0.17600000	0.25550000
0.18530000	0.25010000
0.18530000	0.24500000
0.19460000	0.24010000
0.19460000	0.23540000
0.20380000	0.24860000
0.22240000	0.23420000
0.23160000	0.22510000
0.21310000	0.27300000
0.67630000	0.42820000
0.37990000	0.41880000
0.28720000	0.43960000
0.26870000	0.38710000
0.23160000	0.38830000
0.22240000	0.36250000
0.21310000	0.34080000
0.22240000	0.32240000
0.22240000	0.30680000
0.21310000	0.29330000
0.22240000	0.29680000
0.24090000	0.27150000
0.23160000	0.26260000
0.22240000	0.25460000
0.24090000	0.30430000
0.61150000	0.37880000
0.36130000	0.37440000
0.28720000	0.38050000
0.25940000	0.35550000
0.25020000	0.33450000
0.24090000	0.31670000
0.22240000	0.30150000
0.25940000	0.34150000
0.44470000	0.31490000
0.30570000	0.33750000
0.26870000	0.31980000
0.29650000	0.35240000
0.37990000	0.32720000
0.31500000	0.39380000
2.08460000	2.93550000
1.69550000	0.67450000
0.65780000	0.63510000
0.49100000	0.60400000
0.42620000	0.55310000
0.37990000	0.51080000
0.35210000	0.47560000
0.35210000	0.45950000
0.69490000	0.49480000
0.52810000	0.47340000
0.40770000	0.48010000
0.37990000	0.45100000
0.35210000	0.42640000
0.33350000	0.40550000
0.32430000	0.38750000
0.30570000	0.37200000
0.29650000	0.35840000
0.28720000	0.34650000
0.28720000	0.33590000
0.28720000	0.33640000
0.27800000	0.31770000
0.25940000	0.30970000
0.25940000	0.30240000
0.25940000	0.29570000
0.26870000	0.28930000
0.28720000	0.28330000
0.25020000	0.27760000
0.25020000	0.27220000
0.22240000	0.26700000
0.22240000	0.26200000
0.25020000	0.25720000
0.30570000	0.28690000
0.38910000	0.24800000
0.37060000	0.32180000
0.78750000	0.92320000
1.09330000	0.40480000
0.57440000	0.41400000
0.45400000	0.38620000
0.43550000	0.39300000
0.50030000	0.37520000
0.40770000	0.37420000
0.37990000	0.36070000
0.37990000	0.38410000
0.38910000	0.36160000
0.42620000	0.37900000
0.41690000	0.35810000
0.35210000	0.34000000
0.41690000	0.32450000
0.45400000	0.31110000
0.68560000	0.41490000
1.27860000	0.72510000
0.75970000	0.43670000
0.65780000	0.44470000
2.27920000	0.95240000
2.43670000	0.48820000
1.08400000	0.47630000
3.69670000	2.22800000
1.88080000	0.68950000
1.16740000	0.76910000
0.95430000	0.69810000
0.83390000	0.63940000
0.73190000	0.59070000
0.63000000	0.55000000
0.55590000	0.51580000
0.50960000	0.48700000
0.46330000	0.46250000
0.46330000	0.44150000
0.50030000	0.43840000
0.55590000	0.41730000
0.47250000	0.39470000
0.45400000	0.39410000
0.48180000	0.39820000
0.50960000	0.36980000
0.43550000	0.37510000
0.40770000	0.36360000
0.58370000	0.39790000
1.01920000	0.37610000
0.63930000	0.51660000
0.56520000	0.48800000
0.50960000	0.45480000
0.45400000	0.43100000
0.38910000	0.41070000
0.37060000	0.39320000
0.37060000	0.37800000
0.37060000	0.36470000
0.37060000	0.35300000
0.49100000	0.38810000
0.69490000	0.42880000
1.49170000	0.60230000
0.85240000	0.67420000
0.67630000	0.70690000
0.61150000	0.64800000
0.59300000	0.59900000
1.61210000	1.36670000
3.26130000	3.21810000
2.02900000	1.28620000
1.23220000	1.25830000
0.95430000	1.19840000
0.96360000	1.09840000
0.92650000	0.99090000
0.79680000	0.91870000
0.71340000	0.85300000
0.64860000	0.79800000
0.63000000	0.75170000
0.62080000	0.71950000
0.69490000	0.69640000
3.13160000	4.06870000
1.73260000	1.21840000
1.13030000	1.19490000
0.96360000	1.09390000
1.10250000	1.01000000
1.76960000	0.94040000
2.26070000	0.93310000
1.71400000	0.86180000
1.38980000	0.84620000
1.34340000	0.80050000
1.14890000	0.76300000
0.98210000	0.73080000
1.03770000	0.75150000
1.24150000	0.71080000
0.93580000	0.72700000
1.48240000	0.73780000
1.09330000	0.70460000
0.93580000	0.71720000
5.55900000	4.30140000
3.53920000	1.51670000
2.01980000	1.36110000
1.60280000	1.24150000
1.39900000	1.14220000
1.24150000	1.05950000
1.20450000	1.01120000
1.39900000	0.97440000
1.17670000	0.92140000
0.98210000	0.90400000
1.08400000	0.87920000
0.99140000	0.82080000
0.93580000	0.81550000
1.18590000	0.78670000
0.93580000	0.74770000
0.87090000	0.75220000
0.85240000	0.73600000
0.76900000	0.70240000
0.71340000	0.68150000
0.68560000	0.66270000
0.66710000	0.64560000
0.63000000	0.62990000
0.73190000	0.65010000
0.88020000	0.61890000
0.70410000	0.62580000
0.65780000	0.61290000
0.70410000	0.62630000
0.63000000	0.58160000
0.59300000	0.59210000
0.57440000	0.57580000
0.53740000	0.56100000
0.52810000	0.54740000
0.51880000	0.53480000
0.50960000	0.52300000
0.50030000	0.51200000
0.48180000	0.50150000
0.52810000	0.51660000
0.62080000	0.49440000
1.36200000	0.58300000
4.81780000	5.03580000
1.51020000	0.75740000
1.03770000	0.74400000
2.63130000	1.07880000
20.66100000	15.15570000
7.52320000	8.31920000
3.42810000	1.65060000
2.52930000	1.67340000
3.79870000	3.08340000
3.21500000	3.46050000
2.43670000	1.70580000
1.95490000	1.65870000
1.88080000	1.52320000
2.76100000	1.69920000
12.04450000	8.65960000
7.66220000	6.41980000
3.61340000	2.15120000
2.67760000	2.07020000
2.20510000	1.88490000
1.89010000	1.73140000
1.64920000	1.60380000
1.67700000	1.64640000
4.31750000	3.98800000
2.04760000	1.44090000
1.89930000	1.40470000
1.88080000	1.34260000
1.47310000	1.25430000
1.26000000	1.20120000
1.16740000	1.15480000
1.12110000	1.11410000
1.06550000	1.07820000
0.97280000	1.04610000
0.91720000	1.01720000
1.12110000	1.02640000
0.93580000	0.96680000
1.00060000	0.99820000
1.75110000	1.60660000
1.49170000	1.01090000
2.31630000	1.04900000
4.03950000	1.05440000
1.33420000	1.01650000
1.12110000	0.98200000
1.09330000	0.95780000
1.12110000	0.95510000
1.13960000	0.89600000
1.31560000	0.94500000
1.74180000	0.96350000
1.09330000	0.93160000
0.93580000	0.90350000
0.98210000	1.38890000
1.19520000	1.62950000
2.44600000	0.99830000
17.60350000	3.06600000
2.50160000	2.08350000
1.48240000	1.03160000
1.17670000	0.98310000
1.00060000	0.93740000
2.03830000	1.53280000
1.29710000	0.92480000
1.01920000	0.90660000
0.92650000	0.86980000
0.88020000	0.83780000
0.83390000	0.80960000
0.83390000	1.07670000
5.55900000	2.60710000
2.77950000	0.96030000
2.03830000	0.92340000
1.66770000	0.88040000
1.38980000	0.84090000
1.20450000	0.80790000
1.01920000	0.77900000
0.92650000	0.75350000
1.85300000	0.88550000
1.38980000	0.82490000
1.01920000	0.83500000
1.11180000	0.83820000
1.29710000	0.80340000
1.01920000	0.78600000
0.83390000	0.75440000
1.66770000	0.79060000
1.01920000	0.76100000
0.92650000	0.75990000
0.83390000	0.72940000
0.78750000	0.70280000
0.74120000	0.67940000
0.83390000	0.65850000
0.60220000	0.63980000
0.53740000	0.62290000
0.49100000	0.60740000
0.48180000	0.62140000
0.94500000	1.04800000
0.75050000	0.68870000
0.62080000	0.68550000
0.56520000	0.65660000
0.52810000	0.63150000
0.48180000	0.60950000
0.45400000	0.59010000
0.43550000	0.60340000
0.45400000	0.55700000
0.41690000	0.55770000
0.40770000	0.54250000
0.42620000	0.53980000
0.46330000	0.52400000
0.46330000	0.50390000
0.42620000	0.49590000
0.47250000	0.48660000
0.47250000	0.47260000
0.42620000	0.46330000
0.38910000	0.45560000
1.08400000	0.85180000
0.88020000	0.61310000
0.53740000	0.61380000
0.50960000	0.57780000
0.44470000	0.55030000
0.40770000	0.52650000
0.37060000	0.50590000
0.31500000	0.48790000
0.31500000	0.47200000
0.31500000	0.45780000
0.31500000	0.44500000
0.33350000	0.46970000
0.29650000	0.42280000
0.25940000	0.44130000
0.27800000	0.42810000
0.25940000	0.41620000
0.24090000	0.40540000
0.22240000	0.39550000
0.22240000	0.38640000
0.24090000	0.37790000
0.25020000	0.36980000
0.26870000	0.36230000
0.24090000	0.35510000
0.20380000	0.34820000
0.19460000	0.34160000
0.19460000	0.33520000
0.21310000	0.32910000
0.21310000	0.32310000
0.37060000	0.38250000
0.42620000	0.41720000
0.29650000	0.41250000
0.26870000	0.42950000
0.42620000	0.50820000
0.42620000	0.53310000
0.46330000	0.54420000
0.50960000	0.52810000
0.37060000	0.49190000
0.27800000	0.47810000
0.50960000	0.53540000
0.42620000	0.49840000
0.27800000	0.50490000
0.25940000	0.47480000
0.25940000	0.44920000
0.34280000	0.44870000
0.46330000	0.53960000
0.51880000	0.53060000
0.42620000	0.52660000
0.36130000	0.50010000
0.33350000	0.47180000
0.32430000	0.44780000
0.30570000	0.42730000
0.30570000	0.40950000
0.30570000	0.39410000
0.31500000	0.39060000
0.30570000	0.36860000
0.30570000	0.35780000
0.29650000	0.34810000
0.29650000	0.33930000
0.28720000	0.33110000
0.34280000	0.45970000
0.71340000	0.49120000
2.93700000	5.03750000
6.45770000	4.78760000
2.12170000	1.95680000
1.03770000	0.89300000
0.80610000	0.83980000
0.70410000	0.76860000
0.63930000	0.70950000
0.60220000	0.66020000
0.56520000	0.61880000
0.53740000	0.58390000
0.50960000	0.55430000
0.49100000	0.52890000
0.50030000	0.51710000
0.56520000	0.50040000
0.51880000	0.47120000
0.50960000	0.47200000
0.50030000	0.44790000
0.48180000	0.44000000
0.49100000	0.42790000
0.48180000	0.41680000
0.51880000	0.43810000
1.23220000	0.48860000
1.11180000	0.49270000
0.69490000	0.49690000
0.61150000	0.47980000
0.53740000	0.45860000
0.50960000	0.44030000
0.50960000	0.43440000
2.39040000	2.82960000
1.49170000	0.57410000
0.87090000	0.57260000
0.73190000	0.53730000
0.68560000	0.50750000
0.63000000	0.48360000
0.55590000	0.46050000
0.59300000	0.44220000
0.56520000	0.42580000
0.55590000	0.41140000
0.60220000	0.42550000
0.58370000	0.38670000
0.66710000	0.42190000
0.59300000	0.39310000
0.51880000	0.39980000
0.50030000	0.38610000
0.48180000	0.37400000
0.48180000	0.36320000
0.45400000	0.35340000
0.45400000	0.34440000
0.46330000	0.33620000
0.46330000	0.32860000
0.43550000	0.32190000
0.43550000	0.31520000
0.44470000	0.30880000
0.44470000	0.30280000
0.44470000	0.29700000
0.43550000	0.29140000
0.41690000	0.28600000
0.39840000	0.28080000
0.37990000	0.27570000
0.36130000	0.27080000
0.36130000	0.26600000
0.35210000	0.26140000
0.33350000	0.25680000
0.33350000	0.25240000
0.33350000	0.24800000
0.32430000	0.24370000
0.32430000	0.23950000
0.32430000	0.23540000
0.33350000	0.23140000
0.33350000	0.22750000
0.35210000	0.22360000
0.38910000	0.21970000
0.63930000	0.21600000
1.11180000	0.40280000
1.57510000	1.72590000
2.22360000	0.39390000
1.29710000	0.41930000
1.01920000	1.26110000
1.15810000	0.54930000
1.15810000	0.70040000
0.92650000	0.63160000
0.87090000	0.62270000
0.90800000	0.84850000
1.29710000	0.97450000
2.22360000	1.01790000
1.85300000	0.91580000
1.27860000	0.83170000
1.04690000	0.76210000
0.88020000	0.72300000
0.85240000	0.65590000
0.79680000	0.65590000
0.84310000	0.61590000
0.76900000	0.58210000
0.95430000	0.57870000
1.26930000	0.60650000
0.96360000	0.71720000
0.81530000	0.78970000
0.76900000	0.73200000
1.23220000	0.74370000
5.00310000	5.15240000
2.22360000	1.78120000
1.57510000	1.53070000
5.07720000	5.23450000
9.45030000	9.55590000
2.75170000	3.50260000
2.02900000	2.35890000
1.74180000	2.11390000
1.73260000	1.92610000
2.34400000	2.13830000
1.53800000	1.70370000
1.30640000	1.73110000
1.21370000	1.59900000
1.11180000	1.48870000
1.08400000	1.40190000
2.14950000	2.65420000
1.60280000	2.01060000
1.33420000	1.51530000
1.14890000	1.42120000
1.09330000	1.34100000
1.03770000	1.27420000
1.03770000	1.21950000
0.97280000	1.16420000
0.85240000	1.12040000
0.86160000	1.08190000
0.79680000	1.04780000
0.75050000	1.01730000
0.78750000	0.99970000
1.14890000	0.99860000
2.99260000	2.62140000
1.29710000	0.99800000
0.92650000	1.00740000
0.87090000	0.97350000
0.87090000	0.94320000
0.87090000	0.91620000
0.90800000	0.89170000
0.88940000	0.86930000
0.86160000	0.84870000
0.81530000	0.82950000
0.79680000	0.81160000
0.77830000	0.79470000
0.75050000	0.77870000
0.83390000	0.76410000
0.92650000	0.75890000
0.83390000	0.73480000
0.77830000	0.72120000
0.74120000	0.70810000
0.72270000	0.69530000
0.70410000	0.68290000
0.92650000	0.67090000
1.38980000	1.29460000
1.01920000	0.77620000
1.11180000	0.76620000
1.57510000	0.81390000
1.20450000	0.77560000
1.11180000	0.78050000
0.97280000	0.74750000
0.89870000	0.73900000
0.94500000	0.70390000
0.86160000	0.67960000
0.78750000	0.66170000
0.74120000	0.64240000
0.72270000	0.62830000
0.81530000	0.63490000
0.93580000	0.62990000
0.88940000	0.62090000
1.31560000	0.65630000
4.53990000	4.03650000
1.85300000	0.81660000
1.57510000	0.85230000
1.35270000	0.86130000
2.06610000	0.85170000
1.60280000	0.87630000
1.26930000	0.96600000
1.19520000	0.90360000
1.42680000	0.86880000
1.15810000	0.79440000
1.01920000	0.77710000
0.96360000	0.73910000
1.82520000	1.43180000
1.27860000	0.73060000
1.09330000	0.74470000
1.03770000	0.70220000
0.92650000	0.67360000
0.88020000	0.64870000
0.89870000	0.63490000
0.88020000	0.60730000
0.82460000	0.58980000
0.77830000	0.57400000
0.75050000	0.55960000
0.73190000	0.54630000
0.70410000	0.53400000
0.67630000	0.52240000
1.49170000	1.66010000
1.87150000	1.99090000
1.20450000	0.69130000
0.95430000	0.67720000
0.85240000	0.64260000
0.89870000	0.65210000
1.89930000	1.05090000
1.15810000	0.66330000
0.97280000	0.65900000
0.87090000	0.62630000
0.80610000	0.59830000
6.35580000	5.62520000
5.80920000	3.03760000
2.27920000	0.81570000
3.32610000	0.82660000
3.53920000	0.78100000
1.63990000	0.73510000
1.47310000	0.70410000
2.59420000	0.69340000
1.38980000	0.62890000
1.16740000	0.62520000
1.09330000	0.59950000
1.14890000	0.60710000
1.06550000	0.55740000
0.97280000	0.56690000
0.90800000	0.54740000
0.86160000	0.53010000
2.48300000	3.99130000
1.50090000	0.70850000
1.12110000	0.69400000
8.23660000	5.59040000
4.95680000	3.60060000
2.15870000	0.83650000
1.68620000	0.79690000
1.44530000	0.74550000
1.31560000	0.71320000
1.22300000	0.66540000
1.10250000	0.63400000
1.01920000	0.60700000
0.99140000	0.59380000
1.72330000	0.59240000
2.88140000	0.57690000
1.20450000	0.54650000
1.00060000	0.54370000
0.89870000	0.52620000
0.84310000	0.51070000
0.81530000	0.49660000
0.78750000	0.48410000
0.79680000	0.47210000
0.75050000	0.46120000
0.88020000	0.49430000
1.05620000	0.56530000
0.81530000	0.54300000
0.73190000	0.53940000
0.68560000	0.51370000
0.67630000	0.49750000
0.63000000	0.47470000
0.58370000	0.45930000
0.57440000	0.44550000
0.54660000	0.43310000
0.52810000	0.42180000
0.50030000	0.41140000
0.48180000	0.40190000
0.48180000	0.41660000
0.46330000	0.38460000
0.43550000	0.37670000
0.42620000	0.36920000
0.43550000	0.39060000
0.54660000	0.38650000
0.45400000	0.36080000
0.42620000	0.36190000
0.41690000	0.35300000
0.43550000	0.36130000
0.56520000	0.37350000
0.53740000	0.37420000
0.86160000	0.70600000
0.66710000	0.57400000
0.98210000	0.59640000
0.94500000	0.59840000
0.58370000	0.55420000
0.50030000	0.51740000
0.46330000	0.48650000
0.43550000	0.46040000
0.51880000	0.47360000
1.15810000	0.47550000
1.21370000	0.48100000
0.64860000	0.45310000
0.52810000	0.43360000
0.46330000	0.41470000
0.41690000	0.39830000
0.39840000	0.38400000
0.39840000	0.37140000
0.38910000	0.36020000
0.37060000	0.35000000
0.36130000	0.34090000
0.32430000	0.33250000
0.30570000	0.32470000
0.30570000	0.31750000
0.34280000	0.35590000
0.60220000	1.09480000
0.91720000	0.61280000
0.48180000	0.57180000
0.42620000	0.58280000
1.41750000	1.23080000
1.36200000	0.70010000
0.62080000	0.64760000
0.50960000	0.60200000
0.46330000	0.60650000
0.42620000	0.55440000
0.39840000	0.53510000
0.38910000	0.50460000
0.37990000	0.47870000
0.37060000	0.47150000
0.56520000	0.57100000
0.69490000	0.58050000
0.83390000	2.63670000
1.92710000	1.39540000
0.82460000	0.75700000
0.65780000	0.72340000
0.56520000	0.67030000
0.50960000	0.62590000
0.46330000	0.58860000
0.42620000	0.55690000
0.69490000	0.54890000
0.46330000	0.50680000
0.41690000	0.48680000
0.39840000	0.46920000
0.37990000	0.45380000
0.36130000	0.44000000
0.35210000	0.42760000
0.35210000	0.41640000
0.35210000	0.40610000
0.34280000	0.39660000
0.32430000	0.38780000
0.32430000	0.37950000
0.32430000	0.37160000
0.31500000	0.36420000
0.32430000	0.37580000
0.37990000	0.35030000
0.36130000	0.36320000
0.34280000	0.37430000
0.44470000	0.35000000
0.35210000	0.36760000
0.33350000	0.38020000
0.39840000	0.37160000
0.35210000	0.34600000
0.46330000	0.45610000
0.65780000	0.43100000
0.37990000	0.45320000
0.34280000	0.42750000
0.33350000	0.41480000
0.33350000	0.38700000
0.32430000	0.37090000
0.31500000	0.35690000
0.30570000	0.35990000
0.29650000	0.33370000
0.28720000	0.32390000
0.26870000	0.31510000
0.26870000	0.33270000
0.33350000	0.29970000
0.31500000	0.31090000
0.27800000	0.30200000
0.27800000	0.29390000
0.37060000	0.32850000
0.36130000	0.30430000
0.37060000	0.62950000
0.48180000	0.48840000
1.34340000	2.43620000
0.81530000	0.69980000
0.49100000	0.65330000
0.40770000	0.60880000
0.37990000	0.56110000
2.47380000	3.96720000
4.75290000	1.81360000
0.87090000	0.73680000
0.66710000	0.70320000
0.60220000	0.66000000
12.13720000	6.62240000
6.98580000	1.57990000
1.82520000	0.79900000
1.30640000	0.73630000
1.05620000	0.68370000
0.95430000	0.63970000
0.86160000	0.60260000
0.78750000	0.57110000
0.75970000	0.54430000
0.73190000	0.52110000
0.69490000	0.50110000
0.66710000	0.48350000
0.60220000	0.46790000
0.56520000	0.45400000
0.65780000	0.47670000
0.60220000	0.43010000
0.54660000	0.45650000
0.53740000	0.44160000
7.65290000	7.54140000
2.96480000	3.37260000
1.37120000	0.82650000
1.11180000	0.86260000
0.96360000	0.79180000
0.88020000	0.73280000
0.83390000	0.68360000
0.87090000	0.65720000
0.77830000	0.60720000
0.73190000	0.58220000
0.70410000	0.55600000
0.66710000	0.53330000
0.65780000	0.51350000
0.78750000	0.53240000
0.77830000	0.48070000
0.67630000	0.58450000
0.63000000	0.55520000
0.61150000	0.53010000
0.61150000	0.50840000
0.60220000	0.48960000
0.55590000	0.47300000
0.54660000	0.45820000
0.55590000	0.44500000
1.84370000	3.51130000
4.82710000	7.49560000
1.70480000	1.98820000
1.24150000	1.67770000
1.08400000	1.50000000
0.97280000	1.35360000
0.88020000	1.23280000
0.83390000	1.13280000
0.76900000	1.04950000
0.74120000	0.97990000
0.73190000	0.92130000
0.69490000	0.87180000
1.46390000	0.83000000
1.71400000	0.90070000
1.03770000	1.18980000
1.93640000	2.60490000
1.49170000	1.80730000
1.10250000	1.48400000
1.58430000	1.72270000
1.56580000	1.99810000
1.81590000	1.96490000
4.02100000	4.52630000
1.78810000	2.55880000
1.43610000	1.90190000
1.31560000	1.73930000
1.40830000	1.60120000
1.39900000	1.48620000
7.05070000	4.38770000
6.01300000	5.46940000
2.47380000	1.96290000
1.98270000	2.01680000
1.73260000	1.85110000
1.48240000	1.71330000
1.29710000	1.59810000
1.41750000	1.52140000
2.14950000	5.00970000
1.55650000	2.95540000
1.51950000	1.94240000
1.73260000	1.82640000
2.04760000	1.68350000
9.45030000	3.47130000
4.97530000	3.06150000
3.22420000	2.03080000
2.97410000	2.62390000
11.21070000	7.56820000
7.22670000	5.21900000
4.36380000	2.45150000
3.15010000	2.36260000
2.40890000	2.17860000
2.22360000	2.04990000
1.85300000	1.89670000
1.57510000	1.93190000
1.38980000	1.81840000
1.29710000	1.72220000
1.20450000	1.64010000
1.11180000	1.56960000
1.11180000	1.50830000
1.11180000	1.45470000
1.11180000	1.41570000
1.29710000	1.39020000
1.11180000	1.32720000
0.92650000	1.33310000
0.88020000	1.29540000
0.88020000	1.26120000
0.88020000	1.22990000
0.92650000	1.22730000
1.20450000	1.65450000
1.20450000	1.21600000
0.92650000	1.30230000
0.83390000	1.25400000
0.78750000	1.21140000
0.74120000	1.17370000
0.83390000	1.13980000
1.38980000	1.54230000
1.20450000	1.76830000
1.01920000	1.33990000
0.83390000	1.27570000
0.88020000	1.23000000
1.01920000	1.19410000
1.29710000	1.13920000
1.01920000	1.20780000
0.88020000	1.19510000
0.83390000	1.14590000
0.83390000	1.10310000
0.78750000	1.06540000
0.78750000	1.03530000
0.74120000	1.00210000
0.74120000	0.97500000
0.74120000	0.95040000
0.78750000	0.94530000
1.01920000	0.93150000
1.48240000	2.19440000
1.20450000	0.93480000
1.11180000	0.95410000
1.20450000	0.93070000
1.11180000	0.88750000
0.88020000	0.87920000
0.78750000	0.85490000
0.74120000	0.83290000
0.78750000	0.81260000
0.88020000	0.81150000
1.01920000	0.77680000
1.11180000	0.84340000
1.01920000	0.79440000
1.01920000	0.83430000
1.85300000	2.21950000
1.48240000	1.44600000
1.34340000	1.24390000
1.18590000	1.15520000
1.13960000	1.09600000
6.00370000	5.86470000
3.40950000	3.59600000
2.01050000	1.60770000
1.63060000	1.52690000
2.07540000	1.62430000
1.66770000	1.33060000
1.37120000	1.32470000
1.63990000	1.27990000
1.38050000	1.16710000
1.22300000	1.16260000
1.13960000	1.09760000
1.05620000	1.04660000
1.00060000	1.00270000
1.01920000	0.97450000
1.05620000	0.94070000
0.97280000	0.90140000
0.90800000	0.87480000
0.88940000	0.85090000
0.84310000	0.83830000
0.75970000	0.80910000
0.73190000	0.79050000
0.77830000	0.80910000
0.98210000	0.80880000
1.42680000	2.61680000
1.30640000	0.86700000
0.95430000	0.87380000
0.86160000	0.83850000
0.81530000	0.80760000
0.85240000	0.79760000
1.01920000	0.79690000
1.68620000	0.83050000
1.06550000	0.80990000
0.93580000	0.83320000
0.88020000	0.77460000
0.81530000	0.76190000
0.77830000	0.73550000
0.75970000	0.71210000
0.74120000	0.69620000
0.75970000	0.67740000
0.72270000	0.65520000
0.67630000	0.65060000
0.63930000	0.63350000
0.62080000	0.61110000
0.59300000	0.59820000
0.98210000	0.72610000
1.08400000	0.68690000
0.70410000	0.69190000
0.65780000	0.67150000
0.65780000	0.63880000
0.60220000	0.61700000
0.57440000	0.59770000
0.61150000	0.58040000
0.77830000	0.58850000
0.60220000	0.55050000
0.53740000	0.53740000
0.54660000	0.57320000
0.62080000	0.54520000
0.53740000	0.55960000
0.51880000	0.53290000
0.48180000	0.51800000
0.47250000	0.50440000
0.45400000	0.49200000
0.45400000	0.48050000
0.51880000	0.47020000
0.46330000	0.45980000
0.41690000	0.45030000
0.43550000	0.45120000
0.41690000	0.43270000
0.60220000	0.42850000
0.45400000	0.41660000
0.39840000	0.40890000
0.43550000	0.40300000
0.40770000	0.43780000
0.40770000	0.41370000
0.36130000	0.41500000
0.35210000	0.40360000
0.35210000	0.39320000
0.35210000	0.38360000
0.32430000	0.37480000
0.30570000	0.36660000
0.30570000	0.35890000
0.29650000	0.36910000
0.27800000	0.34460000
0.24090000	0.33790000
0.24090000	0.33150000
0.24090000	0.32540000
0.46330000	0.35590000
0.35210000	0.37070000
0.35210000	0.36510000
0.34280000	0.37170000
0.31500000	0.35710000
0.28720000	0.34420000
0.28720000	0.36110000
0.34280000	0.32280000
0.30570000	0.31870000
0.25940000	0.30980000
0.23160000	0.30170000
0.23160000	0.29430000
0.22240000	0.28740000
0.20380000	0.28100000
0.17600000	0.27500000
0.20380000	0.26940000
0.23160000	0.26860000
0.25020000	0.25880000
0.25020000	0.26610000
0.26870000	0.29140000
0.23160000	0.36850000
0.20380000	0.34830000
0.20380000	0.34810000
0.16680000	0.32910000
0.17600000	0.31290000
0.17600000	0.29900000
0.21310000	0.32490000
0.25020000	0.27650000
0.17600000	0.28750000
0.16680000	0.27640000
0.12970000	0.26670000
0.12040000	0.25820000
0.11120000	0.25050000
0.11120000	0.24360000
0.14820000	0.23730000
0.14820000	0.23150000
0.14820000	0.22620000
0.12970000	0.22120000
0.10190000	0.21650000
0.14820000	0.27800000
0.33350000	0.25510000
0.17600000	0.28140000
0.15750000	0.29850000
0.20380000	0.25460000
0.18530000	0.26820000
0.16680000	0.25550000
0.12970000	0.24460000
0.12970000	0.23520000
0.12040000	0.23450000
0.11120000	0.21960000
0.10190000	0.21300000
0.10190000	0.22120000
0.09270000	0.20180000
0.15750000	0.24680000
0.26870000	0.28890000
0.16680000	0.27460000
0.12970000	0.27600000
0.11120000	0.26020000
0.12040000	0.24670000
0.11120000	0.24510000
0.12040000	0.22540000
0.11120000	0.21680000
0.11120000	0.22990000
0.10190000	0.26810000
3.77090000	3.09720000
1.29710000	0.81070000
0.37990000	0.73490000
0.27800000	0.67740000
0.23160000	0.61190000
0.21310000	0.55780000
0.19460000	0.51300000
0.18530000	0.47560000
0.18530000	0.44440000
0.17600000	0.41810000
0.17600000	0.39590000
0.16680000	0.37690000
0.15750000	0.36060000
0.12970000	0.34640000
0.12970000	0.33410000
0.15750000	0.32310000
0.53740000	0.46640000
0.34280000	0.50160000
0.29650000	0.48080000
0.22240000	0.46490000
0.19460000	0.43570000
0.18530000	0.41100000
0.17600000	0.39010000
0.17600000	0.37220000
0.15750000	0.35680000
0.15750000	0.37530000
0.16680000	0.33150000
0.16680000	0.35100000
0.15750000	0.33740000
0.79680000	0.36180000
2.54790000	1.56640000
0.45400000	0.57380000
0.31500000	0.57180000
0.25020000	0.52770000
0.24090000	0.49970000
0.23160000	0.46020000
1.71400000	1.68820000
0.69490000	0.67180000
0.43550000	0.63340000
0.34280000	0.58730000
0.30570000	0.54680000
0.27800000	0.51270000
0.25940000	0.48400000
0.25020000	0.45960000
0.25020000	0.43870000
0.22240000	0.42060000
0.23160000	0.40490000
0.48180000	0.56450000
0.32430000	0.53450000
0.26870000	0.54260000
0.25020000	0.50920000
0.24090000	0.48100000
0.25020000	0.49610000
0.32430000	0.43640000
0.28720000	0.46330000
0.25940000	0.44150000
0.25020000	0.42270000
0.27800000	0.43240000
0.42620000	0.53490000
0.90800000	0.56750000
0.47250000	0.54630000
0.37060000	0.52830000
0.33350000	0.49730000
0.31500000	0.47090000
0.30570000	0.44850000
0.29650000	0.42920000
0.28720000	0.41240000
0.28720000	0.39780000
0.28720000	0.38480000
0.26870000	0.37330000
0.26870000	0.36290000
0.25020000	0.35340000
0.25020000	0.34480000
0.25940000	0.33670000
0.25940000	0.32930000
0.25940000	0.32230000
0.25020000	0.31570000
0.24090000	0.30940000
0.24090000	0.30340000
0.24090000	0.29760000
0.25020000	0.29210000
0.24090000	0.28670000
0.25020000	0.31160000
0.28720000	0.32350000
0.32430000	0.33010000
0.29650000	0.35080000
0.27800000	0.33030000
0.26870000	0.32740000
0.26870000	0.31430000
0.25020000	0.30290000
0.25940000	0.29280000
0.24090000	0.28390000
0.25020000	0.27580000
0.25020000	0.29610000
1.72330000	4.36240000
2.50160000	0.85090000
0.74120000	0.60740000
0.51880000	0.57840000
0.42620000	0.53120000
0.38910000	0.49190000
0.37990000	0.45910000
0.37060000	0.43150000
0.36130000	0.41070000
0.37990000	0.42260000
1.76040000	2.03640000
7.98640000	4.67200000
2.11240000	0.69650000
1.11180000	0.66990000
0.88020000	0.62400000
0.75050000	0.57790000
0.68560000	0.53930000
0.96360000	0.55700000
4.68810000	2.45170000
1.46390000	0.63220000
1.12110000	0.61250000
1.03770000	0.59530000
1.26930000	0.57110000
1.00990000	0.55270000
0.78750000	0.53430000
0.70410000	0.50630000
0.67630000	0.48230000
0.61150000	0.46170000
0.56520000	0.44380000
0.54660000	0.42810000
0.55590000	0.41430000
0.55590000	0.41840000
0.60220000	0.39080000
0.52810000	0.39190000
0.50030000	0.38100000
0.46330000	0.37110000
0.46330000	0.36210000
1.88080000	2.41280000
1.43610000	0.72540000
0.85240000	0.82700000
0.69490000	0.75340000
0.67630000	0.69250000
0.68560000	0.64820000
0.85240000	0.63970000
0.98210000	0.81810000
0.75050000	0.87080000
0.66710000	0.84310000
0.61150000	0.77670000
0.63000000	0.74650000
0.70410000	0.67520000
0.61150000	0.79080000
0.55590000	0.73570000
0.54660000	0.68940000
0.74120000	0.68130000
0.74120000	0.61730000
0.55590000	0.76400000
0.51880000	0.71450000
0.51880000	0.67290000
0.51880000	0.63760000
0.49100000	0.60740000
0.46330000	0.58150000
0.46330000	0.55890000
0.51880000	0.58840000
0.68560000	0.63290000
0.68560000	0.77880000
0.58370000	0.77100000
0.54660000	0.72080000
0.50030000	0.67850000
0.50030000	0.64580000
0.50030000	0.63050000
0.47250000	0.58530000
0.46330000	0.62770000
0.45400000	0.59840000
0.44470000	0.57320000
0.41690000	0.55120000
0.40770000	0.53200000
0.40770000	0.51500000
0.39840000	0.49980000
0.39840000	0.49030000
0.38910000	0.47360000
0.37060000	0.46210000
0.41690000	0.45150000
0.40770000	0.44160000
0.40770000	0.43280000
0.47250000	0.44520000
0.93580000	2.39530000
1.77890000	0.69030000
0.91720000	0.83690000
1.14890000	0.87500000
1.27860000	0.78130000
1.05620000	0.94240000
0.82460000	0.86410000
0.73190000	0.79900000
0.69490000	0.74460000
0.79680000	0.72190000
1.03770000	0.67080000
2.52930000	1.63700000
1.46390000	0.78900000
1.10250000	0.95480000
0.93580000	0.88070000
0.77830000	0.81880000
0.74120000	0.76700000
0.70410000	0.72330000
0.65780000	0.68620000
0.63000000	0.65450000
0.64860000	0.65180000
2.86290000	3.77430000
1.49170000	0.83300000
1.05620000	0.91300000
0.96360000	0.86430000
5.76280000	1.84660000
1.79740000	1.12370000
1.32490000	1.08780000
1.10250000	1.00220000
0.98210000	0.93090000
0.84310000	0.87120000
0.81530000	0.82110000
0.81530000	0.79290000
1.14890000	2.81440000
1.27860000	0.99140000
1.15810000	1.00220000
0.96360000	0.93430000
1.09330000	0.87730000
1.00990000	0.84110000
0.87090000	0.80120000
3.52070000	3.15730000
12.13720000	8.34330000
3.16860000	2.57790000
2.12170000	1.89040000
1.74180000	1.70500000
1.66770000	1.57360000
1.37120000	1.42380000
1.20450000	1.33070000
1.07470000	1.24030000
1.00990000	1.16440000
0.92650000	1.10030000
0.84310000	1.04570000
0.80610000	0.99890000
0.76900000	0.95850000
0.73190000	0.92320000
0.78750000	0.90660000
0.85240000	0.87050000
0.77830000	0.85050000
0.68560000	0.81740000
0.64860000	0.79690000
0.63000000	0.77800000
0.61150000	0.76550000
0.63930000	0.74620000
0.62080000	0.73660000
0.63000000	0.73850000
0.61150000	0.70360000
0.93580000	1.09740000
3.53000000	5.84810000
1.50090000	0.94800000
1.13030000	0.94750000
1.11180000	0.89530000
0.97280000	0.87870000
0.95430000	0.84090000
0.81530000	0.82200000
0.74120000	0.78730000
0.72270000	0.76110000
0.72270000	0.73070000
0.66710000	0.70730000
0.64860000	0.69400000
0.58370000	0.66760000
0.58370000	0.67650000
0.68560000	0.65600000
0.57440000	0.63950000
0.64860000	0.68340000
1.22300000	1.02610000
0.75050000	0.71280000
0.63930000	0.69270000
0.58370000	0.66550000
0.55590000	0.64170000
0.56520000	0.63140000
0.53740000	0.63150000
0.66710000	0.63010000
0.57440000	0.61910000
0.55590000	0.61570000
0.51880000	0.59450000
0.45400000	0.57570000
0.43550000	0.55890000
0.41690000	0.54380000
0.40770000	0.52990000
0.40770000	0.52810000
0.42620000	0.52040000
0.47250000	0.55160000
0.58370000	0.53910000
0.45400000	0.56000000
0.41690000	0.53870000
0.50960000	0.58090000
2.07540000	4.70410000
0.90800000	0.77100000
0.65780000	0.75150000
0.56520000	0.70240000
0.51880000	0.66120000
0.82460000	1.48490000
1.67700000	0.76150000
0.78750000	0.72350000
0.65780000	0.68040000
0.58370000	0.64380000
0.52810000	0.61270000
0.48180000	0.58590000
0.45400000	0.56270000
0.43550000	0.54250000
0.41690000	0.52460000
0.40770000	0.50870000
0.37990000	0.49440000
0.36130000	0.48140000
0.35210000	0.46950000
0.50030000	0.50400000
0.75970000	0.52030000
0.45400000	0.50200000
0.39840000	0.48420000
0.37990000	0.46850000
0.38910000	0.47290000
0.93580000	0.49940000
0.78750000	0.51590000
0.50030000	0.49520000
0.40770000	0.47510000
0.37990000	0.45760000
0.37060000	0.44320000
0.47250000	0.57850000
0.45400000	0.55860000
0.52810000	0.63600000
0.72270000	0.59550000
0.43550000	0.57720000
0.38910000	0.55330000
0.37060000	0.51640000
0.34280000	0.49250000
0.31500000	0.47380000
0.30570000	0.45410000
0.26870000	0.43830000
0.25020000	0.42950000
0.27800000	0.41390000
0.23160000	0.40080000
0.21310000	0.40500000
0.22240000	0.39370000
2.16800000	0.51210000
0.63930000	0.50830000
0.38910000	0.50210000
0.32430000	0.47520000
0.27800000	0.45230000
0.41690000	0.49270000
0.40770000	0.55100000
0.88940000	0.61690000
4.66960000	4.44920000
1.32490000	0.82930000
0.93580000	0.80360000
0.76900000	0.72310000
0.56520000	0.67010000
0.47250000	0.62580000
0.41690000	0.62770000
0.40770000	0.55990000
0.35210000	0.55700000
0.34280000	0.53010000
2.71460000	0.56680000
0.74120000	0.52950000
0.53740000	0.53140000
0.43550000	0.50740000
0.38910000	0.48670000
0.37990000	0.47360000
0.33350000	0.45270000
0.30570000	0.47830000
0.33350000	0.42910000
0.27800000	0.45460000
0.28720000	0.44000000
0.28720000	0.42250000
0.31500000	0.43670000
0.35210000	0.40510000
0.37060000	0.42920000
0.42620000	0.43000000
0.36130000	0.39860000
0.30570000	0.38910000
0.25940000	0.37800000
0.25940000	0.36790000
0.24090000	0.35870000
0.22240000	0.35020000
0.24090000	0.34230000
0.23160000	0.33490000
0.20380000	0.38230000
0.27800000	0.40120000
0.25020000	0.38970000
0.20380000	0.37550000
0.18530000	0.36110000
0.16680000	0.34850000
0.16680000	0.35900000
0.20380000	0.32730000
0.19460000	0.32480000
0.74120000	1.15350000
0.86160000	0.59740000
0.43550000	0.56380000
0.68560000	0.58800000
0.46330000	0.53290000
1.52870000	0.62610000
0.54660000	0.57750000
0.39840000	0.58050000
0.36130000	0.53990000
0.32430000	0.50580000
0.30570000	0.47710000
0.29650000	0.45270000
0.27800000	0.43180000
0.25940000	0.41860000
0.23160000	0.39820000
0.23160000	0.38450000
0.26870000	0.37230000
0.54660000	0.45280000
0.32430000	0.42870000
0.27800000	0.49990000
2.04760000	2.20190000
0.79680000	0.66890000
0.75050000	0.63480000
0.50960000	0.60630000
0.39840000	0.56420000
0.37060000	0.52900000
0.35210000	0.49920000
0.33350000	0.47390000
0.31500000	0.45230000
0.30570000	0.43360000
0.28720000	0.41730000
0.26870000	0.40310000
0.25940000	0.39040000
0.89870000	1.39260000
2.91850000	1.01150000
0.67630000	0.64550000
0.50960000	0.60760000
0.43550000	0.57520000
0.38910000	0.53930000
0.37060000	0.50910000
0.35210000	0.48330000
0.33350000	0.46130000
0.31500000	0.44230000
0.32430000	0.42570000
0.30570000	0.41120000
0.31500000	0.39830000
0.31500000	0.38670000
0.31500000	0.37630000
0.31500000	0.36680000
0.34280000	0.36990000
0.32430000	0.34990000
0.31500000	0.34230000
0.31500000	0.33510000
0.30570000	0.32830000
0.30570000	0.32190000
0.34280000	0.34150000
0.35210000	0.31560000
0.40770000	0.41840000
5.69800000	5.29550000
1.16740000	0.65380000
0.77830000	0.65270000
0.76900000	0.60240000
0.63000000	0.55640000
0.54660000	0.54190000
0.50030000	0.50760000
0.46330000	0.47860000
0.45400000	0.46020000
0.46330000	0.44350000
0.85240000	1.53740000
0.62080000	0.49290000
0.50960000	0.51420000
0.47250000	0.48450000
0.43550000	0.45920000
0.42620000	0.43760000
0.42620000	0.43500000
0.45400000	0.40290000
0.44470000	0.41960000
1.50090000	0.42670000
8.26440000	6.87730000
1.69550000	1.82660000
1.45460000	0.80920000
1.12110000	0.72880000
0.99140000	0.83450000
0.81530000	0.82780000
0.74120000	0.75970000
0.68560000	0.70310000
0.64860000	0.66080000
0.62080000	0.62020000
0.57440000	0.58240000
0.53740000	0.55380000
0.57440000	0.54430000
0.51880000	0.50800000
0.50960000	0.51530000
0.49100000	0.49530000
0.46330000	0.47770000
1.09330000	0.46270000
14.73140000	12.23570000
7.48610000	10.60140000
2.63130000	3.06960000
1.79740000	2.25420000
1.46390000	2.04370000
1.31560000	1.83980000
2.84440000	3.28110000
1.91790000	2.56950000
1.36200000	1.88830000
1.53800000	1.74840000
1.26930000	1.58480000
1.10250000	1.66590000
1.09330000	1.56030000
0.99140000	1.43570000
0.81530000	1.49920000
0.81530000	1.40260000
0.80610000	1.32120000
0.79680000	1.25270000
1.00060000	1.60400000
1.64920000	2.06500000
1.47310000	1.54160000
1.09330000	1.50980000
0.90800000	1.55650000
0.85240000	1.45430000
0.85240000	1.36840000
2.71460000	4.22110000
1.51020000	2.64200000
1.21370000	1.79930000
1.25080000	1.68830000
1.31560000	2.24940000
1.13960000	1.67360000
1.05620000	1.72480000
1.81590000	1.93820000
3.12230000	3.51420000
1.99200000	1.78530000
1.52870000	1.87960000
1.36200000	1.74440000
1.25080000	1.63120000
1.10250000	1.53590000
0.98210000	1.45520000
0.88940000	1.38620000
0.88020000	1.32730000
1.76960000	3.14100000
1.29710000	2.45450000
1.09330000	1.68390000
1.04690000	1.56890000
0.89870000	1.54130000
0.86160000	1.45700000
0.83390000	1.38520000
0.81530000	1.32360000
0.73190000	1.27030000
0.75970000	1.22380000
0.76900000	1.18290000
0.64860000	1.14650000
0.72270000	1.11380000
0.70410000	1.08420000
0.65780000	1.05720000
0.67630000	1.03700000
0.59300000	1.00900000
0.67630000	0.98730000
0.68560000	0.96680000
0.64860000	0.94740000
0.62080000	0.92890000
0.73190000	2.30310000
1.54730000	6.84580000
1.35270000	2.29100000
1.06550000	1.63710000
1.23220000	4.43640000
2.25140000	2.82770000
1.54730000	1.93280000
1.05620000	1.77470000
1.09330000	1.64190000
1.00060000	1.53140000
1.09330000	3.19470000
1.28780000	2.50500000
0.97280000	1.74080000
0.85240000	1.62980000
0.84310000	1.52620000
0.82460000	1.43880000
0.77830000	1.36460000
0.77830000	1.30120000
0.82460000	1.52180000
1.22300000	1.23920000
14.91670000	10.37580000
15.37990000	12.20060000
7.51390000	4.57950000
6.17050000	2.70360000
4.78070000	2.49060000
3.47440000	2.27180000
2.76100000	2.10490000
2.50160000	1.94930000
1.97340000	1.82390000
1.86230000	1.72030000
1.76960000	1.63180000
2.10320000	1.55620000
1.91790000	1.49100000
6.21680000	5.79340000
8.25510000	4.01540000
3.47440000	1.68380000
2.88140000	1.63140000
6.45770000	5.67660000
7.81970000	7.38950000
10.19150000	9.43400000
20.66100000	13.82590000
7.71770000	7.37500000
5.11430000	3.14640000
5.04020000	2.88520000
5.33660000	3.59440000
4.08590000	4.21740000
3.78010000	2.55570000
3.46510000	2.50400000
13.15630000	5.98860000
7.83820000	10.20750000
4.14150000	5.03770000
3.31690000	2.82150000
2.91850000	2.61340000
2.60350000	2.43360000
2.34400000	2.28260000
2.16800000	2.15520000
2.03830000	2.04690000
10.28420000	6.25010000
6.54110000	6.36380000
4.53990000	3.07210000
3.19640000	1.91890000
2.76100000	1.86620000
2.54790000	1.79280000
11.02540000	8.16890000
7.51390000	9.52560000
3.67820000	3.67390000
3.05750000	2.30390000
2.71460000	2.15810000
5.97590000	2.06010000
14.36080000	12.66290000
5.11430000	7.86420000
3.66890000	2.40560000
3.16860000	2.24470000
3.04820000	2.14830000
2.67760000	1.99530000
2.31630000	1.94570000
2.16800000	1.85470000
2.03830000	1.77630000
1.91790000	1.70820000
1.80670000	1.64860000
1.71400000	1.59570000
1.71400000	1.54850000
1.66770000	3.02110000
2.70540000	2.09480000
2.62200000	1.56740000
1.72330000	1.51810000
1.56580000	1.47070000
1.47310000	1.42830000
1.41750000	1.38990000
1.36200000	1.41530000
1.48240000	2.55900000
1.37120000	1.40570000
1.22300000	1.38210000
1.15810000	1.34420000
1.16740000	1.30580000
1.13030000	1.28450000
1.32490000	1.25910000
1.19520000	1.21160000
1.08400000	1.21380000
1.01920000	1.18300000
0.99140000	1.15460000
0.96360000	1.12940000
0.93580000	1.10380000
0.86160000	1.08070000
0.83390000	1.05880000
0.81530000	1.03790000
0.78750000	1.01800000
0.75050000	0.99880000
2.20510000	0.98720000
6.43920000	4.86230000
1.21370000	1.17300000
1.05620000	1.16510000
0.99140000	1.11740000
0.98210000	1.08680000
0.93580000	1.03030000
0.83390000	0.99750000
1.48240000	1.01010000
3.78940000	2.15400000
1.15810000	1.06870000
0.99140000	1.06850000
0.89870000	1.01510000
0.85240000	0.97750000
0.79680000	0.94450000
0.76900000	0.91520000
0.75050000	0.88890000
0.70410000	0.86510000
0.68560000	0.84330000
0.90800000	0.82330000
2.07540000	0.86120000
2.49230000	1.26350000
1.89930000	1.02550000
0.97280000	0.98030000
0.81530000	0.94030000
0.75050000	0.90000000
0.71340000	0.86500000
0.70410000	0.84150000
0.65780000	0.80730000
0.64860000	0.80380000
0.65780000	0.76140000
0.63000000	0.75260000
0.88940000	0.80790000
1.08400000	0.84070000
0.73190000	0.81800000
0.63930000	0.78010000
0.61150000	0.75260000
3.15940000	0.76320000
0.80610000	0.70650000
0.66710000	0.69890000
0.60220000	0.67940000
0.61150000	0.66160000
0.54660000	0.64540000
0.51880000	0.63040000
0.48180000	0.61640000
0.48180000	0.61060000
0.45400000	0.59080000
0.42620000	0.57910000
0.41690000	0.56780000
0.46330000	0.55700000
1.00990000	0.67180000
0.51880000	0.64920000
0.46330000	0.64040000
0.41690000	0.61550000
0.39840000	0.59370000
0.40770000	0.57450000
0.39840000	0.55740000
0.38910000	0.54190000
0.36130000	0.52780000
0.52810000	0.56640000
0.43550000	0.53780000
0.37990000	0.53880000
0.37060000	0.52190000
0.35210000	0.50670000
0.34280000	0.49300000
0.32430000	0.48050000
0.31500000	0.47660000
0.50960000	1.29270000
0.86160000	0.73990000
0.55590000	0.71540000
0.43550000	0.66860000
0.39840000	0.62970000
0.75970000	0.59670000
3.53000000	1.23420000
0.70410000	0.73910000
0.51880000	0.72620000
0.44470000	0.68040000
0.41690000	0.64180000
0.49100000	0.65430000
0.58370000	0.66090000
0.44470000	0.62720000
0.42620000	0.63290000
0.41690000	0.57890000
0.38910000	0.56800000
0.37060000	0.54510000
0.36130000	0.52520000
0.35210000	0.50760000
0.34280000	0.49200000
0.32430000	0.47800000
0.30570000	0.46530000
0.32430000	0.51370000
0.32430000	0.48580000
0.29650000	0.50040000
0.28720000	0.48170000
0.28720000	0.46530000
1.03770000	0.46640000
3.70600000	1.80680000
0.73190000	0.71090000
0.50030000	0.68860000
0.44470000	0.64220000
0.42620000	0.75760000
0.67630000	0.71150000
1.26000000	0.83790000
0.53740000	0.77730000
0.44470000	0.75970000
0.42620000	0.70780000
0.39840000	0.66420000
0.41690000	0.62740000
0.94500000	2.30170000
0.72270000	2.22590000
1.01920000	0.92410000
0.63000000	0.86730000
0.50960000	0.81730000
0.50030000	0.77960000
0.59300000	0.74360000
0.51880000	0.67960000
0.47250000	0.68130000
0.44470000	0.67750000
0.99140000	2.19210000
0.92650000	1.68430000
1.17670000	0.83370000
0.65780000	0.78710000
0.56520000	0.75780000
0.52810000	0.71080000
0.50030000	0.68010000
0.57440000	0.67250000
0.49100000	0.61810000
0.44470000	0.62310000
0.41690000	0.59880000
0.41690000	0.57760000
0.39840000	0.55880000
0.38910000	0.54210000
0.37060000	0.53170000
0.35210000	0.51340000
0.63000000	1.38780000
0.74120000	0.63270000
0.49100000	0.62720000
0.45400000	0.60590000
0.43550000	0.57080000
0.42620000	0.54820000
0.43550000	0.52840000
0.40770000	0.51100000
0.48180000	0.54940000
0.64860000	0.64600000
0.70410000	0.59160000
0.52810000	0.59310000
0.47250000	0.56420000
0.45400000	0.53940000
0.44470000	0.51790000
0.44470000	0.50420000
0.43550000	0.48260000
0.41690000	0.46790000
0.54660000	0.57610000
1.40830000	1.79700000
1.15810000	0.62560000
0.73190000	0.60390000
0.63000000	0.57860000
0.58370000	0.54890000
0.56520000	0.53680000
0.62080000	0.50320000
0.55590000	0.48560000
0.52810000	0.46850000
0.50960000	0.45340000
0.50960000	0.43990000
0.50030000	0.42770000
0.48180000	0.41670000
0.48180000	0.42650000
0.52810000	0.40730000
0.54660000	0.39940000
0.50960000	0.40010000
0.50030000	0.40980000
0.57440000	0.42010000
0.54660000	0.41480000
0.50960000	0.42600000
0.45400000	0.40960000
0.43550000	0.39520000
0.43550000	0.38250000
0.42620000	0.37120000
0.41690000	0.36090000
0.41690000	0.35160000
0.42620000	1.78540000
24.92290000	23.91200000
3.06670000	11.35190000
1.93640000	2.51810000
1.47310000	2.27880000
1.29710000	2.02380000
1.17670000	1.81450000
1.52870000	4.75350000
31.13040000	23.78770000
6.08710000	13.49590000
2.81660000	3.43810000
2.28850000	3.16470000
1.96420000	2.83950000
1.84370000	2.59390000
1.99200000	2.36300000
1.47310000	2.29060000
1.35270000	2.23660000
1.30640000	2.07570000
1.29710000	1.95100000
1.41750000	1.83920000
1.14890000	1.75500000
1.09330000	1.77060000
1.20450000	1.69740000
1.12110000	1.60590000
3.14080000	4.80760000
1.83450000	3.44220000
1.38050000	2.10320000
1.20450000	1.97480000
1.14890000	1.85500000
1.05620000	1.75320000
1.03770000	1.66660000
1.01920000	1.59240000
0.97280000	1.52810000
0.92650000	1.47210000
0.89870000	1.42270000
0.87090000	1.37890000
0.85240000	1.66350000
0.82460000	1.33750000
0.87090000	1.45880000
0.92650000	1.40100000
0.88020000	1.35050000
0.76900000	1.30590000
0.88940000	1.26620000
1.01920000	1.23060000
0.92650000	1.19820000
0.83390000	1.16860000
0.78750000	1.14130000
0.83390000	1.11580000
0.88020000	1.09200000
0.78750000	1.06940000
0.69490000	1.04810000
0.64860000	1.02770000
0.64860000	1.00810000
0.69490000	0.98930000
0.78750000	0.97110000
0.92650000	0.95350000
1.20450000	0.93640000
1.38980000	0.91970000
1.53800000	0.90350000
2.39040000	0.89880000
9.20010000	0.87680000
4.45650000	0.85780000
5.57750000	0.84550000
10.19150000	0.83240000
4.31750000	0.81690000
2.88140000	0.80180000
2.38110000	0.78770000
2.00120000	0.77410000
1.88080000	0.76070000
1.70480000	0.74760000
1.66770000	0.73900000
1.68620000	0.73360000
1.91790000	0.73390000
2.08460000	0.71030000
1.73260000	0.73240000
1.40830000	0.72220000
1.21370000	0.70400000
1.62140000	0.68730000
1.76040000	0.67180000
1.66770000	0.65730000
1.60280000	0.64360000
1.56580000	0.63600000
1.58430000	0.63100000
1.64920000	0.65910000
2.03830000	3.71280000
6.48550000	7.53970000
14.36080000	14.84430000
8.44040000	10.41600000
8.06060000	9.54600000
11.67390000	9.64470000
5.92030000	4.94820000
3.61340000	3.13420000
2.54790000	2.85410000
2.11240000	2.58490000
1.90860000	2.36260000
1.87150000	2.17800000
2.02900000	6.73510000
1.90860000	9.07430000
3.06670000	7.76910000
3.66890000	4.55660000
3.91910000	2.82130000
7.24520000	2.63960000
4.44720000	3.38130000
14.82400000	9.80690000
8.33850000	6.92220000
5.74430000	2.92860000
6.88390000	3.46420000
10.65480000	5.53060000
9.00560000	7.11750000
6.40210000	4.95670000
4.00250000	2.91910000
3.36320000	2.83250000
3.38170000	2.65330000
4.21560000	3.35440000
4.92900000	4.67730000
7.47690000	7.36880000
4.48430000	4.73160000
3.92840000	2.77300000
3.54850000	2.58760000
2.78880000	2.41890000
10.84010000	8.77850000
9.54300000	13.47820000
11.85920000	12.30980000
5.69800000	6.25890000
4.11370000	3.37860000
3.43730000	3.08080000
2.89990000	2.85880000
2.59420000	2.67320000
2.46450000	2.52690000
2.18650000	2.38450000
2.08460000	2.28130000
3.09450000	3.79500000
2.01050000	3.21670000
1.80670000	2.09490000
2.04760000	2.48760000
2.20510000	2.84530000
1.79740000	1.95740000
4.59540000	4.13210000
3.80790000	3.28090000
2.35330000	1.89930000
2.41820000	1.87570000
1.99200000	1.77880000
1.76960000	1.78290000
1.67700000	1.72850000
1.55650000	1.67960000
1.44530000	1.63530000
1.38050000	1.59470000
1.32490000	1.55730000
1.29710000	1.52250000
1.26930000	1.48980000
1.20450000	1.45910000
1.19520000	1.46550000
1.19520000	1.40190000
1.10250000	1.41150000
1.11180000	1.37900000
1.14890000	1.39310000
1.02840000	1.35200000
0.98210000	1.34650000
1.08400000	1.34790000
1.11180000	1.28410000
0.98210000	1.29380000
1.03770000	1.30690000
2.82580000	5.02110000
1.26930000	1.40190000
1.06550000	1.38000000
0.98210000	1.32720000
1.02840000	1.30690000
1.03770000	1.24000000
0.88940000	1.21390000
0.88020000	1.17940000
1.23220000	1.18580000
0.90800000	1.11940000
0.86160000	1.13840000
0.84310000	1.10710000
0.83390000	1.08370000
0.78750000	1.05260000
0.75050000	1.02840000
0.73190000	1.00580000
0.68560000	0.98460000
0.79680000	1.08150000
1.30640000	1.36760000
1.65840000	1.10670000
0.83390000	1.09000000
0.75050000	1.04850000
0.70410000	1.01200000
0.67630000	0.97970000
0.64860000	0.95090000
0.60220000	0.92490000
0.59300000	0.90120000
0.58370000	0.87940000
0.55590000	0.85920000
0.57440000	0.84540000
0.57440000	0.82270000
0.54660000	0.80600000
0.52810000	0.79000000
0.50960000	0.77480000
0.50030000	0.76690000
0.54660000	0.74600000
0.50960000	0.73610000
0.47250000	0.71920000
0.44470000	0.70630000
0.46330000	0.70340000
0.49100000	0.68360000
0.46330000	0.66970000
0.43550000	0.67120000
0.41690000	0.64660000
0.39840000	0.64280000
0.40770000	0.62450000
0.37060000	0.61380000
0.37990000	0.64220000
0.40770000	0.59610000
0.37060000	0.61860000
0.34280000	0.66390000
0.43550000	0.81770000
0.38910000	0.80820000
0.41690000	0.81770000
0.36130000	0.76290000
0.34280000	0.73120000
0.32430000	0.69770000
0.31500000	0.66880000
0.30570000	0.64360000
0.30570000	0.62140000
0.46330000	0.68120000
0.34280000	0.65050000
0.29650000	0.64600000
0.28720000	0.61290000
0.26870000	0.59200000
0.24090000	0.57340000
0.24090000	0.55680000
0.24090000	0.57050000
0.32430000	0.57060000
0.31500000	0.54840000
0.49100000	0.67400000
0.88940000	0.66150000
0.39840000	0.65340000
0.33350000	0.62080000
0.34280000	0.65230000
0.60220000	0.70600000
0.57440000	0.73720000
0.45400000	0.69520000
0.35210000	0.69150000
0.33350000	0.65510000
0.38910000	0.67870000
0.91720000	0.76160000
0.46330000	0.72430000
0.37060000	0.69510000
0.33350000	0.65700000
0.33350000	0.62450000
0.31500000	0.59670000
0.30570000	0.59100000
0.27800000	0.55160000
0.27800000	0.56500000
0.33350000	0.51670000
0.28720000	0.51890000
0.25940000	0.50310000
0.24090000	0.48890000
0.23160000	0.47610000
0.23160000	0.46430000
0.25020000	0.45340000
0.26870000	0.45900000
0.25020000	0.51590000
0.27800000	0.55900000
0.24090000	0.54170000
0.86160000	1.45650000
1.03770000	0.83570000
0.45400000	0.78700000
0.36130000	0.74430000
0.53740000	0.75830000
3.02040000	2.60450000
1.07470000	0.83620000
0.54660000	0.81450000
0.43550000	0.75710000
6.91170000	0.79620000
1.04690000	0.74250000
0.68560000	0.72510000
0.59300000	0.71410000
0.59300000	0.64760000
0.47250000	0.63770000
0.45400000	0.61050000
0.39840000	0.58340000
0.37990000	0.56160000
0.35210000	0.54230000
0.34280000	0.52530000
0.33350000	0.51000000
0.32430000	0.49620000
0.31500000	0.48370000
0.29650000	0.47210000
0.29650000	0.46130000
0.27800000	0.45130000
0.27800000	0.44190000
0.27800000	0.43290000
0.26870000	0.42440000
0.47250000	0.46610000
0.37990000	0.44620000
0.33350000	0.46170000
0.63930000	0.50820000
0.37990000	0.47690000
0.31500000	0.50280000
0.29650000	0.47990000
0.33350000	0.54670000
1.08400000	0.64680000
0.53740000	0.62040000
0.42620000	0.61420000
0.63000000	0.62750000
0.67630000	0.61690000
0.48180000	0.59820000
0.43550000	0.56620000
0.37990000	0.53620000
0.37060000	0.51050000
0.45400000	0.53700000
0.38910000	0.50090000
0.34280000	0.51140000
0.33350000	0.48840000
0.32430000	0.46860000
0.32430000	0.45130000
0.30570000	0.43610000
0.30570000	0.44190000
0.31500000	0.41300000
0.29650000	0.40520000
0.29650000	0.39440000
0.29650000	0.38450000
0.29650000	0.37530000
0.29650000	0.36690000
0.29650000	0.35890000
0.28720000	0.35150000
0.27800000	0.34440000
0.27800000	0.33760000
0.28720000	0.34620000
0.29650000	0.32490000
0.28720000	0.31890000
0.60220000	0.40820000
0.82460000	0.39100000
0.40770000	0.41660000
0.35210000	0.39570000
0.33350000	0.37780000
0.31500000	0.36230000
0.32430000	0.34880000
0.31500000	0.33700000
0.31500000	0.32640000
1.09330000	0.93540000
1.62140000	0.49110000
0.63000000	0.48140000
0.50030000	0.45020000
0.46330000	0.42390000
0.43550000	0.41320000
0.46330000	0.38260000
0.38910000	0.36620000
0.37990000	0.35200000
0.43550000	0.38350000
0.46330000	0.35840000
0.41690000	0.37420000
0.40770000	0.35770000
0.38910000	0.34340000
0.37060000	0.33100000
0.89870000	0.47740000
1.96420000	0.50880000
0.87090000	0.49540000
0.71340000	0.48850000
0.60220000	0.45480000
1.59360000	1.15550000
1.77890000	1.50400000
0.88940000	0.59580000
0.73190000	0.58190000
0.66710000	0.53890000
0.61150000	0.50360000
0.59300000	0.50130000
4.39160000	3.08860000
1.54730000	0.60010000
1.04690000	0.58670000
0.86160000	0.54690000
0.75970000	0.51350000
0.70410000	0.48520000
0.66710000	0.46120000
6.37430000	4.56630000
2.33480000	0.61530000
1.42680000	0.61560000
1.11180000	0.57380000
0.94500000	0.53880000
2.41820000	1.26410000
4.32680000	2.14730000
1.56580000	1.03010000
1.23220000	1.14420000
1.13030000	1.03890000
1.02840000	0.94280000
0.92650000	0.86730000
1.01920000	0.82380000
0.93580000	0.75180000
0.82460000	0.82530000
0.75050000	0.77090000
0.70410000	0.72520000
0.68560000	0.68650000
0.67630000	0.65340000
0.67630000	0.64000000
0.73190000	0.61320000
0.64860000	0.58890000
0.60220000	0.66580000
0.58370000	0.63380000
0.57440000	0.60630000
0.53740000	0.58250000
0.50960000	0.56210000
1.57510000	2.47120000
1.13030000	1.06010000
0.83390000	1.11680000
0.75970000	1.08330000
0.69490000	0.99420000
0.83390000	0.92020000
3.71530000	3.29980000
1.53800000	1.62190000
1.08400000	1.40360000
0.94500000	1.27810000
0.85240000	1.17440000
0.89870000	1.10070000
1.02840000	1.01490000
1.08400000	0.99320000
3.27980000	4.91470000
3.26130000	5.10910000
1.60280000	1.74070000
1.32490000	1.81390000
1.21370000	1.65440000
15.56520000	11.78970000
3.27980000	7.40020000
2.03830000	2.50930000
1.59360000	2.33640000
1.37120000	2.12070000
1.21370000	1.94220000
1.07470000	1.79400000
0.98210000	1.67030000
0.95430000	1.56660000
0.86160000	1.47890000
0.82460000	1.40450000
0.78750000	1.34070000
0.76900000	1.28560000
0.75970000	1.23760000
0.69490000	1.19540000
0.75050000	1.15850000
0.69490000	1.12500000
0.65780000	1.09470000
0.63000000	1.06700000
0.61150000	1.04160000
0.61150000	1.01800000
0.63000000	0.99590000
0.64860000	0.97510000
0.60220000	0.95540000
0.50960000	0.93660000
0.51880000	0.91860000
0.57440000	0.90140000
0.82460000	0.92220000
0.88020000	1.03210000
0.83390000	1.10410000
0.83390000	0.96000000
0.83390000	0.92730000
0.88020000	0.93020000
0.73190000	0.89990000
0.69490000	0.87610000
1.00990000	0.87390000
0.75050000	0.82660000
0.69490000	0.83200000
0.68560000	0.81010000
3.25200000	2.09190000
1.76960000	1.35510000
1.29710000	1.17710000
1.12110000	1.10140000
1.02840000	1.03740000
0.96360000	0.98310000
0.97280000	0.95180000
0.93580000	0.89690000
1.49170000	1.97730000
3.26130000	1.18630000
1.73260000	1.05880000
1.55650000	1.02080000
1.48240000	2.12610000
1.27860000	1.09140000
1.17670000	1.22370000
1.09330000	1.14060000
1.03770000	1.07090000
0.98210000	1.01190000
0.89870000	0.96180000
0.86160000	0.91880000
0.84310000	0.88160000
0.86160000	0.85940000
0.83390000	0.82190000
0.77830000	0.79520000
0.75050000	0.77250000
0.69490000	0.75190000
0.67630000	0.73310000
0.66710000	0.71570000
0.67630000	0.71250000
0.67630000	0.68450000
0.67630000	0.68030000
0.64860000	0.65680000
0.61150000	0.64390000
0.59300000	0.63400000
0.58370000	0.61970000
0.57440000	0.60830000
0.54660000	0.59720000
0.54660000	0.58650000
0.54660000	0.57610000
0.52810000	0.56590000
0.55590000	0.57080000
0.66710000	0.58130000
0.56520000	0.53680000
0.62080000	0.56830000
1.77890000	2.49670000
0.83390000	0.69080000
0.69490000	0.68550000
0.63000000	0.65220000
0.60220000	0.62360000
0.59300000	0.59880000
0.59300000	0.57710000
0.56520000	0.55800000
0.55590000	0.54620000
0.55590000	0.52690000
0.50960000	0.51190000
0.56520000	0.52500000
0.55590000	0.48750000
0.50030000	0.49420000
0.48180000	0.48150000
0.45400000	0.46980000
0.42620000	0.45900000
0.45400000	0.50240000
0.62080000	0.51960000
0.75970000	0.59520000
0.75050000	0.59080000
0.54660000	0.57910000
0.53740000	0.56170000
0.49100000	0.52610000
0.45400000	0.50400000
0.43550000	0.48480000
0.41690000	0.46800000
0.45400000	0.47810000
0.68560000	0.54620000
0.54660000	0.52520000
0.47250000	0.53360000
0.57440000	0.59020000
0.71340000	0.57410000
0.50960000	0.56000000
0.49100000	0.56110000
0.60220000	0.54780000
0.72270000	0.54930000
0.57440000	0.51180000
0.48180000	0.49050000
0.44470000	0.47040000
0.40770000	0.45290000
0.38910000	0.43760000
0.40770000	0.42390000
0.72270000	0.68800000
0.50960000	0.53240000
0.44470000	0.58070000
0.61150000	0.56540000
0.51880000	0.53800000
0.44470000	0.51420000
0.40770000	0.48880000
0.38910000	0.46710000
0.40770000	0.46190000
0.40770000	0.44230000
0.37060000	0.41750000
0.35210000	0.40460000
0.37060000	0.39790000
0.34280000	0.39270000
0.30570000	0.37310000
0.32430000	0.36490000
0.33350000	0.36920000
0.35210000	0.39140000
0.37060000	0.36700000
0.33350000	0.37230000
0.31500000	0.36050000
0.30570000	0.35000000
0.25940000	0.34050000
0.25940000	0.33190000
0.24090000	0.32390000
0.24090000	0.31650000
0.22240000	0.31960000
0.24090000	0.30310000
0.24090000	0.34350000
0.59300000	0.49400000
0.57440000	0.88080000
0.72270000	0.71830000
0.65780000	0.71410000
0.46330000	0.66120000
0.38910000	0.62360000
0.36130000	0.58130000
2.24210000	0.58130000
0.94500000	0.59250000
0.48180000	0.55220000
0.38910000	0.55890000
0.44470000	0.68510000
1.67700000	0.68400000
3.46510000	4.77400000
1.12110000	0.83530000
0.63930000	0.79090000
0.51880000	0.74180000
2.26990000	0.77390000
0.70410000	0.71700000
0.50960000	0.68640000
0.43550000	0.64280000
0.39840000	0.60610000
0.37060000	0.60550000
0.52810000	0.54820000
1.04690000	0.61920000
0.45400000	0.58460000
0.35210000	0.56940000
0.33350000	0.55800000
0.33350000	0.51990000
0.31500000	0.50120000
0.30570000	0.50830000
0.33350000	0.47910000
0.27800000	0.45490000
0.26870000	0.44220000
0.35210000	0.43070000
0.59300000	0.44560000
0.30570000	0.41050000
0.25020000	0.40140000
0.23160000	0.39280000
0.21310000	0.38480000
0.21310000	0.37710000
0.18530000	0.36980000
0.21310000	0.40850000
0.87090000	4.44260000
0.63930000	0.69430000
0.36130000	0.66250000
0.30570000	0.61400000
0.28720000	0.57340000
0.26870000	0.53930000
0.25020000	0.51040000
0.25020000	0.48580000
0.21310000	0.46460000
0.21310000	0.44630000
0.19460000	0.43020000
0.18530000	0.41610000
0.17600000	0.40530000
0.17600000	0.39210000
0.16680000	0.38190000
0.15750000	0.37240000
0.14820000	0.36370000
0.13900000	0.35560000
0.12970000	0.34800000
0.12040000	0.34090000
0.11120000	0.33410000
0.12970000	0.32760000
0.12970000	0.32130000
0.13900000	0.31530000
0.13900000	0.30950000
0.12970000	0.30390000
0.12040000	0.29850000
0.11120000	0.29320000
0.10190000	0.28800000
0.11120000	0.28290000
0.11120000	0.27800000
0.11120000	0.27320000
0.11120000	0.26850000
0.10190000	0.26380000
2.98330000	0.35700000
0.34280000	0.33950000
0.22240000	0.36380000
0.20380000	0.34420000
0.17600000	0.32750000
0.16680000	0.31310000
0.17600000	0.30070000
0.14820000	0.28980000
0.74120000	0.96560000
0.50960000	0.54760000
0.28720000	0.52670000
0.24090000	0.48500000
0.24090000	0.45040000
0.23160000	0.50770000
0.29650000	0.51210000
0.25020000	0.49240000
0.25940000	0.51240000
0.42620000	0.54880000
0.36130000	0.52100000
0.27800000	0.51110000
0.24090000	0.47740000
0.23160000	0.44900000
0.22240000	0.77470000
0.21310000	0.85950000
0.20380000	0.81650000
0.21310000	0.81350000
1.28780000	5.64830000
0.95430000	4.85150000
0.43550000	1.52470000
0.33350000	1.64010000
0.29650000	1.49010000
0.27800000	1.36590000
0.25940000	1.26270000
0.25020000	1.17660000
0.24090000	1.10420000
0.30570000	2.34290000
0.74120000	4.15460000
0.41690000	1.13550000
0.31500000	1.32840000
0.28720000	1.23540000
0.27800000	1.15750000
0.26870000	1.11840000
6.06860000	15.11950000
1.40830000	7.98050000
0.76900000	2.39730000
0.58370000	2.17900000
0.50030000	1.98070000
0.45400000	1.81650000
0.43550000	1.70890000
0.76900000	4.78810000
0.60220000	2.66480000
0.46330000	1.83140000
0.42620000	1.70080000
0.42620000	1.61180000
0.50960000	1.51680000
0.49100000	1.45230000
0.42620000	1.53360000
0.37990000	1.44860000
0.37060000	1.37630000
0.39840000	1.72250000
0.66710000	2.17140000
0.49100000	1.56360000
0.42620000	1.59220000
0.44470000	1.50980000
2.95550000	7.65820000
1.26930000	4.99800000
4.80850000	6.91230000
9.35770000	11.97520000
3.01110000	6.34240000
1.88080000	2.91600000
1.55650000	2.68110000
1.40830000	2.45370000
1.24150000	2.26490000
1.13030000	2.10740000
1.01920000	1.97530000
0.93580000	1.86380000
1.20450000	1.79560000
0.95430000	1.68810000
0.87090000	1.64760000
0.83390000	1.58230000
0.78750000	1.52520000
0.81530000	2.01490000
0.84310000	1.53840000
0.83390000	1.72440000
0.88940000	1.63840000
0.75970000	1.56460000
0.73190000	1.50080000
0.67630000	1.44530000
0.68560000	1.40590000
0.65780000	1.35300000
0.61150000	1.31410000
0.55590000	1.27930000
0.50960000	1.24720000
0.49100000	1.21760000
0.46330000	1.19010000
0.49100000	1.16430000
0.51880000	1.14010000
0.63930000	1.14360000
3.13160000	5.84890000
2.10320000	2.66280000
1.28780000	1.75870000
2.94630000	1.64530000
1.92710000	1.54390000
1.30640000	1.45830000
1.27860000	1.38540000
1.10250000	1.32300000
0.94500000	1.26910000
0.88940000	1.22210000
0.80610000	1.18070000
0.74120000	1.14400000
0.70410000	1.11110000
0.68560000	1.08130000
0.82460000	1.05410000
0.75970000	1.03280000
0.78750000	1.25610000
2.71460000	4.35520000
6.91170000	2.26170000
2.10320000	1.63210000
1.38980000	1.53720000
0.92650000	1.43790000
0.64860000	1.35420000
0.60220000	1.28330000
1.11180000	1.22270000
1.62140000	1.17060000
1.38980000	1.12540000
1.11180000	1.08570000
1.06550000	1.05070000
1.01920000	1.01940000
0.92650000	0.99120000
0.85240000	0.96560000
0.79680000	0.94200000
0.83390000	0.92030000
45.95440000	10.27280000
14.26810000	6.78430000
3.90980000	2.07510000
2.74240000	2.01810000
2.47380000	1.85320000
9.91360000	5.18030000
5.37370000	4.95410000
2.64980000	2.19980000
13.43430000	12.51670000
5.74430000	9.02150000
3.01110000	2.95590000
2.62200000	2.82080000
2.34400000	2.55960000
1.82520000	2.44800000
1.48240000	2.27700000
1.20450000	2.11640000
1.06550000	1.98180000
1.01920000	1.86840000
1.01920000	1.77210000
0.97280000	1.68970000
1.35270000	1.61880000
2.52010000	2.22930000
2.25140000	2.66260000
2.08460000	2.61830000
1.74180000	2.98200000
1.26000000	1.99770000
1.26930000	1.90950000
1.20450000	1.81550000
1.11180000	1.71210000
1.06550000	1.67840000
1.01920000	1.61680000
0.88020000	1.54920000
1.96420000	3.50110000
7.42130000	15.57190000
3.15940000	11.84770000
2.68690000	5.90020000
2.39960000	4.19160000
1.85300000	2.87010000
1.66770000	2.74700000
1.58430000	2.52870000
1.55650000	2.36310000
1.30640000	2.19200000
1.20450000	2.09060000
1.18590000	1.97990000
1.14890000	1.88500000
0.99140000	1.80340000
1.06550000	1.74600000
1.50090000	2.25980000
5.05870000	5.45180000
3.06670000	3.10640000
1.85300000	1.98210000
1.60280000	1.87830000
1.52870000	1.78700000
1.46390000	1.73140000
1.38050000	1.64340000
1.31560000	1.59930000
1.60280000	1.99470000
1.47310000	1.52080000
1.23220000	1.51410000
1.18590000	1.46540000
1.79740000	1.98460000
3.53000000	4.88490000
1.94570000	2.55660000
1.62140000	1.76680000
1.43610000	1.67310000
1.30640000	1.59160000
1.25080000	1.52160000
1.18590000	1.46110000
1.08400000	1.40810000
1.86230000	1.73500000
6.32800000	7.63520000
2.80730000	2.93910000
2.11240000	1.75640000
3.65040000	2.16050000
5.24400000	4.97200000
2.36260000	2.75090000
2.05680000	1.90990000
1.86230000	1.78880000
1.66770000	1.67890000
1.58430000	1.59590000
1.45460000	1.51330000
1.86230000	1.79600000
2.18650000	2.07410000
1.62140000	1.42070000
1.42680000	1.39030000
1.33420000	1.33810000
1.25080000	1.29220000
1.26930000	1.25240000
6.32800000	7.39510000
2.39040000	3.67540000
1.92710000	1.35170000
1.75110000	1.29580000
1.63990000	1.24790000
1.50090000	1.20440000
1.38050000	1.16650000
1.35270000	1.13250000
1.46390000	1.12110000
1.21370000	1.07390000
1.17670000	1.05860000
1.20450000	1.04920000
1.07470000	1.00200000
1.05620000	1.01130000
1.30640000	1.03680000
1.49170000	1.00260000
1.12110000	1.02730000
1.10250000	1.01340000
1.10250000	0.96970000
1.15810000	0.97240000
2.57570000	3.92800000
1.37120000	1.04490000
1.74180000	1.06360000
5.69800000	5.01780000
2.34400000	1.30600000
5.02160000	1.23590000
4.91970000	2.63180000
2.34400000	1.08650000
1.91790000	1.24130000
1.69550000	1.16690000
1.76040000	1.14040000
1.63060000	1.05570000
1.51950000	1.04620000
1.36200000	1.00000000
1.22300000	0.96020000
1.14890000	0.92550000
1.19520000	0.91540000
1.03770000	0.86760000
0.98210000	0.84300000
0.92650000	0.82080000
0.88940000	0.80050000
1.14890000	0.83430000
1.43610000	1.34010000
1.51950000	2.60510000
1.29710000	0.91690000
1.00060000	0.91150000
0.90800000	0.87160000
0.85240000	0.83700000
0.81530000	0.80680000
0.84310000	0.80670000
1.70480000	1.13510000
0.92650000	0.81150000
0.81530000	0.79590000
0.76900000	0.76720000
0.79680000	0.77170000
0.83390000	0.73580000
1.03770000	0.77570000
1.05620000	1.14760000
0.82460000	0.81240000
0.77830000	0.79910000
0.76900000	0.79290000
0.67630000	0.73420000
0.63930000	0.70790000
0.65780000	0.73630000
9.72830000	15.15570000
5.10500000	5.91160000
4.31750000	1.24210000
1.59360000	1.08700000
1.24150000	1.02550000
3.55780000	1.01650000
4.04880000	2.38560000
1.41750000	0.97110000
1.17670000	0.93860000
1.05620000	0.88770000
0.97280000	0.84430000
1.20450000	1.64920000
1.14890000	0.90580000
1.91790000	0.86790000
3.77090000	0.90400000
1.24150000	0.85060000
1.02840000	0.84320000
0.89870000	0.80430000
0.82460000	0.77080000
4.66960000	0.75410000
3.53920000	2.46330000
1.13960000	0.78480000
0.92650000	0.79000000
0.84310000	0.76320000
11.21070000	8.76900000
2.53860000	3.78110000
1.80670000	0.99330000
1.51020000	0.91350000
1.19520000	0.88480000
1.10250000	0.85030000
7.88450000	4.62350000
3.56700000	4.38690000
1.57510000	1.33590000
1.45460000	1.39130000
1.41750000	1.27220000
1.20450000	1.16620000
1.09330000	1.08710000
1.14890000	1.04040000
1.01920000	0.96440000
0.89870000	0.91660000
0.90800000	0.89580000
7.23600000	6.96280000
3.92840000	7.92210000
2.16800000	1.78250000
1.52870000	1.43640000
2.46450000	1.50790000
1.42680000	1.25550000
1.22300000	1.18900000
1.10250000	1.11580000
1.03770000	1.05390000
0.96360000	1.00130000
1.02840000	1.00990000
1.07470000	0.95580000
0.89870000	0.94030000
0.99140000	0.94510000
8.22730000	10.77430000
2.03830000	3.27340000
1.47310000	1.18040000
1.39900000	1.12170000
1.55650000	1.07120000
1.16740000	0.99120000
1.02840000	0.95570000
0.95430000	0.91520000
0.92650000	0.87990000
0.92650000	0.84910000
0.84310000	0.82170000
0.80610000	0.79730000
0.76900000	0.77530000
0.73190000	0.75530000
0.84310000	0.76610000
0.98210000	0.72000000
0.77830000	0.72120000
0.72270000	0.70380000
0.68560000	0.68770000
0.65780000	0.67270000
0.63930000	0.65860000
0.62080000	0.64520000
0.63000000	0.65690000
3.00190000	0.67790000
10.09890000	4.00530000
14.45340000	12.26040000
2.14950000	2.71730000
1.59360000	1.10430000
1.33420000	1.02390000
1.22300000	0.95670000
1.14890000	0.90010000
1.43610000	1.47820000
1.20450000	0.86610000
1.01920000	0.86330000
1.32490000	0.87780000
4.95680000	6.77740000
2.14950000	1.15360000
1.54730000	1.06810000
1.30640000	1.00520000
1.17670000	0.94380000
2.19580000	0.95120000
1.46390000	1.00730000
1.20450000	0.89150000
1.14890000	0.87660000
1.02840000	0.82900000
1.00990000	0.79360000
1.02840000	0.78910000
1.52870000	1.82650000
1.10250000	0.77480000
0.98210000	0.85950000
0.95430000	0.85120000
0.94500000	0.77970000
0.84310000	0.78540000
0.82460000	0.75220000
0.81530000	0.72340000
0.80610000	0.69820000
2.18650000	2.64260000
2.69610000	3.55200000
1.45460000	1.47290000
1.15810000	1.30710000
1.03770000	1.32060000
1.00060000	1.21230000
0.95430000	1.12210000
0.89870000	1.04680000
0.88020000	0.98350000
0.86160000	0.93000000
2.04760000	0.92390000
18.62270000	16.36110000
4.36380000	9.58360000
3.04820000	2.26800000
2.56640000	2.18490000
2.11240000	2.04840000
1.87150000	1.97610000
1.63990000	1.80500000
1.51020000	1.66310000
1.42680000	1.54490000
1.44530000	1.45650000
1.40830000	1.36240000
1.29710000	1.29160000
1.22300000	1.23110000
1.15810000	1.18380000
1.13030000	1.13380000
1.07470000	1.09410000
1.03770000	1.05900000
1.02840000	1.02760000
1.00990000	0.99930000
1.01920000	0.97360000
6.54110000	6.98900000
9.72830000	9.64400000
3.16860000	4.64170000
2.22360000	2.03770000
1.86230000	1.98270000
1.67700000	1.81780000
1.59360000	1.68970000
1.47310000	1.56640000
1.38050000	1.47050000
1.34340000	1.38930000
1.34340000	1.32020000
1.33420000	1.26590000
1.25080000	1.20970000
1.19520000	1.16510000
1.15810000	1.12580000
1.11180000	1.09090000
1.09330000	1.05960000
1.07470000	1.03130000
10.65480000	8.05830000
2.55710000	4.60620000
1.84370000	1.86730000
1.66770000	1.73910000
1.55650000	1.61280000
6.03150000	7.75120000
12.22980000	11.57260000
3.54850000	4.54250000
2.73320000	2.67800000
2.29770000	2.44670000
4.53060000	7.03710000
6.11490000	7.83330000
5.42000000	5.47180000
3.33540000	2.74970000
2.67760000	2.72240000
2.50160000	2.51390000
2.31630000	3.21660000
19.82710000	17.14100000
11.30330000	16.25240000
4.66960000	6.07750000
3.72450000	3.47620000
3.36320000	3.20270000
2.94630000	2.96640000
3.80790000	3.86040000
2.77020000	4.36130000
2.23290000	2.80780000
2.12170000	2.63480000
2.22360000	2.47160000
2.64980000	2.86820000
2.87220000	2.29340000
2.06610000	2.35510000
2.04760000	2.31810000
1.98270000	2.19840000
1.99200000	2.11580000
1.90860000	2.00790000
1.76960000	2.07100000
1.65840000	1.97410000
1.65840000	1.94950000
1.66770000	1.87550000
1.59360000	1.81050000
1.59360000	1.76340000
1.51020000	1.70140000
1.38980000	1.65710000
1.30640000	1.61450000
1.37120000	1.57580000
1.43610000	1.53960000
1.37120000	1.50570000
1.20450000	1.47400000
1.11180000	1.44390000
1.03770000	1.41530000
1.08400000	1.38800000
1.25080000	1.38370000
1.51950000	1.33960000
1.18590000	1.33890000
1.01920000	1.31500000
0.92650000	1.28810000
1.01920000	1.26260000
1.41750000	1.25660000
1.73260000	4.93670000
1.90860000	3.05130000
4.61400000	4.93060000
1.64920000	3.32060000
1.31560000	2.18020000
3.91910000	4.13860000
1.77890000	3.59220000
1.39900000	2.26840000
1.36200000	2.10840000
1.36200000	1.96550000
1.29710000	1.84560000
1.29710000	1.74420000
1.36200000	1.67090000
3.10380000	3.07780000
1.90860000	2.56380000
1.57510000	1.76490000
1.53800000	2.09840000
1.49170000	1.68500000
1.36200000	1.78620000
1.29710000	1.68830000
1.26000000	1.60500000
1.20450000	1.53350000
1.36200000	1.47170000
2.04760000	1.44910000
2.13100000	1.37330000
1.73260000	1.40600000
1.67700000	1.85500000
1.78810000	2.26400000
1.62140000	1.61020000
1.44530000	1.57430000
1.48240000	1.49530000
1.28780000	1.42770000
1.20450000	1.36920000
1.13030000	1.31830000
1.13030000	1.27350000
1.28780000	1.24790000
1.13960000	1.19820000
1.47310000	1.43350000
1.58430000	1.70010000
3.17790000	4.45370000
3.77090000	5.30040000
2.55710000	2.82440000
2.66830000	1.95330000
1.86230000	1.90110000
1.73260000	1.87570000
1.57510000	1.74410000
1.58430000	1.64860000
1.45460000	1.54080000
1.33420000	1.46180000
1.25080000	1.39420000
5.27180000	5.15370000
3.49290000	2.56050000
2.08460000	1.66190000
1.83450000	1.56340000
1.76040000	1.49800000
2.89990000	3.04710000
2.33480000	2.25400000
1.90860000	1.61980000
1.74180000	1.52650000
1.53800000	1.44620000
1.43610000	1.37770000
1.36200000	1.31880000
2.30700000	1.62730000
1.64920000	1.26380000
1.42680000	1.27020000
2.16800000	1.25370000
2.01980000	1.18010000
4.91970000	3.74310000
2.37180000	3.18060000
1.92710000	1.37050000
1.75110000	1.40250000
1.63060000	1.32830000
1.50090000	1.26500000
1.43610000	1.21240000
1.41750000	1.16330000
1.26000000	1.12200000
1.20450000	1.08550000
1.14890000	1.05290000
1.13960000	1.02360000
1.30640000	1.04640000
1.65840000	2.04610000
1.18590000	1.04280000
1.10250000	1.03980000
1.06550000	1.00460000
1.05620000	0.97340000
1.04690000	0.94540000
1.00990000	0.92010000
0.96360000	0.89700000
0.95430000	0.88570000
1.01920000	0.87060000
0.96360000	0.83740000
0.98210000	0.83330000
0.93580000	0.81390000
0.88940000	0.78790000
0.87090000	0.77280000
1.25080000	1.12880000
1.00060000	0.81050000
0.88940000	0.82100000
0.86160000	0.79940000
0.82460000	0.77200000
1.32490000	0.78410000
1.73260000	0.77910000
0.92650000	0.75910000
0.83390000	0.74170000
0.75970000	0.72060000
0.71340000	0.70150000
0.86160000	0.71970000
0.87090000	0.66810000
0.74120000	0.69020000
0.70410000	0.67080000
0.67630000	0.65320000
0.67630000	0.63700000
0.65780000	0.62210000
0.63000000	0.60820000
0.61150000	0.59520000
0.60220000	0.58300000
0.63000000	0.59130000
0.62080000	0.56900000
0.58370000	0.54950000
0.56520000	0.53920000
0.54660000	0.52930000
0.53740000	0.51970000
0.56520000	0.54670000
0.89870000	0.62700000
0.61150000	0.60930000
0.55590000	0.60440000
0.52810000	0.57970000
0.54660000	0.57610000
0.55590000	0.53930000
0.53740000	0.52430000
1.38050000	1.31730000
1.60280000	0.94500000
0.86160000	0.74870000
0.67630000	0.72230000
0.62080000	0.67880000
0.59300000	0.64190000
0.58370000	0.61060000
0.55590000	0.58360000
0.52810000	0.56030000
0.51880000	0.54000000
0.50960000	0.52200000
0.51880000	0.52220000
0.53740000	0.49680000
0.50030000	0.47870000
0.46330000	0.46680000
0.45400000	0.45590000
0.46330000	0.44840000
0.48180000	0.44850000
0.44470000	0.42710000
0.41690000	0.41850000
0.40770000	0.41130000
0.40770000	0.40250000
0.37990000	0.39500000
0.35210000	0.38770000
0.34280000	0.38260000
0.36130000	0.38240000
0.33350000	0.36720000
0.32430000	0.36070000
0.30570000	0.35440000
0.30570000	0.35790000
0.35210000	0.35620000
0.36130000	0.33620000
0.29650000	0.33040000
0.27800000	0.32470000
0.25940000	0.31920000
0.28720000	0.37480000
0.29650000	0.35160000
0.25020000	0.35930000
0.29650000	0.39460000
0.25940000	0.36580000
0.24090000	0.36080000
0.23160000	0.34690000
0.22240000	0.33460000
0.21310000	0.32380000
0.20380000	0.31420000
0.20380000	0.30550000
0.19460000	0.29760000
0.18530000	0.29030000
0.17600000	0.28360000
0.17600000	0.27740000
0.17600000	0.27150000
0.19460000	0.30120000
0.29650000	0.38990000
0.30570000	0.39450000
0.25940000	0.39260000
0.24090000	0.36910000
0.22240000	0.34920000
0.20380000	0.33280000
0.18530000	0.31760000
0.16680000	0.30500000
0.15750000	0.29400000
0.15750000	0.28430000
0.15750000	0.27560000
0.16680000	0.27020000
0.17600000	0.28770000
0.16680000	0.25450000
0.15750000	0.25610000
0.14820000	0.24950000
0.13900000	0.24340000
0.12970000	0.23780000
0.12970000	0.23250000
0.12970000	0.22760000
0.13900000	0.24080000
0.15750000	0.23150000
0.14820000	0.21670000
0.13900000	0.21230000
0.14820000	0.20810000
0.27800000	0.29590000
0.20380000	0.27930000
0.33350000	0.46800000
0.57440000	0.62580000
0.26870000	0.57720000
0.21310000	0.55200000
0.19460000	0.50300000
0.19460000	0.46230000
0.18530000	0.42850000
0.17600000	0.40020000
0.20380000	0.40030000
0.25020000	0.35630000
0.20380000	0.34730000
0.16680000	0.33140000
0.17600000	0.31770000
0.17600000	0.30570000
0.15750000	0.31910000
0.15750000	0.28590000
0.12970000	0.29160000
0.13900000	0.28210000
0.12040000	0.27360000
0.14820000	0.26850000
0.17600000	0.25900000
0.19460000	0.38100000
0.47250000	1.38700000
0.47250000	0.68930000
0.25940000	0.63820000
0.21310000	0.60380000
0.20380000	0.55330000
0.19460000	0.51130000
0.19460000	0.47620000
0.17600000	0.45970000
0.18530000	0.42190000
0.16680000	0.40080000
0.16680000	0.38720000
0.15750000	0.36700000
0.15750000	0.35340000
0.15750000	0.34140000
0.16680000	0.33070000
0.16680000	0.32120000
0.17600000	0.31260000
0.14820000	0.30510000
0.19460000	0.39010000
0.21310000	0.36880000
0.16680000	0.39500000
0.15750000	0.37110000
0.15750000	0.35360000
0.15750000	0.33860000
0.15750000	0.32550000
0.14820000	0.31410000
0.14820000	0.30390000
0.14820000	0.29490000
0.13900000	0.28670000
0.13900000	0.28430000
0.13900000	0.27250000
0.13900000	0.26620000
0.13900000	0.26040000
0.14820000	0.25490000
0.14820000	0.28760000
0.15750000	0.24470000
0.16680000	0.28140000
0.19460000	0.33090000
0.25940000	0.30660000
0.18530000	0.33690000
0.17600000	0.31820000
0.17600000	0.30230000
0.16680000	0.28870000
0.16680000	0.27690000
0.26870000	0.35770000
0.32430000	0.45400000
0.37990000	0.53020000
0.30570000	0.50090000
0.23160000	0.49610000
0.22240000	0.45730000
0.21310000	0.42490000
0.23160000	0.47990000
0.53740000	0.55930000
0.52810000	0.53100000
0.32430000	0.52140000
0.26870000	0.48180000
0.24090000	0.45010000
2.51080000	1.64710000
7.22670000	7.78010000
1.32490000	0.95180000
0.85240000	0.89150000
0.60220000	0.82020000
0.48180000	0.74980000
0.40770000	0.69140000
0.81530000	0.72620000
1.00990000	0.71520000
0.61150000	0.69380000
0.48180000	0.65300000
0.41690000	0.62910000
0.38910000	0.59300000
0.37060000	0.56240000
0.36130000	0.53630000
1.10250000	0.77920000
0.70410000	0.57750000
0.51880000	0.59540000
0.43550000	0.56390000
0.42620000	0.53700000
0.40770000	0.51390000
0.37990000	0.49790000
0.37990000	0.47630000
0.40770000	0.47940000
0.50960000	0.47840000
0.42620000	0.46960000
0.37060000	0.47310000
0.38910000	0.46600000
0.41690000	0.44080000
0.39840000	0.43530000
0.37990000	0.42210000
0.35210000	0.41020000
0.34280000	0.40570000
0.35210000	0.42380000
0.46330000	0.45390000
0.42620000	0.46000000
0.40770000	0.45710000
0.38910000	0.45180000
0.37060000	0.43240000
0.35210000	0.41560000
0.34280000	0.40080000
0.33350000	0.38780000
0.34280000	0.37620000
0.33350000	0.36580000
0.33350000	0.35630000
0.33350000	0.34800000
0.50960000	0.39090000
0.54660000	0.37080000
2.20510000	1.94890000
1.15810000	0.51550000
0.84310000	0.54820000
0.83390000	0.49880000
0.70410000	0.56430000
0.74120000	0.57160000
0.68560000	0.69440000
0.61150000	0.84240000
0.60220000	0.78370000
0.71340000	0.70400000
0.78750000	0.79670000
0.69490000	0.73270000
0.63930000	0.68730000
0.67630000	0.64030000
14.26810000	8.57910000
5.07720000	7.88850000
2.08460000	2.44410000
1.50090000	1.93030000
1.22300000	1.72660000
1.09330000	1.57620000
0.93580000	1.41990000
1.39900000	1.39750000
4.51210000	3.95760000
1.85300000	4.98560000
2.03830000	2.66330000
1.42680000	1.94940000
1.23220000	1.92920000
1.05620000	1.76070000
0.97280000	1.62100000
7.20820000	7.30830000
3.84500000	7.68790000
2.37180000	3.41240000
1.79740000	2.32800000
1.54730000	2.23000000
10.84010000	7.98550000
4.48430000	8.79280000
2.52010000	3.92680000
1.90860000	2.63750000
1.57510000	2.41400000
1.40830000	2.22410000
1.32490000	2.06590000
1.90860000	3.56570000
6.65230000	9.39850000
2.97410000	5.97610000
2.06610000	2.57850000
1.73260000	2.45890000
1.51020000	2.27730000
1.36200000	2.12550000
1.36200000	1.99790000
3.20570000	2.69300000
1.63060000	3.02620000
1.38980000	1.96490000
1.22300000	1.86270000
1.15810000	1.77300000
1.83450000	2.29970000
12.04450000	9.10260000
3.23350000	5.79440000
2.42740000	2.43120000
2.04760000	2.30480000
1.67700000	2.22940000
4.38230000	4.26740000
12.41510000	11.93870000
3.97470000	7.04560000
2.72390000	2.87310000
2.27920000	2.70750000
2.02900000	2.50400000
1.90860000	2.35390000
1.73260000	2.19130000
3.92840000	5.23930000
3.28910000	5.62670000
2.73320000	2.34450000
2.18650000	2.41160000
1.95490000	2.25710000
4.30820000	2.91240000
9.91360000	12.39430000
4.18780000	8.46280000
2.70540000	2.82740000
2.25140000	2.74720000
2.01980000	2.54810000
1.93640000	2.38160000
1.74180000	2.24140000
1.60280000	2.12260000
1.49170000	2.02120000
1.84370000	2.37950000
9.45030000	8.13880000
3.65040000	5.58130000
19.45650000	11.55540000
6.11490000	10.33060000
3.79870000	3.00710000
3.02040000	3.02370000
2.59420000	2.78630000
2.27920000	2.58840000
2.09390000	2.42260000
1.92710000	2.28290000
1.75110000	2.16440000
1.63060000	2.06310000
1.51950000	1.97590000
4.32680000	6.75100000
4.29900000	8.43070000
2.31630000	3.34270000
2.14020000	1.96530000
1.95490000	1.87830000
1.78810000	1.80760000
1.67700000	1.74540000
1.62140000	1.69030000
6.23530000	4.43660000
4.03030000	6.78540000
2.35330000	2.80100000
2.01980000	1.70910000
1.79740000	1.64730000
1.69550000	1.59280000
1.63990000	1.55040000
1.50090000	1.50080000
1.53800000	1.46120000
1.62140000	1.46050000
2.29770000	3.15970000
4.10440000	5.98860000
2.07540000	2.35830000
1.76960000	1.51080000
1.61210000	1.45550000
1.50090000	1.40680000
1.34340000	1.36350000
1.27860000	1.32970000
1.30640000	1.32310000
1.14890000	1.25730000
1.09330000	1.26360000
1.08400000	1.23990000
1.17670000	1.22660000
2.03830000	3.81920000
1.97340000	2.75490000
1.97340000	2.95800000
3.41880000	3.15390000
3.78010000	5.56840000
2.28850000	2.43890000
5.85550000	5.94720000
3.95620000	5.03150000
2.67760000	2.89940000
3.18720000	3.08130000
6.69860000	8.71400000
4.87340000	5.88540000
3.08520000	2.65400000
2.59420000	2.42530000
2.30700000	2.23440000
2.09390000	2.07530000
1.84370000	1.94210000
1.65840000	1.82980000
1.52870000	1.73460000
1.44530000	1.65330000
1.31560000	1.58320000
1.25080000	1.52230000
1.18590000	1.46900000
1.21370000	1.42990000
1.13030000	1.38150000
1.07470000	1.34170000
1.02840000	1.30710000
0.96360000	1.27530000
1.00990000	1.26100000
0.92650000	1.21860000
1.12110000	1.25010000
0.89870000	1.21290000
0.84310000	1.20500000
0.80610000	1.17700000
0.76900000	1.14410000
0.76900000	1.12300000
0.73190000	1.09380000
0.74120000	1.07650000
0.68560000	1.04930000
0.73190000	1.04760000
0.77830000	1.01900000
1.48240000	1.75950000
1.84370000	1.21180000
2.13100000	1.22140000
1.00060000	1.17330000
1.13960000	1.13300000
2.75170000	1.14180000
1.03770000	1.09040000
0.99140000	1.09360000
1.48240000	1.07730000
0.91720000	1.00250000
0.79680000	0.99550000
3.27050000	1.00130000
7.49540000	3.16400000
1.43610000	1.06690000
1.05620000	1.05590000
1.00060000	1.01160000
0.86160000	0.98120000
0.83390000	0.93980000
0.84310000	0.92560000
0.95430000	0.90620000
0.72270000	0.85870000
0.67630000	0.83670000
0.65780000	0.81650000
0.66710000	0.80280000
0.62080000	0.78040000
0.60220000	0.76390000
1.43610000	3.57810000
0.98210000	0.95910000
0.72270000	0.93730000
0.63000000	0.89390000
0.58370000	0.85650000
0.55590000	0.82390000
0.52810000	0.79530000
0.51880000	0.77000000
0.53740000	0.74740000
0.55590000	0.74690000
0.53740000	0.70840000
0.48180000	0.69130000
0.46330000	0.67550000
0.44470000	0.66070000
0.43550000	0.64680000
0.43550000	0.69050000
0.50030000	0.70790000
0.41690000	0.68620000
0.40770000	0.66390000
0.42620000	0.64410000
0.38910000	0.62620000
0.37060000	0.60990000
0.36130000	0.59500000
0.80610000	1.44510000
0.53740000	0.76950000
0.42620000	0.76470000
0.38910000	0.72500000
0.37990000	0.69110000
0.36130000	0.66190000
0.34280000	0.63650000
0.32430000	0.61430000
0.33350000	0.59460000
0.32430000	0.57700000
2.34400000	1.36080000
2.92770000	0.91830000
0.62080000	0.86820000
0.48180000	0.83180000
0.44470000	0.78260000
0.43550000	0.74740000
0.41690000	0.69900000
0.72270000	0.76330000
0.70410000	0.74270000
0.50030000	0.72990000
0.40770000	0.69310000
0.38910000	0.66150000
0.37990000	0.63430000
0.36130000	0.61060000
0.34280000	0.58980000
0.32430000	0.57130000
0.35210000	0.59450000
0.35210000	0.53970000
0.30570000	0.56570000
0.29650000	0.54740000
0.29650000	0.53120000
0.28720000	0.51650000
0.27800000	0.50320000
0.39840000	0.52670000
0.41690000	0.47960000
0.31500000	0.49810000
0.28720000	0.48410000
0.26870000	0.47130000
0.25940000	0.45960000
0.30570000	0.48990000
0.29650000	0.43880000
0.26870000	0.47790000
0.26870000	0.46210000
0.25940000	0.44810000
0.25020000	0.43540000
0.24090000	0.42400000
0.24090000	0.41350000
0.24090000	0.40380000
0.23160000	0.39480000
0.25020000	0.38640000
0.23160000	0.37840000
0.24090000	0.37080000
0.25020000	0.36360000
0.25020000	0.44180000
0.37990000	0.42450000
0.26870000	0.44070000
0.25940000	0.43590000
0.30570000	0.40670000
0.27800000	0.38960000
0.25020000	0.38280000
0.24090000	0.36510000
0.23160000	0.35480000
0.23160000	0.34540000
0.21310000	0.33680000
0.21310000	0.32890000
0.30570000	0.41070000
0.35210000	0.39410000
0.29650000	0.41050000
0.27800000	0.39040000
1.65840000	1.99050000
1.18590000	0.81530000
0.64860000	0.82360000
0.52810000	0.76200000
0.40770000	0.72720000
0.37990000	0.66850000
0.35210000	0.61960000
0.33350000	0.57870000
0.31500000	0.54430000
0.30570000	0.51520000
0.31500000	0.49040000
0.30570000	0.46900000
0.29650000	0.45060000
0.27800000	0.43440000
0.28720000	0.45440000
0.27800000	0.40740000
0.28720000	0.43080000
0.28720000	0.41550000
0.28720000	0.40190000
0.27800000	0.38990000
0.28720000	0.38280000
0.27800000	0.36920000
0.27800000	0.36010000
0.27800000	0.35170000
0.26870000	0.34400000
0.27800000	0.33660000
0.27800000	0.32970000
0.26870000	0.32320000
0.25940000	0.31690000
0.25940000	0.31090000
0.26870000	0.30510000
0.25940000	0.29950000
0.26870000	0.29410000
0.26870000	0.28880000
0.33350000	0.31840000
0.40770000	0.27870000
0.30570000	0.30920000
0.29650000	0.29940000
0.29650000	0.29070000
0.27800000	0.28280000
0.27800000	0.27560000
0.27800000	0.26900000
0.26870000	0.26290000
0.27800000	0.25710000
0.29650000	0.26120000
0.28720000	0.24660000
0.26870000	0.24180000
0.26870000	0.23710000
0.26870000	0.23270000
0.33350000	0.30420000
0.42620000	0.28880000
0.31500000	0.30900000
0.29650000	0.29300000
0.29650000	0.27940000
0.28720000	0.26770000
0.27800000	0.25750000
0.26870000	0.24850000
0.27800000	0.24060000
0.27800000	0.23350000
0.27800000	0.22710000
0.27800000	0.22130000
0.28720000	0.24580000
0.39840000	0.25560000
0.36130000	0.25840000
0.30570000	0.27300000
0.29650000	0.25940000
0.27800000	0.24770000
0.27800000	0.23760000
0.27800000	0.22870000
0.26870000	0.22100000
0.26870000	0.21410000
0.26870000	0.20790000
0.26870000	0.20240000
0.25940000	0.19730000
0.25940000	0.19260000
0.26870000	0.19720000
0.26870000	0.18410000
0.25940000	0.18080000
0.25940000	0.17720000
0.25940000	0.17370000
0.28720000	0.17040000
0.28720000	0.17120000
0.28720000	0.19030000
0.35210000	0.16110000
0.27800000	0.19770000
0.25940000	0.18930000
0.22240000	0.18210000
3.90980000	0.17580000
1.23220000	0.17020000
0.46330000	0.16520000
0.51880000	0.16060000
0.55590000	0.15650000
0.74120000	0.15270000
0.90800000	0.14920000
2.10320000	0.14600000
0.72270000	0.14290000
0.69490000	0.14000000
1.87150000	0.16700000
1.35270000	0.16120000
1.13960000	0.17290000
1.73260000	0.16930000
1.78810000	0.19630000
9.35770000	4.05050000
3.76160000	3.62230000
1.52870000	1.41860000
1.17670000	0.73020000
1.11180000	0.82230000
1.34340000	3.59920000
5.55900000	8.86000000
2.15870000	3.66400000
1.24150000	1.21610000
0.94500000	1.16790000
0.81530000	1.04710000
0.69490000	0.94760000
0.61150000	0.86540000
0.55590000	0.79720000
0.52810000	0.74040000
2.03830000	2.74760000
1.51020000	1.12530000
0.98210000	1.15360000
0.83390000	1.08450000
0.71340000	1.00070000
0.75050000	0.93160000
1.20450000	0.93940000
0.88940000	0.95470000
0.74120000	1.05270000
0.64860000	0.97410000
0.63930000	0.90930000
0.70410000	0.86990000
0.59300000	0.80640000
0.54660000	0.77360000
0.53740000	0.73850000
0.57440000	0.73530000
1.71400000	3.10850000
1.29710000	1.19240000
0.91720000	1.12580000
0.75970000	1.04000000
0.63930000	0.96830000
0.57440000	0.90820000
0.53740000	0.85800000
0.50030000	0.81480000
0.50960000	0.79200000
0.51880000	0.74550000
0.94500000	1.61060000
1.15810000	2.11320000
0.75050000	0.99880000
0.71340000	1.08240000
2.36260000	3.16900000
1.43610000	1.62070000
1.49170000	1.39530000
1.60280000	1.27370000
1.04690000	1.26930000
0.96360000	1.25940000
0.96360000	1.16910000
0.96360000	1.09330000
0.84310000	1.04510000
0.75050000	0.97800000
0.76900000	0.95570000
1.06550000	3.62710000
1.75110000	1.60380000
2.03830000	1.32870000
1.86230000	1.23190000
1.22300000	1.15060000
1.03770000	1.08220000
2.09390000	1.05010000
3.15010000	2.39320000
1.61210000	1.22590000
1.38050000	1.00570000
1.24150000	0.95840000
1.05620000	0.91760000
0.95430000	0.88210000
0.90800000	0.85580000
0.84310000	0.82350000
0.75050000	0.79900000
0.69490000	0.77690000
1.03770000	0.80710000
1.26000000	0.83410000
0.90800000	0.81590000
1.08400000	0.81900000
2.32550000	0.83830000
1.26930000	0.79570000
1.05620000	0.80090000
0.93580000	0.77070000
1.06550000	0.77860000
1.69550000	3.08420000
2.04760000	2.03040000
2.20510000	2.08700000
1.46390000	0.90310000
1.14890000	1.06490000
1.01920000	0.99670000
1.02840000	0.94640000
0.92650000	0.89100000
0.83390000	0.83860000
0.77830000	0.80140000
0.80610000	0.78810000
0.76900000	0.74900000
0.81530000	0.78100000
0.81530000	0.75110000
0.79680000	0.78220000
0.66710000	0.72610000
0.63930000	0.72280000
0.60220000	0.69700000
0.57440000	0.67420000
0.55590000	0.65380000
0.52810000	0.63550000
0.50960000	0.61890000
0.49100000	0.60370000
0.47250000	0.58980000
0.52810000	0.57910000
0.48180000	0.56420000
0.47250000	0.55260000
0.49100000	0.55200000
0.87090000	0.64960000
0.71340000	0.60950000
0.50030000	0.61430000
0.46330000	0.59070000
0.44470000	0.57010000
0.48180000	0.59250000
0.45400000	0.53550000
0.41690000	0.56830000
0.38910000	0.54810000
0.38910000	0.53030000
0.38910000	0.51440000
0.37990000	0.50000000
0.37060000	0.48700000
0.35210000	0.47510000
0.34280000	0.46410000
0.49100000	0.51590000
0.54660000	0.59770000
0.61150000	0.62100000
0.39840000	0.58780000
0.36130000	0.55800000
0.33350000	0.53250000
0.32430000	0.51050000
0.30570000	0.49130000
0.28720000	0.47450000
0.27800000	0.45960000
0.28720000	0.44630000
0.50030000	0.49680000
0.33350000	0.46850000
0.28720000	0.48100000
0.26870000	0.46220000
0.25940000	0.44570000
0.25020000	0.43120000
0.23160000	0.41830000
0.21310000	0.40660000
0.23160000	0.40650000
0.25940000	0.38630000
0.21310000	0.38390000
0.33350000	0.40830000
0.36130000	0.42090000
0.26870000	0.41090000
0.25940000	0.44180000
0.38910000	0.45680000
0.28720000	0.44130000
0.24090000	0.43180000
0.27800000	0.43280000
0.27800000	0.39630000
0.23160000	0.38190000
0.21310000	0.36920000
0.18530000	0.35790000
0.18530000	0.34780000
0.17600000	0.33860000
0.16680000	0.33250000
0.18530000	0.34130000
0.17600000	0.31520000
0.15750000	0.30850000
0.16680000	0.30350000
0.25940000	0.35150000
0.20380000	0.32790000
0.16680000	0.33220000
0.13900000	0.32040000
0.12970000	0.31000000
0.11120000	0.30070000
0.11120000	0.29230000
0.11120000	0.28740000
0.11120000	0.27780000
0.12040000	0.27130000
0.12040000	0.27530000
0.12970000	0.25970000
0.11120000	0.25440000
0.11120000	0.24930000
0.11120000	0.24450000
0.10190000	0.23980000
0.09270000	0.23540000
0.08340000	0.23100000
0.07880000	0.22690000
2.11240000	0.35740000
0.47250000	0.33750000
0.24090000	0.33660000
0.20380000	0.31920000
0.19460000	0.29980000
0.18530000	0.28540000
0.16680000	0.27310000
0.17600000	0.28370000
0.15750000	0.25300000
0.17600000	0.25470000
0.40770000	0.28150000
0.38910000	0.26400000
0.21310000	0.25890000
0.15750000	0.24870000
0.14820000	0.23980000
0.12970000	0.23200000
0.12040000	0.22500000
0.12040000	0.22910000
0.12040000	0.21320000
0.11120000	0.20780000
0.10190000	0.20290000
0.09270000	0.19840000
0.08800000	0.19420000
0.08430000	0.26970000
0.08430000	0.25020000
0.08060000	0.26550000
0.08430000	0.25090000
0.08060000	0.23850000
0.07410000	0.22790000
0.08150000	0.22580000
0.38910000	1.05050000
0.18530000	0.55890000
0.12970000	0.52730000
0.13900000	0.52410000
0.15750000	0.58490000
0.39840000	0.73520000
1.69550000	0.73640000
0.35210000	0.67450000
0.22240000	0.62950000
0.17600000	0.57640000
0.15750000	0.53230000
0.14820000	0.49560000
0.13900000	0.46470000
0.12970000	0.43860000
0.12970000	0.41650000
0.16680000	0.48060000
0.25940000	0.52800000
0.50960000	1.19360000
0.33350000	0.66360000
0.21310000	0.64300000
0.20380000	0.62110000
0.18530000	0.55380000
0.15750000	0.53610000
0.14820000	0.50500000
0.13900000	0.47860000
0.15750000	0.54750000
6.96730000	10.30580000
4.56760000	7.34160000
0.75970000	1.13240000
0.52810000	1.05600000
0.41690000	0.96000000
0.46330000	0.93640000
0.57440000	1.10440000
0.44470000	0.87790000
0.35210000	0.84350000
0.29650000	0.78680000
0.26870000	0.73920000
0.25940000	0.69890000
0.39840000	0.71620000
0.57440000	0.70640000
5.86470000	7.52840000
1.23220000	1.82040000
0.77830000	0.89750000
0.60220000	0.83650000
0.83390000	0.84880000
2.09390000	1.92790000
0.91720000	0.83430000
0.69490000	0.82370000
0.59300000	0.77580000
0.54660000	0.73520000
5.23470000	5.29190000
2.07540000	1.01460000
1.13960000	1.09890000
0.89870000	1.01320000
0.76900000	0.94860000
0.68560000	0.88190000
0.63000000	0.83140000
0.61150000	0.78860000
0.60220000	0.76140000
0.52810000	0.72040000
0.56520000	0.72780000
0.62080000	0.66890000
0.52810000	0.69290000
0.50960000	0.67110000
0.47250000	0.64480000
0.44470000	0.62480000
0.43550000	0.60690000
0.41690000	0.59070000
0.39840000	0.57580000
0.38910000	0.56220000
0.38910000	0.54950000
0.38910000	0.53760000
0.38910000	0.52650000
0.39840000	0.53670000
0.57440000	0.55020000
0.45400000	0.53910000
0.39840000	0.55830000
0.38910000	0.53940000
0.37990000	0.52260000
0.37060000	0.50750000
0.37060000	0.49390000
0.37060000	0.48150000
0.37060000	0.47000000
0.36130000	0.45940000
0.35210000	0.44940000
0.35210000	0.44010000
0.35210000	0.43120000
0.34280000	0.42270000
0.33350000	0.41460000
0.32430000	0.40680000
0.32430000	0.39930000
0.32430000	0.39200000
0.34280000	0.39000000
0.35210000	0.37810000
0.35210000	0.37640000
0.35210000	0.36560000
0.35210000	0.37710000
0.37990000	0.81330000
0.77830000	2.52100000
0.54660000	0.54530000
0.41690000	0.53710000
0.37990000	0.50470000
0.36130000	0.47730000
0.35210000	0.45400000
0.34280000	0.43400000
0.35210000	0.41660000
0.35210000	0.40150000
0.52810000	1.29720000
0.73190000	0.70910000
0.46330000	0.78500000
0.40770000	0.72080000
0.90800000	0.69010000
1.36200000	3.04190000
0.68560000	1.00890000
0.60220000	1.16770000
5.82770000	5.92160000
3.58560000	5.05290000
1.43610000	1.82570000
1.06550000	1.82690000
0.90800000	1.64040000
0.79680000	1.48680000
0.85240000	1.38310000
1.03770000	1.59140000
0.79680000	1.33360000
0.69490000	1.31020000
0.64860000	1.21780000
0.58370000	1.14030000
0.66710000	1.07500000
0.56520000	1.01960000
0.58370000	0.97220000
0.54660000	0.93190000
0.59300000	0.89780000
0.49100000	0.86480000
0.49100000	0.83720000
0.48180000	0.81260000
0.50030000	0.80040000
0.50030000	0.78900000
0.50030000	0.88860000
0.43550000	0.84640000
0.42620000	0.90830000
0.42620000	0.86640000
0.41690000	0.83020000
0.75970000	1.87190000
1.22300000	3.79650000
0.72270000	1.78280000
0.63000000	1.46140000
0.54660000	1.37210000
0.50960000	1.26810000
0.51880000	1.18130000
0.48180000	1.10840000
0.42620000	1.04690000
0.40770000	0.99450000
0.38910000	0.95020000
0.37060000	0.91140000
0.34280000	0.87760000
0.36130000	0.84790000
0.41690000	0.82160000
0.42620000	0.79790000
0.42620000	0.77650000
0.38910000	0.75700000
0.37060000	0.73900000
0.34280000	0.72230000
0.32430000	0.70670000
0.35210000	0.69200000
0.38910000	0.67800000
0.41690000	0.66470000
0.40770000	0.65200000
0.40770000	0.63970000
0.40770000	0.62790000
0.41690000	0.61650000
0.39840000	0.60540000
0.41690000	0.59460000
0.44470000	0.58410000
0.51880000	0.57390000
0.76900000	1.26430000
1.55650000	0.64690000
0.99140000	0.64500000
2.43670000	1.82800000
3.55780000	3.60920000
2.66830000	3.13640000
2.32550000	3.19030000
1.66770000	1.67790000
9.26500000	7.65900000
4.40090000	6.37050000
2.41820000	2.33230000
1.91790000	2.56490000
1.71400000	2.95880000
1.61210000	2.15500000
1.49170000	2.12690000
1.34340000	1.97530000
1.27860000	1.81720000
5.29030000	4.26870000
1.92710000	2.74590000
1.55650000	1.86580000
1.37120000	1.73380000
1.18590000	1.62160000
1.08400000	1.52720000
1.01920000	1.44710000
0.92650000	1.37870000
0.86160000	1.31990000
0.84310000	1.26880000
0.81530000	1.22410000
0.77830000	1.18450000
1.26930000	1.29150000
2.18650000	5.38750000
1.21370000	1.82360000
1.01920000	1.25180000
0.93580000	1.20130000
0.90800000	1.15660000
2.55710000	1.39310000
1.37120000	1.12300000
1.16740000	1.13410000
1.09330000	1.09390000
9.82090000	4.99730000
11.67390000	14.03920000
3.68750000	7.05270000
2.62200000	2.43580000
2.14020000	2.21810000
1.86230000	2.02950000
1.63990000	1.87380000
2.74240000	2.08360000
1.76040000	1.67020000
1.46390000	1.60070000
1.32490000	1.51370000
1.22300000	1.43940000
1.16740000	1.37560000
1.14890000	1.32160000
1.60280000	1.44740000
1.26930000	1.26690000
1.09330000	1.24970000
1.00990000	1.20740000
1.45460000	1.18280000
4.64180000	4.91800000
1.86230000	1.72340000
1.51950000	1.25100000
1.39900000	1.20420000
1.23220000	1.15750000
1.16740000	1.11890000
1.13030000	1.08450000
1.14890000	1.06800000
2.35330000	2.33490000
5.76280000	6.42140000
3.60410000	3.44860000
2.27920000	1.24870000
3.43730000	1.73780000
5.69800000	3.68920000
3.22420000	2.42700000
2.39960000	1.76590000
2.02900000	1.67270000
1.80670000	1.55490000
1.67700000	1.46120000
1.57510000	1.37300000
1.43610000	1.30240000
1.30640000	1.24200000
1.21370000	1.19000000
1.23220000	1.16450000
1.11180000	1.10500000
1.03770000	1.06980000
1.00990000	1.03840000
1.04690000	1.04870000
0.94500000	0.98410000
0.88020000	0.98360000
0.83390000	0.95820000
1.48240000	0.95040000
1.72330000	0.96430000
0.94500000	0.92940000
0.88940000	0.92020000
1.06550000	0.93790000
0.78750000	0.90020000
0.73190000	0.88830000
0.71340000	0.87140000
0.69490000	0.84220000
0.74120000	0.86260000
0.82460000	0.86260000
0.77830000	0.86400000
0.79680000	0.86830000
0.83390000	0.86040000
1.37120000	1.10220000
1.02840000	0.92520000
0.77830000	0.88800000
0.72270000	0.86090000
0.98210000	0.86200000
2.26990000	1.35370000
1.09330000	0.88670000
0.88940000	0.88040000
0.80610000	0.84210000
0.75050000	0.80880000
0.66710000	0.77980000
0.62080000	0.75410000
0.64860000	0.73130000
0.73190000	0.79720000
0.70410000	0.77530000
0.58370000	0.76640000
0.54660000	0.73790000
0.51880000	0.71290000
0.48180000	0.69070000
0.47250000	0.67080000
0.57440000	0.67630000
0.55590000	0.64640000
0.54660000	0.65670000
0.69490000	0.68280000
0.55590000	0.65950000
0.49100000	0.68020000
0.47250000	0.65590000
0.44470000	0.61820000
0.55590000	0.60020000
2.34400000	2.02520000
0.72270000	0.72140000
0.56520000	0.72200000
0.52810000	0.68670000
1.21370000	0.75090000
0.69490000	0.71230000
1.74180000	0.74350000
1.81590000	0.72210000
1.60280000	0.70850000
0.82460000	0.66660000
0.64860000	0.63800000
0.59300000	0.61310000
0.59300000	0.61230000
0.55590000	0.57220000
0.48180000	0.55500000
0.44470000	0.54310000
0.40770000	0.52550000
0.38910000	0.51270000
0.48180000	0.53410000
0.48180000	0.49480000
0.41690000	0.49630000
0.42620000	0.48590000
0.83390000	0.51200000
1.06550000	2.13060000
0.82460000	0.73870000
0.58370000	0.71130000
0.50030000	0.66400000
1.36200000	0.71220000
1.49170000	0.73070000
0.75970000	0.69210000
0.61150000	0.66330000
0.54660000	0.62560000
0.53740000	0.60530000
0.57440000	0.58170000
0.52810000	0.57670000
0.83390000	0.57290000
0.66710000	0.55450000
1.17670000	0.63050000
0.76900000	0.60400000
1.81590000	0.62760000
1.23220000	0.62230000
0.77830000	0.59860000
0.67630000	0.57360000
0.67630000	0.56550000
0.58370000	0.52520000
0.58370000	0.52240000
0.74120000	0.52960000
0.56520000	0.47340000
0.57440000	0.50240000
0.51880000	0.47460000
0.46330000	0.45970000
0.43550000	0.44630000
0.44470000	0.45460000
0.44470000	0.42570000
0.42620000	0.41380000
0.38910000	0.40370000
0.36130000	0.39490000
0.36130000	0.39400000
0.39840000	0.38880000
0.36130000	0.37130000
0.34280000	0.36420000
0.32430000	0.35730000
0.31500000	0.35070000
0.33350000	0.35370000
0.34280000	0.33810000
0.31500000	0.33210000
0.30570000	0.32620000
0.80610000	0.42350000
0.43550000	0.40730000
0.40770000	0.44150000
0.39840000	0.43570000
0.64860000	0.68880000
0.59300000	0.61510000
0.71340000	0.57930000
1.21370000	0.55590000
0.47250000	0.51830000
0.37990000	0.48670000
0.36130000	0.46010000
0.33350000	0.43740000
0.33350000	0.42100000
0.33350000	0.40100000
0.31500000	0.38630000
0.34280000	0.38570000
0.65780000	0.40500000
0.45400000	0.38020000
3.26130000	0.53860000
0.72270000	0.50840000
0.53740000	0.52190000
0.45400000	0.48860000
2.80730000	0.60810000
4.45650000	2.77460000
0.97280000	0.74170000
0.70410000	0.70550000
0.63000000	0.68800000
0.61150000	0.65110000
0.87090000	0.67680000
4.40090000	5.70960000
1.66770000	1.19490000
1.11180000	0.83550000
0.91720000	0.78620000
0.80610000	0.72800000
0.75050000	0.67940000
0.71340000	0.63860000
0.65780000	0.60400000
0.61150000	0.57460000
0.57440000	0.54930000
0.57440000	0.53180000
0.54660000	0.50830000
0.49100000	0.49140000
0.49100000	0.47640000
0.49100000	0.46870000
0.50030000	0.45070000
0.47250000	0.43960000
0.45400000	0.42920000
0.44470000	0.41960000
0.43550000	0.41060000
0.44470000	0.40220000
0.44470000	0.40570000
0.50960000	0.42120000
0.53740000	0.40830000
0.45400000	0.41970000
0.44470000	0.40630000
0.43550000	0.39420000
0.41690000	0.38340000
0.40770000	0.37350000
0.40770000	0.36450000
0.41690000	0.35610000
0.41690000	0.34820000
0.40770000	0.34090000
0.38910000	0.33390000
0.37990000	0.32730000
0.37990000	0.32100000
0.37990000	0.31490000
0.37060000	0.30910000
0.37990000	0.30340000
0.37060000	0.29790000
0.37990000	0.29260000
0.37060000	0.28740000
0.37060000	0.28240000
0.37060000	0.27740000
0.38910000	0.27580000
0.63000000	0.35950000
0.56520000	0.34240000
0.42620000	0.36750000
0.40770000	0.34830000
0.40770000	0.35160000
0.42620000	0.31780000
0.39840000	0.32340000
0.38910000	0.31010000
0.37990000	0.29860000
0.37060000	0.28840000
0.37060000	0.27940000
0.37990000	0.27140000
0.37060000	0.26410000
0.39840000	0.25740000
0.39840000	0.25130000
0.43550000	0.24560000
0.73190000	0.57520000
0.76900000	0.33580000
0.50960000	0.35460000
0.44470000	0.33340000
0.50030000	0.33620000
0.46330000	0.30020000
0.41690000	0.31180000
0.39840000	0.29700000
0.41690000	0.28420000
0.50960000	0.27310000
0.49100000	0.26340000
0.52810000	0.25480000
0.37060000	0.24720000
0.38910000	0.24030000
0.42620000	0.23410000
0.35210000	0.22830000
0.35210000	0.22300000
0.43550000	0.21810000
1.79740000	0.21390000
1.47310000	0.20960000
0.97280000	0.20930000
15.93580000	12.59040000
2.62200000	2.89190000
1.50090000	0.65170000
1.26000000	0.58950000
1.06550000	0.53660000
0.92650000	0.49280000
0.83390000	0.45640000
0.75970000	0.42600000
0.70410000	0.40040000
0.65780000	0.37870000
0.62080000	0.36030000
0.59300000	0.34440000
0.57440000	0.33070000
0.55590000	0.31870000
0.55590000	0.30810000
0.53740000	0.29870000
0.55590000	0.29030000
0.55590000	0.28260000
0.57440000	0.27560000
0.55590000	0.26920000
0.54660000	0.26320000
0.51880000	0.25760000
0.51880000	0.25220000
0.51880000	0.24720000
0.57440000	0.24240000
0.50960000	0.26310000
0.47250000	0.28320000
0.50960000	0.29040000
0.49100000	0.31230000
0.46330000	0.32380000
0.53740000	0.38030000
0.51880000	0.49320000
0.50030000	0.55300000
2.28850000	2.39680000
3.87280000	4.74590000
1.63060000	1.55560000
1.12110000	1.44080000
1.01920000	1.28220000
0.92650000	1.15200000
0.88020000	1.04470000
0.81530000	0.95600000
0.75970000	0.88230000
0.74120000	0.82080000
0.88940000	0.76930000
4.05810000	4.68810000
3.43730000	4.77670000
2.26070000	1.57000000
1.88080000	1.61770000
1.39900000	1.46250000
1.12110000	1.33420000
1.13960000	1.48470000
1.17670000	2.98310000
1.38050000	1.49110000
1.29710000	1.52950000
1.25080000	1.40420000
1.51950000	1.30010000
1.11180000	1.21300000
0.95430000	1.13990000
0.95430000	1.08270000
1.00060000	1.03910000
1.05620000	0.99570000
1.03770000	1.12990000
1.80670000	1.20700000
1.07470000	1.06550000
0.92650000	1.15600000
0.92650000	1.08880000
0.88940000	1.03180000
0.78750000	0.98370000
0.80610000	0.94180000
0.80610000	0.90550000
0.90800000	1.00530000
1.13030000	0.88110000
0.87090000	0.91670000
0.80610000	0.88020000
0.74120000	0.84830000
0.73190000	0.82010000
0.71340000	0.79510000
0.79680000	0.78810000
1.84370000	3.02900000
1.29710000	1.17520000
1.05620000	1.09020000
0.94500000	1.02180000
0.88940000	0.96890000
0.80610000	0.91480000
0.76900000	0.87270000
0.74120000	0.83650000
1.78810000	1.86010000
1.24150000	0.97360000
1.01920000	0.88830000
1.13960000	0.86310000
1.51020000	0.83970000
1.17670000	0.78900000
0.99140000	0.87130000
0.93580000	0.83060000
2.14020000	2.13370000
3.85420000	4.06450000
1.85300000	1.35490000
1.51950000	1.47050000
1.33420000	1.34610000
1.19520000	1.24280000
1.07470000	1.15660000
1.00990000	1.08430000
1.26000000	1.03200000
10.19150000	7.13460000
2.87220000	3.40660000
2.15870000	1.44340000
1.80670000	1.34360000
1.53800000	1.24180000
1.37120000	1.17110000
1.24150000	1.09790000
1.20450000	1.05200000
1.19520000	1.01540000
1.11180000	0.96030000
1.26000000	0.96300000
1.38980000	0.97460000
1.64920000	1.03360000
1.75110000	1.08400000
1.35270000	0.92780000
1.14890000	0.90910000
1.08400000	0.87460000
2.01980000	2.05740000
1.64920000	1.09210000
1.46390000	0.94290000
1.26000000	0.92180000
1.14890000	1.05480000
1.11180000	0.99480000
1.07470000	0.94390000
1.00990000	0.90040000
0.95430000	0.86280000
0.89870000	0.83010000
0.84310000	0.80150000
0.81530000	0.77610000
0.79680000	0.75330000
0.73190000	0.73280000
0.72270000	0.71410000
0.72270000	0.69690000
0.68560000	0.68100000
0.66710000	0.66610000
0.63000000	0.65210000
0.61150000	0.63890000
0.58370000	0.62630000
0.54660000	0.61420000
0.53740000	0.60260000
0.55590000	0.60350000
0.54660000	0.58060000
0.51880000	0.57020000
0.50960000	0.56000000
0.50030000	0.55010000
0.46330000	0.54040000
0.46330000	0.53100000
0.45400000	0.52170000
0.45400000	0.51270000
0.48180000	0.50390000
0.50960000	0.50960000
0.50030000	0.48860000
0.71340000	0.58310000
0.99140000	0.71360000
1.15810000	0.76590000
0.64860000	0.72260000
0.54660000	0.69820000
0.72270000	0.70980000
0.78750000	0.75330000
0.65780000	0.80030000
0.55590000	0.75090000
0.50960000	0.71580000
0.45400000	0.67530000
0.45400000	0.64110000
0.61150000	0.66580000
0.52810000	0.62760000
0.46330000	0.62620000
0.43550000	0.59820000
0.41690000	0.57480000
0.51880000	0.60540000
0.48180000	0.57520000
0.43550000	0.56560000
0.50960000	0.54420000
0.50030000	0.52530000
0.49100000	0.50870000
0.98210000	0.59450000
0.59300000	0.56820000
0.52810000	0.56630000
0.81530000	0.59820000
1.19520000	0.64030000
0.63930000	0.60860000
0.53740000	0.57730000
0.49100000	0.55050000
0.46330000	0.57560000
0.49100000	0.60050000
8.88510000	1.70440000
1.19520000	0.68480000
0.75970000	0.66590000
0.61150000	0.62640000
0.53740000	0.59290000
0.49100000	0.56440000
0.45400000	0.53980000
0.42620000	0.51860000
0.39840000	0.50000000
0.39840000	0.51290000
0.37060000	0.46890000
0.37060000	0.47740000
0.42620000	0.49170000
0.37990000	0.46320000
0.34280000	0.45300000
0.36130000	0.48860000
0.43550000	0.45940000
0.36130000	0.45400000
0.42620000	0.45190000
0.32430000	0.42520000
0.28720000	0.41300000
0.26870000	0.40200000
0.26870000	0.39190000
0.25020000	0.38260000
0.24090000	0.37400000
0.23160000	0.37350000
0.26870000	0.35830000
0.25020000	0.35110000
0.23160000	0.34420000
0.21310000	0.33760000
0.20380000	0.33130000
0.20380000	0.32520000
0.19460000	0.31930000
0.18530000	0.31740000
0.20380000	0.30800000
0.19460000	0.30250000
0.19460000	0.29990000
0.22240000	0.30260000
0.23160000	0.28690000
0.21310000	0.28200000
0.18530000	0.27710000
0.17600000	0.27230000
0.24090000	0.31670000
0.25940000	0.34440000
0.22240000	0.32940000
0.20380000	0.31640000
0.17600000	0.30400000
0.16680000	0.29310000
0.15750000	0.29300000
0.15750000	0.30740000
0.25940000	0.28580000
0.63930000	0.38850000
0.43550000	0.46820000
0.27800000	0.43950000
0.24090000	0.42600000
0.22240000	0.39730000
0.21310000	0.37330000
0.21310000	0.35290000
0.21310000	0.41790000
0.21310000	0.38790000
0.18530000	0.38940000
0.18530000	0.37050000
0.19460000	0.36570000
0.19460000	0.33220000
0.17600000	0.31830000
0.17600000	0.30620000
0.16680000	0.29560000
0.15750000	0.28620000
0.14820000	0.27780000
0.15750000	0.27020000
0.17600000	0.28080000
0.16680000	0.25690000
0.14820000	0.25100000
0.14820000	0.25320000
0.14820000	0.24040000
0.13900000	0.23550000
0.12970000	0.23080000
0.12970000	0.22640000
0.12040000	0.22210000
0.12970000	0.22790000
0.12970000	0.21400000
0.12040000	0.21010000
0.11120000	0.20640000
0.10190000	0.21400000
0.10190000	0.20870000
0.12040000	0.19570000
0.11120000	0.19230000
0.11120000	0.18900000
0.11120000	0.18570000
0.11120000	0.20950000
0.12970000	0.45220000
0.15750000	0.43040000
0.13900000	0.43410000
0.20380000	0.39690000
1.43610000	3.79820000
0.42620000	0.76290000
0.24090000	0.71440000
0.21310000	0.64420000
0.19460000	0.58640000
0.18530000	0.53830000
0.18530000	0.49840000
0.17600000	0.46510000
0.17600000	0.43710000
0.16680000	0.41340000
0.15750000	0.39320000
0.16680000	0.38080000
0.14820000	0.36080000
0.14820000	0.34770000
0.14820000	0.33620000
0.16680000	0.32590000
0.17600000	0.31670000
0.17600000	0.30830000
0.17600000	0.30070000
0.17600000	0.29360000
0.27800000	0.37550000
0.28720000	0.35440000
0.23160000	0.41710000
0.24090000	0.38540000
0.20380000	0.39340000
0.19460000	0.37190000
0.19460000	0.35360000
0.19460000	0.33800000
0.18530000	0.32440000
0.18530000	0.31250000
0.19460000	0.30210000
0.17600000	0.29280000
0.17600000	0.28450000
0.17600000	0.27690000
0.18530000	0.27000000
0.17600000	0.26370000
0.18530000	0.25780000
0.18530000	0.25220000
0.19460000	0.24700000
0.19460000	0.24200000
0.19460000	0.23730000
0.19460000	0.23280000
0.18530000	0.22840000
0.17600000	0.22420000
0.18530000	0.22010000
0.18530000	0.21620000
0.17600000	0.21230000
0.17600000	0.20860000
0.17600000	0.20490000
0.17600000	0.20130000
0.17600000	0.19780000
0.18530000	0.19440000
0.18530000	0.19110000
0.17600000	0.18780000
0.17600000	0.18460000
0.18530000	0.18140000
0.19460000	0.18330000
0.18530000	0.17520000
0.18530000	0.17230000
0.18530000	0.16930000
0.18530000	0.16940000
0.21310000	0.26720000
0.80610000	0.38020000
0.35210000	0.36730000
0.25940000	0.36670000
0.24090000	0.34190000
0.22240000	0.32070000
0.23160000	0.29980000
0.21310000	0.27850000
0.21310000	0.27250000
0.20380000	0.25800000
0.20380000	0.24570000
0.20380000	0.23500000
0.20380000	0.23480000
0.21310000	0.25720000
0.31500000	0.32190000
0.32430000	0.31620000
0.25940000	0.34670000
0.28720000	0.30110000
0.26870000	0.33120000
0.25940000	0.33610000
0.35210000	0.35710000
0.30570000	0.34420000
0.25020000	0.34560000
0.32430000	0.36550000
0.37990000	0.34120000
0.28720000	0.35920000
0.25020000	0.33560000
0.23160000	0.31580000
0.23160000	0.29900000
0.24090000	0.30660000
0.25940000	0.27230000
0.24090000	0.28650000
0.22240000	0.27360000
0.20380000	0.26250000
0.19460000	0.25280000
0.18530000	0.24430000
0.18530000	0.23680000
0.17600000	0.23000000
0.16680000	0.22380000
0.16680000	0.21820000
0.17600000	0.21300000
0.18530000	0.20820000
0.20380000	0.20420000
0.21310000	0.27370000
0.22240000	0.25760000
0.24090000	0.27700000
0.25020000	0.26190000
0.42620000	0.28580000
0.79680000	0.26560000
0.43550000	0.28000000
0.36130000	0.26450000
0.28720000	0.25140000
0.26870000	0.24010000
0.26870000	0.23040000
0.26870000	0.22190000
0.25940000	0.21490000
0.29650000	0.20830000
0.34280000	0.20230000
0.25940000	0.23470000
0.25940000	0.21550000
0.37990000	0.26990000
0.58370000	0.32340000
0.37990000	0.31410000
0.31500000	0.31710000
0.28720000	0.29550000
0.26870000	0.27730000
0.25940000	0.26200000
0.33350000	0.29480000
0.38910000	0.28180000
0.35210000	0.29170000
0.30570000	0.28550000
0.27800000	0.27390000
0.29650000	0.25960000
0.27800000	0.24740000
0.26870000	0.24670000
0.25020000	0.22770000
0.24090000	0.21970000
0.23160000	0.21290000
0.24090000	0.21640000
0.24090000	0.20060000
0.22240000	0.19540000
0.24090000	0.19070000
0.22240000	0.18630000
0.21310000	0.18210000
0.22240000	0.17830000
0.21310000	0.17460000
0.20380000	0.17120000
0.20380000	0.16790000
0.20380000	0.16740000
0.21310000	0.16160000
0.20380000	0.15870000
0.19460000	0.15580000
0.19460000	0.15300000
0.20380000	0.15030000
0.20380000	0.15670000
0.19460000	0.14510000
0.18530000	0.14250000
0.18530000	0.14260000
0.33350000	0.27590000
0.40770000	0.25940000
0.25940000	0.28300000
0.24090000	0.26080000
0.23160000	0.24220000
0.22240000	0.22670000
0.21310000	0.21400000
0.23160000	0.22380000
0.25020000	0.19300000
0.22240000	0.19450000
0.24090000	0.23030000
0.35210000	0.24150000
0.31500000	0.23400000
0.27800000	0.22960000
0.25020000	0.21910000
0.26870000	0.26280000
0.34280000	0.27910000
1.34340000	1.70690000
1.70480000	2.56430000
0.71340000	0.53140000
0.50960000	0.50330000
0.41690000	0.45640000
0.36130000	0.41770000
0.37060000	0.39760000
0.98210000	1.48800000
0.58370000	0.46470000
0.45400000	0.45300000
0.40770000	0.41870000
0.38910000	0.41070000
0.46330000	0.38240000
0.38910000	0.35380000
0.35210000	0.34980000
0.34280000	0.34390000
0.30570000	0.31660000
0.28720000	0.30350000
0.26870000	0.29210000
0.25940000	0.28220000
0.25940000	0.27390000
0.27800000	0.27810000
0.25940000	0.25820000
0.24090000	0.25160000
0.24090000	0.24640000
0.27800000	0.26790000
0.41690000	0.29660000
0.37990000	0.28270000
0.30570000	0.29060000
0.27800000	0.27740000
0.28720000	0.26590000
0.30570000	0.25600000
0.26870000	0.25350000
0.26870000	0.27030000
0.27800000	0.23260000
0.25020000	0.25660000
0.23160000	0.25760000
0.23160000	0.26500000
0.22240000	0.23020000
0.53740000	1.61880000
0.75050000	0.47620000
0.46330000	0.44520000
0.37990000	0.42730000
0.45400000	0.48510000
0.55590000	0.49290000
0.34280000	0.45680000
0.30570000	0.43140000
0.28720000	0.40130000
0.25940000	0.37610000
0.25940000	0.35760000
0.26870000	0.35280000
0.27800000	0.32650000
0.25940000	0.30810000
0.23160000	0.30190000
0.29650000	0.33900000
0.37060000	0.41670000
0.31500000	0.39650000
0.25940000	0.39850000
0.23160000	0.37380000
0.55590000	1.99520000
0.61150000	0.50750000
0.37060000	0.49620000
0.31500000	0.45960000
0.28720000	0.42910000
0.26870000	0.40330000
0.25020000	0.38160000
0.23160000	0.36300000
0.21310000	0.34710000
0.21310000	0.37170000
0.35210000	0.38520000
0.31500000	0.42160000
0.25940000	0.39580000
0.22240000	0.37520000
0.21310000	0.38320000
0.19460000	0.34140000
0.17600000	0.32790000
0.15750000	0.31600000
0.14820000	0.30560000
0.15750000	0.30590000
0.32430000	0.37610000
0.21310000	0.35360000
0.16680000	0.36140000
0.14820000	0.34310000
0.13900000	0.32750000
0.12970000	0.31400000
0.12970000	0.36150000
0.22240000	1.26660000
0.25940000	0.50250000
0.19460000	0.49910000
0.15750000	0.46200000
0.13900000	0.43240000
0.13900000	0.43840000
0.13900000	0.38300000
0.12040000	0.37760000
0.11120000	0.35970000
0.10190000	0.34420000
0.10190000	0.33080000
0.09170000	0.31900000
0.08710000	0.30870000
0.08250000	0.29940000
0.07880000	0.31210000
0.07780000	0.29550000
0.10190000	0.27660000
0.08990000	0.27020000
0.07880000	0.26420000
0.06950000	0.25860000
0.06210000	0.25330000
0.05370000	0.24820000
0.04080000	0.24340000
0.04170000	0.23880000
0.04170000	0.23430000
0.04170000	0.23000000
0.04450000	0.26390000
0.06210000	0.22180000
0.06490000	0.23860000
0.05930000	0.23180000
0.06110000	0.31010000
0.06300000	0.30150000
0.09270000	0.29580000
0.07410000	0.28010000
0.06210000	0.26680000
0.05560000	0.25530000
0.05100000	0.24660000
0.04730000	0.23660000
0.04350000	0.22890000
0.04350000	0.22210000
0.03980000	0.24110000
0.03890000	0.21030000
0.07230000	0.32090000
0.17600000	0.35750000
0.13900000	0.36010000
0.08340000	0.34590000
0.07500000	0.30570000
0.06210000	0.28800000
0.05470000	0.27290000
0.04630000	0.26000000
0.03610000	0.30170000
0.03340000	0.27400000
0.02690000	0.27350000
0.02410000	0.26580000
0.01480000	0.24900000
0.01200000	0.23910000
0.01020000	0.23050000
0.00740000	0.22300000
0.00690000	0.21620000
0.00490000	0.21010000
0.00230000	0.20460000
0.00140000	0.19960000
0.00400000	0.19490000
0.00740000	0.19060000
0.00610000	0.18650000
0.01200000	0.18270000
0.01110000	0.17900000
0.00580000	0.18990000
0.00250000	0.17220000
0.00070000	0.16900000
0.00260000	0.17920000
0.02870000	0.56230000
0.10190000	0.43820000
0.09170000	0.43340000
0.06210000	0.39440000
0.07040000	0.44690000
0.44470000	1.79900000
0.38910000	0.67610000
0.15750000	0.63250000
0.14820000	0.66760000
0.25940000	0.65680000
0.16680000	0.60990000
0.12040000	0.57180000
0.09270000	0.52710000
0.08060000	0.48980000
0.07130000	0.45860000
0.06670000	0.43230000
0.06390000	0.41000000
0.06110000	0.39090000
0.05370000	0.37450000
0.04910000	0.36020000
0.04910000	0.34760000
0.04260000	0.33650000
0.04450000	0.32800000
0.04910000	0.32860000
0.06020000	0.30950000
0.06760000	0.30200000
0.06390000	0.29510000
0.05740000	0.28860000
0.05650000	0.28260000
0.06110000	0.28230000
0.12970000	0.35950000
0.14820000	0.34120000
0.09270000	0.36420000
0.09270000	0.36950000
1.04690000	3.04440000
0.66710000	0.76520000
0.32430000	0.71100000
0.18530000	0.67550000
0.14820000	0.61770000
0.12970000	0.56970000
0.12040000	0.52970000
0.11120000	0.53870000
0.11120000	0.49580000
0.11120000	0.49100000
0.09270000	0.46390000
0.08990000	0.44090000
0.08430000	0.42120000
0.09270000	0.41370000
1.65840000	3.47090000
1.89930000	1.72040000
0.67630000	0.75350000
0.43550000	0.70210000
0.32430000	0.65920000
2.04760000	3.09070000
2.03830000	1.74260000
0.83390000	0.80030000
0.58370000	0.75480000
0.47250000	0.70760000
0.39840000	0.66020000
0.34280000	0.62050000
0.31500000	0.58680000
0.28720000	0.55820000
0.30570000	0.55560000
1.07470000	1.50970000
0.66710000	0.59230000
0.47250000	0.60720000
0.56520000	0.58770000
1.94570000	1.69530000
1.70480000	0.65680000
0.96360000	0.63910000
0.72270000	0.62030000
0.60220000	0.58680000
0.53740000	0.55820000
0.50030000	0.53370000
1.04690000	0.57280000
0.75050000	0.53960000
0.57440000	0.56240000
0.50960000	0.53610000
0.46330000	0.51340000
0.46330000	0.52360000
1.11180000	2.12380000
1.63060000	3.61310000
0.88940000	0.70550000
0.71340000	0.72430000
0.88020000	0.70520000
4.94750000	5.99910000
5.61460000	4.98430000
1.88080000	1.65940000
1.37120000	1.72810000
1.54730000	1.55730000
2.11240000	1.62800000
1.26000000	1.42560000
1.00990000	1.49490000
0.88940000	1.36660000
0.80610000	1.26000000
0.80610000	1.19120000
0.73190000	1.09680000
0.67630000	1.11100000
0.64860000	1.04660000
0.59300000	0.99440000
0.52810000	0.94530000
0.50960000	0.90510000
0.44470000	0.87020000
0.79680000	0.84010000
0.94500000	0.81310000
0.69490000	0.78890000
0.63000000	0.76720000
0.57440000	0.74740000
0.55590000	0.72920000
5.81840000	0.71240000
10.93270000	2.85070000
4.06730000	2.95750000
11.30330000	4.29380000
4.42870000	5.05260000
2.17730000	4.32890000
1.38050000	2.78690000
1.15810000	2.08070000
1.24150000	1.92490000
2.60350000	11.38060000
1.70480000	6.63090000
1.28780000	2.64010000
1.12110000	2.42200000
1.00990000	2.20570000
1.35270000	5.71340000
1.49170000	8.55450000
1.12110000	4.07780000
1.00060000	2.60160000
1.01920000	2.39480000
1.02840000	2.20850000
1.19520000	2.05330000
5.78140000	3.77840000
8.49600000	11.28240000
7.51390000	9.74200000
4.47500000	6.12870000
2.55710000	2.92070000
2.18650000	2.91600000
1.87150000	2.67490000
1.98270000	2.48770000
1.97340000	3.30960000
1.55650000	2.31890000
1.30640000	2.39520000
1.11180000	2.24220000
1.01920000	2.11320000
0.88940000	2.00370000
0.79680000	1.91020000
0.72270000	1.82960000
0.66710000	1.76010000
0.60220000	1.69870000
0.54660000	1.64430000
0.50960000	1.59580000
0.46330000	1.55200000
0.41690000	1.51210000
0.37060000	1.47550000
0.35210000	1.44160000
0.35210000	1.40990000
0.33350000	1.38020000
0.33350000	1.35210000
0.33350000	1.32530000
0.32430000	1.29980000
0.31500000	1.27510000
0.38910000	1.25150000
0.44470000	1.25780000
0.53740000	1.21690000
0.55590000	1.21940000
1.17670000	1.69630000
0.98210000	1.93950000
0.73190000	1.42030000
0.65780000	1.35950000
0.63930000	1.30550000
0.62080000	1.25840000
0.62080000	1.21680000
0.42620000	1.17970000
0.33350000	1.14650000
0.31500000	1.11630000
0.27800000	1.08860000
0.25020000	1.06310000
0.24090000	1.03940000
0.22240000	1.01720000
0.37060000	0.99620000
0.63000000	0.97620000
0.61150000	0.95720000
0.57440000	0.93900000
8.86660000	2.29010000
15.10200000	6.58340000
5.78140000	2.27360000
2.74240000	1.61890000
1.83450000	1.53850000
1.41750000	1.43210000
1.27860000	1.34290000
1.13960000	1.27010000
3.09450000	2.58480000
5.29030000	1.97110000
1.96420000	1.48270000
2.44600000	1.76220000
8.41260000	6.67160000
4.01170000	3.29810000
3.70600000	2.11350000
10.65480000	3.37120000
4.90120000	1.98630000
2.56640000	2.08920000
2.65910000	1.94560000
3.74310000	4.83230000
3.69670000	3.26520000
2.49230000	2.13080000
2.35330000	2.78720000
2.26070000	2.06370000
1.99200000	2.02450000
1.63990000	1.88370000
6.83760000	5.21030000
6.98580000	10.84530000
3.01110000	5.58870000
2.26070000	2.48910000
1.89930000	2.29460000
1.64920000	2.12600000
1.63990000	1.99240000
1.88080000	1.90420000
1.42680000	1.76620000
1.37120000	1.74590000
2.15870000	3.14010000
2.38110000	4.17130000
1.83450000	1.63330000
1.58430000	1.73580000
1.41750000	1.64950000
1.32490000	1.57550000
1.27860000	1.53660000
1.17670000	1.45570000
1.55650000	1.72040000
1.94570000	3.26350000
2.67760000	3.55970000
2.04760000	2.30950000
2.19580000	2.27780000
1.89010000	1.73520000
1.48240000	1.79780000
1.33420000	1.68980000
1.25080000	1.59840000
1.18590000	1.52050000
1.11180000	1.45360000
1.04690000	1.40740000
1.18590000	1.36900000
1.04690000	1.30050000
1.00060000	1.28350000
1.04690000	1.26430000
0.95430000	1.20900000
0.86160000	1.18610000
0.83390000	1.15570000
0.97280000	1.18030000
0.96360000	1.15600000
0.80610000	1.14940000
0.76900000	1.11630000
0.75050000	1.08640000
0.70410000	1.05910000
0.69490000	1.03510000
0.65780000	1.01050000
0.63930000	0.98870000
0.67630000	0.98130000
0.80610000	0.97970000
0.70410000	0.93380000
1.08400000	0.97480000
1.24150000	2.60150000
1.60280000	1.80960000
1.26000000	1.07290000
0.98210000	1.04000000
0.86160000	1.00930000
0.78750000	0.96320000
0.74120000	0.93160000
3.37250000	12.31710000
2.49230000	7.78010000
1.79740000	1.61330000
1.38050000	1.23420000
1.14890000	1.16260000
1.07470000	1.12740000
1.02840000	1.04820000
0.98210000	1.02390000
1.17670000	1.09060000
2.66830000	1.25680000
2.91850000	4.17140000
1.80670000	1.86780000
3.74310000	1.70510000
2.72390000	1.90300000
1.71400000	1.48020000
1.52870000	1.44000000
2.01050000	1.56110000
1.38050000	1.28850000
2.34400000	1.23100000
11.21070000	6.58260000
4.54910000	4.02140000
2.67760000	1.58550000
10.84010000	4.36450000
5.93890000	8.78970000
4.12290000	3.46080000
2.64980000	2.24680000
2.18650000	2.04580000
3.40950000	1.87930000
9.91360000	2.04610000
6.54110000	2.22120000
3.10380000	1.61060000
2.44600000	1.53560000
2.17730000	1.45270000
2.23290000	1.41240000
2.06610000	1.34260000
4.42870000	2.46990000
3.47440000	4.14430000
3.85420000	1.91210000
2.27920000	1.33380000
1.86230000	1.27670000
1.63060000	1.22600000
1.48240000	1.18160000
1.37120000	1.14250000
1.27860000	1.10770000
1.19520000	1.07640000
1.13960000	1.04810000
1.09330000	1.02210000
1.04690000	0.99810000
1.30640000	1.01990000
1.29710000	0.98980000
1.17670000	0.96640000
1.00060000	0.94330000
1.27860000	3.26960000
0.99140000	1.03410000
0.91720000	1.04740000
0.92650000	2.25880000
0.92650000	1.06900000
0.81530000	1.05610000
0.86160000	1.01220000
0.75970000	0.97250000
0.72270000	0.93850000
0.70410000	0.90840000
0.65780000	0.88150000
0.63930000	0.85720000
0.67630000	0.83520000
0.61150000	0.81490000
0.59300000	0.79610000
1.65840000	0.80770000
4.43790000	2.23580000
2.22360000	2.72480000
1.05620000	0.99050000
0.85240000	0.96390000
0.77830000	0.91750000
0.73190000	0.87770000
0.73190000	0.84320000
0.64860000	0.81300000
0.62080000	0.78630000
0.77830000	0.81290000
1.22300000	0.78850000
0.76900000	0.77800000
0.80610000	0.76090000
0.72270000	0.72940000
1.00060000	0.74770000
0.70410000	0.69020000
0.66710000	0.70190000
0.92650000	0.99280000
0.68560000	0.79400000
3.46510000	5.36480000
1.59360000	4.66870000
1.67700000	1.09030000
0.91720000	1.05420000
0.76900000	0.98420000
0.71340000	0.92530000
5.88330000	3.28190000
1.39900000	1.00710000
1.02840000	0.97490000
0.88020000	0.91890000
0.79680000	0.87130000
0.74120000	0.83070000
0.74120000	0.79810000
0.64860000	0.76520000
0.59300000	0.73850000
0.59300000	0.75180000
0.68560000	0.74780000
0.63930000	0.74110000
0.56520000	0.71330000
0.60220000	0.70970000
0.69490000	0.68030000
1.10250000	0.65680000
2.92770000	4.15860000
3.63190000	0.97980000
17.60350000	10.83190000
2.77950000	6.47350000
1.73260000	1.16850000
1.33420000	1.11720000
1.13030000	1.03700000
1.01920000	0.96970000
0.90800000	0.91310000
0.84310000	0.86510000
0.78750000	0.82420000
1.00990000	0.84430000
1.07470000	1.60790000
1.49170000	0.84060000
1.21370000	0.88740000
0.83390000	0.83360000
0.79680000	0.84580000
6.07780000	5.36490000
1.90860000	0.97490000
1.33420000	0.96020000
1.23220000	0.90330000
33.53930000	17.61910000
4.17850000	9.71240000
2.60350000	2.48450000
2.76100000	2.27150000
1.93640000	2.01210000
3.13160000	3.34750000
1.72330000	2.66400000
1.45460000	1.92900000
1.37120000	1.78240000
1.26930000	1.64240000
1.13030000	1.53310000
1.23220000	1.48040000
1.20450000	1.94010000
1.04690000	1.34980000
0.98210000	1.30000000
0.95430000	1.24230000
0.92650000	1.19240000
0.89870000	1.14880000
0.86160000	1.11040000
0.84310000	1.07630000
0.81530000	1.04560000
1.43610000	1.02150000
5.29030000	6.11900000
1.41750000	3.04340000
1.18590000	1.16600000
1.25080000	1.13710000
1.08400000	1.06640000
0.99140000	1.18690000
0.98210000	1.12990000
0.98210000	1.10530000
0.94500000	1.04410000
0.86160000	1.02110000
0.81530000	0.98620000
0.81530000	0.95450000
6.58740000	7.65900000
4.34530000	10.63420000
10.09890000	12.49390000
3.35390000	8.05400000
2.42740000	2.88370000
2.03830000	2.80470000
1.76040000	2.53320000
1.59360000	2.30910000
1.47310000	2.12330000
1.49170000	1.98740000
1.72330000	2.37690000
1.78810000	2.50050000
1.41750000	1.73020000
1.26930000	1.71030000
1.20450000	1.62100000
1.16740000	1.54470000
3.09450000	4.49230000
2.44600000	4.32020000
1.68620000	1.93760000
1.48240000	1.92260000
1.38050000	1.80320000
1.32490000	3.68420000
1.25080000	3.13460000
5.54050000	5.58370000
7.58800000	11.56590000
2.66830000	6.29300000
2.20510000	2.81660000
1.87150000	2.60790000
1.75110000	2.40190000
2.14020000	2.26600000
1.62140000	2.08670000
1.51020000	2.19300000
3.38170000	2.91550000
4.99380000	6.84190000
2.37180000	4.03540000
1.98270000	2.48050000
1.70480000	2.31950000
1.51950000	2.16960000
1.43610000	2.04330000
1.57510000	1.93670000
1.67700000	1.84530000
1.52870000	1.76660000
1.39900000	1.69820000
1.37120000	1.63840000
1.61210000	1.59140000
32.70550000	19.92210000
5.65170000	13.41500000
3.32610000	3.06740000
3.42810000	2.92550000
4.82710000	3.62420000
3.33540000	4.37950000
5.92960000	5.26100000
4.04880000	4.36400000
2.81660000	2.74130000
2.56640000	2.56660000
2.27920000	2.39740000
2.18650000	3.08400000
2.23290000	4.01250000
2.65910000	3.89030000
2.52010000	5.30390000
2.01980000	2.58230000
1.84370000	2.66210000
1.71400000	2.48150000
1.66770000	2.32980000
1.65840000	2.20800000
1.51020000	2.09250000
1.46390000	1.99900000
1.49170000	1.92810000
1.49170000	1.85160000
1.45460000	1.81100000
1.63060000	2.82070000
1.53800000	1.89630000
1.26000000	1.99440000
1.18590000	1.90060000
1.20450000	1.81980000
1.10250000	1.74960000
1.07470000	1.68820000
1.23220000	1.63380000
1.16740000	1.58530000
1.21370000	1.54150000
1.08400000	1.50220000
0.85240000	1.46570000
1.03770000	1.43190000
1.17670000	1.40040000
1.01920000	1.37080000
0.92650000	1.34280000
0.83390000	1.31610000
0.79680000	1.29070000
0.77830000	1.26630000
0.83390000	1.24270000
0.72270000	1.22000000
0.68560000	1.19790000
0.70410000	1.17650000
0.72270000	1.15560000
0.70410000	1.13530000
0.66710000	1.11550000
0.68560000	1.09600000
0.74120000	1.07700000
0.92650000	1.05840000
0.83390000	1.04020000
2.31630000	1.02980000
1.38980000	1.00840000
9.26500000	0.98820000
16.21380000	2.35030000
7.87530000	1.56630000
3.70600000	1.13850000
3.05750000	1.21960000
4.16930000	2.91470000
3.24280000	1.40750000
2.31630000	1.48800000
2.59420000	1.48940000
1.66770000	1.44230000
1.29710000	1.52490000
1.01920000	1.45740000
0.88940000	1.36850000
2.77950000	1.31810000
4.91050000	3.13650000
4.63250000	5.16860000
2.77950000	4.52910000
1.85300000	3.03540000
1.66770000	2.86130000
1.57510000	2.12760000
1.29710000	2.11500000
1.22300000	2.00650000
1.18590000	3.67110000
1.20450000	5.91780000
1.22300000	8.11380000
1.34340000	11.66400000
1.34340000	11.34510000
1.24150000	8.71800000
1.19520000	6.51390000
3.84500000	9.64830000
2.20510000	8.60340000
2.06610000	6.08170000
1.58430000	3.43590000
1.38980000	3.27440000
1.30640000	3.00220000
1.22300000	2.77660000
1.10250000	2.58820000
1.04690000	2.43000000
1.03770000	2.29630000
1.14890000	3.05360000
1.41750000	9.15150000
1.25080000	4.54590000
1.83450000	4.63770000
1.33420000	4.17020000
1.26930000	2.50000000
1.10250000	2.35250000
1.01920000	2.22430000
0.99140000	2.11520000
0.98210000	2.03160000
0.95430000	1.94050000
1.00990000	1.88480000
0.98210000	1.80750000
0.88940000	1.75200000
0.86160000	1.70220000
0.87090000	1.68600000
4.28970000	7.68730000
3.64110000	7.95810000
3.06670000	3.31470000
2.32550000	1.89030000
1.88080000	1.90810000
1.54730000	1.87520000
1.43610000	1.78870000
1.33420000	1.71410000
1.47310000	1.67470000
1.24150000	1.59230000
1.16740000	1.56290000
2.96480000	1.55000000
8.59790000	8.87350000
5.19770000	6.41280000
2.72390000	1.86650000
2.12170000	1.99390000
1.84370000	1.87280000
1.65840000	1.77040000
1.51020000	1.68320000
1.38050000	1.60840000
1.30640000	1.55230000
1.24150000	1.48720000
1.21370000	1.43750000
1.39900000	3.53170000
1.13030000	1.71480000
2.76100000	5.54500000
2.29770000	7.80300000
1.42680000	2.38980000
1.25080000	1.54840000
1.14890000	1.47850000
1.09330000	1.41810000
1.57510000	1.37310000
3.85420000	6.19170000
1.56580000	2.23040000
1.31560000	1.42350000
1.19520000	1.37510000
1.12110000	1.31250000
1.10250000	1.29980000
1.00060000	1.22700000
0.95430000	1.20760000
0.89870000	1.17270000
0.86160000	1.14120000
0.80610000	1.11240000
0.76900000	1.08590000
0.79680000	1.07590000
1.28780000	1.76240000
0.85240000	1.08820000
0.83390000	1.10150000
1.56580000	4.13270000
1.02840000	1.19890000
1.26930000	1.20760000
1.16740000	1.17220000
0.88940000	1.12150000
0.79680000	1.07850000
0.86160000	1.04080000
1.61210000	1.94000000
0.95430000	1.06030000
0.95430000	1.07010000
0.79680000	1.02870000
0.72270000	0.99250000
0.76900000	0.97500000
0.92650000	0.97030000
0.81530000	0.95020000
0.86160000	0.97870000
0.73190000	0.93640000
4.09510000	7.59010000
3.85420000	6.96000000
1.56580000	1.17900000
1.21370000	1.15530000
1.03770000	1.09170000
0.93580000	1.03760000
1.98270000	1.03410000
2.14950000	1.97280000
1.17670000	1.00660000
3.15940000	0.98650000
5.18840000	3.04390000
1.61210000	0.99990000
1.97340000	1.06010000
2.31630000	3.73070000
1.38980000	1.05170000
1.14890000	1.03570000
1.03770000	0.98480000
0.97280000	0.94100000
0.99140000	0.93670000
0.88020000	0.87010000
0.81530000	0.85160000
0.91720000	0.86150000
0.75970000	0.79970000
0.70410000	0.79550000
0.75050000	0.79460000
0.67630000	0.75230000
0.63930000	0.73350000
0.63000000	0.71620000
0.59300000	0.70020000
0.57440000	0.68510000
0.62080000	0.68630000
0.60220000	0.67000000
0.92650000	0.65240000
2.32550000	0.73260000
0.72270000	0.70950000
0.60220000	0.71000000
0.58370000	0.68500000
0.92650000	0.72510000
0.71340000	0.70490000
0.89870000	0.71790000
0.75970000	0.69020000
0.59300000	0.65570000
0.54660000	0.63400000
0.70410000	0.64920000
0.67630000	0.61400000
0.56520000	0.61300000
0.50960000	0.59430000
0.50030000	0.57750000
1.14890000	0.60400000
1.24150000	0.59220000
0.61150000	0.58010000
0.58370000	0.56360000
0.63000000	0.59030000
1.31560000	0.66560000
0.66710000	0.64030000
0.55590000	0.62920000
0.53740000	0.60110000
3.05750000	4.95540000
3.11300000	0.82670000
4.03030000	0.79730000
0.95430000	0.74550000
0.95430000	0.71740000
0.75050000	0.66500000
0.65780000	0.63350000
0.60220000	0.60640000
0.55590000	0.58280000
0.52810000	0.56220000
0.54660000	0.54400000
0.63930000	0.53170000
2.13100000	1.56910000
0.88020000	0.64460000
0.74120000	0.65620000
0.63930000	0.62200000
0.59300000	0.59280000
0.56520000	0.56760000
0.53740000	0.54570000
0.63930000	0.61040000
0.68560000	0.66010000
0.69490000	0.67750000
0.53740000	0.63630000
0.49100000	0.61430000
0.47250000	0.58450000
0.45400000	0.55890000
0.42620000	0.53670000
0.40770000	0.51730000
0.38910000	0.50020000
0.37060000	0.48500000
0.37060000	0.47130000
0.35210000	0.45890000
0.34280000	0.44750000
0.32430000	0.43700000
0.32430000	0.42730000
0.32430000	0.41810000
0.31500000	0.40950000
0.32430000	0.40130000
0.35210000	0.43320000
0.47250000	0.48510000
0.40770000	0.48440000
0.35210000	0.48840000
0.34280000	0.46600000
0.34280000	0.44660000
0.33350000	0.42980000
0.34280000	0.42950000
0.34280000	0.40190000
0.40770000	0.41470000
3.74310000	11.92180000
0.97280000	1.63450000
0.57440000	0.92790000
0.50030000	0.84440000
0.45400000	0.77530000
0.41690000	0.71790000
0.39840000	0.66980000
0.38910000	0.62950000
0.38910000	0.59530000
0.38910000	0.56620000
7.74550000	7.38380000
8.24590000	9.83120000
1.57510000	1.87360000
1.12110000	1.01230000
0.93580000	0.92900000
0.83390000	0.85950000
0.75050000	0.80130000
0.66710000	0.75250000
0.62080000	0.71130000
0.60220000	0.67610000
0.58370000	0.64600000
0.56520000	0.62000000
0.54660000	0.59720000
0.50960000	0.57720000
0.50960000	0.55940000
0.50960000	0.54340000
0.55590000	0.56090000
0.57440000	0.55280000
0.53740000	0.56060000
0.53740000	0.58360000
0.48180000	0.56560000
0.50030000	0.59970000
0.55590000	0.57740000
0.61150000	0.60450000
0.59300000	0.59470000
0.53740000	0.58240000
0.54660000	0.59620000
0.57440000	0.55790000
0.54660000	0.54910000
0.50960000	0.52780000
0.50960000	0.50890000
0.50030000	0.49220000
0.57440000	0.49440000
0.56520000	0.46390000
0.50030000	0.45650000
0.49100000	0.44470000
0.49100000	0.43390000
0.67630000	0.44750000
1.30640000	0.88180000
0.73190000	0.48550000
0.64860000	0.50600000
0.58370000	0.48330000
0.53740000	0.46370000
0.50960000	0.44660000
0.51880000	0.43150000
0.72270000	0.93370000
1.31560000	1.33780000
0.80610000	0.53810000
0.69490000	0.54340000
0.64860000	0.51340000
0.61150000	0.48790000
0.59300000	0.46770000
0.58370000	0.44700000
0.59300000	0.44370000
0.62080000	0.43960000
0.58370000	0.40530000
0.57440000	0.44740000
0.60220000	0.45270000
0.86160000	0.58490000
0.75050000	0.70880000
0.63000000	0.78730000
0.84310000	1.68660000
0.82460000	0.94460000
0.68560000	1.10080000
2.27920000	3.11520000
1.39900000	1.57210000
1.01920000	1.40280000
0.87090000	1.26640000
0.78750000	1.15370000
0.73190000	1.06040000
0.85240000	1.01290000
1.02840000	2.26180000
1.52870000	1.13510000
9.91360000	5.09260000
3.60410000	6.91900000
1.78810000	2.80290000
1.41750000	2.05520000
1.16740000	1.85560000
1.00990000	1.68990000
0.91720000	1.55260000
0.83390000	1.43840000
0.77830000	1.34290000
0.74120000	1.26260000
0.70410000	1.19460000
0.67630000	1.13670000
0.64860000	1.08690000
1.79740000	2.65780000
2.65910000	9.33860000
1.13030000	4.63480000
1.00990000	2.10940000
0.89870000	1.94220000
0.83390000	1.78400000
0.78750000	1.65240000
0.75050000	1.54240000
0.72270000	1.44990000
0.71340000	1.37160000
0.69490000	1.30490000
0.67630000	1.24760000
0.65780000	1.20150000
0.93580000	1.47660000
1.60280000	2.89390000
1.12110000	1.40600000
1.53800000	1.90290000
1.38980000	2.39930000
1.13030000	1.72340000
1.04690000	1.73540000
1.05620000	2.18060000
0.99140000	2.73210000
21.77280000	16.31930000
4.42870000	10.51940000
2.56640000	3.01990000
1.99200000	2.80550000
1.43610000	2.55130000
1.11180000	2.34080000
0.97280000	2.16590000
0.88020000	2.01980000
0.78750000	1.89700000
0.72270000	1.79320000
0.68560000	1.70480000
0.65780000	1.62900000
0.62080000	1.56380000
0.59300000	1.50630000
0.56520000	1.45590000
0.54660000	1.41110000
0.52810000	1.37080000
0.50960000	1.33440000
0.50030000	1.30110000
0.48180000	1.27040000
0.46330000	1.24190000
0.44470000	1.24400000
0.42620000	3.30650000
0.74120000	3.79790000
1.05620000	1.58400000
1.20450000	1.73490000
1.62140000	1.62650000
2.10320000	1.54940000
1.26930000	1.45720000
1.08400000	1.39450000
1.00060000	1.33650000
1.39900000	1.30890000
2.55710000	2.84920000
1.57510000	1.35510000
1.39900000	1.53320000
1.14890000	1.44410000
0.98210000	1.37240000
0.96360000	1.31100000
1.09330000	1.28200000
1.14890000	1.21200000
1.02840000	1.19450000
0.97280000	1.15520000
0.99140000	1.11990000
0.99140000	1.08810000
1.05620000	1.05930000
1.03770000	1.03300000
1.13030000	1.00870000
1.06550000	0.98610000
0.93580000	0.96500000
0.88940000	0.94500000
0.96360000	0.92610000
1.02840000	0.92980000
1.13960000	2.13800000
1.76960000	2.55060000
1.41750000	0.99610000
1.18590000	1.14060000
1.20450000	1.10060000
1.22300000	1.03470000
1.06550000	1.00150000
0.98210000	0.96310000
0.89870000	0.92940000
0.87090000	0.89960000
0.85240000	0.87290000
0.82460000	0.84890000
0.80610000	0.82710000
0.81530000	0.82230000
0.86160000	0.78840000
0.77830000	0.77110000
12.32250000	7.79770000
6.73570000	8.48100000
3.16860000	2.27740000
2.54790000	1.71130000
2.34400000	1.56160000
12.32250000	5.75700000
7.27300000	8.96680000
3.52070000	3.53770000
2.86290000	2.32510000
2.53860000	2.10800000
14.82400000	8.22400000
8.47750000	12.54920000
3.70600000	5.79210000
2.84440000	2.69770000
2.40890000	2.45540000
2.22360000	2.24870000
2.59420000	2.45980000
2.03830000	1.95650000
1.85300000	1.86670000
1.66770000	1.75740000
1.57510000	1.66470000
1.48240000	1.58560000
1.40830000	1.51760000
1.34340000	1.45860000
1.26930000	1.40690000
1.22300000	1.36120000
1.15810000	1.32050000
1.11180000	1.28380000
1.06550000	1.25040000
1.02840000	1.21990000
1.02840000	1.19620000
2.20510000	1.90390000
2.00120000	2.24650000
1.26930000	1.26560000
1.13960000	1.25370000
1.07470000	1.21350000
1.00060000	1.17210000
0.96360000	1.13780000
1.49170000	1.16500000
1.33420000	1.17670000
1.05620000	1.15170000
1.00060000	1.13270000
0.94500000	1.09440000
0.89870000	1.06170000
0.88940000	1.03230000
0.88020000	1.00550000
0.85240000	0.98090000
0.81530000	0.95820000
0.78750000	0.93700000
0.76900000	0.91720000
0.75050000	0.89840000
0.70410000	0.88050000
0.73190000	0.86340000
0.84310000	0.85930000
0.77830000	0.84920000
0.72270000	0.81610000
0.68560000	0.80130000
0.65780000	0.78690000
0.95430000	2.08100000
1.00990000	0.99800000
0.75050000	0.96480000
0.71340000	0.94930000
0.79680000	0.92320000
1.02840000	0.91050000
0.78750000	0.88360000
0.68560000	0.85770000
0.65780000	0.82660000
0.73190000	0.81870000
0.63930000	0.77600000
0.63930000	0.75600000
0.58370000	0.73290000
0.54660000	0.71470000
0.64860000	0.74560000
0.78750000	0.79190000
0.64860000	0.77000000
0.58370000	0.74530000
1.00060000	0.76590000
0.62080000	0.72740000
0.54660000	0.70620000
0.56520000	0.70400000
0.52810000	0.66410000
0.50030000	0.64610000
0.47250000	0.62970000
0.75050000	0.62640000
0.50960000	0.60060000
0.44470000	0.58760000
0.42620000	0.57520000
0.39840000	0.56360000
0.38910000	0.55250000
0.38910000	0.54190000
0.38910000	0.53170000
0.37990000	0.53060000
0.40770000	0.53490000
0.36130000	0.50310000
0.34280000	0.49410000
0.32430000	0.48540000
0.31500000	0.47680000
0.32430000	0.46850000
0.49100000	0.46170000
1.13030000	0.53410000
0.46330000	0.51260000
0.38910000	0.50960000
0.34280000	0.49220000
0.32430000	0.47680000
0.34280000	0.46300000
1.56580000	0.57230000
1.03770000	0.55300000
14.26810000	7.06710000
2.80730000	1.02290000
1.08400000	0.95000000
0.81530000	0.87050000
0.69490000	0.80460000
0.63000000	0.74950000
0.72270000	0.70320000
3.87280000	0.80100000
3.96540000	0.92810000
6.80980000	4.14820000
1.59360000	1.02200000
1.70480000	0.96500000
1.29710000	0.89350000
0.94500000	0.83380000
0.86160000	0.82030000
0.74120000	0.74110000
0.64860000	0.72550000
1.39900000	1.02310000
0.85240000	0.77090000
0.67630000	0.74670000
0.61150000	0.71040000
0.56520000	0.67750000
0.53740000	0.64990000
0.50960000	0.62590000
0.48180000	0.60470000
0.46330000	0.58590000
0.43550000	0.56910000
0.40770000	0.55380000
0.38910000	0.53990000
0.37060000	0.52710000
0.35210000	0.51600000
0.37060000	0.54870000
0.44470000	0.53840000
0.44470000	0.54890000
0.37990000	0.51880000
0.36130000	0.50380000
0.33350000	0.49020000
0.31500000	0.47790000
0.29650000	0.46650000
0.33350000	0.49790000
0.48180000	0.56140000
0.35210000	0.54060000
0.38910000	0.56340000
0.48180000	0.55320000
0.37990000	0.53070000
0.32430000	0.51150000
0.29650000	0.49140000
0.27800000	0.47370000
0.25940000	0.45820000
0.25940000	0.44430000
0.26870000	0.43620000
0.46330000	0.50600000
0.38910000	0.48230000
0.33350000	0.49180000
0.32430000	0.51010000
0.29650000	0.45190000
0.26870000	0.47200000
0.25020000	0.45260000
0.24090000	0.43560000
0.23160000	0.42080000
0.22240000	0.40760000
0.21310000	0.39580000
0.21310000	0.38510000
0.20380000	0.37530000
0.21310000	0.36640000
0.21310000	0.35810000
0.20380000	0.35030000
0.19460000	0.34300000
0.19460000	0.33600000
0.20380000	0.32940000
0.21310000	0.32310000
0.20380000	0.31700000
0.19460000	0.31110000
0.18530000	0.30550000
0.18530000	0.30000000
0.17600000	0.29460000
0.16680000	0.28940000
0.16680000	0.28430000
0.16680000	0.27930000
0.17600000	0.27450000
0.18530000	0.26970000
0.19460000	0.27620000
0.18530000	0.26050000
0.17600000	0.25600000
0.16680000	0.25660000
0.16680000	0.24730000
0.17600000	0.24310000
0.17600000	0.23900000
0.16680000	0.23490000
0.17600000	0.23090000
0.16680000	0.22690000
1.20450000	0.94010000
7.95860000	13.40460000
2.87220000	5.79920000
0.94500000	1.21940000
0.69490000	1.13650000
0.58370000	1.01890000
0.58370000	0.93650000
0.73190000	0.85390000
0.61150000	0.79300000
0.50030000	0.75520000
0.45400000	0.70370000
0.41690000	0.66050000
0.38910000	0.62390000
0.37060000	0.59290000
0.38910000	0.59420000
0.98210000	1.25730000
1.29710000	0.72990000
0.77830000	0.71680000
3.63190000	3.27240000
2.72390000	2.45740000
1.31560000	0.84250000
1.02840000	0.81160000
0.88020000	0.75710000
0.77830000	0.71130000
0.71340000	0.67260000
0.66710000	0.63960000
0.63000000	0.61580000
0.58370000	0.58680000
0.56520000	0.56540000
0.54660000	0.54660000
0.51880000	0.52980000
0.50960000	0.52450000
0.50030000	0.50110000
0.49100000	0.48870000
0.50030000	0.48300000
0.46330000	0.46650000
0.44470000	0.45640000
0.44470000	0.44700000
0.44470000	0.43800000
0.44470000	0.44130000
0.62080000	0.42170000
1.77890000	0.63900000
0.79680000	0.47980000
0.64860000	0.50340000
0.60220000	0.48180000
0.60220000	0.46310000
3.31690000	2.97820000
1.52870000	0.58550000
1.11180000	0.59820000
0.88940000	0.54940000
0.77830000	0.54260000
0.75050000	0.51500000
0.72270000	0.49790000
1.62140000	0.48740000
6.72640000	6.58040000
1.76040000	2.44150000
1.34340000	1.13810000
1.08400000	1.03120000
1.26930000	0.94090000
1.17670000	0.86570000
1.00990000	0.80310000
0.90800000	0.75060000
0.77830000	0.70650000
0.86160000	0.66910000
0.83390000	0.63720000
0.86160000	0.60980000
0.76900000	0.58600000
0.76900000	0.56520000
0.55590000	0.54680000
0.71340000	0.53040000
4.28040000	2.75910000
0.93580000	1.03530000
0.52810000	1.13510000
0.75970000	1.06740000
0.70410000	1.06410000
0.61150000	0.98930000
0.50960000	0.91700000
0.46330000	0.93140000
0.51880000	4.11550000
1.86230000	1.88630000
3.41880000	1.87480000
1.69550000	1.60220000
1.06550000	1.70250000
1.18590000	1.56500000
1.31560000	1.83570000
0.84310000	1.49740000
0.67630000	1.47610000
4.80850000	1.36410000
13.06370000	5.40590000
4.07660000	2.81720000
2.78880000	1.91190000
1.90860000	1.77380000
1.36200000	1.63150000
1.12110000	1.51300000
0.97280000	1.41390000
0.74120000	1.33050000
0.90800000	1.25980000
1.56580000	1.23590000
0.88020000	1.14770000
2.16800000	1.61310000
1.25080000	1.36230000
0.75050000	1.49770000
0.58370000	1.40050000
12.32250000	5.48580000
3.92840000	5.65580000
2.04760000	1.98890000
1.64920000	2.01780000
1.41750000	1.85300000
5.93890000	4.94340000
2.50160000	3.33770000
2.14020000	2.13720000
1.69550000	1.96260000
1.47310000	1.92520000
1.42680000	1.79030000
1.44530000	1.67720000
1.41750000	1.59200000
1.59360000	1.52220000
1.38980000	1.43160000
1.22300000	1.48000000
5.88330000	4.50070000
3.91910000	2.98890000
4.95680000	3.55180000
2.50160000	2.99540000
2.12170000	2.06760000
1.93640000	1.91850000
1.77890000	1.79200000
1.57510000	1.68560000
1.51950000	1.59550000
1.65840000	1.51920000
1.44530000	1.45320000
1.32490000	1.39590000
1.31560000	1.35490000
1.97340000	4.10770000
2.43670000	2.47780000
1.89010000	1.63920000
1.50090000	1.54900000
1.41750000	1.47070000
1.36200000	1.40360000
1.28780000	1.34580000
1.27860000	1.29540000
1.17670000	1.25110000
1.07470000	1.21180000
1.04690000	1.17660000
0.97280000	1.14480000
0.98210000	1.11580000
0.96360000	1.08920000
1.00990000	1.08130000
1.02840000	1.05950000
0.88940000	1.02060000
0.86160000	1.02770000
0.84310000	1.00380000
0.82460000	0.98150000
0.79680000	0.96060000
0.81530000	0.94090000
0.80610000	0.92220000
0.76900000	0.90430000
0.78750000	0.89770000
0.82460000	0.88380000
0.77830000	0.85460000
0.70410000	0.84030000
0.68560000	0.82510000
0.68560000	0.81030000
0.67630000	0.79590000
0.65780000	0.78190000
0.64860000	0.76820000
0.64860000	0.75480000
0.64860000	0.74170000
0.63000000	0.72890000
0.63000000	0.71640000
0.63000000	0.70400000
0.61150000	0.69200000
0.61150000	0.68010000
0.58370000	0.66850000
0.59300000	0.65710000
0.58370000	0.64580000
0.57440000	0.63480000
0.58370000	0.62730000
0.57440000	0.61340000
0.57440000	0.61020000
0.87090000	0.65450000
0.63000000	0.63700000
0.58370000	0.66130000
0.58370000	0.64970000
0.85240000	0.67330000
1.02840000	1.83020000
0.69490000	0.72890000
0.63000000	0.73470000
0.60220000	0.69910000
0.61150000	0.68350000
0.61150000	0.64780000
0.62080000	0.63280000
0.57440000	0.59830000
0.54660000	0.58010000
0.51880000	0.56370000
0.50960000	0.54890000
0.49100000	0.53530000
0.49100000	0.52280000
1.27860000	2.19740000
2.16800000	3.83540000
1.13960000	0.81970000
0.88940000	0.77920000
0.86160000	0.75990000
0.75050000	0.68930000
0.66710000	0.67590000
0.62080000	0.64290000
0.59300000	0.61460000
0.55590000	0.59010000
0.53740000	0.56870000
0.52810000	0.54980000
0.50030000	0.53300000
0.48180000	0.51790000
0.46330000	0.50420000
0.42620000	0.49170000
0.44470000	0.49310000
0.47250000	0.46940000
0.44470000	0.45930000
0.46330000	0.44980000
1.97340000	2.56920000
0.74120000	0.64150000
0.61150000	0.65230000
0.64860000	0.64760000
0.63930000	0.62810000
0.55590000	0.61310000
0.51880000	0.59550000
0.50030000	0.56520000
0.50030000	0.53730000
0.44470000	0.51120000
0.42620000	0.49260000
0.39840000	0.47620000
0.38910000	0.46160000
0.38910000	0.44860000
0.40770000	0.43670000
0.40770000	0.42580000
0.37060000	0.41580000
0.35210000	0.40650000
0.34280000	0.39780000
0.33350000	0.42960000
0.31500000	0.38170000
0.61150000	0.42060000
1.30640000	1.11680000
0.53740000	0.55470000
0.43550000	0.56060000
0.38910000	0.52660000
0.37060000	0.49790000
0.36130000	0.47350000
0.34280000	0.45300000
0.36130000	0.45830000
0.32430000	0.41850000
0.30570000	0.40470000
0.30570000	0.39230000
0.28720000	0.38110000
0.27800000	0.37100000
0.25940000	0.36170000
0.24090000	0.35320000
0.23160000	0.34530000
0.22240000	0.33780000
0.25940000	0.37580000
0.32430000	0.35180000
0.25020000	0.35980000
0.24090000	0.35190000
0.25020000	0.35670000
0.41690000	0.36780000
1.21370000	6.45490000
6.28170000	2.83420000
9.82090000	7.53800000
2.41820000	1.08950000
1.50090000	1.01050000
1.13030000	0.91530000
0.94500000	0.83660000
0.86160000	0.81910000
0.77830000	0.76830000
0.80610000	0.75450000
0.94500000	0.77500000
0.58370000	0.73120000
0.49100000	0.69770000
0.47250000	0.65740000
0.43550000	0.62330000
0.39840000	0.59410000
0.38910000	0.56890000
0.52810000	0.60940000
0.51880000	0.65550000
0.40770000	0.62550000
0.37060000	0.59960000
0.34280000	0.57230000
0.32430000	0.54870000
0.54660000	0.56650000
0.37990000	0.51010000
0.33350000	0.51600000
0.31500000	0.49790000
0.38910000	0.52440000
0.31500000	0.49380000
0.28720000	0.48200000
0.27800000	0.46710000
0.25940000	0.45370000
0.25940000	0.48000000
0.28720000	0.43330000
0.25020000	0.44730000
0.24090000	0.43390000
0.22240000	0.42190000
0.20380000	0.41100000
0.20380000	0.40100000
0.18530000	0.39170000
0.17600000	0.38310000
0.16680000	0.37490000
0.16680000	0.39950000
0.15750000	0.36000000
0.14820000	0.36590000
0.15750000	0.35740000
0.28720000	0.35090000
0.20380000	0.34200000
0.17600000	0.33500000
0.16680000	0.32830000
0.15750000	0.32190000
0.15750000	0.31580000
0.14820000	0.30990000
0.13900000	0.30420000
0.13900000	0.29870000
0.13900000	0.29510000
0.13900000	0.28820000
0.13900000	0.28310000
0.12040000	0.27810000
0.12040000	0.27330000
0.12040000	0.26850000
0.12040000	0.26390000
0.23160000	0.43810000
0.24090000	0.41980000
0.17600000	0.43150000
0.16680000	0.40300000
0.15750000	0.37910000
0.16680000	0.35880000
0.68560000	2.62010000
0.55590000	0.70630000
0.28720000	0.65640000
0.59300000	0.68010000
0.63930000	0.70980000
0.34280000	0.66410000
0.27800000	0.63610000
0.25020000	0.58810000
0.23160000	0.54800000
0.30570000	0.57900000
0.30570000	0.56720000
0.25940000	0.55430000
1.11180000	1.96220000
0.75050000	0.71520000
0.43550000	0.69000000
0.37990000	0.64150000
0.33350000	0.59810000
0.29650000	0.56240000
0.26870000	0.53210000
0.25020000	0.50640000
0.24090000	0.48420000
0.23160000	0.46990000
0.24090000	0.45240000
0.24090000	0.43720000
0.23160000	0.42030000
0.22240000	0.40850000
0.21310000	0.39770000
0.47250000	0.47250000
0.32430000	0.44920000
0.26870000	0.48250000
0.25940000	0.44590000
0.24090000	0.43060000
0.23160000	0.41430000
0.22240000	0.40000000
0.41690000	0.48440000
0.59300000	0.49780000
0.37990000	0.49960000
0.32430000	0.47320000
0.28720000	0.45710000
0.26870000	0.43580000
0.25940000	0.41740000
0.24090000	0.40140000
0.23160000	0.38730000
0.22240000	0.37490000
0.23160000	0.36380000
0.39840000	0.40330000
0.91720000	1.23500000
0.45400000	0.52620000
0.39840000	0.57390000
0.40770000	0.50930000
0.36130000	0.52140000
0.35210000	0.49050000
0.33350000	0.46270000
0.30570000	0.43980000
0.28720000	0.42020000
0.28720000	0.40320000
6.81900000	6.61420000
1.53800000	0.72090000
0.85240000	0.69120000
0.68560000	0.63720000
0.60220000	0.59220000
1.24150000	0.65340000
0.83390000	0.58770000
0.63000000	0.58560000
0.56520000	0.55030000
0.53740000	0.52040000
0.50960000	0.49490000
6.32800000	4.00300000
2.37180000	1.33340000
1.22300000	0.66480000
0.96360000	0.63840000
1.39900000	0.65330000
1.70480000	1.46390000
1.18590000	0.65460000
1.04690000	0.63110000
10.37680000	0.60690000
9.35770000	8.78670000
2.12170000	3.76370000
1.56580000	1.65790000
1.28780000	1.48810000
1.09330000	1.34290000
1.00990000	1.22310000
2.28850000	3.36610000
1.58430000	1.94240000
1.18590000	1.55970000
1.05620000	1.50060000
0.97280000	1.37300000
0.90800000	1.26720000
0.86160000	1.17890000
0.82460000	1.10480000
0.82460000	1.04990000
0.76900000	0.99950000
0.69490000	0.94390000
0.67630000	0.91180000
0.63930000	0.87670000
0.62080000	0.84590000
0.63000000	0.81870000
0.58370000	0.79440000
0.56520000	0.77250000
0.57440000	0.75250000
0.56520000	0.73420000
0.55590000	0.71730000
0.58370000	0.71230000
0.60220000	0.69480000
0.56520000	0.67260000
0.53740000	0.66810000
0.51880000	0.65410000
0.50960000	0.64080000
0.50030000	0.62820000
0.47250000	0.61610000
0.47250000	0.60450000
0.77830000	0.62740000
5.83700000	9.82840000
1.59360000	3.96470000
2.00120000	1.70970000
3.49290000	4.13810000
1.63060000	2.53450000
1.25080000	1.87960000
1.09330000	1.70390000
1.00060000	1.55780000
0.92650000	1.43660000
3.92840000	4.50460000
1.87150000	2.69990000
1.35270000	1.86250000
1.20450000	1.70920000
1.20450000	1.59370000
1.44530000	1.93360000
1.20450000	1.53790000
5.74430000	6.15080000
2.36260000	4.80910000
1.70480000	2.15620000
1.37120000	2.04590000
1.29710000	1.88250000
1.23220000	1.74700000
1.16740000	1.63900000
1.12110000	1.53930000
1.04690000	1.45530000
0.89870000	1.38590000
0.84310000	1.32630000
0.87090000	1.27460000
0.81530000	1.22930000
0.74120000	1.18930000
0.77830000	1.15410000
0.78750000	1.12200000
0.76900000	1.09530000
0.74120000	1.06600000
0.67630000	1.04120000
0.72270000	1.01810000
0.70410000	0.99720000
0.65780000	0.97570000
0.63000000	0.95630000
0.64860000	0.93820000
0.68560000	0.92040000
0.61150000	0.90320000
0.74120000	0.88670000
0.62080000	0.87070000
0.46330000	0.85510000
0.40770000	0.83990000
0.37060000	0.82510000
0.35210000	0.81070000
0.35210000	0.79660000
0.35210000	0.78280000
0.35210000	0.76920000
0.35210000	0.75600000
0.37060000	0.74570000
0.40770000	0.73080000
0.46330000	0.71780000
0.54660000	0.70550000
0.50030000	0.69350000
0.46330000	0.68160000
0.44470000	0.67000000
0.42620000	0.65860000
1.10250000	0.67770000
4.75290000	1.69990000
4.11370000	0.75970000
2.03830000	0.75330000
1.63990000	0.74220000
1.78810000	0.76010000
2.98330000	1.97570000
3.23350000	1.19290000
2.95550000	1.38620000
20.29040000	13.20410000
4.07660000	7.34040000
2.42740000	2.46250000
1.76040000	2.21000000
1.37120000	1.99430000
1.24150000	1.81690000
1.18590000	1.66940000
1.15810000	1.54680000
1.14890000	1.47220000
1.52870000	2.77730000
1.19520000	1.33820000
1.11180000	1.30710000
1.06550000	1.24160000
1.26930000	1.21510000
6.58740000	6.74810000
3.86350000	2.54400000
2.52010000	1.70440000
2.59420000	1.58100000
3.93760000	1.81190000
2.46450000	4.46060000
2.02900000	2.44040000
2.26990000	1.79040000
4.04880000	3.52810000
2.64980000	2.62560000
2.01980000	1.87940000
1.89010000	1.74250000
1.66770000	1.62680000
1.42680000	1.52950000
1.29710000	1.44710000
1.23220000	1.37690000
1.15810000	1.31660000
1.15810000	1.27320000
1.05620000	1.21880000
1.06550000	1.19620000
1.01920000	1.15720000
0.94500000	1.11300000
0.90800000	1.09270000
0.87090000	1.06430000
0.83390000	1.03820000
0.81530000	1.01410000
0.79680000	0.99170000
1.75110000	3.05930000
1.18590000	1.07840000
0.95430000	1.07410000
9.24650000	8.79530000
4.26190000	6.79070000
2.36260000	1.37780000
1.87150000	1.54430000
1.61210000	1.43600000
1.42680000	1.34530000
1.26930000	1.26870000
1.17670000	1.20370000
1.11180000	1.14820000
1.05620000	1.10020000
1.00060000	1.05850000
1.00060000	1.03700000
3.45580000	4.28900000
1.59360000	1.15260000
1.30640000	1.12580000
1.14890000	1.06570000
1.03770000	1.02380000
0.99140000	0.98590000
0.92650000	0.95310000
0.87090000	0.92400000
0.83390000	0.89780000
0.80610000	0.87410000
0.75970000	0.85230000
0.75050000	0.83230000
0.74120000	0.81370000
0.74120000	0.79620000
0.83390000	0.81460000
0.73190000	0.76410000
0.80610000	0.80030000
0.66710000	0.75300000
0.64860000	0.75330000
0.68560000	0.73560000
0.82460000	0.74880000
0.64860000	0.70370000
0.63930000	0.71490000
0.61150000	0.69650000
0.59300000	0.67910000
0.53740000	0.66430000
0.51880000	0.65030000
0.49100000	0.63710000
0.48180000	0.62450000
0.46330000	0.61250000
0.45400000	0.60090000
0.67630000	0.58980000
0.49100000	0.57900000
0.43550000	0.56860000
0.41690000	0.55840000
0.39840000	0.54850000
0.59300000	0.69430000
0.50960000	0.67850000
0.54660000	0.72960000
0.49100000	0.68280000
0.42620000	0.67280000
0.40770000	0.64260000
0.38910000	0.61650000
0.40770000	0.62890000
0.36130000	0.57380000
0.37990000	0.57690000
0.34280000	0.55790000
0.37060000	0.56530000
0.69490000	0.56820000
0.42620000	0.54190000
0.38910000	0.53920000
0.36130000	0.52210000
0.33350000	0.50680000
0.31500000	0.49300000
0.30570000	0.49540000
0.28720000	0.46880000
0.28720000	0.46120000
0.25940000	0.44810000
0.24090000	0.43870000
0.24090000	0.42980000
0.24090000	0.42130000
0.23160000	0.41320000
0.24090000	0.40860000
0.25020000	0.43280000
0.28720000	0.39700000
0.25020000	0.41660000
0.21310000	0.40500000
0.20380000	0.39450000
0.20380000	0.38490000
0.27800000	0.40630000
0.26870000	0.41280000
0.23160000	0.39780000
0.20380000	0.38510000
0.18530000	0.37380000
0.17600000	0.36360000
0.18530000	0.36680000
0.17600000	0.38460000
0.16680000	0.33780000
0.15750000	0.35550000
0.15750000	0.34500000
0.14820000	0.33550000
0.14820000	0.32690000
0.13900000	0.31900000
0.13900000	0.31160000
0.15750000	0.30480000
0.14820000	0.29840000
0.12970000	0.29230000
0.12040000	0.28650000
0.12040000	0.28100000
0.12040000	0.27620000
0.12040000	0.27050000
0.12040000	0.26560000
0.12040000	0.28660000
0.63930000	0.49350000
0.63000000	0.55260000
0.22240000	0.52320000
0.17600000	0.48220000
0.15750000	0.44790000
0.14820000	0.41910000
0.13900000	0.42400000
0.13900000	0.37430000
0.16680000	0.41980000
0.23160000	0.38590000
0.17600000	0.39790000
0.23160000	0.37340000
0.69490000	0.54580000
0.29650000	0.51340000
0.21310000	0.50420000
0.19460000	0.47130000
0.17600000	0.44000000
0.16680000	0.41530000
0.17600000	0.39430000
0.21310000	0.42570000
0.16680000	0.39260000
0.14820000	0.39580000
0.20380000	0.42030000
0.66710000	1.67920000
0.54660000	0.72210000
0.33350000	0.67420000
0.27800000	0.64170000
0.25020000	0.59210000
0.41690000	0.61410000
0.30570000	0.56170000
0.23160000	0.56140000
0.21310000	0.52630000
0.20380000	0.49660000
0.20380000	0.47140000
0.18530000	0.44990000
0.16680000	0.43120000
0.15750000	0.41500000
0.15750000	0.40080000
0.14820000	0.38820000
0.13900000	0.37690000
0.13900000	0.36670000
0.13900000	0.35740000
0.12040000	0.34880000
0.12040000	0.34090000
0.12970000	0.34850000
0.15750000	0.35230000
0.14820000	0.31990000
0.12970000	0.33630000
0.13900000	0.34710000
0.13900000	0.31870000
0.12970000	0.31780000
0.12040000	0.30970000
0.11120000	0.30230000
0.10190000	0.29530000
0.10190000	0.28890000
0.10190000	0.28290000
0.11120000	0.27700000
0.10190000	0.27160000
0.09270000	0.26630000
0.08800000	0.26130000
0.08710000	0.25650000
0.11120000	0.29810000
0.12970000	0.27590000
0.11120000	0.29620000
0.10190000	0.28450000
0.09270000	0.27440000
0.09270000	0.26540000
0.10190000	0.25740000
0.10190000	0.25020000
0.10190000	0.24370000
0.10190000	0.23770000
0.10190000	0.23210000
0.09270000	0.22700000
0.09170000	0.23610000
0.08710000	0.21800000
0.09270000	0.23480000
0.08990000	0.20910000
0.10190000	0.22200000
0.10190000	0.21580000
0.11120000	0.21020000
0.10190000	0.20500000
0.11120000	0.20020000
0.11120000	0.20950000
0.16680000	0.26230000
0.18530000	0.25060000
0.12970000	0.27040000
0.12040000	0.25510000
0.14820000	0.30270000
0.25940000	0.41620000
0.27800000	0.47770000
0.89870000	2.27380000
0.52810000	0.78190000
0.25940000	0.71940000
0.21310000	0.66940000
0.19460000	0.60740000
0.18530000	0.55610000
0.17600000	0.51350000
0.17600000	0.47800000
0.17600000	0.44810000
0.16680000	0.42300000
0.16680000	0.41530000
0.16680000	0.38330000
0.16680000	0.36750000
0.16680000	0.35370000
0.17600000	0.36680000
0.18530000	0.33090000
0.18530000	0.37310000
0.20380000	0.37750000
0.24090000	0.38020000
0.58370000	0.71200000
0.73190000	0.57030000
0.34280000	0.54240000
0.26870000	0.52150000
0.29650000	0.52050000
0.34280000	0.49080000
0.29650000	0.48000000
0.25940000	0.46200000
0.23160000	0.43660000
0.21310000	0.41500000
0.20380000	0.39650000
0.22240000	0.43350000
0.41690000	0.45820000
0.37060000	0.45240000
0.28720000	0.45470000
0.25940000	0.43010000
0.24090000	0.40910000
0.24090000	0.39120000
1.17670000	0.67810000
0.60220000	0.46370000
0.41690000	0.47600000
0.33350000	0.44880000
0.31500000	0.42530000
0.37060000	0.41780000
0.57440000	0.43640000
0.83390000	0.46530000
0.69490000	0.46380000
0.55590000	0.46850000
0.52810000	0.46440000
0.62080000	0.49490000
0.50030000	0.47330000
5.93890000	4.90400000
1.76040000	0.66950000
0.92650000	0.65870000
0.73190000	0.60810000
0.62080000	0.56590000
0.54660000	0.53050000
0.50030000	0.50060000
0.50030000	0.50200000
0.63000000	1.06370000
0.50030000	0.50730000
0.45400000	0.51080000
0.45400000	0.49140000
0.41690000	0.46100000
1.35270000	1.14400000
0.89870000	0.49190000
2.17730000	1.41180000
1.11180000	0.78600000
0.82460000	0.95480000
0.62080000	0.86700000
0.57440000	0.79440000
0.60220000	0.73400000
0.56520000	0.69270000
0.57440000	0.64140000
0.51880000	0.60660000
0.50960000	0.57880000
0.49100000	0.55000000
0.62080000	0.55590000
0.69490000	0.50780000
0.53740000	0.62930000
0.50960000	0.59540000
0.49100000	0.56430000
0.44470000	0.53880000
0.43550000	0.51670000
0.53740000	0.54930000
0.71340000	0.62760000
0.59300000	0.79420000
0.40770000	0.73490000
0.48180000	0.68530000
0.48180000	0.64360000
0.43550000	0.60840000
0.37990000	0.57840000
0.37060000	0.55270000
0.39840000	0.53050000
0.37060000	0.51110000
0.38910000	0.50110000
0.57440000	0.52190000
0.50960000	0.49890000
7.46760000	4.31940000
6.09640000	11.57120000
1.87150000	4.78150000
1.51020000	2.19360000
1.27860000	1.95700000
1.14890000	1.75730000
1.00990000	1.60210000
0.83390000	1.45650000
0.76900000	1.34360000
0.73190000	1.24940000
0.58370000	1.17050000
0.59300000	1.10440000
2.03830000	1.04790000
3.42810000	0.99950000
2.33480000	0.95780000
1.76040000	0.92150000
1.26930000	0.88970000
2.31630000	9.06020000
1.55650000	7.20020000
0.87090000	1.82830000
0.74120000	1.87550000
0.86160000	1.70980000
0.80610000	1.57250000
0.77830000	1.45820000
0.74120000	1.37320000
1.88080000	2.79070000
4.07660000	5.14300000
0.88940000	2.53280000
0.68560000	1.84060000
0.77830000	1.70270000
0.89870000	1.57640000
0.73190000	1.47830000
0.69490000	1.38840000
13.71220000	8.05670000
3.05750000	4.72830000
2.31630000	1.95070000
3.84500000	2.31910000
2.49230000	2.78220000
1.74180000	1.89920000
1.54730000	1.90660000
1.38980000	1.76920000
1.20450000	1.65410000
1.13030000	1.55720000
1.11180000	1.49440000
1.03770000	1.42030000
0.92650000	1.35100000
0.86160000	1.31040000
1.30640000	1.48210000
5.09580000	4.61170000
1.75110000	2.22220000
1.41750000	1.51810000
1.22300000	1.43550000
1.09330000	1.36400000
1.00990000	1.30270000
0.95430000	1.24970000
0.93580000	1.20450000
1.02840000	1.16330000
0.91720000	1.12670000
0.82460000	1.09440000
0.81530000	1.06510000
0.99140000	1.06240000
0.86160000	1.01370000
0.75970000	1.00610000
1.29710000	1.04770000
1.00060000	1.01660000
0.83390000	1.03530000
0.78750000	1.00250000
0.84310000	0.97600000
0.79680000	0.94580000
0.75050000	0.92140000
0.77830000	0.89910000
2.85360000	3.05400000
1.26930000	0.99510000
1.07470000	0.99470000
0.92650000	0.95100000
0.83390000	0.91780000
0.77830000	0.88850000
0.75050000	0.86230000
0.71340000	0.83860000
3.99320000	0.81710000
5.92030000	7.56300000
2.16800000	2.35220000
1.57510000	1.03510000
1.32490000	0.98140000
1.15810000	0.93540000
1.13960000	0.91270000
2.17730000	4.09270000
3.19640000	3.70550000
2.85360000	3.50760000
1.67700000	1.05360000
1.44530000	1.04280000
1.31560000	0.98620000
1.17670000	0.93800000
1.10250000	0.90340000
0.98210000	0.86080000
0.90800000	0.82960000
0.86160000	0.80200000
0.81530000	0.78750000
1.27860000	1.37090000
1.54730000	2.74670000
1.54730000	0.88510000
17.04760000	11.76650000
4.97530000	7.03730000
2.77950000	1.71430000
2.16800000	1.63010000
3.55780000	2.67720000
2.41820000	1.96140000
2.01980000	1.43720000
1.85300000	1.42700000
2.56640000	1.91420000
2.37180000	2.13040000
1.72330000	1.63320000
1.47310000	1.67750000
1.32490000	1.54670000
1.20450000	1.43770000
1.12110000	1.34630000
1.09330000	1.27500000
1.22300000	1.23730000
0.98210000	1.14800000
0.91720000	1.11860000
1.10250000	1.07390000
1.24150000	1.08160000
0.92650000	1.03230000
2.25140000	1.00550000
11.67390000	4.04510000
2.55710000	2.51810000
1.66770000	1.11760000
1.41750000	1.07720000
1.22300000	1.03440000
1.06550000	0.99070000
0.97280000	0.95550000
0.93580000	0.93870000
0.85240000	0.89670000
0.78750000	0.87170000
0.76900000	0.84910000
0.77830000	0.84340000
0.71340000	0.80910000
0.75970000	0.79630000
0.69490000	0.77430000
0.68560000	0.76550000
0.64860000	0.74340000
0.63000000	0.73540000
0.59300000	0.71510000
0.56520000	0.70180000
0.56520000	0.72500000
0.52810000	0.67640000
0.50960000	0.68290000
0.50030000	0.66840000
0.53740000	0.67450000
0.54660000	0.66690000
0.50030000	0.63420000
0.47250000	0.61890000
0.46330000	0.60590000
0.41690000	0.59480000
0.45400000	0.62710000
0.55590000	0.66360000
0.50030000	0.69430000
0.51880000	0.69520000
0.44470000	0.65540000
0.42620000	0.63140000
0.51880000	0.63480000
0.38910000	0.59140000
0.36130000	0.57460000
0.36130000	0.55930000
0.93580000	1.08280000
0.50030000	0.68510000
0.39840000	0.67510000
0.36130000	0.64290000
0.33350000	0.61530000
0.30570000	0.59130000
0.29650000	0.57030000
0.27800000	0.55270000
0.26870000	0.53530000
0.30570000	0.54940000
0.54660000	0.60760000
0.36130000	0.58680000
0.30570000	0.57810000
0.28720000	0.55460000
0.36130000	0.53400000
0.29650000	0.51600000
0.26870000	0.49990000
0.26870000	0.48560000
0.26870000	0.48180000
0.25940000	0.48380000
0.31500000	0.49950000
0.26870000	0.47500000
0.23160000	0.47220000
0.24090000	0.45750000
0.22240000	0.44430000
0.23160000	0.46590000
0.22240000	0.42150000
0.20380000	0.43190000
0.20380000	0.42090000
0.20380000	0.40860000
0.19460000	0.39850000
0.18530000	0.38910000
0.24090000	0.40620000
0.22240000	0.37220000
0.18530000	0.37320000
0.17600000	0.36470000
0.16680000	0.35670000
0.15750000	0.34920000
0.14820000	0.34210000
0.14820000	0.33540000
0.14820000	0.32890000
0.15750000	0.32270000
0.15750000	0.31670000
0.14820000	0.31090000
0.13900000	0.30530000
0.14820000	0.32160000
0.29650000	0.38010000
0.93580000	0.54440000
0.43550000	0.51950000
0.25940000	0.51030000
0.22240000	0.47530000
0.22240000	0.44600000
0.20380000	0.42120000
0.19460000	0.40020000
5.12350000	1.06270000
2.88140000	11.76250000
0.59300000	1.35110000
0.49100000	1.11810000
0.59300000	1.06380000
0.39840000	0.95460000
0.37060000	0.91310000
1.90860000	1.37460000
0.66710000	0.88100000
0.47250000	0.85850000
0.37990000	0.79730000
0.36130000	0.74610000
0.34280000	0.70290000
0.31500000	0.66620000
0.30570000	0.63490000
0.29650000	0.60800000
0.28720000	0.58460000
0.27800000	0.56410000
0.27800000	0.54590000
0.26870000	0.52970000
0.33350000	0.57070000
1.09330000	6.09160000
7.63440000	5.62740000
1.25080000	3.69470000
0.91720000	1.00010000
1.13030000	0.99810000
0.71340000	0.92830000
0.59300000	0.87240000
0.52810000	0.82430000
0.49100000	0.77540000
0.45400000	0.73400000
0.43550000	0.69870000
0.41690000	0.66840000
0.41690000	0.64210000
0.39840000	0.61910000
0.37990000	0.59880000
0.37060000	0.58070000
0.36130000	0.56440000
0.35210000	0.54960000
0.35210000	0.53610000
0.34280000	0.52360000
0.34280000	0.51190000
0.33350000	0.50100000
0.32430000	0.49070000
0.31500000	0.48090000
0.32430000	0.47160000
0.31500000	0.46260000
0.31500000	0.45400000
0.31500000	0.44560000
0.61150000	0.48980000
1.64920000	4.46540000
0.63930000	0.66900000
0.55590000	0.69300000
0.60220000	0.65340000
0.48180000	0.63440000
0.43550000	0.60580000
0.41690000	0.57450000
0.40770000	0.54790000
0.39840000	0.52490000
0.38910000	0.50490000
0.39840000	0.49190000
0.40770000	0.47680000
0.40770000	0.45790000
0.39840000	0.44540000
0.38910000	0.43400000
0.37060000	0.42350000
0.36130000	0.41380000
0.36130000	0.40470000
0.62080000	0.44730000
1.16740000	1.81030000
1.02840000	0.99360000
1.79740000	1.19030000
0.94500000	0.59640000
0.74120000	0.59480000
0.63930000	0.55870000
0.60220000	0.52820000
0.56520000	0.50220000
0.50960000	0.48030000
0.48180000	0.46100000
0.48180000	0.44420000
0.63000000	0.48460000
0.60220000	0.45870000
0.50960000	0.48370000
0.49100000	0.46190000
0.47250000	0.44310000
0.52810000	0.45410000
2.19580000	3.80510000
1.13960000	0.93800000
0.79680000	1.06010000
0.68560000	1.03140000
0.62080000	0.94110000
0.57440000	0.85840000
0.56520000	0.79380000
0.58370000	0.73940000
0.48180000	0.69370000
0.67630000	0.69030000
6.37430000	4.68780000
14.08280000	15.87330000
2.56640000	7.63600000
1.72330000	2.59180000
1.44530000	2.34080000
1.46390000	2.11850000
4.07660000	5.31940000
2.04760000	3.16150000
6.06860000	2.66310000
4.39160000	7.56710000
2.20510000	4.13280000
1.59360000	2.54010000
1.32490000	2.32200000
1.34340000	2.12750000
1.47310000	2.38950000
1.17670000	1.92130000
1.24150000	1.98020000
1.17670000	1.83960000
1.04690000	1.76300000
0.96360000	1.66290000
0.90800000	1.57790000
0.79680000	1.50520000
0.80610000	1.44250000
0.77830000	1.38800000
0.75970000	1.34010000
0.75050000	1.29760000
0.76900000	1.25970000
4.68810000	3.92290000
2.63130000	7.17510000
1.48240000	3.24990000
1.25080000	2.08500000
1.21370000	1.93690000
1.06550000	1.80400000
0.97280000	1.69250000
0.91720000	1.59830000
0.85240000	1.51820000
0.61150000	1.44960000
0.67630000	1.39030000
0.63000000	1.33870000
0.68560000	1.29320000
0.63000000	1.25290000
0.60220000	1.21680000
0.57440000	1.18410000
0.59300000	1.15970000
0.68560000	1.12640000
0.58370000	1.10090000
0.58370000	1.07700000
0.59300000	1.05500000
0.68560000	1.03370000
0.73190000	1.01350000
0.69490000	0.99400000
0.63930000	0.97540000
0.85240000	0.95730000
1.17670000	1.11220000
0.96360000	1.34510000
0.77830000	1.00360000
0.63000000	1.14470000
0.61150000	1.09250000
0.64860000	1.06500000
0.78750000	2.39230000
0.78750000	1.22300000
0.67630000	1.35980000
0.78750000	1.28330000
0.97280000	1.20310000
0.79680000	1.13850000
0.69490000	1.08560000
0.67630000	1.04300000
0.62080000	1.00040000
0.58370000	0.96560000
0.59300000	0.93480000
0.66710000	0.92250000
0.58370000	0.88250000
0.52810000	0.86080000
0.55590000	0.83990000
0.51880000	0.82060000
0.49100000	0.80250000
0.50960000	0.78550000
0.50030000	0.76950000
0.51880000	0.75420000
0.63000000	0.75430000
0.55590000	0.74360000
0.55590000	0.71270000
0.49100000	0.72540000
0.49100000	0.70900000
0.53740000	0.69370000
0.61150000	0.73930000
0.60220000	0.71150000
0.57440000	0.73820000
0.55590000	0.71350000
0.50030000	0.69160000
0.49100000	0.67190000
0.47250000	0.65410000
0.45400000	0.63780000
0.45400000	0.62280000
0.47250000	0.61000000
0.47250000	0.60300000
0.54660000	0.60330000
0.50960000	0.57160000
0.49100000	0.57640000
0.49100000	0.57370000
0.44470000	0.55120000
0.43550000	0.53980000
0.43550000	0.52890000
0.40770000	0.51860000
0.40770000	0.50860000
0.44470000	0.50760000
0.63000000	0.52590000
1.01920000	1.04200000
1.16740000	0.62190000
1.09330000	0.65780000
0.78750000	0.62820000
0.71340000	0.63530000
0.72270000	0.61270000
1.66770000	2.36980000
1.55650000	1.93500000
1.00060000	0.69470000
0.90800000	0.78860000
0.82460000	0.74080000
0.74120000	0.69440000
0.68560000	0.65170000
0.63930000	0.61950000
1.02840000	0.65280000
1.05620000	1.72320000
0.75050000	0.66650000
0.86160000	0.69960000
1.27860000	1.72490000
1.75110000	0.99080000
1.13960000	1.05690000
0.99140000	1.07870000
0.90800000	0.98930000
2.17730000	1.83810000
4.83630000	6.29110000
2.14020000	1.86220000
1.51950000	1.55190000
1.25080000	1.44390000
1.12110000	1.31700000
1.00990000	1.21170000
0.90800000	1.12400000
0.82460000	1.05070000
0.76900000	0.99670000
0.75050000	0.93870000
0.80610000	0.91950000
1.00060000	0.91340000
0.88940000	0.93200000
4.29900000	4.69050000
3.53920000	4.89680000
2.93700000	2.80870000
4.48430000	3.30780000
2.20510000	1.57980000
1.82520000	1.63050000
1.42680000	1.48490000
1.22300000	1.37020000
1.13960000	1.27460000
1.00060000	1.19440000
0.98210000	1.14520000
0.99140000	1.10320000
1.76040000	1.02370000
3.91910000	1.06130000
1.37120000	1.00560000
1.07470000	1.00080000
0.94500000	0.95920000
0.86160000	0.92290000
0.78750000	0.89110000
0.73190000	0.86290000
0.68560000	0.83770000
0.65780000	0.81490000
0.82460000	0.85200000
0.82460000	0.87010000
0.76900000	0.86080000
0.98210000	1.30780000
0.87090000	0.94360000
0.67630000	0.91020000
0.59300000	0.87290000
0.56520000	0.83740000
0.54660000	0.85560000
0.75050000	1.41140000
2.00120000	4.12080000
1.61210000	2.00500000
0.97280000	0.98980000
0.78750000	0.93480000
0.82460000	0.91750000
1.76040000	0.89050000
6.05930000	1.75450000
1.38050000	0.89720000
1.01920000	0.88520000
0.85240000	0.85400000
0.73190000	0.80840000
0.66710000	0.77750000
0.69490000	0.75040000
1.56580000	2.34760000
0.93580000	0.79880000
1.08400000	0.84390000
0.96360000	0.82220000
0.73190000	0.79370000
0.63000000	0.76020000
0.55590000	0.73120000
0.50030000	0.70570000
0.47250000	0.68320000
0.45400000	0.66300000
0.42620000	0.64480000
0.45400000	0.63780000
0.41690000	0.61310000
0.41690000	0.64510000
0.46330000	0.72140000
0.42620000	0.69740000
0.38910000	0.69240000
0.36130000	0.66360000
0.37060000	0.63850000
0.35210000	0.61650000
0.29650000	0.59710000
0.32430000	0.57960000
0.31500000	0.56390000
0.31500000	0.54950000
0.31500000	0.53630000
0.30570000	0.52410000
0.27800000	0.51260000
0.26870000	0.50190000
0.25940000	0.49170000
0.26870000	0.48200000
0.33350000	0.49540000
0.29650000	0.46380000
0.26870000	0.45520000
0.26870000	0.44690000
0.31500000	0.45870000
0.35210000	0.52010000
1.36200000	1.93010000
0.45400000	0.72270000
0.41690000	0.71390000
0.44470000	0.67100000
0.35210000	0.65460000
0.30570000	0.60900000
0.36130000	0.65990000
0.60220000	0.61930000
0.86160000	0.71160000
1.35270000	1.22520000
0.77830000	2.51880000
0.46330000	0.82300000
0.38910000	0.79660000
0.36130000	0.74180000
0.33350000	0.69570000
0.29650000	0.65690000
0.29650000	0.63250000
0.27800000	0.59550000
0.25940000	0.57110000
0.26870000	0.58390000
0.26870000	0.53310000
0.24090000	0.53760000
0.24090000	0.51940000
0.22240000	0.50330000
0.21310000	0.48880000
0.20380000	0.47570000
0.21310000	0.50360000
0.21310000	0.45270000
0.23160000	0.52230000
0.32430000	0.54770000
0.33350000	0.54670000
0.25940000	0.53170000
0.22240000	0.50830000
0.21310000	0.48790000
0.19460000	0.47020000
1.89010000	4.33090000
11.48860000	8.96990000
1.00990000	1.22850000
0.57440000	0.96900000
0.45400000	0.88780000
0.38910000	0.81920000
0.35210000	0.76200000
0.33350000	0.71400000
0.30570000	0.67350000
0.28720000	0.63920000
0.28720000	0.60980000
0.29650000	0.58440000
0.29650000	0.57810000
0.28720000	0.55410000
0.80610000	2.26620000
1.34340000	4.15150000
0.69490000	0.81250000
0.49100000	0.78470000
0.41690000	0.73350000
0.39840000	0.69040000
0.63000000	0.69380000
0.50030000	0.66030000
0.40770000	0.64220000
0.36130000	0.61560000
0.33350000	0.58960000
0.32430000	0.56690000
0.35210000	0.56580000
0.78750000	0.58040000
0.47250000	0.56060000
0.39840000	0.57060000
1.03770000	0.75790000
0.68560000	0.66020000
0.50030000	0.63850000
0.42620000	0.61280000
0.39840000	0.58350000
0.37060000	0.55830000
0.37060000	0.54110000
0.35210000	0.51730000
0.33350000	0.50040000
0.32430000	0.48540000
0.31500000	0.47180000
0.30570000	0.45950000
0.32430000	0.46960000
0.37990000	0.44710000
0.35210000	0.43770000
0.32430000	0.42720000
0.32430000	0.41750000
0.31500000	0.40840000
0.38910000	0.44930000
1.00990000	2.61410000
2.64980000	4.65220000
5.21620000	6.45130000
1.60280000	0.85730000
1.08400000	0.81860000
0.89870000	0.75610000
0.77830000	0.70210000
0.72270000	0.65700000
2.71460000	1.62010000
2.89990000	3.37650000
1.21370000	1.09000000
1.56580000	2.31680000
7.78260000	7.58230000
2.24210000	2.84830000
1.59360000	2.07110000
1.36200000	1.85880000
2.19580000	2.06510000
1.49170000	1.68360000
1.20450000	1.77020000
1.05620000	1.61530000
0.98210000	1.48680000
0.91720000	1.37980000
0.85240000	1.29030000
0.81530000	1.21490000
0.78750000	1.15100000
0.75970000	1.09640000
0.94500000	1.23350000
1.27860000	1.39240000
0.96360000	1.07920000
0.94500000	1.17100000
0.88940000	1.17190000
0.80610000	1.27500000
0.74120000	1.19870000
0.70410000	1.13420000
0.72270000	1.10050000
1.25080000	2.55850000
0.92650000	1.24740000
0.81530000	1.41350000
0.77830000	1.31680000
2.42740000	2.90000000
1.97340000	2.38050000
1.58430000	1.70680000
1.76040000	1.67970000
1.30640000	1.61580000
1.13030000	1.65900000
1.08400000	1.53810000
1.07470000	1.44310000
1.07470000	1.35190000
3.60410000	4.11930000
1.72330000	2.56080000
1.55650000	1.76620000
1.58430000	1.63810000
1.31560000	1.52830000
1.26000000	1.45250000
13.15630000	12.20790000
3.79870000	7.45080000
2.16800000	2.45280000
1.74180000	2.27920000
2.82580000	2.63180000
2.89990000	6.12780000
2.02900000	3.71380000
1.63990000	2.38120000
1.41750000	2.20110000
1.32490000	2.04010000
1.37120000	1.90590000
1.46390000	1.79260000
1.32490000	1.69680000
1.22300000	1.61500000
1.17670000	1.54470000
1.19520000	1.48380000
1.22300000	1.43060000
15.75050000	9.95720000
5.32740000	13.14070000
3.02970000	6.54110000
2.23290000	2.77240000
1.78810000	2.68770000
1.75110000	2.47030000
1.89010000	2.29380000
1.63060000	2.13030000
1.26930000	2.06310000
1.24150000	1.94970000
1.23220000	1.84680000
1.21370000	1.75900000
1.15810000	1.68340000
1.10250000	1.61780000
1.07470000	1.56040000
1.04690000	1.50970000
1.01920000	1.46450000
1.00060000	1.42380000
0.97280000	1.38680000
0.95430000	1.35730000
0.95430000	1.93730000
0.94500000	2.53910000
2.24210000	3.80440000
2.60350000	6.28230000
1.60280000	3.55210000
1.37120000	2.28220000
1.19520000	2.11850000
1.19520000	1.97780000
1.13960000	1.85200000
1.12110000	1.75080000
6.55040000	6.55760000
2.93700000	8.27330000
1.92710000	3.69480000
1.64920000	2.41500000
1.37120000	2.24020000
1.14890000	2.08650000
1.14890000	1.95800000
1.15810000	1.84910000
1.16740000	1.75650000
1.16740000	1.71030000
1.13030000	1.60950000
1.12110000	1.69450000
1.00060000	1.62000000
0.98210000	1.55560000
0.98210000	1.49930000
0.98210000	1.44960000
0.98210000	1.40550000
1.00060000	1.36580000
0.99140000	1.32980000
0.97280000	1.29690000
0.97280000	1.26650000
0.97280000	1.23820000
0.97280000	1.21160000
0.97280000	1.18660000
1.05620000	1.16290000
1.15810000	1.14020000
1.26000000	1.11850000
1.26000000	1.10580000
1.42680000	1.10560000
2.09390000	2.84730000
2.61270000	2.92810000
2.85360000	1.88720000
2.39960000	1.42300000
2.02900000	1.48130000
2.18650000	1.40060000
2.70540000	1.36100000
2.80730000	2.99650000
3.06670000	2.18180000
3.38170000	2.38850000
3.14080000	2.38350000
2.89990000	2.46900000
2.68690000	2.58730000
2.64050000	2.81650000
2.52930000	2.00950000
2.39040000	1.98770000
2.32550000	1.87390000
3.36320000	2.29380000
8.91290000	8.67320000
8.08830000	8.88010000
4.14150000	4.06200000
3.16860000	2.57000000
2.58490000	2.37460000
2.30700000	2.19000000
2.09390000	2.03610000
1.89930000	1.90710000
1.76040000	1.79830000
1.80670000	1.71100000
1.99200000	1.65060000
1.61210000	1.55890000
1.47310000	1.52000000
1.63990000	1.49630000
1.39900000	1.41650000
1.42680000	1.40640000
3.47440000	3.76020000
2.16800000	2.11710000
1.83450000	1.42300000
1.58430000	1.37620000
1.48240000	1.32970000
1.39900000	1.28840000
1.33420000	1.25140000
1.26930000	1.21790000
1.25080000	1.19170000
1.20450000	1.15910000
1.15810000	1.13290000
1.31560000	1.14960000
1.10250000	1.08530000
1.05620000	1.11650000
1.01920000	1.08780000
1.02840000	1.06330000
1.10250000	1.06220000
1.00990000	1.01430000
0.99140000	1.01700000
1.09330000	1.00600000
0.96360000	0.96500000
0.92650000	0.95320000
0.88940000	0.93300000
0.88940000	0.91400000
0.93580000	0.90750000
0.86160000	0.87860000
0.84310000	0.86190000
1.04690000	0.89190000
1.68620000	2.26780000
1.79740000	1.45760000
1.07470000	0.99160000
0.91720000	0.97380000
0.84310000	0.93500000
0.80610000	0.90120000
0.78750000	0.87140000
0.92650000	0.90780000
0.86160000	0.86900000
0.72270000	0.87840000
0.68560000	0.84740000
0.64860000	0.82000000
0.64860000	0.79890000
0.61150000	0.77450000
0.60220000	0.75350000
0.64860000	0.73720000
0.88940000	0.76760000
0.77830000	0.74400000
0.70410000	0.75060000
0.64860000	0.74540000
0.59300000	0.70690000
0.61150000	0.69020000
0.73190000	0.69950000
0.71340000	0.66480000
0.64860000	0.66710000
0.58370000	0.64950000
0.54660000	0.63340000
1.22300000	2.82860000
0.86160000	0.82390000
0.67630000	0.79870000
0.62080000	0.75830000
0.56520000	0.72360000
1.17670000	1.26490000
0.82460000	0.79870000
0.68560000	0.79340000
0.58370000	0.75260000
0.55590000	0.71780000
0.52810000	0.68780000
0.49100000	0.66160000
0.48180000	0.64310000
0.81530000	0.69800000
0.57440000	0.67310000
0.50960000	0.65720000
0.44470000	0.63230000
0.45400000	0.62610000
0.61150000	0.64230000
0.48180000	0.60840000
0.43550000	0.59650000
0.40770000	0.58790000
0.38910000	0.55950000
0.37060000	0.54390000
0.38910000	0.53960000
0.41690000	0.52670000
0.36130000	0.50440000
0.33350000	0.49320000
0.31500000	0.48270000
0.29650000	0.47270000
0.28720000	0.46330000
0.27800000	0.45430000
0.26870000	0.44560000
0.25020000	0.43730000
0.24090000	0.42930000
0.24090000	0.42150000
0.24090000	0.41400000
0.25940000	0.40660000
0.23160000	0.39940000
0.20380000	0.39240000
0.19460000	0.38560000
0.18530000	0.37890000
0.17600000	0.37230000
0.17600000	0.36590000
0.18530000	0.35960000
0.17600000	0.35350000
0.16680000	0.34740000
0.16680000	0.34150000
0.18530000	0.37620000
0.23160000	0.34730000
0.19460000	0.36220000
0.68560000	0.54230000
0.82460000	0.66950000
0.70410000	0.70770000
0.35210000	0.65090000
0.30570000	0.61490000
0.26870000	0.56250000
0.24090000	0.52940000
0.88020000	0.54450000
0.37060000	0.52060000
0.29650000	0.50060000
0.25020000	0.47480000
0.22240000	0.45280000
0.20380000	0.46140000
0.22240000	0.45160000
0.20380000	0.41020000
0.18530000	0.41190000
0.18530000	0.39740000
0.21310000	0.38460000
0.17600000	0.37310000
0.16680000	0.36280000
0.15750000	0.35340000
0.15750000	0.34480000
0.16680000	0.33690000
0.32430000	0.43530000
0.24090000	0.41430000
0.18530000	0.42540000
0.16680000	0.40430000
0.15750000	0.38620000
0.15750000	0.37060000
0.13900000	0.35690000
1.96420000	3.91450000
1.42680000	3.40450000
0.43550000	0.95450000
0.31500000	0.88920000
0.30570000	0.81900000
0.38910000	0.78470000
0.28720000	0.71220000
0.26870000	0.69240000
0.25020000	0.63580000
0.23160000	0.59800000
0.22240000	0.58190000
0.22240000	0.54370000
0.21310000	0.52120000
0.20380000	0.49530000
0.20380000	0.47730000
0.18530000	0.46160000
0.18530000	0.44770000
0.16680000	0.43510000
0.16680000	0.42370000
0.15750000	0.41330000
0.14820000	0.40360000
0.13900000	0.39460000
0.12970000	0.38620000
0.12970000	0.37830000
0.12040000	0.37070000
0.11120000	0.36350000
0.12040000	0.35660000
0.11120000	0.34990000
0.09270000	0.34350000
0.09170000	0.33730000
0.10190000	0.33120000
0.13900000	0.41740000
0.21310000	0.44170000
0.15750000	0.42860000
0.13900000	0.41700000
0.12970000	0.39890000
0.17600000	0.43040000
0.19460000	0.39890000
0.14820000	0.41390000
0.13900000	0.39440000
0.12970000	0.37750000
0.12040000	0.36820000
0.12040000	0.52890000
0.12970000	0.50160000
0.12040000	0.51130000
0.11120000	0.47770000
0.20380000	0.54980000
0.76900000	0.72440000
0.32430000	0.70780000
4.47500000	7.35010000
7.69920000	10.51630000
1.08400000	1.55080000
0.66710000	1.16220000
0.59300000	1.09210000
0.68560000	1.02150000
0.53740000	0.95710000
0.47250000	0.89990000
0.41690000	0.83670000
0.37990000	0.78270000
0.35210000	0.73720000
0.34280000	0.69870000
0.32430000	0.68320000
0.31500000	0.63740000
0.53740000	0.62410000
0.88020000	2.08360000
0.51880000	0.71480000
0.43550000	0.70730000
0.39840000	0.67120000
0.39840000	0.66750000
0.39840000	0.61370000
0.37990000	0.61450000
0.35210000	0.59070000
0.33350000	0.56990000
0.34280000	0.55150000
0.31500000	0.53500000
0.31500000	0.52020000
0.69490000	0.91170000
0.70410000	0.62360000
0.46330000	0.61360000
0.40770000	0.60350000
0.38910000	0.57620000
0.37990000	0.55270000
0.36130000	0.53210000
0.34280000	0.51410000
0.61150000	1.04160000
1.10250000	2.37000000
0.63000000	0.62310000
0.52810000	0.62850000
0.48180000	0.59500000
0.45400000	0.56650000
0.43550000	0.54190000
0.41690000	0.52070000
0.40770000	0.50200000
0.40770000	0.48560000
0.38910000	0.47100000
0.37990000	0.45780000
0.42620000	0.47600000
1.63060000	3.91000000
0.85240000	0.70200000
0.64860000	0.79200000
0.56520000	0.73160000
0.53740000	0.68110000
0.49100000	0.63880000
0.49100000	0.60310000
0.46330000	0.57270000
0.45400000	0.55900000
0.50030000	0.53530000
0.44470000	0.50470000
0.39840000	0.50130000
0.38910000	0.48410000
0.40770000	0.48770000
2.33480000	5.75500000
1.84370000	6.09800000
0.95430000	2.02710000
0.76900000	1.67730000
0.67630000	1.50350000
0.60220000	1.36010000
0.54660000	1.24170000
0.49100000	1.14350000
0.43550000	1.06170000
0.40770000	0.99320000
0.50030000	0.93600000
0.87090000	3.08900000
1.25080000	3.10870000
0.69490000	1.43310000
0.51880000	1.47590000
0.50030000	1.35400000
0.49100000	1.25320000
0.46330000	1.16850000
0.45400000	1.09740000
0.42620000	1.03730000
0.40770000	0.98610000
0.39840000	0.94500000
0.38910000	0.90760000
0.36130000	0.87060000
0.34280000	0.84150000
0.33350000	0.81560000
0.30570000	0.79230000
0.32430000	0.77120000
0.39840000	0.75190000
0.33350000	0.73420000
0.35210000	0.71770000
0.36130000	0.70220000
0.38910000	0.69070000
0.41690000	0.67380000
0.34280000	0.66060000
0.32430000	0.64800000
0.32430000	0.63590000
0.32430000	0.62460000
0.28720000	0.61330000
0.22240000	0.60230000
0.23160000	0.59150000
0.23160000	0.58110000
0.23160000	0.57090000
0.24090000	0.56100000
0.24090000	0.55120000
0.26870000	0.54170000
0.27800000	0.53240000
0.25940000	0.52320000
0.25940000	0.51430000
0.25940000	0.51750000
0.26870000	0.51470000
0.25940000	0.49130000
0.25020000	0.51060000
0.25940000	0.49970000
0.25020000	0.48790000
0.25020000	0.47690000
0.28720000	0.48950000
0.34280000	0.46070000
0.40770000	0.48080000
0.40770000	0.47040000
0.38910000	0.45770000
0.32430000	0.44610000
0.38910000	0.43550000
3.77090000	2.54240000
5.11430000	0.90100000
1.92710000	1.01260000
1.55650000	0.96300000
2.30700000	0.91580000
2.63130000	1.06890000
1.55650000	1.06050000
1.00990000	1.03640000
0.82460000	0.95250000
0.66710000	0.88300000
0.71340000	0.82490000
0.86160000	0.77940000
2.56640000	0.73910000
2.77950000	0.73660000
1.21370000	0.83250000
1.41750000	5.43940000
1.77890000	7.65310000
1.45460000	2.75900000
0.99140000	2.03230000
0.92650000	1.83860000
0.89870000	1.65710000
0.77830000	1.51630000
0.75970000	1.39950000
3.74310000	4.31080000
2.38110000	2.53980000
1.47310000	1.77210000
1.88080000	1.97380000
1.87150000	2.22250000
1.28780000	1.70190000
1.05620000	1.67320000
0.95430000	1.55180000
0.89870000	1.45010000
8.19030000	2.87130000
8.52380000	9.09680000
2.70540000	4.70790000
1.99200000	2.14410000
5.93890000	8.58820000
11.95190000	13.59480000
3.34470000	6.51150000
2.39960000	2.95240000
1.91790000	2.68210000
1.63990000	2.45080000
1.68620000	2.29010000
1.45460000	2.09910000
1.30640000	1.99890000
1.20450000	1.88090000
1.10250000	1.78090000
1.12110000	1.71460000
1.09330000	1.62650000
1.35270000	1.97260000
2.44600000	3.72560000
1.45460000	1.54890000
1.24150000	1.54380000
1.13960000	1.48520000
1.04690000	1.43380000
1.00060000	1.38830000
0.95430000	1.34760000
1.09330000	1.34120000
1.42680000	1.85650000
1.24150000	1.30160000
1.06550000	1.29790000
1.00060000	1.26350000
1.23220000	1.53560000
1.15810000	1.68190000
0.99140000	1.22970000
1.09330000	1.23600000
1.64920000	2.82470000
1.25080000	1.23540000
1.16740000	1.39980000
2.49230000	1.70390000
3.11300000	4.60280000
2.07540000	2.36350000
1.61210000	1.67560000
5.94810000	1.57670000
8.38480000	7.22120000
2.78880000	4.57540000
3.19640000	2.01530000
3.28910000	2.48340000
2.07540000	1.75840000
1.76960000	1.85210000
1.88080000	1.75810000
2.39960000	3.67250000
1.65840000	1.59500000
1.45460000	1.67210000
1.32490000	1.57530000
10.93270000	8.37700000
4.32680000	7.86320000
2.40890000	1.99210000
2.00120000	2.11000000
1.89010000	1.96360000
1.67700000	1.81830000
2.10320000	2.15280000
1.66770000	2.31370000
1.41750000	1.60710000
1.38050000	1.53480000
1.26930000	1.45940000
1.16740000	1.40040000
1.07470000	1.34890000
1.00990000	1.30360000
0.96360000	1.26340000
0.94500000	1.22720000
0.99140000	1.20800000
1.53800000	1.22260000
1.89010000	1.26530000
3.23350000	2.68430000
3.23350000	2.89510000
3.03890000	6.64630000
2.04760000	3.48710000
1.60280000	1.38680000
1.36200000	1.31880000
1.26930000	1.27740000
1.16740000	1.22360000
1.05620000	1.16590000
0.96360000	1.12710000
0.89870000	1.09480000
1.01920000	1.07220000
0.85240000	1.03340000
0.79680000	1.00770000
0.73190000	0.98390000
0.68560000	0.96190000
0.65780000	0.94120000
0.60220000	0.92170000
0.59300000	0.90320000
0.64860000	0.89400000
0.66710000	0.86870000
0.59300000	0.85240000
0.55590000	0.83670000
0.52810000	0.82150000
0.51880000	0.82540000
0.50030000	0.79240000
0.50960000	0.83300000
0.49100000	0.80420000
0.46330000	0.80130000
0.45400000	0.78120000
0.44470000	0.76270000
0.65780000	0.79930000
0.52810000	0.76770000
0.48180000	0.76790000
0.46330000	0.74770000
0.47250000	0.72880000
0.46330000	0.72310000
0.41690000	0.69180000
0.50030000	0.68570000
0.46330000	0.66120000
0.40770000	0.64740000
0.38910000	0.63440000
0.38910000	0.62200000
0.37060000	0.61010000
0.32430000	0.59870000
0.31500000	0.58770000
0.29650000	0.57700000
0.43550000	0.69340000
0.43550000	0.67110000
0.36130000	0.66300000
0.32430000	0.63760000
0.31500000	0.61530000
0.73190000	0.68670000
1.50090000	0.74860000
0.46330000	0.71470000
0.37990000	0.68390000
0.47250000	0.66530000
0.37060000	0.62580000
0.33350000	0.60230000
0.29650000	0.58170000
0.26870000	0.56350000
0.25020000	0.54710000
0.25020000	0.53230000
0.26870000	0.51880000
0.35210000	0.50640000
0.27800000	0.49490000
0.23160000	0.48420000
0.22240000	0.47400000
0.22240000	0.46570000
0.35210000	0.45530000
0.67630000	0.50670000
0.30570000	0.48120000
0.25020000	0.48680000
0.24090000	0.47950000
0.24090000	0.45710000
0.21310000	0.44450000
0.20380000	0.43310000
0.18530000	0.43540000
0.18530000	0.42630000
0.25020000	0.43910000
0.28720000	0.39520000
0.23160000	0.41720000
0.22240000	0.43660000
0.23160000	0.40070000
0.24090000	0.40450000
0.27800000	0.44140000
0.23160000	0.41330000
0.19460000	0.41550000
0.18530000	0.40960000
0.39840000	0.44680000
0.50030000	0.53950000
0.33350000	0.53070000
0.25020000	0.50990000
0.23160000	0.49970000
0.32430000	0.50780000
0.30570000	0.49210000
0.25020000	0.47550000
0.26870000	0.50050000
0.22240000	0.46250000
0.21310000	0.46000000
0.21310000	0.43810000
0.22240000	0.47690000
0.22240000	0.44300000
3.71530000	6.41160000
0.94500000	1.50190000
0.48180000	0.95100000
0.37990000	0.88040000
0.34280000	0.80530000
0.34280000	0.75760000
0.34280000	0.69100000
0.44470000	0.67980000
0.82460000	2.25220000
3.05750000	4.95340000
10.00620000	13.34800000
34.18790000	20.56750000
7.81040000	13.05590000
3.68750000	5.73060000
2.39040000	2.33050000
1.78810000	2.23930000
1.42680000	2.05710000
1.51950000	1.86100000
4.10440000	3.05400000
1.78810000	2.29120000
1.40830000	1.56350000
1.27860000	1.54000000
1.13030000	1.43210000
1.07470000	1.35550000
1.03770000	1.29710000
9.02410000	6.57470000
3.59480000	8.15220000
2.66830000	4.92430000
1.75110000	2.17270000
1.50090000	2.18920000
1.71400000	2.41010000
2.04760000	5.16530000
2.42740000	4.76990000
1.43610000	2.18630000
1.35270000	2.23370000
3.87280000	5.18790000
2.06610000	3.77840000
1.63990000	2.29050000
1.38050000	2.17230000
1.20450000	2.04130000
1.10250000	1.90550000
1.01920000	1.79140000
0.96360000	1.69480000
0.91720000	1.61240000
0.89870000	1.54170000
0.88020000	1.51510000
2.38110000	4.50250000
5.18840000	7.48590000
2.20510000	6.31150000
1.39900000	3.06590000
1.21370000	2.08410000
1.10250000	1.94050000
1.55650000	3.32740000
2.66830000	5.48280000
1.39900000	3.06590000
1.18590000	2.09050000
1.09330000	1.95100000
1.02840000	1.83180000
0.99140000	1.73730000
0.94500000	1.64540000
0.97280000	1.59520000
0.95430000	1.52690000
1.63990000	5.13420000
2.65910000	8.58800000
2.24210000	3.85720000
1.83450000	2.31710000
1.48240000	2.14490000
1.33420000	1.99770000
1.24150000	1.87410000
1.11180000	1.76970000
1.03770000	1.68100000
1.00990000	1.60500000
0.98210000	1.53930000
0.94500000	1.48210000
0.94500000	1.43270000
0.97280000	1.40510000
0.88940000	1.34710000
0.86160000	1.31660000
0.85240000	1.28270000
0.85240000	1.25190000
1.51020000	1.66380000
2.15870000	4.77120000
1.22300000	2.24440000
1.05620000	1.57770000
1.01920000	1.49450000
1.52870000	1.98020000
9.45030000	7.07860000
31.31570000	19.94090000
5.16060000	11.52110000
3.23350000	3.24900000
2.54790000	3.03490000
2.19580000	2.75670000
1.96420000	2.52660000
3.16860000	2.82420000
2.80730000	4.44980000
1.89930000	2.30390000
1.68620000	2.38490000
1.54730000	2.22170000
1.47310000	2.08470000
1.42680000	1.96900000
1.47310000	1.88440000
4.97530000	5.03910000
9.82090000	11.70700000
2.99260000	6.66600000
2.40890000	2.74470000
2.02900000	2.57740000
1.83450000	2.39200000
1.71400000	2.23670000
1.63990000	2.10600000
1.59360000	1.99550000
1.52870000	1.90570000
1.39900000	1.81930000
1.33420000	1.75020000
1.27860000	1.68690000
1.26000000	1.63230000
1.25080000	1.59580000
1.26930000	2.10260000
4.87340000	6.71720000
1.91790000	3.68810000
1.59360000	2.16430000
1.47310000	2.04240000
4.23410000	1.93080000
3.44660000	5.17440000
1.95490000	3.84040000
1.79740000	2.25270000
1.65840000	2.12050000
1.51950000	1.99180000
1.44530000	1.88730000
1.31560000	1.79020000
1.15810000	1.71070000
1.20450000	1.64190000
1.20450000	1.58190000
1.21370000	1.52900000
1.15810000	1.48200000
1.08400000	1.43980000
1.08400000	1.40160000
1.06550000	1.36660000
3.27050000	4.72140000
1.95490000	4.33860000
1.41750000	1.84840000
1.24150000	1.83220000
1.12110000	1.72570000
1.36200000	1.65370000
1.40830000	2.24230000
1.12110000	1.65390000
1.09330000	1.71580000
1.13960000	1.62480000
1.06550000	1.54680000
1.10250000	1.47980000
1.96420000	1.97770000
1.65840000	2.42070000
1.44530000	1.67640000
2.68690000	2.20790000
1.85300000	1.70890000
1.51020000	1.87090000
1.39900000	1.75260000
1.32490000	1.64960000
1.27860000	1.56370000
1.22300000	1.49040000
1.13030000	1.42720000
1.11180000	1.37230000
1.19520000	1.33810000
1.11180000	1.28170000
1.05620000	1.24370000
1.02840000	1.20950000
1.08400000	1.19250000
1.04690000	1.14970000
1.12110000	1.15100000
1.05620000	1.10370000
0.93580000	1.11270000
0.97280000	1.09530000
0.97280000	1.05950000
0.95430000	1.03770000
1.05620000	1.03440000
0.93580000	0.99430000
0.88940000	0.99160000
0.86160000	0.97000000
0.81530000	0.94970000
0.85240000	0.93040000
0.83390000	0.91210000
1.27860000	0.93510000
1.03770000	0.87970000
0.87090000	0.91300000
0.83390000	0.88980000
0.81530000	0.86840000
2.66830000	0.84860000
3.86350000	4.32190000
1.80670000	1.47890000
2.17730000	1.25230000
1.57510000	1.15080000
1.37120000	1.19220000
1.21370000	1.12170000
1.16740000	1.06200000
1.13030000	1.01120000
1.09330000	0.97000000
1.00060000	0.92950000
0.95430000	0.89630000
0.94500000	0.86700000
0.94500000	0.84300000
0.90800000	0.81730000
0.86160000	0.79600000
0.84310000	0.77640000
0.83390000	0.75840000
0.79680000	0.74150000
0.85240000	0.72570000
1.27860000	0.75880000
0.92650000	0.73770000
0.86160000	0.74280000
0.83390000	0.72140000
1.66770000	0.74340000
1.93640000	2.73530000
1.20450000	0.77760000
0.99140000	0.79460000
0.96360000	0.76090000
0.95430000	0.73670000
0.86160000	0.70600000
0.85240000	0.70440000
0.83390000	0.66310000
0.98210000	0.69970000
0.82460000	0.66750000
0.77830000	0.67670000
0.74120000	0.65370000
0.71340000	0.63330000
0.67630000	0.61500000
0.65780000	0.59850000
0.64860000	0.58340000
0.63000000	0.56950000
0.62080000	0.55660000
0.62080000	0.54450000
0.61150000	0.53310000
0.59300000	0.52240000
0.59300000	0.51840000
0.59300000	0.50230000
0.56520000	0.49280000
0.55590000	0.48480000
0.62080000	0.49900000
0.57440000	0.46640000
0.57440000	0.46790000
0.93580000	0.54300000
2.35330000	3.43570000
1.16740000	0.70540000
0.85240000	0.68920000
0.75050000	0.64710000
0.78750000	0.64650000
0.67630000	0.58120000
0.66710000	0.59890000
0.63930000	0.56410000
0.63930000	0.55280000
0.65780000	0.53750000
0.69490000	0.54720000
0.95430000	0.52770000
0.69490000	0.52040000
0.62080000	0.49540000
0.60220000	0.47880000
0.60220000	0.48420000
0.74120000	0.49440000
0.66710000	0.49120000
0.57440000	0.48480000
0.53740000	0.46680000
0.50030000	0.45090000
0.55590000	0.49240000
2.36260000	3.39030000
1.18590000	0.67250000
0.76900000	0.63990000
0.65780000	0.59860000
0.58370000	0.56390000
0.54660000	0.53450000
0.62080000	0.56810000
0.76900000	1.56000000
0.63000000	0.62660000
0.67630000	0.64240000
0.57440000	0.58270000
0.53740000	0.55160000
0.50960000	0.54030000
0.62080000	0.54510000
0.86160000	0.50830000
1.58430000	0.57580000
0.70410000	0.54360000
1.32490000	0.53500000
7.25450000	6.00080000
1.35270000	0.75080000
1.07470000	0.75350000
0.88020000	0.68450000
0.76900000	0.64020000
0.69490000	0.60310000
0.63930000	0.57390000
0.58370000	0.54470000
0.52810000	0.52160000
0.48180000	0.50150000
0.57440000	0.53130000
0.97280000	1.31260000
0.57440000	0.59650000
0.51880000	0.58800000
0.47250000	0.55710000
0.44470000	0.53070000
0.44470000	0.51850000
0.45400000	0.49370000
0.44470000	0.47110000
0.39840000	0.45580000
0.38910000	0.44220000
0.38910000	0.44330000
0.36130000	0.41880000
0.35210000	0.40860000
0.32430000	0.39910000
0.30570000	0.39030000
0.29650000	0.38200000
0.28720000	0.40010000
0.38910000	0.40500000
0.33350000	0.36280000
0.29650000	0.39750000
0.25940000	0.36400000
0.25020000	0.36820000
0.25940000	0.34720000
0.30570000	0.35070000
0.26870000	0.33250000
0.23160000	0.32580000
0.25020000	0.31940000
0.24090000	0.31550000
0.33350000	0.30740000
0.26870000	0.30170000
0.23160000	0.29620000
0.24090000	0.33850000
0.26870000	0.31850000
0.26870000	0.37010000
0.25020000	0.34190000
0.23160000	0.33280000
0.27800000	0.41450000
1.89930000	2.66570000
0.84310000	0.72100000
0.59300000	0.68120000
0.42620000	0.64140000
0.37990000	0.59690000
0.34280000	0.54580000
0.30570000	0.50990000
0.63930000	0.61550000
0.40770000	0.57520000
0.33350000	0.56230000
0.30570000	0.52580000
0.28720000	0.49500000
0.27800000	0.49690000
0.27800000	0.44670000
0.26870000	0.43290000
0.25020000	0.41560000
0.25940000	0.41990000
0.33350000	0.43360000
0.29650000	0.40510000
0.26870000	0.40100000
0.26870000	0.38640000
0.25020000	0.41810000
0.49100000	0.48100000
0.30570000	0.45780000
0.26870000	0.44910000
0.25940000	0.46510000
1.18590000	0.49500000
0.47250000	0.47220000
0.35210000	0.45610000
0.33350000	0.45180000
0.30570000	0.41250000
0.30570000	0.41560000
0.69490000	0.44270000
0.39840000	0.41450000
0.32430000	0.42630000
0.30570000	0.40620000
0.29650000	0.38880000
0.32430000	0.51500000
0.44470000	0.59210000
0.37060000	0.56610000
0.31500000	0.54520000
0.28720000	0.50910000
0.26870000	0.47870000
0.25940000	0.45290000
0.26870000	0.45620000
0.26870000	0.50790000
0.51880000	0.60410000
0.38910000	0.57070000
0.31500000	0.55910000
0.29650000	0.52310000
0.36130000	0.54630000
0.67630000	0.68540000
0.37060000	0.61990000
0.30570000	0.61540000
0.28720000	0.57380000
0.26870000	0.53880000
0.25940000	0.50930000
0.25020000	0.48410000
0.24090000	0.46250000
0.23160000	0.44390000
4.30820000	0.56420000
2.77020000	6.97810000
0.69490000	0.85490000
0.51880000	0.81230000
0.46330000	0.74630000
0.42620000	0.69150000
0.38910000	0.64560000
0.37060000	0.60700000
0.35210000	0.57860000
0.38910000	0.59680000
0.45400000	0.61090000
0.41690000	0.58990000
0.37990000	0.58610000
0.37990000	0.58590000
1.80670000	2.79810000
1.80670000	4.28200000
0.63930000	0.81640000
0.50030000	0.77650000
0.44470000	0.73030000
0.41690000	0.68330000
0.41690000	0.65370000
0.40770000	0.61520000
0.39840000	0.58370000
0.37060000	0.55680000
0.37060000	0.53530000
0.36130000	0.51660000
0.35210000	0.49990000
0.35210000	0.48510000
0.37990000	0.50220000
0.36130000	0.45960000
0.36130000	0.47620000
1.87150000	1.97490000
0.81530000	1.23670000
0.61150000	0.62050000
0.53740000	0.60870000
0.48180000	0.57500000
0.46330000	0.56090000
0.44470000	0.52180000
0.43550000	0.50060000
0.42620000	0.48210000
0.40770000	0.46580000
16.39910000	7.32430000
37.98650000	28.92030000
5.58680000	17.76020000
2.99260000	4.72260000
2.45520000	3.16490000
1.90860000	2.86360000
1.60280000	2.55810000
1.38980000	2.30690000
1.22300000	2.09960000
1.13960000	1.92800000
1.03770000	1.78520000
0.95430000	1.66590000
0.89870000	1.56560000
0.84310000	1.48070000
0.80610000	1.40840000
1.85300000	3.18230000
1.23220000	2.27890000
0.97280000	1.53760000
0.91720000	1.45530000
0.88940000	1.38400000
0.82460000	1.32280000
0.79680000	1.26980000
0.78750000	1.22350000
0.75970000	1.18280000
0.73190000	1.14650000
0.71340000	1.11400000
0.69490000	1.08450000
0.64860000	1.05750000
0.63000000	1.03260000
0.70410000	1.20720000
0.82460000	1.44130000
0.66710000	1.09400000
0.63930000	1.21370000
0.61150000	1.15710000
0.60220000	1.10870000
0.60220000	1.06590000
0.60220000	1.02870000
0.60220000	0.99580000
0.57440000	0.96640000
0.57440000	0.94950000
0.61150000	0.93090000
0.64860000	1.14550000
0.84310000	1.32970000
0.79680000	1.15300000
0.74120000	1.19660000
0.70410000	1.17170000
0.66710000	1.10850000
0.63930000	1.05470000
0.63930000	1.00850000
0.63930000	0.97400000
0.67630000	0.95100000
0.63930000	0.90270000
0.60220000	0.95650000
4.54910000	6.08960000
1.60280000	2.47480000
1.13960000	1.75470000
1.00990000	1.61370000
1.00060000	1.74510000
1.67700000	6.15580000
7.75480000	8.61330000
2.64050000	3.65370000
2.08460000	2.40580000
1.76960000	3.07120000
1.43610000	2.84310000
1.35270000	2.15710000
1.27860000	2.10170000
1.09330000	1.94040000
1.02840000	1.80580000
0.98210000	1.69290000
0.98210000	1.59760000
0.99140000	1.51660000
0.92650000	1.44730000
0.88940000	1.38750000
0.87090000	1.33540000
0.88020000	1.28970000
1.09330000	1.27170000
0.93580000	1.21280000
0.92650000	1.20690000
1.28780000	1.49480000
8.76470000	7.41020000
2.85360000	5.07390000
1.97340000	2.07000000
1.61210000	2.05860000
1.48240000	1.90020000
1.29710000	1.76810000
1.14890000	1.65730000
0.98210000	1.56380000
0.88940000	1.48490000
0.79680000	1.41690000
0.90800000	1.35830000
0.92650000	1.30720000
0.91720000	1.26240000
1.00990000	2.64500000
3.96540000	2.00410000
21.77280000	14.73050000
3.74310000	9.11530000
2.41820000	2.73320000
2.12170000	2.54270000
1.86230000	2.32390000
1.68620000	2.14240000
1.54730000	1.99110000
1.38980000	1.86430000
1.39900000	1.76700000
1.36200000	1.66690000
1.16740000	1.58930000
1.52870000	2.01670000
1.45460000	1.49330000
1.25080000	1.63490000
1.26930000	1.57390000
1.21370000	1.49100000
1.57510000	1.48520000
1.29710000	1.40170000
1.08400000	1.57210000
1.14890000	1.49820000
1.21370000	1.45480000
1.00990000	1.37630000
0.98210000	1.39120000
1.00990000	1.34270000
1.07470000	1.29200000
0.96360000	1.25090000
1.00990000	1.21620000
2.80730000	3.69800000
1.60280000	2.21490000
1.32490000	1.54350000
1.19520000	1.45860000
1.12110000	1.38510000
1.03770000	1.32220000
0.99140000	1.26790000
1.42680000	1.66270000
1.85300000	3.30240000
1.42680000	1.43670000
1.18590000	1.54570000
1.12110000	1.45360000
1.07470000	1.37570000
9.72830000	3.79770000
3.53920000	9.81910000
2.23290000	5.01720000
1.86230000	2.18710000
1.69550000	2.01090000
1.56580000	1.87090000
1.42680000	1.73210000
1.66770000	1.65350000
1.41750000	1.53420000
1.27860000	1.49730000
1.19520000	1.42580000
1.14890000	1.36420000
1.11180000	1.31080000
1.26000000	1.53190000
1.48240000	1.67980000
1.36200000	1.24860000
1.16740000	1.22180000
1.09330000	1.18210000
1.05620000	1.14670000
1.03770000	1.11490000
1.06550000	1.09120000
0.97280000	1.05930000
0.94500000	1.03480000
0.91720000	1.01190000
0.90800000	0.99040000
0.88940000	0.97010000
0.85240000	0.95080000
0.84310000	0.93230000
0.82460000	0.91460000
0.82460000	0.89760000
0.79680000	0.88820000
1.16740000	0.91540000
1.12110000	0.93600000
0.89870000	0.91800000
0.82460000	0.90990000
0.80610000	0.88320000
0.83390000	0.86980000
0.80610000	0.84150000
0.92650000	0.84510000
1.97340000	2.54990000
1.04690000	0.92110000
0.92650000	0.91140000
0.86160000	0.87550000
0.86160000	0.84410000
0.86160000	0.83020000
0.77830000	0.79180000
0.74120000	0.76960000
0.73190000	0.74940000
0.80610000	0.75540000
0.90800000	0.75030000
0.81530000	0.73680000
0.73190000	0.72650000
0.67630000	0.70640000
0.64860000	0.68810000
0.63930000	0.67140000
0.62080000	0.65590000
0.64860000	0.68700000
0.93580000	0.76120000
0.75970000	0.75440000
0.71340000	0.79200000
1.74180000	4.19360000
1.04690000	1.53750000
0.83390000	0.90770000
0.76900000	0.87140000
0.75970000	0.82280000
0.73190000	0.78490000
0.65780000	0.74620000
0.59300000	0.71570000
0.59300000	0.69380000
0.60220000	0.66820000
0.58370000	0.64490000
0.55590000	0.62630000
0.63930000	0.65700000
0.63000000	0.68050000
0.57440000	0.67360000
0.54660000	0.65750000
0.50960000	0.63290000
0.50960000	0.62130000
0.50960000	0.60440000
0.48180000	0.57490000
0.42620000	0.55940000
0.40770000	0.54530000
0.38910000	0.53220000
0.41690000	0.56960000
0.44470000	0.54170000
0.39840000	0.53860000
0.37060000	0.52290000
0.76900000	0.74900000
0.92650000	0.72470000
0.61150000	0.69510000
0.82460000	1.47220000
1.15810000	1.95010000
0.72270000	0.83120000
1.39900000	0.85170000
1.06550000	1.06740000
0.71340000	0.81250000
0.60220000	0.76820000
0.59300000	0.72420000
0.59300000	0.68460000
0.89870000	0.68850000
0.61150000	0.62380000
0.54660000	0.61830000
0.48180000	0.59430000
0.47250000	0.57320000
0.44470000	0.55460000
0.40770000	0.53800000
0.40770000	0.54180000
0.40770000	0.53280000
0.50960000	0.56060000
1.01920000	0.60100000
0.57440000	0.59530000
0.50960000	0.60710000
0.48180000	0.55830000
0.42620000	0.55470000
0.41690000	0.54500000
0.38910000	0.51180000
0.33350000	0.49500000
0.31500000	0.48010000
0.35210000	0.49370000
0.36130000	0.46850000
0.35210000	0.47940000
0.33350000	0.46620000
0.34280000	0.46810000
0.46330000	0.48440000
0.40770000	0.49350000
0.35210000	0.46990000
0.31500000	0.45270000
0.28720000	0.43750000
0.26870000	0.42400000
0.25020000	0.41190000
0.27800000	0.42160000
0.26870000	0.39520000
0.26870000	0.38170000
0.81530000	0.45940000
0.37990000	0.43710000
0.29650000	0.43850000
0.25940000	0.42040000
0.25020000	0.40460000
0.25940000	0.44230000
0.88020000	0.45470000
0.38910000	0.43250000
0.29650000	0.41360000
0.29650000	0.42420000
0.32430000	0.38300000
0.28720000	0.37360000
0.27800000	0.37180000
0.25940000	0.35120000
0.25020000	0.34190000
0.29650000	0.37400000
0.80610000	1.28440000
0.53740000	0.52830000
0.50960000	0.53880000
0.36130000	0.48750000
0.31500000	0.46720000
1.14890000	3.73400000
0.71340000	0.72080000
0.39840000	0.68070000
0.37060000	0.62700000
0.34280000	0.58220000
0.32430000	0.54950000
0.32430000	0.51670000
0.31500000	0.48640000
0.29650000	0.46350000
0.27800000	0.44390000
0.27800000	0.43130000
0.26870000	0.41170000
0.26870000	0.39850000
0.25940000	0.38660000
0.24090000	0.37600000
0.24090000	0.36880000
0.23160000	0.37290000
0.23160000	0.34910000
0.23160000	0.34140000
0.22240000	0.33420000
0.21310000	0.33850000
0.20380000	0.32090000
0.19460000	0.31470000
0.17600000	0.30870000
0.17600000	0.30300000
0.16680000	0.29740000
0.16680000	0.29210000
0.16680000	0.28680000
0.16680000	0.28170000
0.16680000	0.27680000
0.15750000	0.27190000
0.32430000	0.31400000
0.25940000	0.29180000
0.20380000	0.31230000
0.20380000	0.31520000
0.20380000	0.30000000
0.20380000	0.28070000
0.19460000	0.27240000
0.19460000	0.26500000
0.18530000	0.25820000
0.27800000	0.35010000
0.27800000	0.32940000
0.18530000	0.35500000
0.17600000	0.33450000
0.17600000	0.31710000
0.17600000	0.30220000
0.17600000	0.28940000
0.17600000	0.27830000
0.17600000	0.26850000
0.16680000	0.25990000
0.16680000	0.25220000
0.15750000	0.24520000
0.15750000	0.23890000
0.15750000	0.23310000
0.15750000	0.22780000
0.26870000	0.23010000
0.75970000	0.41340000
0.28720000	0.39400000
2.77020000	0.96610000
17.04760000	16.20500000
5.09580000	10.81500000
1.72330000	1.32730000
1.13960000	1.21650000
0.87090000	1.08870000
0.73190000	0.98360000
0.65780000	0.89670000
0.62080000	0.83290000
0.54660000	0.76490000
0.58370000	0.72770000
0.50030000	0.67250000
0.47250000	0.63680000
0.44470000	0.60630000
0.42620000	0.58010000
0.41690000	0.55740000
0.39840000	0.53750000
0.39840000	0.52000000
0.39840000	0.50430000
0.39840000	0.49020000
0.37990000	0.47740000
0.38910000	0.46570000
0.45400000	0.50340000
0.51880000	0.47670000
0.39840000	0.49410000
0.36130000	0.47700000
0.36130000	0.46180000
0.36130000	0.44820000
0.38910000	0.45140000
0.44470000	0.44930000
0.38910000	0.41640000
0.37990000	0.44690000
0.35210000	0.43210000
0.35210000	0.41900000
0.34280000	0.40710000
0.33350000	0.39640000
0.34280000	0.38660000
0.35210000	0.38420000
0.37060000	0.37470000
0.37990000	0.38160000
0.41690000	0.35370000
0.36130000	0.37280000
0.34280000	0.36230000
0.35210000	0.35300000
0.36130000	0.34420000
0.33350000	0.33610000
0.32430000	0.32860000
0.37990000	0.32210000
5.59610000	6.03530000
1.58430000	1.08930000
0.99140000	0.57180000
0.79680000	0.53030000
0.70410000	0.49550000
0.67630000	0.46620000
0.62080000	0.44130000
0.55590000	0.42020000
0.53740000	0.40190000
2.41820000	2.25600000
8.19030000	9.70780000
2.12170000	3.32110000
2.33480000	1.53890000
2.31630000	1.37720000
1.63990000	1.23750000
1.32490000	1.12240000
1.24150000	1.02720000
1.15810000	0.94820000
2.75170000	0.94730000
2.05680000	0.93250000
1.56580000	1.00530000
1.34340000	0.97210000
1.17670000	0.90690000
1.64920000	2.05250000
2.99260000	6.77790000
3.31690000	3.66640000
5.34590000	3.74920000
2.91850000	4.13800000
1.96420000	2.08630000
1.68620000	2.01980000
1.48240000	1.83580000
1.31560000	1.67730000
4.95680000	2.92230000
3.36320000	7.83190000
1.97340000	3.52730000
1.64920000	2.25600000
1.56580000	2.06500000
1.43610000	1.89780000
1.14890000	1.75840000
1.38980000	1.64170000
5.00310000	1.54360000
1.80670000	1.46060000
1.38980000	1.38990000
1.29710000	1.32910000
1.45460000	1.27650000
7.40270000	5.09640000
4.98460000	14.12170000
2.52930000	6.79040000
2.59420000	2.65840000
2.26070000	2.45800000
1.92710000	2.33100000
1.70480000	2.28090000
1.57510000	2.10710000
1.41750000	1.96170000
1.37120000	1.85730000
1.35270000	1.73710000
1.20450000	1.72450000
1.18590000	1.63810000
1.16740000	1.56420000
1.14890000	1.50040000
1.13030000	1.44470000
1.09330000	1.39580000
1.01920000	1.35230000
0.92650000	1.31340000
0.90800000	1.27810000
0.88940000	1.24570000
0.87090000	1.21590000
1.01920000	1.18840000
2.92770000	4.95950000
2.19580000	2.59230000
9.91360000	1.68730000
4.91970000	1.58880000
2.69610000	1.50020000
2.14020000	1.42480000
1.83450000	1.36030000
1.66770000	1.30450000
1.41750000	1.25590000
1.33420000	1.21320000
1.14890000	1.17530000
1.79740000	1.16770000
1.40830000	1.68160000
1.41750000	1.73370000
1.24150000	1.34760000
1.17670000	1.31610000
1.45460000	1.66390000
2.55710000	4.92220000
4.22480000	6.67570000
5.82770000	8.66670000
5.51270000	8.60980000
5.27180000	6.88190000
3.20570000	2.80430000
2.61270000	2.78510000
2.20510000	2.53370000
1.85300000	2.32570000
1.71400000	2.15280000
1.76960000	2.00830000
1.91790000	1.88740000
1.53800000	1.78480000
1.64920000	1.69730000
1.50090000	1.62230000
1.50090000	1.55740000
1.85300000	1.51650000
2.31630000	1.82260000
2.40890000	3.34570000
2.59420000	3.86720000
2.54790000	2.51390000
2.99260000	1.78760000
1.99200000	1.65940000
1.84370000	1.80560000
1.65840000	1.70140000
1.58430000	1.61360000
1.59360000	1.53800000
1.58430000	1.50460000
1.67700000	1.94620000
1.44530000	1.40430000
1.32490000	1.36910000
1.26000000	1.32330000
1.18590000	1.28260000
1.19520000	1.24660000
1.26000000	1.21340000
1.13030000	1.18320000
1.17670000	1.17280000
1.80670000	1.29660000
13.24900000	10.60690000
12.32250000	13.77470000
5.20690000	5.69570000
3.40950000	2.42540000
2.84440000	2.22110000
2.58490000	2.05080000
2.26990000	1.89740000
1.97340000	1.77160000
2.12170000	1.69900000
2.47380000	2.26630000
1.85300000	1.55790000
1.66770000	1.52370000
1.57510000	1.45550000
1.51950000	1.40150000
1.42680000	1.34510000
1.38050000	1.29980000
2.84440000	2.63210000
3.23350000	4.78160000
1.89930000	1.85190000
1.71400000	1.35500000
1.63060000	1.30100000
1.49170000	1.25330000
1.41750000	1.21140000
1.41750000	1.17450000
1.43610000	1.15510000
1.27860000	1.11020000
1.29710000	1.08250000
1.80670000	1.11410000
1.27860000	1.07660000
1.19520000	1.08180000
2.34400000	2.03350000
24.92290000	14.59620000
14.45340000	16.15760000
5.04020000	5.60420000
3.68750000	2.38440000
3.04820000	2.16630000
2.62200000	1.98590000
2.34400000	1.83600000
2.18650000	1.71080000
2.09390000	1.62400000
1.88080000	1.51680000
1.80670000	1.44130000
1.82520000	1.39240000
1.59360000	1.32060000
1.51950000	1.28510000
1.41750000	1.22880000
1.48240000	1.22850000
14.63870000	16.85190000
3.77090000	7.21510000
2.51080000	1.49690000
2.13100000	1.41480000
1.89930000	1.34500000
1.98270000	1.30390000
1.93640000	1.26090000
1.70480000	1.20570000
1.53800000	1.16330000
1.46390000	1.13290000
1.36200000	1.09210000
1.90860000	1.06190000
2.56640000	1.78750000
4.28970000	1.12210000
1.99200000	1.09970000
1.57510000	1.07320000
1.38980000	1.03770000
1.27860000	1.00620000
1.20450000	0.97790000
1.17670000	0.97100000
2.01050000	0.99350000
1.30640000	0.95760000
1.12110000	0.96350000
1.06550000	0.93360000
1.10250000	0.93510000
2.25140000	2.45090000
2.98330000	1.89060000
5.11430000	3.21950000
3.51140000	2.18220000
2.56640000	1.16030000
1.69550000	1.09690000
1.45460000	1.05320000
1.30640000	1.00380000
1.15810000	0.96120000
1.26000000	0.95340000
1.47310000	0.94970000
1.11180000	0.92300000
1.09330000	0.90780000
1.00990000	0.87450000
0.93580000	0.84550000
0.92650000	0.81970000
1.81590000	1.19220000
1.00060000	0.84640000
0.90800000	0.83840000
0.82460000	0.80930000
0.78750000	0.78340000
0.76900000	0.76030000
0.73190000	0.73950000
0.77830000	0.72050000
0.90800000	0.74010000
0.74120000	0.68700000
0.66710000	0.69230000
0.65780000	0.67520000
0.62080000	0.65940000
0.74120000	0.67450000
1.06550000	0.63260000
0.79680000	0.65280000
0.64860000	0.60930000
0.68560000	0.65760000
1.06550000	0.71290000
0.99140000	0.76860000
0.79680000	0.74900000
0.64860000	0.71870000
0.58370000	0.68700000
0.56520000	0.65960000
0.54660000	0.63820000
0.56520000	0.61450000
0.54660000	0.59580000
0.53740000	0.57890000
0.59300000	0.64630000
0.51880000	0.61920000
0.47250000	0.61230000
0.47250000	0.60160000
2.12170000	1.47420000
0.73190000	0.71340000
0.58370000	0.70060000
0.51880000	0.66400000
0.49100000	0.63280000
0.49100000	0.60890000
1.35270000	0.62890000
1.95490000	0.69370000
0.81530000	0.66370000
0.89870000	0.67460000
0.71340000	0.61840000
0.58370000	0.59730000
0.53740000	0.57350000
0.50960000	0.55270000
0.48180000	0.53440000
0.75050000	0.64000000
1.24150000	1.79800000
0.63930000	0.73460000
0.53740000	0.71970000
0.49100000	0.67660000
0.47250000	0.64010000
0.46330000	0.60910000
0.43550000	0.58240000
0.43550000	0.55930000
0.45400000	0.56390000
0.45400000	0.57990000
0.65780000	0.65060000
0.73190000	2.04620000
0.50960000	0.74850000
0.44470000	0.74020000
0.41690000	0.69350000
0.38910000	0.65410000
0.36130000	0.62060000
0.36130000	0.59200000
0.37060000	0.56730000
0.38910000	0.57280000
0.37060000	0.53690000
0.37060000	0.58530000
0.35210000	0.55160000
0.32430000	0.56500000
0.34280000	0.54130000
0.35210000	0.54320000
0.31500000	0.50260000
0.31500000	0.49790000
0.31500000	0.48200000
0.31500000	0.46770000
0.29650000	0.45490000
0.29650000	0.45450000
0.33350000	0.44400000
0.30570000	0.42260000
0.29650000	0.41330000
0.28720000	0.40460000
0.27800000	0.39630000
0.26870000	0.38850000
0.26870000	0.38100000
0.25940000	0.37380000
0.25940000	0.37030000
0.24090000	0.36010000
0.24090000	0.35360000
0.33350000	0.43860000
0.37990000	0.47580000
0.29650000	0.46430000
0.27800000	0.46720000
0.26870000	0.44330000
0.28720000	0.42300000
0.37060000	0.46110000
0.34280000	0.42830000
0.31500000	0.44940000
1.50090000	0.57550000
0.58370000	0.54470000
0.39840000	0.55700000
0.36130000	0.52330000
0.36130000	0.51160000
0.34280000	0.46370000
0.33350000	0.45560000
0.43550000	0.49180000
0.53740000	0.46580000
0.39840000	0.47800000
0.38910000	0.46130000
0.96360000	0.53000000
2.05680000	3.00870000
0.72270000	0.68870000
0.50960000	0.65670000
0.43550000	0.60880000
0.40770000	0.56870000
0.40770000	0.54890000
0.51880000	0.57870000
0.68560000	0.59690000
0.48180000	0.57520000
0.41690000	0.56470000
0.39840000	0.53280000
0.37060000	0.50570000
0.36130000	0.48250000
0.36130000	0.46250000
0.37060000	0.46010000
0.37060000	0.42980000
0.36130000	0.41750000
0.34280000	0.40420000
0.33350000	0.39320000
0.34280000	0.38320000
0.34280000	0.37400000
0.69490000	1.14540000
0.83390000	0.46410000
0.49100000	0.48530000
0.43550000	0.45990000
0.40770000	0.43810000
0.38910000	0.41940000
0.37990000	0.40310000
0.37060000	0.38890000
0.37060000	0.38370000
0.37060000	0.36510000
0.36130000	0.35500000
0.47250000	0.40500000
0.73190000	1.52340000
0.47250000	0.47230000
0.43550000	0.47900000
0.41690000	0.45140000
0.36130000	0.42800000
0.38910000	0.40810000
0.48180000	0.71310000
0.56520000	0.45050000
0.98210000	0.95870000
1.72330000	2.44350000
1.12110000	0.57410000
0.81530000	0.57860000
0.73190000	0.53880000
0.69490000	0.50500000
0.85240000	0.49700000
1.45460000	0.50050000
1.16740000	0.61140000
0.88940000	0.69410000
1.51020000	0.77010000
2.40890000	2.14790000
1.24150000	1.10380000
2.54790000	1.33670000
2.01980000	1.60720000
1.27860000	1.42840000
1.05620000	1.36530000
0.92650000	1.23780000
0.85240000	1.13250000
0.77830000	1.04500000
0.86160000	0.97350000
1.18590000	0.94200000
0.85240000	0.85920000
0.75050000	0.98970000
0.68560000	0.92700000
0.64860000	0.87420000
0.63000000	0.82940000
0.84310000	0.86750000
3.90060000	3.75480000
2.67760000	3.01880000
1.51950000	1.49140000
1.24150000	1.46800000
1.11180000	1.34450000
1.00060000	1.24190000
0.88940000	1.15620000
0.80610000	1.08440000
