0.15280000	0.64570000
0.15280000	0.61510000
0.15280000	0.62500000
0.22330000	0.61730000
0.25860000	0.56070000
0.21160000	0.54540000
0.17630000	0.53100000
0.15280000	0.51740000
0.15280000	0.50440000
0.14100000	0.49210000
0.14100000	0.49720000
0.12930000	0.46870000
0.11750000	0.45750000
0.11750000	0.44680000
0.11170000	0.43630000
0.10930000	0.42610000
0.10930000	0.41620000
0.10700000	0.40650000
0.10700000	0.40610000
0.10700000	0.38800000
0.10700000	0.37900000
0.10930000	0.37020000
0.10930000	0.36170000
0.10700000	0.35340000
0.70520000	0.43220000
1.41050000	0.33840000
0.65820000	0.57310000
0.77580000	2.03050000
1.99820000	5.07440000
1.23420000	2.95150000
0.86980000	1.87170000
0.72880000	1.55340000
0.61120000	1.28730000
0.52890000	1.08400000
0.49370000	0.93970000
0.54070000	0.83020000
0.49370000	0.71500000
0.43490000	0.69420000
0.38790000	0.62560000
0.38790000	0.57150000
0.48190000	0.55050000
0.43490000	0.49360000
0.35260000	0.46520000
0.31740000	0.44170000
0.31740000	0.42190000
0.31740000	0.41000000
0.31740000	0.41040000
0.36440000	0.37690000
1.68080000	5.36660000
1.57510000	3.53690000
1.10490000	2.03050000
0.98730000	1.69450000
0.86980000	1.39980000
0.82280000	1.17810000
11.71880000	5.67810000
10.59050000	6.97670000
5.43040000	2.45480000
3.52620000	2.59960000
2.82100000	2.13950000
2.35080000	1.76300000
1.92770000	1.71570000
1.72790000	1.47510000
2.39780000	3.49260000
5.10130000	4.07560000
3.20890000	1.98690000
2.57420000	2.21740000
2.23330000	1.86350000
1.99820000	1.56890000
1.75140000	1.50040000
1.97470000	1.32060000
4.46660000	3.20880000
3.13830000	1.54940000
2.57420000	1.92520000
2.12750000	1.63170000
1.77490000	1.40220000
1.48100000	1.22720000
1.35170000	1.09240000
1.19890000	0.98600000
0.98730000	0.90220000
0.89330000	0.83540000
0.63470000	0.78130000
0.43490000	0.73670000
0.57600000	0.69960000
0.72880000	0.66860000
0.94030000	0.64200000
1.17540000	0.61970000
1.05790000	0.59910000
0.83450000	0.58050000
0.90510000	0.56350000
1.12840000	0.54790000
1.29300000	0.55210000
1.17540000	0.54190000
1.17540000	0.50800000
1.11660000	0.93590000
0.94030000	0.83350000
0.74050000	0.74540000
0.59950000	0.67620000
0.74050000	0.62150000
1.03440000	0.57760000
0.91680000	0.54210000
0.70520000	0.51280000
0.58770000	0.48840000
0.61120000	0.46760000
0.71700000	0.44960000
0.61120000	0.43390000
0.52890000	0.41980000
0.47020000	0.40710000
0.43490000	0.39540000
0.39960000	0.38460000
0.38790000	0.37450000
0.38790000	0.36490000
0.34090000	0.35580000
0.35260000	0.34720000
0.38790000	0.33870000
0.42310000	0.33070000
0.44670000	0.32290000
0.55240000	0.31530000
0.81100000	0.31840000
1.95120000	0.73640000
2.57420000	0.57040000
2.18630000	0.92800000
1.52800000	0.85150000
1.17540000	0.72250000
0.98730000	0.62340000
5.64200000	5.15690000
4.46660000	4.48090000
2.82100000	1.89110000
2.23330000	1.67020000
1.76310000	1.37370000
1.46930000	1.14740000
1.23420000	0.97430000
1.08140000	0.84120000
1.01090000	0.73850000
16.22070000	1.39610000
8.69800000	2.31900000
5.05430000	1.42260000
3.87890000	1.29910000
2.70340000	1.09750000
2.57420000	0.95890000
4.32550000	4.10100000
8.11030000	7.94000000
11.60130000	9.21510000
16.92590000	11.39110000
21.27490000	11.77240000
11.58960000	7.82880000
21.03990000	7.87510000
14.45760000	10.09910000
6.48830000	6.30610000
4.43130000	3.98430000
3.26760000	3.33080000
3.05610000	2.81890000
10.41410000	7.14070000
5.77130000	4.90020000
4.00820000	3.02460000
3.05610000	2.60390000
3.64380000	2.86800000
4.20800000	2.17630000
3.23240000	2.41190000
2.53890000	2.07670000
2.10400000	1.81810000
1.69260000	1.61730000
1.52800000	1.46020000
1.31650000	1.33630000
1.26940000	1.23740000
1.31650000	1.15760000
1.11660000	1.09220000
1.39870000	1.06690000
1.24590000	0.99500000
1.24590000	0.95300000
1.17540000	0.91820000
1.04610000	0.88770000
0.97560000	0.86020000
0.97560000	0.83500000
0.89330000	0.81180000
0.89330000	0.79010000
1.09310000	0.76970000
1.55150000	0.75020000
5.40690000	0.75270000
8.56870000	4.00160000
7.85170000	9.74810000
14.92770000	17.36790000
11.09590000	13.07740000
8.08680000	6.21740000
6.89970000	4.20090000
4.56060000	3.44580000
3.56150000	3.11170000
5.40690000	2.67700000
5.12480000	3.92060000
3.79660000	2.47300000
2.98550000	2.52110000
2.91500000	2.16050000
4.20800000	1.93510000
3.23240000	1.67980000
2.85620000	1.83510000
2.82100000	1.91610000
2.40960000	1.65240000
2.82100000	1.64510000
2.23330000	1.44180000
6.75860000	1.34990000
7.78120000	4.68850000
4.74870000	3.82210000
4.00820000	2.28860000
4.30200000	1.97920000
2.50360000	1.79500000
2.20980000	1.57710000
3.49100000	1.45140000
3.37340000	1.30500000
3.19710000	1.16980000
2.65640000	1.16210000
2.18630000	1.07590000
1.93940000	1.00720000
1.98640000	0.99080000
2.04520000	0.92850000
2.10400000	0.86870000
1.83360000	0.83030000
1.59860000	0.80050000
1.39870000	0.77400000
1.43400000	0.75560000
1.62210000	0.79230000
1.32820000	0.70810000
1.17540000	0.68920000
1.05790000	0.67140000
11.75410000	1.49770000
9.50910000	3.85970000
5.58320000	1.62060000
3.84360000	1.80400000
6.48830000	3.45910000
5.40690000	3.28630000
4.20800000	2.05620000
3.72610000	1.76220000
10.50820000	3.81390000
12.69440000	6.99170000
6.68810000	4.11660000
4.17270000	2.63500000
2.95030000	2.22990000
2.18630000	1.88290000
1.69260000	1.61670000
1.35170000	1.46240000
1.15190000	1.32030000
45.95860000	11.66790000
27.15200000	23.84710000
10.32010000	14.32900000
9.86170000	6.20370000
6.82910000	4.46970000
6.41770000	5.27480000
5.03080000	5.11980000
8.40420000	6.25780000
7.04070000	7.11020000
8.56870000	7.72190000
8.65100000	7.24090000
5.07780000	3.79230000
4.00820000	3.64410000
35.37990000	13.70540000
11.98920000	12.53870000
5.77130000	4.72330000
4.00820000	4.45590000
3.30290000	4.85690000
2.29210000	5.48290000
1.64560000	3.48960000
1.26940000	3.03670000
1.02260000	2.60780000
0.79930000	2.28770000
0.78750000	2.10520000
1.01090000	1.87650000
1.57510000	1.72470000
1.08140000	1.60100000
0.78750000	1.79820000
0.64650000	1.95000000
0.92860000	1.82000000
0.74050000	1.60040000
0.51720000	1.55620000
0.38790000	1.43960000
0.36440000	1.34570000
1.43400000	2.31550000
1.32820000	6.65650000
0.94030000	5.85480000
0.79930000	2.78630000
0.77580000	3.61840000
4.38430000	8.98240000
2.95030000	6.02980000
1.76310000	3.52910000
1.26940000	3.03600000
1.04610000	2.57810000
0.88160000	2.24890000
0.67000000	1.95440000
0.61120000	1.74320000
0.79930000	1.62470000
0.61120000	1.44680000
0.47020000	1.35580000
0.42310000	1.26120000
0.34090000	1.18810000
0.28210000	1.13020000
0.35260000	1.12700000
0.36440000	1.05640000
0.27030000	1.00900000
0.21160000	0.96900000
0.18810000	0.93930000
0.18810000	0.94970000
0.17630000	0.88690000
0.15280000	0.87420000
0.50540000	0.84170000
1.39870000	3.00610000
1.18720000	3.04570000
0.63470000	1.80710000
0.36440000	1.59880000
0.24680000	1.39970000
0.57600000	1.26140000
0.90510000	1.20250000
0.58770000	1.02880000
0.90510000	1.37890000
3.30290000	2.25870000
1.62210000	2.79050000
1.04610000	1.77870000
0.72880000	1.55730000
0.54070000	1.35870000
0.77580000	1.26700000
0.70520000	1.08440000
0.48190000	0.98960000
0.37610000	0.91420000
0.63470000	0.91860000
0.61120000	0.80400000
0.38790000	0.76290000
0.28210000	0.72840000
0.21160000	0.69880000
0.17630000	0.67300000
0.14100000	0.65030000
0.11750000	0.62980000
0.10810000	0.61120000
0.09290000	0.59400000
0.08350000	0.57800000
0.07760000	0.56290000
0.07290000	0.54860000
0.06700000	0.53500000
0.06230000	0.52190000
0.05760000	0.51110000
0.05760000	0.49900000
0.06930000	0.51970000
0.08110000	0.55670000
9.59140000	11.45010000
4.84270000	9.25190000
1.64560000	2.89740000
1.29300000	2.78390000
1.24590000	2.26380000
1.98640000	2.54780000
1.17540000	1.87270000
0.84630000	2.13310000
0.65820000	1.78450000
0.50540000	1.51760000
0.39960000	1.31240000
0.68170000	1.21400000
1.91590000	4.38010000
1.37520000	3.55240000
0.94030000	2.09270000
0.90510000	1.82340000
0.90510000	1.53600000
0.70520000	1.33200000
0.56420000	1.17410000
0.47020000	1.05120000
0.39960000	0.95470000
0.35260000	0.87820000
0.30560000	0.81690000
0.24680000	0.76710000
0.22330000	0.72610000
0.19980000	0.69180000
0.17630000	0.66260000
0.18810000	0.63730000
0.79930000	0.71230000
0.71700000	0.61310000
0.45840000	0.82970000
0.36440000	1.03330000
0.41140000	0.93640000
1.08140000	2.44680000
0.77580000	2.39070000
0.61120000	1.50530000
0.51720000	1.30200000
0.47020000	1.12290000
0.43490000	0.98420000
0.39960000	0.87660000
0.36440000	0.79240000
0.32910000	0.72590000
0.34090000	0.68920000
0.36440000	0.63490000
0.37610000	0.60590000
0.79930000	0.98210000
0.68170000	0.76210000
0.61120000	1.04960000
0.59950000	0.93820000
0.75230000	0.85830000
1.09310000	1.61330000
0.95210000	1.08590000
1.35170000	2.97160000
27.26950000	15.87830000
12.45940000	12.05490000
6.28840000	3.99800000
4.00820000	3.72050000
2.91500000	3.02020000
2.23330000	2.48730000
1.81010000	2.08060000
1.50450000	1.76930000
1.28120000	1.52990000
1.15190000	1.34490000
1.84540000	1.26700000
1.84540000	2.34960000
1.56330000	1.47150000
1.50450000	1.45000000
1.42220000	1.27720000
1.29300000	1.14260000
1.15190000	1.03710000
0.99910000	0.95340000
0.70520000	0.88640000
0.82280000	0.83200000
0.75230000	0.78730000
0.70520000	0.75140000
0.69350000	0.73280000
0.69350000	0.69050000
0.74050000	0.70270000
0.81100000	0.64580000
0.71700000	0.86550000
0.61120000	0.79390000
0.78750000	0.73670000
0.76400000	0.69030000
0.71700000	0.65230000
3.52620000	0.65120000
4.85440000	1.63200000
3.12660000	1.02390000
2.36260000	1.09520000
1.97470000	0.97860000
2.28030000	2.79300000
1.98640000	2.88770000
1.64560000	1.75170000
1.41050000	1.62220000
1.17540000	1.37100000
1.12840000	1.17840000
2.12750000	1.03890000
2.44490000	0.91760000
2.01000000	0.93850000
1.64560000	0.89280000
1.41050000	0.80550000
1.29300000	0.73670000
1.88070000	0.68180000
2.33910000	0.63760000
1.97470000	0.60150000
1.70430000	0.57140000
1.57510000	0.54600000
1.29300000	0.52420000
1.17540000	0.50520000
1.22240000	0.48830000
11.98920000	0.47320000
25.97660000	1.11620000
12.10670000	3.38390000
6.00640000	1.39350000
3.87890000	1.58330000
3.29120000	1.48780000
2.82100000	1.25000000
2.46840000	1.06770000
1.76310000	0.92740000
1.64560000	0.81880000
2.11570000	0.76130000
1.99820000	1.65600000
2.93850000	1.76180000
12.92950000	15.93070000
10.10850000	12.95350000
6.34720000	5.30160000
7.28750000	5.44500000
5.64200000	4.87090000
3.99640000	3.21240000
2.70340000	2.84830000
2.11570000	2.38900000
1.88070000	2.01530000
1.52800000	1.73030000
1.29300000	1.50890000
1.05790000	1.33730000
0.91680000	1.20330000
0.82280000	1.09780000
0.89330000	1.01390000
1.12840000	0.94640000
2.06870000	0.89130000
5.78300000	2.67150000
6.22970000	4.28160000
4.84270000	4.82410000
5.32460000	3.97210000
3.63200000	2.49760000
2.85620000	2.31080000
2.11570000	1.97240000
1.76310000	1.69010000
1.52800000	1.47260000
1.41050000	1.30410000
3.09130000	1.20920000
13.98740000	5.00740000
5.80650000	3.29750000
22.80300000	12.04680000
16.69080000	13.34920000
8.46300000	6.55020000
5.64200000	4.03190000
3.90240000	3.51950000
3.16190000	3.00330000
11.21340000	2.52250000
10.02630000	2.15440000
5.87710000	1.87100000
4.11390000	1.65160000
3.24410000	1.48070000
2.32730000	1.34640000
2.01000000	1.23990000
7.28750000	6.41370000
21.98020000	20.44070000
13.16460000	18.49120000
7.52260000	10.95300000
5.05430000	7.04620000
6.34720000	8.92020000
5.28930000	6.90670000
3.87890000	4.37980000
4.81920000	3.85790000
6.22970000	4.78100000
4.14920000	3.16550000
3.36170000	2.78150000
2.82100000	3.25680000
2.36260000	4.30670000
2.11570000	4.02780000
2.25680000	5.22180000
2.11570000	4.73640000
2.39780000	5.89810000
2.53890000	4.80280000
4.01990000	6.71580000
3.90240000	5.63000000
3.16190000	3.45760000
2.82100000	3.06630000
3.03260000	3.34970000
9.69710000	20.40730000
10.27310000	17.59520000
8.87440000	11.90020000
9.12120000	13.51170000
9.45030000	10.87310000
13.75230000	10.83120000
9.28570000	7.00100000
6.22970000	5.49140000
21.62760000	14.46080000
16.92590000	16.16110000
10.10850000	8.72590000
6.17090000	4.18840000
4.37250000	3.62560000
3.36170000	3.14860000
3.40870000	2.83360000
2.71520000	2.76630000
2.18630000	2.62340000
2.15100000	2.36520000
2.32730000	2.17210000
2.96200000	1.99590000
4.23150000	1.91240000
3.36170000	2.03720000
3.52620000	2.33130000
3.94940000	2.23350000
2.78570000	2.25690000
2.82100000	2.15470000
2.39780000	1.95940000
2.04520000	1.84700000
2.15100000	1.70550000
1.93940000	1.59060000
1.93940000	1.49690000
1.97470000	1.47060000
3.85530000	3.70820000
4.32550000	3.46470000
3.07960000	2.06240000
2.43310000	1.88110000
2.15100000	1.69430000
3.24410000	1.59180000
2.36260000	1.43000000
1.90420000	1.33560000
1.82190000	1.28500000
1.50450000	1.19460000
1.29300000	1.14070000
1.17540000	1.09460000
1.04610000	1.05440000
2.15100000	1.09040000
3.24410000	1.00190000
3.32640000	0.98820000
2.60940000	0.96680000
2.11570000	1.35150000
1.73960000	1.22720000
1.48100000	1.12860000
1.29300000	1.04970000
1.11660000	0.98560000
0.98730000	0.93280000
0.89330000	0.88860000
0.79930000	0.85100000
0.84630000	0.83430000
0.79930000	0.79500000
0.69350000	0.76440000
0.61120000	0.74130000
0.55240000	0.72010000
0.50540000	0.70040000
0.44670000	0.68190000
0.41140000	0.66440000
0.36440000	0.64780000
0.34090000	0.63190000
0.30560000	0.61660000
0.28210000	0.60180000
0.27030000	0.60590000
0.59950000	0.59450000
0.49370000	0.59090000
1.59860000	1.45850000
1.50450000	2.70140000
1.42220000	2.54400000
1.02260000	1.62910000
0.98730000	3.92500000
0.88160000	3.84360000
0.78750000	3.05000000
15.75050000	12.70820000
8.21610000	11.31580000
3.94940000	3.74200000
3.40870000	3.71720000
2.57420000	2.99290000
4.41950000	3.55640000
9.36800000	8.61820000
7.35810000	7.36140000
8.21610000	3.39680000
4.98370000	3.17410000
3.62030000	2.81360000
11.02540000	7.71140000
19.86440000	12.52600000
8.54520000	6.83360000
16.45580000	11.82230000
11.87170000	11.47970000
6.22970000	4.78410000
3.85530000	4.23930000
2.85620000	3.54830000
2.29210000	2.98850000
1.50450000	2.53810000
1.31650000	2.22840000
0.98730000	1.95430000
0.79930000	1.75550000
0.65820000	1.61570000
0.54070000	1.47490000
0.44670000	1.37500000
0.39960000	1.29370000
0.36440000	1.23640000
0.34090000	1.18770000
2.43310000	1.20540000
2.96200000	3.41560000
2.18630000	3.38650000
1.11660000	1.94850000
0.81100000	2.07460000
0.97560000	1.87420000
1.10490000	2.99550000
0.77580000	4.30820000
0.58770000	2.13360000
0.54070000	2.36990000
0.71700000	2.09940000
0.56420000	1.76720000
0.52890000	1.88700000
0.75230000	1.67610000
0.54070000	1.46050000
0.62300000	1.52670000
0.83450000	1.35920000
0.98730000	1.24870000
1.15190000	1.14460000
0.70520000	1.09250000
1.10490000	1.01250000
1.78660000	0.98300000
1.35170000	0.93320000
0.84630000	0.87350000
0.64650000	0.85700000
0.54070000	0.83100000
0.43490000	0.78700000
0.35260000	0.76360000
0.29390000	0.74210000
0.29390000	0.72210000
0.55240000	0.79690000
0.44670000	1.49850000
2.46840000	5.33350000
1.70430000	3.80060000
0.92860000	2.11610000
0.69350000	1.82760000
0.54070000	1.55640000
0.48190000	1.34780000
0.85810000	2.07630000
2.78570000	4.08330000
5.12480000	6.16360000
3.82010000	7.21510000
2.92680000	4.60100000
1.84540000	2.83370000
1.35170000	2.73750000
1.01090000	2.28120000
0.77580000	1.93210000
0.62300000	1.66410000
0.49370000	1.45720000
0.41140000	1.29650000
0.41140000	1.25830000
0.36440000	1.07160000
0.29390000	0.99250000
0.30560000	0.95220000
0.30560000	0.87620000
0.23510000	0.83270000
0.27030000	0.85190000
0.42310000	0.80160000
0.59950000	1.99050000
0.44670000	1.17420000
1.10490000	4.56840000
0.67000000	3.77400000
0.52890000	2.17150000
1.44580000	1.92590000
1.08140000	1.61560000
0.94030000	1.67370000
0.71700000	1.65160000
0.56420000	1.78530000
0.44670000	1.55820000
0.36440000	1.35600000
0.30560000	1.19930000
0.27030000	1.07720000
0.24680000	0.98110000
0.23510000	0.90480000
0.19980000	0.84340000
0.17630000	0.79340000
0.15280000	0.75210000
0.14100000	0.71750000
0.12930000	0.68790000
0.15280000	0.69900000
0.18810000	0.63950000
0.16460000	0.61920000
0.14100000	0.61260000
0.12930000	0.58370000
0.12930000	0.56780000
0.35260000	0.63920000
0.52890000	0.54990000
0.29390000	0.84730000
0.22330000	0.83790000
0.19980000	0.76540000
1.44580000	5.56570000
0.97560000	5.39660000
0.58770000	2.11360000
0.43490000	2.05780000
0.00000000	1.70770000
0.00000000	1.44010000
0.00000000	1.23490000
0.00000000	1.07670000
0.00000000	0.95410000
0.00000000	0.85840000
0.00000000	0.78300000
0.00000000	0.72300000
0.00000000	0.68630000
0.00000000	2.29370000
0.00000000	3.74880000
0.00000000	1.53390000
0.00000000	3.61520000
0.00000000	5.07300000
0.00000000	2.28210000
0.00000000	2.41280000
0.00000000	1.96970000
0.00000000	2.17410000
0.00000000	1.81790000
0.00000000	1.54510000
0.00000000	1.38490000
0.00000000	1.17350000
0.00000000	1.43910000
0.00000000	1.25230000
0.00000000	1.11400000
0.00000000	1.02670000
0.00000000	0.90610000
0.00000000	1.13090000
0.00000000	1.00790000
0.00000000	0.91160000
0.00000000	0.83550000
0.00000000	0.77470000
0.00000000	0.72550000
0.00000000	0.68520000
0.00000000	1.42540000
0.00000000	4.18830000
0.00000000	2.90870000
0.00000000	1.79930000
0.00000000	1.54390000
0.00000000	1.31900000
0.00000000	1.14580000
0.00000000	1.01180000
0.00000000	0.90730000
0.00000000	1.67220000
0.00000000	2.51180000
0.00000000	1.47550000
0.00000000	1.29400000
0.00000000	1.12390000
0.00000000	0.99220000
0.00000000	0.88970000
0.00000000	0.82430000
0.00000000	0.77010000
0.00000000	3.13250000
0.00000000	4.16940000
0.00000000	3.09760000
0.00000000	1.93110000
0.00000000	1.80310000
0.00000000	1.53570000
0.00000000	3.62460000
0.00000000	10.69870000
0.00000000	6.92770000
0.00000000	5.75230000
0.00000000	6.61180000
0.00000000	3.21410000
0.00000000	3.04100000
0.00000000	2.51810000
0.00000000	2.12700000
0.00000000	1.81780000
0.00000000	1.57640000
0.00000000	1.39380000
0.00000000	1.25130000
0.00000000	1.14030000
0.00000000	1.05130000
0.00000000	0.97980000
0.00000000	0.92160000
0.00000000	0.87350000
0.00000000	6.26740000
0.00000000	5.60260000
0.00000000	2.27920000
0.00000000	2.03460000
0.00000000	1.73290000
0.00000000	1.50080000
0.00000000	1.32140000
0.00000000	1.18180000
0.00000000	1.72940000
0.00000000	8.72440000
0.00000000	6.49070000
0.00000000	2.75570000
0.00000000	2.55040000
0.00000000	2.36530000
0.00000000	1.99620000
0.00000000	1.71470000
0.00000000	1.49760000
0.00000000	1.32920000
0.00000000	1.19760000
0.00000000	1.09390000
0.00000000	1.01130000
0.00000000	0.94480000
0.00000000	0.89040000
0.00000000	0.84530000
0.00000000	0.80830000
0.00000000	0.78200000
0.00000000	0.77670000
0.00000000	0.72220000
0.00000000	0.85980000
0.00000000	0.80320000
0.00000000	0.75700000
0.00000000	0.71870000
0.00000000	0.68640000
0.00000000	0.65870000
0.00000000	0.63460000
0.00000000	0.61320000
0.00000000	0.59400000
0.00000000	0.57660000
0.00000000	0.56050000
0.00000000	0.54540000
0.00000000	0.53140000
0.00000000	0.51790000
0.00000000	0.50510000
0.00000000	0.49280000
0.00000000	0.48100000
0.00000000	0.48060000
0.00000000	0.49460000
0.00000000	1.40570000
0.00000000	2.98860000
0.00000000	8.80100000
0.00000000	5.77880000
0.00000000	2.57020000
0.00000000	2.21800000
0.00000000	1.83080000
0.00000000	1.53520000
0.00000000	1.30870000
0.00000000	1.13450000
0.00000000	0.99970000
0.00000000	0.89480000
0.00000000	0.81250000
0.00000000	0.74720000
0.00000000	0.69490000
0.00000000	0.65250000
0.00000000	0.61760000
0.00000000	0.58840000
0.00000000	0.56350000
0.00000000	0.55190000
0.00000000	0.57550000
0.00000000	3.03180000
0.00000000	7.46390000
0.00000000	5.37710000
0.00000000	2.39010000
0.00000000	2.21750000
0.00000000	1.83340000
0.00000000	1.54030000
0.00000000	1.35210000
0.00000000	2.09630000
0.00000000	2.40460000
0.00000000	4.12100000
0.00000000	3.66610000
0.00000000	2.20090000
0.00000000	2.24780000
0.00000000	2.84480000
0.00000000	5.60940000
0.00000000	5.69940000
0.00000000	2.62340000
0.00000000	2.69360000
0.00000000	2.23980000
0.00000000	1.89400000
0.00000000	2.18600000
0.00000000	1.62870000
0.00000000	1.85480000
0.00000000	1.61480000
0.00000000	6.47800000
0.00000000	6.26030000
0.00000000	7.14670000
0.00000000	5.42460000
0.00000000	3.15400000
0.00000000	2.68620000
0.00000000	2.26070000
0.00000000	1.93440000
0.00000000	1.74970000
0.00000000	6.49820000
0.00000000	5.81720000
0.00000000	2.61480000
0.00000000	2.65100000
0.00000000	2.23040000
0.00000000	1.91320000
0.00000000	2.31620000
0.00000000	1.72970000
0.00000000	2.01300000
0.00000000	1.81130000
0.00000000	1.60550000
0.00000000	2.56300000
0.00000000	2.95210000
0.00000000	8.11220000
0.00000000	7.10360000
0.00000000	3.09080000
0.00000000	2.89890000
0.00000000	2.71950000
0.00000000	5.65240000
0.00000000	5.00120000
0.00000000	2.86620000
0.00000000	2.61540000
0.00000000	2.22830000
0.00000000	1.93060000
0.00000000	1.70030000
0.00000000	1.57560000
0.00000000	1.37940000
0.00000000	10.46190000
0.00000000	14.32330000
0.00000000	6.64650000
0.00000000	3.81650000
0.00000000	3.23800000
0.00000000	2.71820000
0.00000000	2.33330000
0.00000000	2.01340000
0.00000000	1.78970000
0.00000000	1.61510000
0.00000000	4.00450000
0.00000000	4.11710000
0.00000000	2.31640000
0.00000000	2.06250000
0.00000000	1.84220000
0.00000000	2.37680000
0.00000000	1.72190000
0.00000000	2.13730000
0.00000000	1.85480000
0.00000000	1.63620000
0.00000000	1.47860000
0.00000000	1.36550000
0.00000000	3.22510000
0.00000000	7.97760000
0.00000000	4.77160000
0.00000000	2.73980000
0.00000000	2.42660000
0.00000000	2.04700000
0.00000000	5.90270000
0.00000000	7.71680000
0.00000000	2.92510000
0.00000000	3.04260000
0.00000000	2.55460000
0.00000000	2.18060000
0.00000000	1.89280000
0.00000000	1.71460000
0.00000000	3.51040000
0.00000000	3.52130000
0.00000000	2.10870000
0.00000000	1.89430000
0.00000000	1.65140000
0.00000000	2.15680000
0.00000000	1.59270000
0.00000000	1.92750000
0.00000000	1.68270000
0.00000000	1.49280000
0.00000000	1.34450000
0.00000000	1.22770000
0.00000000	1.13470000
0.00000000	1.05970000
0.00000000	1.01170000
0.00000000	0.98740000
0.00000000	0.94710000
0.00000000	0.87700000
0.00000000	1.56690000
0.00000000	6.64370000
0.00000000	8.07680000
0.00000000	6.11600000
0.00000000	2.90260000
0.00000000	2.91350000
0.00000000	2.42580000
0.00000000	2.05270000
0.00000000	1.76630000
0.00000000	1.54540000
0.00000000	1.37380000
0.00000000	1.26540000
0.00000000	1.18390000
0.00000000	1.09780000
0.00000000	1.00790000
0.00000000	1.28840000
0.00000000	1.37300000
0.00000000	1.81280000
0.00000000	5.81800000
0.00000000	4.06730000
0.00000000	2.35620000
0.00000000	2.03660000
0.00000000	1.74040000
0.00000000	1.51230000
0.00000000	1.33570000
0.00000000	1.19810000
0.00000000	1.08990000
0.00000000	1.00410000
0.00000000	0.93520000
0.00000000	0.87910000
0.00000000	0.83280000
0.00000000	0.85540000
0.00000000	0.79500000
0.00000000	0.73230000
0.00000000	0.74410000
0.00000000	3.00190000
0.00000000	9.25200000
0.00000000	17.76260000
0.00000000	11.02050000
0.00000000	4.26400000
0.00000000	3.63480000
0.00000000	2.98350000
0.00000000	2.48690000
0.00000000	2.10700000
0.00000000	1.81520000
0.00000000	1.59000000
0.00000000	1.41810000
0.00000000	1.27820000
0.00000000	1.17020000
0.00000000	1.08400000
0.00000000	1.02200000
0.00000000	0.95730000
0.00000000	0.90990000
0.00000000	0.86980000
0.00000000	0.87520000
0.00000000	0.80520000
0.00000000	1.58070000
0.00000000	1.08650000
0.00000000	1.62480000
0.00000000	1.40490000
0.00000000	1.23500000
0.00000000	1.10280000
0.00000000	1.02650000
0.00000000	0.93900000
0.00000000	0.85160000
0.00000000	0.79850000
0.00000000	0.75480000
0.00000000	0.74990000
0.00000000	0.68750000
0.00000000	0.68760000
0.00000000	0.63750000
0.00000000	0.61670000
0.00000000	0.62880000
0.00000000	0.63240000
0.00000000	0.56460000
0.00000000	0.66830000
0.00000000	0.63920000
0.00000000	0.59400000
0.00000000	0.56600000
0.00000000	0.54210000
0.00000000	0.52280000
0.00000000	0.50570000
0.00000000	0.48700000
0.00000000	0.47820000
0.00000000	0.45880000
0.00000000	0.44630000
0.00000000	0.43450000
0.00000000	0.42340000
0.00000000	0.41280000
0.00000000	0.44160000
0.00000000	0.39290000
0.00000000	0.38350000
0.00000000	0.38490000
0.00000000	0.36560000
0.00000000	0.35700000
0.00000000	0.34870000
0.00000000	0.36910000
0.00000000	0.40690000
0.00000000	0.32500000
0.00000000	0.70230000
0.00000000	0.60790000
0.00000000	0.53640000
0.00000000	0.48070000
0.00000000	0.43690000
0.00000000	0.40220000
0.00000000	0.37440000
0.00000000	0.40220000
0.00000000	0.34230000
0.00000000	0.31750000
0.00000000	0.30410000
0.00000000	0.29260000
0.00000000	0.33190000
0.00000000	0.27340000
0.00000000	0.32270000
0.00000000	0.30240000
0.00000000	0.28570000
0.00000000	0.27180000
0.00000000	0.29910000
0.00000000	0.26890000
0.00000000	3.34580000
0.00000000	2.26830000
0.00000000	1.33660000
0.00000000	1.11240000
0.00000000	0.91930000
0.00000000	0.80230000
0.00000000	1.24310000
0.00000000	14.61310000
0.00000000	15.13900000
0.00000000	15.57530000
0.00000000	14.45750000
0.00000000	9.18020000
0.00000000	6.00910000
0.00000000	4.16440000
0.00000000	3.52800000
0.00000000	3.06390000
0.00000000	2.55140000
0.00000000	2.15950000
0.00000000	1.85850000
0.00000000	1.62630000
0.00000000	1.48340000
0.00000000	1.33080000
0.00000000	1.21760000
0.00000000	1.67810000
0.00000000	1.47520000
0.00000000	1.31900000
0.00000000	1.19660000
0.00000000	1.14350000
0.00000000	6.56820000
0.00000000	3.96070000
0.00000000	2.29490000
0.00000000	1.99680000
0.00000000	1.73440000
0.00000000	3.93200000
0.00000000	3.44280000
0.00000000	2.13180000
0.00000000	2.38270000
0.00000000	8.12390000
0.00000000	8.45020000
0.00000000	3.18220000
0.00000000	3.28400000
0.00000000	3.72990000
0.00000000	9.11340000
0.00000000	5.68570000
0.00000000	3.37810000
0.00000000	2.90470000
0.00000000	3.29370000
0.00000000	2.36840000
0.00000000	2.35160000
0.00000000	2.03030000
0.00000000	2.52020000
0.00000000	6.49310000
0.00000000	5.77230000
0.00000000	4.12430000
0.00000000	7.72450000
0.00000000	5.77700000
0.00000000	3.38850000
0.00000000	2.92600000
0.00000000	2.47700000
0.00000000	4.90240000
0.00000000	5.97940000
0.00000000	2.86020000
0.00000000	2.70030000
0.00000000	2.31460000
0.00000000	2.01740000
0.00000000	1.78700000
0.00000000	1.60710000
0.00000000	1.46560000
0.00000000	1.35300000
0.00000000	1.26340000
0.00000000	1.18950000
0.00000000	1.12840000
0.00000000	1.07700000
0.00000000	1.03300000
0.00000000	0.99480000
0.00000000	0.96100000
0.00000000	0.93070000
0.00000000	0.90310000
0.00000000	0.87760000
0.00000000	0.85400000
0.00000000	0.83170000
0.00000000	0.81060000
0.00000000	0.79040000
0.00000000	0.77110000
0.00000000	0.75260000
0.00000000	0.73460000
0.00000000	0.71730000
0.00000000	0.70040000
0.00000000	0.68400000
0.00000000	0.66810000
0.00000000	0.65260000
0.00000000	0.63750000
0.00000000	0.62280000
0.00000000	0.60840000
0.00000000	0.59440000
0.00000000	0.58070000
0.00000000	0.56730000
0.00000000	0.55430000
0.00000000	0.54160000
0.00000000	0.52910000
0.00000000	0.51710000
0.00000000	0.50510000
0.00000000	0.49350000
0.00000000	0.48220000
0.00000000	0.47120000
0.00000000	0.46040000
0.00000000	0.44990000
0.00000000	0.43960000
0.00000000	0.42950000
0.00000000	0.41960000
0.00000000	0.41000000
0.00000000	0.40060000
0.00000000	0.39140000
0.00000000	0.38240000
0.00000000	0.37360000
0.00000000	0.36510000
0.00000000	0.35670000
0.00000000	0.34850000
0.00000000	0.34050000
0.00000000	0.33270000
0.00000000	0.36830000
0.00000000	4.06690000
0.00000000	10.27520000
0.00000000	27.40670000
0.00000000	27.20860000
0.00000000	15.38720000
0.00000000	11.29920000
0.00000000	10.90230000
0.00000000	10.06430000
0.00000000	8.58290000
0.00000000	4.88880000
0.00000000	4.49400000
0.00000000	4.75740000
0.00000000	19.96820000
0.00000000	16.97920000
0.00000000	7.69510000
0.00000000	5.01400000
0.00000000	4.18010000
0.00000000	3.50440000
2.11570000	2.98540000
1.88070000	2.58610000
1.64560000	2.27740000
1.41050000	2.03710000
2.11570000	1.84870000
4.59590000	1.69930000
3.39690000	1.57960000
2.65640000	1.48260000
2.11570000	1.40270000
2.06870000	1.33590000
1.71610000	1.27920000
1.52800000	1.23020000
1.46930000	1.18710000
2.31560000	1.14870000
2.50360000	1.13400000
12.34180000	1.15490000
20.68720000	4.45210000
18.45400000	7.58070000
17.86620000	9.08310000
18.68900000	9.61660000
79.57530000	16.67320000
27.50460000	11.34700000
10.99010000	4.80870000
5.93580000	4.09950000
9.47380000	4.55780000
23.27310000	12.25130000
10.81380000	8.58220000
11.70710000	5.16320000
26.09410000	10.32000000
13.86990000	7.37330000
6.88790000	4.25980000
4.00820000	3.62970000
2.86800000	3.10520000
3.29120000	2.65870000
6.41770000	2.32510000
15.04530000	5.89180000
6.95840000	7.06380000
4.91320000	3.20670000
4.54880000	3.22940000
4.18450000	2.81160000
3.45570000	2.44080000
2.82100000	2.14980000
2.30380000	1.92500000
1.96290000	1.74850000
2.11570000	1.62590000
6.67630000	3.81360000
6.25320000	5.18130000
4.87800000	3.57840000
4.47830000	3.89650000
4.11390000	4.43050000
3.80830000	4.31750000
3.29120000	2.82390000
8.60400000	6.65090000
10.93130000	10.69390000
7.45210000	7.98700000
5.16010000	4.01240000
3.89060000	3.75170000
3.04430000	3.15630000
2.51540000	2.69430000
2.82100000	2.41210000
2.37430000	2.06350000
2.04520000	1.85940000
1.71610000	1.68080000
1.70430000	1.57050000
4.05520000	2.13690000
7.01720000	5.84030000
7.12300000	5.77640000
7.42860000	7.17580000
5.63020000	5.44640000
5.70070000	5.79860000
4.27850000	5.04850000
3.31470000	3.23850000
2.79750000	2.90090000
2.39780000	2.51160000
1.99820000	2.17510000
1.66910000	1.90970000
1.42220000	1.71650000
1.22240000	1.56450000
1.08140000	1.44370000
0.97560000	1.34650000
0.85810000	1.26730000
0.76400000	1.20180000
0.67000000	1.14670000
0.68170000	1.09970000
0.84630000	1.13980000
0.64650000	1.02270000
0.52890000	0.99030000
0.51720000	1.01000000
0.52890000	0.97930000
1.35170000	7.44940000
1.61030000	7.01710000
1.10490000	2.58980000
0.91680000	2.64040000
0.77580000	2.22730000
0.67000000	1.91030000
0.57600000	1.66600000
0.48190000	1.47660000
0.39960000	1.32870000
0.34090000	1.21230000
0.29390000	1.11960000
0.25860000	1.04500000
0.22330000	0.98420000
0.18810000	0.93380000
0.17630000	0.89140000
0.18810000	0.85510000
0.19980000	0.84450000
0.15280000	0.79560000
0.12930000	0.77060000
0.14100000	0.78180000
0.15280000	0.72670000
0.17630000	0.78540000
0.15280000	0.68860000
0.12930000	0.75970000
0.11050000	0.72310000
0.09290000	0.69210000
0.42310000	0.71500000
1.15190000	5.31570000
0.44670000	3.73320000
0.27030000	2.07660000
0.21160000	1.78440000
0.18810000	1.55620000
0.29390000	4.68380000
1.83360000	10.33530000
1.31650000	6.43890000
0.82280000	3.06530000
0.57600000	2.62170000
0.52890000	2.22870000
0.84630000	3.55180000
0.99910000	6.29910000
0.85810000	4.00370000
0.57600000	2.55980000
0.44670000	2.21000000
0.42310000	1.90050000
1.62210000	4.97110000
1.15190000	4.15610000
0.67000000	2.43720000
0.47020000	2.11470000
0.35260000	1.81530000
0.29390000	1.61810000
0.35260000	1.96310000
0.37610000	1.47830000
0.29390000	1.75130000
0.81100000	2.25960000
0.82280000	1.64130000
0.50540000	2.01500000
0.43490000	1.73080000
0.39960000	1.51170000
0.39960000	1.36170000
0.77580000	1.28230000
0.97560000	1.10410000
0.65820000	1.42040000
0.51720000	1.26300000
0.41140000	1.13990000
0.34090000	1.04280000
0.37610000	1.02630000
0.62300000	2.67400000
0.56420000	3.09390000
3.34990000	10.13410000
3.34990000	12.21320000
2.31560000	8.73520000
1.61030000	3.83800000
1.32820000	3.70020000
3.52620000	3.08350000
8.22790000	4.99170000
7.75770000	12.19940000
8.22790000	16.71310000
8.22790000	15.22520000
4.70160000	8.09450000
2.93850000	4.92760000
1.99820000	4.10890000
2.35080000	3.46770000
2.82100000	3.97350000
1.88070000	4.70530000
1.41050000	2.95280000
1.05790000	2.58910000
1.76310000	2.30850000
1.64560000	2.00690000
1.05790000	1.78980000
0.82280000	1.63020000
0.58770000	1.50330000
0.47020000	1.40140000
0.51720000	1.35140000
0.55240000	1.24980000
34.08690000	17.37630000
5.87710000	13.31360000
3.17360000	4.17270000
1.99820000	3.69920000
2.46840000	5.01740000
2.23330000	4.72370000
1.76310000	3.04970000
1.41050000	2.63990000
1.08140000	2.28170000
0.84630000	2.00490000
0.68170000	1.78970000
0.58770000	1.62100000
0.50540000	1.48760000
0.39960000	1.38090000
0.34090000	1.29450000
0.39960000	1.26450000
0.51720000	1.17700000
0.38790000	1.11400000
0.30560000	1.07080000
0.25860000	1.03280000
0.22330000	0.99900000
0.19980000	0.96850000
0.18810000	0.94050000
0.16460000	0.91450000
0.15280000	0.89030000
0.14100000	0.86780000
0.12930000	0.84550000
0.12930000	0.83610000
0.15280000	0.86880000
0.37610000	0.79440000
0.32910000	0.78900000
2.58590000	8.66280000
2.39780000	7.75080000
1.30470000	2.69370000
0.94030000	2.66490000
0.74050000	2.22290000
0.62300000	1.88480000
0.54070000	1.62500000
0.50540000	1.42890000
0.51720000	1.29740000
0.49370000	1.14670000
0.44670000	1.05040000
0.41140000	0.97350000
0.37610000	0.91130000
0.36440000	0.86030000
0.34090000	0.81790000
0.47020000	0.83090000
0.69350000	0.75200000
0.59950000	0.73970000
0.55240000	0.70030000
0.52890000	0.70550000
0.55240000	0.66670000
0.65820000	0.67390000
0.99910000	4.18280000
1.24590000	4.25740000
1.48100000	1.84940000
3.19710000	2.73770000
2.43310000	3.24190000
2.26850000	2.08700000
5.12480000	5.80440000
3.92590000	5.68960000
2.95030000	2.63050000
2.30380000	2.31000000
2.01000000	1.95560000
1.68080000	1.65650000
1.44580000	1.43830000
2.45660000	3.17670000
2.99730000	4.94110000
2.82100000	3.39090000
2.43310000	2.23110000
2.19800000	1.99110000
2.05700000	1.73060000
2.92680000	4.06000000
3.05610000	3.32040000
2.40960000	2.11030000
2.03350000	1.90410000
1.83360000	1.64940000
1.99820000	1.45550000
1.77490000	1.33880000
1.72790000	1.64730000
10.17910000	6.57810000
7.71070000	5.76680000
4.74870000	2.58400000
3.36170000	2.25440000
2.46840000	1.91530000
1.99820000	1.66230000
1.64560000	1.47380000
1.41050000	1.29600000
1.17540000	1.63660000
7.05250000	1.45730000
7.52260000	8.54990000
4.34900000	6.32170000
3.40870000	2.78530000
2.70340000	2.41410000
2.35080000	2.30210000
1.99820000	1.95640000
1.76310000	1.69320000
1.99820000	1.48970000
1.52800000	1.33140000
1.64560000	1.20720000
1.41050000	1.10890000
1.76310000	1.03030000
5.64200000	8.79950000
4.70160000	8.31230000
3.87890000	2.88260000
3.05610000	2.84070000
2.58590000	2.37220000
1.99820000	2.01360000
1.76310000	1.73810000
1.52800000	1.53580000
4.70160000	1.91530000
8.93310000	5.95090000
7.05250000	6.80430000
8.69800000	6.85370000
5.64200000	4.64530000
4.93670000	2.97320000
17.63120000	10.56290000
8.22790000	8.33680000
5.52440000	3.69440000
3.99640000	3.20950000
3.05610000	2.68200000
2.70340000	2.40840000
2.93850000	2.07190000
3.52620000	2.08090000
5.75950000	6.15430000
6.11210000	5.83900000
9.40330000	7.14770000
6.58230000	5.27570000
4.81920000	3.23280000
3.87890000	2.78210000
3.05610000	2.37400000
2.35080000	2.05990000
1.88070000	1.81690000
1.73960000	1.62760000
1.41050000	1.47900000
1.39870000	1.36110000
1.55150000	1.26660000
1.35170000	1.18980000
1.10490000	1.12650000
0.94030000	1.07350000
1.17540000	1.02840000
0.94030000	0.98940000
0.70520000	0.95500000
0.47020000	0.92430000
0.41140000	0.89650000
0.63470000	0.87090000
1.17540000	0.84660000
0.94030000	0.82480000
0.82280000	0.80370000
0.70520000	0.78370000
0.63470000	0.76440000
0.56420000	0.74600000
0.82280000	0.72810000
1.29300000	0.71090000
1.97470000	0.69430000
2.79750000	0.67810000
2.16280000	0.66230000
1.98640000	0.64690000
1.93940000	0.63190000
2.28030000	0.61730000
1.92770000	0.60300000
1.61030000	0.58910000
1.50450000	0.57560000
1.85710000	0.56230000
1.61030000	0.54940000
1.58680000	0.53680000
1.52800000	0.52440000
1.53980000	0.51240000
1.37520000	0.50070000
1.29300000	0.48910000
1.05790000	0.47790000
0.94030000	0.46690000
0.85810000	0.45620000
0.83450000	0.44570000
0.90510000	0.43550000
1.48100000	0.42550000
3.89060000	0.41570000
14.22250000	0.43190000
22.33280000	1.00190000
26.56430000	12.56740000
15.63300000	11.11670000
8.63930000	4.61330000
5.45390000	3.05030000
4.31380000	2.53250000
3.94940000	2.09140000
3.66730000	2.87050000
5.50090000	6.49710000
3.99640000	4.38250000
2.86800000	2.67700000
7.81650000	2.31270000
13.04710000	14.55390000
6.37070000	12.03550000
6.78210000	5.48420000
16.22070000	16.69670000
8.59230000	12.68700000
5.65370000	5.05110000
4.10220000	4.35360000
3.10310000	3.73190000
2.55060000	3.11210000
2.12750000	2.63150000
1.76310000	2.26340000
1.57510000	2.00600000
1.36350000	1.77160000
1.26940000	1.61500000
3.27940000	5.16680000
5.07780000	5.76190000
4.39600000	4.11730000
3.18540000	2.66360000
2.63290000	2.51780000
2.38610000	2.18120000
4.60760000	1.88700000
7.56960000	4.08620000
4.98370000	4.09730000
4.49010000	2.49490000
3.50270000	2.17050000
2.87980000	2.20670000
2.37430000	1.92510000
1.95120000	1.69960000
1.78660000	1.55360000
1.58680000	1.39110000
1.49280000	1.34810000
1.42220000	1.19730000
1.24590000	1.65760000
1.52800000	1.47870000
2.56240000	3.48050000
4.52530000	3.49860000
3.42040000	2.10010000
2.67990000	1.85870000
4.53710000	1.69870000
3.79660000	1.46000000
2.83270000	1.82970000
2.32730000	1.60050000
1.95120000	1.42260000
1.65730000	1.28350000
1.41050000	1.17380000
1.19890000	1.08630000
1.08140000	1.01570000
1.08140000	0.98740000
0.92860000	0.91000000
0.78750000	0.86960000
0.85810000	0.86080000
1.18720000	0.84020000
0.89330000	0.77760000
0.76400000	0.75340000
0.75230000	0.73130000
7.09950000	9.20730000
4.64290000	6.90670000
3.18540000	2.73860000
2.43310000	2.38140000
1.91590000	1.99590000
1.48100000	1.70070000
1.17540000	1.47350000
0.97560000	1.29790000
0.88160000	1.16110000
0.81100000	1.05380000
1.05790000	0.97970000
0.86980000	0.90070000
0.68170000	0.84550000
1.24590000	0.88030000
1.15190000	0.77750000
3.05610000	1.49360000
3.50270000	3.88200000
2.49190000	1.62870000
2.09220000	2.49340000
3.00910000	5.94670000
22.80300000	13.33590000
31.38350000	15.53980000
13.98740000	9.90580000
6.73510000	4.41480000
4.10220000	4.05520000
2.93850000	3.32440000
2.95030000	2.80010000
2.17450000	2.34100000
1.70430000	2.01390000
1.32820000	1.77290000
0.99910000	1.56560000
0.82280000	1.41240000
0.76400000	1.29160000
0.76400000	1.21600000
0.81100000	1.15740000
0.82280000	1.09150000
2.42130000	4.13600000
2.09220000	3.49970000
2.46840000	2.04130000
2.67990000	1.85550000
2.59770000	2.16880000
3.37340000	2.87440000
3.15010000	1.88490000
2.30380000	1.86250000
1.78660000	1.61930000
1.43400000	1.43960000
1.65730000	1.32230000
1.78660000	1.16620000
1.26940000	1.09160000
1.03440000	1.00050000
0.82280000	0.94050000
0.72880000	0.91270000
0.61120000	0.84940000
0.49370000	0.81400000
0.39960000	0.78330000
0.32910000	0.75630000
0.28210000	0.73210000
0.24680000	0.71020000
0.22330000	0.69000000
0.19980000	0.69010000
0.22330000	0.68350000
0.31740000	0.67370000
0.32910000	0.63240000
0.24680000	0.60570000
0.22330000	0.59110000
0.22330000	0.60590000
0.24680000	0.57590000
0.21160000	0.55890000
15.39790000	1.03840000
11.04890000	10.98820000
4.77220000	7.06830000
3.54970000	2.88900000
2.02170000	2.47900000
1.36350000	2.02920000
1.09310000	1.75900000
0.79930000	1.45320000
0.62300000	1.32820000
0.49370000	1.16430000
0.39960000	1.03700000
0.35260000	0.93730000
0.30560000	0.85860000
0.27030000	0.79570000
0.23510000	0.74490000
0.19980000	0.70330000
1.61030000	2.42630000
1.82190000	5.91430000
0.89330000	3.62850000
0.57600000	2.21090000
0.64650000	1.87690000
1.22240000	1.62470000
1.26940000	1.38840000
2.12750000	1.95430000
1.17540000	2.66120000
0.78750000	1.67660000
0.58770000	1.45980000
0.49370000	1.26610000
0.47020000	1.13200000
0.71700000	1.08390000
0.62300000	0.90780000
0.54070000	1.46360000
0.47020000	1.26420000
0.35260000	1.11020000
0.30560000	0.99040000
0.27030000	0.89660000
0.23510000	0.83560000
0.22330000	0.76310000
0.19980000	0.75970000
0.24680000	0.74040000
0.48190000	0.64340000
0.37610000	1.14290000
0.27030000	0.98620000
0.22330000	0.87890000
0.18810000	0.79490000
0.24680000	0.72850000
0.79930000	1.30040000
0.68170000	2.11050000
0.50540000	1.31840000
0.41140000	1.36000000
0.30560000	1.16330000
0.24680000	1.01180000
0.22330000	0.89450000
0.21160000	0.80310000
0.18810000	0.73110000
0.16460000	0.67400000
0.15280000	0.62810000
0.12930000	0.59070000
0.11750000	0.55990000
0.11520000	0.53400000
0.11750000	0.52750000
0.14100000	0.49270000
0.12930000	0.47580000
0.11050000	0.46060000
0.09990000	0.44680000
0.08580000	0.43420000
0.07990000	0.42240000
0.07410000	0.41130000
0.06820000	0.40080000
0.06350000	0.39080000
0.05880000	0.38130000
0.05410000	0.37200000
0.04700000	0.36320000
0.04470000	0.35460000
0.04000000	0.34620000
0.03880000	0.33810000
0.03880000	0.35670000
0.03640000	0.33560000
0.03530000	0.31510000
0.03530000	0.32470000
0.03290000	0.30070000
0.03290000	0.29370000
0.03170000	0.28690000
0.02940000	0.28030000
0.03640000	0.32400000
0.04940000	0.29260000
0.28210000	0.82210000
0.23510000	1.61910000
0.14100000	0.99140000
0.10700000	0.91710000
0.08930000	0.76840000
0.07760000	0.65450000
0.06820000	0.56680000
0.06580000	0.49910000
0.06110000	0.44640000
0.05880000	0.40500000
0.05640000	0.37220000
0.06580000	0.38420000
0.09290000	0.37780000
0.16460000	0.30720000
0.12930000	0.88300000
0.10340000	0.73960000
0.09640000	1.14150000
1.19890000	9.54310000
1.77490000	8.61990000
0.89330000	4.00130000
0.64650000	2.69180000
2.33910000	4.47260000
1.24590000	2.42420000
0.84630000	2.60340000
0.67000000	2.12770000
0.55240000	1.76530000
0.49370000	1.48830000
0.48190000	1.28130000
0.45840000	1.11210000
0.55240000	1.00620000
1.45750000	1.45460000
46.89890000	10.46460000
50.77780000	41.47520000
26.32920000	33.60670000
12.10670000	17.16920000
7.11120000	9.37980000
4.74870000	5.76000000
3.44400000	4.74340000
2.70340000	3.92510000
2.19800000	3.29790000
2.08050000	2.81730000
2.87980000	3.24750000
2.25680000	2.49150000
2.05700000	2.71430000
3.12660000	4.81520000
2.73870000	4.87910000
2.25680000	2.87800000
1.93940000	2.54350000
1.63380000	2.23660000
4.32550000	7.46450000
6.81740000	7.48870000
4.37250000	3.26900000
3.30290000	3.09160000
2.87980000	2.65120000
11.36620000	7.20240000
18.80660000	12.11850000
21.39250000	11.88750000
10.13200000	8.46200000
6.52350000	4.43770000
4.80740000	3.97130000
3.52620000	3.50910000
2.77400000	3.37910000
2.38610000	2.88920000
2.23330000	2.50470000
1.84540000	2.20730000
1.63380000	1.97570000
1.58680000	1.79390000
1.84540000	1.64980000
2.56240000	2.52430000
10.75500000	11.82810000
10.57870000	12.81940000
9.13290000	6.55270000
5.75950000	3.91860000
4.10220000	3.34120000
3.16190000	2.84030000
2.49190000	2.45400000
1.90420000	2.15550000
1.17540000	1.92350000
0.99910000	1.74170000
0.94030000	1.59790000
1.17540000	1.48290000
1.05790000	1.38980000
0.94030000	1.31340000
0.58770000	1.24970000
0.70520000	1.19570000
0.82280000	1.14920000
0.70520000	1.10840000
0.58770000	1.07210000
0.64650000	1.03930000
0.70520000	1.00920000
0.82280000	0.98140000
0.76400000	0.95530000
0.82280000	0.93080000
0.83450000	0.90740000
0.85810000	0.88510000
0.95210000	0.86360000
0.74050000	0.84290000
0.83450000	0.82290000
0.84630000	0.80350000
0.84630000	0.78470000
0.84630000	0.76640000
0.67000000	0.74870000
0.52890000	0.73120000
0.54070000	0.71430000
0.52890000	0.69780000
0.49370000	0.68170000
0.85810000	0.68470000
9.62660000	3.82270000
11.10760000	12.66180000
5.93580000	7.80200000
4.65460000	3.23690000
4.70160000	2.86870000
3.73780000	2.36720000
3.09130000	2.15200000
2.70340000	1.85010000
2.11570000	1.59390000
1.52800000	1.39610000
1.48100000	1.24260000
1.41050000	1.12240000
1.29300000	1.02750000
1.34000000	0.95180000
1.61030000	0.89600000
4.85440000	1.74010000
25.27130000	22.64920000
19.98200000	19.63990000
12.57690000	7.59020000
8.39240000	5.45440000
5.81830000	4.04200000
4.18450000	3.74900000
3.33820000	3.13700000
2.84450000	2.63500000
2.19800000	2.24950000
1.78660000	1.95280000
1.48100000	1.72320000
1.29300000	1.54440000
1.50450000	1.40390000
2.73870000	1.29240000
7.80470000	11.80250000
8.80380000	10.25510000
7.46390000	3.44700000
5.70070000	3.25850000
4.46660000	2.95040000
4.01990000	2.48280000
3.30290000	2.13390000
2.70340000	1.86490000
2.19800000	1.65610000
2.08050000	1.49300000
1.63380000	1.36430000
1.31650000	1.26190000
1.35170000	1.17920000
1.21070000	1.11170000
1.05790000	1.05570000
0.95210000	1.00850000
0.85810000	0.96800000
0.83450000	0.93260000
0.95210000	0.90140000
1.02260000	0.87320000
3.52620000	0.84760000
18.68900000	2.81680000
9.46210000	4.13480000
7.80470000	4.57720000
18.45400000	19.47870000
26.21170000	25.24150000
11.98920000	14.86530000
6.81740000	5.90240000
4.70160000	5.08530000
3.65550000	4.15780000
2.91500000	3.44270000
2.31560000	2.89730000
1.84540000	2.47850000
1.61030000	2.15590000
1.39870000	1.91330000
1.18720000	1.71030000
1.04610000	1.55720000
1.04610000	1.45020000
0.98730000	1.33780000
0.84630000	1.25820000
0.78750000	1.19250000
0.74050000	1.13730000
0.70520000	1.09020000
0.65820000	1.04940000
0.63470000	1.01340000
0.57600000	0.98110000
0.55240000	0.95180000
0.55240000	0.93640000
0.64650000	0.94250000
0.63470000	0.87610000
0.62300000	0.88540000
0.72880000	0.83340000
0.71700000	0.81310000
0.95210000	1.56520000
1.39870000	1.09360000
1.31650000	1.62650000
1.21070000	1.41560000
1.29300000	1.28850000
1.42220000	1.12140000
1.84540000	1.06290000
3.19710000	2.29480000
2.66820000	1.36740000
2.84450000	1.55010000
3.23240000	1.33520000
3.02080000	1.35050000
2.77400000	1.35630000
2.91500000	1.21040000
3.09130000	1.12060000
2.66820000	0.96890000
2.25680000	1.35050000
2.91500000	1.24320000
2.49190000	1.05540000
2.05700000	1.04710000
1.71610000	0.94640000
1.42220000	0.86690000
1.21070000	0.80340000
1.05790000	0.75210000
0.95210000	0.71000000
0.92860000	0.72030000
1.63380000	1.17410000
1.52800000	0.85200000
1.16370000	1.20220000
1.01090000	1.04800000
0.89330000	0.92850000
0.92860000	0.83620000
1.24590000	0.85010000
1.45750000	0.71560000
1.18720000	0.99060000
0.98730000	0.91390000
0.91680000	0.78910000
1.21070000	0.73680000
9.70890000	7.01890000
5.70070000	5.96640000
3.82010000	2.34040000
2.91500000	2.18280000
2.19800000	1.80920000
1.71610000	1.52370000
1.45750000	1.30480000
1.44580000	1.15380000
2.87980000	1.06830000
1.90420000	0.90350000
1.44580000	0.99820000
1.18720000	0.89530000
0.95210000	0.81430000
0.79930000	0.75010000
0.74050000	0.69860000
0.62300000	0.65660000
0.54070000	0.62200000
0.49370000	0.60490000
0.98730000	0.59860000
10.30840000	0.63330000
5.23060000	1.64740000
2.80920000	0.95470000
2.84450000	0.99150000
4.56060000	1.33110000
3.26760000	0.99100000
2.42130000	1.29020000
2.02170000	1.10040000
1.45750000	0.95440000
1.08140000	0.84920000
0.84630000	0.75340000
0.68170000	0.68430000
0.64650000	0.65730000
0.71700000	0.60400000
0.51720000	0.55000000
0.48190000	0.52060000
2.84450000	0.59750000
2.29210000	1.55720000
1.16370000	0.91340000
0.79930000	1.00750000
0.74050000	0.91700000
2.98550000	1.46780000
1.93940000	2.16620000
7.87530000	3.17960000
43.37270000	17.23570000
20.09950000	16.78490000
9.37980000	7.06100000
5.44220000	4.27140000
3.30290000	3.51860000
2.17450000	2.87570000
1.55150000	2.38590000
1.52800000	2.01150000
2.66820000	1.77710000
1.65730000	1.50310000
1.35170000	1.36080000
1.16370000	1.20770000
0.98730000	1.11200000
0.75230000	1.00850000
0.61120000	0.94100000
0.75230000	0.90190000
0.83450000	0.86880000
0.57600000	0.80210000
0.49370000	0.83890000
0.88160000	2.74440000
0.72880000	1.21770000
1.37520000	3.90010000
0.92860000	3.73680000
0.70520000	2.25440000
0.58770000	1.94590000
1.78660000	9.46540000
1.26940000	7.24050000
0.84630000	3.07680000
0.65820000	2.65700000
0.51720000	2.22190000
0.42310000	1.88880000
0.36440000	1.63270000
0.31740000	1.43480000
0.27030000	1.28100000
0.22330000	1.16030000
0.18810000	1.06490000
0.19980000	1.01190000
0.47020000	0.96720000
0.88160000	0.93630000
0.49370000	0.83370000
0.78750000	1.74940000
0.85810000	1.27960000
0.75230000	1.66170000
0.49370000	1.43330000
0.37610000	1.25700000
0.31740000	1.11990000
3.57320000	1.03630000
6.05340000	0.98090000
3.65550000	0.87840000
3.37340000	0.85020000
2.66820000	3.38820000
2.63290000	4.04130000
3.12660000	1.81220000
15.63300000	10.69680000
6.17090000	8.18890000
3.26760000	3.50690000
6.52350000	3.03050000
9.95570000	4.93610000
5.23060000	4.71740000
3.26760000	2.83800000
2.23330000	2.42600000
1.76310000	2.05630000
2.23330000	1.84590000
2.38610000	2.55300000
2.23330000	1.73380000
2.87980000	2.39580000
3.09130000	3.31080000
2.11570000	2.06840000
1.71610000	2.15260000
1.31650000	1.83390000
1.02260000	1.59930000
0.85810000	1.41750000
0.74050000	1.30900000
0.67000000	1.16370000
0.55240000	1.07480000
0.45840000	1.00320000
0.41140000	0.95560000
0.37610000	0.89640000
0.34090000	0.85560000
0.35260000	0.84750000
0.49370000	0.80580000
0.43490000	0.76370000
0.35260000	0.73960000
0.29390000	0.71770000
0.28210000	0.70690000
0.51720000	0.70690000
0.50540000	0.66100000
2.77400000	1.14590000
5.38340000	7.64350000
2.87980000	5.32460000
1.96290000	2.32390000
1.48100000	2.00990000
1.28120000	1.71580000
1.15190000	1.45070000
0.99910000	1.26400000
2.75050000	2.98960000
2.57420000	2.91670000
1.81010000	1.78190000
1.46930000	1.55250000
1.23420000	1.34370000
1.03440000	1.18230000
0.88160000	1.05660000
0.78750000	0.95810000
1.85710000	0.94730000
7.29930000	6.57910000
5.77130000	5.52980000
3.84360000	2.32290000
2.89150000	2.12460000
2.28030000	1.78730000
1.79840000	1.52880000
1.45750000	1.32960000
1.23420000	1.17540000
1.05790000	1.05520000
0.94030000	0.96060000
0.84630000	0.88560000
0.79930000	0.84300000
0.91680000	0.81380000
1.12840000	0.74440000
1.32820000	0.72640000
1.38700000	0.67250000
1.17540000	1.10520000
1.03440000	0.98020000
0.99910000	0.89430000
2.73870000	3.98770000
2.80920000	3.21360000
2.25680000	1.86440000
3.03260000	2.21010000
9.09770000	6.33640000
6.10040000	4.26800000
5.39510000	2.58320000
5.81830000	6.36200000
5.95930000	5.48180000
5.94760000	3.95510000
7.08770000	5.32540000
4.93670000	2.80430000
3.62030000	2.97060000
2.97380000	2.46730000
2.63290000	2.10240000
2.30380000	1.80420000
2.01000000	1.83720000
3.09130000	2.72470000
2.80920000	2.00020000
4.24320000	4.18160000
3.67900000	3.97410000
3.26760000	2.51910000
3.73780000	2.18770000
4.44310000	2.76210000
8.03980000	6.05540000
9.65010000	6.90680000
6.12390000	2.84320000
4.44310000	3.03010000
3.40870000	2.53650000
2.73870000	2.15850000
2.39780000	1.88430000
5.17180000	2.50970000
4.33730000	3.18890000
3.31470000	2.02150000
2.70340000	1.79490000
2.29210000	1.58300000
2.01000000	1.41800000
7.09950000	1.94320000
11.54250000	8.70310000
7.53440000	6.50990000
6.80560000	4.25750000
4.78390000	4.34900000
3.53800000	2.83670000
2.89150000	2.43220000
2.42130000	2.08100000
2.09220000	1.81230000
2.19800000	1.62180000
2.29210000	1.43870000
1.86890000	1.56580000
1.61030000	1.40580000
1.26940000	1.27990000
1.22240000	1.17990000
11.14290000	4.25190000
15.75050000	12.43750000
7.61670000	7.60180000
5.06600000	3.35600000
3.74960000	2.90850000
2.92680000	2.44400000
2.45660000	2.08800000
1.99820000	1.81500000
1.69260000	1.60280000
1.53980000	1.43750000
1.26940000	1.30760000
1.12840000	1.20440000
0.98730000	1.12170000
0.70520000	1.05440000
0.82280000	1.00490000
0.92860000	0.95350000
0.82280000	0.91280000
0.82280000	0.88590000
0.82280000	0.84920000
0.76400000	0.82110000
0.78750000	0.79630000
0.72880000	0.77370000
1.82190000	2.42760000
4.03170000	3.89150000
3.82010000	1.68710000
4.13740000	2.68890000
19.39430000	7.84890000
13.86990000	9.74690000
6.99370000	5.24480000
4.86620000	3.27060000
3.53800000	2.75270000
2.55060000	2.30520000
1.52800000	1.96250000
1.17540000	1.69900000
1.05790000	1.49520000
0.94030000	1.33670000
1.29300000	1.21230000
2.56240000	1.11390000
3.29120000	1.03500000
2.49190000	0.97110000
2.26850000	0.91860000
2.35080000	0.87460000
2.13920000	0.83730000
1.85710000	0.80510000
1.75140000	0.77680000
1.70430000	0.75160000
1.68080000	0.72880000
1.41050000	0.70790000
1.17540000	0.68850000
1.41050000	0.67030000
1.97470000	0.65310000
3.60850000	0.63670000
2.70340000	0.62110000
2.23330000	0.60610000
2.03350000	0.59160000
1.82190000	0.57750000
1.66910000	0.56400000
1.37520000	0.55080000
1.28120000	0.53790000
1.25770000	0.52540000
1.19890000	0.51330000
1.32820000	0.50140000
1.21070000	0.48980000
1.16370000	0.47850000
1.23420000	0.46750000
1.32820000	0.45680000
1.57510000	0.44630000
8.11030000	0.43610000
9.39150000	0.43890000
6.02990000	0.42210000
4.34900000	0.40760000
3.34990000	0.39750000
2.91500000	0.39560000
3.54970000	0.44120000
5.57140000	3.74220000
12.69440000	22.06120000
11.14290000	14.74840000
6.19440000	4.41070000
4.40780000	3.89380000
3.36170000	3.14080000
2.71520000	2.56820000
2.39780000	2.13520000
2.29210000	1.83030000
2.03350000	1.54780000
1.99820000	1.35320000
2.09220000	1.23020000
2.63290000	2.09980000
2.96200000	1.38330000
2.86800000	1.48380000
3.06780000	1.43310000
3.60850000	2.13360000
4.33730000	2.38110000
4.56060000	1.64620000
4.25500000	1.69900000
4.32550000	1.82460000
3.99640000	1.54240000
9.02720000	2.19130000
17.39610000	12.24690000
7.68720000	7.79430000
5.44220000	3.33890000
4.45480000	2.86860000
3.77310000	2.38750000
3.17360000	2.01960000
2.79750000	1.73710000
2.63290000	1.51920000
4.54880000	1.35020000
7.89880000	1.75180000
9.42680000	6.66370000
11.26040000	12.25900000
11.26040000	7.51230000
9.77940000	3.50110000
7.02900000	2.98770000
10.77850000	2.49870000
22.33280000	8.56290000
14.92770000	12.37530000
8.05160000	6.47510000
5.43040000	3.81150000
4.00820000	3.23700000
3.15010000	2.71710000
2.59770000	2.31870000
2.25680000	2.01210000
7.74600000	5.08120000
9.40330000	8.99700000
6.11210000	5.28750000
4.27850000	3.15690000
3.64380000	2.75200000
2.86800000	2.33200000
2.38610000	2.03620000
1.95120000	1.79040000
1.64560000	1.60620000
1.49280000	1.46140000
2.12750000	1.42220000
2.19800000	1.26750000
1.73960000	1.17910000
1.52800000	1.11710000
1.35170000	1.06510000
1.16370000	1.02080000
0.99910000	0.98240000
0.86980000	0.94850000
0.79930000	0.91820000
0.79930000	0.90200000
0.70520000	0.86540000
0.79930000	0.84590000
0.84630000	0.87820000
0.64650000	0.79880000
0.58770000	0.77890000
0.98730000	0.82020000
1.71610000	1.45170000
1.93940000	1.05980000
1.38700000	1.57210000
1.06960000	1.36200000
0.85810000	1.19960000
0.75230000	1.11590000
0.97560000	0.99120000
1.10490000	0.94920000
0.85810000	0.83230000
0.76400000	1.42180000
1.99820000	1.22100000
1.06960000	1.08030000
0.89330000	0.96390000
5.23060000	0.94520000
2.91500000	0.81120000
3.98460000	1.10070000
2.58590000	0.95230000
1.76310000	1.10280000
1.30470000	0.97830000
0.96380000	0.88110000
0.79930000	0.80450000
4.31380000	0.81690000
2.01000000	0.69440000
1.50450000	0.65430000
4.10220000	0.70070000
2.64470000	0.59300000
1.75140000	1.11590000
1.30470000	0.97270000
1.14010000	0.90560000
0.84630000	0.77500000
0.76400000	0.70670000
1.39870000	0.65250000
1.45750000	0.67320000
1.44580000	0.61010000
1.06960000	0.56500000
0.97560000	0.65020000
1.26940000	0.73080000
1.01090000	0.67430000
1.12840000	0.62070000
0.78750000	0.56150000
0.59950000	0.52580000
0.48190000	0.49660000
0.39960000	0.47220000
0.41140000	0.48270000
0.69350000	0.49340000
0.56420000	0.99420000
0.84630000	3.41090000
0.74050000	1.33390000
0.51720000	1.68120000
0.41140000	1.37570000
0.38790000	1.15440000
0.36440000	0.99570000
0.28210000	0.85450000
1.89240000	0.80160000
0.83450000	0.67490000
0.63470000	0.65410000
0.70520000	0.59500000
0.47020000	0.52500000
0.34090000	0.49310000
0.28210000	0.46680000
0.22330000	0.44480000
0.18810000	0.42610000
0.15280000	0.40990000
0.12930000	0.39570000
0.11520000	0.38290000
0.09990000	0.37340000
0.09290000	0.36080000
0.09050000	0.35090000
0.08930000	0.38600000
0.08930000	0.33290000
0.08110000	0.32460000
0.06930000	0.31660000
0.05880000	0.30900000
0.05170000	0.30160000
0.04580000	0.29440000
0.03880000	0.28750000
0.03290000	0.28070000
0.03060000	0.27420000
0.02820000	0.26780000
0.02590000	0.26160000
0.02590000	0.27720000
0.02230000	0.24960000
0.01880000	0.25210000
0.01880000	0.23820000
0.01530000	0.23280000
0.01130000	0.22740000
0.00880000	0.22220000
0.00620000	0.21700000
0.00460000	0.21200000
0.00360000	0.20720000
0.00290000	0.20240000
0.00210000	0.19770000
0.00200000	0.19320000
0.00190000	0.18870000
0.01410000	0.18440000
2.31560000	8.08640000
0.63470000	5.56490000
0.24680000	2.17710000
0.16460000	1.81560000
0.11750000	1.49550000
0.10700000	1.24300000
0.11750000	4.05930000
0.25860000	3.12060000
0.17630000	1.88120000
0.11520000	1.56940000
0.08350000	1.30210000
0.06580000	1.09770000
0.05520000	0.94100000
0.05050000	0.82020000
0.06110000	1.30750000
0.79930000	1.88360000
1.45750000	4.87580000
0.84630000	3.66040000
0.42310000	2.17390000
2.71520000	3.82190000
3.94940000	11.14780000
2.67990000	11.37800000
1.38700000	5.66900000
0.86980000	3.57100000
0.65820000	2.95950000
0.59950000	2.44350000
0.78750000	2.09290000
0.84630000	1.74780000
0.96380000	1.56020000
0.82280000	1.33600000
0.62300000	1.61840000
0.58770000	1.42190000
0.52890000	1.25430000
0.42310000	1.13000000
0.35260000	1.03200000
0.29390000	0.95400000
0.24680000	0.89120000
0.22330000	0.83980000
0.92860000	1.60460000
1.11660000	2.53300000
0.77580000	1.53500000
0.78750000	2.04650000
0.96380000	3.81430000
0.89330000	1.86810000
0.78750000	2.04340000
0.91680000	1.77170000
1.30470000	2.80330000
1.38700000	1.79220000
1.18720000	1.90090000
1.02260000	1.62250000
0.89330000	1.41720000
0.79930000	1.24030000
0.70520000	1.11080000
0.62300000	1.00910000
0.55240000	0.92840000
0.49370000	0.86380000
0.44670000	0.81130000
0.41140000	0.76800000
0.39960000	0.73180000
0.52890000	0.74170000
0.61120000	0.67430000
0.50540000	0.65080000
0.44670000	0.62980000
0.41140000	0.61080000
0.37610000	0.59340000
0.37610000	0.57710000
0.44670000	0.60020000
0.47020000	0.54750000
0.42310000	0.53390000
0.38790000	0.52070000
0.35260000	0.50810000
0.34090000	0.49600000
0.32910000	0.48420000
0.31740000	0.47280000
0.30560000	0.46170000
0.28210000	0.45100000
0.25860000	0.44050000
0.25860000	0.43030000
0.27030000	0.42030000
1.97470000	0.47770000
3.98460000	0.40210000
2.29210000	0.56730000
1.77490000	0.51940000
1.56330000	0.48120000
1.36350000	1.00430000
1.18720000	5.86400000
1.14010000	7.63480000
2.09220000	6.81240000
1.59860000	2.74750000
1.39870000	2.82240000
1.30470000	2.29350000
1.10490000	1.89020000
1.06960000	1.58240000
1.51630000	1.85910000
2.33910000	2.69120000
1.85710000	1.72490000
1.56330000	1.87770000
1.62210000	1.58470000
10.69620000	5.26690000
7.09950000	4.20550000
4.18450000	2.43450000
3.13830000	2.18730000
2.42130000	1.83490000
2.32730000	1.56490000
1.95120000	1.35720000
1.68080000	1.19650000
1.53980000	1.07140000
1.79840000	0.98280000
4.44310000	3.21850000
7.20530000	5.14790000
4.91320000	2.10950000
3.66730000	2.31940000
2.82100000	1.93550000
2.31560000	1.66340000
9.30930000	7.08550000
7.47560000	4.70650000
4.60760000	2.68980000
3.42040000	2.31130000
2.75050000	1.94900000
3.23240000	2.36420000
3.82010000	1.75270000
3.00910000	2.10780000
2.59770000	1.81200000
2.17450000	1.55420000
10.33190000	4.77840000
19.39430000	11.51770000
9.73240000	7.79360000
8.22790000	4.91460000
9.30930000	3.33160000
5.93580000	3.27570000
4.43130000	2.72430000
13.16460000	4.14500000
8.76860000	4.07400000
5.48920000	2.57050000
4.04340000	2.30420000
2.95030000	1.98440000
2.12750000	1.73770000
1.65730000	1.54610000
1.58680000	1.39620000
1.52800000	1.27790000
1.41050000	1.18350000
1.23420000	1.10730000
1.17540000	1.04490000
1.11660000	0.99300000
1.05790000	0.94920000
0.94030000	0.91160000
0.88160000	0.87870000
1.41050000	0.84950000
3.12660000	3.16620000
6.34720000	5.08510000
12.81200000	16.22500000
8.23960000	12.40690000
4.98370000	4.23820000
3.58500000	3.87040000
2.75050000	3.18180000
2.11570000	2.66250000
1.70430000	2.25490000
1.35170000	1.94610000
1.17540000	1.70760000
1.05790000	1.52230000
0.99910000	1.37720000
1.29300000	1.30180000
1.98640000	1.17170000
3.33820000	1.74890000
5.86530000	3.67470000
5.72430000	5.24940000
5.34810000	2.37360000
3.66730000	2.49260000
2.82100000	2.11570000
2.35080000	1.82600000
1.99820000	1.60230000
1.64560000	1.42840000
1.46930000	1.29230000
1.23420000	1.18470000
1.06960000	1.09880000
0.94030000	1.02920000
1.11660000	0.97220000
1.23420000	0.92470000
1.17540000	0.88440000
1.11660000	0.84980000
1.23420000	0.82670000
2.49190000	1.45580000
2.71520000	1.07180000
2.15100000	1.54010000
1.88070000	1.34730000
1.64560000	1.18930000
1.35170000	1.06850000
1.17540000	0.97400000
1.05790000	0.89900000
0.99910000	0.83870000
0.94030000	0.78950000
0.89330000	0.74880000
0.85810000	0.71460000
0.92860000	0.71090000
2.55060000	0.70580000
6.55880000	6.59080000
4.21970000	3.75560000
3.38520000	2.16910000
2.83270000	1.85300000
2.69170000	1.56670000
3.12660000	1.37250000
2.40960000	1.17730000
2.05700000	1.04580000
4.18450000	1.44130000
3.60850000	1.08790000
2.91500000	1.38710000
2.43310000	1.20380000
2.08050000	1.06190000
1.83360000	0.95140000
1.64560000	0.86460000
1.46930000	0.79580000
1.30470000	0.74060000
1.24590000	0.69580000
2.01000000	0.68120000
4.77220000	1.45400000
5.23060000	2.35240000
6.55880000	2.12020000
5.94760000	2.78020000
4.52530000	1.77390000
3.58500000	1.67560000
2.93850000	1.41900000
2.59770000	1.22200000
3.74960000	1.63690000
3.24410000	2.23900000
2.79750000	1.45750000
2.69170000	1.45060000
2.43310000	1.22400000
2.24500000	1.28700000
4.96020000	1.65520000
6.34720000	3.53130000
5.34810000	1.64270000
3.98460000	1.88420000
3.10310000	1.58670000
2.50360000	1.35850000
2.06870000	1.18270000
1.69260000	1.04660000
1.43400000	0.94030000
1.19890000	0.85670000
1.03440000	0.79030000
1.50450000	0.73690000
4.13740000	0.78840000
2.83270000	0.65750000
2.31560000	0.86700000
2.15100000	0.81250000
2.10400000	0.74160000
2.12750000	0.71230000
1.83360000	0.63290000
1.57510000	1.04730000
1.39870000	0.91870000
1.35170000	0.81920000
1.84540000	0.79390000
3.05610000	0.71240000
4.38430000	0.62930000
4.26670000	1.11250000
3.20890000	0.96280000
2.93850000	0.84710000
6.01810000	1.25240000
15.04530000	8.99750000
9.61490000	6.26130000
6.02990000	2.63890000
4.27850000	2.37120000
4.16100000	2.00520000
3.44400000	1.65590000
2.76220000	1.40180000
2.25680000	1.20740000
1.90420000	1.06280000
1.61030000	0.95020000
1.49280000	0.87540000
1.35170000	0.79210000
1.50450000	0.78090000
2.65640000	0.74040000
2.48010000	0.66590000
2.22150000	1.01490000
2.16280000	0.92200000
1.76310000	0.82170000
1.83360000	1.08290000
2.76220000	1.71630000
2.52710000	2.53540000
1.96290000	1.55910000
1.52800000	1.34650000
1.19890000	1.15720000
0.92860000	1.01120000
0.76400000	0.89790000
0.62300000	0.80940000
0.51720000	0.73960000
0.47020000	0.72980000
0.45840000	0.66110000
0.39960000	0.60250000
0.34090000	0.57210000
0.28210000	0.54650000
0.23510000	0.52450000
0.21160000	0.50540000
0.21160000	0.53120000
0.21160000	0.47310000
0.17630000	0.45920000
0.15280000	0.44630000
0.12930000	0.43440000
0.10930000	0.42310000
0.09400000	0.41230000
0.08230000	0.40210000
0.07410000	0.41230000
0.15280000	0.38290000
1.88070000	0.37370000
0.47020000	0.36490000
0.25860000	0.35630000
0.17630000	0.34800000
0.12930000	0.33990000
0.09870000	0.33200000
0.08350000	0.32430000
0.07050000	0.33230000
0.06110000	0.30950000
0.05170000	0.30230000
0.04700000	0.29730000
0.04230000	0.28860000
0.03530000	0.28190000
0.02820000	0.27550000
0.02470000	0.26910000
0.02230000	0.26290000
0.01880000	0.25680000
0.01760000	0.25090000
0.01410000	0.24510000
0.01100000	0.23950000
0.00870000	0.23400000
0.00760000	0.22860000
0.01760000	0.27600000
0.02230000	0.26990000
0.05640000	0.22020000
0.06820000	0.20830000
0.04700000	0.20350000
0.03530000	0.19880000
0.02940000	0.19430000
0.70520000	2.20220000
0.77580000	5.01480000
0.50540000	2.84110000
0.91680000	7.32110000
0.51720000	4.66650000
0.42310000	3.34510000
0.32910000	2.46540000
0.29390000	2.38990000
0.23510000	1.95160000
0.18810000	1.61040000
0.16460000	1.34130000
0.14100000	1.14460000
0.11750000	1.04530000
0.10340000	0.87610000
0.08700000	0.78490000
0.07050000	0.71400000
0.07050000	0.65640000
0.05410000	0.62070000
0.04940000	0.57390000
0.04470000	0.61140000
0.04230000	0.51780000
0.04000000	0.49600000
0.03530000	0.47720000
0.02820000	0.46060000
0.02350000	0.44580000
0.02120000	0.43240000
0.02350000	0.42000000
0.03640000	0.40850000
0.02940000	0.40560000
0.02350000	0.38760000
0.02120000	0.37790000
0.01760000	0.36860000
0.08700000	0.42000000
0.18810000	2.28920000
0.21160000	2.23020000
0.14100000	1.34010000
0.74050000	2.71900000
0.47020000	2.49370000
0.24680000	1.60000000
0.14100000	1.34450000
0.10340000	1.12930000
0.08350000	1.00510000
0.07990000	0.85780000
0.07290000	0.73930000
0.07760000	0.66270000
0.06580000	0.60260000
0.05520000	0.55490000
1.59860000	2.45130000
2.77400000	8.00320000
1.25770000	5.54580000
0.79930000	2.47240000
0.48190000	2.35490000
0.32910000	1.93040000
0.25860000	1.60670000
0.21160000	1.35920000
0.16460000	1.16920000
0.18810000	1.05040000
0.25860000	0.93750000
0.28210000	0.81990000
0.18810000	0.74970000
0.15280000	0.71390000
0.14100000	0.67290000
0.15280000	0.61170000
0.14100000	0.58110000
0.11750000	0.57980000
0.11050000	0.53300000
0.10230000	0.51360000
0.12930000	0.56320000
9.34450000	14.02680000
6.26490000	13.31500000
2.50360000	5.32710000
1.49280000	3.40720000
1.02260000	2.80780000
0.78750000	2.30890000
0.62300000	1.92840000
0.61120000	1.63710000
1.30470000	1.47630000
0.89330000	1.24040000
0.68170000	1.14650000
0.55240000	1.03210000
0.48190000	0.94210000
0.43490000	0.87040000
0.39960000	0.81270000
0.36440000	0.76550000
0.34090000	0.73280000
0.30560000	0.69360000
0.27030000	0.66550000
0.25860000	0.64100000
0.23510000	0.61930000
0.22330000	0.59980000
0.22330000	0.58210000
0.24680000	0.59500000
0.41140000	0.59400000
0.43490000	0.53610000
0.42310000	0.53450000
3.10310000	4.27150000
3.02080000	4.40770000
4.23150000	2.82770000
3.58500000	3.19620000
2.49190000	2.08850000
1.91590000	1.75150000
1.59860000	1.47630000
1.52800000	1.26510000
1.26940000	1.10240000
1.09310000	0.97640000
0.98730000	0.87800000
0.92860000	0.81180000
0.83450000	0.73990000
0.79930000	0.69630000
3.06780000	0.67770000
5.50090000	5.21870000
3.50270000	4.56350000
2.75050000	1.95740000
2.37430000	1.83070000
2.03350000	1.52200000
1.82190000	1.66550000
1.53980000	1.40680000
1.57510000	1.66730000
1.78660000	1.28420000
1.49280000	1.51970000
1.34000000	1.30190000
1.95120000	1.70950000
2.02170000	1.28120000
1.83360000	1.63260000
4.68990000	4.89650000
5.40690000	5.68970000
3.91410000	2.46890000
2.98550000	2.57550000
2.36260000	2.13320000
1.95120000	1.79540000
1.65730000	1.53640000
1.64560000	1.35950000
2.48010000	3.18250000
2.17450000	2.92150000
1.91590000	1.84070000
1.75140000	1.60270000
1.50450000	1.38950000
1.30470000	1.22460000
1.18720000	1.10850000
0.99910000	0.99450000
0.92860000	1.00900000
0.85810000	0.92380000
0.81100000	0.85570000
0.76400000	0.80180000
0.59950000	0.75680000
0.50540000	0.71940000
0.45840000	0.68770000
0.44670000	0.66050000
0.61120000	0.63680000
0.77580000	0.61570000
0.68170000	0.59660000
0.61120000	0.57930000
0.54070000	0.56320000
0.58770000	0.54810000
0.64650000	0.53400000
4.16100000	0.92570000
8.07510000	5.80520000
4.84270000	7.47070000
6.28840000	8.62050000
9.19170000	11.64250000
5.23060000	6.44010000
3.70250000	3.82300000
2.95030000	3.17390000
2.49190000	2.63560000
2.08050000	2.18130000
1.81010000	2.25670000
1.96290000	2.74670000
2.20980000	3.82080000
2.10400000	2.34470000
1.93940000	2.36040000
1.75140000	1.99980000
2.53890000	1.72290000
5.70070000	2.14610000
9.12120000	7.92890000
7.96930000	7.97440000
4.87800000	3.05980000
3.58500000	3.16850000
5.55970000	4.90830000
14.22250000	8.14860000
7.38160000	5.17260000
9.43860000	5.96090000
7.67540000	5.68260000
5.07780000	3.44210000
3.73780000	3.01510000
2.90330000	2.55250000
2.37430000	2.19160000
1.98640000	1.91370000
1.72790000	1.69920000
1.52800000	1.53540000
1.31650000	1.42650000
1.18720000	1.29320000
1.16370000	1.70170000
1.81010000	1.53810000
1.64560000	1.37390000
1.35170000	1.71300000
2.25680000	1.55420000
3.23240000	2.63820000
2.52710000	1.69250000
2.20980000	1.70320000
5.91230000	3.49620000
8.40420000	6.68820000
5.25410000	4.17620000
3.94940000	2.63560000
2.99730000	2.27300000
2.39780000	1.95060000
1.76310000	1.70220000
1.41050000	1.50950000
1.29300000	1.35910000
1.23420000	1.24050000
1.17540000	1.14620000
3.58500000	6.15280000
7.49910000	9.97120000
10.84900000	7.69710000
7.11120000	3.23130000
4.87800000	3.31420000
3.62030000	2.75510000
2.80920000	2.32750000
3.47920000	2.03330000
4.92500000	4.15370000
3.96110000	2.09930000
3.06780000	2.46250000
2.49190000	2.10260000
2.30380000	1.82570000
2.01000000	1.61130000
1.75140000	1.44430000
1.45750000	1.31310000
1.22240000	1.20900000
1.26940000	1.12550000
2.04520000	1.06890000
7.47560000	4.34920000
19.04170000	13.41330000
11.55430000	9.50470000
6.71160000	3.62740000
4.53710000	3.37740000
3.34990000	2.80590000
2.62120000	2.36900000
2.26850000	2.03380000
1.97470000	1.77530000
1.88070000	1.59720000
1.66910000	1.41830000
1.44580000	1.29490000
1.21070000	1.19670000
1.12840000	1.11760000
1.61030000	1.09320000
1.41050000	0.99950000
8.22790000	4.80060000
6.46480000	4.01550000
4.70160000	2.26190000
6.58230000	3.93700000
5.52440000	3.78000000
4.11390000	2.37650000
3.17360000	2.05910000
2.46840000	1.77510000
2.11570000	1.55570000
2.42130000	1.42000000
3.57320000	1.29980000
3.22060000	1.16610000
2.67990000	1.27770000
3.30290000	1.38190000
3.83180000	2.18720000
4.04340000	1.48800000
3.56150000	2.42890000
3.11480000	1.66610000
2.78570000	2.75310000
3.29120000	5.78950000
2.80920000	4.11350000
2.37430000	2.54790000
2.19800000	2.18600000
2.17450000	1.86480000
2.09220000	1.61770000
2.90330000	1.45270000
3.83180000	1.29310000
3.36170000	1.16060000
2.67990000	1.06790000
2.40960000	1.00840000
2.05700000	0.93310000
1.79840000	0.88340000
1.58680000	0.84170000
1.41050000	0.80630000
1.23420000	0.77560000
1.35170000	0.74860000
35.02730000	12.30100000
11.10760000	9.21010000
6.40600000	3.20290000
6.46480000	3.77780000
5.68900000	5.65460000
4.88970000	2.87980000
8.31020000	6.83220000
6.34720000	5.70970000
4.50180000	3.34260000
10.22610000	4.69390000
21.15740000	13.94830000
11.98920000	11.72140000
7.31110000	4.31960000
8.16910000	4.16320000
18.45400000	9.37080000
13.63480000	9.61380000
10.41410000	5.33860000
7.46390000	3.75180000
5.84180000	3.39120000
4.73690000	2.97620000
4.14920000	2.82370000
3.54970000	2.40940000
2.91500000	2.13940000
2.37430000	1.90050000
2.02170000	1.71370000
1.79840000	1.57380000
1.51630000	1.44900000
1.37520000	1.37420000
2.39780000	1.31590000
2.32730000	1.21270000
2.01000000	1.15850000
2.50360000	1.17350000
2.55060000	1.08180000
2.02170000	1.03560000
1.69260000	1.00330000
1.39870000	0.97380000
1.14010000	0.94660000
0.96380000	0.92120000
1.01090000	0.92280000
0.92860000	0.89710000
0.92860000	0.87480000
2.95030000	1.57910000
3.02080000	4.28730000
3.63200000	4.99890000
2.62120000	2.28460000
2.31560000	2.58380000
1.75140000	2.14540000
1.43400000	1.83080000
1.85710000	1.63170000
1.91590000	1.42930000
3.50270000	3.90840000
6.22970000	6.56690000
16.45580000	10.47730000
7.52260000	7.12060000
4.51360000	3.44470000
10.69620000	3.73870000
7.68720000	4.12020000
5.73600000	2.75350000
5.40690000	3.19090000
4.80740000	3.93230000
3.05610000	2.54050000
2.15100000	2.72400000
1.99820000	2.30910000
5.14830000	2.03680000
2.76220000	1.75790000
1.83360000	1.55340000
1.36350000	1.40380000
1.03440000	1.28570000
0.81100000	1.19140000
0.71700000	1.12540000
0.98730000	1.12540000
1.30470000	1.02150000
0.96380000	0.98030000
0.71700000	0.93380000
0.52890000	0.99750000
0.68170000	0.95400000
0.61120000	0.89760000
0.44670000	0.85900000
0.45840000	0.84120000
0.59950000	1.44050000
0.45840000	1.04900000
0.38790000	1.51400000
1.11660000	1.32300000
0.78750000	1.15000000
0.54070000	1.24080000
1.97470000	1.13850000
1.22240000	1.00110000
3.67900000	0.98530000
1.98640000	0.85130000
2.71520000	1.15240000
1.96290000	1.00840000
2.77400000	0.95040000
1.96290000	0.86860000
4.47830000	1.51240000
3.10310000	2.28780000
2.02170000	1.42840000
1.85710000	1.27470000
2.16280000	1.13710000
1.42220000	0.98110000
1.08140000	0.88630000
0.85810000	0.81150000
1.90420000	0.83290000
3.33820000	1.65570000
3.42040000	2.46810000
2.65640000	1.52900000
1.84540000	1.53760000
1.37520000	1.31130000
1.05790000	1.13780000
0.96380000	1.03700000
0.81100000	0.89760000
0.67000000	0.81530000
0.61120000	0.75000000
1.50450000	0.73780000
1.02260000	0.65520000
0.88160000	0.65480000
3.79660000	2.81810000
2.10400000	4.72720000
45.37090000	7.32780000
28.79760000	20.27880000
40.19910000	18.41860000
28.32740000	15.58790000
10.15560000	12.16080000
6.07690000	7.11530000
3.97290000	4.79690000
2.52710000	3.96150000
1.99820000	3.27770000
2.22150000	2.82640000
1.81010000	2.35530000
1.37520000	2.22980000
1.19890000	1.97490000
0.97560000	1.73190000
0.76400000	1.56180000
0.58770000	1.42770000
0.49370000	1.32080000
0.47020000	1.24310000
0.59950000	1.19790000
0.55240000	1.10560000
0.42310000	1.05620000
0.49370000	1.03680000
1.37520000	1.00940000
1.37520000	0.95060000
0.88160000	0.91480000
0.85810000	0.92740000
3.49100000	6.03250000
5.20710000	7.32930000
3.05610000	2.55370000
2.18630000	2.71490000
1.70430000	2.27570000
1.53980000	1.95170000
1.99820000	1.69800000
8.19260000	4.66620000
5.50090000	4.13480000
3.56150000	2.41470000
4.03170000	4.13600000
3.43220000	3.92550000
2.45660000	2.50950000
1.95120000	2.16730000
1.62210000	1.86480000
1.69260000	1.67810000
3.89060000	2.45880000
2.84450000	3.26520000
1.99820000	2.02710000
1.62210000	1.79090000
1.38700000	1.57020000
1.26940000	1.42340000
1.12840000	1.26450000
1.14010000	1.18460000
1.02260000	1.07380000
1.19890000	1.03470000
1.08140000	0.94930000
0.94030000	1.16790000
0.86980000	1.06850000
0.79930000	0.98920000
0.75230000	0.92520000
8.65100000	4.66090000
9.52080000	9.80020000
9.47380000	10.93430000
6.84090000	6.93230000
4.78390000	3.51190000
3.73780000	3.09610000
2.84450000	2.56680000
2.33910000	2.20600000
1.96290000	1.89330000
1.68080000	1.65230000
1.45750000	1.46530000
1.26940000	1.31930000
1.11660000	1.20430000
1.01090000	1.11280000
0.96380000	1.03910000
1.11660000	1.02090000
0.94030000	0.92900000
0.84630000	0.88700000
0.78750000	0.85100000
0.72880000	0.81970000
0.68170000	0.79200000
0.65820000	0.76710000
0.86980000	0.74450000
2.67990000	4.30100000
3.39690000	4.70800000
2.51540000	2.01490000
2.08050000	1.93920000
1.75140000	1.86260000
1.52800000	1.59020000
1.57510000	1.39800000
17.51360000	10.09530000
9.30930000	7.69140000
5.54790000	3.14240000
3.94940000	2.71600000
3.30290000	2.26620000
3.37340000	1.94170000
2.66820000	1.65670000
2.35080000	1.72280000
1.93940000	1.50340000
1.66910000	1.33320000
4.65460000	1.76510000
6.22970000	4.18610000
4.44310000	3.66330000
3.40870000	3.34840000
2.59770000	2.28440000
2.15100000	2.16670000
1.82190000	1.84730000
1.61030000	1.60170000
1.41050000	1.41170000
1.35170000	1.26370000
1.22240000	1.14750000
1.43400000	1.07580000
1.37520000	0.98310000
1.25770000	1.19820000
1.17540000	1.09280000
1.04610000	1.00300000
1.06960000	0.93120000
0.98730000	0.87300000
0.86980000	0.82520000
0.76400000	0.78530000
0.68170000	0.75150000
0.61120000	0.72230000
0.56420000	0.69680000
0.52890000	0.67400000
0.48190000	0.65340000
0.44670000	0.63460000
0.41140000	0.61710000
0.38790000	0.60080000
0.37610000	0.58530000
0.36440000	0.57060000
0.34090000	0.55660000
0.32910000	0.54310000
0.32910000	0.53010000
0.41140000	0.51750000
2.35080000	0.50540000
15.28030000	4.02330000
23.50820000	11.92900000
8.00450000	7.00310000
5.20710000	3.09110000
5.65370000	3.42170000
9.53260000	7.05660000
6.77040000	5.89810000
5.00730000	3.02900000
3.97290000	2.78830000
3.16190000	2.34210000
3.03260000	1.97330000
2.57420000	1.68900000
2.37430000	1.46980000
1.90420000	1.30030000
1.71610000	1.16830000
1.72790000	1.06430000
1.66910000	0.98240000
2.36260000	3.98200000
4.80740000	9.57930000
6.07690000	8.40510000
5.03080000	6.26180000
6.71160000	12.28670000
4.76040000	8.64760000
3.44400000	4.10440000
2.72700000	3.49080000
2.93850000	3.76950000
4.63110000	6.28020000
3.26760000	4.60560000
2.86800000	3.02380000
4.25500000	2.62810000
9.60310000	8.84250000
5.53620000	5.82830000
4.06690000	3.34350000
3.19710000	2.88730000
3.09130000	2.45620000
8.11030000	5.36010000
7.84000000	7.27670000
5.05430000	2.95980000
4.09040000	3.16840000
3.54970000	2.68050000
2.86800000	2.29230000
8.31020000	9.02750000
7.21700000	7.57530000
5.06600000	4.26470000
3.86710000	3.13730000
3.97290000	3.12340000
3.43220000	2.64040000
4.65460000	3.44120000
4.71340000	4.34530000
3.59680000	2.68510000
2.91500000	2.41120000
2.31560000	2.09900000
1.90420000	1.85960000
1.66910000	1.67270000
1.57510000	1.53860000
1.52800000	1.43270000
1.16370000	1.31540000
0.89330000	1.24670000
1.23420000	1.18130000
1.77490000	1.14240000
1.73960000	1.08280000
2.32730000	1.09970000
5.47740000	2.76340000
4.56060000	2.84510000
3.37340000	1.77430000
2.70340000	2.14570000
2.39780000	4.01370000
2.06870000	2.00870000
2.13920000	2.25950000
2.39780000	1.96930000
2.19800000	2.13200000
2.26850000	1.85330000
1.85710000	1.60220000
1.65730000	1.65980000
1.48100000	1.46910000
1.73960000	1.32040000
8.28660000	3.03820000
7.22880000	4.89700000
4.64290000	2.14270000
3.62030000	2.99030000
2.82100000	2.28040000
2.78570000	2.38050000
2.99730000	2.04620000
2.67990000	1.74830000
2.42130000	1.53720000
2.06870000	1.37240000
1.91590000	1.24320000
1.83360000	1.14090000
1.89240000	1.10960000
1.86890000	1.01690000
2.18630000	2.14910000
2.08050000	1.38980000
2.03350000	1.46370000
3.06780000	1.31990000
2.72700000	1.15720000
2.75050000	1.50820000
4.50180000	2.20900000
4.59590000	3.06530000
3.70250000	1.89570000
3.70250000	1.65890000
4.61940000	4.56160000
13.63480000	7.05600000
8.69800000	4.18280000
5.68900000	2.66740000
4.60760000	2.29070000
4.46660000	1.96670000
3.67900000	1.66300000
3.10310000	1.92460000
2.84450000	1.68890000
2.32730000	1.45760000
2.16280000	1.29950000
4.06690000	1.21700000
7.08770000	2.85110000
4.80740000	2.84800000
3.53800000	1.77540000
2.70340000	1.56940000
2.19800000	1.37800000
1.81010000	1.22930000
1.52800000	1.11270000
1.83360000	1.06420000
2.11570000	0.97220000
1.65730000	0.88730000
1.53980000	0.85020000
1.38700000	0.80960000
1.30470000	0.77300000
1.35170000	0.77250000
1.38700000	0.72780000
1.36350000	0.69260000
1.19890000	0.66290000
1.05790000	0.64370000
2.36260000	0.70350000
3.54970000	1.89300000
2.39780000	1.12140000
3.37340000	1.18670000
5.43040000	1.69290000
3.70250000	1.24340000
2.73870000	1.68030000
2.32730000	1.44830000
1.95120000	1.24580000
1.49280000	1.06950000
1.25770000	0.95050000
1.62210000	0.89840000
4.34900000	1.43720000
6.78210000	6.29430000
4.37250000	3.59150000
3.04430000	2.18640000
5.54790000	1.88150000
14.92770000	8.05880000
6.99370000	6.41960000
6.28840000	6.14700000
6.80560000	5.14580000
4.97200000	3.14040000
3.47920000	2.86110000
2.60940000	2.37670000
3.38520000	2.07280000
3.92590000	2.34570000
3.20890000	1.76330000
2.42130000	2.04480000
1.93940000	1.75240000
1.79840000	1.54370000
1.97470000	1.40980000
5.71250000	8.17950000
3.58500000	6.64150000
2.40960000	2.81660000
1.75140000	2.45860000
1.35170000	2.07850000
1.21070000	1.81920000
1.12840000	1.57790000
0.91680000	1.38700000
0.67000000	1.25050000
0.57600000	1.17440000
0.48190000	1.05720000
0.43490000	1.00690000
0.43490000	0.93150000
0.88160000	0.95410000
0.58770000	0.84510000
0.45840000	0.83510000
0.36440000	0.78150000
0.29390000	0.75530000
0.23510000	0.73170000
0.19980000	0.71020000
0.16460000	0.69030000
0.17630000	0.74780000
0.18810000	2.45030000
0.19980000	2.45830000
0.15280000	1.50680000
0.11750000	1.32400000
0.27030000	1.21430000
0.47020000	1.02500000
0.23510000	0.92310000
0.16460000	0.84270000
0.12930000	0.78600000
0.12930000	0.72720000
0.12930000	0.76500000
0.18810000	1.06870000
1.03440000	5.02470000
4.64290000	9.16380000
2.46840000	6.47290000
1.16370000	2.96120000
0.74050000	2.87330000
0.51720000	2.36290000
0.42310000	2.00130000
0.37610000	1.69810000
0.57600000	2.10760000
1.10490000	4.48460000
1.30470000	4.76790000
0.82280000	2.33950000
0.59950000	2.41340000
0.43490000	2.02560000
0.32910000	1.72840000
0.25860000	1.49970000
0.22330000	1.32270000
0.22330000	1.21490000
0.28210000	1.07720000
0.22330000	0.99080000
0.16460000	0.92200000
0.14100000	0.86600000
0.12930000	0.85790000
0.47020000	4.76080000
0.96380000	3.88390000
0.41140000	2.17930000
0.25860000	1.89310000
0.27030000	1.61320000
6.81740000	3.83390000
2.71520000	3.73920000
1.39870000	2.22940000
1.95120000	1.97870000
1.58680000	1.64270000
1.03440000	1.57850000
0.77580000	1.37800000
0.58770000	1.22250000
1.58680000	1.96150000
1.55150000	4.14710000
1.21070000	1.85660000
1.97470000	4.44290000
3.71430000	10.17220000
6.33550000	9.73960000
4.72520000	5.40640000
2.59770000	3.47930000
1.76310000	2.91970000
1.29300000	2.44420000
0.96380000	2.08000000
0.79930000	1.80000000
0.72880000	1.58900000
0.56420000	1.41510000
0.43490000	1.28300000
0.37610000	1.19000000
0.34090000	1.09480000
0.25860000	1.02690000
0.23510000	0.97110000
0.23510000	0.92460000
0.55240000	0.92260000
0.49370000	0.86940000
0.37610000	0.84960000
0.31740000	0.79420000
0.50540000	1.30350000
3.24410000	2.23900000
1.68080000	3.78060000
1.17540000	1.82720000
0.85810000	2.12060000
0.72880000	1.81290000
0.57600000	1.53780000
0.51720000	1.34270000
0.91680000	1.68370000
0.83450000	1.28860000
2.92680000	3.43190000
3.17360000	3.57080000
2.56240000	2.20240000
2.05700000	2.09260000
1.49280000	2.11590000
1.17540000	1.79410000
0.94030000	1.54700000
0.77580000	1.35610000
0.67000000	1.20780000
0.63470000	1.11860000
0.54070000	1.00010000
0.44670000	0.92690000
0.43490000	0.86780000
0.63470000	0.87720000
0.50540000	0.77890000
0.38790000	0.74480000
0.34090000	0.71540000
0.31740000	0.70080000
0.31740000	0.66700000
9.92050000	10.31370000
9.40330000	8.82690000
8.18090000	5.39960000
4.98370000	2.98190000
3.31470000	3.01030000
2.38610000	2.54290000
1.84540000	2.12510000
9.33280000	1.81560000
9.79120000	6.47890000
4.91320000	4.79940000
3.33820000	2.73100000
3.70250000	2.34450000
19.98200000	12.39670000
10.70800000	10.06800000
6.20620000	3.76690000
4.23150000	3.33350000
3.00910000	2.76980000
2.30380000	2.34050000
1.83360000	2.01100000
1.52800000	1.75690000
1.30470000	1.55970000
1.14010000	1.40570000
0.99910000	1.28420000
0.89330000	1.18750000
0.81100000	1.10950000
0.78750000	1.04580000
1.09310000	1.04040000
0.96380000	0.94840000
0.81100000	0.91020000
0.77580000	0.87690000
4.61940000	4.33050000
3.69080000	4.75990000
2.59770000	2.06740000
2.08050000	2.00590000
1.71610000	1.71750000
1.46930000	1.49530000
1.30470000	1.32320000
1.35170000	1.21320000
1.28120000	1.08320000
1.10490000	1.07630000
1.01090000	0.99140000
0.94030000	0.92330000
0.88160000	0.86790000
1.24590000	1.26500000
1.35170000	0.99260000
1.16370000	1.29630000
1.05790000	1.14620000
0.97560000	1.02910000
0.91680000	0.93700000
0.86980000	0.87170000
0.78750000	0.80520000
0.71700000	0.75730000
0.68170000	0.71780000
0.78750000	0.70910000
2.60940000	2.39310000
1.81010000	2.29110000
1.44580000	1.43700000
1.31650000	1.25950000
1.19890000	1.09920000
1.06960000	0.97480000
0.99910000	0.88510000
0.95210000	0.80710000
0.89330000	0.73910000
0.86980000	0.80390000
0.85810000	0.74230000
2.69170000	2.24890000
7.58140000	6.58500000
4.70160000	3.70380000
10.06150000	6.07170000
11.87170000	9.68550000
6.51180000	5.34360000
5.46570000	4.06900000
4.47830000	2.99660000
4.91320000	4.79830000
10.17910000	8.88920000
6.44130000	5.53230000
4.39600000	3.41180000
3.30290000	2.87850000
4.92500000	2.41340000
8.60400000	2.07100000
10.95480000	8.69700000
20.21710000	17.55460000
8.25140000	10.58750000
5.10130000	4.38780000
3.63200000	3.77730000
2.66820000	3.13780000
2.12750000	2.64900000
1.85710000	2.27890000
6.40600000	5.77280000
7.27580000	4.98770000
4.67810000	2.88100000
3.87890000	2.52410000
4.18450000	2.96090000
11.21340000	9.97870000
8.62750000	7.19720000
5.21880000	3.39490000
3.82010000	3.00700000
10.46120000	9.22030000
8.61580000	11.14060000
5.04250000	5.89260000
3.64380000	3.77490000
3.10310000	3.24430000
3.18540000	2.73700000
2.46840000	2.94930000
1.99820000	2.52860000
1.76310000	2.20450000
1.41050000	1.95330000
1.17540000	1.75710000
1.05790000	1.60270000
0.94030000	1.47990000
1.30470000	1.38110000
1.98640000	1.30340000
9.36800000	2.97620000
4.92500000	3.14980000
3.46750000	1.95680000
2.63290000	1.86130000
2.13920000	4.00610000
1.85710000	6.12530000
2.20980000	5.69870000
3.34990000	5.49340000
3.46750000	4.32010000
2.58590000	2.89970000
2.17450000	2.65710000
1.82190000	2.27380000
1.44580000	1.97850000
1.42220000	1.74980000
3.43220000	3.91130000
3.36170000	3.96730000
2.33910000	2.36740000
1.99820000	2.09660000
1.76310000	1.83420000
13.16460000	8.00840000
17.98380000	8.59510000
9.32100000	4.52080000
5.65370000	3.04860000
3.98460000	2.66620000
2.95030000	2.27940000
2.39780000	1.98160000
2.06870000	1.75200000
1.69260000	1.57220000
1.44580000	1.43080000
1.44580000	1.31860000
5.44220000	5.33970000
4.45480000	4.54780000
7.75770000	6.21560000
5.24230000	5.13360000
4.49010000	3.08260000
6.73510000	3.24780000
4.70160000	2.47720000
3.42040000	2.60160000
2.75050000	2.22530000
2.20980000	1.93470000
1.84540000	1.70980000
2.26850000	1.53440000
3.29120000	1.41100000
2.70340000	1.29090000
2.10400000	1.19990000
1.98640000	1.14470000
7.52260000	14.29210000
10.03800000	13.13370000
6.05340000	3.84440000
6.86440000	3.80270000
10.67270000	3.14660000
32.55890000	8.64130000
13.86990000	14.12080000
7.56960000	8.19740000
5.53620000	4.19090000
7.68720000	4.58670000
5.46570000	5.02950000
4.37250000	3.28980000
4.99550000	5.21130000
3.99640000	5.10390000
3.46750000	3.13370000
2.86800000	2.72720000
2.37430000	2.35660000
2.08050000	2.07030000
2.17450000	1.86930000
3.47920000	1.72430000
2.59770000	1.53520000
2.22150000	1.75920000
1.99820000	1.60230000
1.76310000	1.47800000
1.44580000	1.35780000
1.23420000	1.27290000
4.07870000	1.26910000
6.71160000	5.12340000
4.44310000	4.29320000
3.69080000	2.43950000
2.78570000	2.14270000
2.25680000	1.86370000
1.92770000	1.64760000
1.77490000	1.50510000
1.57510000	1.35260000
1.64560000	1.25950000
1.71610000	1.15680000
1.84540000	1.09300000
1.57510000	1.03120000
1.39870000	0.98350000
1.34000000	0.94270000
1.65730000	0.94200000
1.42220000	0.87630000
1.36350000	0.85760000
1.24590000	0.82300000
1.08140000	0.80140000
0.96380000	0.77790000
0.88160000	0.75750000
0.85810000	0.73820000
3.03260000	0.78320000
3.02080000	0.73610000
1.98640000	0.68520000
1.70430000	0.68400000
1.81010000	0.68820000
1.46930000	0.63760000
1.22240000	0.79180000
1.05790000	0.73930000
1.71610000	0.69710000
1.16370000	0.66250000
0.89330000	0.63110000
0.76400000	0.60550000
0.75230000	0.59660000
0.76400000	0.60860000
0.77580000	0.56330000
0.63470000	0.53710000
0.57600000	0.51650000
0.50540000	0.50100000
0.43490000	0.49490000
0.38790000	0.47660000
0.35260000	0.46370000
0.29390000	0.45240000
0.25860000	0.47720000
0.27030000	0.43100000
0.28210000	0.42080000
0.22330000	0.41100000
0.18810000	0.45050000
0.16460000	0.39190000
0.16460000	0.42820000
0.15280000	0.38090000
0.12930000	0.36530000
0.11170000	0.35680000
0.09520000	0.34860000
0.08460000	0.34060000
0.07520000	0.33270000
0.06820000	0.32510000
0.06110000	0.31770000
0.05410000	0.31050000
0.04820000	0.30310000
0.04000000	0.29610000
0.03640000	0.28930000
0.06110000	0.29370000
0.09290000	0.32370000
0.29390000	0.71120000
0.63470000	3.10950000
0.50540000	2.64120000
0.28210000	1.63200000
0.31740000	1.68390000
0.39960000	1.37570000
0.55240000	1.13730000
0.30560000	1.11600000
0.19980000	1.09710000
0.15280000	0.92850000
0.11640000	0.79900000
0.09050000	0.69910000
0.07170000	0.62160000
0.05880000	0.56100000
0.08230000	0.54350000
0.09990000	0.52690000
0.07990000	0.46260000
0.08930000	0.43270000
0.09050000	0.39820000
0.07050000	0.38040000
0.05410000	0.36530000
0.04700000	0.35450000
0.03530000	0.34030000
0.02940000	0.33240000
0.02700000	0.32000000
0.19980000	0.37870000
0.25860000	0.32450000
0.16460000	0.29490000
0.11170000	0.28750000
0.08230000	0.28030000
0.06350000	0.27350000
0.05520000	0.27640000
0.07050000	0.34840000
0.11520000	0.25440000
0.10110000	0.42350000
0.08110000	0.38620000
0.17630000	0.41130000
0.21160000	0.31620000
0.14100000	0.43100000
0.09870000	0.34830000
0.07640000	0.89220000
0.11750000	3.80080000
0.32910000	3.01590000
0.58770000	1.83630000
0.34090000	1.66110000
0.18810000	1.38880000
0.11750000	1.14790000
0.11750000	1.00860000
0.10580000	0.82300000
0.07880000	0.71440000
0.14100000	0.72140000
0.54070000	0.56500000
2.53890000	7.08410000
2.32730000	8.51710000
1.02260000	4.00320000
0.55240000	2.64010000
0.35260000	2.17440000
0.25860000	1.79450000
0.21160000	1.51460000
0.17630000	1.27820000
0.14100000	1.10660000
0.11640000	0.97440000
0.10700000	0.90290000
0.12930000	0.82870000
0.16460000	0.73440000
0.12930000	0.67500000
0.10340000	0.63270000
0.08820000	0.59840000
0.07640000	0.56980000
0.06580000	0.54550000
0.05760000	0.52450000
0.05050000	0.50610000
0.04230000	0.50650000
0.14100000	0.47470000
0.11750000	0.46110000
0.11170000	0.46220000
0.07760000	0.43660000
0.05410000	0.42530000
0.04470000	0.41470000
0.11170000	0.48950000
0.38790000	0.88570000
0.37610000	0.67710000
0.21160000	1.08110000
0.14100000	0.91660000
0.12930000	0.80540000
0.29390000	4.47410000
0.41140000	3.42060000
0.25860000	1.99280000
0.19980000	1.70890000
0.16460000	1.38740000
0.15280000	1.17130000
0.23510000	1.00550000
0.35260000	0.90210000
0.91680000	0.83280000
0.58770000	0.70600000
0.37610000	0.98840000
0.25860000	0.86210000
0.19980000	0.76410000
0.18810000	0.70510000
0.17630000	0.63400000
0.16460000	0.58400000
0.14100000	0.54090000
0.11750000	0.50940000
0.10460000	0.48330000
0.08930000	0.46140000
0.07990000	0.44260000
0.06930000	0.42620000
0.06350000	0.41180000
0.05760000	0.39880000
0.05410000	0.38700000
0.07290000	0.42050000
0.06820000	0.36600000
0.05760000	0.35640000
0.05880000	0.34740000
0.05880000	0.33870000
0.05880000	0.33050000
0.07880000	0.34690000
0.10580000	0.34160000
0.11750000	0.30740000
0.16460000	0.30570000
0.79930000	0.85320000
0.56420000	0.63170000
0.34090000	1.09620000
0.25860000	0.91010000
0.21160000	0.76860000
0.18810000	0.65870000
0.17630000	0.57460000
0.16460000	0.50940000
0.15280000	0.45850000
0.14100000	0.42770000
0.14100000	0.38650000
0.14100000	0.36080000
0.12930000	0.33980000
0.11750000	0.32250000
0.11170000	0.30780000
0.10810000	0.29530000
0.10340000	0.28440000
0.09760000	0.27480000
0.09520000	0.26620000
0.08930000	0.25830000
0.08580000	0.25100000
0.08110000	0.24420000
0.07880000	0.23790000
0.07990000	0.23180000
0.07640000	0.22610000
0.12930000	0.22160000
1.28120000	0.21620000
0.67000000	0.21110000
0.47020000	0.20610000
0.41140000	0.20130000
0.50540000	0.20230000
0.59950000	0.88240000
0.76400000	4.43660000
0.70520000	4.26040000
0.59950000	3.13850000
0.52890000	2.03330000
0.78750000	1.86500000
9.10940000	7.93600000
8.41590000	9.72570000
4.19620000	4.71120000
2.66820000	3.04370000
1.91590000	2.49900000
1.46930000	2.04920000
1.24590000	1.70620000
1.08140000	1.44410000
1.17540000	1.24170000
9.92050000	5.90090000
31.38350000	9.87190000
34.67460000	24.35790000
12.69440000	20.04950000
7.52260000	8.18550000
5.26580000	5.22420000
3.90240000	4.29740000
2.99730000	3.54130000
3.02080000	2.93790000
8.03980000	6.98530000
5.27760000	5.98470000
3.72610000	3.45440000
3.54970000	2.97900000
8.06330000	6.01950000
6.52350000	5.34560000
4.51360000	3.14420000
3.24410000	2.85910000
2.42130000	2.44340000
1.83360000	2.12440000
1.56330000	1.87660000
1.41050000	1.68350000
1.57510000	1.53170000
4.86620000	1.41860000
12.69440000	9.77220000
6.12390000	7.73930000
4.06690000	3.18850000
2.96200000	2.82510000
2.50360000	2.40810000
7.64020000	7.33840000
6.39420000	8.29040000
4.46660000	3.25170000
3.26760000	3.27520000
2.64470000	2.75920000
2.38610000	2.36360000
2.95030000	2.08330000
2.82100000	1.83430000
2.45660000	1.97980000
2.03350000	2.00600000
1.70430000	1.77500000
1.76310000	1.60700000
1.96290000	1.47240000
1.66910000	1.40270000
1.44580000	1.74260000
1.50450000	1.58060000
2.44490000	2.87640000
2.72700000	1.81800000
2.13920000	2.04710000
1.52800000	1.78380000
1.17540000	1.57970000
0.88160000	1.42040000
0.76400000	1.29510000
0.70520000	1.19540000
1.64560000	1.11520000
2.99730000	1.05790000
7.84000000	0.99770000
5.28930000	0.95070000
3.52620000	0.91150000
2.40960000	0.87780000
2.04520000	0.84790000
1.81010000	0.82110000
1.61030000	0.79680000
1.48100000	0.77500000
1.34000000	0.75390000
1.16370000	0.73380000
0.99910000	0.71520000
1.11660000	0.70050000
1.39870000	0.69410000
1.31650000	0.66780000
1.21070000	0.65060000
1.14010000	0.63380000
0.97560000	0.61820000
0.76400000	0.60360000
0.64650000	0.58960000
0.52890000	0.57590000
0.91680000	0.56260000
2.12750000	0.58370000
5.51270000	2.52920000
13.16460000	11.86780000
7.84000000	8.09420000
5.39510000	3.07550000
5.67720000	5.24970000
5.72430000	6.15760000
3.99640000	3.03980000
3.39690000	3.06430000
3.40870000	5.66780000
8.61580000	9.27970000
7.60490000	6.91780000
13.75230000	8.59270000
7.78120000	6.33810000
5.21880000	3.78340000
6.58230000	4.00500000
5.01900000	2.96080000
3.99640000	3.13940000
3.34990000	2.62920000
2.84450000	2.24510000
2.36260000	1.94950000
2.04520000	1.72070000
3.23240000	1.58100000
5.63020000	2.29170000
4.78390000	3.54020000
4.31380000	2.11940000
10.29660000	9.46990000
6.66460000	7.83640000
4.90150000	3.47350000
3.62030000	3.02430000
2.93850000	2.55170000
2.38610000	2.18900000
2.13920000	1.90950000
9.56780000	3.61470000
24.44860000	11.99850000
10.48470000	9.12340000
6.74690000	3.63070000
5.05430000	3.36200000
4.85440000	2.82190000
3.43220000	2.40810000
2.80920000	2.08970000
2.73870000	1.90360000
3.26760000	4.78770000
2.90330000	3.68080000
2.65640000	2.36840000
2.86800000	2.11330000
8.85080000	5.10470000
6.60580000	4.38800000
4.81920000	2.61470000
3.49100000	2.29810000
2.76220000	1.99580000
2.33910000	1.76180000
2.06870000	1.57950000
2.52710000	2.04120000
3.27940000	2.82690000
4.64290000	1.84320000
4.97200000	1.95360000
4.04340000	1.68860000
3.20890000	1.65270000
2.51540000	1.47820000
2.09220000	1.34040000
1.88070000	1.24850000
1.69260000	1.14700000
1.70430000	1.09020000
2.44490000	1.05820000
2.15100000	0.98110000
1.95120000	0.93450000
6.85260000	0.95160000
14.69260000	9.22330000
6.44130000	6.63070000
4.50180000	2.76060000
3.65550000	2.43600000
3.43220000	2.08640000
3.18540000	1.77140000
3.57320000	1.61250000
3.05610000	1.62070000
2.63290000	1.62600000
2.43310000	1.44950000
2.06870000	1.28260000
3.72610000	1.24310000
3.39690000	1.07110000
2.72700000	1.59960000
2.20980000	1.40780000
1.88070000	1.25150000
1.75140000	1.15330000
1.88070000	1.06540000
1.96290000	0.97930000
1.63380000	0.89810000
1.41050000	0.92270000
1.25770000	0.86420000
1.42220000	0.87970000
1.25770000	0.77940000
1.21070000	0.78430000
1.10490000	0.71360000
1.18720000	0.82500000
1.99820000	0.81120000
2.67990000	0.75910000
2.05700000	0.68960000
1.63380000	1.06240000
1.32820000	0.94590000
1.15190000	0.85470000
1.08140000	0.79570000
0.95210000	0.73020000
1.01090000	0.70810000
0.81100000	0.64070000
0.94030000	0.64220000
3.17360000	1.34810000
2.72700000	2.27670000
2.18630000	1.39210000
1.95120000	1.25890000
1.58680000	1.08440000
1.41050000	0.95990000
9.70890000	1.28310000
5.67720000	2.17970000
3.32640000	1.40100000
3.69080000	2.22210000
2.89150000	1.68060000
2.56240000	2.31940000
1.98640000	1.75490000
1.61030000	1.89140000
1.28120000	1.58640000
1.08140000	1.35280000
1.15190000	1.23420000
0.95210000	1.06580000
0.75230000	0.92560000
0.70520000	0.90490000
1.31650000	2.53600000
1.10490000	2.46900000
0.79930000	1.54240000
0.68170000	1.34100000
0.56420000	1.16110000
0.49370000	1.02580000
0.51720000	0.94180000
0.57600000	0.85500000
0.47020000	0.78700000
0.37610000	0.70790000
0.30560000	0.66420000
0.35260000	0.69170000
0.56420000	1.06640000
0.98730000	2.04340000
0.82280000	1.28610000
0.99910000	3.40370000
0.76400000	3.16880000
6.04160000	6.94990000
3.16190000	4.96410000
1.77490000	2.91080000
1.30470000	2.44570000
1.69260000	2.07030000
1.25770000	1.71100000
0.94030000	1.46840000
0.75230000	1.28150000
0.58770000	1.13650000
0.61120000	1.03700000
0.64650000	0.95910000
0.49370000	0.86310000
0.81100000	0.87400000
0.75230000	0.75920000
0.49370000	0.72050000
0.38790000	0.68800000
0.37610000	0.68500000
0.77580000	0.70400000
1.38700000	1.37170000
1.55150000	4.89840000
1.39870000	3.57610000
6.19440000	2.70390000
9.80290000	8.05700000
4.23150000	5.20800000
2.40960000	3.05310000
1.81010000	2.61950000
1.83360000	3.93720000
1.16370000	3.68750000
0.89330000	2.38310000
0.76400000	2.04000000
0.64650000	1.73100000
0.49370000	1.50230000
0.41140000	1.32550000
0.35260000	1.18770000
3.43220000	1.87790000
2.37430000	1.35070000
1.36350000	1.82830000
1.11660000	1.63560000
1.06960000	1.37490000
1.42220000	1.84190000
1.45750000	2.60310000
1.28120000	1.76550000
1.15190000	1.76580000
1.02260000	1.83630000
0.78750000	1.56610000
0.59950000	1.36970000
0.45840000	1.21720000
0.38790000	1.09800000
0.34090000	1.00400000
0.27030000	0.92900000
0.22330000	0.86860000
0.19980000	0.81910000
0.18810000	0.77810000
0.64650000	0.81180000
2.39780000	6.16610000
0.89330000	5.33560000
0.55240000	2.25230000
0.39960000	1.96160000
0.31740000	1.66090000
0.28210000	1.43010000
0.27030000	1.28180000
0.28210000	1.11600000
0.28210000	1.03840000
0.39960000	0.93680000
0.50540000	1.49440000
0.52890000	1.10610000
0.37610000	1.55030000
0.74050000	1.39700000
0.54070000	1.16840000
0.35260000	1.48010000
0.28210000	1.28000000
0.23510000	1.12550000
0.21160000	1.00520000
0.18810000	0.91090000
0.17630000	0.83630000
0.22330000	0.82440000
0.28210000	0.73370000
0.23510000	0.68850000
0.19980000	0.65540000
0.19980000	0.65230000
0.17630000	0.60290000
0.15280000	0.58160000
0.12930000	0.56260000
0.15280000	0.56460000
0.18810000	0.55450000
0.18810000	0.51520000
0.15280000	0.50150000
0.12930000	0.48860000
0.10700000	0.47630000
0.09870000	0.46460000
0.09520000	0.45330000
0.10580000	0.49260000
0.16460000	0.43200000
0.14100000	0.42180000
0.11400000	0.41190000
0.09520000	0.41550000
0.08930000	0.39290000
0.15280000	0.38700000
0.14100000	0.39690000
0.15280000	0.36620000
0.12930000	0.35780000
0.10930000	0.34950000
0.09760000	0.34150000
0.08930000	0.34160000
0.07990000	0.32590000
0.08110000	0.32740000
0.08460000	0.31100000
0.08460000	0.30390000
0.08820000	0.29690000
0.08820000	0.29010000
0.09290000	0.28340000
0.10580000	0.30530000
0.14100000	0.27050000
0.14100000	0.26430000
0.12930000	0.25820000
0.11750000	0.25230000
0.11520000	0.24650000
0.12930000	0.28890000
0.21160000	0.24560000
0.24680000	0.25420000
2.93850000	3.88530000
1.51630000	2.19860000
1.05790000	1.38790000
1.11660000	1.85490000
0.95210000	1.31470000
0.78750000	1.53040000
0.67000000	1.25150000
0.58770000	1.03900000
0.55240000	0.87660000
0.54070000	0.78040000
7.25230000	5.71310000
2.69170000	3.52620000
1.76310000	2.06980000
1.32820000	1.72500000
1.11660000	1.42590000
1.03440000	1.22460000
0.90510000	1.02160000
0.79930000	1.27770000
0.74050000	1.08620000
2.26850000	1.70750000
4.45480000	4.26280000
2.72700000	1.80480000
2.17450000	2.03470000
1.79840000	1.67360000
1.48100000	1.62680000
1.26940000	1.37360000
1.10490000	1.17850000
0.94030000	1.02820000
0.88160000	0.91170000
0.82280000	0.82070000
0.79930000	0.74900000
0.70520000	0.69200000
1.10490000	0.64610000
1.04610000	0.60860000
0.94030000	0.57750000
0.82280000	0.55140000
0.76400000	0.52900000
0.81100000	0.50960000
0.94030000	0.49230000
0.89330000	0.47690000
0.88160000	0.46280000
0.86980000	0.44980000
1.19890000	0.43770000
9.02720000	0.44550000
28.32740000	13.98690000
15.75050000	13.88490000
7.31110000	5.46090000
16.33820000	10.87930000
10.36710000	8.72380000
5.99460000	4.10460000
16.45580000	11.86270000
10.44940000	9.44270000
5.79480000	4.32360000
4.01990000	3.73960000
2.78570000	3.08260000
2.84450000	2.58120000
3.06780000	2.20230000
4.61940000	5.49090000
6.59410000	4.75660000
7.01720000	3.98150000
4.27850000	4.34140000
3.13830000	2.81590000
2.56240000	2.48440000
4.21970000	8.77570000
3.59680000	5.80470000
2.71520000	3.31080000
2.65640000	3.47710000
2.70340000	4.31320000
2.29210000	2.79830000
2.03350000	2.92930000
2.49190000	4.92240000
2.64470000	4.00770000
2.48010000	2.69450000
2.11570000	2.45150000
1.89240000	2.38080000
1.65730000	2.06790000
1.41050000	1.82570000
1.22240000	1.63790000
1.04610000	1.48960000
1.10490000	1.38740000
2.73870000	3.29910000
2.29210000	4.69330000
2.09220000	2.16620000
2.32730000	2.25580000
1.86890000	1.95150000
1.83360000	1.71630000
1.64560000	1.53330000
1.50450000	1.39930000
1.09310000	1.27760000
0.99910000	1.18560000
0.94030000	1.12800000
0.84630000	1.05180000
0.77580000	1.08030000
0.70520000	1.01930000
0.64650000	0.96860000
0.61120000	0.93510000
0.56420000	0.88920000
0.51720000	0.85630000
0.47020000	0.82780000
0.44670000	0.80210000
0.51720000	0.77870000
0.56420000	0.77400000
0.70520000	0.77070000
0.72880000	0.71870000
0.62300000	1.00080000
0.65820000	0.91600000
1.19890000	0.85960000
1.05790000	0.79640000
0.88160000	0.75180000
0.76400000	0.71370000
1.04610000	0.68190000
3.90240000	7.75670000
4.46660000	6.30520000
3.37340000	2.54240000
2.45660000	2.25940000
1.99820000	1.88540000
1.64560000	1.59920000
1.29300000	1.37930000
1.17540000	1.20960000
1.29300000	1.07770000
1.43400000	0.98880000
12.92950000	11.29350000
12.57690000	15.75160000
6.72340000	7.98760000
4.57230000	3.90750000
4.14920000	3.35900000
3.60850000	2.79380000
3.09130000	2.32520000
2.46840000	2.17950000
2.23330000	3.12340000
1.88070000	2.03210000
1.64560000	1.80900000
1.41050000	1.58330000
1.83360000	1.40810000
3.38520000	1.27120000
4.99550000	1.16310000
3.58500000	1.07680000
2.86800000	1.00720000
3.94940000	0.95280000
4.68990000	0.92750000
10.77850000	2.58110000
26.56430000	18.41230000
20.21710000	27.03890000
18.57150000	19.42360000
20.68720000	13.86410000
19.04170000	13.38820000
19.15920000	11.02420000
13.28210000	7.10100000
12.69440000	4.88080000
26.32920000	7.87320000
13.28210000	9.63850000
8.40420000	5.94120000
5.84180000	3.99570000
4.53710000	3.43140000
3.57320000	2.94160000
3.03260000	2.56040000
3.11480000	2.79750000
3.46750000	2.43890000
5.95930000	2.23330000
5.17180000	3.70780000
4.11390000	2.30190000
3.17360000	2.35270000
2.62120000	2.08170000
2.28030000	1.87030000
8.66280000	2.34160000
6.38250000	3.08900000
4.13740000	2.03950000
3.12660000	2.10090000
2.49190000	1.86760000
2.80920000	1.74600000
3.39690000	2.39210000
3.05610000	1.73460000
2.70340000	2.02520000
2.31560000	1.79500000
3.43220000	1.66960000
4.56060000	2.40060000
3.50270000	1.71150000
2.76220000	2.15690000
2.24500000	1.88110000
1.95120000	1.66730000
1.58680000	1.50030000
1.32820000	1.36890000
1.18720000	1.26430000
1.11660000	1.21010000
0.98730000	1.13950000
0.85810000	1.05440000
0.74050000	1.00660000
0.67000000	0.96560000
0.61120000	0.93000000
0.61120000	0.90330000
0.77580000	0.88480000
1.22240000	0.91930000
1.14010000	0.83500000
0.91680000	0.79840000
0.81100000	0.77760000
1.42220000	0.82580000
1.55150000	0.73900000
9.03890000	5.76280000
5.48920000	5.13190000
3.65550000	2.28950000
2.67990000	2.04780000
1.99820000	1.73770000
1.55150000	1.49940000
1.23420000	1.31530000
1.05790000	1.17640000
0.88160000	1.06030000
0.74050000	0.97180000
0.62300000	0.90110000
0.56420000	0.84400000
0.50540000	0.80400000
1.01090000	0.81460000
0.75230000	0.72500000
0.55240000	0.70650000
0.54070000	0.67160000
3.67900000	5.89590000
2.58590000	5.04760000
1.53980000	2.13780000
1.17540000	1.85970000
0.97560000	1.57380000
1.84540000	1.37990000
1.26940000	1.18600000
1.02260000	1.05440000
2.12750000	1.01770000
3.40870000	1.61970000
1.75140000	2.40720000
1.28120000	1.50610000
0.97560000	1.32230000
0.78750000	1.15510000
0.65820000	1.02540000
0.54070000	0.92410000
0.44670000	0.85770000
0.41140000	0.79240000
0.37610000	0.72930000
0.30560000	0.68740000
0.24680000	0.65260000
0.21160000	0.62330000
0.17630000	0.59990000
0.16460000	0.57630000
0.16460000	0.58010000
0.14100000	0.53950000
0.12930000	0.54960000
0.16460000	2.45230000
0.25860000	2.40830000
0.21160000	1.49550000
0.27030000	1.25290000
0.17630000	1.51320000
0.12930000	1.27770000
0.10230000	1.09700000
0.08580000	0.95770000
0.07170000	0.84970000
0.06700000	0.76530000
0.14100000	0.75940000
0.10580000	0.64580000
0.07880000	0.60890000
0.06700000	0.59640000
0.05990000	0.56320000
0.05050000	0.51510000
0.04350000	0.49430000
0.04110000	0.47610000
0.04350000	0.51460000
0.11400000	0.44570000
0.09640000	0.43250000
0.06580000	0.42040000
0.05050000	0.40900000
0.03880000	0.39840000
0.03410000	0.38830000
0.02590000	0.37860000
0.02120000	0.36940000
0.01760000	0.36990000
0.01290000	0.35190000
0.00880000	0.34360000
0.00650000	0.33550000
0.02470000	0.32770000
0.23510000	0.97320000
0.27030000	0.66800000
0.16460000	1.16930000
0.48190000	0.97880000
1.29300000	5.76300000
0.43490000	3.83690000
0.23510000	2.22390000
0.15280000	1.84580000
0.11750000	1.52000000
0.09520000	1.26770000
0.07640000	1.07570000
0.06460000	0.92840000
0.05760000	0.81470000
0.04700000	0.72630000
0.06110000	0.65710000
0.14100000	0.66960000
0.11640000	0.55870000
0.09760000	0.52340000
0.07880000	0.51830000
0.06460000	0.47020000
0.05520000	0.44970000
0.04580000	0.43210000
0.04000000	0.41670000
0.03640000	0.40980000
0.03060000	0.40210000
0.02470000	0.37920000
0.02350000	0.37990000
0.02120000	0.35890000
0.02000000	0.34970000
0.02820000	0.34090000
0.04700000	0.33240000
0.03880000	0.34550000
0.30560000	5.11210000
0.50540000	3.27450000
0.22330000	1.88090000
0.14100000	1.56630000
0.09640000	1.29180000
0.07520000	1.08230000
0.08350000	0.98440000
0.06700000	0.79840000
0.09870000	0.70290000
0.07990000	0.62860000
0.06110000	0.57040000
0.05990000	0.52420000
0.12930000	0.57520000
0.35260000	2.79680000
0.31740000	3.51020000
0.70520000	1.54090000
0.29390000	1.81030000
1.25770000	3.68130000
1.05790000	3.45110000
0.48190000	2.12400000
0.35260000	1.81380000
0.32910000	2.15320000
2.06870000	8.98170000
3.26760000	8.65390000
3.00910000	9.05160000
1.32820000	5.73680000
0.88160000	3.54240000
0.67000000	2.94680000
0.52890000	2.43790000
0.48190000	2.07740000
0.43490000	1.75120000
0.34090000	1.52190000
0.27030000	1.34430000
0.22330000	1.20580000
0.19980000	1.09710000
0.19980000	1.01070000
0.34090000	1.01620000
0.41140000	0.88500000
0.36440000	1.77500000
0.61120000	1.33430000
0.51720000	1.72460000
0.43490000	1.48450000
0.37610000	1.29740000
0.34090000	1.15300000
0.38790000	1.07590000
0.48190000	0.95100000
1.96290000	4.16170000
2.71520000	3.39670000
2.72700000	2.89240000
1.91590000	3.45240000
1.45750000	2.21950000
1.18720000	1.89860000
0.99910000	1.62100000
0.86980000	1.41300000
0.77580000	1.24200000
0.68170000	1.11320000
0.77580000	1.05260000
1.79840000	4.67620000
1.51630000	3.73690000
1.30470000	2.16160000
1.43400000	1.86840000
1.69260000	1.59680000
5.70070000	3.63980000
7.31110000	5.38250000
4.18450000	2.35590000
2.83270000	2.50090000
2.19800000	2.09350000
1.79840000	1.80330000
1.49280000	1.54070000
1.28120000	1.65260000
2.05700000	1.44120000
7.86350000	5.05150000
5.39510000	6.66930000
4.67810000	3.68700000
4.74870000	2.49350000
8.51000000	6.97190000
5.21880000	5.27550000
3.96110000	3.09040000
2.91500000	2.62480000
2.26850000	2.42200000
1.86890000	2.06030000
1.58680000	1.78210000
1.35170000	1.56710000
1.16370000	1.39990000
4.03170000	1.84580000
11.75410000	9.12660000
4.85440000	6.55590000
3.24410000	2.93410000
2.43310000	2.55720000
1.98640000	2.16720000
1.72790000	1.87740000
3.50270000	1.66210000
27.73970000	17.43650000
11.56600000	14.17960000
6.08860000	6.11460000
4.05520000	4.03720000
2.97380000	3.72240000
3.62030000	3.11720000
7.36980000	7.05050000
4.78390000	5.28640000
3.53800000	3.21050000
2.95030000	2.77690000
2.78570000	2.40140000
2.90330000	4.66740000
2.96200000	2.39260000
2.59770000	3.21920000
2.60940000	3.75690000
2.23330000	2.54450000
2.05700000	2.52750000
1.71610000	2.18380000
1.51630000	1.91820000
1.31650000	1.71170000
1.21070000	1.54990000
1.09310000	1.42200000
0.99910000	1.31970000
0.88160000	1.23690000
0.76400000	1.16890000
0.70520000	1.11220000
0.64650000	1.06410000
0.76400000	1.02270000
0.88160000	0.98640000
1.09310000	0.95410000
1.32820000	0.92490000
1.15190000	0.89820000
1.11660000	0.87340000
10.15560000	0.85030000
12.69440000	0.82840000
5.92410000	0.80760000
3.89060000	0.78770000
3.02080000	0.76860000
8.22790000	0.75040000
9.05070000	0.73250000
5.46570000	0.71530000
3.56150000	0.69850000
2.52710000	0.68230000
1.76310000	0.66640000
1.41050000	0.65090000
1.17540000	0.63590000
1.05790000	0.62120000
0.94030000	0.60690000
0.88160000	0.59290000
1.41050000	0.57930000
2.39780000	0.56590000
4.18450000	0.55290000
12.92950000	0.57000000
10.09680000	1.09100000
18.92410000	4.43850000
14.10490000	5.54430000
8.22790000	3.56430000
4.81920000	2.27280000
3.50270000	2.11360000
2.45660000	1.77100000
2.15100000	1.49680000
1.88070000	1.28630000
1.52800000	1.12400000
1.29300000	0.99810000
1.05790000	0.89970000
1.53980000	0.82210000
53.95140000	25.13020000
19.86440000	20.54480000
11.24870000	7.03950000
8.52170000	4.64650000
7.07600000	3.85630000
5.38340000	3.16280000
4.01990000	2.63410000
3.12660000	2.22970000
2.56240000	1.91920000
2.32730000	1.70730000
2.52710000	3.51590000
4.19620000	8.68300000
8.32190000	13.11540000
8.68630000	12.82200000
12.34180000	21.84850000
14.10490000	23.05550000
8.25140000	12.08460000
5.45390000	5.46810000
3.78480000	4.67640000
2.92680000	3.89660000
2.51540000	3.29300000
2.50360000	2.86320000
2.29210000	2.56020000
2.10400000	2.65430000
2.82100000	2.52320000
2.60940000	2.24410000
3.70250000	3.90360000
14.81020000	26.26070000
10.16730000	23.23450000
10.15560000	11.51900000
6.94670000	7.22830000
4.66640000	4.60020000
3.66730000	3.91390000
3.12660000	3.36160000
2.78570000	2.95400000
2.90330000	5.38740000
2.36260000	3.10460000
2.43310000	3.04210000
3.16190000	3.45080000
2.69170000	2.84560000
5.38340000	5.69290000
13.51720000	18.61880000
7.87530000	15.39570000
7.72250000	12.11860000
10.10850000	25.24500000
6.35900000	16.06940000
15.04530000	12.11170000
20.21710000	18.50660000
12.45940000	16.32400000
7.95750000	8.03970000
5.91230000	4.34640000
5.05430000	3.71310000
4.64290000	4.43130000
4.41950000	3.88310000
4.24320000	3.31000000
3.36170000	2.89730000
3.12660000	2.62080000
5.50090000	3.59120000
4.24320000	4.67460000
3.39690000	2.75400000
2.98550000	2.46530000
2.86800000	2.27260000
2.69170000	2.08110000
13.16460000	9.40510000
8.79210000	8.28420000
5.45390000	3.41390000
5.45390000	2.99890000
4.30200000	2.60590000
3.26760000	2.48550000
2.60940000	2.25560000
2.11570000	2.04020000
1.75140000	1.86830000
2.37430000	1.80920000
2.35080000	1.77670000
1.90420000	1.73060000
1.68080000	1.61200000
1.50450000	1.51250000
1.77490000	1.45930000
1.92770000	1.41530000
1.64560000	1.30410000
1.88070000	1.29320000
2.45660000	3.91490000
2.55060000	4.29070000
2.22150000	2.16340000
5.37160000	4.67720000
4.52530000	5.90390000
3.50270000	2.71300000
19.39430000	3.88260000
41.37450000	20.78720000
11.69530000	15.26280000
6.78210000	5.05050000
4.50180000	4.17960000
3.42040000	3.47520000
2.62120000	2.93350000
2.09220000	2.51750000
1.78660000	2.19680000
2.33910000	1.99450000
1.85710000	1.75400000
1.62210000	1.60100000
1.44580000	1.47930000
1.29300000	1.38120000
1.11660000	1.30120000
0.94030000	1.23490000
0.82280000	1.17900000
0.70520000	1.13120000
0.65820000	1.08960000
0.71700000	1.09620000
0.78750000	1.05150000
0.64650000	0.98950000
0.51720000	0.96170000
0.43490000	0.93580000
0.36440000	0.91140000
0.32910000	0.88830000
0.28210000	0.86620000
0.24680000	0.84510000
0.21160000	0.82470000
0.18810000	0.80500000
0.16460000	0.78600000
0.16460000	0.79180000
0.18810000	0.79300000
0.17630000	0.74400000
0.16460000	0.72700000
0.21160000	0.71350000
0.18810000	0.68410000
0.16460000	0.66660000
0.18810000	0.65120000
0.41140000	0.63620000
0.99910000	0.68880000
1.39870000	2.37010000
1.69260000	3.73920000
0.94030000	1.42240000
1.44580000	4.03020000
4.66640000	4.03430000
2.53890000	2.18110000
1.53980000	1.87940000
1.10490000	1.97300000
0.85810000	2.53070000
0.70520000	1.65560000
0.74050000	2.29590000
1.10490000	3.15430000
1.09310000	1.84220000
1.95120000	2.02230000
1.56330000	1.68710000
1.04610000	1.45210000
0.83450000	1.27080000
0.78750000	1.13000000
0.61120000	1.01990000
0.47020000	0.93300000
0.68170000	0.87550000
0.42310000	0.80780000
0.44670000	0.76210000
4.64290000	2.83140000
2.79750000	2.86220000
1.62210000	1.51310000
1.15190000	1.34590000
1.16370000	1.24020000
1.46930000	1.07250000
1.99820000	2.39500000
1.52800000	1.31840000
1.73960000	3.95740000
1.35170000	3.91770000
1.46930000	2.95620000
1.76310000	4.98520000
2.62120000	9.83240000
2.78570000	8.97830000
1.95120000	3.41580000
1.43400000	3.32090000
2.44490000	2.80090000
5.88880000	5.17670000
8.75680000	14.36170000
11.35450000	10.50560000
10.12030000	6.87540000
4.65460000	5.44830000
3.07960000	3.46440000
2.44490000	2.91740000
3.22060000	2.49790000
2.04520000	2.12100000
4.72520000	2.93650000
5.51270000	6.73180000
3.37340000	4.33960000
2.32730000	2.57730000
1.75140000	2.24650000
1.34000000	1.95000000
1.03440000	1.72060000
0.81100000	1.54190000
0.63470000	1.40150000
0.54070000	1.29020000
0.62300000	1.28390000
0.84630000	1.12830000
19.74690000	11.76040000
14.57510000	20.20000000
6.35900000	11.15950000
3.69080000	4.39570000
2.53890000	3.70500000
2.46840000	3.13460000
2.22150000	2.61000000
1.55150000	2.23520000
1.16370000	1.95150000
0.95210000	1.73140000
10.12030000	1.55950000
6.26490000	1.49110000
3.36170000	1.31620000
2.29210000	1.24210000
1.98640000	1.15840000
3.56150000	2.21450000
2.67990000	3.25990000
1.99820000	1.77860000
1.65730000	1.63360000
1.32820000	1.44720000
1.11660000	1.35590000
1.01090000	1.20120000
0.79930000	1.11440000
0.64650000	1.04420000
0.54070000	0.98650000
0.50540000	0.96260000
0.44670000	0.89780000
0.35260000	0.86270000
0.29390000	0.83200000
0.25860000	0.80460000
0.23510000	0.78000000
0.22330000	0.75740000
0.44670000	0.80070000
0.37610000	0.71680000
0.27030000	0.69830000
0.21160000	0.68080000
0.17630000	0.66400000
0.15280000	0.64790000
0.12930000	0.63230000
0.11750000	0.61730000
0.12930000	0.64320000
0.14100000	0.58860000
0.15280000	0.57480000
0.12930000	0.56150000
0.10110000	0.54840000
0.08580000	0.53570000
0.07760000	0.52330000
0.06930000	0.51120000
0.06350000	0.49940000
0.05990000	0.48790000
0.05520000	0.47670000
0.05410000	0.46570000
0.04940000	0.45500000
0.04940000	0.44460000
0.04940000	0.44560000
0.04940000	0.42430000
0.04700000	0.41450000
0.04700000	0.40500000
0.04700000	0.39600000
0.04700000	0.38660000
0.04700000	0.37770000
0.04700000	0.36900000
0.04700000	0.36050000
0.05290000	0.35220000
0.07520000	0.40490000
0.14100000	0.34780000
0.16460000	0.32850000
0.14100000	0.37590000
0.23510000	0.31360000
0.21160000	0.79470000
0.15280000	0.67920000
0.11750000	0.59030000
0.10110000	0.52140000
0.09050000	0.46770000
0.08230000	0.42550000
0.07880000	0.39200000
0.09990000	0.41330000
1.04610000	2.53510000
0.85810000	2.40080000
0.79930000	1.27710000
0.64650000	1.08500000
0.45840000	0.91280000
0.36440000	0.77210000
0.30560000	0.66770000
0.27030000	0.58710000
0.34090000	0.56100000
0.43490000	0.47520000
0.35260000	0.49530000
0.31740000	0.45110000
0.28210000	0.41590000
0.25860000	0.38770000
0.27030000	0.36510000
0.43490000	0.38630000
0.49370000	0.32970000
0.42310000	0.62880000
0.36440000	0.54750000
0.97560000	0.48460000
2.51540000	2.14900000
1.48100000	2.11870000
1.15190000	1.16080000
0.97560000	0.98920000
0.86980000	0.83240000
0.78750000	0.71210000
0.84630000	0.65300000
0.99910000	0.54780000
0.82280000	0.91790000
0.71700000	0.77930000
0.64650000	0.67270000
0.59950000	0.59040000
0.58770000	0.52640000
4.38430000	3.69400000
4.53710000	4.73210000
2.92680000	1.70150000
2.26850000	1.87970000
1.88070000	1.53640000
1.90420000	1.29470000
4.63110000	6.09200000
3.40870000	4.05160000
2.64470000	2.16020000
2.20980000	1.82710000
2.05700000	1.53000000
1.84540000	1.28390000
1.88070000	1.17850000
2.39780000	1.00220000
2.08050000	1.39950000
1.76310000	1.19390000
1.59860000	1.03580000
1.50450000	0.93170000
1.46930000	1.64000000
1.43400000	1.03150000
1.31650000	1.13350000
1.16370000	0.98660000
1.06960000	0.87260000
0.99910000	0.78400000
0.94030000	0.71440000
0.85810000	0.65900000
0.83450000	0.61450000
1.72790000	1.12580000
2.75050000	0.77650000
2.04520000	1.13930000
1.76310000	0.98140000
1.41050000	0.85950000
2.11570000	0.76480000
15.04530000	0.69080000
8.06330000	0.63230000
4.99550000	0.58570000
3.59680000	0.54800000
2.97380000	0.51730000
4.06690000	2.12380000
6.20620000	7.87980000
5.74780000	11.92780000
27.62220000	23.31600000
20.68720000	21.65610000
8.95660000	10.37900000
5.84180000	5.21550000
4.27850000	4.28270000
6.52350000	7.72700000
5.20710000	6.65270000
3.96110000	3.71010000
3.22060000	3.13700000
2.66820000	2.63510000
2.25680000	2.24900000
1.95120000	1.95190000
1.76310000	1.72200000
1.41050000	1.54290000
1.29300000	1.40220000
1.11660000	1.29070000
0.99910000	1.20120000
0.94030000	1.12850000
0.88160000	1.06860000
1.11660000	1.01840000
1.29300000	0.97560000
1.64560000	0.93870000
1.41050000	0.90610000
1.29300000	0.87700000
1.05790000	0.85060000
0.94030000	0.82630000
0.82280000	0.80380000
0.76400000	0.78270000
0.64650000	0.76270000
0.58770000	0.74360000
0.47020000	0.72540000
1.05790000	0.70790000
9.82640000	0.69100000
9.00360000	0.69500000
6.19440000	0.68720000
5.34810000	1.33730000
5.57140000	3.96380000
6.33550000	7.26130000
4.70160000	4.52720000
3.98460000	2.49070000
7.04070000	6.10630000
5.35990000	6.13860000
4.12570000	2.77360000
4.45480000	4.45310000
15.39790000	23.55770000
10.99010000	19.00520000
6.52350000	7.43850000
4.63110000	4.73630000
3.49100000	3.90090000
2.90330000	3.22930000
4.00820000	3.71970000
6.26490000	8.04480000
6.71160000	5.70530000
4.60760000	3.29860000
3.45570000	2.89780000
3.02080000	2.47290000
3.53800000	2.14800000
4.34900000	4.17970000
4.37250000	6.13630000
3.69080000	2.77080000
3.03260000	2.84210000
2.46840000	2.43040000
2.04520000	2.10680000
1.69260000	1.85660000
1.44580000	1.66170000
2.06870000	1.56700000
2.77400000	1.41660000
3.13830000	2.20060000
3.17360000	1.49420000
2.55060000	1.70100000
2.16280000	1.52190000
1.89240000	1.38140000
1.92770000	1.30800000
1.64560000	1.18090000
1.41050000	1.10850000
1.26940000	1.04890000
1.15190000	0.99900000
1.03440000	0.95670000
0.94030000	0.92000000
0.91680000	0.89680000
0.97560000	0.88180000
0.84630000	0.83310000
0.78750000	0.80920000
0.72880000	0.78700000
0.69350000	0.77350000
0.65820000	0.74660000
0.61120000	0.72790000
0.59950000	0.71000000
0.99910000	0.74460000
0.91680000	0.67620000
0.77580000	0.66020000
0.71700000	0.64460000
1.03440000	0.62950000
2.49190000	0.69690000
1.81010000	0.60050000
1.62210000	0.80950000
2.06870000	0.80020000
1.76310000	0.70300000
1.53980000	0.76300000
2.20980000	1.52430000
2.70340000	2.69010000
2.35080000	1.45860000
2.03350000	1.56970000
1.92770000	1.33470000
1.62210000	1.14390000
1.57510000	1.03070000
2.06870000	0.94670000
5.43040000	6.07150000
7.59320000	6.94620000
5.70070000	3.71280000
7.87530000	3.14720000
9.19170000	4.90450000
5.70070000	2.37170000
4.03170000	2.44340000
3.16190000	2.03110000
3.90240000	1.76280000
4.64290000	1.52840000
3.87890000	1.28740000
3.09130000	1.56310000
5.86530000	3.88760000
8.66280000	9.98310000
5.78300000	5.42240000
6.92320000	3.01520000
9.61490000	5.16040000
16.69080000	11.03940000
8.89790000	7.46880000
5.54790000	3.48680000
3.85530000	2.97960000
2.78570000	2.49210000
2.10400000	2.11890000
1.58680000	1.83200000
1.25770000	1.61030000
1.01090000	1.43790000
0.89330000	1.30270000
0.96380000	1.22010000
0.99910000	1.12580000
0.78750000	1.04090000
0.65820000	0.98400000
1.14010000	1.01320000
4.10220000	1.66860000
2.58590000	2.76570000
1.73960000	1.56230000
1.34000000	1.64980000
1.06960000	1.43920000
0.90510000	1.27590000
0.79930000	1.21490000
0.67000000	1.04920000
1.05790000	1.02380000
1.62210000	4.52700000
1.61030000	4.66380000
1.16370000	1.96070000
0.99910000	2.04010000
0.77580000	1.71450000
0.59950000	1.48210000
0.49370000	1.30250000
0.42310000	1.16290000
0.36440000	1.05340000
0.30560000	0.96680000
0.28210000	0.89750000
3.46750000	5.73930000
5.57140000	7.17930000
2.90330000	5.61370000
2.42130000	2.62300000
2.99730000	3.38780000
1.79840000	3.81640000
2.05700000	3.55680000
1.68080000	2.42790000
5.77130000	3.50360000
6.50000000	5.73680000
3.51450000	2.66470000
2.38610000	2.77590000
1.72790000	2.32790000
1.26940000	1.98470000
1.16370000	1.75350000
0.89330000	1.51640000
0.69350000	1.35740000
0.55240000	1.23250000
0.44670000	1.13360000
0.35260000	1.05430000
0.28210000	0.98990000
0.23510000	0.93690000
0.18810000	0.89250000
0.16460000	0.85480000
0.15280000	0.82600000
0.96380000	0.83370000
0.54070000	0.76790000
0.29390000	0.74460000
0.19980000	0.72330000
0.31740000	0.71710000
0.18810000	0.69550000
0.15280000	0.69230000
0.15280000	0.65930000
0.16460000	0.69130000
0.21160000	0.61930000
0.35260000	0.67100000
0.22330000	0.59090000
0.15280000	1.12950000
0.11750000	0.99200000
0.09640000	0.88520000
0.07880000	0.80140000
0.06580000	0.73520000
0.05290000	0.68220000
0.06350000	0.63940000
0.24680000	1.25510000
0.85810000	3.56800000
0.42310000	1.39650000
0.27030000	1.80810000
0.39960000	1.50030000
0.30560000	1.27710000
0.92860000	3.40310000
0.51720000	3.35740000
0.31740000	1.90330000
0.22330000	1.63350000
0.15280000	1.38560000
0.11750000	1.19510000
0.12930000	1.04800000
0.15280000	1.57560000
0.22330000	1.09110000
0.14100000	1.43840000
0.09760000	1.23400000
0.07520000	1.07640000
0.05990000	0.95430000
0.04940000	0.85890000
0.04230000	0.78380000
0.03640000	0.72400000
0.03290000	0.67580000
0.02820000	0.63660000
0.02590000	0.60400000
0.02350000	0.57660000
0.02120000	0.55320000
0.02000000	0.53280000
0.01650000	0.51480000
0.01410000	0.49860000
0.01130000	0.48380000
0.00930000	0.47020000
0.00800000	0.45750000
0.00680000	0.44560000
0.00550000	0.43430000
0.00460000	0.42350000
0.00380000	0.41310000
0.00310000	0.40320000
0.00410000	0.40150000
0.00520000	0.43280000
0.00380000	0.37520000
0.00460000	0.36640000
0.15280000	5.52760000
0.78750000	5.28060000
0.29390000	1.98240000
0.16460000	1.93280000
0.11400000	1.59200000
0.12930000	1.31900000
0.24680000	1.93810000
0.29390000	2.64260000
0.17630000	1.61350000
0.16460000	2.09600000
0.34090000	2.86980000
0.31740000	1.75450000
0.19980000	1.77350000
0.12930000	1.48460000
0.09990000	6.98690000
0.08350000	2.88510000
0.07290000	2.55180000
0.07760000	2.21450000
0.22330000	2.52990000
2.37430000	6.69850000
0.86980000	4.86760000
0.48190000	2.80120000
0.32910000	2.43540000
0.25860000	2.08760000
0.22330000	1.81950000
0.18810000	1.61170000
0.16460000	1.44960000
0.69350000	1.91620000
3.67900000	5.67420000
1.45750000	4.06280000
0.89330000	2.37800000
0.68170000	2.08800000
0.55240000	1.81020000
0.48190000	1.59520000
0.84630000	3.38960000
1.08140000	3.38890000
0.82280000	2.03820000
0.69350000	1.80980000
0.59950000	1.58950000
0.51720000	1.41820000
0.49370000	1.28390000
1.18720000	1.22520000
2.17450000	3.19740000
2.52710000	1.51110000
1.68080000	1.96010000
1.36350000	1.71060000
1.50450000	1.50850000
2.06870000	2.86040000
2.01000000	2.84460000
1.53980000	1.90080000
1.28120000	1.98670000
5.91230000	2.27210000
10.19080000	8.86520000
5.05430000	6.40170000
3.49100000	2.89760000
7.71070000	2.55020000
11.73060000	12.15810000
5.68900000	8.51570000
4.21970000	3.64840000
3.54970000	3.16330000
2.86800000	2.64870000
2.50360000	2.25460000
2.40960000	1.95160000
3.07960000	1.71730000
2.91500000	1.53510000
3.72610000	1.40220000
3.45570000	1.28230000
2.99730000	1.18900000
3.15010000	1.13980000
2.70340000	1.06040000
2.38610000	1.48070000
2.75050000	2.39710000
9.41500000	7.52070000
7.75770000	7.52520000
4.97200000	4.66950000
3.78480000	2.92700000
3.36170000	3.31600000
2.83270000	5.38400000
3.79660000	7.03040000
3.23240000	4.96870000
2.66820000	3.05830000
2.29210000	2.67690000
1.84540000	2.27820000
1.65730000	1.97160000
1.30470000	1.73460000
1.10490000	1.55020000
0.82280000	1.40560000
1.08140000	1.29110000
1.34000000	1.20540000
2.06870000	3.44770000
4.45480000	7.94610000
3.78480000	4.50140000
3.70250000	2.68750000
18.45400000	9.85340000
13.98740000	7.35180000
7.01720000	3.35960000
4.63110000	2.92100000
3.40870000	2.46690000
2.64470000	2.11840000
2.19800000	1.84970000
1.92770000	1.64130000
1.52800000	1.47850000
1.29300000	1.35020000
1.11660000	1.24810000
0.94030000	1.16580000
1.11660000	1.09860000
1.58680000	1.04300000
5.18360000	1.62090000
16.57330000	13.39250000
8.36890000	9.79170000
5.04250000	3.42990000
3.62030000	3.12610000
2.76220000	2.61160000
2.25680000	2.21790000
1.88070000	1.91530000
1.52800000	1.68160000
1.29300000	1.49990000
1.11660000	1.35750000
0.99910000	1.24500000
1.17540000	1.15510000
1.41050000	1.08230000
1.71610000	1.02260000
2.46840000	0.97290000
9.74420000	1.52150000
56.53730000	30.37870000
14.22250000	22.70710000
7.24050000	7.36650000
4.41950000	4.98940000
3.37340000	4.10440000
5.31290000	6.94700000
6.66460000	6.18720000
4.51360000	3.64680000
20.80480000	6.80330000
9.14470000	6.13990000
5.32460000	3.60140000
3.85530000	3.22230000
2.91500000	2.74080000
2.12750000	2.36780000
1.84540000	2.07960000
1.46930000	1.85550000
1.23420000	1.67990000
1.09310000	1.54110000
1.29300000	1.43010000
1.59860000	1.34030000
3.78480000	1.28770000
16.33820000	11.67860000
7.22880000	10.66040000
7.27580000	6.41080000
5.73600000	5.24850000
4.07870000	3.36230000
3.33820000	2.96590000
2.65640000	2.52500000
2.15100000	2.18600000
1.76310000	1.92390000
1.65730000	1.71990000
1.57510000	1.55990000
1.68080000	1.43320000
3.43220000	3.36520000
6.57050000	8.48510000
10.07330000	19.47420000
13.39970000	19.28430000
8.08680000	11.68700000
6.88790000	9.62790000
13.16460000	20.23380000
16.33820000	18.57650000
9.01540000	8.10330000
5.44220000	4.91930000
3.94940000	4.12580000
2.97380000	3.49260000
2.19800000	3.00390000
2.15100000	2.62700000
4.43130000	5.15280000
6.13560000	8.04410000
5.59500000	3.52240000
3.77310000	3.37440000
3.00910000	2.90950000
2.69170000	2.54010000
2.19800000	2.25360000
1.92770000	2.03090000
1.71610000	1.91460000
2.31560000	1.82050000
4.16100000	3.23030000
5.51270000	7.72490000
4.71340000	5.22120000
4.97200000	3.07820000
6.54700000	2.69380000
4.60760000	2.34650000
3.54970000	2.07620000
2.83270000	1.86540000
2.60940000	1.69950000
4.54880000	1.57990000
9.10940000	2.33190000
5.92410000	1.66090000
8.49820000	4.59030000
10.22610000	10.51150000
8.02810000	10.28670000
5.97110000	9.19200000
5.33640000	7.32230000
4.68990000	5.31380000
3.52620000	3.75230000
2.92680000	3.41950000
3.13830000	2.93640000
2.70340000	2.50030000
2.37430000	2.18930000
2.06870000	1.94870000
1.91590000	1.75970000
1.71610000	1.61060000
1.59860000	1.49160000
2.65640000	1.47510000
3.54970000	1.31610000
2.91500000	1.91140000
2.60940000	1.68620000
10.95480000	3.85730000
7.40510000	3.96140000
5.71250000	3.26090000
4.74870000	2.29790000
3.86710000	2.63620000
3.07960000	2.26220000
2.50360000	1.96370000
2.13920000	1.73550000
2.03350000	1.57990000
1.70430000	1.41780000
1.57510000	1.30670000
1.62210000	1.25410000
1.37520000	1.14490000
1.23420000	1.08500000
3.46750000	1.09050000
4.85440000	1.87010000
3.30290000	2.73880000
2.62120000	1.61700000
3.42040000	1.53410000
7.89880000	4.23490000
12.34180000	10.04270000
7.65190000	8.34370000
6.71160000	6.05760000
6.86440000	4.97700000
5.39510000	3.15770000
4.93670000	3.00330000
9.42680000	4.84640000
7.15830000	7.39810000
4.99550000	3.03970000
4.09040000	3.23690000
27.97480000	15.12090000
15.39790000	16.79680000
7.94580000	7.90190000
5.12480000	4.64530000
3.63200000	3.88320000
2.66820000	3.24640000
2.63290000	2.80440000
1.95120000	2.38090000
1.69260000	2.09040000
1.75140000	1.94620000
1.76310000	1.71050000
8.39240000	7.50430000
12.81200000	14.54410000
9.34450000	11.52660000
7.19350000	7.88210000
4.54880000	4.40290000
3.13830000	4.04520000
2.29210000	3.38970000
1.78660000	2.87760000
1.57510000	2.51240000
1.35170000	2.19810000
1.02260000	1.94380000
0.82280000	1.75880000
0.72880000	1.61250000
1.04610000	1.55210000
5.84180000	4.01850000
4.19620000	4.26460000
2.29210000	2.35220000
2.69170000	2.94020000
2.05700000	2.13400000
1.52800000	2.50100000
1.17540000	2.16180000
1.12840000	1.89970000
0.92860000	1.69590000
0.89330000	1.62100000
2.46840000	6.29220000
1.35170000	4.92170000
0.90510000	2.61990000
0.81100000	2.38790000
0.89330000	2.01320000
3.63200000	8.65340000
1.97470000	7.27010000
1.28120000	3.14160000
0.94030000	2.76490000
0.72880000	2.35760000
0.56420000	2.04430000
0.47020000	1.80200000
0.41140000	1.61320000
0.72880000	2.48460000
0.70520000	3.48390000
0.48190000	2.03800000
0.36440000	1.97160000
0.27030000	1.73300000
0.22330000	1.54750000
0.19980000	1.42040000
0.21160000	1.28700000
0.15280000	1.19490000
0.12930000	1.12030000
0.10930000	1.05910000
0.10110000	1.00790000
0.12930000	0.96740000
2.20980000	1.70280000
0.71700000	1.17360000
0.49370000	1.65120000
10.14380000	2.08510000
17.74870000	14.62180000
4.91320000	10.42780000
13.75230000	3.72970000
9.80290000	9.29900000
4.85440000	8.08650000
2.89150000	3.78190000
2.11570000	3.24560000
1.48100000	2.71420000
1.08140000	2.31070000
1.59860000	2.08470000
1.38700000	1.77590000
1.83360000	4.05850000
3.76130000	11.46760000
2.16280000	7.43930000
1.71610000	3.40810000
1.23420000	2.96220000
0.98730000	2.50920000
0.76400000	2.16150000
0.61120000	1.89270000
0.52890000	1.68420000
1.09310000	1.61460000
0.83450000	1.39300000
0.55240000	1.39830000
4.54880000	1.33100000
9.19170000	14.65760000
4.23150000	11.25220000
2.86800000	3.76850000
2.04520000	3.33770000
1.63380000	2.80160000
1.19890000	2.36390000
0.91680000	2.04610000
0.72880000	1.80030000
0.71700000	1.60910000
0.74050000	1.49190000
0.55240000	1.34040000
0.51720000	1.25330000
0.77580000	1.24150000
0.56420000	1.10490000
0.45840000	1.33370000
0.50540000	1.24010000
0.34090000	1.13780000
0.27030000	1.06720000
0.22330000	1.00910000
0.18810000	0.96060000
0.16460000	0.91950000
0.15280000	0.88400000
0.14100000	0.89990000
0.14100000	0.88850000
5.45390000	3.28000000
11.98920000	18.77800000
4.79570000	13.09510000
2.73870000	4.13430000
2.29210000	3.65020000
1.70430000	2.99860000
1.26940000	2.50650000
1.64560000	2.18420000
1.78660000	1.85370000
1.28120000	2.06440000
3.27940000	1.87050000
8.68630000	10.80470000
5.70070000	9.87170000
3.84360000	3.45590000
2.66820000	3.28110000
1.92770000	2.74070000
1.58680000	2.34030000
1.24590000	2.00920000
1.04610000	1.76360000
1.01090000	1.60220000
0.82280000	1.42330000
0.68170000	1.30510000
1.39870000	1.27120000
7.82820000	9.83100000
3.29120000	6.98640000
2.19800000	2.88540000
1.72790000	2.55190000
1.46930000	2.18620000
1.23420000	1.88020000
1.03440000	1.65450000
0.89330000	1.47880000
0.79930000	1.34110000
0.76400000	1.24140000
0.94030000	1.69260000
1.84540000	5.57490000
1.51630000	5.68110000
1.23420000	2.45780000
1.10490000	2.58130000
0.99910000	2.18340000
0.91680000	1.87790000
0.84630000	1.64230000
0.77580000	1.45940000
0.97560000	1.31640000
4.06690000	3.15280000
3.70250000	4.72310000
10.59050000	4.98020000
8.87440000	4.32780000
5.58320000	2.62210000
3.87890000	2.62810000
2.87980000	2.21970000
2.30380000	1.90620000
2.18630000	1.70030000
2.76220000	1.49500000
3.39690000	2.77780000
2.75050000	1.75950000
2.26850000	2.06150000
1.92770000	1.77800000
1.65730000	1.55910000
1.41050000	1.38900000
1.22240000	1.25590000
1.09310000	1.15070000
0.99910000	1.06670000
0.91680000	0.99880000
15.63300000	4.94240000
12.10670000	13.14490000
6.20620000	7.64800000
4.39600000	3.36660000
3.31470000	2.90410000
2.67990000	2.42910000
2.31560000	2.06540000
1.96290000	1.78580000
1.71610000	1.56980000
1.57510000	1.40170000
2.69170000	1.91190000
5.78300000	5.78300000
4.38430000	3.96620000
3.69080000	2.35990000
3.49100000	2.04960000
2.67990000	1.90660000
2.31560000	1.65860000
2.35080000	1.49500000
12.22430000	11.67270000
8.36890000	7.76660000
5.17180000	3.19120000
3.73780000	2.79180000
4.87800000	2.35080000
25.15380000	15.39720000
22.56790000	22.48530000
8.98010000	11.91390000
5.60670000	5.14290000
3.97290000	4.32420000
3.16190000	3.57840000
2.53890000	3.00460000
2.19800000	2.58940000
1.89240000	2.22910000
1.68080000	2.33010000
2.06870000	2.07700000
5.52440000	4.19920000
8.06330000	16.32510000
5.74780000	11.17440000
4.18450000	4.26470000
3.23240000	3.68870000
2.65640000	3.10060000
2.23330000	2.64680000
1.89240000	2.29820000
1.48100000	2.02780000
1.15190000	1.81710000
1.46930000	1.65160000
3.30290000	2.35580000
4.59590000	6.01490000
6.30020000	4.01340000
4.24320000	2.47970000
3.26760000	2.19990000
2.66820000	2.83280000
2.76220000	5.13530000
2.91500000	3.93470000
3.64380000	3.57720000
3.76130000	2.48740000
3.10310000	2.41840000
2.63290000	2.09440000
2.22150000	1.84550000
2.16280000	1.67640000
2.12750000	1.51640000
1.76310000	1.66370000
1.29300000	1.87610000
1.11660000	1.66470000
0.99910000	1.49890000
0.88160000	1.36820000
0.82280000	1.26430000
0.74050000	1.18050000
0.68170000	1.11220000
0.58770000	1.05550000
0.65820000	1.00780000
0.52890000	0.96700000
0.41140000	0.93140000
0.32910000	0.90000000
0.39960000	0.87170000
0.49370000	0.84600000
0.58770000	0.82230000
4.90150000	5.50110000
4.05520000	4.13930000
4.73690000	3.29620000
4.52530000	3.75300000
4.16100000	2.36600000
10.63750000	5.75210000
7.80470000	4.90560000
4.68990000	2.79070000
3.49100000	2.44400000
2.77400000	2.07910000
2.38610000	2.69320000
2.26850000	4.98460000
2.85620000	4.03400000
3.38520000	3.89940000
3.11480000	2.54920000
2.49190000	2.56700000
2.26850000	2.17520000
1.95120000	1.87360000
1.65730000	1.64080000
1.42220000	1.46000000
1.29300000	1.31860000
1.12840000	1.20700000
1.14010000	1.11790000
1.24590000	1.04600000
1.02260000	0.98710000
1.04610000	0.93810000
0.95210000	0.89680000
1.19890000	0.86810000
4.13740000	2.60630000
5.10130000	5.69670000
9.62660000	6.29500000
6.61760000	3.86140000
4.19620000	2.46470000
3.13830000	2.10910000
2.56240000	1.79930000
2.56240000	1.57990000
2.77400000	1.37660000
8.46300000	2.16240000
15.51540000	14.58270000
20.33460000	12.60100000
13.63480000	12.57730000
8.62750000	8.91140000
12.45940000	6.99130000
7.34630000	6.18760000
5.10130000	3.88230000
3.82010000	3.27400000
3.83180000	2.79140000
3.31470000	2.35460000
2.59770000	2.22940000
2.18630000	1.94970000
2.57420000	1.77710000
4.57230000	2.90510000
2.89150000	1.87500000
2.35080000	2.30150000
2.38610000	1.99460000
9.80290000	7.27050000
8.19260000	7.05660000
5.27760000	2.98940000
3.87890000	2.84700000
2.91500000	2.41770000
2.31560000	2.08780000
1.92770000	1.83290000
4.01990000	2.24710000
3.71430000	1.68520000
2.92680000	1.96760000
2.96200000	1.75950000
3.13830000	1.57190000
4.87800000	3.79090000
4.17270000	3.37900000
3.63200000	2.07340000
3.31470000	1.88520000
2.84450000	1.62770000
2.35080000	1.71500000
2.03350000	1.52330000
1.77490000	1.37340000
1.45750000	1.25520000
1.26940000	1.16110000
1.12840000	1.08520000
1.02260000	1.02310000
1.05790000	0.97160000
2.83270000	1.02670000
2.23330000	0.90000000
1.89240000	1.28260000
1.70430000	1.15810000
1.63380000	1.07900000
1.62210000	0.98230000
1.58680000	0.91900000
1.66910000	0.90970000
1.56330000	0.82300000
1.51630000	0.80300000
1.48100000	0.77220000
1.57510000	0.75840000
1.48100000	0.71160000
1.36350000	1.16050000
1.32820000	1.03290000
4.27850000	2.58660000
4.04340000	2.53930000
3.11480000	1.55130000
2.60940000	1.36420000
2.11570000	1.19700000
1.83360000	1.07120000
2.79750000	1.00450000
2.85620000	1.73710000
2.69170000	1.15430000
2.35080000	1.22140000
2.12750000	1.27240000
3.86710000	1.69240000
5.54790000	2.62860000
4.94850000	1.61080000
4.13740000	1.79820000
3.37340000	1.53190000
3.02080000	1.34990000
6.62930000	1.99060000
5.61850000	3.15490000
4.63110000	1.83210000
4.04340000	1.91580000
3.29120000	1.59590000
4.60760000	1.42630000
3.78480000	1.21350000
3.05610000	1.38900000
2.50360000	1.21140000
2.04520000	1.07360000
1.84540000	0.96610000
2.73870000	1.60150000
2.73870000	4.11200000
2.17450000	1.70770000
1.72790000	2.06600000
1.56330000	1.75680000
1.34000000	1.47710000
1.22240000	1.28710000
1.85710000	1.91490000
2.44490000	5.99700000
2.10400000	3.79820000
1.62210000	2.28030000
1.31650000	1.94940000
1.11660000	1.65420000
0.97560000	1.42740000
0.84630000	1.25230000
0.72880000	1.11620000
0.62300000	1.00960000
0.55240000	0.95200000
0.58770000	0.89680000
0.69350000	0.86630000
0.74050000	3.20960000
0.55240000	1.30150000
0.47020000	1.65890000
0.45840000	1.41220000
0.58770000	1.79400000
0.55240000	1.32170000
0.41140000	1.63850000
0.36440000	1.40230000
0.31740000	1.22040000
0.27030000	1.07950000
0.23510000	0.96950000
0.29390000	0.94800000
1.64560000	5.53850000
0.76400000	3.95650000
0.47020000	2.16950000
0.35260000	1.86620000
0.68170000	1.61320000
2.10400000	2.26670000
1.16370000	3.03390000
0.75230000	1.84200000
0.56420000	1.59990000
0.44670000	1.38020000
0.36440000	1.21050000
0.29390000	1.07870000
0.23510000	0.97540000
0.22330000	0.94070000
0.25860000	0.82880000
0.21160000	0.77610000
0.16460000	0.73290000
0.12930000	0.69690000
0.11400000	0.66650000
0.12930000	0.64030000
0.09290000	0.61740000
0.07760000	0.59700000
0.07290000	0.57860000
0.06230000	0.56180000
0.05880000	0.54620000
0.05520000	0.53170000
0.09400000	0.58650000
1.61030000	2.79440000
1.32820000	2.95150000
0.47020000	1.65660000
0.81100000	6.66010000
1.05790000	5.91950000
0.67000000	3.76480000
0.39960000	3.92400000
0.27030000	2.54170000
0.19980000	2.13280000
0.15280000	1.78840000
0.11750000	1.52450000
0.15280000	1.32150000
0.45840000	1.25760000
0.31740000	1.04230000
0.18810000	1.13830000
0.14100000	1.01910000
0.10460000	0.92550000
0.08820000	0.85140000
0.07640000	0.79190000
0.06580000	0.74360000
0.08460000	0.70390000
1.18720000	1.58350000
0.64650000	2.44140000
0.36440000	1.48090000
0.29390000	1.26910000
2.73870000	2.93640000
2.45660000	4.74280000
7.42860000	10.05970000
8.60400000	10.79170000
3.97290000	5.82260000
2.51540000	3.56870000
1.65730000	3.09030000
1.18720000	2.55450000
0.91680000	2.16210000
0.70520000	1.83190000
0.56420000	1.59060000
0.49370000	1.40380000
0.43490000	1.25830000
0.34090000	1.14390000
0.27030000	1.05320000
0.22330000	0.98050000
0.22330000	0.92130000
0.34090000	0.88450000
0.25860000	0.83170000
0.18810000	0.79680000
0.15280000	0.76670000
0.12930000	0.74010000
0.11750000	0.71640000
0.12930000	0.73930000
1.21070000	0.75380000
0.76400000	0.65660000
0.42310000	1.23450000
0.29390000	1.08450000
0.23510000	0.96790000
0.19980000	0.87660000
0.16460000	0.80430000
0.16460000	0.76720000
0.15280000	0.69970000
0.18810000	0.66130000
1.61030000	0.69040000
0.78750000	0.60210000
0.48190000	0.57870000
0.37610000	0.55810000
0.32910000	0.53990000
0.29390000	0.52330000
0.24680000	0.50820000
1.10490000	0.49420000
6.61760000	7.35690000
2.84450000	5.69810000
1.76310000	2.26330000
1.43400000	1.98170000
1.09310000	1.61560000
0.86980000	1.63220000
0.71700000	1.37980000
0.59950000	1.18610000
0.51720000	1.03670000
0.45840000	0.92070000
0.41140000	0.83010000
0.37610000	0.75870000
0.36440000	0.70980000
0.34090000	0.65580000
0.30560000	0.61830000
0.29390000	0.58720000
0.28210000	0.58080000
0.27030000	0.53840000
0.25860000	0.51870000
0.24680000	0.50900000
0.23510000	0.48570000
0.23510000	0.47140000
0.22330000	0.45820000
0.21160000	0.44590000
0.19980000	0.43430000
0.19980000	0.42330000
0.56420000	1.15830000
1.02260000	1.91470000
2.53890000	2.99630000
1.51630000	2.87570000
1.02260000	1.76160000
0.84630000	1.54100000
0.74050000	1.28880000
2.12750000	1.65230000
6.00640000	8.76160000
4.80740000	7.39270000
3.47920000	4.02050000
2.64470000	2.69810000
2.29210000	2.62690000
2.91500000	2.95550000
3.58500000	5.19480000
3.64380000	4.13130000
3.44400000	2.61560000
2.80920000	2.62510000
2.29210000	2.18420000
1.90420000	1.84700000
2.24500000	2.39190000
3.39690000	4.52510000
2.60940000	2.10950000
2.18630000	2.24260000
1.84540000	1.89840000
1.62210000	1.63410000
1.48100000	1.43010000
1.58680000	1.29170000
4.78390000	6.45400000
4.67810000	4.45040000
3.43220000	2.48400000
2.66820000	2.14840000
2.26850000	1.82990000
2.08050000	1.60070000
1.75140000	1.39490000
1.55150000	1.44080000
1.56330000	2.02080000
2.96200000	6.32730000
2.72700000	4.17380000
2.31560000	2.49030000
2.20980000	2.68660000
2.28030000	4.68820000
1.96290000	2.33600000
1.69260000	2.59760000
1.56330000	2.18600000
1.46930000	1.87040000
3.17360000	1.62750000
7.36980000	1.45760000
4.65460000	1.29660000
3.45570000	1.49150000
2.70340000	1.40750000
2.15100000	1.26220000
1.81010000	1.14810000
1.58680000	1.52100000
1.38700000	2.14530000
1.23420000	1.43800000
1.11660000	2.53980000
1.06960000	2.87810000
1.16370000	3.00530000
1.50450000	4.97520000
1.85710000	3.87830000
2.48010000	6.48680000
2.73870000	5.05140000
2.32730000	3.02420000
1.97470000	2.70980000
1.71610000	2.27930000
1.52800000	1.94930000
1.41050000	1.69510000
1.29300000	1.49830000
1.48100000	1.34480000
1.45750000	1.22420000
1.97470000	1.14610000
4.13740000	3.79120000
10.61400000	6.90440000
11.87170000	12.32350000
36.08510000	25.67420000
16.69080000	21.34370000
8.99190000	10.96720000
6.27670000	5.94020000
4.72520000	5.09590000
4.79570000	7.24910000
4.81920000	4.23660000
4.03170000	4.03410000
4.14920000	3.40290000
3.82010000	2.93030000
3.27940000	2.85940000
2.75050000	2.58930000
2.32730000	2.26490000
1.90420000	2.01320000
1.81010000	1.81650000
2.92680000	3.68460000
5.01900000	5.57190000
3.67900000	2.51560000
2.95030000	2.79160000
2.56240000	2.44980000
2.42130000	2.13850000
2.22150000	1.89700000
2.36260000	1.70850000
2.06870000	1.55990000
1.76310000	1.44160000
1.77490000	1.34640000
1.73960000	1.26860000
2.93850000	1.20450000
4.47830000	1.17820000
3.63200000	1.11160000
3.15010000	1.20170000
2.69170000	1.29960000
2.60940000	1.20600000
2.56240000	1.13540000
2.70340000	1.10300000
4.68990000	5.84220000
4.96020000	5.71960000
3.91410000	2.45770000
3.06780000	2.60260000
2.63290000	2.30940000
6.59410000	2.00520000
15.86800000	8.20230000
12.10670000	10.23050000
8.55700000	8.31000000
7.52260000	6.77660000
5.47740000	5.01200000
4.90150000	3.39470000
4.03170000	9.73240000
3.40870000	7.81560000
3.10310000	3.74770000
3.77310000	4.36900000
6.26490000	9.25980000
7.80470000	18.38080000
5.84180000	12.92980000
4.59590000	5.27020000
3.60850000	4.54930000
2.97380000	3.78230000
2.46840000	3.18950000
2.50360000	2.73480000
9.54430000	11.69950000
25.27130000	14.94870000
11.98920000	10.58810000
6.25320000	6.70650000
4.40780000	4.32970000
3.52620000	3.66810000
2.90330000	3.11930000
2.36260000	2.69610000
2.01000000	2.36910000
1.73960000	2.11480000
2.33910000	1.94290000
8.46300000	7.10700000
13.75230000	6.54400000
23.97840000	10.94110000
10.54340000	9.11260000
6.11210000	4.10830000
4.37250000	3.55750000
3.40870000	3.02390000
3.03260000	2.62420000
3.79660000	3.03990000
4.58410000	2.30050000
3.99640000	2.59910000
3.17360000	2.27440000
2.53890000	2.02240000
3.10310000	1.84980000
3.07960000	1.70980000
2.30380000	1.54580000
3.32640000	2.51800000
3.90240000	5.49880000
3.06780000	2.36530000
2.55060000	2.72610000
2.45660000	2.34340000
3.79660000	2.11940000
5.68900000	6.21930000
4.66640000	4.29630000
3.64380000	2.62850000
2.93850000	2.31820000
2.43310000	2.02380000
2.05700000	1.79550000
1.73960000	1.61710000
2.76220000	1.55650000
2.63290000	1.36470000
6.87620000	3.43170000
13.16460000	10.48050000
6.62930000	7.30840000
4.60760000	3.30810000
3.52620000	2.89880000
2.78570000	2.45920000
2.23330000	2.12310000
1.82190000	1.86370000
1.85710000	1.70240000
1.63380000	1.50420000
1.37520000	1.37940000
1.25770000	1.27960000
1.39870000	1.19900000
4.05520000	2.13150000
4.68990000	4.44200000
5.86530000	3.34600000
4.64290000	3.66060000
3.70250000	2.36040000
2.99730000	2.49460000
7.29930000	3.99370000
10.73150000	9.69280000
6.37070000	5.81020000
4.78390000	3.36410000
3.76130000	2.86990000
3.02080000	2.48460000
2.39780000	2.13360000
1.90420000	1.86310000
1.56330000	1.65320000
1.30470000	1.48930000
1.08140000	1.36000000
0.90510000	1.25710000
0.83450000	1.22780000
1.11660000	1.66840000
1.02260000	1.26490000
0.91680000	1.63660000
1.37520000	3.18900000
1.51630000	3.37980000
1.04610000	2.05160000
0.91680000	1.99880000
1.17540000	1.74370000
0.92860000	1.50560000
0.74050000	1.73990000
0.70520000	1.52720000
1.81010000	1.42980000
1.69260000	1.23250000
1.15190000	1.13010000
0.91680000	1.05580000
0.84630000	0.99040000
0.90510000	0.95110000
0.78750000	0.88260000
0.65820000	0.84420000
0.58770000	0.81120000
0.68170000	0.82960000
0.65820000	0.77630000
0.83450000	0.78140000
3.17360000	6.78840000
4.90150000	8.83130000
24.21350000	15.65620000
10.06150000	12.01600000
6.26490000	6.00810000
4.31380000	5.10900000
10.29660000	4.98160000
7.71070000	11.41000000
4.25500000	8.07410000
2.99730000	4.04800000
2.16280000	3.41570000
1.58680000	3.05000000
1.21070000	2.58050000
0.96380000	2.22010000
2.49190000	2.02130000
8.48650000	7.19020000
9.09770000	13.46050000
6.60580000	8.51850000
9.41500000	10.54020000
5.07780000	8.55440000
3.30290000	4.28020000
2.44490000	3.65120000
3.19710000	3.10340000
2.05700000	2.62560000
1.51630000	2.28220000
2.63290000	2.08640000
2.69170000	1.82950000
1.81010000	1.64610000
1.36350000	1.53560000
1.05790000	1.42740000
0.85810000	1.33970000
0.71700000	1.27050000
0.63470000	1.20710000
0.51720000	1.15590000
0.44670000	1.13330000
0.41140000	1.07250000
0.36440000	1.05740000
0.32910000	1.00630000
0.25860000	0.97740000
0.21160000	0.95060000
0.89330000	0.96940000
1.66910000	0.96090000
0.74050000	0.87910000
0.47020000	0.97670000
0.34090000	0.92900000
0.29390000	0.88850000
0.25860000	0.85380000
0.21160000	0.82330000
0.18810000	0.82760000
0.17630000	0.77170000
0.15280000	0.74930000
0.11750000	0.72860000
0.10580000	0.70920000
0.08930000	0.69090000
0.07520000	0.67350000
0.06580000	0.65690000
0.05640000	0.64090000
0.05050000	0.66850000
0.08700000	0.65430000
1.09310000	2.75120000
0.39960000	2.77610000
0.21160000	1.62440000
0.15280000	1.41220000
0.12930000	1.27920000
0.65820000	1.09770000
0.54070000	5.10950000
0.88160000	5.96440000
0.59950000	3.75310000
0.35260000	2.39080000
0.23510000	2.21960000
0.17630000	1.85630000
0.12930000	1.57810000
0.10810000	1.36430000
0.08930000	1.19900000
0.07520000	1.07050000
0.06460000	0.96980000
0.05410000	0.89010000
0.04820000	0.82630000
0.04470000	0.77470000
0.04000000	0.73230000
0.03410000	0.69690000
0.03060000	0.66690000
0.02820000	0.64100000
0.02470000	0.61830000
0.02120000	0.59810000
0.01880000	0.57980000
0.01650000	0.56310000
0.21160000	1.25070000
0.47020000	2.04970000
0.22330000	1.27020000
0.12930000	1.25420000
0.09520000	1.18410000
0.07290000	1.02630000
0.05520000	0.90420000
0.04580000	0.80920000
0.03760000	0.73470000
0.03060000	0.67560000
0.02590000	0.62820000
0.02230000	0.62910000
0.01880000	0.55810000
0.02000000	0.53170000
0.02470000	0.54880000
0.02700000	0.50390000
0.02590000	0.47260000
0.02940000	0.45730000
0.03170000	0.44520000
0.02700000	0.43070000
0.02230000	0.41940000
0.01880000	0.40790000
0.01650000	0.39740000
0.01410000	0.38750000
0.01650000	0.37800000
0.01290000	0.36880000
0.01650000	0.40480000
0.01760000	0.35140000
0.01880000	0.34320000
0.02000000	0.33510000
0.03760000	0.40580000
0.55240000	2.58430000
0.30560000	0.91960000
0.17630000	1.17080000
0.11750000	0.97540000
0.09640000	0.82600000
0.07760000	0.71120000
0.06110000	0.62270000
0.05170000	0.55390000
0.04580000	0.50010000
0.04110000	0.45760000
0.03880000	0.42380000
0.03880000	0.40820000
0.03640000	0.37400000
0.04350000	0.39000000
0.05050000	0.33970000
0.06700000	0.32620000
0.07640000	0.31440000
0.07050000	0.30400000
0.06580000	0.29450000
0.06110000	0.28590000
0.05990000	0.28370000
0.06460000	0.27050000
0.07170000	0.29150000
0.07050000	0.25690000
0.07410000	0.25050000
0.10340000	0.27420000
0.11750000	0.27700000
0.16460000	0.23280000
0.16460000	0.81630000
0.12930000	0.68050000
0.11400000	0.57660000
0.10810000	0.50160000
0.10340000	0.43520000
0.12930000	0.98680000
0.37610000	0.71990000
0.29390000	1.19850000
0.22330000	0.98210000
0.21160000	0.84360000
0.30560000	0.69090000
0.27030000	0.86360000
0.21160000	0.72900000
0.17630000	0.62580000
0.16460000	0.54620000
0.15280000	0.49600000
0.14100000	0.43630000
0.12930000	0.39830000
0.11750000	0.36800000
0.11400000	0.34370000
0.30560000	0.90550000
0.95210000	0.65950000
0.54070000	1.13230000
0.36440000	0.93600000
0.28210000	0.78610000
0.24680000	0.67340000
0.21160000	0.58270000
0.18810000	0.51430000
0.17630000	0.46100000
0.16460000	0.41910000
0.16460000	0.40450000
0.18810000	0.35920000
0.84630000	0.95070000
3.45570000	8.26890000
1.89240000	5.23060000
1.24590000	2.28910000
0.98730000	1.91390000
1.45750000	3.17170000
2.57420000	3.28700000
1.71610000	2.04810000
1.35170000	2.02610000
1.21070000	1.68980000
1.03440000	1.40040000
0.89330000	1.48860000
1.17540000	1.83500000
1.82190000	1.37410000
2.29210000	2.40920000
2.32730000	1.75150000
1.81010000	2.05910000
1.37520000	1.71400000
1.05790000	1.45020000
0.89330000	1.24760000
0.77580000	1.09130000
0.70520000	0.99550000
0.65820000	0.87670000
0.61120000	1.24830000
0.57600000	1.09970000
0.55240000	0.97310000
1.22240000	0.87430000
2.70340000	0.79660000
1.76310000	0.73480000
1.17540000	0.68520000
1.03440000	0.64480000
0.96380000	0.61130000
5.79480000	0.58450000
6.91140000	0.56010000
3.38520000	0.53870000
2.63290000	0.52030000
2.65640000	0.52590000
11.02540000	12.35550000
21.74510000	17.11170000
8.66280000	8.72770000
5.40690000	4.03990000
5.95930000	5.88960000
6.33550000	8.53520000
4.52530000	5.85270000
3.87890000	4.72130000
5.05430000	15.80290000
10.30840000	12.59340000
22.33280000	16.25480000
10.01450000	12.23500000
6.18270000	5.33950000
4.17270000	4.50090000
3.02080000	3.71780000
2.52710000	3.14300000
2.04520000	2.66060000
1.72790000	2.56870000
1.85710000	2.25640000
4.81920000	5.68630000
4.53710000	4.70520000
3.70250000	2.78380000
3.22060000	2.59980000
2.93850000	2.24070000
3.83180000	2.99140000
5.37160000	5.21850000
4.04340000	2.60990000
3.25590000	2.91180000
2.67990000	2.48910000
2.37430000	2.16370000
2.11570000	1.95770000
1.75140000	1.71630000
1.56330000	2.04190000
1.53980000	1.81070000
2.01000000	1.66270000
2.78570000	2.98420000
2.39780000	1.86910000
2.08050000	2.03900000
1.76310000	1.79510000
1.49280000	1.60460000
1.38700000	1.45510000
1.36350000	1.33680000
1.19890000	1.24210000
1.05790000	1.16530000
1.06960000	1.10210000
3.69080000	3.41360000
5.07780000	7.61840000
3.65550000	4.21950000
4.92500000	2.60290000
6.60580000	2.25430000
4.52530000	1.93760000
3.82010000	1.69340000
4.52530000	1.50390000
3.52620000	1.35580000
3.06780000	1.23900000
2.66820000	1.14600000
2.22150000	1.07100000
1.91590000	1.00970000
1.69260000	0.95880000
1.86890000	0.91590000
2.30380000	0.87920000
1.97470000	0.84710000
2.46840000	0.81870000
5.60670000	0.79320000
7.20530000	0.77000000
5.25410000	0.74850000
6.17090000	0.81240000
7.68720000	1.81630000
5.12480000	1.18540000
4.98370000	1.66170000
6.04160000	3.86330000
5.00730000	1.82750000
4.30200000	2.13270000
3.66730000	2.41880000
3.78480000	5.32220000
3.93760000	7.05100000
3.91410000	8.70060000
6.05340000	13.36450000
6.65280000	18.09530000
5.11300000	12.18790000
4.06690000	5.21750000
3.07960000	4.68730000
2.38610000	3.84130000
1.97470000	3.19170000
1.68080000	2.69510000
1.52800000	2.33470000
1.76310000	2.06180000
1.53980000	1.81540000
1.55150000	1.64320000
1.50450000	1.47420000
1.34000000	1.41140000
1.28120000	1.32450000
1.48100000	1.26340000
1.42220000	1.16110000
1.28120000	1.22850000
1.28120000	1.16410000
1.39870000	1.10460000
1.50450000	1.03850000
1.98640000	1.04600000
1.75140000	0.95570000
1.72790000	1.38260000
1.51630000	1.20940000
1.37520000	1.37040000
1.26940000	1.23420000
2.01000000	1.19100000
2.67990000	1.66660000
2.11570000	1.24710000
1.81010000	1.57550000
1.59860000	1.38140000
1.39870000	1.23050000
1.24590000	1.11240000
1.10490000	1.01910000
1.01090000	0.94470000
0.88160000	0.88440000
0.90510000	0.87180000
0.88160000	0.79400000
0.71700000	0.75920000
0.61120000	0.72930000
0.52890000	0.70320000
0.49370000	0.68680000
0.57600000	0.70340000
0.56420000	0.65560000
0.44670000	0.62200000
0.36440000	0.60540000
0.42310000	0.58980000
3.85530000	3.92670000
2.30380000	3.08200000
1.52800000	1.78330000
1.32820000	1.53590000
2.93850000	1.82950000
3.52620000	3.80740000
3.42040000	3.06570000
2.46840000	1.96600000
1.90420000	1.82600000
1.48100000	1.54400000
1.16370000	1.32750000
0.92860000	1.16050000
0.74050000	1.03090000
0.61120000	0.92960000
0.54070000	0.85480000
0.48190000	0.79400000
0.37610000	0.73480000
0.30560000	0.69280000
0.24680000	0.65790000
0.21160000	0.62860000
0.18810000	0.60340000
0.16460000	0.58140000
0.14100000	0.56190000
0.14100000	0.58480000
0.19980000	0.52840000
0.12930000	0.51360000
0.10700000	0.49980000
0.09990000	0.50550000
0.08820000	0.47450000
0.12930000	0.53170000
0.21160000	0.47160000
0.19980000	0.44060000
0.14100000	0.43010000
0.10700000	0.41990000
0.08700000	0.41010000
0.07640000	0.40050000
0.06700000	0.39120000
0.05880000	0.38210000
0.05050000	0.37320000
0.04470000	0.36460000
0.06350000	0.38370000
0.09400000	0.39690000
0.14100000	0.36110000
0.12930000	0.33210000
0.11750000	0.34870000
0.14100000	0.33100000
0.11050000	0.30960000
0.08230000	0.30250000
0.05880000	0.29560000
0.05410000	0.28880000
0.04470000	0.28210000
0.03060000	0.27560000
0.03530000	0.26930000
0.03760000	0.30670000
0.02940000	0.25700000
0.02470000	0.27050000
0.02000000	0.24940000
0.01880000	0.24190000
0.01410000	0.23420000
0.01290000	0.22880000
0.01180000	0.26050000
0.00870000	0.25980000
0.00810000	0.21340000
0.00810000	0.21570000
0.01180000	0.21980000
0.05410000	0.23920000
0.05640000	0.19440000
0.19980000	0.24760000
0.18810000	0.18560000
0.10460000	0.29940000
0.09170000	0.26910000
0.38790000	1.87450000
0.50540000	5.10670000
0.23510000	2.86330000
0.15280000	1.79260000
0.10930000	1.50660000
0.08350000	1.19320000
0.06700000	0.98650000
0.05290000	0.82860000
0.04230000	0.70770000
0.03290000	0.61460000
0.03290000	0.54250000
0.06460000	0.57780000
0.05640000	0.44220000
0.04580000	0.49450000
0.03760000	0.44700000
0.03760000	0.40950000
0.07760000	2.25690000
0.11170000	2.15530000
0.11750000	1.29780000
0.08580000	1.09260000
0.06350000	0.91550000
0.07520000	0.77990000
0.27030000	2.43280000
0.23510000	2.27450000
0.16460000	1.41150000
0.10810000	1.19130000
0.07990000	1.03320000
0.07640000	0.85840000
0.64650000	3.76690000
0.31740000	2.88290000
0.17630000	1.73160000
0.11750000	1.45930000
0.09050000	1.22260000
0.06930000	1.04130000
0.05410000	0.90190000
0.04350000	0.79400000
0.03410000	0.71010000
0.02820000	0.64430000
0.04350000	0.67780000
0.16460000	1.29050000
0.65820000	3.49090000
0.39960000	1.44720000
0.19980000	1.55890000
0.14100000	1.30760000
0.09990000	1.10650000
0.07640000	0.95570000
0.06110000	0.83930000
0.05050000	0.74870000
0.04230000	0.67780000
0.03530000	0.62170000
0.02940000	0.57690000
0.02590000	0.54060000
0.02230000	0.51080000
0.02120000	0.48600000
0.02230000	0.49210000
0.02120000	0.45250000
0.02000000	0.43090000
0.01650000	0.41670000
0.01530000	0.40400000
0.01410000	0.39230000
0.01290000	0.38140000
0.01410000	0.47370000
0.06580000	3.03950000
5.01900000	16.20460000
1.26940000	10.15330000
0.58770000	3.64030000
0.35260000	3.07880000
1.29300000	2.55640000
4.09040000	9.24880000
1.71610000	6.35560000
1.08140000	3.05290000
0.77580000	2.58800000
0.63470000	2.15180000
5.79480000	6.97030000
6.01810000	8.97710000
3.31470000	4.57070000
2.24500000	3.00280000
1.82190000	2.56720000
1.44580000	2.13490000
1.16370000	2.08690000
0.97560000	1.79380000
0.86980000	1.57770000
0.75230000	1.39230000
0.78750000	1.30260000
0.99910000	1.15040000
0.83450000	1.48370000
0.75230000	1.33730000
0.77580000	1.98380000
0.74050000	1.42620000
0.98730000	1.79270000
1.22240000	1.55020000
1.09310000	1.36390000
0.96380000	1.21900000
0.85810000	1.10530000
0.77580000	1.01530000
0.71700000	0.94330000
1.08140000	0.89250000
4.34900000	5.56710000
2.43310000	4.00560000
2.11570000	2.25370000
2.20980000	1.94640000
2.06870000	1.65980000
1.73960000	1.43930000
1.49280000	1.26880000
1.30470000	1.13590000
1.19890000	1.04420000
1.05790000	0.95160000
0.94030000	0.88280000
0.84630000	0.82900000
0.77580000	0.78460000
0.69350000	0.74750000
0.63470000	0.71600000
0.57600000	0.68870000
0.51720000	0.66470000
0.49370000	0.64330000
0.47020000	0.62380000
0.44670000	0.60600000
0.42310000	0.59560000
0.39960000	0.57380000
0.41140000	0.57910000
2.80920000	1.31270000
5.35990000	6.61350000
2.99730000	3.60450000
2.25680000	2.18090000
1.85710000	1.84330000
1.56330000	1.54800000
1.35170000	1.32170000
1.21070000	1.14880000
1.12840000	1.02700000
1.06960000	0.91230000
1.11660000	0.91310000
1.28120000	2.02720000
1.10490000	1.25960000
1.02260000	1.27240000
1.58680000	1.12010000
3.51450000	4.52580000
2.67990000	3.33170000
3.97290000	2.02500000
15.16280000	9.38630000
9.84990000	9.29460000
5.12480000	3.24830000
3.56150000	3.29610000
2.73870000	2.70080000
2.22150000	2.24690000
1.88070000	1.91160000
1.69260000	2.16930000
1.48100000	1.66190000
1.25770000	1.90790000
1.11660000	1.64020000
0.98730000	1.43370000
0.86980000	1.27340000
0.77580000	1.14820000
0.70520000	1.04940000
0.67000000	0.97070000
0.63470000	0.90730000
0.72880000	0.85540000
0.84630000	0.82800000
1.02260000	1.72270000
1.30470000	3.76610000
1.63380000	5.35730000
2.55060000	7.24620000
2.09220000	4.58360000
1.82190000	2.85960000
1.86890000	2.41490000
1.62210000	2.03020000
2.87980000	2.21100000
3.64380000	3.92620000
3.17360000	3.36790000
2.82100000	3.30910000
2.58590000	2.26150000
2.35080000	2.29630000
2.11570000	1.94920000
1.99820000	1.68250000
1.76310000	1.47650000
1.64560000	1.31640000
1.52800000	1.19100000
1.41050000	1.09190000
1.29300000	1.01270000
1.17540000	0.94870000
1.05790000	0.89610000
0.98730000	0.85240000
0.88160000	0.81530000
0.79930000	0.78340000
0.75230000	0.75550000
0.70520000	0.73060000
0.67000000	0.70820000
0.63470000	0.68770000
0.61120000	0.66870000
0.70520000	0.65090000
0.82280000	0.63410000
0.76400000	0.61820000
0.72880000	0.60290000
0.70520000	0.58830000
0.67000000	0.57420000
0.63470000	0.56060000
1.03440000	0.54740000
1.59860000	0.53460000
2.70340000	0.52210000
3.42040000	0.51010000
2.44490000	0.49830000
12.57690000	2.32610000
10.37890000	3.88360000
5.71250000	2.54340000
5.16010000	2.40290000
7.76950000	1.73960000
36.32020000	21.34420000
10.50820000	16.94700000
5.57140000	4.89670000
3.96110000	4.46520000
3.19710000	3.66190000
3.39690000	6.57300000
4.43130000	9.98850000
4.51360000	10.16790000
4.11390000	6.03770000
6.69980000	7.41970000
4.24320000	5.98100000
3.36170000	3.73460000
2.79750000	3.17480000
2.30380000	2.67870000
1.97470000	2.29930000
1.69260000	2.00680000
1.46930000	1.77990000
1.28120000	1.60280000
1.16370000	1.46320000
1.08140000	1.35210000
1.03440000	1.26830000
1.97470000	1.24830000
8.86260000	6.73760000
4.79570000	6.04610000
3.59680000	2.60400000
2.99730000	2.35000000
2.59770000	1.99690000
4.06690000	3.86000000
3.62030000	3.73610000
3.00910000	2.38270000
2.62120000	2.08740000
3.72610000	5.36830000
4.74870000	6.05350000
4.32550000	2.74900000
3.65550000	2.73870000
2.98550000	2.32460000
2.51540000	2.01880000
2.22150000	1.76070000
2.48010000	1.59760000
2.46840000	1.47680000
2.46840000	1.30190000
2.43310000	1.87500000
2.15100000	1.64710000
1.99820000	1.46990000
2.18630000	1.35680000
6.11210000	3.73240000
6.02990000	5.24580000
4.44310000	2.29250000
3.44400000	2.33990000
3.12660000	1.99770000
3.49100000	2.52330000
3.06780000	1.83510000
3.24410000	2.22930000
3.89060000	1.95500000
3.57320000	1.66650000
2.99730000	1.61260000
2.57420000	1.43360000
2.28030000	1.30410000
3.26760000	1.24140000
8.62750000	7.88980000
5.38340000	5.95660000
4.17270000	2.61450000
3.63200000	2.45330000
3.72610000	2.09090000
4.17270000	3.12480000
3.69080000	2.01350000
10.03800000	5.27440000
8.38070000	6.20160000
5.16010000	2.77750000
3.89060000	2.85350000
3.09130000	2.39760000
2.52710000	2.04820000
2.08050000	1.77920000
3.37340000	1.63830000
3.44400000	1.45240000
2.79750000	1.28120000
2.43310000	1.65710000
2.08050000	1.46780000
1.79840000	1.32010000
1.75140000	1.21140000
1.43400000	1.11130000
1.23420000	1.03690000
1.03440000	0.97620000
0.90510000	0.92600000
0.82280000	0.88370000
0.76400000	0.84880000
0.63470000	0.81620000
0.54070000	0.78850000
0.47020000	0.76360000
0.42310000	0.74090000
0.83450000	0.72000000
3.92590000	0.82420000
2.51540000	1.95880000
2.78570000	3.58100000
2.83270000	4.53450000
2.44490000	5.68120000
2.12750000	5.20650000
1.66910000	2.61960000
3.69080000	2.48970000
11.35450000	7.76420000
6.65280000	9.75000000
4.57230000	5.29550000
3.22060000	3.36040000
2.43310000	3.10640000
1.88070000	2.58490000
1.51630000	2.20660000
1.19890000	1.88010000
0.99910000	1.64390000
3.36170000	5.29230000
3.42040000	6.08850000
2.31560000	2.63360000
1.70430000	2.67550000
1.31650000	2.26000000
1.02260000	1.94110000
0.79930000	1.69530000
0.69350000	1.50450000
0.55240000	1.35550000
0.56420000	1.25210000
0.95210000	1.20230000
0.89330000	1.10990000
2.39780000	6.15010000
6.99370000	7.67600000
4.72520000	4.23010000
3.32640000	2.73710000
11.11940000	7.91160000
5.27760000	6.90960000
3.13830000	3.25890000
2.16280000	2.81720000
1.68080000	2.42330000
1.26940000	2.03960000
2.24500000	1.85020000
3.63200000	7.34900000
2.04520000	4.84550000
1.44580000	2.79810000
1.09310000	2.43120000
0.84630000	2.08380000
4.64290000	3.76230000
3.98460000	5.24030000
3.46750000	3.73230000
2.36260000	2.50260000
1.65730000	2.31720000
1.21070000	1.99770000
0.98730000	1.75110000
1.63380000	2.25010000
1.68080000	2.96740000
1.18720000	1.92830000
1.06960000	1.93610000
0.94030000	1.71910000
0.89330000	1.50370000
0.84630000	1.38200000
0.67000000	1.24220000
0.56420000	1.15130000
0.84630000	1.90550000
0.83450000	2.66830000
0.65820000	1.69450000
0.51720000	1.50940000
0.45840000	1.35520000
0.54070000	1.27920000
0.52890000	1.11630000
0.39960000	1.41860000
0.32910000	1.29830000
0.37610000	1.20230000
2.15100000	2.46590000
4.05520000	2.68860000
2.78570000	3.93770000
2.09220000	6.56760000
1.73960000	4.37160000
2.11570000	3.90820000
1.95120000	4.11140000
1.36350000	2.70900000
1.30470000	2.31170000
4.29030000	2.00430000
2.70340000	2.24330000
7.54610000	9.03610000
4.18450000	6.56970000
2.67990000	3.01670000
2.12750000	2.63410000
1.57510000	2.22040000
1.15190000	1.91200000
0.92860000	1.67390000
0.77580000	1.48910000
11.26040000	8.02700000
9.75590000	8.38580000
4.43130000	3.01710000
2.93850000	3.06570000
2.13920000	2.56720000
1.77490000	2.18550000
2.73870000	1.93280000
3.96110000	3.67950000
2.73870000	3.63610000
2.55060000	2.25050000
6.74690000	4.34690000
3.92590000	4.26080000
2.77400000	2.57650000
2.12750000	2.24920000
1.79840000	2.00240000
1.88070000	4.38020000
2.65640000	8.64980000
2.28030000	8.44170000
1.76310000	5.18260000
1.42220000	3.33780000
1.11660000	3.05900000
0.91680000	2.58060000
0.78750000	2.21350000
0.68170000	1.97120000
0.68170000	1.76890000
1.29300000	5.67980000
1.01090000	3.98290000
0.77580000	2.45790000
0.70520000	2.41700000
0.61120000	2.07320000
0.51720000	1.80990000
0.43490000	1.61150000
0.43490000	1.48990000
0.55240000	1.37110000
0.43490000	1.25650000
0.32910000	1.57260000
0.28210000	1.59390000
0.35260000	3.43880000
3.64380000	5.41070000
11.16640000	17.44920000
4.76040000	12.81740000
3.24410000	4.52090000
2.43310000	4.00480000
1.90420000	3.31200000
1.55150000	2.78290000
1.29300000	2.37730000
1.09310000	2.06510000
0.92860000	1.82350000
0.81100000	1.63510000
0.74050000	1.48710000
0.69350000	1.36970000
0.61120000	1.27540000
0.57600000	1.20100000
0.55240000	1.13550000
0.51720000	1.08250000
0.48190000	1.03730000
0.43490000	0.99820000
0.38790000	0.96370000
0.36440000	0.93280000
0.34090000	0.90480000
0.31740000	0.87910000
0.52890000	0.93580000
0.72880000	0.83260000
0.55240000	0.81140000
0.47020000	0.79110000
0.42310000	0.77170000
0.39960000	0.75310000
0.37610000	0.73510000
0.36440000	0.72910000
0.35260000	0.70070000
0.34090000	0.68430000
0.32910000	0.66840000
0.31740000	0.65280000
0.29390000	0.63770000
0.27030000	0.62290000
0.25860000	0.60850000
0.24680000	0.59450000
0.24680000	0.58080000
0.23510000	0.56740000
0.23510000	0.55430000
0.22330000	0.54150000
0.24680000	0.54390000
0.30560000	0.54680000
0.42310000	0.51930000
4.93670000	5.70870000
3.53800000	6.23110000
2.59770000	2.15060000
2.16280000	2.12380000
1.85710000	1.77040000
1.56330000	1.47650000
1.36350000	1.31150000
1.24590000	1.13490000
1.08140000	0.99840000
0.97560000	0.89220000
0.90510000	0.80890000
0.83450000	0.74400000
0.79930000	0.69120000
0.85810000	0.64840000
0.81100000	0.61320000
0.74050000	0.58400000
1.12840000	1.00140000
1.58680000	1.87900000
1.39870000	1.20110000
1.26940000	1.42430000
1.28120000	2.00340000
1.16370000	2.77360000
1.10490000	1.73370000
1.02260000	1.47970000
0.78750000	1.25880000
0.96380000	1.08890000
0.90510000	0.95780000
0.86980000	0.85570000
0.82280000	0.77530000
0.74050000	0.71150000
0.65820000	0.66070000
0.65820000	0.62050000
0.77580000	0.59030000
0.83450000	0.55930000
1.72790000	0.53480000
2.91500000	0.51410000
2.39780000	0.49600000
8.88610000	8.48440000
5.39510000	6.29810000
3.70250000	2.50060000
2.65640000	2.18430000
2.22150000	1.80290000
1.89240000	1.51170000
1.50450000	1.28860000
1.35170000	1.11700000
1.23420000	0.98430000
1.12840000	0.88090000
1.05790000	0.79980000
0.97560000	0.73560000
0.89330000	0.68410000
0.82280000	0.64230000
0.77580000	0.60790000
0.72880000	0.57910000
0.68170000	0.55460000
0.64650000	0.53340000
0.61120000	0.51480000
0.57600000	0.49820000
0.54070000	0.48310000
0.51720000	0.46930000
0.49370000	0.45650000
0.47020000	0.44450000
0.44670000	0.43310000
0.42310000	0.42230000
0.41140000	0.41190000
0.39960000	0.40200000
0.65820000	0.39240000
0.99910000	0.39890000
2.11570000	0.39670000
2.04520000	0.36930000
1.63380000	0.71470000
6.12390000	3.86650000
9.97920000	11.02770000
5.50090000	6.62730000
3.67900000	2.97820000
2.83270000	2.55770000
2.29210000	2.08710000
1.86890000	1.72860000
1.50450000	1.45470000
1.58680000	1.24470000
1.36350000	1.08300000
1.25770000	0.95770000
4.54880000	9.23630000
5.86530000	11.35760000
3.97290000	5.09960000
2.97380000	3.19650000
2.24500000	2.70430000
2.06870000	2.24000000
1.81010000	1.88520000
1.52800000	1.61320000
1.38700000	1.40590000
1.31650000	1.26590000
1.49280000	3.42210000
3.43220000	4.81970000
2.87980000	2.12830000
2.22150000	2.33860000
1.95120000	1.96650000
2.36260000	1.70260000
10.28480000	3.73690000
10.26130000	5.06920000
13.75230000	7.95190000
6.47650000	5.13160000
4.25500000	3.08980000
3.23240000	2.62290000
2.62120000	2.21040000
2.15100000	1.88720000
1.84540000	1.64300000
1.62210000	1.45300000
1.68080000	1.34170000
2.35080000	1.20080000
1.83360000	1.25570000
1.64560000	1.25490000
1.45750000	1.14190000
1.37520000	1.05230000
1.28120000	0.98140000
1.21070000	0.93670000
1.26940000	0.92260000
1.05790000	0.83390000
0.99910000	1.39370000
1.12840000	1.22980000
1.04610000	1.10210000
0.94030000	1.00180000
0.97560000	0.92230000
1.50450000	0.85850000
6.51180000	9.20210000
6.64110000	9.53590000
4.45480000	2.95850000
3.97290000	3.95130000
4.57230000	5.85820000
3.71430000	2.99400000
3.00910000	2.91170000
2.59770000	2.42450000
3.99640000	2.79950000
4.84270000	4.73000000
3.85530000	2.35760000
3.22060000	2.47020000
2.71520000	2.09290000
2.29210000	1.80420000
1.92770000	1.58050000
1.66910000	1.40680000
1.63380000	1.29260000
4.36080000	6.02280000
4.34900000	7.07470000
3.82010000	2.59460000
3.37340000	3.50880000
3.19710000	2.57560000
3.05610000	2.85350000
2.93850000	2.37340000
2.91500000	2.13220000
3.44400000	1.90410000
2.75050000	1.61560000
2.33910000	1.99710000
2.84450000	1.76160000
3.76130000	1.57980000
3.11480000	1.37160000
2.83270000	1.61580000
2.52710000	1.42910000
2.17450000	1.28320000
2.06870000	1.19610000
1.97470000	1.08450000
1.84540000	1.01440000
1.72790000	0.95640000
2.06870000	0.99090000
2.24500000	0.86660000
2.76220000	1.46940000
2.29210000	1.27170000
2.03350000	1.14130000
1.81010000	1.03870000
1.57510000	0.95730000
1.39870000	0.89190000
1.24590000	0.83860000
1.08140000	0.79470000
0.96380000	0.75780000
0.89330000	0.72640000
0.83450000	0.69910000
0.82280000	0.67500000
0.82280000	0.65350000
0.74050000	0.65460000
0.64650000	0.61590000
0.56420000	0.59920000
0.51720000	0.58350000
0.50540000	0.56860000
0.47020000	0.55440000
0.41140000	0.54080000
0.39960000	0.52780000
0.38790000	0.53360000
0.34090000	0.50290000
0.32910000	0.49110000
1.49280000	3.83240000
2.38610000	7.59240000
5.18360000	10.53680000
15.51540000	12.23100000
10.16730000	16.72010000
5.98280000	9.95160000
12.10670000	6.95290000
13.63480000	14.15490000
6.24140000	9.74720000
9.07420000	5.68320000
8.95660000	8.28900000
5.24230000	6.11850000
4.38430000	3.96810000
3.20890000	3.31870000
2.48010000	3.14660000
1.96290000	2.66780000
1.65730000	2.31500000
1.65730000	2.06210000
1.75140000	1.81210000
1.49280000	1.62290000
1.88070000	2.15190000
2.46840000	3.04430000
5.37160000	6.42220000
4.51360000	4.97540000
3.10310000	2.90700000
2.30380000	2.53760000
1.76310000	2.18520000
1.38700000	1.91320000
1.10490000	1.70200000
1.14010000	1.56800000
0.90510000	1.40650000
0.94030000	1.36560000
0.86980000	1.24760000
0.63470000	1.14970000
0.48190000	1.09260000
0.37610000	1.04430000
0.30560000	1.00280000
0.38790000	0.98760000
1.63380000	2.64960000
1.17540000	2.65390000
0.70520000	1.66510000
0.51720000	1.49690000
0.39960000	1.33470000
0.31740000	1.20820000
0.25860000	1.10710000
0.27030000	1.06670000
0.28210000	0.97520000
1.44580000	1.46400000
0.86980000	1.10040000
0.49370000	1.45410000
0.38790000	1.28380000
0.34090000	1.18280000
0.28210000	1.04070000
1.04610000	3.25100000
1.70430000	6.01840000
0.89330000	2.15230000
0.75230000	2.42390000
0.51720000	2.02860000
0.38790000	1.72600000
0.30560000	1.49330000
0.24680000	1.31350000
0.21160000	1.17350000
0.18810000	1.06380000
0.21160000	1.56750000
0.47020000	5.58250000
0.50540000	5.21450000
0.41140000	2.35650000
0.27030000	2.31630000
0.19980000	1.94880000
0.16460000	1.66710000
0.15280000	1.45010000
16.33820000	1.38140000
12.34180000	15.51730000
5.85350000	10.72210000
63.11960000	19.79430000
23.50820000	33.48860000
7.69890000	18.64470000
4.19620000	5.96220000
2.92680000	4.98380000
2.06870000	4.12280000
1.55150000	3.46120000
1.75140000	2.96300000
1.17540000	2.55800000
0.84630000	2.25510000
0.68170000	2.01920000
0.54070000	1.83400000
0.47020000	1.68710000
0.57600000	1.61280000
0.45840000	1.51200000
0.57600000	3.49190000
0.50540000	3.64470000
0.34090000	2.15350000
0.25860000	1.96170000
0.21160000	1.75650000
0.18810000	1.59670000
0.16460000	1.46760000
0.15280000	1.36520000
0.15280000	1.28200000
0.14100000	1.21350000
0.16460000	1.15620000
0.51720000	1.74920000
0.49370000	1.28050000
0.25860000	1.64890000
0.22330000	1.50790000
0.23510000	1.34110000
0.21160000	1.23190000
0.22330000	1.20140000
0.18810000	1.70730000
1.75140000	6.75580000
1.61030000	4.51390000
0.82280000	2.51540000
0.54070000	2.19400000
0.44670000	1.88240000
0.34090000	1.64220000
0.24680000	1.45600000
0.21160000	1.31060000
0.18810000	1.19610000
0.15280000	1.12970000
0.14100000	1.04210000
0.14100000	0.97170000
0.12930000	0.92210000
0.11280000	0.88030000
0.09870000	0.84460000
0.08700000	0.81340000
0.07990000	0.78590000
0.07290000	0.76120000
0.06580000	0.73870000
0.08230000	0.74170000
0.12930000	0.73760000
0.09990000	0.68030000
0.08700000	0.66310000
0.09760000	0.64660000
0.24680000	1.45880000
0.37610000	2.31430000
0.23510000	1.36760000
0.16460000	1.24760000
0.14100000	1.09030000
0.11750000	0.96450000
0.10460000	0.87090000
0.09400000	0.79700000
0.08700000	0.73810000
0.08230000	0.69050000
0.07410000	0.65150000
0.08350000	0.64650000
0.09170000	0.59180000
0.08820000	0.56830000
0.07990000	0.54770000
0.07640000	0.52950000
0.07290000	0.51310000
0.07170000	0.49810000
0.07170000	0.50510000
0.08350000	0.47130000
0.39960000	0.53620000
0.47020000	0.44750000
0.31740000	1.04390000
0.30560000	0.87160000
0.24680000	1.22010000
0.21160000	1.03530000
0.18810000	0.89330000
0.16460000	0.78370000
0.15280000	0.69850000
0.14100000	0.63170000
0.15280000	0.60340000
0.15280000	0.53690000
0.15280000	0.50280000
0.14100000	0.47490000
0.14100000	0.45160000
0.12930000	0.43190000
0.12930000	0.41500000
0.12930000	0.40020000
0.12930000	0.38700000
0.14100000	0.40470000
0.15280000	0.36420000
0.15280000	0.35410000
0.15280000	0.34460000
0.14100000	0.33570000
0.12930000	0.32730000
0.12930000	0.31920000
0.12930000	0.31140000
0.11750000	0.30400000
0.11520000	0.29670000
0.11050000	0.28970000
0.10810000	0.28290000
0.10580000	0.27630000
0.10580000	0.26990000
0.10580000	0.26360000
0.10340000	0.25750000
0.10340000	0.25160000
0.11520000	0.26220000
0.11750000	0.24010000
0.12930000	0.23450000
0.11520000	0.22910000
0.11050000	0.22390000
0.12930000	0.24600000
0.31740000	0.26870000
0.38790000	0.20870000
0.27030000	0.71180000
0.22330000	0.59470000
0.19980000	0.50510000
0.19980000	0.44880000
0.22330000	0.38300000
0.19980000	0.34160000
0.18810000	0.30920000
0.17630000	0.28360000
0.16460000	0.26310000
0.19980000	0.27200000
0.29390000	0.25140000
1.57510000	3.74930000
1.32820000	2.25080000
2.11570000	3.55100000
2.23330000	3.27070000
1.77490000	1.98110000
1.68080000	1.64070000
1.62210000	1.55660000
1.34000000	1.55130000
1.23420000	1.55060000
6.02990000	6.07010000
4.91320000	4.25090000
3.62030000	3.03890000
2.71520000	2.22130000
2.15100000	2.26720000
1.84540000	1.86580000
2.16280000	1.59240000
1.86890000	1.32520000
1.55150000	1.75460000
1.37520000	1.47980000
1.30470000	1.26820000
1.15190000	1.10520000
0.95210000	0.97890000
0.86980000	0.88030000
0.75230000	0.80270000
0.70520000	0.74100000
0.65820000	0.69130000
0.61120000	0.65080000
0.58770000	0.61730000
0.55240000	0.58920000
0.52890000	0.56520000
0.51720000	0.54420000
0.49370000	0.52580000
0.76400000	0.50920000
3.60850000	1.07640000
3.59680000	1.80700000
2.72700000	1.10750000
2.13920000	1.04890000
1.83360000	0.91290000
1.52800000	0.80350000
1.38700000	0.71860000
1.26940000	0.65260000
1.08140000	0.60040000
1.12840000	0.55850000
1.06960000	0.52460000
0.94030000	0.49660000
1.05790000	0.47480000
9.46210000	13.68940000
19.15920000	19.57110000
7.18180000	9.24530000
4.34900000	4.23370000
3.30290000	3.55130000
2.96200000	4.27580000
3.17360000	2.85100000
2.76220000	2.63380000
2.33910000	2.19210000
1.97470000	1.86490000
1.68080000	1.60360000
1.55150000	1.40720000
1.22240000	1.25380000
1.41050000	1.13360000
1.38700000	1.03880000
1.26940000	0.96300000
1.17540000	0.90180000
1.23420000	0.87780000
3.05610000	1.61600000
2.58590000	2.49630000
2.26850000	1.49690000
1.90420000	1.33380000
1.75140000	1.17690000
1.59860000	1.07270000
1.49280000	0.98270000
1.21070000	0.90110000
1.19890000	1.32710000
1.23420000	1.20190000
1.57510000	1.04290000
1.71610000	1.56800000
1.44580000	1.34790000
1.24590000	1.17810000
1.16370000	1.04630000
1.10490000	0.94330000
1.05790000	0.86310000
0.86980000	0.79840000
1.02260000	0.74630000
0.96380000	0.70360000
3.31470000	1.18100000
3.25590000	0.87130000
2.43310000	1.20990000
2.20980000	1.05470000
1.96290000	0.96940000
1.92770000	2.07990000
2.06870000	1.27850000
2.38610000	1.61150000
1.86890000	1.34570000
1.65730000	1.22880000
2.05700000	1.65330000
2.62120000	2.28670000
2.13920000	1.45210000
2.38610000	1.39850000
3.05610000	1.20950000
4.76040000	5.22820000
5.45390000	3.56290000
16.45580000	7.51350000
13.51720000	8.49910000
6.86440000	3.18790000
4.50180000	3.22070000
3.56150000	2.64190000
3.04430000	2.23920000
2.97380000	1.86200000
5.53620000	4.24640000
3.89060000	4.15830000
3.10310000	2.44510000
4.07870000	2.16010000
6.01810000	3.34210000
8.55700000	7.30240000
5.24230000	4.94200000
3.87890000	2.88840000
3.02080000	2.47600000
2.48010000	2.09840000
2.11570000	1.80940000
1.82190000	1.58550000
1.63380000	1.43630000
1.64560000	1.27450000
4.94850000	1.84540000
3.58500000	1.34260000
2.86800000	1.74180000
2.63290000	1.53640000
4.31380000	1.91580000
5.61850000	5.86420000
4.61940000	4.13280000
3.51450000	2.42530000
2.78570000	2.10130000
3.00910000	1.80070000
3.79660000	1.60110000
4.53710000	1.40290000
23.50820000	11.25770000
10.09680000	8.95230000
5.68900000	3.19780000
4.51360000	2.84050000
3.77310000	2.37680000
2.96200000	2.01540000
18.68900000	6.56260000
12.92950000	11.47180000
6.21790000	6.21230000
4.21970000	3.54630000
3.67900000	3.05970000
4.72520000	3.61200000
3.60850000	4.34680000
3.62030000	2.72020000
3.02080000	2.34130000
30.09050000	4.04220000
22.09770000	15.12340000
8.42770000	10.93780000
5.72430000	5.23960000
4.01990000	3.74740000
3.11480000	3.37290000
3.10310000	2.86390000
4.03170000	3.40470000
3.91410000	5.61840000
3.13830000	2.74470000
2.55060000	2.88360000
4.13740000	3.29820000
3.99640000	2.42150000
3.18540000	2.72040000
2.67990000	2.40790000
2.23330000	2.09750000
1.84540000	1.85690000
1.53980000	1.66920000
1.28120000	1.52150000
1.06960000	1.40400000
1.03440000	1.30960000
2.71520000	1.28120000
1.72790000	1.21550000
1.24590000	1.11540000
0.99910000	1.07280000
0.92860000	1.06920000
1.01090000	1.77010000
0.99910000	1.27400000
0.72880000	1.80890000
0.59950000	1.61210000
0.55240000	1.41910000
1.35170000	2.05950000
0.91680000	1.47240000
0.63470000	1.93530000
0.49370000	1.67460000
0.39960000	1.47320000
0.34090000	1.31640000
0.31740000	1.21900000
0.32910000	1.14820000
0.54070000	1.02900000
0.47020000	0.95520000
0.37610000	0.92670000
0.30560000	0.85990000
0.23510000	0.82310000
0.23510000	0.86160000
0.19980000	0.76350000
0.16460000	0.86140000
0.14100000	0.81130000
0.11640000	0.76970000
0.10230000	0.73480000
0.15280000	0.70490000
0.21160000	0.74730000
1.70430000	8.57560000
1.70430000	8.08250000
0.71700000	2.68080000
0.41140000	2.65920000
0.30560000	2.19910000
0.76400000	1.89500000
0.61120000	1.57840000
0.57600000	1.37110000
0.47020000	1.21070000
0.28210000	1.08560000
0.21160000	0.98730000
0.24680000	0.93170000
0.61120000	1.49210000
0.85810000	2.44030000
0.51720000	1.48600000
0.75230000	1.68190000
6.15920000	10.85490000
11.98920000	11.01770000
4.81920000	4.98210000
2.67990000	3.26150000
1.84540000	2.72560000
1.51630000	2.30670000
1.24590000	1.95450000
0.92860000	1.66830000
0.67000000	1.46420000
0.51720000	1.30560000
0.64650000	1.24350000
0.69350000	1.81580000
1.34000000	4.52220000
2.60940000	3.77620000
2.43310000	5.17250000
1.57510000	4.11600000
1.11660000	2.62530000
0.82280000	2.24060000
0.58770000	1.90980000
0.48190000	1.65520000
0.52890000	1.53500000
0.79930000	1.30510000
0.61120000	1.20570000
0.52890000	1.10110000
0.38790000	1.01310000
0.25860000	0.95110000
0.21160000	0.90000000
0.16460000	0.85730000
0.14100000	0.82100000
0.11750000	0.78960000
0.10110000	0.76200000
0.08820000	0.73740000
0.07760000	0.71510000
0.06700000	0.71610000
0.06230000	0.68860000
0.17630000	0.70770000
0.31740000	1.16570000
0.22330000	0.87060000
0.14100000	1.24040000
0.11050000	1.08520000
0.08460000	0.96470000
0.08110000	0.91420000
0.14100000	0.83180000
0.16460000	0.73680000
0.12930000	0.69490000
0.12930000	0.69690000
0.11050000	0.61730000
0.10460000	0.94000000
0.12930000	0.83810000
0.08230000	0.75830000
0.06820000	0.69520000
0.05990000	0.64480000
0.05170000	0.60400000
0.04470000	0.57050000
0.03760000	0.54270000
0.03170000	0.51910000
0.02820000	0.49870000
0.02470000	0.48090000
0.02120000	0.46510000
0.01880000	0.45080000
0.01650000	0.43770000
0.01410000	0.42560000
0.01290000	0.41430000
0.01760000	0.41860000
0.03060000	0.48490000
0.04470000	0.38370000
0.08350000	0.52060000
0.06110000	0.49510000
0.04700000	0.44580000
0.03880000	0.41870000
0.06110000	0.46370000
1.25770000	10.22870000
0.51720000	6.20370000
0.21160000	2.49940000
0.55240000	2.15020000
4.49010000	12.18380000
2.90330000	12.71170000
1.56330000	5.64060000
0.95210000	3.60390000
0.65820000	2.97070000
0.54070000	2.45840000
0.43490000	2.03990000
0.35260000	1.73170000
0.29390000	1.51460000
0.24680000	1.31190000
0.22330000	1.16970000
0.18810000	1.05830000
0.17630000	0.97030000
0.18810000	0.92160000
0.25860000	0.89440000
0.59950000	1.81520000
0.86980000	2.19590000
1.55150000	2.30010000
1.09310000	1.60800000
7.58140000	8.54080000
7.98100000	13.12630000
3.99640000	7.36480000
2.76220000	3.68500000
2.45660000	3.18090000
2.28030000	2.62770000
1.97470000	2.46130000
1.62210000	2.18290000
1.36350000	1.95710000
1.21070000	1.69860000
3.03260000	3.38810000
2.95030000	3.50140000
3.02080000	2.12580000
7.40510000	3.70430000
12.10670000	11.50600000
6.44130000	9.08740000
4.36080000	3.58900000
3.31470000	3.38520000
2.63290000	2.81800000
2.70340000	2.41160000
3.12660000	4.57310000
11.13110000	10.39760000
7.11120000	9.20320000
4.63110000	3.64610000
3.59680000	3.57040000
3.05610000	2.98000000
3.54970000	3.38620000
9.50910000	6.11830000
10.00270000	8.86230000
5.68900000	5.61700000
4.01990000	3.43340000
3.36170000	2.96790000
5.80650000	6.96020000
4.90150000	5.94410000
4.56060000	3.35030000
5.39510000	3.66480000
4.67810000	4.65000000
5.55970000	7.35960000
4.29030000	5.37320000
3.45570000	3.32340000
3.19710000	2.90080000
3.47920000	4.15150000
6.08860000	2.65970000
4.54880000	2.77540000
3.50270000	2.39300000
2.97380000	2.09790000
2.52710000	1.86850000
2.11570000	1.68900000
1.84540000	1.54730000
1.45750000	1.43410000
1.84540000	1.34260000
1.63380000	1.26760000
1.24590000	1.20520000
1.15190000	1.15240000
1.14010000	1.10700000
1.04610000	1.06730000
2.45660000	1.03240000
3.99640000	1.00830000
3.22060000	0.97460000
5.01900000	2.65010000
3.73780000	2.90590000
3.07960000	1.75550000
2.60940000	1.71270000
2.64470000	1.51280000
2.59770000	1.35820000
20.56970000	19.17270000
10.10850000	15.24210000
5.58320000	4.41990000
4.30200000	4.11060000
3.42040000	3.54280000
3.43220000	5.88710000
2.76220000	5.60680000
2.43310000	3.43920000
2.09220000	3.02800000
1.86890000	2.56710000
1.69260000	2.21300000
1.70430000	1.96630000
4.37250000	6.03530000
10.00270000	17.23630000
6.77040000	14.15840000
4.66640000	4.75730000
3.57320000	4.42440000
2.99730000	3.66750000
2.44490000	3.08170000
2.25680000	2.63270000
2.02170000	2.28710000
1.99820000	2.01960000
1.64560000	1.81110000
1.43400000	1.64730000
1.25770000	1.51730000
1.14010000	1.41290000
1.08140000	1.32800000
0.99910000	1.25800000
0.91680000	1.19930000
0.86980000	1.14930000
0.82280000	1.10590000
0.77580000	1.06780000
0.74050000	1.03360000
0.70520000	1.00260000
0.67000000	0.97410000
0.64650000	0.94760000
0.62300000	0.92270000
0.58770000	0.89910000
0.56420000	0.87670000
0.54070000	0.85520000
1.18720000	0.83460000
2.76220000	0.81470000
2.69170000	0.79540000
2.09220000	0.77670000
1.89240000	0.75850000
1.97470000	0.74080000
5.46570000	2.84630000
5.16010000	3.08180000
3.78480000	1.77860000
3.10310000	1.71070000
2.30380000	1.47040000
1.88070000	1.28500000
1.64560000	1.14120000
1.43400000	1.02890000
1.31650000	0.94030000
1.17540000	0.86970000
1.52800000	0.81280000
2.86800000	0.76620000
4.43130000	0.72760000
3.31470000	0.69510000
2.69170000	0.66720000
2.32730000	0.64280000
2.31560000	0.62130000
2.71520000	0.60190000
17.39610000	0.58440000
25.15380000	2.91420000
11.11940000	4.35550000
6.12390000	1.77380000
4.24320000	1.82570000
3.27940000	1.53160000
2.75050000	1.30640000
2.46840000	1.13300000
3.26760000	1.02060000
3.65550000	0.90440000
3.12660000	0.81400000
3.70250000	0.79050000
7.15830000	4.20950000
6.88790000	4.37850000
4.91320000	1.88660000
5.72430000	2.59280000
5.28930000	3.21310000
4.10220000	2.05920000
3.37340000	1.88770000
6.72340000	10.47920000
14.45760000	24.66690000
8.56870000	17.80790000
8.86260000	11.22370000
10.14380000	12.60330000
10.84900000	14.23330000
9.37980000	13.56750000
10.27310000	12.78840000
10.55520000	19.87680000
6.46480000	14.36900000
4.76040000	6.46190000
3.45570000	4.52960000
2.97380000	3.86850000
2.87980000	3.30000000
2.48010000	3.97190000
1.97470000	4.82030000
2.01000000	2.99290000
2.09220000	3.70120000
1.71610000	4.43940000
1.68080000	2.80060000
4.74870000	6.97330000
6.11210000	6.29990000
4.16100000	3.43160000
3.34990000	3.01910000
2.72700000	2.61810000
7.66370000	4.29420000
9.36800000	7.31010000
8.32190000	8.33970000
6.04160000	5.70560000
7.24050000	6.15440000
6.10040000	5.94210000
4.34900000	3.59010000
3.26760000	3.12600000
2.72700000	2.69640000
2.43310000	2.36260000
2.10400000	2.10330000
1.91590000	1.91050000
3.00910000	1.79780000
2.49190000	1.61240000
2.20980000	1.50900000
2.48010000	1.48140000
2.25680000	1.37490000
1.88070000	1.29450000
1.64560000	1.52660000
1.58680000	1.43640000
1.68080000	1.38280000
1.41050000	1.25580000
1.34000000	1.67770000
1.35170000	1.53080000
2.23330000	2.22640000
2.29210000	3.10890000
1.97470000	1.88440000
1.89240000	1.87690000
1.92770000	1.63380000
2.49190000	2.40320000
2.20980000	1.82740000
1.92770000	2.04320000
1.70430000	1.78860000
11.33100000	5.53520000
10.68450000	11.85550000
5.86530000	7.07840000
4.07870000	3.35950000
3.00910000	2.89720000
2.60940000	2.51850000
2.55060000	2.22100000
2.01000000	1.88040000
8.83910000	5.92710000
10.87260000	10.05520000
5.85350000	5.77270000
4.96020000	4.52000000
4.19620000	4.91730000
3.19710000	3.13370000
2.67990000	2.79170000
2.20980000	2.36650000
2.10400000	2.08200000
1.82190000	1.81720000
2.39780000	1.66250000
4.32550000	3.50320000
5.31290000	5.05320000
4.84270000	3.63170000
9.01540000	9.34830000
5.75950000	7.24650000
5.61850000	3.36710000
22.68540000	13.46670000
9.62660000	12.67140000
5.40690000	4.57850000
8.92140000	4.17820000
9.63840000	7.47280000
6.32370000	6.55400000
4.27850000	3.76260000
3.56150000	3.22600000
4.14920000	2.80950000
4.16100000	3.32610000
5.11300000	7.44690000
4.58410000	5.26730000
8.40420000	6.84630000
10.40240000	14.25330000
7.61670000	11.32280000
5.24230000	4.85380000
5.72430000	6.38540000
4.77220000	5.96720000
3.91410000	3.84030000
2.99730000	3.28710000
2.09220000	2.81970000
1.57510000	2.45810000
1.14010000	2.17780000
0.97560000	1.99190000
0.90510000	1.81570000
0.65820000	1.66250000
0.49370000	1.53950000
0.37610000	1.44950000
0.41140000	1.40870000
1.09310000	2.07020000
2.99730000	3.26930000
2.05700000	1.93690000
1.22240000	2.16570000
0.96380000	1.95610000
3.53800000	2.52170000
5.24230000	5.42300000
5.18360000	7.38060000
4.06690000	5.05440000
3.20890000	3.06330000
2.51540000	2.79710000
3.50270000	2.38920000
6.11210000	2.10590000
3.34990000	1.82720000
2.37430000	1.91490000
1.65730000	1.70450000
2.98550000	2.41530000
2.23330000	1.70580000
1.58680000	2.18860000
1.24590000	1.92300000
1.18720000	1.70560000
0.99910000	1.51540000
0.77580000	1.37950000
0.59950000	1.27240000
0.47020000	1.18640000
0.42310000	1.11630000
0.81100000	1.14630000
0.79930000	1.02250000
0.55240000	0.99700000
0.52890000	0.97710000
0.74050000	0.93720000
0.63470000	0.88520000
0.68170000	0.87110000
1.55150000	0.89730000
1.28120000	0.82100000
0.84630000	1.44190000
1.24590000	2.59650000
2.08050000	7.68470000
2.16280000	7.44990000
2.09220000	5.94470000
2.50360000	8.95340000
1.75140000	5.74090000
1.76310000	3.43330000
1.61030000	2.96070000
1.85710000	2.46130000
2.80920000	4.18440000
2.26850000	3.82100000
1.65730000	2.39800000
1.23420000	2.09390000
0.94030000	1.81690000
0.75230000	1.60250000
0.62300000	1.43560000
0.49370000	1.30440000
0.38790000	1.20050000
0.30560000	1.11710000
0.24680000	1.04930000
0.21160000	0.99350000
1.06960000	1.00700000
0.79930000	0.90690000
1.30470000	0.94890000
1.93940000	5.02890000
3.26760000	6.47540000
7.61670000	9.84360000
26.56430000	13.29900000
11.98920000	14.07430000
5.48920000	7.51420000
3.54970000	4.41300000
2.48010000	3.69110000
1.81010000	3.06300000
1.39870000	2.58300000
1.10490000	2.21470000
0.84630000	1.93090000
0.67000000	1.71620000
0.65820000	1.58710000
1.85710000	1.40400000
2.60940000	2.09150000
1.38700000	1.49870000
1.11660000	1.97650000
19.15920000	13.36910000
9.61490000	11.90320000
4.97200000	3.87670000
3.37340000	3.65090000
6.27670000	5.54740000
3.78480000	5.35170000
2.64470000	3.21120000
2.12750000	2.77220000
1.70430000	2.37040000
1.61030000	2.10400000
1.44580000	1.83430000
1.18720000	1.63470000
1.14010000	1.51130000
1.09310000	1.37250000
0.91680000	1.31500000
0.94030000	1.25490000
1.22240000	1.18200000
1.05790000	1.21850000
0.92860000	1.52840000
0.82280000	1.37940000
0.75230000	1.26190000
0.69350000	1.17940000
0.63470000	1.09880000
0.56420000	1.03060000
0.54070000	0.97910000
0.86980000	0.93570000
9.75590000	8.12730000
5.78300000	6.63780000
3.77310000	2.64940000
3.06780000	2.34890000
2.44490000	1.98550000
2.01000000	1.71390000
1.70430000	1.50420000
1.50450000	1.34110000
1.43400000	1.21750000
1.25770000	1.11250000
1.08140000	1.03190000
0.98730000	0.96660000
3.30290000	0.98470000
4.99550000	4.73820000
3.91410000	4.46500000
3.64380000	3.05580000
2.93850000	2.05420000
2.49190000	2.00460000
2.13920000	1.71310000
1.85710000	1.48860000
1.61030000	1.31490000
1.70430000	1.17940000
4.18450000	3.51000000
5.50090000	7.60670000
3.96110000	4.10060000
3.06780000	2.51000000
2.52710000	2.15030000
2.20980000	1.83010000
25.97660000	2.10050000
28.79760000	21.49150000
9.09770000	15.43950000
5.52440000	4.65950000
4.01990000	4.06650000
3.64380000	3.37560000
3.16190000	2.79030000
49.95500000	11.83400000
17.39610000	28.28450000
7.59320000	17.78100000
4.93670000	6.17330000
3.64380000	5.16490000
3.05610000	4.25210000
3.20890000	4.32280000
2.43310000	3.40640000
2.05700000	3.31700000
2.97380000	4.77000000
4.98370000	12.33080000
3.66730000	8.57160000
3.16190000	4.03480000
2.66820000	3.51810000
2.28030000	3.06760000
1.99820000	2.64960000
1.85710000	2.32490000
1.77490000	2.07260000
1.58680000	1.87500000
1.38700000	1.71890000
1.38700000	1.59410000
1.69260000	1.50040000
10.09680000	7.11470000
5.45390000	6.70410000
3.52620000	2.84150000
3.11480000	2.60700000
2.71520000	2.26020000
2.20980000	1.99190000
2.87980000	1.78310000
2.70340000	1.61910000
2.40960000	1.48920000
2.17450000	1.38500000
1.88070000	1.30040000
1.82190000	1.23080000
2.05700000	1.17260000
8.07510000	7.42990000
6.93490000	6.77880000
4.23150000	2.72670000
3.29120000	2.64700000
2.87980000	2.29120000
2.70340000	2.53550000
4.03170000	13.09830000
3.94940000	10.32810000
3.22060000	3.84160000
9.66190000	10.64480000
13.39970000	15.28570000
11.71880000	16.46870000
11.34270000	14.97510000
8.86260000	11.69860000
5.28930000	7.59080000
4.11390000	4.93580000
3.34990000	4.12320000
2.58590000	3.46870000
1.93940000	2.96540000
2.17450000	2.57790000
1.76310000	2.27790000
1.46930000	2.04400000
1.41050000	1.86010000
0.94030000	1.71420000
1.11660000	1.59690000
2.70340000	1.50160000
2.90330000	1.42280000
2.33910000	1.35670000
1.99820000	1.30040000
1.88070000	1.25150000
1.64560000	1.20850000
1.41050000	1.16990000
1.17540000	1.13490000
1.29300000	1.10270000
1.17540000	1.07280000
0.98730000	1.04460000
0.89330000	1.01800000
0.77580000	0.99260000
0.63470000	0.96830000
0.61120000	0.94490000
0.58770000	0.92240000
1.53980000	0.90050000
1.50450000	0.87940000
1.28120000	0.85880000
12.22430000	0.83880000
13.75230000	0.81940000
7.05250000	0.80050000
4.99550000	0.78200000
3.73780000	0.76390000
2.86800000	0.74630000
2.35080000	0.72910000
2.01000000	0.71230000
1.77490000	0.69600000
1.57510000	0.67990000
1.39870000	0.66430000
1.31650000	0.64910000
1.25770000	0.63420000
1.17540000	0.61950000
1.34000000	0.60530000
3.12660000	0.59980000
3.17360000	0.58200000
2.55060000	0.56530000
2.39780000	0.55730000
2.12750000	0.54180000
1.90420000	0.52710000
1.75140000	0.51450000
1.57510000	0.50250000
1.69260000	0.50320000
1.92770000	0.51380000
5.19530000	2.38880000
8.01630000	5.83690000
9.80290000	9.00150000
10.44940000	12.15660000
20.68720000	42.68740000
11.37800000	30.46830000
7.42860000	12.71070000
5.12480000	8.65760000
4.00820000	5.70360000
3.32640000	4.67320000
3.02080000	3.85740000
2.51540000	3.23320000
2.26850000	2.75500000
2.87980000	2.44010000
4.72520000	4.56560000
7.54610000	6.79650000
5.05430000	4.71230000
6.58230000	5.19310000
5.27760000	4.94610000
8.74510000	3.85810000
5.87710000	2.93890000
4.23150000	2.93160000
3.62030000	2.52370000
3.09130000	2.24640000
2.84450000	1.96190000
2.70340000	2.09480000
2.45660000	1.87140000
2.08050000	1.68550000
1.83360000	1.54440000
2.08050000	1.46390000
2.75050000	2.21130000
2.76220000	1.57010000
2.77400000	2.11580000
3.78480000	1.86670000
3.31470000	1.65780000
2.93850000	1.49830000
3.70250000	1.39210000
6.69980000	7.06000000
7.35810000	6.38430000
5.08950000	2.66180000
3.96110000	2.38860000
6.07690000	2.07020000
24.33100000	8.36830000
21.03990000	16.45390000
9.47380000	9.43280000
6.06510000	4.23060000
4.41950000	3.60100000
3.38520000	3.01210000
2.67990000	2.55920000
2.19800000	2.21100000
2.09220000	1.98070000
1.70430000	1.73280000
1.52800000	1.56920000
1.68080000	1.48120000
1.37520000	1.33580000
15.28030000	5.56440000
10.13200000	9.13570000
5.54790000	4.84040000
3.89060000	2.92610000
2.95030000	2.53670000
2.39780000	2.20100000
2.33910000	1.92860000
5.03080000	4.19610000
3.33820000	4.27660000
2.75050000	2.44600000
2.29210000	2.16160000
1.89240000	1.88430000
1.59860000	1.66940000
1.37520000	1.50160000
1.16370000	1.36950000
1.01090000	1.26440000
0.94030000	1.19060000
0.89330000	1.13870000
0.88160000	1.06750000
0.82280000	1.00950000
0.85810000	0.99220000
1.39870000	0.95510000
1.18720000	0.93990000
1.89240000	4.48750000
1.98640000	4.63100000
1.56330000	2.02630000
2.92680000	5.86330000
1.92770000	4.45040000
1.42220000	2.63340000
1.12840000	2.28140000
1.99820000	1.97540000
8.06330000	5.54020000
27.62220000	17.75540000
11.98920000	14.92700000
5.88880000	6.82160000
6.66460000	7.03210000
5.81830000	6.52950000
4.53710000	4.86980000
3.36170000	3.60630000
2.87980000	3.39090000
18.80660000	10.63410000
8.80380000	9.92810000
5.06600000	4.01270000
3.66730000	3.56560000
6.17090000	3.00700000
6.82910000	2.57420000
3.69080000	2.24320000
6.26490000	2.05470000
3.63200000	1.78110000
2.70340000	1.62260000
2.51540000	1.51980000
2.19800000	1.42830000
2.86800000	1.35650000
2.03350000	1.24480000
1.69260000	1.51920000
1.42220000	1.39700000
1.09310000	1.29030000
0.92860000	1.21070000
1.11660000	1.17560000
1.03440000	1.11220000
0.76400000	1.04400000
0.77580000	1.03930000
0.71700000	0.96850000
0.52890000	0.93710000
0.42310000	0.90860000
0.35260000	0.88250000
0.29390000	0.85830000
0.31740000	0.83560000
0.32910000	0.81410000
0.28210000	0.79370000
0.44670000	0.81990000
0.38790000	0.75540000
0.23510000	0.73730000
0.18810000	0.71980000
0.16460000	0.70290000
1.36350000	0.68640000
2.42130000	0.72400000
1.01090000	0.67170000
0.69350000	0.67870000
0.51720000	0.62480000
0.41140000	0.62040000
0.32910000	0.59620000
0.25860000	0.58250000
0.32910000	0.61820000
0.28210000	0.57180000
0.24680000	0.54310000
0.18810000	0.53060000
0.16460000	0.51840000
0.29390000	0.57820000
1.04610000	1.11130000
0.54070000	0.78910000
0.31740000	1.25110000
0.39960000	1.91680000
0.97560000	3.98900000
0.61120000	1.72900000
0.38790000	1.79920000
0.35260000	1.53730000
0.37610000	1.88910000
0.67000000	1.38680000
1.75140000	3.63270000
0.94030000	3.42950000
0.81100000	2.13210000
1.63380000	2.64650000
0.97560000	3.28030000
0.69350000	2.04070000
0.51720000	1.74460000
0.39960000	1.48530000
0.31740000	1.28590000
0.29390000	1.14040000
0.45840000	1.07970000
0.44670000	0.91760000
0.32910000	0.84310000
0.54070000	0.82870000
0.65820000	0.73500000
0.35260000	0.69520000
0.25860000	0.66710000
0.18810000	0.63370000
0.32910000	0.66940000
1.23420000	2.46540000
0.63470000	2.48170000
0.39960000	1.45700000
0.28210000	1.27160000
0.21160000	1.09970000
0.17630000	0.96690000
0.15280000	0.86350000
0.14100000	0.79150000
0.12930000	0.71840000
0.12930000	0.73420000
0.15280000	0.62560000
0.14100000	0.59140000
0.11170000	0.56290000
0.09760000	0.53870000
0.08580000	0.54550000
0.14100000	0.51100000
0.11170000	0.50520000
7.32280000	3.70220000
13.51720000	16.93210000
5.23060000	11.66290000
2.71520000	3.76040000
1.82190000	3.43570000
1.34000000	2.78930000
1.03440000	2.29720000
0.79930000	1.92180000
0.64650000	1.63440000
9.43860000	1.45330000
25.97660000	15.46120000
7.86350000	11.71340000
3.93760000	3.72770000
2.57420000	3.26700000
1.85710000	2.69860000
1.39870000	2.26460000
1.08140000	1.93210000
0.89330000	1.67620000
0.74050000	1.47820000
0.63470000	1.32400000
21.27490000	2.18630000
14.34000000	16.83040000
5.81830000	11.06730000
3.56150000	3.93220000
2.72700000	3.43650000
2.40960000	3.45880000
1.93940000	2.60420000
1.58680000	2.66690000
1.31650000	2.26630000
1.12840000	1.95830000
0.95210000	1.72040000
0.81100000	1.53540000
0.74050000	1.39040000
0.64650000	1.27570000
0.57600000	1.18400000
0.56420000	1.16220000
0.98730000	2.01090000
1.04610000	3.14890000
1.38700000	1.85240000
1.85710000	3.11080000
1.48100000	1.99860000
2.11570000	4.02480000
4.43130000	6.94380000
4.27850000	5.73360000
3.10310000	2.90590000
2.50360000	2.80670000
3.54970000	3.38010000
4.27850000	5.31910000
3.15010000	2.62750000
2.69170000	2.59480000
2.58590000	2.22310000
2.53890000	3.18660000
3.25590000	2.08520000
2.69170000	1.91400000
2.30380000	2.08850000
2.02170000	1.81580000
2.05700000	1.61200000
6.24140000	1.48240000
8.79210000	8.51240000
5.33640000	6.05170000
3.86710000	2.70870000
2.99730000	2.38860000
2.43310000	2.04510000
2.04520000	1.78050000
1.77490000	1.57550000
2.83270000	3.23420000
3.78480000	4.93640000
2.97380000	2.20430000
2.56240000	2.44980000
2.25680000	2.08730000
2.02170000	1.81690000
2.13920000	1.61970000
2.95030000	2.80770000
4.49010000	4.62160000
3.83180000	4.05880000
3.23240000	2.45770000
2.77400000	2.38340000
2.87980000	2.06680000
6.57050000	8.04610000
4.79570000	5.23600000
3.72610000	2.95310000
6.46480000	4.54320000
5.18360000	4.36000000
3.93760000	2.72210000
12.10670000	9.05160000
8.38070000	7.55500000
5.30110000	3.38630000
3.87890000	2.95810000
3.04430000	2.50400000
2.69170000	2.17050000
3.87890000	4.02270000
4.29030000	5.18580000
4.43130000	2.48990000
7.00550000	6.43020000
8.86260000	8.23180000
6.75860000	3.31820000
5.01900000	3.39780000
3.90240000	2.85140000
3.16190000	2.43270000
2.71520000	2.11050000
2.48010000	1.86130000
2.18630000	1.66710000
2.04520000	1.51470000
1.66910000	1.39380000
1.70430000	1.29690000
1.86890000	1.21820000
12.92950000	9.30820000
10.73150000	7.36120000
5.87710000	2.96490000
4.21970000	2.63580000
3.22060000	2.24750000
2.63290000	1.94870000
2.44490000	1.71760000
2.09220000	1.53770000
1.91590000	1.39660000
2.35080000	4.82050000
2.77400000	4.15610000
2.69170000	2.35320000
4.05520000	3.06030000
7.82820000	5.21000000
6.94670000	4.26660000
6.35900000	3.29480000
5.93580000	5.21610000
5.57140000	4.33390000
4.34900000	2.75680000
3.53800000	2.53650000
3.00910000	4.07590000
2.59770000	3.98000000
10.19080000	9.89410000
7.08770000	8.19050000
4.98370000	3.61760000
3.82010000	3.14970000
2.93850000	2.65830000
2.58590000	2.28120000
2.40960000	1.99050000
2.06870000	1.76510000
1.81010000	1.58910000
1.58680000	1.45050000
1.41050000	1.34020000
1.91590000	1.25130000
1.59860000	1.17880000
1.39870000	1.11870000
1.42220000	1.06810000
1.64560000	1.02480000
1.68080000	0.98710000
1.30470000	0.95370000
1.15190000	0.92380000
1.08140000	0.89650000
1.06960000	0.87130000
1.02260000	0.84780000
0.94030000	0.82580000
1.09310000	0.80480000
1.39870000	0.78490000
2.43310000	0.79760000
4.88970000	1.54830000
11.35450000	7.28110000
6.42950000	4.35740000
4.53710000	2.47670000
3.52620000	2.20540000
5.51270000	1.89350000
9.82640000	5.75160000
8.06330000	4.16220000
6.98190000	3.64930000
4.70160000	2.47860000
3.57320000	2.53360000
2.97380000	2.15480000
5.01900000	1.86480000
11.58960000	9.89790000
6.68810000	8.35300000
4.92500000	3.14890000
3.79660000	2.99140000
3.03260000	2.50040000
2.55060000	2.12490000
2.37430000	1.83620000
2.15100000	1.61320000
1.52800000	1.43980000
1.46930000	1.30390000
1.29300000	1.19640000
1.58680000	1.11050000
1.52800000	1.04090000
1.82190000	0.98370000
6.85260000	0.97690000
5.31290000	0.90650000
3.86710000	0.86260000
3.25590000	0.89930000
2.77400000	0.85660000
2.49190000	0.82030000
2.16280000	0.78890000
1.95120000	0.76130000
1.93940000	0.73670000
1.82190000	0.71440000
1.84540000	0.69400000
2.25680000	0.67500000
2.99730000	0.65730000
3.09130000	0.64050000
3.16190000	0.62450000
11.08410000	2.76960000
22.92050000	17.37420000
9.68540000	12.20620000
7.68720000	6.92940000
8.62750000	11.33110000
26.44670000	21.70920000
19.15920000	33.98270000
10.67270000	21.01470000
7.88700000	9.19080000
6.07690000	5.76980000
11.53080000	7.88290000
9.46210000	13.16830000
7.34630000	8.13480000
7.46390000	4.80660000
6.35900000	4.04030000
4.91320000	3.42040000
4.32550000	3.00420000
3.59680000	2.57350000
2.91500000	2.28730000
2.44490000	2.06350000
2.12750000	1.88690000
2.08050000	1.77110000
1.81010000	1.63270000
1.52800000	1.53980000
1.32820000	1.46260000
1.17540000	1.39750000
1.08140000	1.34170000
0.99910000	1.29290000
0.91680000	1.24970000
0.85810000	1.21080000
1.04610000	1.23750000
2.99730000	3.49170000
3.37340000	5.60980000
3.27940000	2.26520000
4.96020000	3.49760000
6.86440000	4.15070000
4.98370000	2.60850000
3.92590000	2.34110000
17.27850000	7.93900000
14.81020000	9.94590000
8.11030000	5.00780000
5.41860000	3.22690000
3.96110000	2.76440000
3.09130000	2.36720000
2.57420000	2.06110000
2.22150000	1.82400000
2.01000000	1.65410000
1.66910000	1.49350000
1.44580000	1.37780000
3.16190000	1.28480000
1.91590000	1.20900000
1.58680000	1.15200000
1.44580000	1.11810000
3.10310000	1.14410000
2.57420000	1.01030000
2.10400000	1.62410000
1.81010000	1.44610000
1.58680000	1.30680000
7.99280000	5.21020000
8.35720000	6.97830000
5.21880000	2.46620000
3.85530000	2.62620000
3.52620000	2.25030000
3.67900000	2.50510000
3.10310000	1.86910000
2.57420000	2.09590000
2.12750000	1.80830000
1.81010000	1.58740000
1.50450000	1.41370000
1.28120000	1.27850000
1.08140000	1.17170000
0.94030000	1.08650000
1.05790000	1.05000000
0.95210000	0.98230000
0.78750000	0.91380000
0.64650000	0.87390000
0.57600000	0.88100000
0.57600000	0.80960000
0.49370000	0.83140000
0.49370000	0.79500000
0.79930000	0.76540000
0.51720000	0.92100000
0.37610000	1.13170000
0.32910000	1.03340000
0.74050000	0.94150000
0.65820000	0.85470000
0.41140000	0.79750000
0.31740000	0.74990000
0.24680000	0.71100000
0.22330000	0.67830000
0.19980000	0.65040000
0.19980000	0.62610000
0.18810000	0.60760000
0.17630000	0.58560000
0.14100000	0.56810000
0.11640000	0.55200000
0.09640000	0.53710000
0.10340000	0.52300000
0.17630000	1.27370000
0.19980000	3.74270000
0.22330000	4.61370000
0.17630000	5.19440000
0.15280000	2.32280000
0.11520000	2.48680000
0.08930000	2.04410000
0.07640000	1.71780000
0.11520000	1.44790000
6.57050000	15.98330000
2.37430000	12.02820000
1.18720000	3.76060000
0.74050000	3.28260000
0.52890000	2.69680000
0.55240000	2.25970000
0.65820000	1.96500000
1.38700000	1.68960000
1.12840000	2.61870000
1.61030000	2.75150000
1.29300000	3.06920000
1.43400000	2.00980000
2.08050000	2.89630000
1.76310000	2.04890000
3.54970000	2.29550000
2.01000000	1.91040000
1.29300000	1.83350000
0.94030000	1.59270000
0.84630000	1.43000000
0.62300000	1.26100000
0.51720000	1.15840000
0.77580000	1.12070000
0.74050000	1.00610000
3.83180000	2.77040000
2.52710000	4.63280000
1.70430000	1.90840000
1.93940000	2.25560000
1.15190000	1.90480000
0.77580000	1.63570000
0.57600000	1.42810000
0.90510000	1.28020000
0.61120000	1.15300000
0.52890000	1.07610000
0.84630000	1.01580000
0.61120000	0.89990000
0.39960000	0.97780000
0.29390000	0.90550000
0.22330000	0.84710000
0.21160000	0.79940000
1.38700000	0.83600000
1.72790000	0.76550000
0.90510000	0.69720000
0.69350000	1.19690000
0.70520000	1.02630000
0.71700000	1.19790000
0.51720000	1.03760000
0.38790000	0.93070000
0.30560000	0.84670000
0.24680000	0.78000000
0.23510000	0.72640000
2.11570000	2.85560000
4.03170000	7.14410000
1.98640000	3.82650000
1.39870000	2.32300000
1.28120000	1.96300000
1.97470000	3.21740000
1.37520000	2.03780000
1.01090000	2.25660000
0.77580000	1.88570000
0.61120000	1.60170000
0.48190000	1.38350000
0.37610000	1.21490000
0.30560000	1.08380000
0.24680000	0.98110000
0.19980000	0.89990000
0.17630000	0.83500000
0.15280000	0.78250000
0.12930000	0.73930000
0.11050000	0.70340000
0.09640000	0.67290000
0.08700000	0.64670000
0.08930000	0.62380000
0.09050000	0.60320000
0.09050000	0.58470000
0.07760000	0.56780000
0.07050000	0.55210000
0.06350000	0.53740000
0.05760000	0.52360000
0.05410000	0.51040000
0.04820000	0.49780000
0.04820000	0.48570000
0.07290000	0.52130000
0.24680000	0.46280000
0.16460000	0.45190000
0.12930000	0.47040000
0.15280000	0.43100000
0.10810000	0.42090000
0.08460000	0.41120000
0.07170000	0.40160000
0.06230000	0.39240000
0.05520000	0.38510000
0.22330000	0.45820000
2.59770000	5.77250000
1.57510000	4.91170000
0.74050000	1.94480000
0.45840000	1.83530000
0.34090000	1.51080000
0.28210000	1.25710000
0.23510000	1.06840000
0.18810000	0.92330000
0.16460000	0.81130000
0.15280000	0.72410000
0.12930000	0.65580000
0.12930000	0.60180000
0.11400000	0.55860000
0.10930000	0.52530000
0.12930000	0.56940000
0.23510000	1.16820000
0.39960000	1.41980000
0.70520000	4.73170000
1.10490000	8.95820000
1.35170000	4.58980000
1.25770000	2.71370000
1.18720000	2.25610000
1.11660000	1.86060000
1.52800000	1.55860000
2.20980000	1.32740000
2.32730000	1.16620000
1.76310000	1.01200000
1.41050000	0.90500000
1.17540000	0.82100000
1.02260000	0.75450000
0.95210000	1.19050000
0.94030000	0.87970000
12.45940000	10.95790000
10.12030000	11.57770000
5.52440000	4.91060000
3.67900000	3.17620000
2.78570000	2.63760000
2.32730000	2.19970000
2.26850000	1.86120000
3.79660000	3.81710000
5.61850000	6.15040000
3.74960000	3.95480000
2.93850000	2.48410000
2.42130000	2.12430000
2.06870000	1.80890000
1.95120000	1.59730000
1.68080000	1.37980000
1.61030000	1.64590000
1.32820000	1.43840000
1.28120000	1.27740000
1.35170000	1.15150000
3.22060000	8.28570000
39.61140000	14.66700000
17.98380000	17.48450000
7.73420000	10.07630000
4.98370000	4.68010000
3.51450000	3.94700000
10.26130000	3.25560000
8.33370000	2.72660000
5.11300000	2.32150000
3.60850000	2.01000000
2.75050000	1.76910000
2.42130000	1.58160000
1.92770000	1.43460000
1.81010000	1.31820000
1.57510000	1.22500000
1.35170000	1.14940000
1.03440000	1.08720000
1.10490000	1.03520000
1.21070000	0.99110000
1.11660000	0.95300000
0.94030000	0.91950000
0.89330000	0.88970000
0.70520000	0.86270000
0.75230000	0.83790000
0.86980000	0.81490000
0.85810000	0.79340000
0.84630000	0.77300000
2.08050000	0.76170000
7.49910000	2.98960000
4.23150000	3.28450000
3.47920000	1.83970000
8.20440000	9.76870000
6.37070000	8.50810000
4.67810000	3.19790000
3.87890000	2.91410000
4.12570000	3.01630000
7.61670000	11.73460000
7.73420000	11.12920000
6.91140000	7.21440000
5.16010000	5.25910000
3.77310000	3.51370000
2.97380000	3.00320000
2.77400000	2.53580000
3.27940000	2.91790000
3.64380000	3.85070000
4.59590000	5.07370000
3.38520000	3.99480000
9.68540000	6.83350000
5.55970000	5.48440000
4.12570000	3.19840000
4.38430000	2.76650000
16.57330000	9.04860000
8.48650000	7.65950000
5.58320000	4.29480000
4.90150000	4.38050000
5.12480000	3.01910000
5.26580000	4.18150000
6.25320000	4.43330000
4.87800000	5.73880000
3.71430000	3.05820000
2.97380000	3.17990000
2.67990000	2.69910000
3.58500000	2.92950000
5.70070000	5.45430000
4.67810000	4.86850000
3.59680000	2.91340000
3.02080000	2.84650000
3.15010000	2.45720000
3.60850000	2.12710000
5.23060000	3.07030000
3.69080000	3.93040000
2.99730000	2.41100000
2.49190000	2.14970000
2.09220000	1.89530000
1.77490000	1.69720000
1.75140000	1.54170000
1.50450000	1.41840000
1.34000000	1.31960000
1.17540000	1.23930000
1.29300000	1.17320000
1.45750000	1.12330000
3.26760000	4.39820000
3.40870000	3.79410000
2.50360000	2.14050000
2.36260000	1.90950000
1.96290000	1.67410000
1.73960000	1.49120000
1.63380000	1.35900000
1.46930000	1.23710000
1.31650000	1.14510000
1.28120000	1.07200000
0.91680000	1.01210000
1.23420000	0.96230000
1.12840000	0.95760000
1.44580000	1.59790000
2.69170000	1.14790000
1.85710000	1.46450000
1.59860000	1.36560000
1.58680000	1.21900000
1.39870000	1.10350000
1.29300000	1.01210000
1.49280000	0.96930000
1.72790000	1.40740000
1.85710000	1.06170000
1.76310000	1.41390000
1.84540000	1.25380000
7.75770000	3.51500000
5.25410000	3.52180000
3.80830000	2.03120000
3.07960000	1.75550000
2.48010000	1.50640000
2.04520000	1.31450000
1.77490000	1.16560000
1.59860000	1.04940000
1.44580000	0.95880000
1.24590000	0.88590000
1.19890000	0.82720000
1.21070000	0.77930000
1.12840000	0.73960000
1.06960000	0.70620000
1.44580000	0.67760000
3.73780000	0.73770000
4.52530000	3.69270000
5.37160000	4.67660000
6.62930000	4.42650000
4.96020000	2.16920000
4.00820000	2.22340000
4.32550000	1.86160000
3.62030000	1.55630000
2.93850000	1.61300000
2.98550000	1.42270000
12.69440000	8.41370000
8.46300000	9.39290000
5.34810000	2.97700000
3.86710000	3.04270000
2.97380000	2.50930000
2.51540000	2.12400000
2.46840000	1.79030000
9.29750000	4.73980000
6.77040000	3.93800000
5.55970000	2.34110000
5.27760000	2.03930000
3.84360000	1.72260000
3.02080000	2.12030000
2.51540000	1.82170000
3.76130000	2.53950000
4.78390000	4.61940000
3.71430000	2.15030000
3.03260000	2.18750000
3.05610000	1.90880000
2.60940000	1.64140000
2.18630000	1.63050000
1.84540000	1.84930000
1.58680000	1.60380000
1.37520000	1.41380000
1.21070000	1.26580000
1.15190000	1.14970000
1.03440000	1.05760000
0.91680000	0.99240000
0.82280000	0.92390000
0.74050000	0.87450000
0.90510000	0.87340000
0.79930000	0.79800000
0.68170000	0.76760000
0.84630000	0.74090000
2.15100000	1.55340000
1.62210000	2.34130000
1.42220000	1.43370000
1.44580000	1.30390000
1.36350000	1.12200000
1.29300000	1.63830000
1.23420000	1.40790000
1.32820000	1.24510000
1.44580000	1.07830000
1.23420000	1.25770000
1.10490000	1.10800000
0.96380000	0.99150000
0.84630000	0.90010000
0.74050000	0.82760000
0.75230000	0.77740000
1.30470000	0.81350000
1.10490000	0.68370000
0.84630000	0.92750000
0.68170000	0.83800000
1.24590000	0.76730000
2.84450000	0.71090000
1.62210000	0.72540000
1.85710000	0.68950000
1.64560000	0.61370000
1.35170000	1.08430000
1.76310000	0.97140000
1.43400000	0.83090000
1.31650000	1.21390000
2.03350000	1.08540000
1.57510000	0.91620000
1.30470000	0.81550000
1.22240000	0.77150000
1.01090000	0.67450000
0.78750000	0.62480000
0.64650000	0.58470000
0.51720000	0.55180000
0.41140000	0.52450000
0.32910000	0.50140000
0.29390000	0.48160000
0.44670000	0.51320000
0.42310000	0.44880000
0.52890000	0.46730000
0.39960000	0.49220000
0.41140000	2.94880000
9.16820000	7.00860000
11.08410000	12.81520000
25.50640000	15.09990000
14.34000000	14.67180000
6.31200000	8.41750000
3.92590000	4.40690000
2.62120000	3.66120000
1.86890000	2.99580000
1.50450000	2.48860000
1.30470000	2.13810000
6.91140000	2.56730000
11.14290000	9.71850000
5.27760000	6.83580000
3.27940000	3.12160000
2.29210000	2.70690000
1.65730000	2.28460000
1.28120000	1.96050000
1.31650000	1.75970000
11.08410000	2.36820000
11.34270000	10.64080000
7.55790000	9.80980000
4.84270000	3.38840000
3.09130000	3.48290000
2.10400000	2.89470000
4.10220000	2.47280000
4.46660000	2.13960000
2.51540000	1.83380000
8.33370000	1.69070000
5.63020000	1.49610000
3.43220000	1.65010000
2.45660000	1.76350000
2.15100000	1.58130000
1.55150000	1.40780000
1.23420000	1.28490000
1.05790000	1.18720000
0.94030000	1.10840000
0.75230000	1.04420000
0.58770000	0.99090000
0.45840000	0.94610000
0.36440000	0.90770000
0.30560000	0.87430000
0.24680000	0.84470000
0.22330000	0.81820000
0.18810000	0.83360000
1.38700000	0.82960000
1.26940000	0.77280000
0.64650000	0.76630000
0.45840000	0.71280000
0.36440000	0.95740000
0.30560000	0.88140000
0.24680000	0.82040000
0.19980000	0.77090000
0.18810000	0.73020000
0.16460000	0.69580000
0.12930000	0.66670000
0.11280000	0.64140000
0.17630000	0.68520000
0.48190000	0.65870000
0.29390000	0.58130000
0.17630000	1.05990000
0.12930000	0.93360000
0.10110000	0.83530000
0.08930000	0.75820000
0.08460000	0.69710000
0.07760000	0.67700000
0.07410000	0.62470000
0.17630000	0.58490000
4.30200000	3.83680000
1.45750000	4.12040000
0.98730000	2.77380000
0.79930000	1.87750000
0.59950000	2.13440000
4.88970000	7.17050000
3.10310000	6.11990000
1.85710000	2.76250000
1.32820000	2.35280000
0.97560000	1.95700000
0.72880000	1.65440000
0.56420000	1.42210000
0.44670000	1.24290000
0.50540000	1.15230000
0.99910000	1.02360000
0.77580000	0.90950000
0.56420000	0.84130000
0.44670000	0.78620000
0.35260000	0.74120000
0.30560000	0.71080000
0.24680000	0.67360000
0.21160000	0.64540000
0.19980000	0.62190000
0.23510000	0.63890000
0.37610000	0.61610000
0.71700000	1.02160000
0.51720000	0.77990000
0.34090000	1.12080000
0.29390000	0.97680000
0.45840000	0.93010000
0.64650000	1.88320000
2.36260000	4.54550000
1.93940000	3.48220000
1.26940000	2.06430000
0.97560000	1.75110000
1.62210000	2.03790000
3.24410000	5.18100000
3.97290000	8.03720000
3.42040000	4.83990000
2.48010000	2.89390000
1.95120000	2.50300000
1.63380000	2.08230000
1.89240000	1.82080000
1.77490000	1.51380000
1.44580000	1.91810000
1.23420000	1.63640000
1.08140000	1.41950000
6.51180000	1.30580000
9.61490000	8.92640000
4.79570000	6.14390000
3.77310000	2.71840000
3.20890000	2.33670000
2.59770000	2.14610000
2.20980000	1.82530000
1.88070000	1.57930000
1.61030000	1.38860000
1.42220000	1.24020000
1.63380000	1.14480000
8.31020000	7.33190000
6.84090000	6.31610000
4.47830000	2.60130000
3.36170000	2.41570000
2.85620000	2.04420000
3.77310000	2.52940000
3.29120000	1.83860000
2.69170000	2.23920000
2.29210000	1.90290000
1.96290000	1.64440000
1.72790000	1.44470000
2.06870000	1.32590000
2.25680000	1.18180000
1.96290000	1.40130000
1.81010000	1.50960000
3.92590000	3.48530000
3.92590000	3.57610000
3.54970000	2.11540000
2.87980000	1.92550000
18.10130000	7.94250000
12.57690000	10.80640000
6.98190000	5.33090000
4.80740000	3.29550000
3.69080000	2.79600000
2.87980000	2.34190000
2.43310000	2.03460000
2.17450000	1.76500000
1.92770000	1.55570000
1.68080000	1.39300000
1.49280000	1.26530000
1.34000000	1.16400000
1.21070000	1.08280000
1.11660000	1.01690000
1.04610000	0.96260000
1.37520000	0.95300000
2.73870000	1.88060000
1.76310000	2.66550000
1.51630000	1.62590000
1.34000000	1.45210000
1.18720000	1.28480000
1.15190000	1.15430000
0.94030000	1.05260000
0.72880000	0.97100000
0.91680000	0.90540000
0.96380000	0.85190000
0.85810000	0.83350000
0.83450000	1.55830000
0.86980000	1.05860000
0.76400000	1.22650000
0.70520000	1.08790000
0.63470000	0.97970000
0.61120000	0.89440000
0.59950000	0.82850000
0.55240000	0.77180000
0.51720000	0.72720000
1.12840000	0.72250000
7.25230000	5.99090000
3.00910000	3.80070000
2.16280000	2.14140000
2.90330000	2.62070000
2.60940000	3.20870000
2.02170000	2.04590000
1.78660000	1.76860000
1.69260000	2.42060000
1.78660000	1.63750000
4.27850000	2.51240000
3.71430000	3.50850000
2.82100000	2.11960000
2.40960000	1.98970000
6.81740000	3.95280000
7.61670000	6.43350000
5.28930000	2.50270000
8.82730000	6.26750000
7.15830000	5.20450000
4.83090000	3.09370000
3.53800000	2.62550000
3.09130000	2.20740000
3.97290000	2.71140000
4.93670000	4.62770000
4.52530000	2.26720000
5.84180000	3.27810000
4.86620000	3.97920000
3.79660000	2.49390000
3.24410000	2.15930000
2.58590000	1.85920000
2.15100000	1.62760000
2.69170000	1.44780000
2.56240000	1.30710000
2.13920000	1.19610000
1.89240000	1.10760000
1.61030000	1.03610000
1.81010000	0.97760000
1.66910000	0.92910000
1.39870000	0.88800000
1.48100000	0.85270000
1.37520000	0.82190000
1.39870000	0.79450000
1.23420000	0.76990000
1.09310000	0.74740000
0.94030000	0.72660000
0.82280000	0.70720000
0.65820000	0.68890000
0.55240000	0.67150000
0.49370000	0.65490000
0.45840000	0.63900000
0.42310000	0.62370000
0.39960000	0.60880000
0.38790000	0.59450000
0.37610000	0.58050000
1.41050000	0.56700000
1.76310000	0.55390000
1.64560000	0.54100000
1.41050000	0.52850000
1.29300000	0.51630000
1.23420000	0.50440000
1.17540000	0.49280000
4.34900000	0.51450000
6.22970000	0.51660000
4.99550000	1.54090000
3.51450000	0.90230000
3.44400000	0.85150000
3.86710000	0.75230000
3.23240000	0.67500000
2.75050000	0.61430000
3.06780000	0.56600000
30.91330000	11.99900000
12.22430000	11.31590000
6.67630000	3.16260000
4.53710000	3.12240000
3.44400000	2.55870000
2.84450000	2.10460000
2.59770000	1.75820000
2.40960000	1.49740000
2.66820000	1.31210000
5.54790000	3.28090000
5.07780000	4.63200000
4.40780000	3.36940000
8.08680000	9.10840000
12.45940000	21.91640000
19.04170000	20.65390000
12.69440000	9.95240000
6.95840000	5.27520000
4.78390000	4.37730000
6.34720000	3.59500000
6.72340000	5.51160000
5.28930000	8.54450000
4.79570000	5.35450000
4.12570000	3.42420000
3.45570000	2.94960000
2.80920000	2.50300000
2.38610000	2.17190000
2.05700000	1.91570000
2.62120000	2.45790000
2.48010000	1.81290000
2.06870000	2.18660000
1.90420000	1.93530000
1.82190000	1.73380000
1.56330000	1.54260000
1.41050000	1.44360000
1.26940000	1.32600000
1.15190000	1.23870000
1.16370000	1.16830000
1.08140000	1.10910000
1.03440000	1.05920000
0.96380000	1.01650000
1.26940000	0.97930000
5.74780000	5.09800000
4.32550000	4.30320000
4.19620000	2.34690000
22.21530000	12.39960000
12.81200000	14.46550000
6.85260000	6.54930000
5.34810000	4.03560000
4.07870000	3.39620000
3.27940000	2.84330000
2.63290000	2.41080000
2.18630000	2.08240000
1.85710000	1.82870000
1.82190000	1.64940000
1.79840000	1.47870000
1.68080000	1.35480000
5.83000000	2.03460000
5.68900000	3.11150000
4.25500000	1.90190000
3.34990000	2.05580000
2.70340000	1.83770000
2.28030000	1.61950000
2.36260000	1.50590000
2.48010000	1.81480000
2.15100000	1.41070000
2.12750000	1.73490000
1.85710000	1.49300000
1.61030000	1.88190000
1.42220000	1.63940000
1.26940000	1.45150000
1.11660000	1.30490000
0.97560000	1.18950000
0.83450000	1.09770000
0.70520000	1.02390000
0.61120000	0.96380000
0.62300000	0.91400000
1.25770000	0.95320000
1.28120000	0.88370000
1.63380000	3.35830000
1.25770000	1.39110000
1.03440000	1.75850000
0.86980000	1.51310000
0.72880000	1.32380000
1.35170000	1.19320000
1.10490000	1.06190000
0.78750000	0.97130000
0.61120000	0.89900000
0.54070000	0.84070000
0.47020000	0.79290000
0.36440000	0.75330000
2.71520000	0.71980000
2.39780000	0.72670000
2.96200000	0.66870000
2.20980000	0.65820000
3.70250000	1.11790000
2.53890000	1.79050000
1.84540000	1.16540000
1.30470000	1.23310000
0.97560000	1.07420000
0.88160000	0.95890000
0.65820000	0.85500000
0.48190000	0.77940000
0.38790000	0.71930000
0.75230000	0.71680000
1.55150000	0.69290000
2.84450000	3.79050000
1.59860000	2.71970000
1.03440000	1.63250000
0.71700000	1.40440000
0.54070000	1.20010000
5.25410000	6.48390000
2.87980000	5.50230000
1.75140000	2.37040000
1.26940000	2.03620000
0.96380000	1.70350000
0.82280000	1.49400000
0.82280000	1.25290000
0.58770000	1.10150000
0.79930000	0.99960000
0.89330000	0.95060000
1.28120000	0.84740000
0.89330000	0.76010000
0.62300000	1.00230000
0.45840000	0.89850000
0.35260000	0.81690000
0.68170000	0.84850000
0.88160000	3.49620000
0.68170000	1.36470000
0.44670000	1.79850000
0.31740000	1.51020000
0.25860000	1.28940000
1.19890000	1.22220000
2.05700000	6.36360000
1.08140000	3.60870000
0.71700000	2.16660000
0.51720000	1.84370000
0.43490000	1.56980000
0.35260000	1.33880000
0.59950000	1.24870000
1.08140000	1.04390000
5.00730000	4.40220000
2.45660000	3.55770000
1.51630000	2.08360000
1.08140000	1.78990000
0.91680000	1.52310000
0.76400000	1.36300000
0.61120000	1.19120000
1.23420000	4.87940000
2.30380000	6.48520000
1.51630000	2.34360000
1.45750000	2.46180000
2.31560000	2.03760000
1.38700000	1.71660000
0.95210000	1.47960000
0.72880000	1.29670000
0.54070000	1.15460000
0.42310000	1.04330000
0.39960000	0.99960000
0.41140000	0.88540000
0.32910000	0.82880000
0.24680000	0.78230000
0.21160000	0.74370000
0.18810000	0.71100000
0.15280000	0.68300000
0.11750000	0.65840000
0.10230000	0.63660000
0.08580000	0.61690000
0.10110000	0.59890000
0.63470000	0.69030000
0.38790000	0.56680000
0.19980000	0.77890000
0.69350000	0.78440000
1.90420000	1.99330000
2.60940000	4.17760000
1.44580000	3.18080000
0.85810000	1.99220000
0.55240000	1.68700000
0.37610000	1.42470000
0.28210000	1.22330000
0.22330000	1.06810000
0.17630000	0.94770000
0.15280000	0.85370000
0.12930000	0.77960000
0.11170000	0.72060000
0.09870000	0.67300000
0.08580000	0.63420000
0.07520000	0.60200000
0.06580000	0.57490000
0.05760000	0.55170000
0.05050000	0.53140000
0.04470000	0.51350000
0.04000000	0.49740000
0.04820000	0.48270000
4.29030000	5.91980000
3.51450000	14.63930000
1.31650000	7.85270000
0.97560000	3.46580000
4.03170000	7.00830000
2.18630000	5.68630000
1.41050000	3.35980000
0.99910000	2.81070000
0.75230000	2.32940000
0.57600000	1.96170000
0.43490000	1.67970000
0.35260000	1.46250000
0.29390000	1.29420000
0.24680000	1.16290000
0.19980000	1.05960000
0.17630000	0.97750000
0.15280000	0.94090000
0.17630000	0.91240000
0.19980000	0.81320000
0.15280000	0.77590000
0.12930000	0.74400000
0.10460000	0.71630000
0.09050000	0.69180000
0.08230000	0.66980000
0.07520000	0.64990000
0.07050000	0.63150000
0.06580000	0.61440000
0.06350000	0.59830000
0.05990000	0.58310000
0.05990000	0.56900000
0.05640000	0.55470000
0.06230000	0.56200000
0.07640000	0.52940000
0.09170000	0.51580000
0.09640000	0.50370000
0.08460000	0.49190000
0.07760000	0.48410000
0.07170000	0.46930000
0.07410000	0.46840000
0.08110000	0.48160000
0.07520000	0.43740000
0.08110000	0.42730000
0.07990000	0.45380000
0.27030000	3.44100000
10.69620000	19.69020000
6.28840000	18.96900000
4.03170000	10.49590000
2.82100000	4.66240000
2.03350000	4.30300000
1.62210000	3.48010000
1.32820000	2.85430000
1.12840000	2.37700000
0.97560000	2.01210000
0.85810000	1.73180000
0.75230000	1.51550000
0.69350000	1.34770000
1.45750000	1.72380000
1.44580000	1.31960000
1.14010000	1.59380000
1.02260000	1.40060000
1.15190000	1.81250000
1.06960000	1.37910000
1.75140000	2.41760000
7.73420000	5.89290000
7.91050000	6.52150000
13.39970000	12.00930000
8.00450000	8.12950000
4.86620000	3.80060000
3.72610000	3.24610000
3.39690000	3.41800000
3.22060000	2.54980000
2.71520000	2.74440000
2.39780000	2.32310000
2.44490000	2.01700000
1.99820000	1.74990000
1.76310000	1.61130000
1.70430000	1.47760000
3.42040000	5.68500000
2.99730000	3.79170000
2.50360000	2.32000000
2.09220000	2.03500000
1.77490000	1.76970000
1.81010000	1.56420000
10.42590000	4.88260000
6.20620000	4.14490000
4.32550000	2.40210000
3.22060000	2.10570000
2.59770000	1.82130000
3.70250000	1.60240000
10.26130000	3.88460000
16.57330000	15.52110000
10.46120000	11.82730000
6.82910000	4.08860000
7.69890000	4.93590000
9.45030000	7.33440000
5.93580000	3.70200000
6.46480000	7.11200000
5.64200000	6.06340000
4.10220000	3.72680000
3.31470000	3.18410000
2.73870000	2.70080000
2.38610000	2.32950000
2.10400000	2.04280000
5.57140000	1.84640000
7.99280000	5.91250000
4.46660000	4.24540000
3.38520000	2.57790000
2.77400000	2.27630000
2.35080000	2.03100000
4.44310000	5.39100000
3.84360000	4.68380000
3.54970000	2.72660000
3.05610000	2.38840000
2.59770000	2.46150000
2.13920000	2.12970000
1.76310000	1.87320000
1.95120000	1.67370000
5.47740000	2.17010000
6.94670000	7.80490000
4.85440000	5.14020000
3.82010000	2.94420000
3.10310000	2.55420000
15.16280000	12.40080000
9.90870000	13.08810000
5.78300000	6.05110000
4.24320000	3.95960000
3.23240000	3.34700000
2.58590000	2.82690000
2.23330000	2.42780000
2.01000000	2.12000000
1.72790000	1.88130000
1.46930000	1.69480000
1.03440000	1.54790000
1.23420000	1.43090000
1.41050000	1.33660000
1.10490000	1.25960000
0.89330000	1.19570000
0.94030000	1.14190000
0.91680000	1.09590000
0.82280000	1.05570000
0.89330000	1.02020000
4.61940000	1.00420000
4.23150000	0.96320000
3.94940000	0.93290000
5.54790000	0.90730000
3.96110000	0.88370000
5.92410000	0.86860000
12.34180000	20.65500000
11.06060000	19.82470000
9.00360000	10.30860000
5.50090000	6.40140000
4.01990000	4.29030000
3.11480000	3.57520000
2.24500000	2.98160000
2.17450000	2.52840000
2.17450000	2.21510000
2.06870000	1.91030000
1.76310000	2.04570000
1.58680000	1.80350000
1.45750000	1.62310000
1.84540000	2.03100000
1.98640000	2.87030000
1.52800000	1.86490000
1.45750000	1.97220000
1.58680000	1.73250000
3.29120000	1.57080000
3.24410000	1.40310000
2.83270000	1.58210000
2.92680000	1.42220000
4.40780000	1.29640000
3.38520000	1.19650000
2.98550000	1.11610000
2.73870000	1.05050000
2.36260000	0.99630000
2.90330000	0.95080000
19.15920000	0.97940000
33.85180000	25.12380000
11.54250000	17.64210000
6.72340000	6.26740000
5.94760000	6.98000000
5.17180000	4.07220000
3.91410000	4.00290000
3.47920000	3.34110000
3.05610000	2.80180000
2.67990000	2.69220000
2.42130000	2.63190000
3.51450000	2.98280000
4.91320000	6.82500000
4.20800000	4.82470000
3.45570000	2.94930000
3.18540000	2.56840000
7.64020000	4.22710000
5.04250000	4.12950000
4.10220000	2.58610000
3.50270000	2.28130000
2.92680000	1.99040000
2.40960000	1.76740000
2.08050000	1.59300000
2.11570000	1.45620000
4.33730000	1.39730000
5.67720000	1.28500000
4.18450000	1.20770000
3.54970000	2.24070000
3.10310000	1.55900000
2.57420000	1.73980000
2.23330000	1.53800000
4.39600000	3.74880000
4.70160000	5.19940000
13.28210000	8.53840000
9.94400000	9.15570000
5.93580000	5.17210000
4.13740000	3.39170000
3.32640000	2.87720000
2.87980000	2.43600000
4.74870000	2.17330000
3.59680000	1.83640000
3.18540000	1.92140000
2.72700000	1.66830000
2.32730000	1.84790000
2.01000000	1.61500000
1.73960000	1.58670000
1.55150000	1.43050000
2.53890000	1.39280000
2.57420000	2.43600000
2.19800000	1.54340000
1.92770000	1.47720000
1.77490000	1.33240000
1.62210000	1.21830000
1.71610000	1.15230000
1.49280000	1.07930000
3.63200000	1.60510000
6.62930000	5.51030000
4.67810000	3.73860000
4.17270000	2.28050000
3.47920000	1.96330000
2.70340000	1.74130000
2.26850000	1.52660000
1.85710000	1.35170000
1.59860000	1.21860000
1.48100000	1.11370000
4.45480000	1.08260000
20.92230000	9.40360000
14.45760000	11.09260000
9.62660000	4.92300000
16.10310000	8.44620000
16.33820000	12.08120000
8.98010000	6.55320000
5.54790000	4.00900000
8.40420000	6.83950000
7.73420000	8.66850000
7.21700000	5.57610000
7.84000000	4.76830000
11.75410000	10.11270000
9.79120000	8.66640000
6.45300000	5.46330000
4.52530000	3.80520000
3.49100000	3.48830000
2.71520000	2.94640000
2.03350000	2.52840000
1.73960000	2.25000000
1.68080000	1.98360000
1.42220000	1.77030000
1.10490000	1.60760000
1.01090000	1.48520000
0.95210000	1.41080000
0.86980000	1.34830000
0.89330000	1.23970000
3.63200000	4.60000000
4.87800000	7.32090000
2.70340000	4.34130000
1.86890000	2.72830000
1.58680000	2.37530000
1.26940000	2.05450000
0.96380000	1.80660000
0.81100000	1.63870000
0.64650000	1.46250000
1.05790000	1.34290000
0.79930000	1.27530000
0.99910000	1.21900000
0.49370000	1.10580000
0.61120000	1.10090000
0.52890000	1.00730000
0.35260000	0.96840000
0.29390000	0.93420000
0.30560000	0.90970000
0.45840000	0.92770000
1.26940000	1.36160000
0.74050000	1.05270000
0.42310000	1.40220000
0.29390000	1.24770000
0.23510000	1.12690000
0.21160000	1.05780000
0.32910000	1.01590000
0.44670000	0.92330000
0.45840000	1.88850000
0.38790000	1.23950000
0.28210000	1.58610000
0.21160000	1.37430000
0.23510000	1.25370000
0.67000000	1.12470000
2.86800000	2.22120000
1.45750000	1.43020000
3.12660000	5.19060000
3.47920000	7.26770000
1.93940000	4.13440000
1.23420000	2.71740000
0.97560000	2.29250000
2.06870000	2.00440000
1.22240000	1.65910000
0.83450000	1.44710000
0.59950000	1.28280000
0.44670000	1.15440000
0.34090000	1.05340000
0.25860000	0.97300000
0.22330000	0.96380000
0.24680000	0.87630000
0.56420000	1.30010000
0.52890000	2.14390000
0.32910000	1.37170000
0.22330000	1.56490000
0.19980000	1.35380000
0.19980000	1.19060000
0.16460000	1.06360000
0.14100000	0.96410000
0.14100000	0.91800000
0.14100000	0.85410000
0.18810000	0.83020000
0.25860000	3.00550000
0.19980000	1.26130000
0.16460000	1.56570000
0.17630000	1.38290000
0.15280000	1.19410000
0.11750000	1.03390000
0.10230000	0.96010000
0.09170000	0.87080000
0.08580000	0.80340000
0.07990000	0.74360000
0.07290000	0.69770000
0.07050000	0.69820000
0.07170000	0.63510000
0.06930000	0.62410000
0.06700000	0.57840000
0.06110000	0.55810000
0.05640000	0.54000000
0.05290000	0.52360000
0.04820000	0.50850000
0.04470000	0.49460000
0.04000000	0.48150000
0.03640000	0.46910000
0.03760000	0.45730000
0.03760000	0.49050000
0.06230000	0.47540000
0.11520000	0.81670000
0.23510000	1.42560000
0.14100000	0.93210000
0.10460000	0.98420000
0.10230000	0.84630000
0.08460000	0.74130000
0.06930000	0.65970000
0.05990000	0.59590000
0.05170000	0.54550000
0.05170000	0.52960000
0.04700000	0.48580000
0.04230000	0.44630000
0.05170000	0.44510000
0.15280000	0.47850000
0.09760000	0.38940000
0.08700000	0.87210000
0.07760000	0.74910000
0.06930000	0.65430000
0.06930000	0.59130000
0.06350000	0.52330000
0.05760000	0.47800000
0.05290000	0.44190000
0.04820000	0.41280000
0.04350000	0.38910000
0.04000000	0.36940000
0.03640000	0.35280000
0.03410000	0.33850000
0.03170000	0.32610000
0.02940000	0.31520000
0.02820000	0.32100000
0.03530000	0.33260000
0.04000000	0.34730000
0.04580000	0.29160000
0.10700000	0.60510000
0.09400000	0.57290000
0.09640000	0.53380000
0.11520000	0.44320000
0.12930000	0.55450000
0.09760000	0.48510000
0.07880000	0.43130000
0.06820000	0.38920000
0.05760000	0.35590000
0.05410000	0.34140000
0.04580000	0.30810000
0.04350000	0.29060000
0.04000000	0.27610000
0.03880000	0.26380000
0.03640000	0.25330000
0.03530000	0.24410000
0.03760000	0.23590000
0.04230000	0.25620000
0.04470000	0.23570000
0.04470000	0.21570000
0.04230000	0.20990000
0.04230000	0.20450000
0.04350000	0.19930000
0.04350000	0.19440000
0.04470000	0.18960000
0.05880000	0.22110000
0.14100000	0.22660000
0.19980000	0.17640000
0.15280000	1.20380000
0.12930000	1.97510000
0.10580000	1.22380000
0.09760000	1.01400000
0.09640000	1.43830000
0.11750000	2.06420000
0.27030000	1.31210000
0.19980000	1.08990000
0.15280000	0.90440000
0.11750000	0.76260000
0.10460000	0.65390000
0.10110000	0.57910000
0.09050000	0.50520000
0.08350000	0.45440000
0.07990000	0.41450000
0.07640000	0.38770000
0.17630000	0.80540000
1.22240000	4.34570000
0.69350000	2.92700000
2.10400000	5.34700000
0.94030000	3.72610000
0.64650000	2.34550000
0.47020000	1.93400000
0.41140000	1.59080000
0.38790000	1.32890000
0.42310000	1.12850000
0.39960000	0.97450000
0.89330000	0.85560000
10.33190000	0.76310000
3.57320000	0.69070000
2.19800000	0.63340000
1.70430000	0.58770000
1.44580000	0.55060000
1.39870000	0.52030000
2.05700000	0.49490000
1.77490000	0.47350000
1.41050000	0.45510000
1.31650000	0.43890000
1.49280000	0.42450000
1.22240000	0.41150000
1.29300000	0.39960000
1.28120000	0.38860000
1.15190000	0.37830000
9.12120000	0.96130000
22.68540000	15.97000000
24.91870000	27.13290000
8.43950000	15.87110000
4.93670000	5.44910000
3.98460000	5.33260000
5.87710000	15.92850000
16.57330000	22.01260000
9.43860000	16.07630000
6.52350000	11.24810000
6.39420000	12.06820000
4.52530000	8.34870000
3.26760000	5.23170000
2.49190000	4.45590000
2.33910000	3.71020000
3.46750000	4.26500000
2.92680000	5.03810000
2.99730000	3.91790000
2.86800000	2.98960000
2.63290000	4.02020000
2.24500000	4.65090000
1.97470000	3.02830000
1.59860000	2.64960000
1.55150000	2.86600000
1.37520000	2.48200000
1.28120000	2.20730000
1.72790000	4.75240000
2.48010000	5.14040000
18.80660000	13.74850000
12.22430000	15.73280000
6.33550000	7.79880000
6.94670000	4.67520000
18.92410000	7.70980000
8.52170000	6.76130000
5.25410000	4.06930000
3.77310000	3.50650000
2.86800000	2.99390000
2.02170000	2.59760000
1.64560000	2.29090000
1.46930000	2.05210000
1.29300000	1.86450000
1.17540000	1.71580000
1.10490000	1.59660000
1.03440000	1.49970000
1.15190000	1.41990000
1.29300000	1.35300000
1.35170000	1.29610000
1.23420000	1.24690000
1.66910000	1.20360000
6.98190000	1.20890000
6.67630000	4.38560000
4.01990000	3.34990000
2.89150000	2.11320000
2.55060000	1.96420000
2.16280000	1.74320000
1.83360000	1.56000000
1.51630000	1.43370000
1.31650000	1.33360000
1.25770000	1.23790000
1.55150000	1.16050000
2.57420000	1.76560000
5.10130000	4.30990000
4.50180000	6.41940000
5.85350000	8.76570000
7.99280000	11.60560000
4.83090000	6.76900000
3.57320000	3.95800000
2.85620000	3.35550000
2.32730000	2.80930000
1.91590000	2.39110000
1.97470000	2.07040000
4.30200000	2.72600000
3.20890000	3.47500000
2.76220000	2.20390000
2.39780000	1.96100000
1.91590000	1.73210000
1.77490000	1.55360000
1.79840000	1.41340000
1.62210000	1.30210000
2.73870000	1.88590000
5.75950000	4.55890000
4.32550000	3.77770000
3.32640000	2.32650000
2.50360000	2.26120000
2.30380000	1.94620000
2.02170000	1.70310000
1.77490000	1.52040000
1.71610000	1.36600000
1.82190000	1.24960000
1.88070000	1.16900000
1.64560000	1.08180000
1.43400000	1.02050000
1.31650000	0.96950000
1.23420000	0.92750000
1.19890000	0.89060000
2.12750000	0.93610000
3.31470000	3.18310000
4.29030000	4.06750000
3.94940000	1.85710000
3.19710000	2.15140000
2.63290000	1.82520000
2.18630000	1.57460000
1.86890000	1.38110000
1.63380000	1.23080000
1.42220000	1.11300000
1.31650000	1.02000000
4.52530000	1.03000000
6.65280000	3.03430000
8.01630000	7.04520000
7.28750000	4.25760000
6.17090000	2.55020000
4.68990000	2.16340000
3.79660000	1.98790000
3.17360000	1.72820000
7.67540000	1.98700000
9.96750000	4.57010000
5.90060000	3.67020000
5.70070000	2.92800000
6.04160000	4.86880000
4.65460000	2.45870000
4.03170000	2.70110000
4.46660000	2.30810000
8.35720000	4.83210000
7.06420000	3.82520000
5.00730000	2.45190000
3.87890000	2.12560000
3.39690000	1.85460000
2.97380000	1.60340000
2.50360000	1.41600000
2.16280000	1.33870000
1.91590000	1.21570000
2.73870000	1.19390000
4.27850000	2.19630000
3.90240000	2.47960000
4.51360000	4.76620000
4.56060000	3.64020000
3.60850000	2.32810000
2.90330000	2.00930000
2.38610000	1.72850000
1.98640000	1.51180000
1.92770000	1.34370000
2.62120000	1.31770000
2.22150000	1.11140000
2.67990000	1.59480000
4.30200000	3.45870000
9.19170000	8.87910000
8.53350000	7.78970000
7.99280000	6.10570000
9.19170000	7.68260000
6.66460000	5.19130000
10.62570000	7.28000000
7.17000000	7.28560000
4.92500000	3.64250000
3.70250000	3.37340000
2.83270000	3.08520000
2.28030000	2.60030000
2.02170000	2.28480000
2.48010000	1.94230000
2.38610000	1.84490000
1.99820000	1.59330000
1.64560000	2.09190000
1.38700000	1.82870000
1.16370000	1.62450000
0.98730000	1.46480000
0.83450000	1.33900000
0.69350000	1.23860000
0.71700000	1.18060000
2.10400000	3.21060000
3.03260000	6.19610000
2.39780000	5.04290000
3.76130000	3.98720000
2.60940000	2.62770000
2.35080000	2.81980000
1.93940000	2.32940000
1.48100000	2.61640000
1.25770000	2.26540000
1.28120000	1.97190000
2.01000000	5.67280000
2.59770000	5.21300000
1.84540000	2.55480000
1.41050000	2.61330000
2.03350000	2.25300000
1.79840000	1.92200000
1.38700000	1.71470000
3.02080000	2.38650000
2.24500000	3.38540000
1.64560000	2.07490000
1.26940000	2.03030000
1.03440000	1.76690000
1.39870000	1.63040000
2.23330000	2.26920000
1.46930000	1.62460000
1.35170000	2.69090000
1.12840000	2.04230000
0.86980000	2.25910000
0.68170000	2.05310000
0.52890000	1.77750000
0.42310000	1.56440000
0.34090000	1.39860000
0.28210000	1.26860000
0.22330000	1.16560000
0.18810000	1.08310000
0.15280000	1.01620000
0.14100000	0.96120000
0.27030000	0.96370000
0.42310000	0.91000000
0.41140000	0.84250000
0.44670000	1.33530000
1.73960000	5.11910000
0.77580000	3.49510000
0.45840000	2.11130000
0.32910000	1.82990000
0.25860000	1.60110000
0.32910000	1.37610000
1.21070000	1.30820000
0.75230000	1.10280000
0.45840000	1.61010000
0.30560000	1.39910000
0.25860000	1.26360000
0.30560000	1.10850000
0.44670000	1.08100000
0.41140000	0.92900000
0.27030000	0.99050000
0.25860000	0.95210000
0.25860000	0.84630000
0.22330000	0.82640000
0.28210000	0.75150000
0.21160000	0.71570000
6.28840000	11.73490000
3.59680000	10.31040000
1.85710000	3.17210000
1.42220000	3.06310000
2.93850000	2.56960000
2.89150000	5.25350000
3.17360000	5.76640000
11.98920000	8.71840000
8.72160000	10.39220000
4.36080000	6.06110000
2.91500000	3.75250000
2.15100000	3.15650000
1.59860000	2.63730000
1.17540000	2.24040000
0.92860000	1.93540000
0.72880000	1.69970000
0.64650000	1.53600000
0.71700000	1.41090000
0.67000000	1.27280000
0.55240000	1.16870000
0.56420000	1.09520000
0.37610000	1.03490000
0.42310000	0.98460000
0.29390000	0.94200000
0.32910000	0.94430000
0.42310000	0.91020000
0.48190000	0.86950000
1.14010000	1.36740000
0.79930000	1.06270000
0.52890000	1.43900000
0.38790000	1.26980000
0.31740000	1.13710000
0.24680000	1.03330000
0.21160000	0.95100000
0.25860000	0.89070000
0.25860000	0.84350000
0.19980000	0.78720000
0.15280000	0.75010000
0.12930000	0.71860000
0.11050000	0.69130000
0.09760000	0.66730000
0.08580000	0.64590000
0.07760000	0.62640000
0.08230000	0.69940000
0.08110000	0.59370000
0.11750000	0.60610000
1.02260000	0.58980000
0.56420000	0.58990000
0.30560000	0.92100000
0.21160000	0.82170000
0.16460000	0.74390000
0.14100000	0.68230000
0.11750000	0.63320000
0.10700000	0.63230000
0.14100000	0.56070000
0.12930000	0.53340000
0.10700000	0.51030000
0.09400000	0.49040000
0.09050000	0.48290000
0.08700000	0.47030000
0.08930000	0.44340000
0.09990000	0.50220000
4.60760000	2.37080000
11.09590000	16.53580000
3.89060000	11.11760000
2.29210000	3.65650000
2.20980000	3.13350000
2.53890000	2.53700000
1.88070000	2.09270000
1.46930000	1.76260000
1.12840000	1.49390000
0.90510000	1.29410000
0.74050000	1.13960000
0.75230000	1.04920000
0.77580000	0.92500000
0.61120000	0.85020000
1.24590000	1.32980000
1.43400000	0.99500000
1.10490000	1.35240000
0.95210000	1.17400000
0.88160000	1.03600000
1.51630000	0.98070000
3.67900000	3.47870000
2.71520000	1.45090000
2.25680000	1.84980000
1.88070000	1.57320000
1.85710000	1.75850000
1.63380000	1.49030000
1.42220000	1.28430000
1.29300000	1.12530000
10.75500000	6.53240000
7.11120000	8.80510000
4.01990000	4.22730000
3.04430000	2.74530000
6.07690000	5.92770000
4.58410000	4.86340000
3.30290000	2.90610000
2.72700000	2.46410000
3.69080000	4.08460000
3.49100000	3.89860000
2.79750000	2.44590000
2.29210000	2.10590000
1.93940000	1.80450000
1.63380000	1.57230000
1.41050000	1.39230000
1.23420000	1.25190000
1.08140000	1.14130000
0.96380000	1.05340000
0.97560000	1.01540000
1.49280000	2.54180000
1.77490000	2.56120000
1.41050000	1.61460000
1.21070000	1.43630000
1.08140000	1.26970000
0.97560000	1.13980000
0.89330000	1.03770000
0.96380000	0.98070000
1.71610000	0.91130000
1.30470000	0.83840000
1.14010000	1.12540000
1.05790000	1.01900000
1.03440000	0.94050000
0.96380000	0.85670000
0.89330000	0.94120000
0.86980000	0.88620000
0.81100000	0.80250000
0.75230000	1.07370000
1.23420000	1.71720000
2.31560000	3.90710000
2.36260000	1.72750000
8.92140000	6.59150000
5.41860000	7.78140000
3.94940000	2.96610000
3.00910000	3.04560000
2.42130000	2.50640000
2.13920000	2.09500000
9.21520000	8.23830000
9.02720000	8.41990000
4.81920000	3.17210000
3.49100000	3.12280000
3.23240000	2.65280000
5.33640000	7.17590000
4.46660000	7.19270000
3.76130000	3.21490000
2.89150000	3.13360000
2.48010000	2.61870000
2.35080000	2.22550000
1.99820000	1.92260000
1.68080000	1.68850000
1.48100000	1.50660000
1.35170000	1.36400000
1.29300000	1.25130000
1.57510000	1.16120000
3.67900000	1.10170000
3.24410000	1.03300000
2.69170000	0.97920000
2.12750000	1.00980000
1.97470000	0.95670000
1.99820000	0.91220000
2.71520000	0.87420000
2.26850000	0.84130000
1.96290000	0.81230000
1.82190000	0.78640000
1.70430000	0.76280000
1.58680000	0.74110000
1.46930000	0.72100000
1.35170000	0.70210000
1.23420000	0.68420000
1.17540000	0.66710000
1.12840000	0.65080000
1.09310000	0.63510000
1.05790000	0.61990000
1.03440000	0.60530000
1.01090000	0.59100000
1.38700000	0.57720000
5.93580000	0.59900000
12.57690000	6.11430000
8.29840000	5.35610000
7.00550000	4.57530000
8.81560000	5.03340000
6.67630000	3.87090000
5.73600000	2.57970000
5.28930000	5.02880000
52.65840000	20.20130000
15.28030000	16.03600000
7.89880000	6.91110000
5.25410000	4.56810000
3.69080000	3.85250000
3.10310000	3.17840000
2.52710000	2.66380000
2.33910000	2.26960000
2.16280000	1.96650000
1.77490000	1.73200000
1.49280000	1.54950000
1.43400000	1.40620000
1.37520000	1.29280000
1.29300000	1.20190000
1.16370000	1.12810000
1.29300000	1.06740000
1.11660000	1.01670000
0.98730000	0.97350000
1.03440000	0.93630000
0.98730000	0.90350000
0.92860000	0.87430000
0.91680000	0.84780000
0.84630000	0.82350000
0.79930000	0.80100000
0.79930000	0.77980000
0.82280000	0.75980000
0.81100000	0.74080000
0.95210000	0.72260000
1.10490000	0.70520000
1.61030000	0.68830000
1.79840000	0.67200000
1.59860000	0.65620000
1.63380000	0.64080000
1.81010000	0.62590000
1.91590000	0.61140000
1.69260000	0.59720000
1.30470000	0.58340000
1.18720000	0.56990000
1.11660000	0.55680000
1.17540000	0.54400000
1.18720000	0.53140000
1.16370000	0.51920000
1.28120000	0.50730000
1.90420000	0.49560000
3.96110000	0.48430000
8.51000000	0.47320000
20.33460000	1.02090000
38.90610000	19.26840000
18.80660000	18.63040000
11.98920000	9.81470000
10.36710000	6.27110000
7.54610000	5.41020000
6.89970000	4.85870000
7.41680000	7.59580000
7.56960000	8.74930000
8.51000000	11.00850000
19.04170000	26.30510000
13.04710000	31.37720000
8.11030000	17.87200000
7.28750000	10.49200000
9.93220000	23.17220000
7.28750000	17.05080000
5.65370000	6.41390000
7.67540000	9.91000000
6.44130000	12.16110000
4.85440000	8.52590000
4.23150000	8.09110000
4.49010000	12.31350000
4.17270000	12.86370000
3.36170000	8.99660000
2.44490000	5.00100000
2.80920000	5.01290000
2.52710000	4.36150000
2.62120000	3.69070000
3.31470000	3.26520000
2.69170000	3.09060000
2.30380000	2.75220000
2.04520000	2.46930000
1.82190000	2.24630000
1.65730000	2.06930000
1.45750000	1.92730000
1.19890000	1.81170000
1.19890000	1.75910000
1.10490000	1.63640000
1.02260000	1.56820000
0.92860000	1.50910000
0.74050000	1.45700000
0.62300000	1.41040000
0.56420000	1.36810000
0.51720000	1.33920000
0.57600000	1.36410000
0.81100000	1.29370000
2.25680000	2.53180000
2.04520000	1.76770000
1.63380000	2.03930000
1.39870000	1.82110000
1.22240000	1.64260000
1.51630000	1.55300000
3.33820000	3.49600000
3.59680000	3.65970000
2.64470000	2.03680000
2.06870000	1.83710000
1.65730000	1.63730000
1.83360000	1.50080000
1.55150000	1.35730000
1.25770000	1.25860000
1.19890000	1.17880000
16.69080000	1.18780000
24.56610000	13.67820000
8.62750000	10.92020000
6.24140000	3.50830000
4.63110000	3.03810000
15.04530000	7.75250000
9.25050000	9.30420000
8.95660000	8.52590000
6.08860000	5.84620000
4.70160000	3.50150000
3.85530000	2.96580000
3.32640000	2.56490000
2.51540000	2.18960000
2.01000000	1.91060000
1.58680000	1.70420000
1.51630000	1.54240000
4.86620000	1.49120000
6.13560000	2.14640000
3.50270000	1.50110000
3.25590000	1.68530000
5.51270000	1.57550000
3.90240000	1.41210000
2.51540000	1.49360000
1.98640000	1.63080000
1.57510000	1.43900000
1.34000000	1.31610000
1.49280000	1.24700000
1.05790000	1.11960000
0.91680000	1.05160000
1.31650000	1.04110000
0.91680000	0.94880000
0.85810000	0.90890000
6.58230000	4.64300000
4.51360000	4.00310000
2.98550000	2.02590000
2.12750000	1.80540000
1.71610000	1.56940000
1.29300000	1.36550000
1.03440000	1.22220000
0.91680000	1.11910000
0.70520000	1.02050000
0.52890000	0.94900000
0.42310000	0.92760000
0.37610000	0.84330000
0.32910000	0.84150000
0.27030000	0.76930000
0.21160000	0.73990000
0.24680000	0.76080000
0.64650000	0.73780000
0.38790000	0.67010000
0.23510000	0.81990000
0.16460000	0.76410000
0.12930000	0.71870000
0.11400000	0.68120000
0.09990000	0.64970000
0.08820000	0.62290000
0.07760000	0.59950000
0.07050000	0.57900000
0.06820000	0.56050000
0.10810000	0.62050000
0.14100000	0.52840000
0.11750000	0.51400000
0.16460000	1.27900000
4.43130000	7.89850000
1.32820000	4.33640000
0.63470000	2.24590000
0.41140000	1.91040000
0.32910000	1.63940000
4.23150000	1.40980000
4.14920000	5.34780000
6.06510000	8.11240000
4.47830000	9.17250000
2.75050000	5.02560000
1.84540000	2.97690000
1.28120000	2.50350000
0.98730000	2.11230000
0.71700000	1.76700000
0.52890000	1.52190000
0.44670000	1.33770000
0.42310000	1.24310000
0.32910000	1.07080000
0.30560000	1.02970000
0.31740000	0.90770000
0.24680000	0.88240000
0.22330000	0.82710000
0.22330000	0.83140000
0.21160000	0.76850000
0.17630000	0.71160000
0.14100000	0.68390000
0.11750000	0.65960000
0.10230000	0.63800000
0.10230000	0.61850000
0.10700000	0.63500000
0.09870000	0.58400000
0.09170000	0.56850000
0.10340000	0.59800000
0.09520000	0.54030000
0.10230000	0.52670000
0.12930000	0.51390000
0.86980000	1.30730000
0.36440000	0.81050000
0.19980000	1.34120000
0.16460000	1.18160000
0.24680000	0.99050000
0.22330000	0.89440000
0.52890000	3.09680000
0.99910000	3.13570000
0.54070000	1.67860000
0.34090000	1.44720000
0.23510000	1.22750000
0.17630000	1.05860000
0.14100000	0.92830000
0.11750000	0.82700000
0.09990000	0.74770000
0.08930000	0.68510000
0.08930000	0.66830000
0.10340000	0.59460000
0.08820000	0.56150000
0.07170000	0.53390000
0.06580000	0.52170000
0.06110000	0.49630000
0.05410000	0.47290000
0.04940000	0.45720000
0.04940000	0.46470000
0.04940000	0.43020000
0.04470000	0.41830000
0.04110000	0.40720000
0.04580000	0.39660000
0.05290000	0.47130000
0.05520000	0.37710000
0.05760000	0.36790000
0.05520000	0.35910000
0.04700000	0.35050000
0.04110000	0.34230000
0.03640000	0.33420000
0.03170000	0.32640000
0.02820000	0.32030000
0.02700000	0.31140000
0.03170000	0.36990000
0.54070000	3.56050000
0.79930000	2.76230000
0.36440000	2.06680000
0.90510000	6.04350000
0.50540000	4.03290000
0.28210000	2.29740000
0.24680000	1.95780000
0.51720000	4.26410000
1.57510000	5.92770000
1.68080000	4.17750000
0.90510000	2.45500000
0.58770000	2.24040000
0.43490000	1.85470000
0.34090000	1.56010000
0.28210000	1.33430000
0.24680000	1.16030000
0.85810000	1.10350000
1.64560000	2.33930000
1.18720000	2.48420000
0.92860000	1.55970000
0.72880000	1.79200000
0.61120000	1.51510000
0.51720000	1.30260000
0.44670000	1.13860000
0.38790000	1.01140000
0.34090000	0.91200000
0.29390000	0.83360000
0.27030000	0.77110000
0.25860000	0.79260000
1.32820000	8.91400000
1.65730000	7.40350000
1.03440000	2.47680000
0.79930000	2.40970000
0.68170000	1.99810000
0.58770000	1.68350000
0.49370000	1.44230000
0.44670000	1.25640000
1.38700000	3.10860000
2.66820000	4.98270000
1.96290000	2.00730000
1.55150000	2.28170000
1.32820000	1.90960000
1.26940000	1.65670000
1.17540000	1.40460000
1.03440000	1.77740000
0.90510000	1.52360000
0.78750000	1.32800000
0.72880000	1.17650000
0.70520000	1.07010000
0.82280000	0.98920000
1.92770000	3.05300000
1.92770000	3.18330000
1.55150000	1.77610000
1.32820000	1.89960000
1.16370000	1.61730000
1.03440000	1.39620000
0.96380000	1.22540000
0.86980000	1.11050000
0.77580000	1.00420000
1.17540000	3.20680000
1.56330000	1.36360000
1.22240000	1.78380000
1.08140000	1.51940000
1.59860000	3.37450000
28.68000000	18.50960000
10.01450000	12.58720000
5.60670000	4.07800000
3.91410000	3.53380000
3.07960000	2.90600000
2.46840000	2.42570000
2.06870000	2.05820000
1.85710000	1.77580000
1.70430000	1.55770000
1.56330000	1.38830000
1.43400000	1.25560000
1.81010000	1.15080000
1.95120000	1.06700000
1.64560000	0.99930000
1.51630000	0.94380000
1.39870000	0.89750000
1.26940000	0.85840000
1.17540000	0.82470000
1.10490000	0.79520000
1.04610000	0.76900000
0.97560000	0.74540000
0.92860000	0.72380000
0.90510000	0.70370000
0.85810000	0.68500000
0.85810000	0.66730000
0.85810000	0.65050000
0.91680000	0.63450000
0.96380000	0.61910000
1.02260000	0.60430000
1.08140000	0.58990000
1.83360000	0.57600000
5.91230000	0.56250000
12.57690000	0.54950000
7.51090000	0.53690000
4.76040000	0.52450000
3.53800000	0.51230000
2.75050000	0.50050000
2.37430000	0.48900000
1.96290000	0.47770000
1.66910000	0.46670000
1.36350000	0.45600000
1.16370000	0.44550000
1.05790000	0.43530000
0.96380000	0.42530000
0.88160000	0.41550000
0.83450000	0.40590000
0.78750000	0.39660000
0.75230000	0.38750000
0.94030000	0.37860000
1.32820000	0.37000000
1.76310000	0.36150000
1.53980000	0.35320000
1.32820000	0.34510000
1.14010000	0.33720000
1.01090000	0.32950000
2.06870000	0.32190000
2.05700000	0.31460000
2.24500000	0.30730000
1.84540000	0.30030000
1.55150000	0.29340000
1.41050000	0.28670000
1.35170000	0.28010000
1.51630000	0.27370000
7.12300000	2.24220000
6.67630000	2.51830000
4.44310000	1.34030000
3.78480000	1.38330000
3.77310000	1.14660000
3.16190000	0.95440000
2.76220000	0.80720000
2.17450000	0.69480000
2.02170000	0.60820000
1.68080000	0.54090000
1.62210000	0.48830000
1.56330000	0.44680000
1.50450000	0.41370000
1.45750000	0.38890000
1.39870000	0.36620000
1.78660000	0.40220000
4.70160000	5.50580000
8.61580000	6.32610000
5.32460000	3.57320000
5.71250000	3.13600000
12.10670000	10.18850000
7.14650000	7.36760000
5.39510000	3.19980000
13.39970000	11.20880000
9.99100000	11.40910000
6.37070000	5.67120000
14.92770000	20.72770000
16.69080000	26.77180000
8.27490000	13.93860000
5.43040000	6.11140000
4.00820000	5.02270000
3.26760000	4.11450000
22.09770000	13.74170000
11.04890000	11.44720000
6.72340000	4.57260000
6.73510000	3.88490000
21.27490000	7.41610000
14.81020000	11.02340000
8.33370000	6.62580000
7.35810000	5.06610000
5.77130000	5.61810000
4.47830000	5.20370000
3.93760000	4.78400000
3.71430000	3.57040000
3.54970000	5.50580000
5.81830000	15.70040000
4.46660000	11.43640000
7.55790000	4.73810000
9.67360000	8.90930000
6.47650000	8.32230000
11.03710000	9.79640000
7.76950000	7.56390000
5.31290000	4.35500000
4.12570000	3.69750000
3.22060000	3.15710000
2.70340000	2.73910000
2.31560000	2.41580000
2.15100000	2.18330000
2.08050000	1.96720000
1.96290000	1.80950000
1.84540000	1.68370000
3.05610000	3.50210000
11.87170000	9.88040000
8.41590000	7.44590000
5.87710000	3.37440000
4.46660000	3.06170000
4.40780000	2.69950000
5.11300000	6.53410000
4.07870000	4.70560000
5.65370000	3.58900000
14.22250000	10.20470000
7.74600000	7.89860000
5.16010000	3.65270000
12.22430000	3.17340000
12.34180000	5.08250000
6.89970000	5.05920000
4.81920000	3.00670000
3.66730000	2.63390000
2.87980000	2.30010000
2.48010000	2.04110000
6.14740000	2.86080000
4.86620000	3.66100000
3.83180000	2.23300000
3.31470000	2.05560000
3.12660000	1.83920000
12.81200000	11.08220000
8.73330000	8.31880000
5.39510000	3.41890000
3.98460000	2.99490000
3.15010000	2.57210000
2.53890000	2.22310000
3.20890000	2.00970000
3.57320000	1.76360000
3.29120000	1.59920000
2.82100000	1.48660000
2.51540000	1.40310000
2.15100000	1.28810000
1.81010000	1.22000000
1.56330000	1.21510000
1.58680000	1.11420000
1.99820000	1.69910000
2.03350000	1.26940000
1.98640000	1.68360000
2.13920000	3.06240000
3.06780000	2.97040000
8.89790000	7.91810000
5.40690000	6.04570000
4.32550000	2.84780000
3.78480000	2.63160000
2.96200000	2.22730000
2.46840000	1.97500000
2.08050000	1.70720000
1.90420000	1.52480000
1.51630000	1.36560000
1.82190000	2.03300000
4.38430000	2.85880000
2.96200000	1.71640000
2.12750000	1.66580000
1.63380000	1.47580000
1.26940000	1.32750000
1.04610000	1.21080000
0.81100000	1.11790000
0.62300000	1.04320000
1.59860000	1.04930000
1.09310000	0.93180000
0.70520000	0.88930000
0.56420000	0.86190000
0.45840000	0.82150000
0.37610000	0.79360000
0.34090000	0.79600000
0.44670000	0.78320000
0.41140000	0.72470000
0.29390000	0.70510000
0.22330000	0.68670000
0.18810000	0.66930000
0.16460000	0.67450000
0.15280000	0.66330000
3.66730000	1.39250000
11.58960000	8.16770000
5.01900000	4.55250000
2.98550000	2.47340000
1.99820000	2.08600000
1.55150000	1.90830000
1.23420000	1.60200000
0.99910000	1.38020000
1.37520000	1.23500000
1.72790000	1.10100000
1.59860000	0.97480000
1.09310000	0.88990000
0.79930000	0.82430000
0.59950000	0.77140000
0.45840000	0.72800000
0.54070000	0.75480000
1.55150000	1.32640000
0.94030000	0.93360000
0.58770000	1.36780000
0.43490000	1.17940000
0.58770000	1.09730000
0.51720000	0.92090000
0.34090000	0.89920000
0.31740000	0.83950000
0.27030000	0.74720000
0.21160000	0.69360000
0.16460000	0.65010000
0.12930000	0.61440000
0.11750000	0.58460000
0.10810000	0.55940000
0.14100000	0.53910000
0.15280000	0.59530000
0.15280000	0.50160000
0.11400000	0.48620000
0.16460000	0.49040000
0.22330000	0.45920000
0.17630000	0.45230000
0.22330000	1.28160000
0.15280000	2.11800000
0.11400000	1.20300000
0.09050000	1.04590000
0.07640000	0.89950000
0.06460000	0.78660000
0.05760000	0.69900000
0.05170000	0.63050000
0.04820000	0.57640000
0.04470000	0.53870000
0.04000000	0.49860000
0.03760000	0.47020000
0.05050000	0.52880000
0.06460000	0.46750000
0.08700000	1.37690000
0.11170000	0.81930000
0.11280000	0.96540000
0.08230000	0.82600000
0.06460000	0.71870000
0.05290000	0.70910000
0.05050000	0.60580000
0.05410000	1.72550000
0.04820000	1.03870000
0.04470000	1.13910000
0.05410000	0.96240000
0.07050000	0.86940000
0.11170000	0.72230000
0.18810000	1.21900000
0.24680000	0.84560000
0.12930000	1.21090000
0.11170000	1.02020000
0.15280000	0.91570000
0.11750000	0.76130000
0.09870000	0.68550000
0.08700000	0.60580000
0.11520000	0.55220000
0.09520000	0.50960000
0.07410000	0.47530000
0.06350000	0.44940000
0.05520000	0.42420000
0.05050000	0.42640000
0.11400000	0.44460000
6.61760000	13.23550000
5.50090000	14.35760000
1.77490000	5.66290000
1.02260000	3.42310000
0.67000000	2.81290000
0.45840000	2.29560000
0.34090000	1.93770000
0.28210000	1.60040000
0.22330000	1.36960000
0.18810000	1.19310000
0.16460000	1.07060000
0.15280000	0.94660000
0.12930000	0.86210000
0.11400000	0.79500000
0.12930000	0.77850000
0.18810000	0.70890000
0.18810000	0.66630000
0.16460000	0.63040000
0.17630000	0.64120000
0.22330000	0.60270000
0.54070000	0.56180000
0.55240000	1.36680000
0.56420000	2.33700000
0.43490000	1.39030000
0.42310000	1.46050000
0.38790000	1.39980000
1.43400000	2.98690000
2.56240000	4.58060000
4.19620000	3.41000000
2.91500000	2.14170000
1.95120000	2.10570000
1.41050000	1.75580000
1.08140000	1.48810000
0.84630000	1.28250000
0.68170000	1.12380000
0.56420000	1.00050000
1.51630000	1.43040000
3.62030000	4.66730000
8.23960000	7.96200000
5.77130000	7.08310000
3.42040000	2.79690000
2.46840000	2.80180000
1.90420000	2.31390000
1.59860000	1.94140000
1.90420000	1.70350000
2.05700000	1.45470000
1.92770000	1.50720000
1.64560000	1.71090000
1.41050000	1.47800000
1.21070000	1.30200000
1.04610000	1.15820000
1.41050000	1.07240000
3.82010000	1.71670000
3.09130000	1.21570000
2.64470000	1.71790000
2.65640000	1.47510000
2.49190000	1.28970000
2.23330000	1.89250000
2.08050000	4.48990000
1.85710000	1.88610000
1.56330000	2.22720000
1.29300000	1.87040000
1.12840000	1.59700000
0.98730000	1.38650000
0.88160000	1.22360000
0.85810000	1.10810000
0.78750000	0.99800000
0.68170000	0.91890000
0.63470000	0.87140000
0.59950000	0.80290000
0.58770000	0.77140000
4.07870000	2.68630000
8.58050000	8.45870000
5.04250000	4.53710000
3.63200000	2.55960000
3.00910000	2.19300000
3.30290000	2.61030000
4.53710000	3.01570000
12.69440000	9.23110000
9.66190000	7.16710000
5.90060000	3.14440000
4.20800000	2.84700000
3.26760000	2.37140000
2.64470000	2.00760000
8.68630000	5.30220000
7.60490000	7.29810000
4.79570000	2.72530000
3.78480000	2.92350000
3.11480000	2.44400000
2.66820000	2.07700000
2.40960000	1.79480000
4.52530000	2.17320000
17.86620000	7.90670000
15.04530000	5.26660000
7.56960000	2.88830000
4.96020000	2.50240000
3.59680000	2.12860000
2.80920000	1.84130000
2.32730000	1.61910000
2.19800000	1.44640000
2.12750000	3.32880000
2.06870000	7.70350000
1.78660000	4.56880000
1.57510000	2.68170000
1.36350000	2.34710000
1.26940000	2.00810000
1.41050000	1.76510000
2.40960000	4.38340000
6.69980000	8.89130000
5.27760000	5.45600000
3.83180000	3.09690000
2.95030000	2.66830000
2.95030000	2.26930000
4.77220000	5.60070000
3.24410000	4.83400000
2.70340000	2.73250000
2.96200000	2.40100000
3.02080000	2.05310000
3.20890000	1.97570000
2.60940000	1.71490000
2.18630000	2.10010000
1.96290000	1.82740000
1.65730000	1.61610000
1.82190000	1.47300000
2.51540000	2.42320000
2.18630000	1.57360000
2.11570000	1.59860000
1.93940000	1.42830000
3.23240000	4.44820000
4.58410000	3.83070000
3.34990000	2.18560000
2.69170000	1.93840000
2.13920000	1.68590000
4.93670000	1.49040000
13.86990000	2.00700000
8.13380000	2.69810000
5.75950000	1.71070000
6.44130000	2.55760000
6.77040000	3.83510000
5.13650000	2.21270000
5.11300000	4.54470000
3.90240000	4.51100000
3.22060000	5.11520000
6.45300000	11.93260000
5.70070000	8.28710000
3.85530000	3.80570000
2.92680000	3.35840000
2.38610000	2.80430000
2.19800000	2.38510000
3.05610000	2.09380000
3.16190000	1.80400000
2.69170000	2.28270000
2.95030000	2.00930000
2.63290000	1.73880000
2.26850000	2.07990000
2.02170000	1.81570000
1.75140000	1.61180000
1.50450000	1.45170000
1.39870000	1.32560000
1.06960000	1.22520000
0.94030000	1.14430000
0.82280000	1.07830000
0.70520000	1.02360000
2.60940000	0.98640000
7.87530000	3.24310000
5.12480000	3.36980000
3.83180000	1.91300000
3.00910000	1.69560000
2.46840000	1.62000000
2.18630000	1.42700000
3.02080000	2.06510000
4.77220000	6.16540000
4.99550000	5.76740000
3.57320000	2.57150000
3.03260000	2.69040000
2.87980000	2.25700000
6.42950000	1.94790000
19.62940000	14.12860000
8.99190000	11.04580000
17.27850000	9.82600000
9.33280000	8.11310000
5.75950000	4.03630000
4.03170000	3.42940000
3.51450000	2.86700000
3.83180000	2.48650000
5.87710000	5.27500000
4.58410000	4.12750000
3.62030000	2.59450000
2.90330000	2.27610000
2.53890000	1.99880000
2.10400000	1.75450000
1.77490000	1.57680000
1.56330000	1.44020000
1.35170000	1.32610000
1.21070000	1.23910000
9.20350000	1.22630000
8.06330000	1.13110000
5.85350000	2.10120000
3.98460000	1.36100000
3.15010000	1.43700000
3.32640000	1.35820000
6.57050000	7.20510000
4.51360000	5.83780000
3.39690000	2.53650000
2.76220000	2.35600000
2.39780000	2.03810000
1.96290000	1.74240000
1.71610000	1.55930000
1.46930000	1.37530000
1.43400000	1.28040000
1.23420000	1.14900000
1.12840000	1.07650000
1.23420000	1.01890000
1.04610000	0.95010000
0.89330000	0.90520000
0.79930000	0.86700000
0.72880000	0.83390000
0.64650000	0.80490000
0.57600000	0.77890000
0.54070000	0.75640000
0.49370000	0.73910000
0.45840000	0.71370000
0.41140000	0.69490000
0.37610000	0.67710000
0.35260000	0.66010000
0.38790000	0.67140000
0.72880000	0.68670000
0.56420000	0.61330000
0.48190000	0.59870000
0.59950000	0.61940000
1.01090000	0.61440000
1.25770000	2.11330000
1.77490000	1.16660000
8.34540000	5.35850000
10.16730000	6.78740000
5.66550000	2.49300000
5.73600000	3.09540000
4.38430000	2.28910000
7.24050000	2.94000000
6.99370000	4.57520000
5.19530000	2.34320000
3.78480000	2.45290000
3.06780000	2.08800000
2.59770000	1.78340000
2.17450000	1.50060000
2.42130000	1.93030000
2.46840000	1.68900000
2.20980000	1.43510000
1.75140000	1.55660000
1.38700000	1.36020000
1.12840000	1.20790000
4.63110000	1.66490000
10.20260000	9.56520000
5.60670000	6.54380000
3.70250000	2.78310000
2.76220000	2.44710000
2.12750000	2.03230000
1.65730000	1.73790000
1.30470000	1.51120000
1.09310000	1.34720000
3.20890000	1.22020000
5.28930000	1.16330000
3.02080000	2.34560000
2.09220000	1.44070000
1.64560000	1.84670000
1.39870000	1.59390000
1.14010000	1.38390000
1.22240000	1.30180000
0.97560000	1.10570000
0.77580000	1.01200000
1.19890000	0.99490000
0.86980000	0.87280000
0.65820000	0.92020000
0.52890000	0.86230000
0.49370000	0.82220000
0.74050000	0.78300000
0.67000000	0.72530000
0.48190000	0.69480000
0.35260000	0.66840000
0.28210000	0.64510000
0.25860000	0.65100000
0.35260000	0.63050000
0.35260000	0.58820000
0.22330000	0.57210000
0.17630000	0.55700000
0.15280000	0.54280000
0.15280000	0.56520000
0.14100000	0.55880000
0.14100000	0.50370000
0.11750000	0.49170000
0.11750000	0.53600000
0.30560000	0.46870000
0.15280000	0.45770000
0.11280000	0.44700000
0.08930000	0.43660000
0.07760000	0.42650000
0.06930000	0.41660000
0.06460000	0.40700000
0.09050000	0.44540000
0.14100000	0.39950000
0.15280000	0.39860000
0.11750000	0.37070000
0.09400000	0.36660000
0.07520000	0.35390000
0.06230000	0.34570000
0.05290000	0.33770000
0.04700000	0.33000000
0.04230000	0.36150000
0.03880000	0.31500000
0.03410000	0.30770000
0.03060000	0.30060000
0.03640000	0.32610000
0.04350000	0.32790000
0.04580000	0.33000000
0.21160000	3.99400000
0.34090000	2.36330000
0.15280000	1.40950000
0.11750000	1.23190000
0.15280000	2.58940000
0.30560000	5.36680000
0.32910000	3.33460000
0.19980000	2.06260000
2.17450000	1.86670000
4.60760000	3.34300000
1.29300000	3.10910000
3.27940000	2.77550000
4.14920000	3.66370000
1.96290000	2.23570000
1.19890000	2.24060000
1.09310000	1.87680000
10.81380000	4.83730000
3.26760000	3.90530000
1.93940000	2.29870000
1.50450000	1.95640000
1.65730000	1.66000000
4.19620000	3.41360000
3.77310000	3.27080000
1.90420000	1.98870000
1.25770000	1.71770000
0.98730000	1.49390000
0.79930000	1.30100000
0.57600000	1.14000000
0.42310000	1.02610000
0.34090000	0.95910000
0.28210000	0.86510000
0.27030000	0.80770000
0.23510000	0.76080000
0.21160000	0.72660000
0.19980000	0.68920000
0.19980000	0.74470000
0.21160000	0.63690000
0.15280000	0.61530000
0.12930000	0.59600000
0.11750000	0.58620000
0.36440000	0.56210000
0.34090000	0.54690000
0.21160000	0.53680000
0.18810000	0.52200000
0.14100000	0.50620000
0.11520000	0.49390000
0.09640000	0.48200000
0.08580000	0.47050000
0.08350000	0.46800000
0.27030000	0.51200000
0.25860000	0.45200000
0.63470000	1.00870000
0.83450000	1.79520000
0.43490000	1.08730000
0.37610000	1.07480000
0.38790000	0.97980000
0.29390000	0.80110000
0.21160000	1.08350000
0.16460000	0.92800000
0.14100000	0.80810000
0.11750000	0.71530000
0.10340000	0.64280000
0.09170000	0.58580000
0.08580000	0.54050000
7.69890000	5.25170000
6.80560000	12.87930000
2.70340000	7.13900000
1.64560000	3.15040000
1.16370000	2.64580000
0.86980000	2.16560000
0.67000000	1.79960000
0.54070000	1.51970000
0.51720000	1.33510000
0.45840000	1.13950000
0.48190000	1.03440000
1.62210000	1.76450000
0.99910000	2.62150000
0.74050000	1.57690000
2.83270000	3.65390000
3.51450000	4.99430000
2.08050000	2.20590000
1.58680000	2.21180000
1.30470000	1.84940000
1.12840000	1.57840000
1.15190000	1.37800000
1.29300000	1.23250000
1.14010000	1.06560000
0.96380000	1.49720000
0.83450000	1.29810000
0.72880000	1.14410000
0.65820000	1.02420000
0.65820000	0.93970000
0.68170000	0.86430000
0.58770000	0.79570000
0.54070000	0.74720000
1.24590000	0.76460000
1.14010000	0.67370000
0.91680000	0.96600000
0.79930000	0.86950000
0.74050000	0.79340000
0.67000000	0.73290000
0.61120000	0.68420000
0.56420000	0.64440000
0.52890000	0.61150000
0.51720000	0.60160000
0.71700000	0.61970000
1.18720000	9.36080000
1.43400000	5.86490000
1.39870000	2.43320000
1.52800000	2.08480000
1.73960000	1.73390000
1.99820000	1.46570000
2.53890000	1.25970000
2.58590000	1.10090000
2.60940000	0.97770000
2.48010000	0.88140000
2.44490000	0.80550000
3.00910000	0.75500000
7.61670000	2.43150000
22.45040000	2.52060000
23.97840000	2.40870000
9.86170000	1.67470000
5.87710000	2.01980000
4.11390000	1.68600000
3.11480000	1.43050000
2.57420000	1.23430000
2.24500000	1.08270000
2.06870000	0.96490000
1.98640000	0.87270000
1.79840000	0.79990000
1.69260000	0.74170000
1.97470000	0.69620000
1.63380000	0.65600000
1.39870000	0.62380000
1.46930000	0.62510000
1.44580000	0.57420000
1.19890000	0.55360000
1.05790000	0.53530000
0.98730000	0.52070000
0.94030000	0.50300000
1.29300000	0.50380000
1.58680000	0.47600000
1.57510000	0.47030000
1.41050000	0.45200000
1.31650000	0.45090000
1.32820000	0.43250000
2.93850000	2.08460000
5.93580000	3.55830000
8.80380000	4.19790000
5.38340000	3.16920000
3.73780000	2.01360000
2.83270000	1.68490000
2.29210000	1.40780000
2.03350000	1.20420000
1.88070000	1.03970000
3.52620000	1.74030000
3.96110000	4.15050000
3.26760000	1.74440000
9.74420000	1.94430000
5.63020000	1.61890000
4.07870000	1.37010000
3.44400000	1.17900000
4.40780000	1.03180000
4.78390000	0.92340000
4.32550000	0.83020000
3.40870000	0.75760000
3.00910000	0.70100000
2.50360000	0.65560000
2.22150000	0.61840000
2.03350000	0.58750000
1.78660000	0.56140000
1.46930000	0.53910000
1.23420000	0.51960000
1.16370000	0.50230000
1.08140000	0.48670000
1.03440000	0.47240000
0.97560000	0.45930000
1.15190000	0.44700000
2.75050000	0.43540000
4.39600000	0.43040000
12.34180000	3.70300000
14.81020000	10.42490000
11.68360000	12.98210000
14.34000000	14.18720000
20.56970000	17.82960000
11.87170000	11.87080000
6.79390000	5.06390000
4.64290000	4.49980000
3.58500000	3.65540000
2.83270000	3.01290000
2.16280000	2.52250000
1.75140000	2.14700000
1.89240000	1.85890000
1.99820000	1.63570000
2.29210000	1.46200000
2.52710000	1.32580000
2.76220000	1.21790000
6.84090000	1.69510000
14.69260000	7.47850000
34.90970000	24.36550000
10.53170000	16.07990000
6.08860000	5.21170000
4.59590000	4.48170000
3.44400000	3.68450000
2.96200000	3.07240000
2.50360000	2.60420000
2.13920000	2.24460000
1.93940000	1.96690000
1.86890000	1.75130000
1.85710000	1.58250000
2.39780000	1.44920000
4.17270000	1.35000000
3.44400000	1.26480000
2.87980000	1.18820000
2.42130000	1.12830000
2.15100000	1.07850000
1.66910000	1.03590000
1.52800000	0.99870000
1.43400000	0.96560000
1.45750000	0.93580000
1.35170000	0.90850000
1.29300000	0.88330000
1.22240000	0.85980000
1.15190000	0.83750000
1.09310000	0.81660000
1.31650000	0.79640000
2.02170000	0.81020000
2.02170000	0.76450000
1.79840000	0.74120000
1.62210000	0.72290000
1.48100000	0.70600000
1.42220000	0.68950000
1.36350000	0.67350000
1.62210000	0.65780000
1.46930000	0.64260000
1.35170000	0.62780000
1.28120000	0.61330000
1.97470000	0.59920000
3.65550000	0.59870000
11.15470000	5.97930000
8.12210000	5.43030000
5.00730000	2.17290000
3.83180000	1.99160000
4.54880000	1.68160000
10.06150000	15.24890000
7.53440000	15.33730000
7.31110000	7.64100000
6.44130000	4.02700000
4.84270000	3.69330000
3.70250000	3.02950000
3.00910000	2.52350000
2.59770000	2.13640000
2.33910000	1.83920000
2.01000000	1.60980000
1.75140000	1.43180000
1.57510000	1.29250000
1.46930000	1.18270000
1.61030000	1.09500000
3.24410000	1.04310000
9.49730000	4.93540000
7.34630000	4.13070000
4.91320000	2.27360000
3.78480000	1.98910000
3.54970000	1.74540000
3.92590000	3.55360000
4.18450000	3.57830000
6.37070000	2.14400000
8.34540000	1.93550000
7.51090000	1.67090000
5.46570000	1.46650000
13.63480000	3.37910000
7.85170000	3.32040000
4.94850000	2.00200000
4.17270000	1.78520000
4.05520000	1.57390000
3.58500000	2.38970000
3.02080000	1.60100000
3.33820000	1.84040000
6.84090000	3.78010000
4.11390000	3.69760000
3.25590000	2.22250000
2.70340000	1.93390000
2.29210000	1.66780000
2.08050000	1.48770000
1.72790000	1.30280000
1.48100000	1.17780000
1.43400000	1.10460000
1.64560000	1.05000000
1.49280000	0.93690000
1.30470000	0.93500000
1.15190000	0.88010000
1.04610000	0.83470000
0.95210000	0.79650000
0.86980000	0.76380000
0.83450000	0.73550000
4.36080000	0.81380000
9.23870000	6.70790000
7.78120000	5.32990000
4.86620000	2.25340000
7.84000000	2.72090000
7.35810000	4.36410000
5.04250000	2.22950000
3.79660000	2.33550000
2.97380000	1.95920000
2.51540000	1.67120000
3.44400000	1.50700000
3.12660000	1.30690000
2.55060000	1.17040000
2.30380000	1.09020000
2.44490000	1.25940000
2.79750000	1.15050000
6.74690000	1.07940000
4.37250000	0.97020000
3.59680000	0.87730000
2.86800000	0.85830000
2.32730000	0.80420000
1.92770000	0.75970000
1.56330000	0.72270000
1.28120000	0.69130000
1.03440000	0.66430000
0.82280000	0.64060000
0.79930000	0.61960000
2.17450000	1.31290000
1.45750000	0.89950000
0.99910000	1.37780000
0.83450000	1.18620000
1.10490000	1.11440000
1.64560000	3.72480000
1.16370000	1.52290000
4.98370000	2.33900000
11.98920000	5.93980000
7.09950000	4.09550000
21.74510000	2.49300000
18.80660000	8.82140000
7.80470000	7.06350000
4.86620000	3.16700000
7.61670000	2.74000000
6.19440000	2.25300000
7.64020000	2.76740000
4.52530000	3.35800000
3.13830000	2.13670000
2.30380000	1.85430000
1.73960000	1.60320000
1.49280000	1.40900000
1.79840000	1.29470000
1.36350000	1.13970000
1.06960000	1.05640000
1.64560000	1.01620000
1.53980000	0.94600000
1.10490000	0.86420000
0.84630000	0.83400000
0.75230000	0.80120000
0.74050000	0.76650000
1.10490000	0.78380000
1.03440000	0.70920000
0.77580000	1.22890000
0.61120000	1.06210000
0.72880000	1.00950000
0.65820000	0.89080000
0.48190000	1.07550000
0.62300000	1.77040000
1.29300000	2.63280000
1.21070000	1.63940000
0.75230000	1.70650000
0.56420000	1.59190000
0.43490000	1.47680000
0.36440000	1.33330000
1.16370000	1.14520000
1.16370000	0.99830000
0.70520000	1.76890000
1.01090000	2.81160000
2.53890000	5.21370000
4.51360000	5.42190000
2.78570000	3.68240000
1.86890000	2.45440000
1.37520000	2.18200000
1.22240000	1.83650000
2.78570000	3.56020000
1.96290000	3.40240000
1.38700000	2.09880000
1.09310000	1.82180000
1.37520000	1.61320000
1.34000000	1.37740000
0.97560000	1.21280000
0.78750000	1.09430000
0.62300000	0.99990000
0.54070000	0.94930000
0.50540000	0.87240000
0.62300000	0.86380000
1.32820000	2.92630000
6.15920000	4.30860000
6.42950000	5.56750000
5.53620000	7.07370000
3.49100000	4.49470000
2.83270000	2.86160000
2.02170000	2.52410000
1.51630000	2.50250000
1.16370000	2.10050000
0.96380000	1.80570000
0.94030000	1.57540000
0.88160000	1.38010000
0.68170000	1.22910000
2.71520000	1.15350000
1.99820000	1.04000000
1.71610000	0.98220000
1.25770000	0.89860000
0.98730000	0.85080000
0.77580000	0.81080000
2.29210000	0.80940000
8.35720000	3.87640000
4.41950000	3.16170000
2.85620000	1.83360000
2.12750000	1.61560000
1.70430000	1.38410000
1.53980000	1.24390000
1.31650000	1.08470000
0.95210000	0.98210000
0.76400000	0.90100000
0.61120000	0.83610000
0.49370000	0.78360000
0.41140000	0.74040000
0.36440000	0.70450000
0.51720000	0.67400000
1.29300000	0.64780000
1.12840000	0.67170000
0.82280000	0.60430000
0.58770000	0.58570000
0.48190000	0.56880000
0.42310000	0.55310000
0.36440000	0.53840000
0.31740000	0.54260000
1.25770000	0.97700000
2.24500000	7.19210000
4.14920000	11.16270000
2.31560000	5.32880000
1.57510000	3.12190000
1.19890000	2.59850000
0.98730000	2.15790000
0.77580000	1.79430000
0.61120000	1.52770000
0.51720000	1.32270000
0.44670000	1.16410000
0.39960000	1.04080000
0.35260000	0.94400000
0.31740000	0.86740000
0.28210000	0.80600000
0.24680000	0.75630000
0.22330000	0.71540000
0.35260000	0.73120000
0.72880000	0.69720000
0.45840000	0.62700000
0.32910000	0.74890000
0.29390000	0.68600000
0.28210000	0.64630000
0.29390000	0.62260000
0.28210000	0.59890000
0.36440000	0.57600000
0.42310000	0.54110000
0.35260000	0.52280000
0.43490000	0.54490000
0.49370000	0.49140000
0.43490000	0.82270000
0.41140000	0.72980000
0.38790000	0.66010000
0.39960000	0.61650000
0.62300000	0.59690000
0.65820000	0.52630000
0.57600000	0.89260000
0.61120000	0.78000000
0.70520000	0.70700000
0.70520000	0.62360000
0.74050000	0.59270000
1.06960000	0.55450000
4.47830000	4.47470000
5.31290000	3.10230000
3.23240000	2.65520000
2.38610000	1.84330000
1.92770000	1.75630000
1.62210000	1.45990000
1.92770000	1.25140000
2.40960000	1.07750000
1.97470000	0.92540000
1.75140000	1.15380000
1.53980000	0.99820000
1.43400000	0.88070000
1.25770000	0.78540000
1.10490000	0.71200000
1.05790000	0.65390000
1.23420000	0.64860000
1.26940000	0.56880000
2.12750000	1.78840000
2.19800000	2.51120000
1.83360000	1.56380000
1.63380000	1.33590000
1.65730000	1.13750000
4.06690000	1.55710000
3.44400000	1.15270000
2.71520000	1.50550000
8.58050000	1.27250000
22.80300000	12.90950000
8.35720000	9.63510000
5.05430000	3.36250000
3.71430000	2.88950000
2.97380000	2.37190000
2.59770000	1.97730000
2.48010000	1.68920000
2.28030000	1.44240000
2.12750000	1.44040000
6.14740000	2.11820000
15.75050000	14.50990000
7.67540000	9.67030000
13.98740000	3.62180000
11.60130000	3.12750000
6.50000000	2.58920000
4.49010000	2.17800000
3.40870000	1.86270000
2.89150000	1.62000000
2.80920000	1.44660000
2.42130000	1.28960000
2.19800000	1.36240000
2.04520000	1.31290000
1.75140000	1.18720000
1.91590000	1.08790000
4.93670000	1.57690000
21.98020000	9.00300000
16.92590000	23.97200000
9.84990000	15.23120000
5.88880000	5.18530000
4.26670000	4.52180000
3.24410000	3.70030000
2.63290000	3.07160000
9.43860000	6.75800000
10.82550000	10.21070000
6.20620000	5.73430000
4.33730000	3.57470000
3.54970000	3.05540000
2.91500000	2.59600000
2.31560000	2.24220000
2.36260000	1.96880000
2.87980000	1.78570000
2.15100000	1.59260000
1.97470000	1.99720000
2.19800000	1.82290000
2.38610000	1.63270000
6.17090000	3.97280000
8.19260000	9.15040000
5.10130000	5.35570000
4.60760000	3.15890000
4.37250000	4.08420000
3.42040000	2.72360000
2.91500000	2.55870000
2.38610000	2.20130000
2.13920000	1.92560000
2.04520000	1.71170000
1.71610000	1.54430000
1.39870000	1.41240000
1.25770000	1.30720000
1.17540000	1.22230000
1.11660000	1.15280000
1.05790000	1.09510000
1.02260000	1.04650000
0.99910000	1.00470000
0.95210000	0.96820000
0.95210000	0.93590000
1.31650000	0.90680000
1.43400000	0.88020000
1.73960000	0.85570000
12.10670000	10.11380000
9.07420000	8.20270000
9.27400000	2.88520000
7.88700000	2.60970000
5.00730000	2.19440000
3.63200000	1.87610000
2.98550000	1.63100000
2.35080000	1.44120000
1.83360000	1.29320000
1.69260000	1.17690000
1.82190000	1.08450000
1.78660000	1.01040000
1.57510000	0.95010000
1.29300000	0.90020000
1.21070000	0.85850000
1.17540000	0.82280000
1.78660000	0.79190000
4.41950000	0.76470000
14.10490000	0.75580000
11.98920000	1.46130000
7.42860000	3.62800000
6.14740000	2.55080000
4.56060000	1.71290000
3.62030000	1.66090000
2.71520000	1.45550000
2.24500000	1.26910000
2.12750000	1.12440000
2.22150000	1.01140000
5.88880000	0.92280000
4.13740000	0.85210000
3.57320000	0.79520000
3.10310000	0.74890000
2.83270000	0.71050000
2.83270000	0.67820000
3.34990000	0.65840000
3.10310000	0.63010000
3.53800000	0.65640000
5.88880000	4.26380000
7.39330000	3.34340000
4.50180000	1.90400000
4.19620000	1.69690000
4.12570000	1.45560000
3.51450000	1.24030000
2.95030000	1.07980000
2.97380000	0.95850000
4.38430000	1.33400000
3.91410000	2.05490000
3.60850000	2.37820000
3.57320000	1.59740000
2.77400000	1.83080000
2.39780000	1.53950000
2.01000000	1.31720000
1.73960000	1.14620000
2.18630000	1.01380000
3.32640000	4.77070000
9.34450000	13.13330000
5.31290000	7.67050000
5.18360000	4.43740000
4.96020000	11.87480000
4.76040000	14.08690000
8.90960000	11.18420000
7.06420000	6.69270000
4.96020000	4.27790000
4.09040000	3.76610000
3.91410000	3.13330000
3.11480000	2.61770000
2.59770000	2.24670000
2.23330000	1.95400000
2.05700000	1.73860000
1.82190000	1.55140000
1.63380000	1.41270000
2.08050000	1.35810000
2.37430000	1.23160000
1.93940000	1.14190000
1.69260000	1.08230000
1.55150000	1.03230000
1.39870000	0.98960000
1.26940000	0.95260000
1.18720000	0.91990000
1.12840000	0.89260000
0.99910000	0.86400000
1.02260000	0.83950000
1.50450000	0.89000000
1.22240000	0.79530000
1.18720000	0.77510000
2.11570000	0.82270000
2.91500000	2.72930000
2.85620000	2.46460000
2.45660000	1.54770000
2.06870000	1.54850000
1.79840000	1.34500000
1.65730000	1.18860000
1.65730000	1.07990000
1.38700000	0.96840000
1.21070000	0.89190000
1.08140000	0.83040000
1.05790000	0.78330000
2.20980000	0.82480000
1.69260000	0.70480000
1.50450000	0.70070000
3.46750000	0.68410000
9.07420000	3.82070000
32.32380000	20.70820000
9.72060000	15.06290000
5.59500000	4.48510000
3.90240000	4.19360000
2.95030000	3.40480000
2.33910000	2.80450000
2.05700000	2.36000000
1.68080000	1.99570000
1.34000000	1.72600000
1.11660000	1.51760000
0.92860000	1.35550000
0.77580000	1.22840000
0.79930000	1.16710000
0.78750000	1.06930000
0.63470000	1.01210000
0.50540000	0.92860000
0.39960000	0.88380000
0.32910000	0.84590000
0.32910000	0.81320000
0.35260000	0.78570000
0.78750000	1.65850000
0.90510000	2.51350000
0.48190000	1.51960000
0.34090000	1.35180000
0.31740000	1.23710000
0.32910000	1.07610000
0.37610000	1.01010000
0.54070000	0.93430000
0.50540000	2.04480000
0.41140000	1.26170000
0.29390000	1.26100000
0.22330000	1.11120000
0.17630000	0.99450000
0.15280000	0.90290000
0.56420000	0.83430000
1.83360000	0.81260000
1.48100000	0.76990000
1.36350000	0.68630000
0.86980000	0.69710000
0.65820000	0.62590000
0.58770000	0.63350000
0.47020000	0.60510000
0.36440000	0.56220000
0.28210000	0.54520000
0.24680000	0.54170000
0.24680000	0.52990000
0.23510000	0.50550000
0.22330000	0.48860000
0.18810000	0.47640000
0.16460000	0.48330000
0.14100000	0.45340000
0.11750000	0.44260000
0.09990000	0.43210000
0.24680000	0.42190000
1.96290000	0.48390000
0.84630000	0.40720000
0.43490000	0.39300000
0.27030000	0.38390000
0.19980000	0.37500000
0.15280000	0.36630000
0.17630000	0.38070000
0.27030000	0.38880000
0.23510000	0.34160000
0.16460000	0.33370000
0.15280000	0.35110000
0.15280000	0.34710000
0.15280000	0.31110000
0.14100000	0.30400000
0.11750000	0.29700000
0.25860000	0.36390000
0.36440000	0.93950000
0.24680000	1.73640000
0.22330000	1.09440000
0.68170000	1.48750000
0.58770000	1.09890000
0.42310000	1.46260000
0.29390000	1.20100000
0.21160000	1.00140000
0.16460000	0.84880000
0.16460000	0.77880000
0.14100000	0.64100000
0.12930000	0.57070000
0.11280000	0.51570000
0.09520000	0.48630000
0.08350000	0.43750000
0.07520000	0.41020000
0.06820000	0.38660000
0.06580000	0.36900000
0.07760000	0.45420000
0.75230000	1.41370000
0.39960000	0.83170000
0.23510000	0.90630000
0.16460000	0.76840000
0.12930000	0.68040000
0.10930000	0.60520000
0.12930000	0.56600000
0.11050000	1.26970000
0.11640000	0.81090000
0.32910000	1.60350000
0.50540000	3.52600000
0.36440000	2.40370000
0.25860000	1.63420000
0.17630000	1.57050000
0.14100000	1.30020000
0.11400000	1.09380000
0.09170000	0.93550000
0.07880000	0.81360000
0.07410000	0.72870000
0.08580000	0.68640000
0.09170000	0.61140000
0.09050000	0.59770000
0.08230000	0.50480000
0.08930000	0.95330000
0.09520000	0.81370000
0.22330000	1.24810000
0.15280000	0.92310000
0.11750000	1.26610000
0.11050000	1.05460000
0.10700000	0.93680000
0.10810000	0.82540000
0.10930000	0.75930000
0.11400000	0.66280000
0.15280000	0.72390000
0.12930000	0.87550000
0.11400000	0.76290000
0.09990000	0.67590000
0.08460000	0.60810000
0.07640000	0.55470000
0.06820000	0.51220000
0.06820000	0.49270000
0.06820000	0.45010000
0.06230000	0.42700000
0.05520000	0.40750000
0.05170000	0.39090000
0.04700000	0.37650000
0.04230000	0.36370000
0.04000000	0.35220000
0.03760000	0.34680000
0.03410000	0.33210000
0.03410000	0.32320000
0.03170000	0.31470000
0.03530000	0.34150000
0.03530000	0.29910000
0.04580000	0.29180000
0.99910000	2.19140000
2.19800000	6.29320000
1.08140000	3.15880000
0.58770000	1.96920000
1.19890000	3.38210000
1.46930000	3.09720000
0.97560000	2.00090000
1.09310000	2.81830000
7.00550000	15.33940000
4.29030000	11.84100000
2.65640000	3.98770000
2.10400000	3.53970000
2.09220000	2.89900000
2.03350000	2.37280000
1.77490000	2.16020000
4.47830000	1.85660000
4.77220000	1.57280000
3.53800000	1.79620000
2.67990000	1.54740000
2.13920000	1.35540000
1.72790000	1.20630000
1.44580000	1.08960000
1.37520000	1.01930000
1.31650000	0.94650000
1.14010000	0.86460000
1.17540000	0.99300000
1.31650000	0.89050000
1.16370000	1.37780000
1.16370000	1.23070000
1.35170000	1.07260000
2.08050000	1.36490000
7.40510000	3.98000000
5.54790000	3.18530000
4.07870000	1.99940000
3.20890000	1.71220000
2.63290000	1.55760000
2.19800000	1.34890000
1.84540000	1.18760000
1.59860000	1.06300000
1.36350000	0.96450000
1.24590000	0.88640000
1.99820000	0.85480000
3.04430000	0.77470000
2.25680000	0.95210000
2.04520000	0.86750000
1.71610000	0.80050000
1.45750000	0.74660000
1.44580000	0.70270000
4.31380000	3.89690000
3.23240000	4.70090000
2.59770000	3.07540000
2.26850000	2.05680000
1.90420000	2.04630000
1.64560000	1.71430000
1.92770000	1.46010000
3.94940000	3.31010000
4.57230000	4.78240000
10.02630000	5.10470000
8.93310000	4.32840000
6.31200000	3.86930000
15.63300000	5.09840000
17.27850000	6.97770000
8.02810000	4.89830000
0.00000000	3.07850000
0.00000000	2.60260000
3.05610000	2.19070000
2.44490000	1.87490000
2.05700000	1.63160000
1.78660000	1.44320000
1.64560000	1.29620000
2.38610000	3.14530000
5.39510000	5.09160000
4.27850000	2.18680000
3.37340000	2.47800000
2.71520000	2.09210000
2.30380000	1.79600000
1.98640000	1.56770000
1.86890000	1.40770000
3.36170000	3.73100000
4.37250000	4.67650000
3.22060000	2.16130000
2.70340000	2.11970000
2.52710000	1.81720000
2.64470000	1.59470000
2.38610000	1.39990000
2.08050000	1.41580000
