0.90070000	0.10680000
0.39870000	0.10840000
0.18900000	0.10380000
0.12110000	0.09950000
0.09750000	0.09570000
0.09450000	0.09230000
0.07970000	0.08920000
0.05020000	0.08640000
0.05020000	0.08390000
0.04730000	0.08150000
0.03840000	0.07930000
0.03840000	0.07730000
0.03840000	0.07530000
0.03840000	0.07350000
0.03540000	0.07170000
0.03540000	0.07010000
0.03540000	0.06850000
0.03840000	0.09100000
0.03840000	0.13340000
0.03840000	0.07100000
0.03840000	0.06310000
0.03840000	0.06120000
0.03840000	0.05990000
0.03540000	0.07630000
0.03840000	0.11520000
0.03840000	0.06210000
0.04130000	0.08420000
0.08270000	0.45670000
0.12990000	1.23580000
0.15060000	1.27040000
0.11520000	1.07230000
0.09750000	0.88990000
0.07680000	0.74080000
0.06200000	0.61960000
0.05910000	0.52120000
0.05320000	0.44120000
0.04730000	0.37600000
0.03840000	0.32290000
0.03840000	0.27960000
0.03840000	0.24410000
0.03840000	0.21500000
0.03840000	0.19120000
0.03540000	0.17150000
0.03250000	0.15520000
0.04730000	0.14180000
0.66150000	0.68630000
1.45300000	1.49250000
1.39980000	1.61780000
2.00820000	1.65580000
1.06320000	1.43040000
0.51980000	1.27260000
0.35440000	1.06590000
0.25400000	0.89000000
0.49020000	0.95880000
5.37490000	3.37550000
4.69560000	2.42850000
1.57110000	1.98130000
1.80150000	1.91570000
2.61360000	2.37370000
1.50020000	2.15820000
0.94500000	1.95090000
0.69110000	1.62390000
0.55520000	1.34250000
0.46070000	1.11310000
0.41940000	0.92690000
0.32190000	0.77580000
0.28650000	0.65300000
0.25400000	0.55310000
0.23040000	0.47170000
0.28060000	0.45540000
1.35550000	0.80710000
1.59770000	1.44360000
1.04840000	1.68180000
0.83870000	1.43540000
0.69110000	1.19040000
0.59360000	0.98860000
0.54040000	0.82480000
0.50800000	0.69180000
0.45180000	0.58370000
0.40160000	0.49570000
0.36620000	0.42400000
0.32780000	0.36550000
0.31600000	0.31780000
0.30420000	0.27870000
0.30420000	0.30040000
0.34850000	0.22580000
0.64680000	0.64300000
0.54930000	0.58810000
0.47840000	0.50040000
0.43710000	0.42570000
0.39870000	0.36490000
0.36620000	0.31520000
0.33080000	0.27470000
0.30120000	0.24140000
0.28060000	0.21410000
0.24810000	0.19160000
0.22740000	0.17310000
0.21560000	0.15770000
0.23630000	0.19320000
0.27760000	0.13920000
0.35730000	0.43880000
0.34850000	0.40550000
0.30710000	0.34800000
0.26580000	0.29890000
0.25690000	0.25880000
0.24220000	0.22600000
0.23920000	0.19910000
0.23920000	0.17700000
0.22440000	0.15880000
0.21260000	0.14370000
0.20380000	0.13120000
0.19790000	0.16130000
0.69700000	1.73810000
1.65380000	1.97350000
0.99820000	2.02940000
0.78850000	1.75120000
0.67630000	1.44990000
0.60250000	1.19890000
0.65860000	1.05250000
2.29170000	1.59260000
1.46180000	1.69520000
0.92730000	1.53450000
0.85640000	1.26600000
0.98640000	1.32630000
6.82190000	7.35510000
7.58980000	7.00980000
3.30760000	3.47510000
1.91070000	2.61310000
1.47660000	2.13220000
1.22560000	1.75730000
1.11930000	1.47530000
0.99820000	1.20240000
2.90600000	2.09870000
9.18450000	9.19890000
8.38710000	10.81170000
3.95730000	5.97380000
2.34780000	3.27580000
1.86050000	2.40610000
1.53860000	1.95060000
2.66680000	2.09980000
5.07950000	4.71850000
5.75880000	5.86910000
4.90230000	4.85730000
3.60290000	2.89580000
2.59290000	2.20830000
2.20010000	1.82270000
1.84580000	1.48570000
1.48550000	1.22710000
1.26990000	1.01890000
1.15180000	0.85010000
1.03660000	0.71300000
0.97160000	0.62840000
0.90660000	0.51370000
0.85050000	0.43720000
0.98930000	0.40480000
2.52800000	2.50580000
2.39210000	3.26660000
1.74240000	2.13730000
1.50020000	1.75450000
1.29940000	1.45460000
1.16060000	1.20430000
1.09560000	1.00010000
1.04250000	0.83430000
0.94500000	0.69970000
0.89480000	0.59020000
0.85050000	0.50120000
0.78850000	0.45100000
0.78260000	0.37180000
0.76490000	0.32300000
0.72650000	0.31290000
0.72060000	0.25240000
0.63200000	0.22260000
2.40390000	0.30110000
6.88100000	1.87010000
5.99500000	1.38070000
2.64900000	1.54730000
2.00820000	1.31960000
1.61540000	1.09560000
1.39390000	0.91080000
1.25810000	0.76070000
7.79650000	5.94360000
16.56760000	7.95910000
13.11230000	4.98810000
7.61930000	4.31530000
4.66610000	2.69880000
3.07130000	2.12090000
2.31830000	5.20490000
1.97870000	6.52380000
1.78670000	3.36700000
1.59180000	2.44110000
2.56040000	2.00490000
4.99090000	2.27730000
3.48480000	3.19980000
2.57230000	2.09970000
2.03180000	1.70450000
1.64490000	1.41320000
1.39390000	1.17110000
1.21080000	0.97360000
1.10160000	0.82640000
1.36140000	0.69350000
1.21080000	0.57810000
1.04250000	0.51550000
0.98340000	0.44450000
0.88890000	0.36570000
0.83870000	0.35670000
1.00410000	0.33340000
1.08680000	0.25250000
0.82100000	0.35040000
0.86530000	0.31790000
0.77970000	0.27890000
0.72650000	0.26980000
0.69700000	0.25100000
0.63790000	0.19990000
0.57290000	0.17840000
0.51680000	0.16280000
0.46070000	0.15000000
0.42820000	0.13930000
0.39870000	0.13090000
0.36920000	0.12260000
0.34850000	0.11590000
0.30420000	0.11020000
0.30120000	0.10530000
0.29530000	0.13180000
0.27460000	0.10030000
0.26280000	0.09390000
0.24810000	0.09060000
0.23040000	0.08940000
0.21560000	0.08540000
0.20970000	0.09730000
0.20970000	0.12130000
0.24510000	0.17100000
0.31890000	0.08950000
0.57590000	0.07570000
0.41940000	0.07290000
0.30120000	0.07120000
0.24220000	0.06960000
0.21260000	0.06970000
0.20970000	0.08200000
0.20670000	0.10260000
0.20080000	0.07270000
0.19490000	0.06300000
0.18610000	0.06090000
0.21260000	0.10530000
1.25810000	0.17690000
1.72470000	1.23240000
1.42350000	1.96440000
2.46000000	2.35530000
9.89330000	3.76490000
5.61110000	3.93000000
3.13040000	2.48290000
4.69560000	2.44780000
2.67860000	2.37760000
1.59470000	2.38130000
1.31420000	2.02140000
3.27810000	1.71390000
4.57750000	1.67000000
4.87280000	1.85590000
1.92550000	1.81650000
1.29940000	1.52540000
0.99230000	1.26270000
0.79740000	1.04790000
0.66740000	0.87360000
0.58470000	0.73210000
0.50200000	0.61700000
0.42230000	0.52340000
0.34550000	0.46510000
0.29530000	0.38690000
0.23630000	0.33430000
0.20670000	0.34380000
0.19200000	0.26390000
0.18900000	0.23090000
0.18900000	0.20740000
0.18310000	0.18820000
0.18310000	0.17380000
0.18310000	0.21050000
0.18610000	0.15320000
0.16830000	0.13880000
0.16240000	0.13810000
0.15360000	0.17770000
0.15360000	0.12320000
0.15060000	0.11270000
0.13880000	0.10780000
0.13580000	0.10370000
0.13580000	0.14920000
0.13290000	0.10200000
0.12990000	0.09420000
0.12990000	0.09110000
0.12990000	0.08860000
0.12990000	0.08630000
0.13580000	0.10470000
0.12400000	0.17490000
0.11520000	0.08960000
0.11520000	0.07870000
0.11810000	0.08010000
0.11810000	0.07490000
0.12400000	0.07290000
0.12700000	0.11770000
0.12400000	0.09380000
0.12110000	0.07050000
0.12400000	0.09420000
0.12990000	0.06810000
0.13880000	0.08720000
0.12110000	0.09260000
0.11810000	0.06420000
0.10930000	0.06000000
0.10630000	0.05850000
0.10040000	0.05730000
0.10040000	0.05610000
0.09750000	0.05490000
0.09750000	0.05370000
0.09450000	0.06450000
0.10340000	0.12080000
0.09450000	0.05760000
0.09150000	0.04980000
0.16240000	0.06720000
0.12110000	0.10250000
0.09450000	0.05200000
0.09750000	0.04570000
0.09450000	0.04440000
0.08860000	0.09020000
0.08860000	0.08420000
0.54930000	0.11790000
1.94620000	1.28290000
0.99820000	1.15170000
1.39390000	1.69610000
0.88890000	1.33620000
0.61720000	1.37260000
0.39870000	1.16640000
0.23920000	0.97350000
0.20670000	0.81490000
0.17130000	0.68600000
0.14470000	0.58110000
0.14770000	0.49570000
1.13990000	0.76700000
0.87710000	1.33020000
1.34960000	1.45310000
1.33490000	1.21870000
0.87710000	1.26530000
0.63200000	1.27090000
0.45770000	1.43300000
0.33370000	1.43230000
0.26280000	1.20960000
0.23630000	1.00610000
0.19490000	0.83940000
0.16240000	0.70400000
0.14470000	0.59400000
0.12990000	0.50440000
0.12110000	0.43150000
0.10930000	0.38510000
0.10630000	0.37270000
0.11520000	0.36550000
0.15650000	0.25930000
0.31890000	0.40130000
0.23330000	0.36400000
0.15360000	0.31670000
0.12400000	0.27660000
0.11220000	0.24380000
0.10340000	0.21680000
0.09450000	0.19460000
0.09150000	0.17620000
0.08560000	0.16100000
0.08270000	0.14820000
0.07970000	0.13750000
0.07970000	0.12850000
0.07680000	0.12090000
0.07090000	0.11430000
0.07090000	0.12560000
0.06790000	0.10550000
0.06790000	0.09960000
0.06500000	0.09570000
0.06500000	0.09230000
0.06790000	0.08920000
0.06200000	0.08640000
0.06200000	0.08390000
0.06200000	0.12130000
0.06500000	0.08350000
0.06500000	0.07760000
0.06500000	0.07530000
0.06500000	0.07350000
0.06200000	0.07170000
0.06200000	0.07010000
0.06200000	0.06850000
0.06500000	0.16280000
0.06500000	0.07550000
0.06500000	0.06470000
0.06200000	0.06260000
0.06200000	0.06120000
0.06200000	0.12300000
0.06500000	0.07920000
0.07380000	0.44250000
0.09150000	2.08120000
1.56820000	3.19240000
1.46780000	2.21780000
0.59950000	1.83160000
0.36320000	1.51210000
0.24810000	1.25150000
0.18900000	1.03970000
0.15950000	0.86780000
0.13880000	0.72810000
0.12990000	0.61460000
1.15180000	0.61710000
3.95730000	1.27200000
1.85170000	1.59630000
1.02480000	1.60840000
0.63200000	1.35610000
0.47550000	1.12510000
0.38690000	0.93590000
0.32490000	0.78230000
0.28060000	0.65750000
0.24810000	0.55610000
0.22440000	0.47350000
0.20970000	0.42480000
0.19490000	0.35350000
0.18610000	0.30650000
0.17720000	0.26950000
0.17720000	0.27650000
0.16830000	0.21820000
0.16540000	0.19400000
0.16540000	0.17670000
0.17420000	0.21920000
0.17130000	0.61620000
0.17130000	1.02510000
1.68920000	1.49770000
3.13040000	5.45640000
1.68920000	2.95200000
2.28280000	4.39340000
5.72920000	12.38260000
8.53480000	13.25180000
5.07950000	7.03260000
2.37730000	3.67300000
1.56520000	2.61220000
1.18720000	2.08180000
0.98640000	1.70820000
0.86230000	1.41030000
0.71470000	1.16780000
0.62020000	0.97100000
0.54340000	0.81120000
0.49320000	0.68140000
0.44890000	0.57580000
2.53090000	3.50250000
4.48890000	5.31560000
2.57520000	3.05170000
1.94030000	2.43050000
1.69810000	2.30880000
1.37620000	2.13950000
1.14880000	1.78900000
1.03660000	1.47950000
1.52390000	2.42650000
2.30060000	4.26140000
2.14400000	3.73590000
2.14990000	3.30530000
2.24150000	4.02540000
2.03180000	2.56660000
1.72170000	2.10060000
1.36730000	1.77150000
1.12520000	1.47270000
1.83100000	2.86810000
3.42570000	5.27550000
2.58110000	4.34640000
5.25670000	16.02420000
35.73400000	38.43110000
33.07610000	35.77840000
14.82520000	18.82920000
5.40440000	9.18810000
3.21900000	4.26520000
2.21200000	2.89990000
1.89890000	2.25790000
1.49430000	1.84060000
1.26690000	1.51710000
1.19310000	1.25520000
1.09860000	1.04210000
0.96570000	0.86910000
0.86820000	0.72850000
0.76780000	0.61430000
0.70880000	0.52140000
0.63490000	0.49920000
2.78780000	2.00860000
5.19770000	10.71270000
19.10730000	14.63010000
20.08190000	18.24970000
22.32630000	18.57310000
14.58890000	9.87890000
5.13860000	5.16150000
3.18950000	2.96540000
2.48660000	2.24860000
2.03480000	1.82560000
1.75720000	1.50530000
1.88420000	1.66740000
3.39620000	3.35740000
2.86170000	4.39880000
5.28630000	7.64550000
5.81780000	8.47750000
3.89830000	5.23630000
2.95320000	3.04940000
2.40980000	2.49940000
2.06430000	2.06780000
3.33710000	5.92520000
6.55610000	8.13000000
4.34120000	4.20170000
2.88820000	2.91060000
2.45120000	2.27870000
2.06430000	1.84500000
1.87820000	1.54140000
4.78420000	5.98360000
12.28540000	10.58520000
16.86290000	8.86460000
9.27310000	5.06440000
4.93190000	2.94870000
3.07130000	2.23250000
2.41870000	1.81660000
1.98750000	1.49870000
1.74240000	1.23960000
1.49140000	1.02920000
1.36730000	0.92530000
5.34530000	5.79800000
7.53070000	7.52710000
4.96140000	3.87910000
3.18950000	2.74420000
2.64610000	2.16230000
2.26810000	1.76990000
1.99640000	1.48640000
1.99640000	1.79270000
3.54390000	5.00010000
3.98680000	4.73700000
2.77900000	2.82800000
2.32710000	2.16980000
2.04660000	1.77150000
1.83100000	1.46320000
1.60360000	1.21090000
1.55630000	1.03230000
4.07540000	1.91480000
11.48800000	4.42860000
11.60620000	6.15600000
6.34940000	5.35210000
4.42980000	3.09450000
3.01230000	2.29660000
2.48070000	2.62860000
3.13040000	3.61670000
2.54860000	2.38690000
2.14110000	1.95270000
1.91070000	1.61500000
1.63610000	1.34260000
1.36140000	1.10900000
1.19610000	0.92280000
1.08680000	0.77190000
1.01590000	0.64940000
0.96270000	0.58350000
0.91550000	0.47460000
0.86530000	0.42400000
0.99820000	0.37830000
0.92440000	0.30750000
1.03360000	0.34310000
1.93730000	0.87200000
1.63610000	0.99210000
1.39690000	1.91930000
3.18950000	5.14190000
3.04180000	4.68040000
2.24150000	2.79010000
1.90780000	2.17750000
1.64490000	1.79270000
3.39620000	1.55550000
3.10090000	1.23370000
2.58700000	1.35110000
4.16400000	6.44970000
9.65700000	10.39190000
10.92690000	8.56640000
6.11320000	6.74150000
4.31170000	5.42050000
3.33710000	3.46140000
2.60470000	2.58670000
2.18240000	2.06260000
2.22380000	1.73510000
3.48480000	1.81090000
3.30760000	2.54250000
2.70810000	1.80890000
2.28870000	1.78400000
2.33300000	1.54720000
2.11160000	1.24840000
1.82210000	1.30580000
1.56520000	1.11100000
1.33490000	0.92660000
1.16950000	0.77480000
1.03950000	0.65160000
0.94500000	0.55860000
1.34670000	0.56420000
1.43820000	0.41300000
1.10160000	0.34950000
0.91550000	0.30440000
0.79740000	0.26800000
0.69990000	0.23810000
0.62020000	0.21350000
0.55520000	0.19310000
0.50200000	0.17620000
0.45770000	0.18250000
0.45770000	0.20780000
0.44300000	0.14640000
0.45770000	0.15690000
0.46960000	0.18150000
0.48430000	0.12430000
0.94800000	0.15880000
0.87120000	0.14160000
0.57290000	0.10750000
0.46960000	0.27830000
0.40750000	0.26260000
0.36620000	0.21940000
0.33670000	0.18780000
0.30420000	0.16710000
0.27170000	0.17920000
0.25990000	0.14600000
0.45770000	0.12630000
0.33960000	0.11600000
0.29530000	0.12850000
0.27460000	0.12940000
0.26580000	0.09830000
0.28650000	0.09070000
0.24510000	0.08620000
0.21260000	0.08240000
0.19200000	0.07910000
0.17720000	0.07620000
0.16540000	0.07380000
0.16540000	0.09340000
0.15360000	0.07140000
0.14470000	0.06720000
0.14180000	0.07810000
0.14470000	0.09020000
0.14770000	0.06460000
0.15360000	0.06050000
0.15060000	0.05890000
0.14180000	0.05750000
0.13580000	0.08190000
0.12990000	0.05760000
0.12110000	0.05390000
0.11810000	0.05250000
0.11520000	0.05130000
0.20970000	0.06650000
0.14180000	0.07660000
0.77670000	0.08010000
0.82100000	0.10590000
0.67330000	0.12110000
0.35730000	0.05270000
0.36920000	0.32320000
0.24510000	0.30020000
0.18610000	0.25470000
0.15950000	0.21560000
0.14470000	0.18390000
0.13580000	0.15800000
0.15360000	0.15850000
0.13290000	0.14320000
0.13290000	0.17490000
0.14470000	0.15700000
0.12700000	0.09050000
0.12110000	0.33210000
0.12110000	0.30520000
0.12110000	0.25880000
0.11810000	0.21920000
0.11220000	0.21370000
0.15360000	0.22130000
0.25400000	0.18210000
0.24220000	0.13030000
0.61130000	0.13800000
1.54750000	0.15260000
0.66450000	0.33480000
0.40750000	0.54790000
0.37800000	0.48150000
0.25400000	0.40340000
0.20380000	0.33830000
0.23330000	0.28540000
0.51390000	0.25150000
0.69400000	0.28480000
1.48840000	0.26050000
1.51800000	0.49740000
0.73830000	0.78060000
0.45480000	0.68430000
0.31600000	0.57150000
0.23920000	0.51520000
0.20080000	0.40500000
0.18310000	0.36320000
0.19790000	0.38300000
1.15770000	0.59090000
4.01640000	0.84230000
1.93730000	1.08750000
0.99820000	1.18940000
0.66450000	1.18060000
0.49910000	0.99650000
0.41350000	0.91260000
0.47550000	1.40550000
0.94500000	1.18260000
1.24040000	1.19390000
0.94500000	1.11950000
0.71170000	0.94550000
0.50200000	0.79250000
0.38980000	0.66740000
0.31300000	0.61280000
0.41350000	0.48990000
0.35440000	0.41590000
0.29240000	0.36010000
0.25100000	0.32090000
0.29530000	0.27860000
0.35440000	0.24760000
0.26580000	0.23630000
0.23330000	0.22770000
0.22150000	0.24820000
0.19790000	0.23340000
0.25990000	0.16430000
0.35730000	0.47120000
0.26580000	0.43560000
0.20970000	0.37530000
0.17720000	0.32380000
0.16240000	0.28160000
0.15060000	0.24710000
0.14470000	0.21920000
0.14180000	0.19550000
0.13580000	0.18140000
0.13290000	0.16090000
0.12700000	0.14710000
0.12400000	0.13590000
0.12110000	0.12660000
0.11810000	0.11870000
0.11810000	0.11240000
0.11520000	0.10620000
0.10930000	0.10120000
0.10340000	0.09680000
0.10040000	0.09300000
0.10040000	0.08950000
0.10040000	0.13630000
0.10340000	0.11400000
0.13290000	0.08410000
0.20080000	0.07900000
0.16240000	0.07660000
0.12400000	0.07460000
0.10340000	0.07270000
0.09750000	0.07090000
0.09150000	0.06920000
0.08860000	0.06760000
0.08270000	0.06600000
0.07970000	0.06450000
0.08270000	0.12620000
0.08860000	0.13230000
0.10630000	0.11130000
0.13290000	0.33300000
0.16830000	0.55890000
0.15650000	0.51740000
0.16240000	1.32900000
0.54630000	1.01060000
0.50500000	1.05710000
0.31890000	0.90570000
0.22440000	0.76220000
0.17420000	0.64390000
0.14470000	0.54760000
0.12700000	0.46910000
0.11520000	0.40510000
0.10630000	0.35280000
0.10040000	0.30990000
0.09750000	0.27470000
0.09450000	0.24570000
0.09150000	0.22180000
0.08860000	0.20190000
0.08560000	0.18540000
0.08270000	0.17160000
0.07970000	0.15990000
0.07970000	0.15010000
0.07970000	0.14160000
0.07970000	0.13440000
0.08270000	0.19770000
0.08270000	0.18620000
0.08270000	0.12430000
0.08560000	0.37160000
0.10040000	0.34640000
0.10340000	0.30090000
0.09750000	0.26180000
0.09150000	0.22980000
0.08860000	0.20350000
0.08560000	0.23750000
0.09150000	0.17480000
0.10630000	0.55100000
0.16240000	0.51340000
0.15950000	0.43730000
0.13580000	0.39330000
0.12700000	0.43850000
0.12400000	1.08120000
0.14180000	1.42360000
0.31300000	1.48480000
1.52980000	1.80880000
2.17650000	1.94970000
1.50320000	2.11330000
1.39690000	1.77910000
0.87710000	1.79190000
0.63490000	1.52910000
0.85940000	3.54470000
5.43390000	5.86400000
3.89830000	3.42630000
6.55610000	10.65260000
13.52570000	13.28310000
12.55120000	7.10790000
5.40440000	4.49050000
3.51430000	7.55170000
4.66610000	8.33360000
3.48480000	4.26850000
2.46000000	2.93710000
1.87530000	2.28150000
1.50320000	1.85770000
3.01230000	4.36560000
7.02870000	8.79360000
7.53070000	7.66330000
4.13450000	3.92160000
3.57340000	5.51890000
8.62340000	12.99950000
13.73250000	13.42240000
7.91460000	7.14940000
3.98680000	3.73020000
2.66680000	2.65560000
2.05250000	2.11410000
1.66860000	1.73610000
1.42940000	1.45130000
1.26990000	1.19130000
1.35850000	2.42690000
1.65680000	11.92190000
2.65490000	14.71770000
4.57750000	13.03470000
8.18040000	11.72940000
6.17220000	6.32290000
3.36670000	3.41180000
2.52800000	2.48190000
2.16180000	2.02670000
2.38920000	3.01110000
2.37140000	2.38440000
1.87530000	2.23330000
1.61840000	1.86300000
1.41460000	1.53910000
1.25810000	1.27240000
1.30530000	1.58380000
1.50610000	2.87910000
1.58000000	3.03620000
1.46480000	2.19860000
1.25220000	1.92240000
1.15180000	1.60660000
1.06910000	1.33080000
0.95390000	1.10330000
0.87120000	0.91850000
0.79440000	0.76840000
0.70580000	0.64650000
0.66150000	0.54730000
0.91250000	0.82550000
3.39620000	2.06620000
3.42570000	2.53360000
2.80850000	1.80860000
2.25920000	1.61630000
1.85460000	1.35450000
1.80740000	1.15720000
2.14700000	0.93840000
1.94620000	1.44440000
1.77490000	1.26440000
1.60060000	1.05330000
1.77780000	0.91930000
7.56020000	10.87550000
13.85060000	15.55740000
9.74560000	9.39280000
4.54800000	4.45330000
3.69150000	5.22520000
3.69150000	6.15260000
3.01230000	3.60420000
2.53390000	2.61470000
2.76130000	3.84670000
6.11320000	7.95700000
7.38310000	7.44480000
4.19360000	3.84610000
3.07130000	2.71100000
2.51020000	2.13840000
2.04360000	1.75120000
1.73940000	1.44530000
1.45300000	1.19630000
1.27580000	0.99410000
1.14290000	0.82990000
1.01300000	0.69660000
1.06910000	0.59760000
4.54800000	1.76010000
3.89830000	2.69630000
2.73470000	1.87630000
2.07020000	1.72880000
1.70990000	1.45170000
1.50320000	1.21960000
1.38800000	1.02080000
1.22260000	0.83640000
1.08970000	0.81370000
0.98340000	0.69460000
1.26100000	0.60710000
7.08770000	6.93040000
12.19680000	9.88280000
7.44210000	5.51860000
3.63250000	3.07800000
2.44230000	2.29520000
1.95210000	1.86050000
1.61540000	1.53380000
1.38800000	1.26800000
1.25220000	1.05230000
1.13990000	0.87720000
1.03660000	0.73500000
0.95390000	0.63670000
0.98050000	0.57810000
1.15180000	0.46500000
1.60060000	0.38790000
4.87280000	2.09350000
4.37080000	2.52380000
2.87050000	1.73250000
2.33010000	1.48870000
1.99930000	1.23470000
1.73350000	1.08850000
2.66970000	2.77470000
2.91780000	3.92750000
2.23260000	2.48300000
1.90190000	1.96530000
1.76310000	1.64150000
1.61840000	1.34170000
2.85580000	2.70270000
4.90230000	4.78810000
3.57340000	2.98340000
4.22310000	8.78900000
37.21060000	26.47080000
30.12280000	28.61360000
13.02370000	18.29370000
11.39940000	12.93560000
8.18040000	8.23390000
4.72520000	4.02240000
3.36670000	2.75610000
2.79080000	2.15940000
2.63130000	1.84370000
3.92780000	1.47390000
3.18950000	1.27610000
2.59880000	1.06490000
2.46890000	0.93130000
2.70220000	0.75600000
2.22670000	0.62760000
1.88120000	0.53120000
1.65970000	0.45670000
2.45410000	0.52900000
6.26080000	3.00870000
6.58570000	3.21160000
3.80970000	2.06270000
2.89420000	1.70160000
2.36550000	1.41110000
1.94910000	1.16890000
1.65680000	0.97140000
1.44410000	0.82710000
1.27870000	0.68250000
1.18720000	0.58570000
1.95210000	0.55690000
1.65380000	0.42570000
1.26100000	0.36180000
1.10450000	0.31440000
1.03660000	0.35660000
1.24630000	0.25310000
1.03660000	0.21930000
0.89780000	0.19730000
0.98640000	0.21820000
4.75470000	0.16890000
3.33710000	0.15270000
2.26220000	0.14960000
4.45940000	0.24180000
3.80970000	0.53780000
2.50140000	0.89060000
10.98600000	13.44320000
44.29830000	20.77180000
25.75210000	19.38090000
20.73160000	16.36340000
21.97200000	12.38070000
12.99420000	9.23870000
7.58980000	5.28710000
4.07540000	3.00410000
2.46000000	2.24200000
1.88420000	1.83290000
1.68330000	1.56650000
1.51500000	1.30100000
1.25510000	1.04480000
1.08090000	0.86730000
0.92730000	0.72670000
0.80330000	0.61270000
0.96570000	0.62290000
1.04840000	0.45520000
0.92140000	0.75810000
0.85050000	0.76100000
0.74130000	1.28810000
0.61720000	1.30310000
0.53160000	1.22080000
0.46370000	1.02650000
0.41050000	0.85600000
0.36920000	0.71660000
0.33370000	0.60340000
0.31890000	0.53210000
0.53450000	0.49830000
0.49320000	0.42560000
0.73830000	0.34240000
0.67630000	0.31100000
0.98340000	0.27080000
0.63790000	0.22530000
0.46960000	0.20240000
0.38690000	0.22500000
0.41350000	0.17800000
0.59060000	0.15420000
0.39870000	0.14230000
0.31300000	0.13300000
0.28060000	0.16190000
0.25400000	0.12230000
0.23920000	0.11290000
0.24810000	0.14690000
0.55230000	0.39690000
0.69990000	1.01870000
0.38390000	1.38350000
0.29830000	1.20190000
2.33010000	1.03690000
1.09860000	0.83070000
0.58180000	0.69050000
0.39870000	0.57970000
0.31300000	0.48980000
0.25990000	0.41670000
0.22740000	0.35710000
0.20670000	0.30850000
0.19200000	0.26870000
0.18610000	0.23620000
0.18610000	0.20940000
0.19200000	0.18740000
0.18010000	0.19990000
0.22740000	0.15740000
0.27170000	0.14180000
0.20380000	0.13190000
0.17130000	0.12230000
0.15650000	0.11470000
0.14470000	0.11420000
0.17130000	0.11260000
0.26580000	0.15430000
0.17720000	0.09970000
0.14470000	0.09060000
0.13290000	0.08690000
0.12400000	0.08390000
0.11520000	0.08130000
0.10930000	0.08250000
0.10630000	0.07700000
0.10930000	0.07450000
0.13290000	0.07260000
0.11810000	0.07070000
0.11220000	0.06900000
0.11520000	0.06730000
0.10630000	0.06570000
0.09750000	0.06420000
0.09450000	0.06280000
0.09150000	0.06140000
0.08860000	0.10340000
0.08560000	0.06320000
0.08270000	0.05770000
0.07970000	0.05620000
0.07680000	0.05500000
0.07380000	0.05380000
0.07380000	0.05260000
0.07380000	0.05150000
0.07090000	0.05040000
0.07090000	0.04930000
0.07090000	0.04830000
0.07090000	0.04730000
0.07380000	0.05580000
0.07090000	0.05030000
0.07090000	0.09940000
0.13580000	0.04920000
0.10340000	0.04290000
0.09150000	0.12990000
0.08270000	0.05000000
0.10040000	0.04050000
0.09150000	0.03900000
0.08270000	0.03820000
0.07970000	0.05730000
0.07680000	0.04140000
0.07680000	0.04880000
0.07090000	0.04550000
0.07090000	0.03540000
0.06790000	0.03370000
0.06790000	0.03290000
0.06500000	0.03220000
0.06500000	0.03160000
0.06790000	0.11800000
0.06500000	0.07170000
0.06200000	0.03360000
0.06200000	0.02920000
0.06200000	0.02840000
0.06200000	0.02780000
0.05910000	0.02720000
0.05910000	0.02660000
0.05910000	0.06300000
0.06200000	0.13490000
0.06200000	0.73450000
0.05610000	1.01760000
0.05910000	1.00260000
0.05610000	0.84270000
0.05610000	0.69860000
0.05610000	0.58080000
0.05320000	0.48510000
0.05610000	0.40740000
0.05320000	0.34420000
0.05020000	0.29280000
0.04730000	0.25090000
0.04430000	0.21670000
0.04130000	0.18880000
0.04130000	0.20490000
0.03840000	0.15120000
0.03540000	0.13190000
0.03540000	0.11880000
0.03540000	0.10820000
0.03250000	0.09940000
0.03250000	0.12680000
0.03250000	0.13260000
0.04130000	0.78670000
0.04130000	0.79830000
0.11810000	0.82070000
0.12110000	0.70430000
0.08270000	0.59570000
0.06200000	0.50630000
0.05320000	0.43460000
0.04430000	0.37420000
0.03840000	0.32560000
0.03540000	0.28730000
0.03540000	0.31900000
0.03540000	0.24030000
0.03540000	0.20880000
0.03540000	0.23230000
0.03250000	0.21280000
0.03250000	0.19240000
0.03250000	0.17520000
0.03250000	0.16080000
0.03250000	0.14880000
0.03250000	0.13870000
0.03250000	0.13010000
0.03250000	0.12280000
0.03540000	0.62170000
0.04430000	0.96960000
0.13880000	1.01240000
0.17130000	0.86380000
0.11220000	0.72490000
0.08270000	0.61070000
0.06790000	0.53700000
0.05910000	0.45060000
0.05020000	0.38150000
0.04730000	0.33040000
0.04430000	0.28910000
0.15060000	1.32470000
0.92140000	1.54330000
0.52860000	1.31900000
0.27760000	1.18110000
0.18010000	0.99210000
1.45590000	2.93600000
3.92780000	2.28040000
1.15180000	1.84430000
0.94210000	1.87820000
5.96550000	7.00930000
4.19360000	4.93680000
1.21970000	2.78110000
1.73350000	5.78610000
12.84650000	25.93200000
25.57490000	30.98740000
13.17140000	16.71790000
5.55210000	8.25240000
2.12340000	3.93480000
9.18450000	16.13080000
25.19100000	29.94880000
21.58800000	23.86820000
11.96050000	15.78080000
7.41260000	11.38420000
4.10500000	6.02060000
2.48660000	3.29040000
1.92550000	2.41910000
1.90780000	4.72040000
3.69150000	8.92910000
3.15990000	7.78190000
2.75830000	5.62390000
3.30760000	4.88110000
2.70220000	3.09970000
2.09680000	2.37240000
1.72170000	1.93440000
1.47960000	1.59250000
1.26990000	1.31280000
1.10750000	1.08830000
4.04590000	5.30670000
9.24360000	7.27620000
5.31580000	3.78300000
2.65790000	2.69590000
2.06730000	2.13840000
1.65380000	1.75510000
6.49710000	10.24770000
15.00240000	14.58480000
13.88010000	8.09600000
6.99910000	3.93180000
3.42570000	2.73470000
2.30060000	2.16010000
1.89890000	1.76890000
1.58880000	1.45950000
1.39390000	1.21080000
1.23740000	1.00370000
1.08380000	0.83750000
0.93910000	0.70280000
0.83280000	0.59320000
2.61360000	0.88560000
8.12140000	1.83090000
6.99910000	1.38590000
3.33710000	1.19640000
2.46890000	0.99860000
2.07320000	1.16550000
1.88710000	1.03590000
1.68040000	1.44940000
2.90890000	4.07150000
6.99910000	5.88790000
4.07540000	3.17670000
2.56630000	2.37510000
2.02890000	1.92710000
1.74240000	1.58920000
4.78420000	4.00640000
7.38310000	6.30690000
4.81370000	4.64200000
3.21900000	2.82580000
2.58700000	2.32010000
2.17360000	1.93870000
1.82510000	1.60950000
1.49140000	1.33050000
1.24920000	1.10290000
1.10450000	0.91950000
1.02480000	0.78970000
1.01000000	0.64900000
0.94210000	0.54760000
0.85940000	0.46680000
0.75600000	0.40100000
0.67920000	0.34730000
0.64380000	0.30340000
0.94500000	0.30320000
2.84100000	0.56570000
2.29760000	0.65590000
3.80970000	3.33270000
6.73330000	6.94470000
5.13860000	5.88360000
3.15990000	3.34040000
2.49840000	2.45300000
2.03480000	1.96850000
1.73060000	1.62300000
1.47960000	1.34770000
1.25810000	1.10980000
1.11040000	0.92350000
1.01300000	0.78610000
0.93320000	0.65120000
0.84760000	0.56070000
0.76490000	0.47000000
2.91190000	3.11880000
6.23130000	4.82180000
4.01640000	2.88520000
2.74940000	2.44780000
2.41570000	2.00790000
2.16770000	1.65670000
1.83390000	1.36410000
2.04070000	1.60680000
3.24850000	2.59910000
2.85580000	1.91900000
2.33600000	1.83450000
1.94320000	1.54460000
1.60950000	1.28040000
1.41160000	1.06230000
1.24040000	0.88510000
1.14290000	0.77600000
1.07790000	0.62790000
0.96270000	0.52940000
1.26100000	0.51540000
2.54860000	1.03510000
2.40390000	0.95340000
2.16470000	0.99780000
2.50430000	2.63670000
5.52250000	5.85490000
3.92780000	4.97660000
2.66090000	2.92160000
2.17950000	2.21530000
2.24740000	1.84160000
2.39210000	1.49340000
2.07320000	1.23240000
4.99090000	5.64500000
11.22220000	11.77450000
12.63980000	10.14500000
7.41260000	5.49200000
3.83920000	3.06230000
2.62840000	2.26550000
5.40440000	3.54820000
8.50530000	7.29900000
9.24360000	6.68100000
5.96550000	3.50560000
3.39620000	2.52650000
2.60770000	2.01600000
2.83210000	1.71370000
3.42570000	1.39110000
2.81440000	1.27610000
2.36850000	1.19240000
2.03770000	1.00440000
1.74540000	0.83900000
1.49140000	0.70380000
1.30830000	0.60050000
1.20790000	0.52400000
1.10450000	0.43910000
0.99230000	0.39480000
0.95090000	0.36470000
2.36850000	0.30880000
4.34120000	3.12700000
11.66520000	4.26960000
13.23040000	2.34020000
6.23130000	1.94880000
2.87940000	1.61050000
2.34780000	1.40690000
3.45530000	2.30610000
8.15090000	5.30700000
7.53070000	4.92760000
3.54390000	3.02740000
4.04590000	7.24450000
16.09510000	26.05170000
30.41820000	30.80550000
17.06960000	18.08510000
9.42080000	8.90610000
5.49300000	4.05530000
10.12950000	11.08080000
16.09510000	15.05370000
12.84650000	8.74450000
6.91050000	4.11230000
3.86870000	2.76110000
2.66380000	2.16660000
1.97870000	1.78460000
1.45000000	1.47200000
1.14290000	1.21780000
0.95090000	1.01150000
0.81800000	0.84410000
0.71170000	0.70810000
0.62900000	0.59760000
0.57590000	0.50770000
0.54340000	0.47140000
0.51980000	0.41810000
0.48140000	0.34830000
0.44590000	0.28790000
0.40460000	0.25620000
0.45770000	0.32470000
0.55520000	0.24530000
0.58470000	0.35770000
0.55820000	0.68100000
0.44300000	0.88720000
0.37800000	0.77180000
0.33370000	0.64860000
0.29830000	0.54640000
0.26870000	0.46320000
0.24510000	0.39560000
0.22440000	0.34040000
0.20380000	0.29530000
0.18900000	0.25840000
0.17720000	0.22810000
0.17130000	0.20320000
0.15950000	0.18270000
0.15060000	0.16570000
0.14470000	0.15160000
0.13880000	0.13980000
0.13290000	0.13090000
0.12990000	0.12170000
0.12400000	0.11450000
0.12110000	0.10840000
0.11520000	0.10310000
0.10930000	0.09860000
0.10630000	0.16690000
0.10630000	0.12870000
0.13290000	0.14430000
0.24220000	0.12550000
0.17720000	0.08630000
0.13290000	0.08010000
0.11520000	0.07770000
0.10630000	0.07560000
0.10930000	0.07370000
0.11520000	0.11190000
0.12400000	0.09150000
0.10930000	0.07050000
0.10630000	0.06690000
0.10630000	0.06530000
0.10930000	0.11290000
0.28650000	0.09710000
0.40750000	0.11280000
0.33960000	0.11630000
0.40750000	0.34390000
0.23630000	0.59630000
0.17130000	0.52760000
0.14180000	0.44290000
0.19200000	0.42490000
0.40750000	0.31990000
0.33960000	0.26780000
0.20670000	0.28320000
0.17130000	0.23670000
0.16240000	0.23820000
0.13880000	0.57730000
0.12700000	0.94350000
0.11520000	0.82800000
0.10930000	0.69050000
0.10630000	0.59550000
0.10340000	0.48480000
0.10630000	0.40720000
0.15650000	0.35780000
0.13580000	0.32600000
0.12110000	0.28200000
0.11810000	0.24760000
0.11810000	0.28230000
1.28760000	3.88900000
3.21900000	2.78610000
1.74830000	2.01050000
1.20200000	1.85140000
1.23150000	2.11510000
0.80620000	2.27860000
0.71760000	2.08100000
0.64970000	1.89250000
0.42530000	1.61590000
0.31300000	1.30870000
0.29240000	1.12150000
0.23040000	0.92260000
0.19490000	0.75760000
0.16830000	0.63660000
0.15060000	0.53970000
0.13290000	0.46080000
0.12110000	0.39650000
0.11520000	0.35470000
0.11520000	0.30280000
0.10930000	0.31140000
0.10340000	0.24160000
0.09750000	0.21330000
0.09150000	0.19310000
0.09450000	0.21750000
0.08560000	0.16720000
0.08270000	0.15170000
0.07970000	0.14170000
0.07970000	0.13340000
0.07680000	0.12630000
0.07680000	0.14510000
0.07090000	0.12350000
0.07380000	0.13570000
0.07380000	0.10860000
0.07090000	0.10250000
0.06790000	0.10340000
0.06790000	0.12320000
0.06200000	0.09590000
0.06200000	0.09070000
0.05910000	0.08810000
0.05610000	0.08580000
0.05320000	0.08370000
0.05020000	0.08770000
0.05020000	0.08040000
0.05020000	0.07790000
0.05020000	0.07610000
0.04730000	0.07440000
0.04730000	0.07270000
0.04730000	0.07110000
0.04430000	0.06960000
0.03840000	0.06800000
0.03540000	0.06660000
0.03540000	0.06510000
0.03250000	0.06370000
0.03250000	0.06240000
0.02950000	0.06110000
0.02920000	0.05980000
0.02750000	0.05850000
0.02690000	0.05730000
0.02600000	0.05610000
0.02600000	0.05490000
0.02600000	0.05380000
0.02600000	0.05260000
0.02540000	0.05690000
0.02480000	0.05090000
0.02480000	0.04940000
0.02480000	0.04830000
0.02480000	0.04730000
0.02450000	0.04630000
0.02390000	0.04530000
0.02510000	0.13880000
0.03250000	0.08470000
0.02860000	0.13030000
0.02480000	0.38450000
0.02510000	0.68510000
0.02570000	0.60420000
0.02570000	0.50400000
0.02720000	0.42210000
0.02720000	0.37020000
0.03540000	0.93570000
0.03250000	1.13700000
0.02780000	1.15880000
0.03840000	1.03140000
0.12700000	1.56790000
0.70580000	2.96140000
3.95730000	6.08610000
8.26900000	7.35160000
4.93190000	4.30000000
1.12810000	2.76390000
0.67040000	2.28210000
0.49910000	1.92700000
0.67920000	2.32700000
0.60250000	1.95230000
0.44890000	2.09280000
0.35730000	1.77150000
0.32780000	1.51710000
0.33670000	1.21700000
0.52270000	1.63140000
0.75010000	1.99930000
1.01300000	1.58100000
0.70580000	1.52610000
0.51680000	1.28440000
0.41940000	1.06700000
0.45180000	1.18720000
4.99090000	5.20810000
4.07540000	5.86890000
1.29940000	3.07110000
0.87120000	2.30120000
0.70290000	1.87370000
1.02770000	3.23980000
1.42940000	4.35340000
1.02180000	2.70400000
1.50320000	4.93620000
2.75540000	6.40800000
1.47660000	3.44380000
1.05430000	2.51100000
0.83580000	2.01530000
0.69990000	1.65720000
0.60840000	1.36900000
0.53450000	1.13430000
0.64970000	0.95590000
8.59390000	9.85000000
16.12460000	14.28960000
10.60210000	8.65430000
5.55210000	6.65130000
3.98680000	5.34660000
5.49300000	6.39170000
3.95730000	6.02110000
2.66680000	4.41320000
2.55160000	5.61400000
2.59590000	5.13190000
2.04660000	3.05290000
1.74240000	2.30680000
1.44710000	1.87600000
1.24630000	1.54680000
1.08970000	1.27860000
0.98640000	1.06090000
0.87420000	0.88420000
0.76780000	0.74070000
0.67920000	0.62410000
0.63490000	0.52920000
0.60250000	0.45190000
0.57000000	0.38890000
1.55630000	0.61640000
5.31580000	1.56770000
3.95730000	3.26550000
3.57340000	3.55040000
2.59590000	2.28320000
2.51020000	3.04640000
3.13040000	3.71230000
2.33010000	2.39240000
1.85760000	1.91540000
1.56230000	1.57930000
1.34080000	1.30670000
1.18720000	1.08380000
1.10450000	1.37410000
1.44120000	3.58850000
1.44710000	4.61830000
2.05540000	5.25800000
2.63130000	4.79280000
1.93140000	2.88590000
1.60660000	2.21200000
1.37920000	1.80740000
1.17830000	1.49190000
1.06020000	1.25200000
1.01000000	1.04530000
0.93030000	0.89280000
0.85940000	1.27090000
0.82690000	1.10900000
0.79150000	0.92660000
0.73240000	0.77540000
2.30650000	1.04330000
2.28580000	0.99900000
1.80740000	1.58470000
1.43530000	1.38730000
1.14880000	1.15390000
1.01000000	0.95910000
0.94210000	0.80090000
0.90070000	0.67250000
0.87420000	0.57050000
0.80330000	0.48320000
0.72060000	0.41330000
0.77970000	0.35740000
1.02480000	0.31130000
1.01890000	0.28650000
1.22260000	2.45520000
7.88510000	13.81720000
17.04010000	16.50240000
15.38630000	8.97970000
6.96960000	4.24400000
5.28630000	6.22080000
7.67840000	9.71630000
6.52660000	7.54360000
3.92780000	3.85720000
2.86170000	2.71320000
2.37140000	2.15110000
2.98280000	4.56330000
6.96960000	6.20740000
5.87690000	3.33490000
3.63250000	2.45310000
2.95320000	1.97510000
2.52800000	1.62580000
2.14400000	1.34360000
1.87820000	1.12760000
2.12930000	2.09940000
4.01640000	2.80780000
3.07130000	1.90230000
2.48370000	1.60680000
2.11750000	1.33790000
1.92850000	1.12730000
1.96980000	0.94930000
2.85280000	1.20270000
2.72880000	1.04520000
2.19130000	1.59810000
1.91070000	1.39530000
1.73060000	1.16730000
1.48550000	0.96510000
1.32300000	0.80530000
1.53570000	0.71510000
1.86050000	0.57510000
1.49140000	0.48570000
1.33780000	0.41580000
1.25810000	0.37620000
1.19610000	0.31430000
1.20200000	0.27460000
1.14290000	0.25550000
1.04840000	0.21880000
0.96870000	0.19740000
0.89190000	0.17870000
0.81800000	0.16400000
0.77370000	0.15170000
0.72060000	0.14140000
0.66450000	0.13260000
0.62610000	0.12520000
0.61130000	0.15920000
1.61250000	0.22210000
3.63250000	0.84330000
2.32710000	1.11230000
2.33900000	1.24880000
1.67150000	1.42860000
1.37920000	1.22080000
1.28170000	1.02230000
1.20490000	0.84390000
1.08970000	0.70470000
1.81620000	0.67160000
5.84740000	0.75060000
3.42570000	0.95550000
2.35670000	0.99110000
1.93140000	0.84420000
1.78970000	0.70700000
4.10500000	1.24780000
3.69150000	1.15470000
2.33300000	1.48320000
1.86940000	1.27950000
1.57410000	1.06370000
1.36730000	0.88490000
1.21970000	0.73970000
1.10450000	0.63770000
1.03070000	0.52750000
1.52390000	0.56690000
2.55750000	0.87980000
1.78370000	1.23410000
1.42940000	1.12080000
1.24920000	0.93930000
1.13400000	0.78400000
1.03070000	0.65760000
0.92140000	0.55480000
0.82690000	0.47110000
0.80920000	0.45980000
0.86230000	0.35340000
0.77670000	0.30240000
0.67630000	0.27740000
0.69400000	0.26440000
0.62610000	0.21230000
0.56110000	0.18870000
0.59950000	0.23760000
2.48370000	0.43230000
2.15590000	1.15330000
1.26990000	1.53310000
0.97460000	1.35980000
0.79740000	1.13200000
0.70880000	0.95900000
1.65380000	1.17760000
3.45530000	2.73170000
3.78010000	2.63720000
3.21900000	2.64560000
2.65790000	2.42880000
2.98280000	2.36200000
3.18950000	1.96360000
1.77780000	1.62540000
1.31710000	1.33660000
1.08090000	1.10740000
0.93320000	0.92200000
0.79740000	0.77150000
0.67920000	0.64920000
0.59360000	0.57070000
0.53750000	0.48180000
0.49320000	0.40750000
0.45480000	0.34930000
0.43120000	0.30480000
0.39570000	0.26860000
0.34850000	0.23890000
0.33670000	0.25430000
0.32490000	0.20530000
0.32490000	0.17830000
0.30420000	0.16330000
0.27460000	0.15150000
0.25100000	0.14160000
0.23040000	0.13320000
0.20970000	0.12600000
0.19490000	0.11970000
0.18310000	0.11430000
0.17130000	0.11070000
0.17420000	0.17350000
0.16830000	0.10880000
0.15950000	0.10720000
0.15360000	0.11670000
0.15950000	0.14960000
0.15950000	0.09570000
0.15950000	0.08780000
0.15060000	0.08510000
0.14180000	0.10950000
0.13580000	0.08380000
0.14470000	0.18520000
0.14470000	0.21140000
0.18010000	0.42300000
0.20670000	0.55430000
0.17420000	0.48420000
0.16240000	0.43530000
0.16240000	0.38080000
0.16540000	0.29870000
0.14770000	0.25390000
0.13880000	0.21970000
0.14770000	0.19590000
0.13580000	0.16960000
0.12700000	0.15050000
0.12400000	0.17980000
0.11810000	0.13060000
0.11810000	0.11250000
0.11220000	0.13400000
0.11520000	0.20260000
0.12400000	0.34090000
0.13290000	0.69560000
0.12700000	0.86050000
0.12110000	0.74160000
0.11810000	0.61900000
0.11810000	0.58040000
0.12110000	0.44200000
0.14770000	0.36890000
0.12990000	0.31400000
0.12400000	0.32560000
0.12400000	0.28730000
0.22440000	0.20910000
0.19490000	0.17970000
0.14470000	0.15940000
0.12400000	0.14290000
0.11520000	0.12930000
0.11220000	0.11800000
0.41350000	0.14980000
0.54930000	0.20270000
0.77370000	0.47060000
0.63490000	1.54600000
1.94910000	3.16230000
4.75470000	3.77300000
3.54390000	2.76290000
4.37080000	2.18600000
2.66380000	2.13970000
1.18720000	1.99780000
0.79150000	1.66810000
0.57290000	1.37850000
0.44000000	1.14220000
0.34260000	0.95050000
0.28060000	0.80890000
0.26580000	0.73470000
3.57340000	0.80880000
1.92850000	1.29130000
0.92440000	1.54190000
0.81800000	1.32100000
0.80920000	1.09770000
0.52860000	0.91350000
0.39570000	0.76400000
0.31300000	0.66380000
0.26580000	0.63970000
4.66610000	8.37580000
9.12550000	7.83050000
10.72020000	3.14090000
3.15990000	2.55830000
1.35260000	2.10890000
1.00700000	1.73660000
0.77080000	1.43240000
0.69110000	1.24670000
6.43800000	1.07900000
8.68250000	1.80800000
2.92660000	1.88120000
1.69510000	1.93790000
1.55340000	1.63430000
1.13990000	1.35180000
0.89480000	1.13560000
0.71470000	0.93380000
0.57290000	0.77960000
0.47250000	0.65550000
0.40460000	0.55460000
0.35140000	0.47250000
0.31300000	0.40750000
0.28940000	0.35120000
0.26580000	0.31100000
0.24510000	0.27020000
0.22440000	0.23970000
0.23330000	0.21490000
0.21850000	0.19440000
0.20380000	0.17740000
0.18310000	0.16320000
0.16830000	0.15130000
0.15950000	0.14130000
0.15060000	0.13280000
0.14470000	0.12550000
0.13880000	0.11920000
0.13290000	0.11380000
0.12990000	0.10900000
0.12700000	0.10480000
0.12400000	0.10510000
0.12400000	0.13510000
0.11810000	0.09850000
0.12400000	0.20030000
0.13290000	0.12080000
0.21260000	0.08970000
0.23040000	0.08470000
0.18900000	0.08240000
1.80440000	2.22120000
6.70380000	3.57180000
2.78190000	2.49020000
1.19010000	2.12660000
0.80920000	1.83070000
0.60840000	1.51760000
0.48140000	1.25570000
0.39870000	1.04270000
0.32190000	0.86980000
0.26580000	0.72940000
0.23330000	0.61520000
0.20970000	0.52240000
0.18900000	0.44670000
0.17130000	0.38500000
0.17130000	0.38930000
0.16240000	0.32350000
0.15650000	0.26240000
0.16540000	0.23180000
0.16540000	0.20860000
0.15360000	0.18950000
0.49610000	0.26580000
3.24850000	1.49190000
1.46480000	2.49030000
1.60950000	3.66010000
1.47960000	2.81420000
1.08090000	2.41770000
0.83870000	2.18190000
0.69400000	1.84630000
0.60250000	1.49990000
0.53160000	1.52250000
0.88600000	1.32840000
2.35370000	3.22710000
4.10500000	3.21140000
2.74940000	2.95570000
2.06130000	2.97960000
1.77780000	2.43120000
1.49430000	2.27730000
1.24330000	1.90620000
1.06020000	1.56760000
0.89780000	1.29480000
0.79740000	1.07400000
0.72650000	0.89480000
0.66150000	0.74940000
0.60540000	0.63110000
0.56700000	0.53500000
0.53160000	0.45670000
0.49910000	0.40160000
0.48730000	0.38070000
0.47840000	0.30220000
0.44890000	0.26330000
0.42820000	0.23450000
0.40750000	0.21050000
0.39570000	0.21840000
0.38980000	0.17750000
0.37800000	0.16110000
0.36620000	0.15520000
0.35140000	0.14040000
0.34260000	0.19030000
0.50500000	3.23060000
2.87640000	5.02710000
1.95800000	3.95830000
1.45590000	2.66320000
2.44820000	3.51930000
1.92550000	3.95490000
1.43230000	2.62020000
1.19010000	2.15740000
1.04250000	1.78080000
0.90370000	1.46600000
0.80330000	1.21260000
0.73830000	1.00730000
0.67630000	0.84070000
0.62900000	0.70630000
0.66450000	0.78380000
3.39620000	3.76110000
3.80970000	4.09290000
2.08500000	2.48190000
1.63310000	1.96900000
1.37620000	1.62530000
1.18130000	1.34470000
1.00700000	1.11460000
0.89780000	0.92830000
0.82690000	0.77650000
0.75310000	0.65310000
0.71760000	0.55650000
0.69400000	0.47090000
0.64380000	0.40460000
0.57290000	0.34990000
0.52270000	0.30520000
0.49910000	0.26870000
0.47550000	0.23880000
0.45180000	0.21420000
0.57290000	0.24830000
1.39100000	0.80530000
1.25510000	0.82990000
0.97460000	0.97630000
0.85640000	0.84150000
0.78260000	0.70520000
0.70580000	0.59240000
0.65560000	0.50080000
0.60540000	0.42620000
0.55520000	0.36540000
0.52860000	0.31570000
0.51980000	0.27520000
0.50500000	0.24200000
0.47840000	0.21470000
0.45480000	0.19220000
0.43410000	0.17360000
0.41050000	0.15820000
0.38690000	0.14540000
0.38100000	0.13710000
0.45180000	0.16510000
0.54040000	0.12230000
0.53450000	0.11170000
0.49910000	0.10570000
0.46070000	0.10080000
0.43120000	0.09650000
0.42530000	0.12980000
0.71760000	0.28630000
1.08380000	0.56420000
0.88890000	0.92210000
0.78260000	0.81100000
0.76780000	0.67810000
0.73830000	0.56710000
0.62900000	0.47700000
0.59950000	0.40370000
0.57880000	0.34400000
0.57000000	0.29540000
1.74240000	0.49050000
3.80970000	0.64630000
2.39510000	1.18440000
1.85170000	1.03560000
1.50910000	1.06800000
1.32010000	1.29060000
2.40690000	1.08330000
2.53980000	1.25970000
1.74240000	1.08040000
2.09090000	0.90000000
7.14680000	1.78550000
6.26080000	2.59300000
4.31170000	7.23550000
11.66520000	17.54560000
19.66840000	17.41200000
13.02370000	9.26380000
7.05820000	4.29690000
3.30760000	2.89820000
2.15880000	2.24220000
1.81330000	1.84300000
1.60360000	1.51070000
1.40870000	1.24740000
1.32010000	1.03990000
1.17540000	0.86400000
1.00700000	0.72390000
0.91550000	0.61040000
0.87120000	0.51810000
0.81800000	0.44290000
0.75900000	0.38160000
0.72060000	0.33140000
0.67920000	0.29040000
0.62900000	0.25680000
0.58770000	0.22910000
0.56700000	0.20630000
0.56410000	0.20110000
0.58180000	0.25670000
8.77110000	3.57490000
20.93830000	4.47150000
14.38220000	2.54770000
6.96960000	2.12240000
2.98280000	1.75190000
1.98160000	1.44570000
6.31990000	2.19720000
8.91870000	2.53550000
4.37080000	1.93070000
2.54860000	1.61820000
2.03480000	1.33950000
1.74540000	1.11050000
1.50610000	0.92430000
1.32600000	0.77310000
1.19900000	0.65020000
1.07790000	0.55030000
0.97750000	0.46900000
0.90660000	0.40270000
0.84460000	0.34860000
0.78850000	0.30430000
0.74130000	0.26810000
0.70290000	0.23830000
0.66150000	0.21370000
0.62020000	0.19340000
0.59060000	0.17650000
0.57590000	0.17690000
0.72350000	0.19430000
1.63310000	0.16250000
1.25510000	0.13440000
0.95390000	0.12520000
0.84460000	0.11890000
0.77370000	0.11350000
0.71170000	0.10870000
0.66450000	0.10450000
0.61720000	0.10080000
0.57880000	0.09750000
0.54930000	0.09440000
0.51980000	0.09160000
0.49610000	0.10940000
0.49320000	0.12360000
0.52270000	0.10410000
0.51090000	0.08420000
0.47840000	0.08040000
0.44000000	0.07830000
0.41640000	0.07650000
0.40160000	0.07470000
0.37800000	0.07770000
0.36030000	0.07200000
0.33670000	0.06990000
0.31600000	0.06830000
0.28940000	0.06680000
0.26870000	0.06540000
0.25100000	0.06400000
0.23630000	0.06260000
0.22740000	0.06130000
0.21850000	0.06000000
0.20670000	0.05870000
0.19490000	0.05740000
0.18310000	0.05620000
0.18310000	0.08000000
0.18010000	0.09000000
0.18900000	0.08770000
0.21560000	0.05510000
0.20380000	0.05080000
0.18610000	0.05110000
0.16540000	0.04860000
0.16240000	0.08730000
0.16540000	0.08740000
0.15950000	0.04960000
0.15650000	0.04480000
0.14770000	0.04350000
0.14470000	0.05540000
0.20080000	0.04310000
0.34550000	0.11910000
0.26280000	0.08530000
0.43410000	0.69200000
2.03770000	2.78760000
4.37080000	3.12620000
1.94910000	1.97320000
1.10750000	1.89950000
0.80920000	1.59600000
0.64080000	1.32160000
0.71170000	1.12020000
1.25810000	0.98510000
3.01230000	0.79600000
1.84580000	0.64790000
1.17540000	0.58730000
0.98340000	0.53780000
0.93910000	0.46940000
0.74130000	0.39120000
0.61720000	0.73190000
0.59060000	1.11810000
0.65860000	1.25520000
0.56110000	1.22710000
0.46070000	1.03610000
0.37800000	0.86410000
0.31300000	0.72330000
0.27170000	0.60890000
0.23920000	0.51580000
0.21560000	0.44000000
0.19200000	0.37820000
0.18010000	0.32780000
0.16240000	0.28650000
0.15060000	0.25270000
0.14180000	0.22490000
0.12990000	0.20190000
0.11810000	0.18300000
0.10930000	0.16720000
0.12700000	0.34970000
0.15060000	0.73550000
1.24630000	1.60050000
1.32010000	2.19770000
1.79260000	1.97530000
1.14580000	1.74720000
0.68220000	1.74340000
0.45770000	1.46980000
0.34550000	1.21880000
0.26870000	1.01310000
0.22740000	0.84600000
0.19490000	0.71040000
0.17130000	0.60010000
0.15650000	0.52650000
0.14470000	0.46060000
0.15360000	0.40480000
0.16540000	0.39560000
0.20670000	0.29560000
0.18610000	0.25640000
0.15360000	0.22890000
0.13880000	0.20660000
0.12110000	0.18810000
0.11220000	0.17270000
0.10340000	0.15980000
0.09750000	0.14900000
0.09150000	0.13980000
0.08560000	0.13190000
0.08270000	0.12520000
0.07680000	0.11930000
0.07380000	0.11710000
0.07090000	0.12520000
0.07090000	0.10730000
0.07090000	0.10320000
0.06790000	0.13800000
0.06500000	0.10000000
0.06200000	0.09350000
0.05910000	0.09060000
0.05610000	0.08820000
0.05610000	0.08600000
0.05320000	0.12490000
0.14470000	0.14540000
0.09450000	0.15780000
0.07380000	0.15680000
0.06790000	1.22410000
0.06790000	1.11490000
0.07090000	1.12830000
0.12700000	0.95960000
0.11520000	0.80390000
0.09150000	0.68540000
0.09450000	0.64960000
0.09750000	0.49530000
0.16830000	0.41870000
0.15650000	0.38300000
0.12110000	0.33720000
0.09150000	0.28010000
0.07970000	0.24700000
0.07090000	0.22130000
0.06200000	0.20010000
0.05610000	0.18260000
0.05320000	0.23130000
0.04730000	0.63190000
0.04730000	1.14010000
0.04130000	1.20230000
0.03840000	1.04240000
0.03540000	0.88160000
0.03540000	0.73080000
0.03250000	0.62370000
0.05020000	1.44080000
0.14770000	2.61770000
0.88890000	1.78630000
0.44000000	1.74820000
0.23920000	1.47240000
0.15950000	1.22140000
0.11520000	1.01540000
0.08270000	0.84820000
0.75900000	1.02900000
1.84580000	1.56500000
0.71170000	1.76560000
0.40750000	1.50270000
0.26280000	1.26400000
0.19200000	1.03610000
0.15650000	0.87370000
0.62020000	0.76690000
0.90070000	0.62380000
0.49320000	0.51900000
0.35730000	0.44290000
0.26580000	0.39860000
0.28060000	0.33310000
0.26580000	0.29050000
0.21260000	0.25680000
0.16540000	0.22910000
0.13880000	0.20630000
0.12110000	0.18740000
0.09750000	0.17170000
0.08270000	0.15860000
0.07970000	0.14750000
0.07090000	0.13820000
0.06500000	0.13020000
0.06200000	0.12340000
0.05610000	0.11750000
0.05020000	0.13140000
0.04730000	0.10990000
0.04730000	0.14980000
0.04730000	0.11800000
0.05020000	0.10160000
0.05610000	0.16750000
0.07090000	0.89320000
0.09750000	2.07910000
0.16540000	1.72370000
0.16830000	1.64980000
0.15060000	1.38600000
0.12110000	1.15040000
0.09750000	0.95760000
0.08860000	0.80100000
0.07090000	0.67380000
0.05910000	0.57030000
0.05020000	0.48610000
0.05020000	0.50010000
2.94440000	5.90700000
7.73740000	5.40510000
2.43350000	2.70140000
1.06020000	2.44400000
0.73830000	2.03620000
0.56110000	1.67840000
0.45480000	1.38530000
0.36620000	1.14760000
0.30420000	0.95470000
0.26580000	0.79810000
0.24220000	0.67090000
0.21850000	0.58440000
0.20380000	0.49250000
0.19790000	0.45020000
0.18900000	0.74100000
0.33370000	5.69200000
2.23850000	5.53990000
1.18420000	3.69520000
1.52680000	3.94610000
1.25220000	2.86240000
0.82390000	2.67940000
0.66450000	2.26110000
0.59660000	1.84730000
0.55520000	1.90510000
0.51390000	1.60790000
0.45770000	1.33070000
1.55040000	3.54690000
5.05000000	4.87740000
2.19720000	2.59400000
3.78010000	5.85160000
10.51350000	16.69690000
16.89240000	19.02250000
19.31410000	20.10430000
16.98100000	18.33830000
14.26410000	9.66210000
7.58980000	4.47250000
3.18950000	3.00350000
1.86640000	2.33630000
1.57110000	1.91510000
1.37920000	1.66670000
1.16950000	1.81950000
1.01000000	1.55030000
0.89780000	1.28480000
0.82100000	1.06590000
1.07200000	2.23850000
5.34530000	11.59950000
11.93100000	19.22780000
18.57580000	16.37370000
13.26000000	9.70000000
8.29850000	5.23700000
4.04590000	3.00890000
2.35370000	2.27370000
1.89600000	1.85190000
1.62130000	1.96440000
1.46480000	2.91500000
1.31120000	2.28430000
1.17240000	2.18270000
1.04250000	1.82760000
0.93030000	1.51080000
1.02180000	1.74270000
3.72110000	6.20970000
4.37080000	7.23070000
2.70220000	3.87140000
2.09090000	2.76520000
1.73940000	2.18390000
1.48250000	1.78860000
1.30830000	1.47560000
1.15770000	1.22080000
1.03950000	1.01400000
0.95680000	0.84610000
0.85350000	0.70980000
0.77970000	0.59900000
0.72650000	0.50880000
0.67330000	0.43530000
0.63200000	0.37540000
0.59950000	0.32640000
0.56700000	0.28630000
0.57000000	0.28010000
0.57880000	0.22910000
0.53750000	0.20420000
0.50200000	0.18540000
0.48430000	0.17160000
0.48430000	0.19090000
0.51980000	0.15000000
0.55820000	0.22010000
4.10500000	5.18090000
16.30180000	19.10480000
28.91200000	20.99790000
14.41170000	11.28890000
7.76700000	6.04780000
3.83920000	3.74780000
2.24150000	2.76290000
3.69150000	4.90810000
7.58980000	6.30280000
5.19770000	3.40380000
2.98280000	2.49010000
2.30650000	2.00240000
1.98750000	2.06020000
1.71290000	1.69680000
1.46480000	1.96400000
3.27810000	4.55320000
6.94010000	6.81600000
4.01640000	4.96120000
2.59290000	2.93500000
2.07610000	2.23170000
1.79850000	1.81590000
1.58000000	1.49790000
1.35550000	1.23900000
1.15770000	1.02870000
1.05430000	0.85810000
0.99230000	0.71950000
0.92440000	0.60680000
0.86820000	0.53920000
0.87420000	0.48450000
3.07130000	3.83380000
4.48890000	5.72060000
2.60470000	4.16810000
2.03770000	2.86130000
1.73940000	2.30340000
1.58290000	1.89420000
1.73940000	2.91690000
6.34940000	6.22280000
5.67020000	5.93820000
2.98280000	3.40420000
2.92370000	3.32870000
11.36990000	16.18120000
23.65530000	25.11510000
20.05240000	21.55930000
14.11640000	14.45180000
8.62340000	7.28740000
4.37080000	3.73230000
2.55750000	2.62280000
2.06430000	2.07770000
1.76600000	1.70600000
1.73940000	1.45080000
5.55210000	2.69330000
5.64070000	3.61300000
3.07130000	2.30140000
2.37140000	1.86500000
1.98160000	1.53410000
1.74540000	1.26940000
1.58290000	1.05340000
1.42050000	0.87800000
1.27280000	0.73560000
1.54160000	0.69610000
5.10910000	1.69530000
4.75470000	1.99470000
2.86460000	1.43010000
2.23560000	1.20600000
1.86640000	1.00410000
1.64200000	0.85690000
1.56230000	0.73140000
1.45000000	0.59480000
1.32300000	0.50240000
1.23740000	0.42910000
1.12520000	0.36960000
3.24850000	0.40790000
7.02870000	0.50020000
4.84330000	0.66390000
2.69920000	0.75510000
2.15880000	0.69640000
1.94910000	0.55610000
1.83100000	0.81060000
1.65090000	0.71390000
1.47070000	0.60220000
1.33780000	0.50890000
1.22560000	0.43290000
1.11040000	0.37100000
1.03660000	0.34520000
0.96570000	0.30310000
0.89780000	0.25210000
0.85350000	0.27210000
0.88890000	0.95830000
1.08970000	1.66480000
1.16950000	1.66020000
1.14880000	1.46730000
1.03660000	1.22120000
0.93910000	1.01300000
0.86820000	0.84360000
0.81210000	0.70600000
0.76190000	0.59420000
0.70580000	0.50330000
0.65860000	0.42920000
0.60840000	0.36890000
0.56410000	0.31960000
0.54040000	0.29680000
0.50800000	0.24810000
0.48140000	0.21920000
0.45480000	0.19670000
0.42530000	0.17820000
0.40750000	0.18130000
0.39870000	0.15190000
0.40160000	0.16050000
0.40460000	0.13230000
0.36920000	0.12250000
0.34260000	0.11580000
0.31010000	0.11010000
0.28060000	0.10510000
0.26280000	0.10080000
0.24220000	0.10100000
0.23040000	0.09390000
0.21850000	0.09040000
0.20970000	0.09260000
0.19790000	0.08550000
0.19200000	0.08270000
0.18610000	0.08040000
0.18610000	0.10110000
0.18310000	0.11070000
0.18310000	0.08430000
0.37210000	0.14390000
0.54040000	0.07840000
1.36140000	0.15100000
0.98930000	0.10290000
0.67630000	0.41920000
0.55520000	0.69470000
0.43410000	0.84920000
0.35440000	0.73410000
0.93320000	0.67610000
0.65860000	0.51730000
0.49910000	0.45440000
0.38100000	0.36920000
0.29530000	0.31010000
0.35730000	0.28560000
0.26870000	0.23210000
0.19490000	0.20090000
0.16830000	0.17680000
0.15060000	0.15710000
0.13880000	0.14080000
0.12400000	0.12740000
0.11220000	0.11630000
0.10340000	0.10700000
0.11810000	0.18170000
0.12110000	0.11000000
0.16240000	0.10650000
0.20970000	0.13360000
0.24810000	0.10570000
0.19200000	0.07800000
0.18610000	0.07180000
0.19490000	0.13930000
0.20970000	0.09780000
0.26580000	0.43160000
0.20080000	0.81080000
0.18310000	1.15300000
0.82390000	1.01710000
0.39870000	1.08380000
0.23630000	1.20040000
0.17130000	1.02320000
0.13880000	0.85060000
0.11810000	0.70850000
0.11810000	0.62070000
0.11810000	0.52740000
0.10630000	0.42600000
0.12990000	0.41840000
0.17420000	0.38560000
0.17720000	0.59140000
0.15360000	0.85650000
0.13580000	0.73740000
0.11810000	0.64060000
0.10630000	0.58800000
0.09750000	0.44930000
0.08860000	0.59080000
0.08560000	0.49550000
0.08270000	0.47150000
0.07680000	0.36320000
0.07380000	0.30940000
0.07380000	0.26810000
0.07380000	0.23460000
0.07090000	0.20700000
0.06790000	0.18440000
0.06500000	0.16570000
0.06200000	0.15030000
0.05910000	0.13750000
0.05910000	0.12670000
0.05610000	0.11770000
0.05610000	0.11010000
0.05610000	0.10370000
0.09150000	0.09810000
0.05320000	0.09340000
0.05020000	0.08920000
0.04730000	0.08560000
0.04730000	0.08230000
0.05020000	0.10510000
0.05910000	0.08500000
0.07680000	0.08220000
0.09150000	0.15840000
0.06500000	0.12490000
0.07090000	0.08730000
0.07380000	0.06840000
0.07090000	0.06500000
0.06500000	0.06340000
0.06500000	0.06190000
0.06200000	0.06040000
0.05610000	0.05900000
0.05020000	0.05770000
0.04430000	0.05640000
0.04130000	0.05520000
0.03840000	0.05400000
0.05910000	0.14650000
0.05610000	0.07530000
0.04130000	0.05270000
0.03840000	0.04960000
0.03540000	0.04840000
0.03540000	0.04740000
0.03540000	0.04640000
0.03540000	0.04540000
0.02950000	0.04440000
0.02840000	0.04350000
0.02720000	0.04270000
0.02690000	0.04170000
0.02630000	0.04080000
0.02660000	0.03990000
0.02420000	0.03910000
0.02420000	0.03830000
0.02270000	0.03750000
0.02210000	0.03670000
0.02190000	0.03590000
0.02190000	0.05080000
0.02130000	0.04440000
0.02210000	0.12240000
0.02660000	0.04700000
0.02660000	0.03340000
0.02600000	0.12470000
0.06500000	0.49320000
0.10040000	1.26220000
0.15060000	0.82000000
0.08270000	0.77220000
0.06790000	0.65800000
0.17130000	0.55650000
0.07090000	0.50180000
0.05320000	0.42880000
0.05320000	0.36150000
0.05320000	0.30560000
0.04730000	0.26750000
0.04430000	0.23690000
0.04130000	0.21190000
0.04130000	0.19120000
0.03840000	0.17400000
0.03540000	0.15970000
0.03250000	0.14770000
0.03250000	0.15270000
0.02950000	0.21610000
0.03250000	0.13090000
0.03250000	0.11620000
0.03250000	0.11020000
0.03250000	0.10550000
0.03250000	0.10130000
0.03250000	0.09760000
0.03250000	0.09430000
0.03250000	0.09130000
0.03250000	0.08850000
0.03250000	0.08600000
0.03250000	0.08360000
0.03250000	0.08140000
0.03250000	0.07940000
0.03250000	0.07740000
0.03250000	0.07550000
0.03250000	0.07380000
0.03250000	0.07210000
0.03250000	0.07040000
0.03250000	0.06880000
0.03250000	0.09290000
0.02950000	0.13140000
0.02950000	0.07120000
0.02950000	0.06350000
0.02950000	0.06160000
0.02950000	0.06030000
0.02950000	0.05900000
0.02950000	0.11020000
0.02950000	0.06200000
0.02950000	0.05570000
0.02950000	0.05420000
0.02950000	0.05300000
0.02950000	0.05190000
0.02950000	0.05080000
0.05020000	0.04980000
0.06500000	0.04870000
0.05610000	0.04770000
0.04730000	0.04670000
0.05020000	0.04570000
0.08270000	0.04470000
0.07680000	0.04380000
0.14770000	0.78110000
0.51090000	0.88470000
0.45770000	0.89390000
0.22150000	0.76260000
0.10630000	0.64180000
0.04130000	0.54270000
0.03250000	0.46200000
3.04180000	2.49050000
3.86870000	1.79370000
0.96270000	1.38600000
0.51390000	1.13990000
0.32490000	0.94950000
0.21850000	0.79540000
0.15060000	0.67010000
0.10040000	0.56820000
0.06500000	0.48520000
0.04130000	0.41750000
0.03250000	0.36270000
0.02950000	0.35130000
0.02950000	0.49760000
0.02950000	1.10750000
0.02950000	1.43200000
0.02950000	1.23130000
0.03250000	1.02410000
0.03250000	0.85340000
0.02950000	0.71480000
0.02950000	0.60220000
0.02950000	0.51060000
0.02950000	0.43600000
0.02950000	0.37510000
0.02950000	0.32540000
0.02950000	0.28480000
0.02950000	0.25140000
0.02950000	0.22400000
0.02950000	0.24310000
0.33370000	1.55310000
1.25810000	1.97960000
0.76490000	1.72040000
0.45770000	1.42650000
0.31890000	1.18200000
0.28350000	1.02630000
0.39570000	1.23300000
0.56700000	1.44990000
0.44590000	1.42080000
0.93910000	2.50320000
5.05000000	5.59210000
3.80970000	5.31950000
3.30760000	5.82070000
5.28630000	6.58870000
3.01230000	5.00300000
1.76600000	3.02710000
1.28470000	2.38070000
1.30240000	3.26220000
1.90480000	3.97730000
1.63310000	2.68600000
2.00520000	3.05940000
2.00820000	4.01660000
1.49140000	2.54360000
1.26100000	2.01350000
1.10750000	1.65920000
0.94800000	1.37240000
0.83870000	1.13730000
0.77080000	0.94630000
0.76490000	0.79130000
2.53980000	0.68680000
4.10500000	0.56770000
2.27400000	0.61410000
1.64790000	0.54600000
1.92250000	2.59060000
6.11320000	7.68250000
6.29040000	15.82860000
22.76930000	25.67880000
30.12280000	22.36900000
11.10410000	11.73330000
5.67020000	5.88190000
2.87940000	3.21490000
1.88120000	2.38450000
1.53570000	1.91840000
1.28170000	1.57890000
1.10750000	1.30450000
1.00110000	1.08190000
0.92140000	0.90120000
0.86530000	0.75450000
0.82390000	0.65210000
1.08680000	0.57530000
1.69810000	2.63820000
1.63610000	5.10190000
2.35080000	4.38590000
1.74830000	2.64480000
1.39980000	2.06620000
1.25220000	1.69680000
1.14290000	1.40240000
1.03950000	1.16140000
0.95390000	0.96570000
0.89480000	0.80750000
0.82690000	0.67840000
0.76190000	0.57490000
0.96870000	0.81360000
2.04070000	0.79790000
1.55630000	1.28410000
1.28760000	1.12810000
1.23150000	0.95740000
1.32890000	0.80620000
1.25810000	0.66240000
1.11930000	0.64940000
1.03360000	0.56090000
0.95680000	0.47530000
0.86230000	0.40670000
0.80330000	0.35080000
0.76190000	0.30520000
0.73240000	0.26790000
0.68810000	0.23730000
0.63790000	0.21200000
0.59660000	0.19120000
0.57290000	0.18940000
0.57880000	0.18560000
0.59360000	0.15020000
0.58180000	0.13760000
0.55820000	0.12890000
0.53450000	0.12160000
0.52860000	0.14440000
0.61130000	0.16140000
0.95090000	0.12240000
1.15180000	0.13970000
2.33010000	0.32650000
2.40980000	0.74440000
1.68630000	1.07150000
1.36440000	0.93320000
1.16650000	0.77860000
1.05730000	0.65180000
0.99230000	0.56110000
0.90660000	0.46250000
0.82100000	0.39190000
0.75310000	0.33560000
0.69110000	0.28970000
0.64380000	0.25220000
0.61720000	0.23970000
0.75600000	0.22300000
0.79740000	0.17820000
0.69700000	0.15850000
0.64080000	0.14410000
0.62310000	0.16050000
0.60840000	0.15380000
0.71470000	0.19320000
3.63250000	1.48460000
3.60290000	1.80740000
2.94140000	1.75500000
2.46000000	1.66990000
1.95210000	1.44490000
2.22970000	1.16490000
1.84870000	1.23620000
1.49430000	1.05310000
1.28170000	0.87820000
1.17830000	0.73420000
4.63660000	3.94610000
8.47570000	4.90310000
6.02460000	2.83250000
2.98280000	2.48760000
2.09090000	2.06730000
1.69220000	1.69900000
1.64200000	1.46380000
1.92250000	1.31220000
1.87230000	1.33390000
1.58880000	1.55730000
1.39980000	1.33310000
1.22850000	1.10800000
1.08970000	0.92640000
0.97160000	0.77170000
0.87120000	0.64870000
0.77970000	0.54900000
0.67920000	0.46780000
0.60250000	0.40170000
0.52860000	0.34770000
0.47840000	0.30350000
0.43410000	0.26730000
0.40160000	0.23750000
0.38690000	0.24650000
0.36920000	0.19630000
0.34260000	0.17620000
0.31890000	0.16190000
0.29530000	0.15010000
0.27760000	0.15920000
0.27170000	0.17230000
0.40460000	0.12880000
0.35730000	0.11870000
0.29830000	0.11300000
0.26280000	0.10830000
0.23920000	0.14770000
0.23920000	0.10540000
0.20970000	0.09740000
0.19790000	0.09400000
0.19200000	0.09120000
0.18010000	0.08870000
0.17130000	0.08630000
0.16540000	0.08400000
0.15950000	0.12630000
0.15950000	0.13890000
0.16240000	0.10380000
0.16830000	0.07870000
0.18010000	0.07460000
0.18310000	0.07280000
0.16540000	0.07110000
0.15060000	0.06960000
0.13880000	0.06800000
0.12990000	0.06660000
0.12700000	0.06510000
0.12110000	0.06370000
0.11810000	0.06230000
0.10930000	0.06100000
0.09750000	0.05970000
0.09450000	0.05840000
0.08860000	0.05720000
0.08560000	0.05600000
0.07970000	0.05480000
0.07090000	0.05370000
0.06790000	0.05260000
0.06790000	0.05140000
0.06500000	0.05030000
0.06500000	0.04930000
0.06200000	0.04820000
0.05910000	0.04720000
0.05910000	0.04620000
0.05610000	0.12520000
0.05320000	0.05270000
0.05020000	0.04400000
0.05020000	0.04250000
0.05020000	0.04160000
0.04730000	0.04070000
0.04730000	0.03980000
0.04730000	0.03900000
0.04430000	0.03820000
0.04430000	0.03740000
0.04130000	0.03660000
0.04130000	0.05530000
0.04130000	0.03710000
0.04130000	0.03720000
0.03840000	0.07990000
0.03840000	0.05270000
0.06790000	0.10660000
0.06790000	0.03930000
0.17130000	0.03140000
0.14180000	0.03020000
0.10630000	0.02960000
0.08560000	0.02900000
0.07380000	0.02840000
0.07680000	0.08590000
0.06790000	0.31880000
0.08560000	1.48590000
0.23630000	0.91680000
0.22740000	0.86240000
0.15360000	0.73400000
0.11810000	0.61810000
0.09450000	0.52350000
0.07680000	0.44650000
0.31890000	0.74760000
3.07130000	1.74180000
1.35550000	1.38770000
0.85050000	1.15260000
0.41350000	1.06550000
0.27760000	0.90090000
0.20970000	0.75690000
0.17720000	0.63900000
0.15650000	0.54300000
0.13880000	0.46490000
0.12400000	0.40110000
0.11520000	0.34900000
0.10930000	0.30630000
0.09450000	0.27240000
0.18010000	0.24660000
0.20670000	0.25750000
0.14770000	0.20350000
0.12400000	0.18290000
0.10340000	0.16880000
0.08270000	0.15720000
0.07090000	0.14740000
0.06790000	0.13910000
0.12400000	0.13190000
0.15650000	0.12570000
0.13880000	0.12030000
0.10630000	0.11550000
0.08270000	0.11130000
0.06500000	0.10750000
0.05610000	0.10400000
0.05020000	0.10090000
0.16540000	0.19320000
0.22440000	0.18630000
0.17420000	0.10200000
0.27460000	0.10720000
1.21670000	0.87010000
2.24740000	0.89090000
0.72940000	0.94450000
0.36620000	0.81100000
0.25100000	0.68420000
0.19200000	0.57960000
0.15950000	0.49450000
0.13880000	0.42510000
0.12110000	0.36840000
0.10340000	0.32200000
0.10930000	0.28400000
0.13580000	0.39650000
0.71170000	0.26090000
0.55520000	0.69460000
0.31300000	0.72430000
0.22440000	0.62200000
0.17720000	0.52660000
0.15360000	0.44830000
0.18900000	0.39380000
6.34940000	3.10350000
10.12950000	2.97390000
6.58570000	1.84120000
1.90480000	1.76950000
1.04540000	1.54690000
5.87690000	7.54320000
6.82190000	8.20020000
3.07130000	4.85660000
1.57410000	2.90740000
1.24040000	2.35730000
0.95090000	1.94400000
0.70290000	1.60170000
0.54630000	1.33450000
0.59060000	1.13920000
0.81210000	0.91770000
0.56700000	0.76460000
0.43120000	0.64330000
0.34550000	0.54480000
0.31010000	0.46460000
0.30710000	0.39930000
2.78190000	0.44750000
2.65790000	0.54570000
1.36730000	0.79280000
0.99230000	0.83490000
0.77970000	0.71550000
0.65270000	0.60280000
0.56410000	0.51020000
0.48140000	0.43470000
0.42230000	0.37330000
0.38100000	0.32310000
0.34260000	0.28200000
0.30710000	0.24840000
0.27460000	0.22080000
0.25100000	0.19800000
0.23630000	0.17920000
0.22150000	0.17500000
0.21260000	0.15170000
0.23040000	0.17480000
0.27170000	0.13400000
0.33960000	0.17130000
0.31600000	0.12090000
0.29240000	0.11040000
0.26870000	0.10510000
0.24510000	0.10070000
0.23330000	0.09680000
0.22150000	0.09340000
0.22740000	0.16670000
0.25690000	0.09540000
0.32190000	0.45890000
0.33960000	0.43880000
0.32780000	0.37820000
0.30120000	0.31120000
0.28060000	0.37470000
0.37800000	0.33010000
5.43390000	3.86300000
7.20590000	5.23030000
3.15990000	2.80090000
1.69220000	2.56600000
1.31710000	2.13080000
1.11630000	1.76240000
1.08380000	1.45660000
0.95390000	1.19830000
1.21970000	1.77750000
1.54160000	2.13000000
1.28760000	1.83520000
1.11340000	1.54090000
1.33490000	1.29550000
1.45890000	1.05870000
1.51800000	1.01220000
7.41260000	6.75450000
9.98190000	8.80570000
6.82190000	4.17590000
3.01230000	2.91240000
1.90190000	2.29410000
1.53270000	1.87910000
1.35260000	1.54920000
7.17630000	6.32310000
10.33630000	10.46040000
7.56020000	7.48870000
3.69150000	3.80280000
2.26220000	2.68120000
1.77190000	2.12590000
1.47370000	1.74220000
1.29350000	1.43780000
1.13700000	1.19010000
1.02180000	0.98910000
0.94210000	0.82590000
0.87420000	0.69330000
0.80330000	0.60320000
0.74720000	0.50040000
0.70290000	0.42750000
0.66150000	0.36830000
0.62020000	0.32040000
0.59060000	0.28140000
0.56410000	0.24930000
0.52860000	0.22300000
0.49610000	0.20120000
0.47550000	0.18310000
0.45770000	0.16810000
0.45480000	0.15550000
0.43410000	0.15560000
0.51390000	0.18670000
2.43640000	4.32140000
5.64070000	6.55390000
5.52250000	6.66090000
3.80970000	5.52280000
2.57520000	3.19510000
2.39510000	4.47830000
4.19360000	6.74500000
3.57340000	8.34440000
8.68250000	10.15630000
11.48800000	11.07620000
11.72430000	9.10850000
8.23950000	6.62570000
5.72920000	5.73540000
3.83920000	3.32110000
3.33710000	3.94670000
3.57340000	4.45770000
7.08770000	7.15840000
10.33630000	9.41720000
7.85560000	7.33760000
6.58570000	9.92760000
10.89740000	18.67570000
19.31410000	25.20300000
20.34770000	21.57950000
13.23040000	14.92680000
9.00730000	9.44360000
5.93600000	4.51380000
4.13450000	3.04160000
2.98280000	2.34190000
2.44230000	1.90120000
2.05540000	1.56560000
1.79850000	1.29380000
1.62430000	1.07320000
1.48250000	0.89420000
1.35260000	0.74880000
1.26100000	0.63070000
1.42940000	0.56740000
1.52680000	0.45980000
1.40870000	0.39280000
2.77600000	1.25400000
3.86870000	1.77350000
2.65790000	1.32550000
2.18240000	1.13560000
1.89010000	0.97140000
1.68330000	0.81050000
1.87820000	2.50010000
5.05000000	7.24340000
6.58570000	7.57000000
4.69560000	3.88810000
3.39620000	2.74020000
2.72580000	2.16290000
2.37140000	1.77040000
2.08200000	1.47080000
1.84280000	1.21560000
1.67450000	1.01380000
4.10500000	0.85620000
3.36670000	0.72050000
2.72580000	3.33040000
6.29040000	8.15700000
8.26900000	7.95790000
5.93600000	5.92270000
9.56840000	13.97260000
14.58890000	16.66110000
11.75380000	9.05110000
6.23130000	4.25930000
4.01640000	2.89210000
2.89120000	2.24510000
4.22310000	6.47740000
12.69880000	16.15610000
14.32310000	15.94010000
8.56430000	8.53280000
5.25670000	4.04810000
3.69150000	3.78920000
6.94010000	16.73320000
13.61430000	28.82990000
19.04830000	23.26320000
9.89330000	12.06850000
5.67020000	6.00090000
3.69150000	3.23500000
2.71400000	2.36030000
2.32420000	1.90570000
1.99640000	1.57160000
1.82210000	1.29890000
1.66860000	1.08320000
1.59770000	0.91550000
1.47960000	0.75340000
1.39100000	0.64670000
1.32300000	0.53780000
1.68330000	0.52240000
4.81370000	0.46760000
4.57750000	0.90170000
3.45530000	1.76150000
4.63660000	3.74910000
3.78010000	2.23300000
2.95320000	2.27140000
2.47780000	1.91380000
2.13520000	1.57980000
1.91660000	1.32580000
2.94440000	1.43350000
5.46350000	3.97160000
5.34530000	3.56250000
3.92780000	2.25640000
3.04180000	1.88390000
6.14270000	10.10810000
16.24270000	13.34920000
16.53800000	7.19510000
9.68660000	5.97100000
9.77520000	8.77510000
9.27310000	8.12820000
6.79240000	5.36300000
3.98680000	3.09400000
2.72880000	2.30680000
2.20900000	1.86930000
1.87230000	1.54210000
1.70700000	1.30700000
1.56230000	1.06130000
1.36140000	0.88200000
1.21970000	0.73870000
1.11630000	0.62250000
1.02770000	0.52790000
0.94800000	0.45090000
0.87420000	0.38800000
0.80620000	0.33670000
0.75010000	0.29470000
0.69400000	0.26030000
0.64380000	0.23200000
0.59660000	0.20860000
0.55820000	0.18930000
0.52270000	0.17320000
0.50800000	0.20550000
0.49020000	0.17620000
0.46960000	0.15420000
0.45180000	0.13240000
0.43410000	0.17730000
0.90070000	0.22130000
3.27810000	3.26000000
1.67150000	2.65450000
1.02180000	2.28480000
0.82690000	1.91010000
0.86820000	1.59200000
1.21080000	1.28940000
0.82390000	1.06710000
0.67330000	0.88920000
0.59950000	0.75340000
0.54630000	0.63960000
0.51390000	0.53360000
0.46660000	0.45490000
0.42230000	0.39140000
0.38690000	0.36120000
0.37800000	0.42220000
0.51090000	0.71610000
0.63490000	1.08030000
0.53450000	1.00710000
0.71170000	0.79950000
0.54630000	0.78670000
0.44300000	0.67210000
0.40460000	0.64930000
0.57000000	0.49010000
0.46370000	0.71020000
0.38100000	0.62790000
0.32190000	0.53230000
0.29240000	0.45240000
0.29830000	0.41670000
0.27460000	0.33720000
0.25990000	0.32580000
0.27760000	0.33120000
1.42350000	3.96020000
2.95320000	3.12000000
1.38210000	2.41330000
1.07790000	6.81260000
1.21670000	6.21900000
0.88890000	3.08690000
0.67330000	2.50960000
1.56520000	5.14490000
2.31830000	7.68640000
8.88920000	12.91600000
11.63570000	16.92090000
8.15090000	12.24630000
3.89830000	6.27180000
3.33710000	6.24390000
4.90230000	7.93180000
7.17630000	8.11610000
7.82600000	10.52510000
5.84740000	9.12390000
3.45530000	5.04330000
2.29760000	2.82890000
1.65090000	2.16730000
1.28760000	1.79130000
1.26690000	1.51880000
2.19720000	1.25280000
1.49730000	1.06410000
2.14110000	0.93280000
2.46000000	3.10160000
7.47160000	8.64070000
10.72020000	13.38200000
9.98190000	13.64480000
6.88100000	10.47620000
3.69150000	6.40720000
2.36850000	3.45860000
1.85170000	2.45920000
1.42350000	1.97690000
1.63020000	2.05310000
2.48070000	3.79330000
1.90480000	3.84120000
1.40870000	2.39610000
1.12810000	1.94290000
0.98640000	1.64400000
0.99820000	1.37770000
0.82990000	1.10780000
0.71170000	0.95490000
0.71170000	0.95390000
0.72060000	1.11080000
0.62310000	1.48230000
0.53750000	1.28290000
0.48140000	1.09790000
0.46070000	0.89230000
0.42820000	0.74440000
0.38690000	0.62640000
0.37510000	0.53060000
0.42530000	0.45260000
0.44300000	0.38900000
0.35140000	0.33720000
0.30710000	0.32120000
0.28060000	0.27450000
0.27170000	0.24150000
0.35440000	0.20860000
0.33370000	0.18810000
0.25400000	0.17180000
0.23040000	0.15830000
0.20670000	0.14690000
0.19490000	0.13740000
0.18900000	0.12920000
0.17720000	0.12220000
0.16540000	0.11620000
0.16240000	0.11100000
0.15060000	0.10640000
0.14470000	0.10240000
0.15060000	0.09880000
0.31010000	0.14190000
0.19790000	0.14490000
0.20080000	0.09510000
0.18310000	0.08760000
0.15650000	0.08490000
0.13880000	0.08270000
0.12990000	0.11600000
0.12110000	0.10360000
0.11220000	0.12480000
0.20080000	0.08000000
0.29240000	0.12810000
0.27760000	0.07740000
0.33670000	0.07050000
0.22740000	0.06850000
0.19490000	0.11530000
0.17420000	0.07060000
0.24220000	0.13980000
0.33080000	0.32400000
0.39570000	0.54950000
0.24810000	0.48690000
0.19200000	0.40990000
0.16540000	0.34550000
0.14770000	0.29300000
0.13290000	0.25030000
0.12400000	0.25180000
0.11810000	0.24060000
0.10630000	0.17790000
0.64080000	0.16620000
0.48430000	2.45010000
0.73240000	2.56780000
0.83280000	1.82850000
0.52860000	1.74710000
0.37800000	1.47230000
0.27760000	1.22130000
0.22740000	1.01530000
0.19200000	0.84800000
0.17130000	0.75790000
0.16540000	0.66540000
0.18010000	0.82470000
0.21260000	1.25830000
0.40160000	2.70050000
0.90660000	2.05390000
0.61720000	2.02120000
0.68510000	3.44750000
2.20610000	8.53830000
8.35760000	16.69290000
12.28540000	21.35470000
13.64390000	15.64350000
6.91050000	8.09240000
2.64310000	3.84280000
1.32890000	2.64780000
1.06910000	2.09310000
0.87120000	1.72070000
0.72350000	1.42120000
0.61430000	1.17670000
0.53750000	0.97820000
0.47250000	0.81700000
0.41940000	0.68610000
0.37210000	0.57970000
0.33670000	0.49310000
0.30710000	0.42250000
0.30120000	0.42720000
0.29530000	0.33220000
0.28060000	0.28960000
0.26280000	0.25420000
0.25100000	0.22220000
0.23330000	0.20000000
0.22150000	0.18210000
0.20670000	0.16720000
0.19490000	0.15480000
0.18610000	0.14430000
0.17720000	0.13540000
0.17420000	0.12780000
0.15950000	0.12130000
0.15650000	0.11570000
0.15360000	0.11390000
0.14770000	0.10670000
0.14470000	0.10250000
0.14470000	0.09900000
0.14180000	0.09590000
0.13880000	0.09300000
0.20670000	0.21890000
0.59360000	0.58070000
0.94500000	1.53460000
7.38310000	3.36760000
6.26080000	3.02630000
2.27100000	2.53320000
1.44710000	2.09760000
1.13400000	1.72680000
1.01890000	1.45460000
1.91960000	2.93100000
7.97370000	8.73300000
7.64880000	8.66920000
3.54390000	4.09670000
2.12340000	2.85290000
1.63900000	2.25130000
1.39690000	1.84510000
2.12930000	2.80570000
7.38310000	9.41250000
5.90640000	10.81790000
2.98280000	5.97970000
2.20310000	3.28260000
1.78080000	2.41370000
2.48370000	1.97710000
1.73650000	1.69040000
1.36730000	1.72350000
1.19310000	1.46170000
1.07500000	1.21230000
0.96870000	1.00710000
0.85940000	0.84040000
0.80330000	0.70500000
0.75900000	0.59500000
0.71170000	0.50550000
1.06320000	1.51870000
1.64790000	2.56340000
1.46780000	1.92190000
1.26990000	1.89800000
1.67450000	2.22450000
2.56340000	3.13000000
1.81030000	2.09020000
1.50020000	1.71870000
1.29060000	1.42560000
1.10450000	1.18110000
1.01300000	0.98170000
0.86230000	0.81980000
0.81210000	0.68830000
0.76780000	0.58140000
0.72350000	0.49440000
0.67920000	0.42350000
0.64380000	0.36560000
0.61430000	0.31830000
0.59060000	0.27960000
0.56110000	0.24780000
0.54930000	0.23150000
0.52860000	0.20210000
0.53450000	0.39890000
2.95320000	9.38680000
7.38310000	12.70940000
12.40350000	6.99810000
6.02460000	3.67580000
6.61520000	6.98650000
10.83830000	10.37150000
11.10410000	10.96140000
11.75380000	10.58250000
11.25180000	11.86590000
12.43310000	11.26420000
8.71200000	6.12440000
5.19770000	3.33580000
3.10090000	2.44120000
2.29760000	1.96530000
1.86050000	1.61690000
1.61540000	1.33530000
1.42050000	1.10690000
1.27870000	0.94890000
2.98280000	2.97810000
5.07950000	4.51390000
5.02050000	8.25480000
12.46260000	17.54300000
15.15000000	16.56100000
8.62340000	8.82160000
4.78420000	6.04360000
6.37900000	8.67740000
4.87280000	8.43430000
3.30760000	4.27880000
2.59880000	2.93630000
5.99500000	6.79310000
12.46260000	11.54370000
10.92690000	8.75540000
5.78830000	4.31710000
3.69150000	3.75880000
6.37900000	8.11530000
28.58720000	19.09740000
34.25740000	19.67450000
13.23040000	10.43420000
7.44210000	5.41440000
4.40030000	3.05630000
2.86460000	2.91110000
10.04090000	14.50180000
14.82520000	18.56530000
12.87600000	10.03950000
6.26080000	5.22500000
3.42570000	2.97310000
4.78420000	4.83700000
35.14330000	22.82330000
41.64040000	28.59850000
16.98100000	16.43490000
8.94830000	9.29430000
5.67020000	5.94150000
3.78010000	3.32290000
4.40030000	2.97520000
6.70380000	3.42620000
4.22310000	2.54980000
2.98280000	2.15620000
2.32420000	1.78410000
1.97870000	1.47470000
1.73650000	1.22030000
1.58000000	1.04550000
3.04180000	3.95610000
9.53890000	8.79820000
8.68250000	7.87440000
4.57750000	3.98420000
2.95320000	2.77070000
2.31830000	2.16770000
4.40030000	2.23570000
11.63570000	8.58770000
14.17550000	11.52900000
11.13360000	7.09280000
6.23130000	3.74420000
3.57340000	2.63130000
2.63130000	2.08370000
2.29760000	1.71190000
11.01550000	9.74980000
22.44450000	17.57910000
17.04010000	13.38210000
9.24360000	6.87350000
5.22720000	3.56700000
3.10090000	2.53170000
2.38030000	2.01940000
1.96680000	1.66170000
1.67740000	1.37180000
1.46180000	1.13650000
1.29940000	0.94550000
1.19010000	0.79910000
1.09560000	0.66550000
1.21080000	0.61370000
1.87530000	0.51450000
2.18240000	0.43490000
2.75240000	0.35770000
1.96090000	0.31020000
1.64200000	0.27280000
1.43530000	0.24230000
1.30530000	0.21720000
1.21970000	0.23010000
1.35260000	0.22530000
1.38510000	0.16940000
1.20790000	0.15300000
1.14580000	0.14250000
1.39100000	0.16910000
1.41460000	0.13020000
1.24920000	0.12050000
1.16060000	0.11470000
1.13110000	0.12630000
1.07790000	0.10730000
0.99820000	0.10190000
0.93030000	0.12290000
0.88010000	0.09790000
0.82100000	0.09270000
3.36670000	0.42940000
10.63160000	4.19020000
11.99010000	3.38300000
6.08360000	2.62020000
2.76130000	2.16980000
2.01700000	1.78650000
1.64200000	1.47300000
1.55930000	1.30930000
1.95500000	1.03830000
1.47960000	0.84700000
1.42940000	0.70870000
1.40280000	0.65100000
1.16360000	0.51350000
1.05730000	0.59220000
1.20490000	2.93210000
1.09560000	2.83780000
0.94500000	2.42670000
0.84170000	2.02050000
1.16650000	1.72060000
4.37080000	4.22520000
3.39620000	4.99560000
1.81330000	2.84260000
1.41750000	2.36760000
1.19610000	1.93640000
1.03360000	1.59400000
0.92140000	1.31660000
0.87420000	1.14310000
0.84760000	0.91460000
0.75310000	0.76150000
0.78560000	0.74430000
1.84870000	1.08100000
1.98460000	1.64980000
1.86940000	1.65370000
1.23740000	1.55390000
1.01300000	1.30220000
0.85940000	1.08070000
0.74720000	0.91770000
0.66450000	0.77440000
0.66150000	0.63570000
0.58180000	0.53660000
0.50500000	0.45740000
0.46370000	0.39300000
0.40460000	0.34040000
0.46660000	0.41060000
0.74130000	0.27400000
0.71170000	0.23390000
0.48730000	0.20920000
0.39280000	0.18940000
0.33960000	0.17300000
0.31300000	0.15930000
0.34260000	0.14790000
0.26870000	0.13820000
0.23920000	0.12990000
0.21560000	0.12290000
0.19790000	0.11680000
0.24220000	0.15940000
0.23920000	0.12190000
0.20970000	0.10420000
0.19790000	0.09930000
0.18010000	0.10140000
0.16240000	0.09350000
0.15060000	0.22660000
0.93620000	0.12170000
1.21080000	0.12310000
0.78260000	0.08690000
0.43410000	0.34920000
0.30420000	0.32560000
0.24510000	0.28040000
0.20970000	0.24160000
0.18310000	0.20990000
0.16240000	0.18390000
0.14770000	0.16260000
0.13580000	0.14510000
0.12700000	0.13060000
0.11810000	0.11860000
0.11220000	0.10870000
0.10630000	0.10030000
0.10340000	0.09330000
0.10040000	0.08740000
0.09750000	0.08240000
0.09450000	0.11360000
0.34850000	0.14790000
0.23630000	0.17500000
0.59060000	3.76420000
0.73830000	2.82080000
0.29530000	1.87960000
0.20670000	1.75730000
0.17720000	1.47370000
0.19200000	1.23010000
0.16240000	1.01650000
0.13290000	0.84830000
0.12400000	0.71230000
0.11810000	0.63730000
0.20670000	0.54130000
0.19200000	0.44140000
0.16240000	0.37880000
0.13290000	0.32970000
0.12400000	0.28970000
0.11220000	0.25680000
0.10630000	0.22970000
0.10040000	0.20740000
0.09450000	0.21950000
0.09150000	0.17660000
0.12700000	0.16070000
0.10930000	0.14960000
0.09450000	0.14030000
0.08860000	0.18970000
0.08860000	0.14170000
0.13580000	0.12130000
0.12400000	0.11480000
0.10340000	0.11020000
0.09150000	0.10620000
0.08860000	0.10260000
0.08560000	0.09930000
0.07680000	0.09630000
0.07380000	0.09360000
0.07380000	0.09100000
0.07380000	0.08860000
0.06790000	0.08640000
0.06500000	0.08430000
0.06500000	0.08220000
0.06500000	0.08030000
0.07680000	0.07850000
0.07380000	0.10360000
0.06200000	0.07780000
0.05910000	0.07350000
0.05910000	0.07170000
0.05910000	0.07010000
0.05610000	0.06860000
0.05610000	0.06710000
0.05610000	0.06570000
0.06200000	0.16870000
0.06500000	0.07390000
0.06200000	0.06230000
0.05910000	0.06030000
0.05610000	0.05900000
0.05320000	0.05770000
0.05020000	0.05650000
0.04730000	0.05530000
0.04730000	0.05420000
0.04730000	0.05300000
0.04430000	0.05190000
0.04430000	0.05400000
0.04730000	0.12420000
0.04730000	0.13950000
0.05910000	0.34050000
0.06500000	1.72260000
0.06200000	1.74530000
0.06200000	1.14670000
0.07680000	1.14650000
0.07680000	0.97680000
0.07680000	0.81970000
0.07380000	0.69440000
0.07090000	0.58550000
0.07680000	0.58310000
0.08560000	0.43830000
0.07970000	0.49110000
0.07380000	0.43390000
0.07090000	0.37610000
0.08270000	0.32800000
0.07680000	0.28860000
0.07380000	0.25620000
0.07380000	0.22950000
0.07380000	0.20750000
0.07090000	0.18920000
0.06790000	0.17390000
0.06790000	0.22850000
0.06500000	0.22220000
0.14180000	0.14860000
0.20380000	0.52150000
0.14770000	0.53190000
0.11810000	0.41870000
0.09750000	0.75400000
0.08860000	0.67140000
0.08270000	0.58270000
0.08270000	0.48070000
0.08560000	0.40770000
0.08560000	0.34940000
0.07970000	0.30190000
0.07680000	0.26300000
0.07970000	0.30210000
0.07380000	0.21250000
0.07090000	0.36830000
0.06790000	0.33510000
0.07680000	0.81750000
0.08860000	2.11430000
0.20670000	1.53110000
0.31890000	1.53730000
0.19790000	1.28600000
0.14180000	1.21200000
0.11520000	1.02280000
0.10340000	0.85540000
0.09450000	0.71830000
0.08860000	0.60680000
0.08270000	0.51610000
0.07680000	0.44220000
0.07380000	0.38190000
0.07090000	0.33260000
0.07090000	0.30980000
0.07380000	0.31240000
0.07090000	0.23730000
0.07090000	0.23440000
0.07970000	1.71720000
1.15770000	4.78510000
1.48550000	2.79500000
0.67330000	2.28710000
0.39570000	1.88130000
0.25690000	1.55080000
0.19200000	1.28190000
0.15060000	1.06380000
0.12700000	0.89940000
0.11220000	0.74430000
0.10340000	0.62630000
0.09750000	0.53560000
0.09150000	0.45420000
0.08560000	0.39060000
0.08560000	0.35310000
0.07970000	0.29830000
0.07970000	0.26230000
0.07680000	0.23370000
0.07680000	0.21030000
0.13290000	1.14570000
2.16470000	6.66760000
0.96570000	5.49160000
0.50800000	2.89510000
0.36620000	2.74730000
1.84280000	12.20270000
8.32810000	15.05290000
4.87280000	8.23750000
1.28470000	3.97500000
0.88010000	2.75490000
0.66450000	2.17070000
0.51390000	1.77590000
0.41940000	1.46500000
0.36030000	1.21220000
0.31890000	1.00700000
0.28350000	0.85490000
0.26280000	0.99030000
0.23920000	1.63980000
0.24220000	1.93410000
0.31300000	3.62760000
1.51200000	7.31730000
4.04590000	9.99620000
2.64900000	8.47160000
1.89300000	7.25230000
27.93750000	33.14860000
147.95630000	116.12150000
66.74280000	49.24390000
20.64300000	22.53040000
10.54300000	10.63600000
7.29450000	6.64520000
8.15090000	10.23990000
10.69070000	11.12420000
9.18450000	8.49070000
10.60210000	10.70290000
11.78330000	9.90130000
6.91050000	5.44790000
3.98680000	3.10220000
3.21900000	3.51980000
2.65490000	2.53330000
2.33300000	2.08360000
2.16470000	2.34140000
2.27400000	3.27320000
2.15290000	2.24190000
2.19720000	2.51620000
7.11730000	6.43920000
7.29450000	7.60320000
4.42980000	4.87770000
3.15990000	2.89050000
2.57230000	2.20800000
2.49550000	2.23240000
2.46590000	1.87630000
2.16180000	1.92280000
1.96980000	1.63000000
1.99340000	1.37550000
1.98160000	1.12260000
1.84580000	1.32500000
1.72470000	1.13930000
1.63020000	0.95040000
1.52980000	0.79420000
1.43820000	0.66730000
1.37620000	0.56410000
1.34670000	0.49580000
1.30530000	0.41330000
1.31120000	0.39190000
1.75420000	0.98940000
1.68330000	0.97750000
1.48250000	1.41050000
1.41750000	1.22810000
1.37320000	1.02270000
1.33780000	0.85220000
1.31710000	0.73260000
1.30240000	0.60390000
1.26400000	0.50880000
1.22560000	0.43380000
1.19610000	0.37290000
1.16650000	0.32320000
1.12220000	0.28250000
1.20200000	0.29320000
6.96960000	3.30140000
5.90640000	4.91280000
2.86760000	2.66180000
2.41870000	2.11210000
7.79650000	11.94490000
24.86610000	33.30000000
55.52050000	42.34230000
31.59950000	31.03350000
12.93510000	17.20900000
10.74970000	13.21730000
9.62750000	10.33380000
4.90230000	5.56530000
2.79080000	3.11420000
2.27690000	2.31380000
2.42160000	1.87300000
3.54390000	1.54390000
14.76610000	3.70500000
11.81290000	8.00740000
8.85970000	8.99480000
4.72520000	6.60400000
3.54390000	3.62740000
2.80560000	2.59660000
4.42980000	2.76140000
5.02050000	3.46290000
2.95320000	2.26910000
2.51020000	1.82510000
2.36260000	1.50820000
4.42980000	1.31070000
2.95320000	1.04940000
2.36260000	1.45080000
2.06730000	1.26080000
1.91960000	1.05040000
2.65790000	0.92330000
1.91960000	0.73830000
1.62430000	0.90980000
1.62430000	0.79110000
3.83920000	0.66920000
2.95320000	0.81230000
2.06730000	0.74820000
1.62430000	1.00070000
1.47660000	0.87250000
1.26990000	0.73250000
4.07540000	0.85780000
18.93010000	16.03480000
42.23110000	24.85400000
16.41990000	15.74400000
8.50530000	8.00890000
3.98680000	3.79970000
2.30350000	2.61490000
1.89600000	2.07430000
1.90780000	1.76420000
2.63430000	1.41510000
2.00230000	1.16720000
2.56340000	1.03550000
11.34040000	3.29840000
14.97280000	4.33680000
8.21000000	2.47790000
4.45940000	3.60310000
6.14270000	6.42900000
6.55610000	8.47310000
9.47980000	12.66580000
12.87600000	12.17950000
7.73740000	6.47230000
3.45530000	3.35580000
2.31830000	2.45230000
1.96980000	1.98390000
1.72760000	1.61960000
1.57410000	1.33610000
1.47960000	1.10740000
1.36140000	0.92200000
1.26690000	0.77140000
1.19010000	0.64900000
1.17240000	0.58670000
1.72760000	0.56850000
3.42570000	3.11130000
5.93600000	5.29590000
4.48890000	4.33540000
2.47180000	2.69000000
1.85170000	2.18000000
2.22080000	1.84300000
9.09590000	4.76910000
17.30590000	10.23300000
16.36080000	9.02310000
8.23950000	4.32910000
5.46350000	2.93660000
3.83920000	2.25710000
2.41570000	1.86800000
2.45120000	1.56120000
5.52250000	3.10930000
3.48480000	3.20230000
2.28280000	2.05760000
1.78370000	1.67480000
1.51200000	1.39040000
1.96390000	1.20490000
1.98460000	1.01810000
1.95210000	3.62500000
1.56820000	3.94510000
1.29060000	2.48910000
1.13400000	2.02030000
1.02770000	1.66680000
0.94210000	1.37760000
0.97750000	1.19350000
0.95090000	0.97200000
0.92730000	0.84390000
0.91850000	0.67200000
0.86230000	1.00740000
0.79740000	0.88630000
0.74130000	0.74500000
0.74130000	0.64440000
0.97460000	0.53270000
0.72940000	0.45280000
0.66150000	0.47900000
0.61430000	0.34630000
0.54630000	0.29500000
0.48730000	0.25940000
0.43710000	0.23070000
0.38690000	0.20710000
0.33370000	0.18750000
0.30710000	0.18900000
0.28650000	0.28990000
0.86820000	0.40470000
0.88600000	0.78700000
0.70880000	0.98160000
0.56110000	0.89660000
0.64970000	0.75090000
0.53160000	0.60000000
0.44300000	0.54920000
0.38390000	0.52750000
0.35440000	1.12380000
0.59060000	1.83310000
0.82690000	2.49500000
0.64970000	2.28650000
0.70880000	2.30400000
0.59060000	1.91980000
0.53160000	1.64460000
0.44590000	1.36440000
0.38980000	1.13110000
0.33960000	0.94140000
0.28350000	0.79490000
0.23630000	0.69160000
0.27460000	0.58550000
0.36030000	0.58850000
0.31300000	0.79250000
0.27760000	1.06650000
0.22440000	0.92860000
0.18900000	0.79040000
0.16240000	0.67120000
0.16540000	0.60450000
0.15650000	0.47520000
0.14770000	0.43400000
0.13880000	0.35090000
0.11810000	0.30310000
0.10630000	0.26610000
0.11520000	0.23590000
0.10340000	0.23440000
0.09150000	0.22110000
0.08560000	0.17670000
0.07970000	0.15960000
0.07680000	0.14750000
0.07380000	0.13750000
0.07680000	0.12910000
0.22150000	0.26530000
0.73240000	0.13990000
0.80620000	0.36870000
0.74420000	0.68800000
0.49020000	1.01150000
0.31010000	0.88360000
0.21850000	0.73860000
0.17130000	0.61800000
0.14470000	0.52000000
0.12110000	0.44020000
0.10630000	0.37530000
0.09450000	0.32240000
0.07680000	0.27920000
0.08860000	0.24390000
0.07680000	0.21490000
0.11810000	0.24070000
0.35440000	0.19760000
0.12990000	0.15780000
0.09750000	0.14190000
0.08270000	0.13050000
0.08270000	0.12860000
0.07680000	0.11400000
0.07090000	0.10650000
0.05910000	0.10060000
0.06500000	0.14030000
0.06790000	0.11300000
0.06500000	0.08970000
0.05320000	0.08430000
0.05320000	0.08120000
0.05320000	0.07850000
0.05020000	0.07610000
0.04730000	0.08150000
0.04730000	0.10060000
0.04430000	0.07280000
0.04130000	0.06820000
0.03840000	0.06630000
0.03840000	0.08170000
0.05020000	0.16340000
0.05610000	0.07210000
0.04430000	0.06100000
0.03840000	0.05890000
0.03840000	0.05760000
0.03840000	0.05630000
0.03540000	0.05510000
0.03540000	0.06630000
0.03250000	0.05400000
0.03250000	0.05170000
0.02950000	0.05050000
0.02950000	0.05210000
0.03250000	0.05040000
0.02950000	0.04750000
0.02540000	0.04630000
0.02450000	0.04530000
0.02660000	0.04440000
0.02510000	0.04350000
0.02390000	0.04250000
0.02780000	0.10260000
0.02690000	0.04710000
0.02600000	0.04030000
0.02360000	0.03900000
0.02330000	0.03820000
0.03250000	0.15660000
0.06790000	1.89830000
0.09750000	1.55660000
0.20380000	1.19080000
0.16540000	0.98080000
0.10930000	0.82060000
0.07970000	0.69110000
0.06500000	0.58570000
0.05320000	0.49990000
0.04430000	0.42990000
0.03840000	0.37280000
0.03840000	0.36040000
0.04430000	0.30130000
0.04130000	0.25750000
0.03540000	0.23030000
0.03250000	0.20870000
0.02950000	0.19080000
0.02950000	0.17590000
0.02950000	0.16340000
0.02950000	0.15280000
0.03840000	0.14380000
0.03540000	0.21790000
0.03250000	0.13810000
0.34550000	0.12430000
0.12990000	0.11870000
0.08270000	0.11420000
0.05610000	0.11010000
0.05020000	0.10650000
0.05320000	0.10320000
0.05910000	0.11890000
0.05910000	0.12460000
0.06200000	0.09760000
0.05610000	0.09250000
0.04730000	0.09000000
0.04430000	0.08790000
0.04430000	0.08580000
0.04730000	0.08380000
0.04730000	0.08190000
0.05020000	0.13060000
0.05320000	0.08350000
0.05320000	0.07690000
0.05020000	0.07480000
0.04730000	0.07320000
0.04430000	0.07160000
0.04130000	0.07010000
0.04130000	0.08210000
0.04430000	0.06850000
0.04130000	0.06580000
0.04130000	0.06430000
0.04130000	0.06290000
0.04130000	0.06160000
0.04130000	0.06030000
0.04130000	0.05900000
0.04130000	0.05780000
0.04130000	0.05660000
0.04130000	0.05540000
0.03840000	0.06930000
0.05320000	0.10780000
0.61720000	0.52450000
2.98280000	4.26920000
4.84330000	2.45110000
1.17830000	1.83780000
0.66450000	1.51120000
0.44000000	1.25130000
0.31300000	1.03970000
0.23330000	0.86790000
0.19200000	0.72830000
0.17720000	0.64860000
8.44620000	10.38530000
69.99130000	26.65310000
74.71650000	37.07020000
37.21060000	27.58380000
13.05320000	14.17080000
7.47160000	6.87950000
4.60700000	3.58140000
2.83210000	2.56610000
3.18950000	3.95880000
8.71200000	9.12620000
6.37900000	8.68270000
2.75240000	4.36490000
2.10560000	5.17880000
9.30260000	12.06220000
10.60210000	12.50960000
5.61110000	6.70700000
2.58110000	3.55140000
1.94030000	2.55260000
1.60660000	2.04300000
1.37920000	1.67820000
1.24630000	1.39150000
0.82690000	1.16760000
1.71290000	3.08160000
5.37490000	6.25860000
6.79240000	5.67150000
1.66860000	3.26880000
1.18130000	2.42420000
2.06730000	6.84310000
6.55610000	9.93980000
7.35350000	6.49230000
2.45120000	3.54860000
0.73830000	2.56010000
4.16400000	2.84110000
8.85970000	9.77790000
13.73250000	12.27410000
13.55530000	7.98350000
9.53890000	3.96720000
4.13450000	2.76180000
2.29470000	2.17630000
1.93140000	1.81040000
1.71290000	1.49630000
1.50020000	1.70260000
1.39690000	1.47380000
1.59470000	2.12730000
2.86170000	4.31140000
2.76720000	4.40130000
1.97570000	2.69370000
1.68630000	2.10050000
1.53270000	1.72470000
1.36440000	1.42530000
1.23740000	1.18010000
1.15470000	0.98090000
1.09560000	0.81920000
1.58000000	2.18580000
3.15990000	3.44620000
2.00230000	2.34400000
1.64790000	1.95810000
1.44710000	1.62560000
1.34960000	1.35910000
1.26990000	1.11670000
1.19310000	0.92830000
1.13990000	0.77620000
1.07500000	0.65280000
1.00110000	0.55240000
0.94210000	0.47060000
0.90370000	0.40400000
0.87710000	0.34960000
0.95680000	0.30520000
0.79740000	0.26870000
0.76780000	0.23880000
0.71760000	0.21410000
0.67330000	0.19370000
0.63790000	0.17680000
0.61720000	0.16260000
0.61430000	0.16160000
0.61130000	0.15650000
2.04360000	1.78870000
3.18950000	2.10390000
1.93140000	1.57530000
2.15590000	2.33940000
2.07020000	1.72860000
1.71580000	2.01060000
1.48250000	1.71520000
1.33780000	1.41880000
2.95320000	3.73750000
6.49710000	6.42200000
5.25670000	7.81000000
7.20590000	10.85800000
6.37900000	9.28880000
3.86870000	5.20170000
2.52800000	2.98980000
1.99340000	2.24500000
1.70400000	1.82490000
1.52090000	1.50570000
1.38210000	1.24530000
1.27280000	1.03390000
1.18420000	0.89410000
1.15470000	0.74920000
1.08970000	0.61220000
1.01300000	0.51750000
3.33710000	3.53800000
4.93190000	4.78660000
2.62840000	2.49080000
1.89010000	1.93150000
1.60950000	1.59070000
1.42940000	1.31650000
1.26990000	1.09160000
1.15180000	0.90880000
1.61540000	0.83650000
7.29450000	3.02220000
6.58570000	3.35240000
3.13040000	2.24040000
2.53390000	2.42360000
5.69970000	5.43490000
5.43390000	5.79480000
3.13040000	3.37220000
2.69630000	2.49420000
2.51020000	2.28610000
2.07910000	2.05580000
1.82800000	1.71130000
1.74830000	1.45100000
1.78080000	1.20010000
1.62430000	0.97780000
1.48840000	1.24250000
1.35550000	1.07600000
1.27580000	0.89920000
1.17240000	0.75260000
1.06320000	0.63340000
1.03360000	0.58280000
1.05130000	0.47360000
1.01590000	0.39480000
0.95980000	0.34260000
0.91850000	0.29790000
0.88600000	0.27220000
0.90660000	0.23460000
0.82990000	0.20970000
0.79740000	0.18990000
1.65090000	0.19960000
1.51800000	0.16260000
1.02180000	0.14860000
0.91250000	0.13870000
0.89190000	0.16860000
4.01640000	0.58430000
8.65290000	1.42850000
4.07540000	1.55350000
2.14990000	1.31710000
1.72170000	1.09950000
1.43230000	0.90800000
1.22850000	0.76020000
1.08680000	0.64260000
0.97750000	0.53720000
0.88600000	0.45600000
0.82100000	0.39030000
0.73830000	0.33670000
0.66450000	0.29620000
0.58770000	0.25750000
0.52570000	0.22790000
0.47550000	0.20360000
0.43410000	0.18430000
0.40750000	0.18450000
0.38690000	0.15510000
0.36320000	0.14170000
0.32490000	0.13190000
0.29240000	0.12370000
0.31010000	0.20240000
0.34850000	0.11970000
0.35440000	0.10610000
0.28940000	0.10090000
0.24220000	0.09690000
0.20380000	0.09330000
0.18010000	0.09010000
0.16240000	0.08720000
0.14770000	0.08460000
0.13580000	0.08220000
0.12700000	0.07990000
0.12110000	0.07780000
0.11220000	0.07580000
0.10930000	0.07400000
0.10630000	0.07220000
0.10040000	0.07050000
0.10040000	0.09320000
0.10040000	0.10760000
0.09750000	0.07020000
0.09450000	0.06460000
0.09150000	0.06290000
0.09450000	0.13580000
0.40160000	0.82790000
2.27400000	1.71270000
1.21970000	1.48280000
0.67920000	1.47840000
2.85280000	1.51330000
6.88100000	2.93010000
3.10090000	1.94840000
1.63610000	1.89960000
1.65680000	1.64560000
1.65970000	1.37140000
1.34370000	1.56960000
1.47960000	1.78600000
1.34370000	1.52220000
1.01300000	1.26190000
1.36730000	1.04740000
4.96140000	0.97820000
5.81780000	0.74310000
1.87530000	0.99070000
1.25220000	0.86530000
1.01890000	0.72760000
0.86820000	0.61300000
0.75010000	0.51980000
0.74130000	0.54400000
0.84170000	0.41580000
0.77370000	0.33460000
0.66150000	0.29020000
0.62020000	0.29720000
0.77970000	0.30880000
1.34370000	0.94790000
2.11160000	1.49410000
2.60180000	1.82000000
1.55340000	1.87490000
1.42350000	1.65810000
1.35850000	1.69780000
1.11040000	1.72370000
0.91250000	1.45420000
0.76190000	1.20520000
0.66150000	1.00110000
0.56700000	0.83540000
0.48730000	0.70080000
0.42820000	0.62220000
0.40750000	0.56990000
0.56410000	0.48200000
0.50800000	0.40590000
0.43410000	0.48080000
0.36620000	0.71240000
0.31300000	0.83870000
0.28350000	0.72580000
1.99050000	0.68640000
1.68330000	0.58440000
1.04840000	1.72790000
0.72060000	1.76980000
0.56110000	1.79100000
0.47550000	1.51000000
0.40750000	1.31030000
0.34550000	1.04540000
0.29830000	0.86750000
0.27170000	0.76490000
0.24220000	0.63860000
0.22150000	0.52360000
0.20080000	0.44590000
0.18610000	0.40840000
0.18900000	0.33660000
0.18610000	0.29490000
0.17130000	0.25940000
0.16830000	0.24670000
0.20670000	0.22740000
0.35730000	0.20630000
0.49320000	0.23370000
0.45180000	0.18770000
0.36620000	0.38820000
0.46960000	0.98350000
0.40750000	1.31390000
0.27460000	1.13650000
0.21850000	0.94620000
0.18610000	0.78870000
0.16830000	0.66080000
0.14770000	0.55680000
0.13880000	0.47330000
0.12990000	0.42160000
0.12400000	0.36780000
0.12110000	0.33540000
0.11810000	0.26720000
0.11520000	0.23320000
0.11220000	0.20770000
0.12700000	0.31070000
0.12990000	0.18240000
0.13290000	0.69780000
0.14470000	0.64090000
0.12400000	0.54250000
0.11220000	0.45860000
0.12400000	0.50310000
0.39870000	1.31710000
1.01300000	1.80360000
0.61720000	1.62730000
0.39570000	1.61370000
0.25990000	1.36060000
0.20080000	1.12970000
0.16830000	0.94240000
0.16540000	0.79230000
0.36920000	0.66250000
0.31300000	0.56040000
0.19790000	0.47770000
0.16240000	0.41030000
0.13880000	0.35530000
0.12700000	0.31030000
0.13580000	0.35590000
0.15360000	0.27630000
0.36030000	0.22130000
0.29240000	0.19770000
0.28940000	0.26320000
1.32600000	1.16840000
1.40280000	1.86200000
1.03950000	1.68650000
0.71760000	1.70430000
0.55230000	1.47470000
0.48730000	1.52610000
0.47550000	1.62570000
0.39280000	1.37960000
0.32490000	1.14540000
0.25100000	0.95300000
0.21850000	0.79670000
0.24510000	0.77540000
0.32190000	1.31860000
1.07790000	1.52110000
0.78850000	1.44930000
0.55820000	1.22420000
0.44590000	1.01240000
0.38690000	0.84380000
0.35730000	0.77140000
0.33370000	0.60320000
0.29830000	0.91870000
0.25400000	0.81050000
0.21260000	0.68280000
0.18900000	0.57590000
0.18610000	0.53410000
0.19200000	0.42290000
0.18610000	0.36070000
0.17420000	0.31320000
0.15650000	0.27460000
0.14470000	0.24290000
0.12990000	0.21680000
0.12700000	0.19520000
0.12700000	0.17740000
0.11520000	0.16260000
0.11220000	0.18440000
0.11520000	0.17670000
0.11220000	0.13470000
0.13880000	0.12370000
0.75900000	0.57790000
1.20790000	1.91890000
2.95320000	5.08410000
4.69560000	2.87260000
4.72520000	6.75120000
8.83010000	8.65220000
6.96960000	5.82580000
3.04180000	3.28310000
1.88120000	2.46820000
1.44410000	2.00900000
1.20490000	1.65590000
1.06020000	1.36710000
1.91660000	1.58280000
7.14680000	5.53570000
4.34120000	5.97290000
2.23260000	3.16380000
1.65380000	2.35320000
1.36440000	1.90600000
1.19610000	1.57100000
1.07500000	1.29820000
0.98340000	1.07680000
0.92730000	0.92170000
3.72110000	3.27920000
10.54300000	7.13560000
13.11230000	7.97860000
8.15090000	9.11560000
4.57750000	7.43420000
2.87350000	3.82760000
2.31530000	2.70020000
1.98460000	2.13810000
1.75130000	1.75170000
1.60660000	1.44550000
1.48250000	1.19640000
1.36140000	0.99420000
1.33780000	0.86180000
1.53860000	2.19070000
1.64490000	2.98680000
1.53860000	2.51500000
1.50610000	1.97740000
1.44410000	1.89530000
1.45890000	2.03800000
1.67150000	1.69560000
1.67450000	1.98880000
1.52980000	1.75430000
1.42350000	1.46490000
1.34960000	1.21310000
1.91370000	1.58060000
4.81370000	5.79850000
4.78420000	5.58570000
2.98280000	3.23950000
7.53070000	10.13020000
21.79480000	14.06770000
18.28040000	9.32980000
9.98190000	8.87390000
11.99010000	10.61230000
12.22630000	8.81860000
6.23130000	5.09320000
3.60290000	3.96810000
4.81370000	6.26820000
4.28220000	6.13870000
3.27810000	3.51350000
2.74060000	2.55530000
2.36850000	2.04480000
2.07910000	1.67970000
1.89600000	1.38720000
1.84280000	1.15430000
3.78010000	2.21720000
3.51430000	3.01130000
2.64900000	2.01530000
3.01230000	3.17870000
3.66200000	3.79390000
2.80850000	2.42620000
3.30760000	5.35010000
6.55610000	10.27330000
6.96960000	9.88120000
4.57750000	6.19120000
3.27810000	3.41520000
3.54390000	2.50750000
2.92370000	2.16520000
2.65790000	1.86730000
2.51020000	1.58040000
2.95320000	2.12620000
4.42980000	4.95180000
5.61110000	6.33090000
5.02050000	3.37360000
5.61110000	5.47510000
5.61110000	6.90720000
4.72520000	3.67900000
3.83920000	2.63400000
3.24850000	2.09350000
2.38030000	1.71740000
2.06430000	1.41780000
1.86940000	1.17390000
1.76010000	0.97600000
1.63310000	0.81520000
1.49430000	0.68470000
1.39690000	0.57850000
1.32600000	0.49210000
1.27580000	0.42170000
1.22560000	0.36430000
1.17830000	0.31730000
1.11630000	0.27880000
1.05430000	0.24730000
1.26690000	0.26330000
3.07130000	0.95570000
2.48960000	0.76780000
1.89010000	1.17400000
1.67740000	1.03200000
2.65200000	2.20220000
3.98680000	3.01060000
2.56040000	1.98980000
2.14990000	1.65330000
1.96090000	1.37260000
2.15290000	1.17330000
3.13040000	1.65170000
2.47780000	1.27710000
2.08200000	1.43020000
1.88710000	1.22280000
1.86050000	1.04230000
1.94030000	0.85190000
1.78370000	0.90720000
1.67740000	0.78720000
1.66860000	0.92860000
2.41280000	2.66530000
3.98680000	4.02030000
3.63250000	3.58650000
2.75540000	2.31580000
2.36850000	1.87910000
2.14990000	1.55620000
1.95210000	1.28570000
1.79260000	1.06630000
1.67450000	0.88840000
1.55630000	0.76240000
1.60660000	0.62900000
1.61840000	0.53180000
1.57700000	0.45390000
2.15590000	0.39040000
4.51840000	0.36710000
5.52250000	0.31060000
3.66200000	0.27860000
2.88530000	0.25680000
2.47480000	0.22380000
2.25630000	0.29620000
22.94650000	14.65200000
57.29250000	24.07660000
24.09830000	16.55910000
12.13770000	9.76210000
9.00730000	9.16020000
5.75880000	7.74170000
3.83920000	3.93010000
3.04180000	2.72170000
4.04590000	2.20210000
6.23130000	1.83410000
3.95730000	1.73550000
2.95320000	1.63430000
2.54270000	1.37470000
2.46300000	1.19460000
3.15990000	2.03630000
2.76420000	1.49680000
2.43050000	1.66450000
2.35370000	1.45060000
3.01230000	1.21350000
2.68740000	0.98310000
2.38620000	1.16750000
2.15880000	1.00670000
1.99050000	0.84220000
1.89010000	0.72330000
1.83100000	0.62370000
1.68630000	0.50820000
1.57410000	0.43220000
1.48550000	0.37220000
1.43230000	0.33130000
1.42350000	0.32050000
1.39690000	0.25430000
1.31120000	0.22370000
1.25510000	0.20120000
1.25810000	0.19960000
5.99500000	1.52590000
8.47570000	1.71640000
3.54390000	1.79590000
2.40100000	1.51700000
2.06130000	1.25560000
1.83990000	1.04650000
1.68630000	0.87000000
2.54860000	0.84350000
9.06640000	8.24350000
27.31730000	9.00420000
15.97690000	4.06020000
6.29040000	2.85440000
2.95320000	2.28790000
2.20010000	1.88840000
1.86940000	1.55640000
1.66560000	1.28630000
1.52090000	1.08370000
1.46180000	0.92800000
1.59180000	0.81590000
1.38210000	0.63480000
1.23440000	0.53250000
1.13110000	0.47450000
1.03950000	0.39290000
0.96270000	0.39040000
0.89480000	0.30220000
0.81210000	0.26340000
0.71470000	0.23340000
0.64380000	0.20980000
0.59060000	0.19020000
0.62310000	0.22170000
0.68220000	0.23910000
0.61430000	0.15740000
0.50800000	0.46640000
0.44590000	0.43110000
0.43120000	0.37080000
0.40750000	0.65460000
2.12040000	2.01980000
1.34960000	2.09210000
0.92440000	2.05580000
0.67920000	1.72360000
0.51980000	1.43420000
0.41640000	1.17890000
0.35440000	0.97860000
0.31300000	0.81680000
0.27760000	0.68540000
0.23920000	0.57860000
0.21560000	0.50760000
0.19790000	0.43640000
0.19200000	0.39290000
0.70580000	0.31900000
0.51680000	0.33990000
0.36320000	0.25210000
0.43120000	0.21990000
0.31010000	0.19790000
0.23330000	0.18000000
0.19490000	0.16510000
0.17130000	0.19200000
0.16540000	0.17070000
0.16240000	0.13620000
0.16830000	0.12780000
0.16830000	0.16780000
0.15650000	0.12010000
0.14180000	0.11150000
0.14770000	0.12830000
0.13880000	0.10350000
0.12990000	0.09740000
0.12110000	0.09410000
0.11520000	0.09120000
0.10930000	0.08860000
0.10040000	0.08620000
0.09450000	0.08390000
0.08860000	0.08180000
0.08270000	0.07970000
0.07680000	0.07780000
0.07380000	0.07600000
0.07970000	0.07460000
0.07680000	0.07260000
0.07380000	0.07190000
0.13580000	0.10590000
0.67630000	0.07640000
0.85050000	0.06710000
0.42230000	0.11060000
0.28940000	0.12890000
0.75600000	0.08200000
0.38690000	0.06260000
0.22440000	0.05960000
0.15650000	0.05830000
0.11810000	0.05700000
0.10040000	0.05580000
0.08860000	0.05560000
0.08560000	0.05360000
0.07380000	0.05240000
0.06790000	0.05130000
0.06500000	0.05220000
0.06200000	0.04930000
0.05910000	0.04810000
0.05610000	0.04710000
0.05320000	0.04670000
0.05320000	0.04520000
0.05320000	0.04420000
0.05610000	0.09530000
0.05910000	0.13480000
0.07970000	0.67800000
0.09750000	1.90730000
0.58470000	1.10240000
0.42820000	1.07310000
0.20080000	0.91370000
0.13880000	0.76850000
0.10630000	0.64890000
0.09750000	0.56800000
0.08270000	0.54990000
0.07090000	0.41570000
0.06790000	0.35530000
0.06500000	0.31140000
0.06200000	0.27770000
0.05910000	0.24680000
0.05910000	0.22930000
0.05610000	0.22530000
0.05610000	0.18810000
0.05320000	0.17200000
0.04730000	0.16010000
0.04430000	0.15010000
0.04130000	0.14170000
0.03840000	0.13460000
0.03840000	0.12810000
0.04730000	0.12260000
0.05020000	0.11770000
0.04430000	0.11340000
0.04130000	0.10950000
0.04130000	0.11400000
0.03840000	0.15740000
0.04130000	0.15930000
0.03840000	0.10320000
0.03540000	0.09500000
0.03540000	0.09220000
0.03250000	0.08990000
0.03250000	0.10120000
0.02950000	0.09890000
0.02920000	0.08500000
0.02780000	0.08190000
0.02750000	0.08000000
0.02720000	0.07820000
0.02720000	0.15510000
0.02780000	0.14640000
0.02690000	0.08040000
0.02570000	0.38040000
0.02600000	0.35390000
0.02810000	0.30270000
0.02950000	0.32730000
0.02890000	0.23010000
0.02600000	0.36900000
0.02690000	0.34480000
0.02780000	0.32260000
0.02660000	0.57740000
0.02840000	1.40060000
0.02690000	1.01960000
0.02860000	0.99190000
0.05910000	0.84280000
0.05610000	0.70790000
0.04130000	0.59700000
0.03250000	0.50680000
0.02750000	0.43340000
0.02360000	0.37340000
0.02010000	0.32450000
0.01570000	0.28440000
0.01300000	0.25150000
0.01240000	0.22440000
0.01360000	0.20600000
0.01890000	0.18750000
0.01830000	0.16860000
0.01590000	0.15540000
0.01480000	0.14460000
0.01390000	0.13760000
0.01510000	0.16150000
0.01480000	0.16090000
0.01770000	0.12460000
0.01980000	0.13380000
0.01800000	0.10820000
0.02270000	0.11650000
0.05910000	0.11070000
0.03540000	0.09640000
0.02630000	0.09230000
0.02160000	0.08950000
0.01770000	0.08710000
0.01650000	0.08470000
0.01950000	0.08260000
0.01860000	0.08050000
0.03840000	0.16160000
0.04130000	0.09660000
0.03250000	0.36750000
0.04730000	0.50680000
0.05910000	0.44490000
0.07680000	0.39570000
0.07970000	0.83340000
0.06790000	1.07080000
0.23330000	1.11100000
0.20080000	0.94620000
0.12990000	0.79240000
0.09450000	0.66600000
0.07380000	0.56330000
0.05910000	0.47960000
0.05320000	0.41150000
0.05020000	0.36090000
1.12220000	2.72640000
2.59880000	2.08560000
1.22560000	1.71100000
1.79850000	1.65150000
1.24920000	1.68410000
0.74130000	1.42760000
0.46960000	1.18150000
0.33960000	0.98250000
0.25990000	0.82120000
0.21560000	0.69020000
0.18310000	0.58370000
0.15360000	0.49700000
0.14180000	0.46720000
0.12990000	0.37290000
0.12110000	0.48600000
0.10930000	0.43340000
0.10630000	0.37460000
0.10630000	0.32620000
0.10340000	0.31190000
0.50800000	3.08670000
5.31580000	5.34160000
3.75060000	2.93900000
1.57110000	2.46930000
1.14290000	2.03700000
0.87710000	1.67740000
0.95680000	2.01180000
2.46300000	3.29740000
1.75130000	2.53490000
1.29350000	2.51370000
1.09560000	2.37910000
1.03950000	3.06140000
1.26690000	2.49820000
1.29940000	2.36580000
1.11340000	1.98950000
0.98340000	1.62950000
1.04840000	2.66240000
3.33710000	7.38030000
3.33710000	7.15860000
2.05250000	3.67590000
1.57410000	2.91550000
1.34960000	2.34880000
1.20790000	1.92690000
1.05730000	1.58930000
1.02480000	3.56680000
4.04590000	10.70330000
5.13860000	11.37640000
4.72520000	6.22700000
3.54390000	3.37790000
2.95320000	2.48160000
2.51020000	2.14530000
2.28870000	3.28810000
2.06730000	2.63440000
1.73940000	2.36180000
1.67740000	5.65080000
3.21900000	7.36120000
2.57820000	3.85930000
1.95800000	2.73240000
2.12040000	2.16010000
6.05410000	6.91250000
5.31580000	9.91260000
3.10090000	6.07340000
2.31530000	3.37020000
1.88710000	2.46930000
3.10090000	1.99120000
7.53070000	1.63930000
5.02050000	1.35460000
2.69040000	1.12270000
2.13220000	0.93450000
1.83690000	0.78170000
1.64790000	0.65760000
1.53270000	0.56420000
1.47370000	3.47780000
3.69150000	9.74540000
10.45440000	13.28040000
15.53390000	17.70640000
15.68160000	16.08070000
9.92280000	8.55640000
4.66610000	4.07640000
2.71400000	2.80370000
2.21200000	2.19770000
1.95800000	1.79580000
1.74240000	1.48120000
1.88710000	1.27620000
2.12930000	1.02320000
1.86640000	1.39320000
1.73060000	1.23640000
1.67740000	1.81110000
4.07540000	11.03290000
49.61410000	35.43520000
50.79540000	38.24090000
17.63070000	21.13770000
9.18450000	10.90460000
5.28630000	5.52060000
3.10090000	3.08080000
2.41280000	2.29990000
2.12340000	1.86410000
1.92550000	1.53690000
1.76010000	1.27070000
2.05250000	2.20660000
3.18950000	4.61640000
7.67840000	14.23600000
15.79970000	17.27900000
11.19270000	9.35210000
5.25670000	4.36250000
3.04180000	2.94270000
2.43050000	2.27270000
2.74060000	3.54600000
7.32400000	11.10990000
10.69070000	13.46980000
7.97370000	8.63640000
4.57750000	4.18500000
3.04180000	2.85510000
2.49840000	2.21740000
2.20010000	1.81170000
2.12040000	2.11180000
5.52250000	7.39550000
6.79240000	8.15270000
7.38310000	4.14640000
5.61110000	2.86430000
4.13450000	2.23580000
3.24850000	1.81670000
2.65790000	1.49760000
2.06730000	1.23870000
1.83100000	1.02850000
1.59470000	0.85790000
1.44710000	0.71940000
1.35850000	0.63320000
1.24040000	0.57070000
1.18130000	0.44620000
1.18130000	0.53270000
4.42980000	3.88550000
6.79240000	3.82830000
7.38310000	16.68210000
52.56730000	35.97940000
35.43860000	31.42050000
15.38630000	16.39580000
9.03690000	8.90130000
6.05410000	5.83790000
3.95730000	3.28420000
3.10090000	2.40090000
2.95320000	1.97960000
2.76420000	1.59980000
7.11730000	5.09070000
10.15910000	6.99450000
5.78830000	3.65530000
3.48480000	2.61740000
2.77310000	2.07500000
2.40690000	1.72490000
2.18540000	1.41210000
3.42570000	1.24300000
3.21900000	0.97760000
2.79080000	1.87640000
8.35760000	7.77240000
15.03190000	9.15270000
8.12140000	5.06160000
3.78010000	2.84200000
2.53680000	2.15250000
2.07320000	1.76920000
1.73650000	1.46190000
1.46780000	1.20980000
1.28760000	1.00510000
1.13400000	0.83890000
1.06610000	0.70380000
0.94800000	0.59870000
1.09860000	0.58330000
1.00110000	0.44020000
0.78260000	0.37320000
0.65270000	0.33490000
0.56700000	0.28560000
0.58180000	0.30710000
1.32300000	0.47920000
1.21080000	0.96210000
0.85940000	1.25540000
0.72350000	1.08590000
1.15770000	0.98120000
1.07790000	0.76380000
0.87120000	1.01530000
0.65860000	0.88460000
0.56110000	0.74200000
0.49910000	0.62330000
0.45480000	0.52680000
0.48430000	0.54310000
1.01590000	0.43170000
0.92440000	0.33660000
0.57880000	0.76950000
0.47550000	0.69480000
0.41050000	0.58760000
0.36030000	0.49680000
0.32190000	0.42290000
0.29240000	0.36270000
0.26580000	0.31360000
0.24510000	0.27340000
0.28060000	0.37150000
1.73350000	1.71460000
1.30240000	2.46060000
0.71170000	2.14390000
0.49910000	1.77160000
0.40160000	1.46120000
0.33670000	1.20940000
0.29240000	1.00520000
0.25690000	0.83930000
0.23630000	0.70460000
0.20970000	0.59510000
0.58180000	0.58510000
2.38320000	0.47490000
1.08970000	0.41100000
0.67630000	0.33740000
0.50800000	0.28710000
0.41940000	0.25360000
0.34550000	0.22670000
0.30120000	0.20460000
0.26280000	0.18620000
0.23040000	0.23810000
0.26870000	0.22420000
0.24510000	0.15410000
0.20970000	0.27150000
0.19200000	0.25240000
0.16540000	0.22410000
0.15360000	0.19980000
0.13580000	0.17970000
0.12990000	0.18010000
0.12110000	0.18320000
0.11810000	0.16990000
0.11810000	0.17920000
0.29240000	2.44140000
1.12520000	2.36440000
1.22560000	2.90240000
2.35960000	2.57580000
1.28760000	2.20780000
0.72650000	1.82350000
0.66740000	1.51010000
0.53160000	1.25720000
0.39870000	1.04290000
0.33960000	0.86650000
0.28350000	0.72380000
0.25100000	0.64320000
0.23040000	0.57450000
0.20670000	0.49550000
0.23040000	0.55880000
0.24810000	2.13110000
0.25990000	2.83430000
0.27170000	2.49140000
0.51090000	2.30340000
0.51390000	2.18540000
0.54930000	1.99400000
0.48430000	2.35250000
0.51980000	2.35080000
0.43410000	2.27750000
0.38980000	1.90390000
0.33670000	1.61320000
0.29530000	1.30190000
0.24220000	1.07660000
0.20080000	0.89670000
0.18310000	0.80340000
0.44590000	1.77810000
1.08090000	2.34890000
1.17240000	2.29110000
0.64380000	1.91630000
0.44890000	1.58020000
0.33670000	1.30570000
0.31010000	1.08300000
0.29240000	0.93070000
0.32490000	0.79630000
0.34260000	0.69650000
0.38980000	0.54550000
0.52570000	0.46080000
0.40750000	0.39600000
0.31010000	0.34340000
0.25990000	0.30040000
0.22740000	0.26510000
0.19790000	0.23610000
0.17130000	0.21210000
0.15060000	0.19230000
0.25400000	0.20300000
0.97750000	0.20640000
0.47840000	0.15520000
0.33960000	0.14120000
0.25990000	0.13260000
0.22740000	0.12550000
0.23330000	0.21680000
1.47370000	0.12430000
1.25220000	0.11010000
0.64680000	0.10530000
0.43710000	0.10160000
0.32190000	0.09820000
0.25100000	0.09520000
0.21560000	0.09240000
0.18610000	0.08980000
0.16240000	0.08740000
0.14770000	0.08960000
0.14180000	0.12590000
0.34260000	0.16460000
0.41350000	0.08770000
0.42820000	0.07780000
0.29530000	0.07550000
0.22440000	0.09070000
0.18900000	0.07390000
0.17720000	0.07070000
0.17130000	0.06900000
0.14180000	0.06750000
0.12990000	0.06610000
0.11810000	0.06460000
0.11520000	0.06320000
0.10930000	0.06190000
0.10040000	0.06060000
0.08860000	0.05930000
0.08860000	0.10780000
0.08860000	0.09330000
0.07680000	0.05930000
0.07090000	0.05470000
0.06790000	0.05340000
0.06500000	0.05220000
0.08270000	0.16200000
0.10930000	1.90680000
0.13580000	1.89330000
0.18010000	1.55350000
0.19200000	1.32950000
0.15360000	1.07010000
0.17130000	1.23520000
0.17420000	1.06240000
0.13880000	0.88860000
0.12400000	0.78610000
0.20380000	1.13650000
0.32490000	1.60210000
0.27760000	1.69240000
0.20670000	1.43330000
0.17130000	1.18920000
0.14470000	0.98900000
0.15650000	0.89380000
0.44000000	2.67600000
0.65560000	2.40340000
0.46370000	2.08540000
0.54630000	3.61430000
1.30830000	4.47540000
1.66270000	3.18730000
1.10750000	2.54230000
0.72940000	2.09480000
0.54040000	1.72420000
0.42820000	1.43730000
0.45770000	1.20690000
0.68810000	0.99160000
0.59660000	0.86130000
0.64380000	1.38440000
0.59950000	1.53900000
0.51680000	1.50130000
0.43710000	1.27570000
0.37510000	1.05090000
0.32780000	0.87470000
0.29240000	0.73250000
0.27760000	0.61700000
0.33370000	0.53860000
0.40160000	0.44840000
0.35730000	0.38430000
0.31300000	0.33330000
0.27760000	0.29160000
0.25400000	0.25740000
0.25990000	0.30270000
0.47840000	0.21380000
0.60540000	0.56410000
0.46960000	0.51670000
0.44890000	0.49740000
0.56410000	0.77320000
0.80920000	1.07530000
0.65270000	0.93650000
0.54930000	0.78330000
0.46960000	0.65600000
0.41350000	0.55250000
0.37210000	0.46830000
0.33670000	0.39980000
0.30710000	0.34390000
0.27760000	0.29820000
0.25690000	0.26090000
0.23630000	0.23030000
0.21560000	0.20510000
0.19790000	0.18430000
0.18610000	0.16710000
0.19200000	0.20570000
0.29240000	1.51810000
4.51840000	9.35420000
9.15500000	9.96640000
4.37080000	5.34070000
2.05540000	3.01740000
1.54160000	2.26630000
1.26990000	1.84470000
4.60700000	6.83030000
11.60620000	12.39750000
10.66110000	9.61070000
4.19360000	5.30630000
2.60470000	3.03650000
2.15290000	2.28470000
2.27100000	3.36440000
3.63250000	6.62640000
2.98280000	6.11020000
2.43050000	3.48100000
2.06130000	2.53750000
1.71880000	2.03460000
1.51200000	1.68620000
1.41160000	1.40200000
1.28470000	1.14620000
1.13700000	1.50700000
1.01890000	1.30410000
0.92730000	1.08540000
0.84760000	0.90390000
0.80030000	0.75650000
0.74420000	0.63670000
0.68510000	0.53930000
0.63200000	0.46000000
0.58470000	0.39530000
0.54930000	0.34250000
0.52270000	0.29930000
0.49610000	0.26390000
0.47250000	0.26090000
0.46660000	0.21810000
0.43120000	0.19160000
0.40460000	0.17450000
0.37510000	0.16070000
0.35440000	0.14920000
0.37510000	0.14010000
2.41280000	4.17200000
2.22670000	5.85310000
1.44120000	3.04850000
1.15770000	2.29660000
1.93440000	2.65020000
4.13450000	7.16190000
3.04180000	7.44490000
5.40440000	9.40890000
11.75380000	11.74870000
9.71610000	7.96400000
3.98680000	3.97690000
2.71700000	2.76800000
2.52500000	2.79060000
2.90600000	3.74290000
2.62540000	2.84810000
2.31830000	2.40630000
2.04360000	1.97290000
1.77780000	1.62570000
1.54750000	1.34440000
1.40570000	1.11330000
1.27580000	0.93080000
2.02300000	2.98310000
2.93550000	4.00230000
2.41280000	2.61940000
2.00230000	2.11030000
1.74240000	1.74050000
1.58880000	1.43890000
1.43530000	1.19110000
1.28470000	0.99060000
1.13110000	0.82650000
0.99820000	0.69370000
0.92140000	0.58640000
0.88300000	0.49860000
0.80030000	0.42710000
0.80030000	0.36870000
1.35260000	0.33100000
1.49140000	0.28440000
1.13700000	0.25030000
1.01300000	0.23300000
1.49140000	1.04470000
14.17550000	14.93630000
13.28950000	25.90780000
11.22220000	19.40850000
7.67840000	9.94500000
3.83920000	5.15410000
2.89420000	2.95030000
2.37730000	2.22190000
2.09380000	1.80800000
1.85460000	1.51380000
1.61250000	1.23650000
1.47070000	1.02500000
1.36730000	0.86150000
1.41750000	0.96540000
2.06730000	1.71120000
1.91960000	1.33530000
1.62430000	1.77320000
1.47660000	2.52260000
5.90640000	6.02600000
9.45030000	11.67320000
7.97370000	12.48640000
13.28950000	17.70620000
16.83340000	17.85370000
10.63160000	9.48830000
4.42980000	4.37770000
2.86460000	2.93240000
2.51020000	2.26250000
2.21490000	1.84640000
1.94910000	1.52340000
1.73650000	1.25970000
1.56820000	1.04560000
1.42350000	0.87180000
1.27580000	0.73060000
1.16950000	0.61900000
1.21380000	0.55010000
1.43820000	0.44940000
1.20200000	0.38470000
1.06020000	0.33390000
0.94800000	0.29240000
0.86530000	0.25840000
0.83580000	0.23860000
0.80330000	0.21160000
0.73540000	0.18870000
0.69110000	0.17240000
0.65270000	0.15910000
0.62310000	0.14790000
0.59360000	0.13850000
0.56700000	0.13050000
0.54040000	0.12810000
0.51980000	0.11820000
0.49910000	0.11250000
0.48140000	0.10800000
0.46370000	0.10390000
0.44300000	0.10030000
0.42820000	0.09700000
0.41050000	0.09530000
0.41940000	0.13150000
0.44000000	0.09300000
0.42820000	0.08670000
0.39280000	0.08420000
0.36920000	0.08210000
0.35440000	0.09830000
0.33370000	0.08010000
0.32190000	0.07660000
0.31600000	0.15290000
2.14990000	0.98310000
3.60290000	2.05740000
2.03180000	2.07340000
2.38620000	2.17470000
2.07020000	1.96250000
1.55630000	1.86630000
1.25220000	1.56340000
1.02480000	1.29410000
0.85940000	1.07390000
0.77080000	0.92670000
0.74420000	0.79280000
1.03360000	0.66900000
1.14290000	0.53990000
0.90070000	0.50490000
1.05430000	0.46250000
0.91250000	0.76910000
0.76780000	1.09280000
0.66450000	0.95440000
0.58180000	0.82380000
0.51680000	0.70050000
1.09270000	0.61130000
0.83280000	0.48550000
0.61130000	0.46280000
0.50800000	0.40170000
0.70580000	0.38430000
0.86530000	0.30590000
0.63790000	0.26540000
0.51680000	0.23830000
1.40870000	0.27730000
3.13040000	0.19640000
1.32890000	0.17280000
0.85640000	0.15810000
0.64970000	0.14630000
0.52570000	0.13630000
0.50500000	0.12780000
0.43710000	0.14480000
0.36920000	0.11690000
0.33080000	0.10920000
0.30420000	0.10430000
0.37210000	0.11000000
0.28060000	0.09760000
0.35730000	0.15040000
0.29830000	0.10650000
0.28650000	0.09300000
0.26280000	0.08550000
0.23920000	0.08270000
0.21260000	0.08050000
0.20670000	0.11570000
0.21260000	0.08040000
0.19200000	0.07490000
0.17720000	0.07290000
0.15950000	0.15360000
0.23920000	0.16450000
0.67630000	0.37400000
0.41940000	0.63740000
0.28060000	0.56410000
0.20970000	0.47390000
0.17720000	0.47460000
0.15360000	0.36590000
0.15360000	0.32510000
0.18900000	0.32120000
0.28940000	0.55790000
0.30710000	0.78080000
0.22440000	0.68100000
0.18010000	0.59540000
0.15950000	0.53480000
0.15060000	0.40950000
0.14470000	0.34330000
0.18900000	0.29330000
0.17420000	0.25290000
0.18010000	0.23050000
0.50500000	0.26330000
0.21850000	0.17800000
0.28350000	0.15290000
1.00410000	0.45430000
0.34260000	1.14070000
0.28060000	1.37240000
0.21560000	1.17530000
0.15650000	0.97600000
0.11810000	0.81180000
0.09150000	0.67850000
0.07970000	0.57010000
0.07380000	0.48210000
0.06790000	0.41040000
0.06500000	0.35190000
0.06500000	0.30420000
0.07090000	0.27870000
0.05320000	0.23470000
0.05020000	0.20720000
0.04430000	0.18550000
0.04430000	0.16760000
0.04130000	0.15280000
0.03840000	0.16700000
0.03840000	0.17870000
0.03840000	0.15830000
0.03840000	0.15270000
0.03840000	0.11160000
0.04130000	0.13940000
0.03840000	0.15560000
0.03840000	0.09940000
0.03250000	0.14570000
0.03250000	0.13760000
0.02950000	0.12570000
0.02780000	0.11540000
0.02720000	0.10680000
0.02660000	0.13290000
0.02750000	0.16440000
0.02860000	0.50020000
0.03250000	1.69440000
0.04730000	1.52440000
0.48140000	1.96260000
0.44300000	1.46610000
0.17720000	1.48060000
0.13290000	1.25270000
0.29530000	1.04330000
0.17130000	0.87130000
0.15360000	0.73160000
0.14180000	0.61800000
0.12700000	0.52560000
0.11520000	0.45030000
0.10340000	0.38880000
0.10040000	0.36540000
0.10630000	0.38290000
0.09150000	0.27250000
0.10630000	0.23650000
0.12400000	0.21290000
0.10930000	0.19480000
0.10040000	0.21250000
0.09150000	0.16830000
0.08270000	0.15380000
0.07970000	0.14410000
0.07680000	0.13600000
0.07380000	0.12900000
0.06790000	0.16960000
0.06500000	0.12270000
0.05910000	0.11350000
0.05610000	0.10900000
0.05320000	0.10530000
0.05020000	0.10190000
0.04730000	0.09890000
0.04430000	0.09600000
0.04130000	0.09340000
0.03840000	0.09100000
0.03840000	0.11390000
0.03840000	0.12270000
0.03540000	0.08810000
0.05610000	0.20740000
0.08270000	0.09360000
0.10340000	0.57930000
0.19790000	1.22170000
0.19790000	1.16070000
0.18610000	1.20600000
0.15950000	1.03350000
0.21260000	0.94640000
1.30240000	3.43810000
0.63790000	2.23410000
0.34850000	1.80040000
0.23630000	1.48700000
0.18310000	1.23620000
0.15060000	1.02020000
0.12990000	0.85120000
0.11220000	0.71470000
0.10040000	0.60380000
0.08860000	2.41280000
0.08560000	2.49830000
0.28060000	7.90160000
2.72880000	20.15570000
8.23950000	42.34600000
15.77020000	41.47160000
16.30180000	22.40040000
5.31580000	10.92970000
1.79560000	5.42090000
0.97460000	2.99130000
0.71760000	2.23040000
0.56700000	1.81790000
0.46660000	1.50140000
0.40460000	1.28310000
0.36030000	1.03550000
0.32490000	0.86030000
0.28940000	0.72110000
0.25400000	0.60810000
0.22440000	0.51620000
0.20670000	0.45560000
0.19200000	0.39270000
0.18310000	0.33160000
0.17420000	0.28960000
0.16830000	0.26620000
0.15650000	0.22950000
0.14470000	0.20580000
0.15950000	0.30570000
1.17540000	6.32930000
1.52980000	6.99620000
0.74130000	3.58620000
0.49610000	2.65290000
0.39870000	2.17780000
1.67740000	5.37310000
4.69560000	10.93510000
3.63250000	10.16490000
2.48660000	5.56210000
1.93140000	3.89410000
4.07540000	13.37280000
10.27720000	20.27780000
12.69880000	14.63460000
4.72520000	7.44030000
3.30760000	8.42360000
6.73330000	9.48530000
4.42980000	5.33250000
2.76420000	3.05610000
2.35670000	2.67610000
1.94910000	2.25040000
1.61540000	1.85540000
1.39980000	1.53160000
1.20490000	1.26630000
1.04840000	1.05090000
0.93620000	0.87610000
0.82100000	0.73410000
0.72650000	0.62260000
0.67330000	0.53750000
0.61130000	0.44970000
0.55520000	0.38610000
0.52270000	0.33510000
0.80030000	0.34170000
3.60290000	3.55080000
3.01230000	3.90260000
2.19420000	2.44900000
1.74540000	1.95950000
1.47660000	1.61980000
1.28170000	1.37290000
1.30530000	1.11390000
1.20200000	1.62910000
1.04840000	1.41280000
1.11040000	1.67000000
3.57340000	5.74520000
3.69150000	7.35900000
2.55450000	3.83990000
2.18830000	2.72180000
1.84870000	2.15340000
1.60950000	1.76420000
1.43230000	1.45580000
1.85170000	1.23600000
3.04180000	1.00940000
3.27810000	2.87720000
9.27310000	8.05620000
17.54210000	7.85560000
11.87190000	4.01140000
5.05000000	2.80180000
2.77600000	2.20260000
2.26510000	1.80270000
1.99340000	1.48690000
1.81330000	1.23000000
1.66860000	1.02150000
1.53270000	0.85220000
1.39980000	0.71470000
1.31420000	0.60290000
1.43820000	0.54290000
3.15990000	2.59170000
5.67020000	8.87120000
9.80470000	11.66000000
6.17220000	8.41760000
3.15990000	4.17820000
5.16810000	8.86750000
14.50030000	11.10530000
19.69800000	6.17780000
9.50940000	3.36620000
4.75470000	2.46030000
3.54390000	2.56060000
8.62340000	8.32830000
10.21810000	10.21010000
5.34530000	6.74920000
3.45530000	5.16270000
2.90600000	4.90990000
2.56340000	4.50530000
2.51320000	4.97140000
6.46760000	9.52000000
6.20180000	9.92920000
3.54390000	5.50740000
2.81740000	3.10200000
2.46000000	2.31850000
4.48890000	4.28270000
6.26080000	5.16410000
4.90230000	3.80340000
12.13770000	11.04180000
15.15000000	13.71170000
8.00320000	7.83150000
4.40030000	4.78850000
3.54390000	4.04450000
3.07130000	3.16750000
5.34530000	2.57720000
4.60700000	2.08530000
3.07130000	1.71430000
2.54860000	1.41560000
2.32710000	1.17230000
2.18540000	0.97490000
2.36850000	0.81530000
6.11320000	0.71260000
7.70790000	0.60250000
4.57750000	1.27370000
3.39620000	1.08060000
2.79370000	1.26250000
2.52500000	1.08740000
2.32120000	0.90980000
2.09970000	0.75810000
1.91960000	0.63690000
1.82800000	0.53860000
1.76600000	0.46520000
1.81620000	0.43810000
2.02000000	0.34480000
1.92550000	0.60210000
1.84870000	0.54110000
1.77190000	0.46190000
1.66270000	0.39510000
1.60660000	0.34060000
1.57700000	0.29610000
3.13040000	0.33610000
4.72520000	0.23780000
2.94440000	0.44940000
2.51910000	0.40860000
2.22080000	0.35200000
1.96680000	0.30400000
1.86050000	0.30030000
8.80060000	12.18600000
26.96290000	26.69860000
31.30410000	22.34040000
15.59300000	11.65410000
6.88100000	5.83160000
3.75060000	3.18440000
2.89120000	2.34640000
2.54570000	1.89620000
2.28280000	1.56320000
2.20900000	1.33650000
3.80970000	2.35700000
4.16400000	3.02470000
3.27810000	1.97490000
8.83010000	7.39970000
17.71930000	10.40340000
11.60620000	6.47540000
5.43390000	3.79180000
3.39620000	2.73660000
2.82330000	2.15380000
2.98280000	2.29610000
3.83920000	1.85810000
2.95320000	2.03250000
5.81780000	6.51560000
9.50940000	9.35270000
5.93600000	5.94800000
4.42980000	4.37460000
5.07950000	5.64410000
4.01640000	4.70380000
3.24850000	2.83770000
2.80560000	2.15750000
2.45710000	1.76240000
2.19420000	1.46190000
2.02000000	1.20580000
1.86940000	1.00140000
1.75130000	0.83580000
1.63020000	0.70140000
1.52090000	0.59210000
1.44410000	0.50320000
1.39390000	0.43070000
1.33780000	0.37160000
1.28760000	0.33620000
1.22850000	0.28510000
1.14580000	0.25140000
1.07500000	0.22460000
1.38800000	0.24990000
4.31170000	0.31610000
20.99740000	8.56730000
27.46490000	9.60130000
16.50850000	5.55600000
7.61930000	3.47430000
3.83920000	2.64960000
2.86170000	2.19260000
2.98280000	1.77030000
2.35670000	1.52920000
2.10560000	1.29570000
2.89420000	2.04210000
2.89710000	2.39480000
2.27400000	1.70070000
1.99930000	1.43120000
1.80150000	1.18810000
1.64200000	0.98760000
1.50020000	0.85550000
1.55340000	0.72400000
1.52090000	0.58740000
1.35260000	0.49660000
1.22260000	0.42500000
1.11340000	0.37690000
1.03660000	0.33070000
0.96570000	0.28120000
0.89480000	0.24810000
0.83580000	0.23550000
0.77670000	0.20240000
0.72060000	0.18210000
0.65560000	0.16690000
0.57880000	0.15430000
0.50500000	0.14370000
0.45180000	0.13480000
0.40160000	0.12720000
0.35730000	0.12060000
0.32490000	0.11490000
0.33080000	0.23200000
0.59950000	0.11840000
0.42230000	0.13590000
0.69700000	0.33380000
1.16650000	0.84950000
0.78850000	1.14740000
0.50800000	0.99390000
0.37210000	0.82810000
0.30710000	0.70970000
0.29240000	0.62900000
0.36620000	0.51570000
0.64080000	0.41750000
0.51390000	0.35490000
0.36030000	0.33260000
0.31890000	0.31230000
0.50800000	0.29010000
0.44590000	0.57850000
0.33670000	0.87070000
0.39280000	1.09150000
0.51680000	1.22790000
0.61720000	1.23730000
0.64380000	1.08630000
0.58470000	0.92260000
0.34550000	0.77090000
0.24510000	0.64590000
0.19490000	0.58090000
0.73240000	0.52170000
0.92140000	0.40030000
0.40460000	0.33960000
0.25100000	0.29430000
0.18900000	0.25760000
0.17130000	0.25370000
0.16540000	0.20550000
0.14470000	0.18250000
0.12700000	0.16540000
0.11520000	0.15140000
0.10630000	0.13960000
0.09750000	0.12980000
0.09450000	0.12140000
0.08560000	0.11430000
0.08270000	0.10830000
0.07680000	0.10300000
0.07090000	0.09850000
0.07380000	0.10870000
0.16540000	0.20780000
0.14770000	0.14100000
0.10930000	0.09000000
0.09750000	0.08260000
0.09150000	0.07980000
0.08860000	0.07760000
0.08270000	0.07940000
0.08270000	0.11650000
0.07680000	0.07630000
0.07380000	0.07040000
0.07380000	0.06840000
0.07090000	0.06680000
0.06790000	0.07790000
0.07970000	0.08730000
0.13290000	0.38640000
0.21560000	1.69190000
0.78560000	1.32830000
0.67330000	1.35920000
0.57290000	1.17990000
0.31600000	1.35540000
0.20080000	1.43920000
0.20080000	1.24120000
0.26870000	1.19300000
0.59060000	2.59620000
0.50200000	3.45370000
0.44300000	2.15400000
0.41350000	2.06700000
0.38390000	1.73390000
0.44300000	1.43350000
0.38390000	1.22140000
0.36920000	0.99090000
1.35850000	0.84160000
1.09270000	0.72790000
0.64970000	0.58960000
0.41050000	0.49900000
0.82100000	0.77270000
1.19900000	1.47850000
0.86820000	1.86980000
0.53450000	1.60470000
0.34850000	1.32910000
0.25400000	1.10140000
0.20380000	0.91670000
0.17420000	0.76680000
0.15360000	0.64490000
0.14180000	0.54580000
0.13290000	0.46520000
0.12700000	0.40450000
0.12110000	0.38550000
0.13580000	0.31270000
0.20670000	0.26680000
0.16540000	0.29130000
0.55230000	0.23590000
0.37800000	0.19830000
0.44000000	0.18890000
0.23330000	0.19950000
0.17720000	0.15340000
0.16540000	0.14630000
0.14770000	0.20170000
0.30420000	0.54010000
0.25690000	1.18770000
0.22150000	1.43990000
0.20080000	1.24120000
0.27460000	1.07090000
0.24510000	0.87030000
0.22440000	1.03710000
0.82390000	1.81260000
1.03070000	1.72990000
0.58470000	1.70310000
0.34850000	1.43280000
0.24810000	1.18770000
0.32780000	1.08960000
3.98680000	4.99430000
2.59290000	2.81330000
1.49430000	2.31430000
1.09270000	1.90470000
1.07200000	1.60070000
2.44820000	1.79440000
1.87820000	2.05150000
1.34370000	2.28950000
1.02480000	1.94140000
0.80620000	1.60250000
0.63200000	1.40950000
1.44120000	6.11850000
2.27990000	5.82440000
1.74240000	3.00100000
1.32890000	2.56230000
1.07200000	2.11880000
0.90960000	1.84020000
0.74130000	1.73000000
0.59060000	1.44900000
0.49320000	1.20060000
0.41940000	0.99750000
0.36620000	0.83270000
0.32190000	0.69890000
0.27460000	0.59000000
0.23920000	0.50150000
0.21560000	0.42930000
0.20080000	0.37050000
0.18900000	0.32230000
0.18010000	0.28290000
0.17130000	0.25060000
0.16830000	0.22400000
0.16240000	0.26300000
0.15650000	0.19020000
0.17130000	0.16910000
0.16830000	0.15590000
0.16240000	0.14530000
0.17720000	0.21760000
0.21260000	0.13710000
0.25400000	0.28100000
0.24810000	0.28430000
0.22150000	0.25220000
0.22440000	0.42170000
0.33370000	0.71930000
0.35140000	0.84040000
0.29530000	0.72410000
0.31010000	0.66050000
1.56820000	4.49760000
1.83990000	3.91810000
1.29650000	2.73870000
1.02180000	2.28370000
0.84460000	1.88730000
0.85350000	1.88340000
4.87280000	9.26970000
4.84330000	10.68760000
2.28280000	5.80450000
1.73060000	3.18240000
1.44710000	2.35620000
1.25810000	1.90560000
1.11930000	1.58330000
1.01000000	1.29860000
0.90660000	1.07600000
0.81800000	0.90890000
0.85640000	1.86240000
1.14880000	2.87880000
1.49730000	2.12960000
1.28760000	2.00150000
1.87820000	1.67460000
1.66860000	1.38550000
1.45300000	1.14750000
1.39390000	1.33520000
2.83510000	4.37270000
2.46300000	4.64760000
1.87230000	2.80580000
1.63900000	2.16930000
1.50910000	4.79890000
6.29040000	13.58360000
17.66030000	13.95270000
13.58480000	7.39920000
4.87280000	3.81540000
2.17650000	2.69690000
2.19720000	2.15300000
2.68450000	5.74100000
3.27810000	6.45140000
2.25920000	3.43550000
1.79850000	2.50310000
1.57700000	2.01050000
1.65090000	2.18440000
3.15990000	5.35200000
2.39800000	5.53890000
1.87820000	3.23850000
1.63020000	2.43270000
4.22310000	5.35160000
4.87280000	6.36840000
2.71700000	3.41380000
2.04360000	2.49380000
1.67150000	2.00600000
1.45590000	1.65340000
1.29940000	1.36420000
1.39100000	1.60780000
1.76600000	1.32220000
1.52680000	1.85190000
1.42640000	2.08610000
1.44710000	3.05270000
1.56820000	3.31970000
1.81330000	3.42320000
1.84580000	3.39260000
2.09380000	2.54860000
1.87230000	2.18170000
1.64790000	1.80760000
1.47660000	1.49380000
2.42460000	4.59040000
3.01230000	6.18470000
2.09380000	3.28910000
1.81030000	3.13090000
7.29450000	8.55710000
11.39940000	10.81740000
6.49710000	6.81580000
2.87940000	3.66680000
2.14400000	2.62050000
1.80150000	2.09010000
1.75420000	1.72550000
6.46760000	5.41350000
6.91050000	7.52600000
3.13040000	3.92270000
2.35670000	2.76780000
1.98460000	2.18150000
1.68330000	1.78430000
1.58290000	1.49400000
4.13450000	1.84980000
6.49710000	9.05210000
9.45030000	13.76330000
6.20180000	10.43350000
3.54390000	5.78940000
9.68660000	9.88900000
12.10820000	11.53200000
7.64880000	6.35710000
3.83920000	3.42790000
2.80560000	2.48660000
2.13220000	1.99160000
1.85170000	1.65880000
1.78970000	2.71550000
1.78080000	4.35360000
1.70110000	2.70220000
1.61840000	2.28400000
2.73170000	4.18530000
3.18950000	4.53980000
2.32710000	2.78380000
1.97280000	2.17310000
1.72170000	1.78820000
1.90780000	3.25440000
2.57520000	5.55490000
2.12630000	4.29620000
1.79260000	2.63510000
1.60660000	2.05650000
1.45000000	1.68670000
1.34370000	1.39390000
1.25810000	1.15460000
4.25260000	1.02730000
11.84240000	7.34170000
9.68660000	9.17430000
3.80970000	5.12210000
2.37730000	2.92990000
2.17950000	2.24200000
4.60700000	4.80800000
9.80470000	11.18600000
14.41170000	13.46960000
10.95640000	13.23110000
11.10410000	18.55580000
19.22550000	17.56150000
13.46670000	9.49970000
9.03690000	7.35120000
6.94010000	6.25830000
3.86870000	3.52990000
2.77010000	2.54610000
2.30350000	2.03250000
1.91960000	1.66910000
1.68330000	1.37870000
1.53570000	1.16320000
4.42980000	3.10730000
5.02050000	3.69830000
2.95320000	2.30510000
2.36260000	1.85940000
4.13450000	1.55550000
10.24770000	8.29620000
21.38130000	11.71310000
14.20500000	6.40190000
6.34940000	3.40520000
3.10090000	2.44340000
2.25630000	1.96180000
1.91370000	1.61670000
1.71290000	1.37620000
1.50610000	1.11130000
1.47370000	0.98920000
1.86640000	2.37420000
1.71290000	2.48170000
1.46180000	1.69310000
1.35850000	1.42270000
1.23150000	1.18120000
1.13700000	0.98190000
1.06910000	0.81970000
1.04540000	0.71200000
2.09970000	0.65880000
2.50140000	0.50170000
1.69220000	0.67720000
1.45000000	0.59760000
1.28760000	0.50840000
1.18130000	0.43400000
1.31420000	0.42960000
1.46480000	0.32960000
1.25510000	0.28350000
1.12810000	0.24980000
1.04540000	0.22240000
0.98340000	0.20890000
0.92730000	0.18220000
0.87710000	0.17280000
0.82990000	0.16860000
0.79740000	0.15270000
2.20310000	0.20990000
5.93600000	0.48540000
4.07540000	0.82970000
2.13520000	1.17080000
1.66270000	1.01990000
1.45000000	0.87580000
1.62720000	1.27060000
2.43640000	1.70960000
2.07020000	1.82860000
1.66860000	1.81550000
1.78080000	1.51440000
10.77930000	12.08820000
16.21320000	16.00390000
9.30260000	8.57080000
3.89830000	3.93710000
2.11750000	2.67100000
1.67450000	2.14020000
1.42350000	1.77110000
1.23440000	1.45100000
1.06910000	1.19670000
0.95680000	0.99400000
0.88600000	0.83840000
0.80620000	0.69750000
0.69700000	0.58820000
0.61130000	0.50000000
0.54930000	0.42810000
0.49610000	0.36950000
0.49910000	0.34050000
0.99230000	0.35780000
0.71470000	0.25800000
0.55820000	0.22410000
0.46960000	0.20170000
0.42530000	0.18360000
1.26100000	0.26770000
1.21670000	0.18410000
1.32600000	0.16680000
1.07200000	0.20040000
0.83280000	0.32540000
0.79440000	0.49770000
3.13040000	4.68420000
11.16320000	7.67210000
13.90970000	5.90770000
6.08360000	3.11760000
2.46000000	2.51280000
2.93250000	2.13470000
2.67560000	1.73690000
2.09380000	3.07180000
2.17650000	2.03510000
1.63020000	7.55790000
2.78490000	11.01270000
2.11450000	8.47590000
2.64610000	6.79030000
5.99500000	5.02670000
5.78830000	5.71490000
3.92780000	5.72820000
2.56040000	3.31450000
6.17220000	4.08810000
9.56840000	7.21340000
6.52660000	6.86080000
3.21900000	3.51230000
2.34780000	2.48690000
2.29170000	2.08800000
1.68920000	1.67030000
1.36730000	1.37350000
1.19610000	1.13750000
1.12810000	0.99440000
1.82510000	0.83040000
1.35550000	0.67650000
1.10750000	0.59780000
1.18130000	0.51030000
1.05430000	0.42230000
0.88600000	0.35670000
0.74420000	0.31030000
0.62610000	0.27600000
0.54040000	0.25280000
0.49910000	0.21840000
0.44300000	0.19660000
0.41350000	0.17920000
0.38390000	0.16740000
0.35730000	0.15750000
0.32780000	0.14310000
0.29830000	0.13400000
0.26580000	0.12660000
0.24220000	0.12020000
0.22740000	0.11470000
0.21850000	0.10990000
0.19790000	0.10570000
0.18310000	0.10190000
0.17720000	0.09840000
0.17420000	0.09530000
0.16240000	0.09250000
0.15650000	0.09910000
0.14770000	0.09470000
0.14180000	0.08590000
0.13580000	0.08310000
0.12990000	0.08100000
0.12400000	0.07910000
0.11810000	0.08320000
0.11220000	0.09210000
0.11220000	0.08090000
0.11520000	0.09330000
0.10340000	0.07270000
0.09750000	0.06910000
0.09450000	0.06740000
0.09150000	0.06600000
0.08860000	0.06460000
0.09450000	0.06320000
0.09150000	0.06180000
0.08860000	0.06070000
0.10040000	0.11090000
0.12400000	0.16900000
0.13290000	0.06820000
0.13290000	0.05630000
0.12700000	0.08230000
0.12700000	0.08840000
0.13880000	0.05580000
0.12110000	0.05120000
0.10340000	0.04990000
0.09750000	0.05900000
0.08860000	0.04890000
0.08860000	0.10210000
0.09150000	0.06230000
0.12990000	0.04640000
0.12400000	0.04400000
0.10040000	0.04300000
0.08860000	0.04210000
0.08270000	0.04120000
0.07970000	0.04040000
0.07680000	0.03950000
0.07380000	0.03870000
0.07090000	0.03790000
0.06790000	0.03710000
0.06500000	0.03630000
0.06790000	0.03550000
0.06790000	0.05650000
0.06200000	0.03630000
0.05910000	0.03350000
0.05610000	0.03270000
0.05610000	0.03200000
0.05610000	0.03130000
0.06500000	0.08220000
0.09450000	0.10340000
0.06790000	0.03690000
0.06500000	0.02920000
0.08560000	0.02810000
0.07970000	0.02760000
0.07090000	0.02700000
0.06200000	0.02640000
0.05610000	0.02590000
0.05610000	0.02530000
0.05320000	0.02480000
0.05320000	0.02430000
0.05020000	0.02370000
0.04730000	0.02320000
0.04730000	0.03640000
0.07970000	1.37150000
1.49430000	5.55620000
1.71880000	2.82800000
0.65860000	1.97540000
0.37510000	1.64080000
0.25690000	1.67470000
0.19490000	1.77010000
0.15360000	1.49920000
0.13290000	1.24260000
0.11810000	1.03180000
0.10930000	0.86070000
0.10040000	0.72180000
0.09450000	0.60890000
0.09150000	0.51700000
0.08560000	0.44210000
0.08560000	0.38110000
0.07970000	0.33120000
0.07680000	0.29040000
0.07680000	0.25680000
0.07380000	0.24670000
0.09150000	0.33740000
0.09450000	0.50310000
0.09450000	0.75150000
0.12700000	0.66330000
0.12400000	0.56070000
0.10930000	0.47500000
0.09750000	0.40520000
0.09150000	0.35950000
0.09150000	0.35130000
0.08560000	0.26900000
0.11520000	0.75780000
0.71760000	4.69950000
10.74970000	15.75110000
23.12370000	18.76470000
14.32310000	10.41520000
4.16400000	5.43690000
1.27580000	3.06720000
0.93910000	2.29490000
0.75900000	2.44640000
0.67040000	4.62340000
0.77370000	5.53380000
0.69700000	3.42250000
0.56410000	2.63240000
0.49610000	2.71440000
0.47840000	3.55680000
0.59360000	2.59300000
0.71760000	2.18710000
0.62020000	1.81030000
0.52860000	1.49450000
0.46370000	1.23970000
0.42820000	1.05780000
0.42530000	2.51770000
0.86820000	1.55190000
0.92730000	1.97250000
0.68220000	1.69690000
0.56700000	1.40550000
0.49910000	1.16360000
0.45770000	0.96740000
0.43710000	1.09480000
0.49910000	3.50240000
0.63490000	3.69070000
0.66150000	2.32430000
0.55230000	1.87180000
0.49610000	1.54640000
0.46660000	1.28000000
0.44000000	1.06200000
0.41350000	0.89470000
0.40460000	0.77600000
0.51680000	1.32100000
0.88890000	1.10940000
0.75310000	1.42530000
2.13220000	3.46750000
1.94030000	3.78230000
1.30240000	2.38560000
1.04250000	1.91120000
0.91250000	1.57970000
0.84460000	1.33610000
1.12220000	3.81390000
1.92250000	3.89600000
1.38510000	2.42650000
1.13110000	1.93700000
1.00110000	1.59960000
0.90370000	1.32370000
0.79440000	1.09760000
0.70880000	0.91390000
0.64970000	0.76470000
0.58770000	0.64350000
0.53450000	0.54490000
0.51680000	0.48620000
1.00410000	1.53070000
1.39690000	2.41540000
3.01230000	5.92310000
6.23130000	7.85450000
3.07130000	4.96960000
2.38320000	4.14970000
2.61060000	4.27450000
2.08500000	3.70430000
1.89300000	4.32660000
1.64490000	2.71140000
1.50020000	2.11510000
1.39690000	1.73970000
1.33490000	1.44220000
1.37620000	1.18800000
2.59000000	2.28490000
8.50530000	7.39790000
15.91790000	23.20510000
60.83630000	34.34760000
32.78070000	26.68900000
14.14590000	14.75590000
7.05820000	8.17140000
3.45530000	5.71610000
2.58700000	4.40470000
2.25630000	2.98340000
3.66200000	5.32140000
8.80060000	9.38960000
8.26900000	8.38770000
4.31170000	4.23260000
3.45530000	3.61050000
2.98280000	3.09430000
2.53390000	2.54350000
2.43050000	2.08740000
2.84690000	3.91260000
2.72880000	4.14560000
2.40390000	2.57810000
2.14990000	2.03010000
1.96390000	1.68890000
1.82210000	1.38170000
1.67450000	1.30720000
1.56230000	1.10100000
1.45000000	0.91790000
1.35260000	0.76790000
1.28760000	0.66350000
4.42980000	8.20180000
15.41580000	18.27730000
18.95970000	16.00240000
9.15500000	8.47990000
4.37080000	4.05030000
2.78490000	2.79280000
2.61060000	2.19280000
2.43050000	1.79240000
2.27400000	1.50870000
2.22970000	1.22850000
1.99930000	1.04430000
1.81030000	0.87330000
1.65380000	0.73200000
1.78670000	0.87820000
5.90640000	6.54030000
11.81290000	9.46170000
9.77520000	6.25480000
4.48890000	3.43940000
2.78780000	2.49750000
2.40390000	2.01890000
2.65490000	2.91820000
2.69630000	3.55860000
2.34780000	2.29050000
2.21490000	1.87360000
5.22720000	5.19290000
4.87280000	6.57280000
2.95030000	3.46170000
2.46590000	2.50890000
2.19420000	2.02290000
1.92850000	1.66890000
1.90480000	2.63390000
2.65200000	5.47450000
3.33710000	12.17160000
8.00320000	19.34990000
14.02780000	18.93470000
16.36080000	12.81360000
8.09180000	6.60780000
3.69150000	3.49750000
2.56930000	2.51700000
2.29760000	2.01490000
2.05250000	1.65300000
1.83990000	1.36960000
1.68920000	1.13170000
1.82800000	1.00110000
5.28630000	4.43080000
6.76290000	11.43370000
8.74150000	11.17890000
4.72520000	6.08230000
2.89120000	3.32760000
3.10090000	3.07030000
3.10090000	2.71030000
2.56930000	2.38850000
2.32710000	1.95750000
2.14990000	1.61430000
1.94320000	1.33350000
1.76900000	1.10540000
1.66270000	0.95660000
3.78010000	1.65460000
3.89830000	1.98160000
3.51430000	4.08520000
7.73740000	5.57220000
5.61110000	3.13830000
3.10090000	2.39930000
2.52210000	1.94570000
2.24440000	1.60510000
3.24850000	1.39460000
4.13450000	1.10710000
2.36260000	1.05840000
1.32890000	0.89650000
1.03360000	0.75160000
1.18130000	0.67680000
2.36260000	0.54160000
4.42980000	0.49580000
7.97370000	3.09160000
14.05730000	6.94980000
14.61840000	12.39510000
15.97690000	12.54380000
9.47980000	6.64680000
4.54800000	3.45930000
2.79080000	2.46300000
2.22970000	1.98690000
1.87230000	1.63330000
1.63900000	1.34850000
1.45000000	1.12100000
1.28470000	0.93050000
1.14580000	0.77810000
1.08090000	0.71190000
1.23440000	0.60010000
1.19310000	0.47970000
1.00110000	0.40910000
0.89190000	0.35160000
0.77670000	0.30640000
0.67630000	0.28740000
2.52800000	0.76270000
7.53070000	3.02340000
3.30760000	2.78130000
1.72470000	2.31970000
1.38210000	1.91660000
1.14880000	1.57920000
0.97160000	1.30460000
0.83280000	1.08190000
0.70290000	0.90110000
0.61430000	0.75430000
0.55230000	0.63500000
0.50800000	0.53800000
0.44590000	0.45900000
0.40460000	0.39460000
0.37210000	0.34200000
0.34550000	0.30480000
0.32780000	0.26430000
0.30710000	0.23470000
0.29240000	0.21080000
0.27760000	0.20110000
0.26580000	0.20120000
0.25100000	0.17320000
0.24510000	0.17290000
0.24220000	0.16850000
0.23330000	0.13430000
0.23920000	0.22140000
0.89190000	0.12840000
0.54630000	0.11360000
0.38980000	0.18690000
4.04590000	6.92130000
7.70790000	6.02770000
3.39620000	2.81560000
1.19010000	2.49570000
0.82690000	2.07880000
0.62900000	1.75480000
0.52860000	1.44200000
0.45180000	1.17150000
0.40460000	0.99780000
0.35730000	0.83520000
0.32490000	0.69370000
0.30420000	0.59090000
0.28350000	0.49200000
0.25100000	0.42070000
0.23040000	0.42060000
0.22740000	0.36210000
0.63200000	0.28640000
0.59360000	0.24770000
0.38980000	0.22120000
0.29240000	0.19980000
0.23630000	0.18200000
0.20380000	0.16730000
0.18310000	0.15490000
0.16540000	0.14450000
0.15360000	0.13560000
0.14770000	0.16640000
0.13880000	0.12650000
0.12990000	0.11640000
0.16540000	0.11160000
0.25990000	0.22830000
0.33370000	0.16130000
0.33960000	0.10510000
0.26580000	0.42240000
0.20970000	0.40990000
0.17420000	0.33920000
0.15060000	0.28990000
0.13290000	0.27560000
0.11520000	0.25310000
0.10930000	0.22590000
0.14770000	0.20210000
0.25100000	0.15910000
0.23330000	0.18170000
0.19490000	0.15780000
0.19490000	0.29480000
0.18900000	0.46860000
0.16240000	0.41710000
0.13880000	0.35470000
0.12110000	0.30240000
0.11220000	0.29930000
0.11520000	0.29420000
0.13580000	0.24290000
0.13580000	0.18460000
0.12700000	0.47930000
0.12110000	0.43100000
0.12990000	0.58890000
0.19200000	0.75790000
0.15650000	0.69300000
0.12990000	0.55530000
0.11520000	0.46380000
0.10340000	0.39190000
0.09450000	0.33360000
0.08860000	0.28600000
0.08560000	0.24720000
0.07970000	0.21550000
0.07680000	0.20160000
0.07680000	0.17980000
0.07380000	0.15180000
0.07090000	0.14810000
0.07970000	0.19410000
0.09750000	0.14540000
0.08860000	0.14260000
0.14470000	0.13590000
0.26280000	3.28050000
0.34550000	2.66950000
0.26870000	1.93350000
0.20970000	1.72490000
0.17420000	1.43870000
0.15060000	1.19280000
0.15650000	0.99210000
0.14180000	0.82910000
0.12400000	0.69680000
0.10930000	0.58910000
0.09450000	0.50150000
0.08560000	0.43010000
0.07680000	0.37180000
0.07090000	0.32420000
0.06500000	0.28510000
0.05910000	0.25310000
0.05610000	0.22670000
0.05320000	0.20490000
0.04730000	0.18670000
0.04430000	0.17170000
0.04130000	0.15900000
0.03840000	0.14840000
0.03840000	0.13930000
0.03250000	0.13160000
0.02860000	0.12500000
0.02660000	0.11920000
0.02600000	0.11420000
0.02690000	0.10980000
0.02780000	0.10580000
0.02890000	0.10220000
0.02920000	0.09900000
0.02950000	0.09600000
0.02950000	0.09330000
0.03250000	0.09080000
0.02950000	0.08840000
0.03250000	0.11370000
0.03540000	0.19200000
0.03540000	0.14270000
0.04430000	0.08610000
0.06500000	0.07860000
0.07090000	0.07650000
0.05020000	0.07480000
0.04130000	0.07310000
0.03540000	0.07150000
0.03250000	0.07000000
0.02950000	0.06850000
0.02920000	0.06700000
0.02720000	0.06560000
0.02600000	0.07390000
0.02510000	0.06380000
0.02600000	0.06170000
0.02950000	0.06020000
0.04130000	0.16690000
0.56700000	0.28150000
0.78560000	0.86270000
0.26580000	1.18740000
0.12700000	1.02680000
0.08560000	0.85240000
0.06500000	0.70800000
0.05020000	0.59080000
0.04130000	0.49550000
0.03540000	0.41820000
0.02920000	0.35520000
0.02600000	0.30390000
0.02360000	0.26420000
0.02190000	0.22800000
0.02070000	0.19980000
0.01920000	0.17680000
0.01830000	0.15790000
0.01830000	0.14230000
0.01800000	0.12940000
0.01800000	0.11860000
0.01770000	0.10960000
0.01800000	0.10210000
0.01830000	0.09570000
0.02070000	0.09020000
0.02100000	0.08550000
0.02100000	0.08150000
0.02100000	0.08900000
0.02100000	0.10070000
0.02070000	0.07470000
0.02390000	0.06980000
0.02690000	0.06730000
0.02570000	0.06530000
0.02570000	0.08350000
0.02950000	0.08740000
0.02950000	0.12840000
0.03840000	0.67050000
0.05610000	1.05180000
0.06790000	1.07860000
0.07680000	0.96980000
0.08860000	2.14640000
0.49610000	1.39760000
0.28350000	1.38120000
0.12400000	1.30660000
0.08860000	1.32620000
0.07680000	1.15560000
0.08860000	1.19250000
0.10040000	1.39750000
0.08560000	1.39040000
0.07090000	1.17040000
0.06200000	0.97390000
0.05610000	0.81450000
0.04730000	0.68350000
0.04430000	0.57750000
0.04130000	0.49140000
0.03840000	0.42120000
0.03540000	0.36390000
0.03250000	0.31700000
0.03250000	0.27870000
0.02950000	0.24720000
0.02950000	0.22710000
0.02840000	0.20320000
0.02780000	0.20980000
0.05320000	0.40590000
1.26400000	1.30060000
0.98930000	1.76690000
0.59950000	1.77460000
0.95680000	4.35980000
4.13450000	5.63920000
3.51430000	3.12340000
1.28760000	2.53440000
0.87710000	2.08870000
0.64680000	1.71950000
0.51090000	1.41850000
0.43710000	1.20400000
0.43120000	1.18680000
0.46070000	1.39700000
0.67330000	2.67100000
1.18130000	3.18580000
3.83920000	2.51930000
6.26080000	2.10530000
2.16180000	1.73540000
1.78970000	1.43190000
2.51610000	3.02570000
3.92780000	5.52410000
2.35670000	4.60000000
1.58290000	2.91250000
1.23150000	2.36430000
1.12220000	4.17210000
2.57230000	4.76280000
2.31530000	2.92680000
1.54450000	2.26200000
1.23740000	1.85010000
1.09270000	1.53390000
1.32890000	5.08160000
6.58570000	14.80710000
11.84240000	15.24340000
7.76700000	8.23700000
2.73170000	3.97280000
1.86940000	2.75810000
6.85150000	6.75020000
22.82840000	13.28260000
17.30590000	11.33980000
7.32400000	6.38760000
4.66610000	7.23470000
4.48890000	7.56130000
2.79970000	3.94330000
2.20900000	2.76620000
1.88710000	4.05110000
12.04910000	20.07050000
29.08920000	24.42060000
16.30180000	13.15870000
6.82190000	6.51970000
3.10090000	3.44550000
2.14400000	2.48940000
1.79560000	2.01820000
1.89300000	3.24250000
6.64470000	10.23600000
12.19680000	12.55720000
9.21400000	8.30990000
4.42980000	4.09590000
2.67860000	2.82550000
2.08790000	2.20980000
1.77490000	1.80740000
1.67450000	1.50700000
1.60060000	1.23620000
1.60360000	1.03310000
5.34530000	2.93290000
4.60700000	3.71890000
2.73760000	2.39570000
2.55160000	2.15850000
2.21490000	2.00910000
1.87230000	1.68460000
1.66270000	1.39460000
2.44230000	2.61330000
4.60700000	5.31930000
3.24850000	4.37670000
2.38320000	2.64550000
1.92850000	2.06060000
1.63610000	1.69010000
1.44710000	1.39680000
1.32010000	1.16720000
1.19900000	0.96320000
1.10450000	0.80400000
1.16360000	2.13890000
7.70790000	10.18400000
10.42490000	11.79640000
4.63660000	6.37090000
5.90640000	7.36980000
9.39120000	8.11330000
5.22720000	4.17160000
3.42570000	3.80490000
3.36670000	4.32920000
2.56040000	2.72460000
2.54270000	2.87180000
2.95320000	3.65950000
2.36550000	2.39040000
1.99050000	2.04960000
2.53090000	4.70190000
7.67840000	10.50140000
9.45030000	10.59390000
5.78830000	6.42490000
3.24850000	3.48300000
2.50430000	2.50470000
2.05840000	2.00310000
1.77780000	1.69680000
4.31170000	3.92310000
5.16810000	5.36760000
2.85280000	2.88750000
2.29470000	2.19710000
1.97280000	1.78490000
1.70700000	1.47390000
1.50320000	1.21960000
1.34370000	1.01300000
1.24040000	0.86890000
1.17240000	0.71740000
1.14880000	0.62410000
1.55630000	0.55240000
1.63610000	0.43960000
1.44710000	0.48880000
1.32890000	0.45140000
1.21970000	0.37360000
1.29940000	0.38930000
1.52980000	0.28980000
1.38800000	0.58090000
1.29650000	0.52620000
1.19900000	0.44980000
1.08090000	0.38500000
0.97160000	0.33230000
0.89480000	0.28910000
0.84170000	0.27690000
1.19310000	0.32480000
1.84870000	0.43730000
1.33190000	0.73660000
1.11930000	0.84680000
1.00700000	0.72930000
0.94210000	0.62740000
0.88300000	0.51790000
0.80920000	0.43810000
0.74130000	0.37420000
0.68510000	0.32290000
0.62900000	0.27970000
0.62020000	0.27860000
1.64490000	0.28360000
1.95500000	0.26560000
2.78190000	0.94060000
3.63250000	1.16340000
2.25630000	1.06860000
1.61540000	0.99710000
1.29350000	0.84000000
1.09270000	0.70230000
0.99230000	1.06910000
10.51350000	14.53100000
27.08100000	18.33460000
16.77430000	9.92850000
6.43800000	5.12300000
2.50430000	2.85670000
1.67150000	2.17120000
1.35850000	1.78820000
1.20490000	1.51700000
1.21380000	1.23940000
1.06610000	1.01670000
0.92140000	0.84700000
0.80030000	0.71040000
0.69990000	0.60740000
0.65860000	0.54600000
0.58470000	0.43940000
0.51090000	0.37580000
0.46070000	0.33780000
0.43710000	0.31950000
0.41050000	0.28740000
0.39870000	0.23620000
0.38690000	0.24140000
0.35730000	0.19270000
0.33370000	0.17060000
0.30120000	0.15710000
0.27170000	0.14620000
0.25990000	0.13980000
0.26280000	0.15680000
0.31600000	0.12540000
0.32190000	0.16620000
0.33080000	0.13010000
1.16650000	0.16310000
0.48730000	0.10900000
0.36320000	0.10000000
0.30420000	0.09640000
0.26280000	0.09350000
0.23040000	0.09490000
0.21260000	0.08870000
0.20080000	0.10400000
0.19200000	0.08570000
0.22740000	0.11320000
0.28650000	0.14810000
0.22440000	0.08910000
0.20380000	0.07700000
0.18310000	0.07430000
0.16540000	0.07260000
0.15360000	0.07100000
0.14470000	0.06950000
0.13290000	0.06800000
0.12990000	0.07270000
0.14180000	0.17560000
0.21850000	0.10700000
0.24810000	0.10200000
0.32780000	2.37360000
4.16400000	7.44070000
7.02870000	7.59880000
4.01640000	4.47830000
4.22310000	2.79250000
1.95500000	2.32930000
2.20610000	1.92270000
1.47660000	1.56740000
1.07790000	1.29330000
0.82690000	1.07270000
0.78560000	0.89370000
0.81510000	0.74890000
0.93030000	0.63040000
0.68220000	0.58720000
0.97160000	0.55090000
1.96680000	2.66340000
2.95320000	5.88160000
1.49730000	4.28360000
1.06610000	2.76900000
0.81800000	2.29470000
0.62310000	1.89040000
0.51090000	1.55770000
0.43120000	1.28730000
0.37210000	1.06790000
0.47250000	0.89330000
1.07790000	0.81790000
1.05430000	0.63540000
0.77080000	0.53280000
0.59060000	0.49300000
0.41050000	0.39500000
0.32190000	0.33940000
0.26870000	0.29670000
0.23330000	0.26430000
0.60840000	0.25530000
0.87420000	0.21200000
0.47250000	0.19040000
0.31600000	0.17400000
0.23920000	0.16040000
0.20380000	0.14910000
0.18010000	0.13950000
0.16830000	0.13130000
0.15060000	0.12430000
0.14180000	0.11830000
0.13290000	0.11300000
0.12400000	0.10840000
0.11810000	0.10430000
0.11520000	0.10270000
0.10930000	0.11630000
0.10630000	0.09630000
0.11810000	0.09170000
0.11810000	0.08900000
0.09750000	0.08660000
0.09450000	0.08440000
0.08860000	0.08230000
0.08270000	0.08030000
0.07970000	0.07840000
0.07380000	0.07660000
0.07090000	0.07480000
0.06790000	0.08200000
0.06790000	0.07270000
0.06790000	0.07000000
0.06500000	0.06840000
0.06200000	0.06690000
0.05910000	0.06550000
0.05610000	0.06410000
0.05320000	0.06270000
0.05020000	0.06140000
0.04730000	0.06010000
0.04430000	0.05880000
0.04130000	0.05750000
0.04130000	0.05630000
0.03840000	0.05510000
0.03840000	0.05400000
0.03540000	0.05290000
0.03250000	0.06980000
0.03540000	0.05400000
0.03250000	0.04980000
0.03250000	0.04850000
0.02860000	0.04750000
0.02920000	0.04650000
0.02890000	0.04550000
0.02840000	0.04460000
0.02750000	0.04360000
0.02720000	0.04270000
0.02720000	0.04180000
0.02720000	0.04090000
0.02720000	0.09380000
0.02690000	0.04490000
0.02630000	0.03880000
0.02630000	0.03760000
0.02540000	0.03680000
0.02510000	0.03600000
0.02480000	0.03530000
0.02480000	0.04380000
0.02570000	0.06650000
0.02690000	0.10080000
0.02690000	0.03940000
0.02630000	0.03220000
0.02690000	0.03110000
0.02920000	0.07290000
0.02860000	0.03420000
0.03250000	0.02950000
0.03250000	0.02850000
0.02950000	0.02790000
0.03250000	0.08480000
0.05020000	0.69240000
0.05020000	1.14400000
0.05610000	0.87510000
0.05020000	0.85690000
0.04430000	0.73090000
0.04130000	0.61630000
0.03540000	0.52210000
0.03250000	0.44550000
0.02920000	0.38290000
0.02570000	0.33190000
0.02360000	0.29350000
0.02240000	0.25620000
0.02190000	0.22770000
0.02160000	0.20450000
0.02160000	0.18530000
0.02130000	0.16940000
0.02100000	0.15600000
0.02100000	0.14490000
0.02130000	0.13540000
0.02100000	0.12740000
0.02130000	0.12060000
0.02130000	0.11470000
0.02480000	0.14010000
0.11810000	2.61940000
0.83580000	1.77690000
0.54340000	1.32980000
0.24220000	1.09030000
0.15060000	0.90920000
0.11220000	0.76280000
0.09150000	0.64370000
0.07970000	0.54690000
0.07380000	0.46800000
0.06500000	0.40360000
0.06200000	0.35100000
0.06500000	0.30790000
0.05910000	0.27260000
0.05320000	0.24350000
0.05020000	0.21950000
0.05020000	0.19960000
0.05020000	0.18300000
0.05320000	0.16910000
0.05020000	0.17840000
0.05020000	0.17380000
0.05020000	0.14190000
0.05020000	0.13220000
0.05020000	0.13590000
0.05020000	0.16870000
0.05320000	0.23490000
0.05320000	0.63660000
0.05320000	0.95800000
0.05320000	0.83940000
0.05020000	0.70310000
0.05020000	0.58970000
0.04730000	0.49750000
0.05020000	0.42250000
0.05020000	0.36140000
0.05020000	0.32360000
0.05320000	0.30960000
0.05320000	0.24150000
0.05320000	0.57120000
0.06790000	0.51920000
0.09450000	0.70270000
0.41640000	1.40440000
0.46960000	1.51190000
0.79440000	2.29340000
2.47480000	2.38140000
1.23440000	1.90870000
0.65560000	1.79910000
0.43710000	1.50750000
0.32490000	1.24900000
0.26280000	1.05100000
0.22150000	0.87810000
0.20380000	0.83060000
0.19200000	1.11240000
0.18310000	1.33120000
0.18310000	1.14670000
0.18310000	0.95500000
0.17720000	0.79760000
0.17130000	0.67660000
0.16240000	0.56780000
0.15650000	0.48260000
0.14470000	0.41430000
0.13880000	0.35690000
0.13290000	0.31090000
0.12990000	0.27330000
0.12990000	0.27370000
1.59770000	4.04940000
3.18950000	3.23210000
1.44410000	2.40410000
1.10750000	1.95680000
0.93030000	1.61050000
1.19010000	2.82890000
4.81370000	7.89360000
2.43640000	6.79000000
1.28470000	3.40520000
0.98340000	2.60740000
0.79740000	2.18330000
0.71470000	2.13720000
0.60540000	1.81320000
0.56110000	1.96590000
0.54040000	2.24720000
0.55520000	1.61980000
0.59060000	1.57830000
0.56700000	1.31680000
0.62610000	1.38800000
2.83510000	4.67200000
2.84100000	6.40520000
1.92250000	3.38750000
1.34080000	2.48390000
1.03070000	1.99990000
0.85050000	1.64580000
0.84460000	1.94250000
1.70700000	4.02270000
1.52680000	3.63560000
1.17240000	2.31480000
0.97750000	1.85920000
0.85050000	1.53730000
0.76490000	1.28010000
0.67040000	1.05610000
0.58180000	0.87920000
0.52570000	0.73790000
0.49020000	0.62160000
0.45770000	0.52630000
0.43120000	0.44950000
0.41640000	0.38680000
0.40750000	1.24520000
1.03660000	2.78860000
4.13450000	7.16450000
5.13860000	8.17190000
2.12630000	4.16430000
1.54160000	2.88250000
1.30830000	2.27280000
2.12340000	3.02870000
1.78080000	2.41000000
1.41750000	2.21990000
1.21080000	1.84600000
1.06320000	1.52520000
0.96270000	1.26110000
0.88600000	1.04670000
0.80030000	0.87270000
3.75060000	2.95920000
6.79240000	3.69320000
2.85870000	2.34950000
1.92850000	1.88860000
1.55630000	1.56030000
1.30240000	1.29300000
1.16950000	1.09700000
1.04250000	0.89530000
0.93320000	0.74760000
0.83870000	0.62940000
0.76780000	0.53340000
0.70880000	0.45520000
0.67920000	0.42320000
2.28580000	2.33510000
4.16400000	3.82330000
2.38320000	2.12530000
1.73060000	1.90520000
1.44120000	1.59320000
1.26990000	1.35080000
1.26100000	1.40500000
1.35550000	1.15390000
4.37080000	7.17030000
21.38130000	17.93520000
27.02200000	17.17930000
11.75380000	9.10290000
5.10910000	4.20900000
2.53680000	2.82960000
1.99340000	2.20390000
1.73650000	1.82730000
1.63900000	1.51690000
2.00520000	1.24180000
1.68330000	1.03760000
1.45890000	0.87110000
1.33190000	0.71830000
1.21380000	0.60460000
5.19770000	5.28390000
20.70210000	17.57180000
45.47960000	30.43800000
30.41820000	26.53790000
14.61840000	13.82720000
6.94010000	6.61800000
3.39620000	3.41750000
2.40390000	2.43910000
2.00520000	1.95860000
1.74830000	1.61800000
1.76010000	1.36520000
2.25330000	2.23220000
6.29040000	4.66460000
4.69560000	4.14140000
2.89420000	2.51810000
2.28580000	1.98120000
1.89890000	1.61920000
1.62130000	1.33840000
1.41160000	1.10940000
1.27580000	0.97100000
1.16650000	0.77760000
1.04250000	0.65030000
1.03660000	0.63310000
1.47370000	0.94580000
1.59180000	1.02850000
1.28760000	1.10380000
1.26690000	0.99790000
1.23740000	0.79460000
1.08680000	0.83370000
0.96570000	0.71600000
0.88890000	0.60410000
0.80920000	0.51170000
0.74130000	0.47650000
0.67330000	0.37940000
0.60540000	0.32550000
0.53160000	0.28420000
0.48430000	0.25070000
0.44300000	0.22310000
0.41350000	0.21880000
0.38100000	0.18340000
0.35440000	0.16600000
0.33080000	0.15280000
0.30710000	0.14190000
0.28060000	0.13260000
0.25690000	0.12480000
0.23920000	0.11810000
0.22440000	0.11230000
0.21260000	0.11240000
0.20670000	0.13060000
0.19790000	0.12110000
0.19200000	0.09760000
0.21260000	0.18670000
0.21260000	0.10000000
0.25100000	0.09740000
0.33370000	0.11300000
0.70880000	0.13610000
0.72650000	0.11690000
0.44000000	0.21870000
0.36320000	0.49860000
0.28060000	0.45080000
0.22740000	0.38240000
0.19490000	0.32450000
0.18010000	0.27740000
0.15650000	0.23890000
0.17130000	0.27840000
0.16240000	0.23850000
0.15650000	0.16640000
0.16830000	0.14370000
0.16240000	0.12900000
0.14470000	0.11720000
0.13290000	0.10730000
0.12400000	0.09910000
0.11520000	0.09220000
0.10930000	0.15320000
0.10340000	0.12340000
0.10340000	0.10240000
0.12700000	0.10810000
0.41940000	0.54030000
1.16360000	1.92300000
0.67330000	1.65230000
0.42820000	1.67090000
0.63490000	1.70810000
2.08500000	1.75430000
0.86230000	1.81510000
0.51390000	1.53400000
0.42530000	1.33890000
0.42820000	1.07300000
0.39280000	0.89840000
0.32780000	0.81180000
0.36620000	1.07930000
0.29830000	1.37140000
0.23330000	1.18400000
0.19490000	0.98710000
0.16830000	0.82400000
0.15360000	0.69160000
0.14470000	0.61740000
0.15950000	0.51210000
0.15950000	0.42650000
0.15060000	0.36680000
0.14470000	0.31910000
0.12700000	0.28010000
0.11520000	0.24810000
0.11220000	0.24050000
0.10630000	0.20200000
0.10340000	0.18220000
0.09750000	0.16700000
0.09150000	0.15450000
0.08560000	0.14390000
0.07970000	0.13500000
0.07970000	0.12730000
0.08860000	0.17650000
0.07680000	0.12100000
0.07680000	0.11060000
0.07380000	0.10740000
0.07380000	0.10210000
0.07380000	0.09840000
0.07090000	0.09530000
0.06790000	0.09240000
0.06500000	0.11240000
0.13290000	0.12840000
0.58180000	0.17790000
0.15360000	0.10830000
0.10630000	0.09330000
0.09150000	0.08000000
0.08270000	0.07710000
0.07680000	0.07520000
0.07090000	0.07350000
0.09150000	0.07180000
0.08560000	0.07020000
0.07970000	0.06870000
0.07090000	0.09100000
0.06790000	0.11190000
0.07090000	0.06910000
0.06500000	0.06330000
0.06200000	0.06160000
0.05910000	0.06030000
0.05610000	0.05900000
0.05320000	0.05780000
0.05320000	0.05650000
0.05020000	0.05530000
0.05020000	0.05420000
0.04730000	0.05300000
0.04130000	0.05200000
0.04130000	0.05080000
0.04130000	0.04970000
0.04130000	0.05450000
0.04130000	0.04830000
0.08270000	0.15680000
0.07970000	0.14960000
0.05910000	0.40530000
0.08560000	0.71950000
0.07970000	0.63450000
0.06500000	0.52930000
0.05320000	0.44570000
0.04730000	0.38080000
0.04130000	0.31300000
0.03840000	0.26480000
0.03540000	0.23640000
0.03540000	0.19590000
0.03250000	0.16930000
0.03250000	0.14820000
0.03250000	0.13100000
0.02950000	0.11690000
0.03250000	0.12300000
0.03840000	0.14800000
0.03840000	0.09290000
0.03840000	0.08110000
0.04730000	0.07510000
0.05910000	0.07030000
0.05020000	0.06630000
0.04130000	0.06280000
0.03840000	0.06770000
0.04430000	0.18200000
0.04130000	0.08600000
0.03840000	0.23350000
0.07680000	0.40140000
0.08860000	2.18500000
0.53160000	1.42320000
0.54930000	1.10400000
0.27460000	1.09820000
0.16240000	0.93550000
0.11520000	0.78550000
0.08860000	0.66230000
0.07380000	0.56200000
0.06200000	0.48030000
0.05610000	0.41370000
0.05020000	0.35930000
0.04130000	0.33040000
0.03840000	0.27990000
0.04130000	0.24830000
0.03540000	0.22340000
0.03250000	0.20280000
0.03840000	0.18580000
0.03250000	0.17150000
0.02950000	0.15950000
0.02950000	0.14940000
0.03250000	0.14070000
0.03250000	0.13330000
0.02950000	0.12690000
0.02890000	0.12140000
0.02890000	0.11650000
0.02570000	0.11210000
0.02780000	0.10820000
0.02540000	0.10470000
0.02450000	0.10150000
0.02420000	0.09860000
0.02540000	0.09580000
0.02630000	0.10330000
0.02780000	0.09190000
0.02570000	0.08870000
0.02330000	0.08650000
0.02600000	0.08440000
0.03540000	0.08250000
0.04430000	0.08060000
0.03250000	0.07880000
0.02630000	0.07700000
0.02480000	0.13300000
0.02330000	0.11400000
0.02190000	0.10440000
0.03540000	0.14230000
0.41640000	4.76690000
7.05820000	12.67290000
11.54710000	11.89360000
6.20180000	6.09680000
1.18720000	3.28570000
0.75600000	2.43580000
0.57590000	1.97650000
0.45770000	1.62490000
0.43710000	1.69080000
1.07790000	5.16040000
1.44120000	5.85570000
0.93030000	3.12620000
0.68510000	2.33320000
0.53450000	1.89560000
0.44590000	1.56300000
0.39570000	1.29180000
0.37510000	1.68230000
0.98930000	6.64700000
1.87820000	7.46200000
1.20200000	4.01430000
0.90070000	2.84900000
0.71470000	2.23530000
0.58770000	1.82530000
0.49910000	1.50500000
0.44890000	1.24460000
0.39870000	1.03700000
0.35730000	0.86220000
0.32490000	0.72260000
0.30120000	0.60930000
0.28350000	0.51720000
0.26870000	0.44220000
0.25400000	0.38100000
0.23920000	0.33100000
0.23040000	0.29010000
0.22440000	0.29010000
0.21850000	0.23310000
0.49610000	2.13620000
1.57700000	2.87720000
4.25260000	8.52930000
11.69480000	16.60630000
17.45350000	14.07130000
8.18040000	7.32150000
2.75830000	3.78080000
1.59180000	2.66970000
1.30240000	2.12090000
1.08680000	1.74030000
0.96270000	1.43650000
0.87420000	1.18920000
0.78260000	0.98850000
0.72940000	0.84690000
0.72650000	0.70110000
0.75600000	0.71480000
0.72350000	0.73780000
0.65270000	0.63510000
0.59060000	0.53860000
0.54630000	0.45920000
0.50200000	0.39450000
0.47550000	0.34150000
0.46660000	0.29820000
0.46370000	0.26560000
0.45480000	0.23750000
0.46370000	0.23450000
0.46370000	0.19190000
0.43120000	0.45740000
0.40750000	0.42100000
0.51980000	0.68310000
0.87120000	1.74160000
0.87120000	1.36110000
0.80620000	1.17080000
0.75010000	0.97180000
0.69990000	0.81610000
2.63130000	3.85970000
16.65620000	17.17890000
34.84800000	24.19970000
21.38130000	17.07840000
8.88920000	8.78460000
3.98680000	4.14640000
2.23850000	2.84040000
1.79850000	2.22140000
1.50910000	1.81350000
1.33780000	1.49540000
1.17830000	1.23690000
1.11630000	1.03070000
4.69560000	3.15220000
4.87280000	4.08760000
2.51610000	2.56650000
1.91960000	2.03130000
1.60660000	1.66960000
1.40280000	1.38040000
1.25810000	1.14360000
1.13400000	0.95130000
1.03070000	0.79510000
0.94800000	0.66820000
0.90660000	0.56510000
2.46300000	1.47620000
2.59590000	1.97130000
1.86940000	1.44140000
1.96980000	3.08290000
3.04180000	4.41410000
4.37080000	7.52040000
8.09180000	12.79030000
15.20910000	17.18900000
18.78250000	13.94970000
10.15910000	7.22660000
4.69560000	3.72980000
2.59000000	2.64050000
2.42160000	2.84470000
2.71400000	3.69780000
2.16470000	2.39280000
3.45530000	4.87580000
6.20180000	6.56090000
3.57340000	3.49290000
2.74350000	2.53330000
2.28580000	2.01770000
1.98460000	1.66260000
1.79260000	1.38910000
1.76310000	1.17660000
2.17360000	1.84320000
2.28280000	1.36110000
1.89300000	1.50230000
1.69810000	1.28150000
1.57110000	1.06580000
1.43530000	0.88780000
1.32300000	0.74320000
2.07610000	0.67870000
6.40850000	4.00870000
4.31170000	5.78940000
5.72920000	7.72550000
9.24360000	9.81170000
5.61110000	6.27980000
3.07130000	3.45080000
2.53090000	2.50030000
9.89330000	12.03530000
22.56260000	18.22890000
17.66030000	11.56650000
8.12140000	5.94920000
4.01640000	3.21510000
2.67270000	2.34440000
2.20900000	1.89550000
1.90190000	1.56350000
1.69220000	1.29230000
1.57410000	1.07940000
1.49730000	0.92100000
1.39980000	0.76960000
1.31710000	0.63860000
1.23150000	0.53480000
1.29650000	0.49730000
2.54860000	0.57030000
3.33710000	2.83140000
2.65490000	2.79120000
2.14700000	1.86710000
1.87530000	1.55580000
1.69220000	1.28860000
1.56520000	1.06880000
1.44120000	0.89010000
1.41460000	0.74900000
4.66610000	2.69430000
11.36990000	3.15130000
10.57250000	2.27060000
4.87280000	1.92440000
2.75240000	1.68760000
2.14110000	1.79000000
1.80150000	1.51680000
1.56820000	1.25680000
1.36140000	1.04300000
1.18420000	0.86950000
1.04540000	0.72860000
0.95090000	0.63010000
0.87420000	0.52270000
0.78560000	0.44520000
0.70880000	0.38320000
0.64970000	0.33270000
0.59060000	0.29130000
0.53450000	0.25740000
0.49320000	0.22950000
0.45770000	0.20650000
0.44590000	0.18740000
0.41350000	0.17160000
0.36320000	0.15830000
0.34260000	0.14720000
0.31890000	0.13780000
0.31300000	0.21680000
0.32190000	0.16970000
0.32780000	0.12240000
0.31600000	0.12250000
0.30710000	0.16210000
0.35730000	0.10900000
0.35730000	0.10010000
0.28650000	0.09650000
0.25400000	0.09350000
0.22740000	0.09080000
0.20670000	0.08830000
0.19790000	0.08590000
0.21850000	0.19060000
0.21560000	0.12970000
0.22150000	0.41360000
0.22740000	0.88950000
0.26870000	1.16960000
0.34850000	1.37930000
0.30120000	1.47550000
0.28350000	1.46070000
2.07320000	2.42920000
6.14270000	5.40110000
2.44820000	2.92630000
1.37030000	2.48350000
1.99640000	2.16550000
3.07130000	2.21430000
1.78970000	2.29570000
1.27280000	1.99140000
2.03480000	4.16820000
1.63900000	3.67520000
3.51430000	5.87120000
8.85970000	10.96940000
17.09910000	10.14480000
11.54710000	5.40370000
4.04590000	2.94170000
1.81920000	2.22620000
1.41460000	1.83540000
1.12810000	1.51550000
1.01590000	1.25800000
1.63310000	1.14930000
1.58000000	0.87890000
1.05430000	0.72790000
0.81510000	0.61300000
0.64970000	0.52020000
0.54040000	0.44460000
0.48430000	0.44360000
0.45480000	0.37720000
0.41940000	0.29580000
0.37210000	0.25780000
0.33370000	0.26850000
0.51090000	0.24750000
1.20790000	2.06260000
1.37030000	2.34040000
1.27580000	2.50610000
1.74830000	2.42050000
1.43530000	2.42060000
1.52680000	2.04060000
3.10090000	2.48880000
3.36670000	7.55470000
5.78830000	11.74950000
2.95320000	10.47540000
1.73650000	5.53030000
1.31710000	2.97900000
1.19310000	2.29450000
1.18720000	1.89460000
1.05430000	1.53160000
0.82100000	1.26300000
0.64680000	1.04800000
0.53160000	0.87370000
0.45180000	0.73210000
0.39280000	0.61710000
0.34260000	0.52350000
0.33370000	0.44730000
0.34850000	0.38510000
0.52860000	0.39310000
0.60540000	0.29900000
0.42820000	0.25910000
0.34550000	0.23070000
0.29240000	0.24860000
0.27460000	0.26770000
0.67330000	0.21020000
0.51090000	0.16330000
0.44000000	0.37710000
3.04180000	3.12410000
2.89710000	2.71370000
1.34370000	2.38600000
0.89780000	1.97410000
0.64970000	1.63650000
0.55520000	1.35130000
0.51680000	1.11400000
0.44000000	0.92670000
0.37800000	0.78080000
0.33370000	0.67950000
0.30120000	0.61680000
4.45940000	4.69580000
10.69070000	15.17340000
10.72020000	25.06620000
8.44620000	26.04670000
9.65700000	21.52820000
4.13450000	14.39210000
1.89010000	7.12370000
1.41160000	3.52350000
1.12520000	2.49690000
0.95090000	2.03480000
0.83870000	1.67850000
0.73540000	1.38160000
0.60540000	1.14400000
0.50800000	0.95160000
0.44000000	0.79550000
0.39280000	0.66860000
0.35440000	0.56540000
0.31600000	0.48150000
0.30120000	0.41300000
0.30710000	0.35710000
0.27460000	0.34150000
0.31890000	0.34750000
0.56110000	1.18080000
1.50910000	6.08620000
5.37490000	8.24580000
3.80970000	7.81300000
2.12930000	5.45480000
1.52680000	3.13750000
1.15180000	2.39740000
0.91250000	1.96760000
0.72940000	1.62530000
0.60250000	1.34080000
0.51980000	1.11120000
0.46370000	0.92500000
0.39570000	0.77380000
0.35140000	0.65100000
0.31600000	0.55110000
0.27760000	0.46970000
0.25400000	0.40340000
0.23330000	0.34930000
0.23920000	0.38070000
0.25400000	0.37150000
0.31300000	0.55100000
0.38980000	0.79320000
0.28350000	0.69780000
0.41350000	0.67080000
0.31600000	0.84610000
0.49910000	1.06390000
0.37800000	0.92070000
0.28350000	0.77060000
0.23040000	0.64620000
0.20080000	0.54510000
0.18010000	0.46290000
0.16240000	0.39590000
0.15360000	0.34120000
0.14180000	0.29660000
0.13290000	0.26000000
0.12700000	0.25200000
0.12110000	0.20760000
0.11220000	0.18510000
0.10930000	0.16810000
0.10630000	0.15400000
0.10340000	0.14230000
0.10630000	0.15970000
0.10630000	0.18940000
0.90070000	2.47330000
2.08790000	2.60080000
0.96570000	2.30180000
0.56700000	1.90540000
0.41640000	1.57020000
0.33670000	1.29760000
0.28940000	1.07650000
0.25690000	0.89700000
0.23630000	0.75130000
0.21560000	0.63290000
0.20380000	0.53660000
0.19790000	0.50830000
0.18900000	0.39940000
0.19790000	0.34230000
0.22150000	0.29920000
0.19790000	0.26410000
0.18610000	0.23530000
0.17720000	0.21150000
0.16830000	0.19180000
0.16540000	0.17550000
0.16240000	0.16180000
0.15950000	0.15030000
0.15360000	0.14070000
0.15060000	0.13240000
0.15060000	0.12540000
0.14470000	0.11930000
0.14180000	0.11400000
0.14180000	0.10930000
0.13880000	0.10520000
0.13580000	0.10150000
0.13290000	0.09820000
0.12990000	0.09520000
0.12990000	0.09240000
0.12990000	0.08980000
0.12700000	0.08740000
0.12700000	0.08520000
0.12400000	0.08300000
0.12110000	0.09430000
0.11810000	0.08050000
0.11810000	0.07730000
0.12400000	0.07620000
0.18900000	0.16460000
6.05410000	2.75870000
9.33220000	2.61110000
2.89710000	2.25430000
2.01110000	1.88940000
1.78080000	2.23530000
4.54800000	5.78460000
4.40030000	4.95320000
2.23850000	2.81430000
1.84870000	2.30590000
1.58000000	1.89840000
1.37920000	1.56450000
1.24920000	1.29280000
1.16650000	1.10800000
1.13990000	1.17770000
1.32890000	1.70590000
1.44410000	2.19480000
1.82510000	3.71660000
1.89010000	3.87560000
5.55210000	10.27200000
21.05650000	24.57340000
34.55270000	23.70040000
17.63070000	12.52190000
8.53480000	8.55190000
10.45440000	13.26080000
8.32810000	13.10430000
3.89830000	6.97210000
2.38920000	3.65180000
1.93730000	2.60310000
2.41570000	3.54740000
4.37080000	4.53040000
2.75540000	3.11570000
2.13520000	2.45780000
1.80740000	1.99570000
1.58290000	1.64380000
1.38800000	1.35830000
1.19900000	1.12570000
1.05730000	0.93680000
0.97460000	0.78340000
0.90660000	0.65880000
0.85050000	0.55750000
0.78260000	0.47500000
0.72350000	0.40780000
0.77670000	0.62000000
0.90660000	0.64920000
0.84760000	1.12630000
0.78260000	0.99570000
0.74720000	0.83390000
0.73540000	0.72020000
0.71760000	0.59040000
0.71170000	0.69300000
0.68510000	0.60380000
0.64970000	0.51240000
0.60250000	0.43650000
0.56700000	0.37470000
0.55820000	0.34140000
2.84400000	6.29100000
10.60210000	11.38670000
12.75790000	9.47460000
5.43390000	6.03250000
5.61110000	12.03110000
13.55530000	24.34660000
23.89160000	29.51510000
24.21640000	22.75130000
11.72430000	11.75920000
5.43390000	5.87760000
2.91480000	3.20760000
2.18240000	2.36630000
1.83390000	1.90990000
1.96390000	2.28150000
2.20010000	3.30400000
1.80740000	2.17790000
1.62130000	1.78880000
1.42050000	1.47350000
1.68330000	1.64480000
3.60290000	4.71460000
3.30760000	5.01620000
2.53390000	3.04510000
2.12630000	2.32220000
1.83690000	1.89170000
1.60360000	1.55530000
1.43820000	1.28510000
1.27580000	1.06610000
1.15770000	0.88840000
1.08380000	0.74410000
1.01890000	0.62680000
0.93030000	0.53150000
0.86230000	0.45380000
0.93030000	0.45870000
1.56230000	0.34650000
1.23440000	0.47750000
1.05430000	0.42730000
0.98050000	0.36910000
0.92140000	0.32020000
0.90370000	0.30180000
0.87420000	0.24970000
0.80920000	0.22060000
0.75900000	0.19820000
0.73830000	0.18860000
0.77970000	0.18700000
0.78260000	0.15400000
0.73240000	0.14110000
0.69990000	0.13190000
0.68220000	0.12420000
0.66150000	0.11760000
0.64970000	0.11210000
0.67920000	0.12570000
0.67920000	0.10450000
0.76780000	0.17200000
1.52090000	0.94010000
1.55040000	0.82500000
1.30830000	1.05830000
1.47660000	1.09040000
4.60700000	2.51110000
5.37490000	9.15950000
8.77110000	10.80080000
6.08360000	5.95280000
7.17630000	7.12000000
5.37490000	7.94030000
3.13040000	4.09280000
2.40980000	2.83150000
1.99050000	2.20350000
1.96390000	1.84880000
2.22670000	1.51780000
1.85760000	1.23340000
1.65680000	1.28210000
4.54800000	7.27840000
12.84650000	17.82220000
16.53800000	16.72790000
10.69070000	8.84320000
5.19770000	4.08920000
2.72580000	2.76210000
2.12340000	2.16230000
1.79850000	1.77380000
1.58880000	1.46460000
1.41750000	1.21200000
1.31710000	1.04070000
1.20790000	0.84390000
1.08380000	0.70540000
1.03660000	0.61150000
1.01890000	0.53940000
0.99520000	0.44480000
0.94800000	0.37440000
0.89480000	0.32470000
0.83580000	0.28480000
0.78260000	0.25220000
0.73240000	0.22530000
0.69700000	0.20310000
0.66740000	0.18470000
0.62900000	0.20490000
0.58470000	0.16030000
0.55820000	0.16380000
0.54040000	0.16980000
0.53750000	0.13240000
0.53750000	0.12630000
0.49320000	0.13890000
0.52860000	0.16210000
0.56110000	0.14270000
0.63790000	0.85780000
1.81920000	1.67830000
2.58700000	5.53820000
12.46260000	15.39580000
21.70620000	17.81630000
13.34860000	10.80040000
5.46350000	5.53070000
2.38030000	3.00520000
1.73940000	2.24280000
1.51800000	1.89370000
2.24740000	1.52850000
1.60060000	1.25560000
1.29650000	1.06340000
1.49430000	0.93480000
1.29350000	0.73470000
1.03660000	0.86230000
0.91250000	0.74820000
4.10500000	0.79320000
3.98680000	1.00930000
1.78370000	1.37390000
1.36140000	1.19180000
1.12520000	0.99310000
0.97160000	0.82820000
0.85050000	0.69430000
0.73540000	0.58550000
0.64080000	0.49700000
0.58770000	0.46520000
0.53160000	0.37760000
0.47250000	0.32310000
0.43410000	0.29070000
0.40460000	0.24760000
0.36620000	0.22070000
0.33670000	0.19790000
0.30710000	0.17970000
0.32190000	0.16460000
0.56110000	0.19040000
0.44300000	0.14540000
0.71470000	0.18530000
0.41050000	0.13030000
0.31600000	0.11860000
0.27170000	0.11260000
0.24220000	0.10770000
0.22740000	0.10330000
0.21560000	0.09950000
0.23040000	0.13100000
0.21260000	0.11850000
0.19790000	0.09260000
0.19490000	0.08760000
0.18310000	0.08500000
0.17130000	0.08280000
0.16240000	0.08070000
0.15650000	0.07870000
0.14770000	0.07680000
0.14180000	0.07490000
0.13580000	0.08080000
0.15360000	0.08310000
0.16240000	0.09040000
0.14180000	0.07130000
0.13880000	0.07960000
0.14770000	0.08940000
0.15060000	0.07970000
0.13880000	0.06740000
0.13880000	0.06170000
0.14180000	0.11280000
0.18010000	0.06420000
0.20670000	0.05780000
0.18010000	0.05620000
0.15060000	0.05500000
0.12990000	0.05390000
0.11810000	0.05270000
0.11220000	0.06880000
0.11520000	0.10350000
0.22150000	0.05970000
0.21560000	0.14570000
0.16240000	0.11370000
0.15360000	0.45220000
0.15650000	0.80440000
0.13580000	0.70860000
0.12110000	0.59230000
0.11220000	0.49660000
0.10340000	0.41220000
0.10040000	0.34660000
0.10040000	0.31950000
0.10040000	0.26050000
0.09450000	0.23760000
0.08860000	0.18890000
0.08860000	0.16340000
0.08860000	0.14380000
0.08860000	0.12800000
0.08560000	0.11490000
0.08560000	0.10420000
0.10040000	0.09590000
0.10340000	0.10450000
0.09750000	0.08320000
0.08560000	0.07620000
0.08860000	0.07160000
0.08860000	0.06780000
0.08270000	0.06440000
0.07970000	0.06150000
0.07380000	0.05900000
0.07090000	0.05680000
0.07090000	0.05480000
0.07090000	0.05290000
0.07090000	0.05130000
0.06790000	0.04980000
0.06790000	0.04910000
0.07680000	0.12210000
0.08270000	0.09670000
0.11810000	0.13480000
0.09750000	0.43010000
0.07970000	1.14560000
0.07970000	0.93110000
0.07680000	0.90280000
0.07380000	0.75130000
0.06790000	0.62850000
0.06500000	0.53540000
0.06200000	0.47200000
0.05910000	0.38650000
0.06500000	0.37180000
0.06200000	0.32560000
0.06200000	0.25330000
0.05910000	0.22010000
0.05610000	0.19570000
0.05320000	0.17580000
0.05320000	0.15930000
0.05320000	0.14560000
0.05020000	0.13420000
0.05020000	0.12460000
0.05020000	0.11650000
0.05020000	0.10970000
0.04730000	0.10380000
0.04730000	0.09870000
0.04730000	0.09430000
0.04730000	0.09040000
0.04430000	0.08700000
0.04430000	0.08390000
0.04430000	0.10190000
0.04130000	0.13990000
0.04430000	0.14200000
0.04730000	0.11760000
0.04730000	0.33090000
0.26580000	1.26020000
0.32490000	0.86260000
0.20080000	1.56990000
0.31010000	2.08530000
0.25400000	1.36780000
0.17420000	1.33070000
0.17130000	1.51160000
1.05130000	5.94820000
3.27810000	5.89190000
2.53980000	3.20970000
1.07790000	2.51850000
0.58770000	2.06870000
0.38100000	1.70480000
0.28060000	1.40530000
0.22440000	1.16350000
0.20380000	0.97690000
0.20970000	0.87700000
0.24510000	0.68630000
0.24810000	0.75740000
0.25400000	0.61960000
0.36320000	1.05990000
0.28650000	0.95440000
0.24220000	0.82480000
0.20970000	0.66530000
0.18900000	1.01690000
0.16830000	0.89500000
0.16240000	0.75270000
0.15650000	0.67530000
0.14470000	0.53870000
0.14180000	0.45500000
0.15060000	0.39000000
0.15360000	0.33950000
0.14770000	0.31680000
0.13880000	0.26300000
0.12990000	0.23000000
0.12400000	0.20750000
0.11810000	0.18610000
0.11220000	0.17430000
0.11220000	0.15870000
0.12990000	0.23370000
2.38320000	3.25810000
1.51200000	2.84350000
0.98340000	2.47290000
0.66740000	2.13160000
0.47840000	1.76280000
0.39570000	1.47450000
0.39870000	1.23080000
2.98280000	5.96920000
9.71610000	11.67840000
10.10000000	10.90590000
3.01230000	5.99790000
1.58290000	3.28130000
1.32010000	2.42630000
3.89830000	7.58490000
3.10090000	10.48420000
1.91960000	5.88250000
1.45300000	3.24780000
1.39100000	2.41890000
2.06130000	4.69040000
1.88120000	5.14910000
1.49140000	3.06700000
1.29060000	2.33690000
1.17540000	2.02520000
1.08970000	1.80440000
1.01300000	1.52390000
0.92440000	1.47160000
0.83280000	1.24190000
0.75010000	1.03280000
0.69110000	0.86130000
0.64970000	0.74750000
0.59950000	0.61140000
0.55820000	0.58660000
0.54040000	0.50550000
0.51090000	0.43290000
0.47250000	0.37300000
0.44590000	0.32810000
0.44300000	0.56570000
2.44530000	6.64500000
3.80970000	7.87040000
1.91070000	4.02010000
1.47370000	2.81470000
1.25810000	2.21050000
1.83100000	5.64350000
7.61930000	14.92490000
8.44620000	15.33640000
3.86870000	10.14220000
4.96140000	9.01460000
3.66200000	6.63450000
2.67560000	3.65770000
2.18540000	2.62190000
1.84580000	2.08850000
1.70110000	1.71600000
2.85580000	3.13720000
2.74650000	4.32200000
2.13220000	2.69520000
1.81330000	2.10790000
5.81780000	10.19990000
11.16320000	14.59650000
8.41670000	8.50460000
3.36670000	4.10740000
2.39800000	2.82670000
2.03480000	2.21690000
1.78370000	1.81210000
1.62430000	1.49590000
1.96090000	1.67490000
2.44820000	2.48800000
2.29760000	2.69390000
2.45120000	2.13520000
2.09380000	2.10070000
1.83990000	1.76830000
1.60950000	1.46310000
1.48250000	1.21070000
1.42640000	1.00580000
1.57700000	0.87680000
1.62130000	0.70830000
1.41750000	1.11330000
1.31120000	0.98030000
1.25220000	0.82190000
1.18720000	0.68940000
1.12220000	0.58200000
1.10160000	0.49480000
1.03360000	0.42350000
0.98050000	0.36520000
0.95090000	0.32050000
0.93910000	0.29810000
0.95980000	0.25090000
0.94500000	0.22080000
0.88300000	0.19880000
0.82100000	0.18010000
0.81210000	0.16510000
0.79740000	0.15250000
0.76190000	0.14200000
1.57410000	2.96280000
6.58570000	8.10800000
3.80970000	7.76580000
2.46590000	3.94600000
2.02890000	2.76560000
1.77490000	2.17590000
2.07910000	2.29290000
2.48370000	1.93080000
1.99340000	2.06590000
2.84690000	5.00370000
2.89710000	5.04980000
2.14110000	3.00020000
1.83100000	2.30940000
1.59470000	2.20540000
1.77190000	2.19740000
1.69220000	1.84220000
1.89300000	5.46810000
7.35350000	15.93750000
40.16380000	24.84120000
42.52640000	23.44560000
20.17050000	14.64360000
9.56840000	7.31210000
4.78420000	3.77350000
4.42980000	4.49920000
13.05320000	17.30060000
24.48220000	22.18100000
16.21320000	13.02210000
7.67840000	6.55300000
4.31170000	3.49440000
6.43800000	8.55790000
8.85970000	10.83490000
5.64070000	6.42700000
3.39620000	3.49210000
2.62250000	2.51970000
2.17360000	2.01770000
1.92250000	1.67150000
3.18950000	3.14600000
3.51430000	4.39560000
2.49250000	2.72500000
2.12040000	2.11580000
1.82800000	1.73250000
1.62430000	1.43190000
1.48250000	1.18550000
1.35260000	0.98550000
1.25510000	0.82650000
1.16650000	0.69560000
1.10450000	0.58400000
1.06320000	0.50390000
1.10450000	0.47770000
1.46480000	0.39700000
1.89010000	0.34960000
1.65380000	0.28380000
1.39390000	0.42640000
1.25810000	0.38530000
1.17830000	0.33440000
1.10750000	0.29160000
1.05730000	0.25810000
1.00410000	0.22780000
0.95980000	0.20390000
0.95090000	0.23890000
1.03070000	0.18510000
1.02180000	0.15590000
0.93320000	0.14310000
0.89780000	0.13340000
0.86530000	0.12530000
0.83870000	0.11830000
0.84170000	0.17660000
0.90070000	0.11390000
4.31170000	0.53100000
8.06230000	1.33920000
4.42980000	2.86220000
3.24850000	2.99720000
2.85280000	3.04530000
2.48660000	2.49300000
1.99340000	2.32920000
1.68040000	1.94220000
1.46180000	1.60110000
1.30830000	1.32250000
1.20790000	1.10840000
1.13400000	0.93350000
1.02770000	0.76630000
0.94210000	0.64330000
1.31710000	0.59750000
1.37920000	0.47020000
1.08680000	0.39970000
1.02480000	0.37300000
1.96980000	0.68330000
2.30650000	1.22590000
1.67150000	1.60870000
1.35850000	1.39530000
1.17240000	1.15920000
1.03950000	0.96300000
0.94210000	0.81260000
0.89190000	0.69070000
0.90660000	0.58740000
0.95980000	0.48540000
0.87120000	0.52730000
17.42400000	15.57380000
52.27200000	36.97490000
35.43860000	35.13040000
21.82430000	19.27640000
10.45440000	9.36330000
6.76290000	8.52960000
8.97780000	8.57050000
5.02050000	4.26480000
2.63430000	2.87410000
2.04660000	2.25460000
1.78080000	1.83610000
1.85760000	1.57280000
8.62340000	5.46270000
10.51350000	6.94660000
5.05000000	3.53530000
4.87280000	5.55830000
9.92280000	8.57820000
8.29850000	6.58580000
3.48480000	3.58700000
2.31240000	2.53290000
1.88420000	2.04390000
1.60950000	1.67350000
1.38510000	1.38050000
1.22850000	1.14470000
1.10450000	0.95140000
1.00410000	0.79510000
0.91250000	0.66830000
0.81210000	0.56610000
0.78560000	0.53640000
0.81510000	0.43890000
0.71470000	0.35960000
0.62610000	0.31260000
0.61430000	0.33250000
0.73540000	0.27240000
0.64970000	0.22080000
0.47250000	0.19720000
0.38390000	0.25230000
0.48730000	0.20390000
0.64080000	0.15710000
0.49910000	0.14660000
0.63790000	0.17650000
0.83870000	0.14120000
1.82800000	0.14710000
2.65200000	0.16900000
1.69810000	0.41480000
1.22260000	0.65560000
0.95680000	0.58050000
0.73240000	0.49080000
0.57000000	0.41590000
0.45770000	0.35480000
0.37510000	0.30510000
0.32490000	0.26440000
0.29530000	0.28700000
0.29530000	0.23370000
0.27760000	0.18450000
0.31010000	0.21170000
3.30760000	0.72450000
7.64880000	4.12020000
5.46350000	2.74880000
1.95210000	2.28900000
1.40570000	1.88500000
1.13700000	1.57850000
1.01300000	1.33250000
1.07200000	1.07060000
0.94210000	0.88910000
0.82390000	0.76740000
1.79260000	0.70500000
1.46480000	0.54000000
1.02770000	0.85730000
0.78850000	0.75790000
0.62610000	0.64010000
0.52570000	0.55080000
0.45480000	0.46230000
0.40460000	0.39600000
0.35440000	0.34260000
0.31600000	0.29890000
0.29830000	0.26830000
2.73760000	0.32950000
5.64070000	1.36840000
1.94030000	2.24550000
1.16950000	1.99020000
0.85940000	1.64900000
0.65860000	1.36190000
0.54040000	1.12880000
0.44890000	0.95880000
0.39570000	0.78810000
0.37510000	0.74480000
0.40160000	0.59450000
0.46370000	0.48790000
1.10450000	4.00280000
2.05540000	2.97640000
1.13110000	2.37760000
1.06320000	3.95920000
0.98340000	6.07310000
0.78260000	4.52860000
0.60840000	2.82110000
0.48430000	2.33610000
0.40160000	1.92560000
0.35440000	1.60830000
0.32780000	1.35470000
0.39570000	1.15890000
0.38100000	0.91260000
0.34550000	1.35750000
0.29830000	1.18700000
0.26870000	0.99060000
0.24510000	0.83860000
0.22150000	0.69490000
0.22150000	0.58550000
0.20670000	0.49740000
0.18310000	0.42610000
0.16540000	0.36720000
0.15060000	0.31940000
0.14180000	0.28020000
0.13290000	0.25680000
0.20380000	0.25760000
0.16240000	0.20350000
0.13580000	0.18200000
0.12990000	0.16660000
0.12700000	0.15410000
0.13290000	0.14350000
0.12400000	0.14390000
0.13290000	0.20350000
0.12990000	0.12830000
0.11810000	0.11520000
0.11810000	0.10970000
0.11220000	0.10530000
0.10630000	0.10140000
0.10040000	0.09790000
0.09450000	0.09480000
0.09150000	0.09190000
0.08860000	0.08930000
0.08860000	0.09550000
0.08560000	0.08620000
0.08270000	0.08250000
0.07970000	0.08030000
0.07970000	0.07840000
0.07680000	0.07660000
0.07380000	0.07480000
0.07380000	0.07430000
0.86820000	0.44320000
2.98280000	4.58370000
1.09860000	2.66330000
0.54930000	2.08120000
0.35140000	1.70370000
0.27170000	1.42770000
0.44590000	1.21410000
0.68220000	0.97430000
0.35730000	0.98400000
0.25100000	0.83990000
0.20380000	0.70620000
0.16830000	0.59620000
0.15060000	0.50680000
0.13580000	0.43380000
0.12700000	0.38040000
0.12110000	0.32650000
0.11220000	0.28610000
0.10930000	0.25330000
0.11810000	0.23180000
0.11520000	0.21490000
0.10630000	0.18680000
0.10340000	0.17050000
0.10040000	0.16350000
0.09750000	0.14920000
0.09150000	0.13790000
0.09150000	0.13060000
0.09150000	0.14480000
0.09450000	0.11970000
0.09450000	0.11250000
0.09150000	0.10790000
0.08860000	0.10390000
0.08270000	0.10040000
0.08270000	0.09720000
0.07970000	0.09420000
0.07680000	0.12220000
0.07680000	0.11960000
0.07970000	0.08980000
0.07970000	0.08470000
0.07970000	0.08240000
0.07680000	0.08040000
0.07680000	0.07850000
0.07970000	0.07670000
0.07970000	0.07490000
0.07970000	0.07330000
0.07970000	0.09560000
0.08560000	0.15980000
0.12700000	0.08770000
0.31600000	0.27490000
0.20970000	0.35070000
0.14770000	0.30850000
0.12110000	0.26340000
0.10930000	0.22710000
0.10930000	0.24290000
0.09750000	0.17540000
0.09150000	0.54390000
0.09450000	0.69680000
0.10040000	1.83310000
0.12400000	2.30020000
2.54570000	4.95630000
2.29470000	2.89140000
1.12220000	2.48110000
0.68510000	2.05050000
0.47840000	1.68860000
0.39280000	2.09850000
0.67920000	1.89630000
0.73830000	2.18700000
0.90070000	4.53590000
2.98280000	9.80360000
3.89830000	9.12440000
1.73940000	4.32140000
1.19010000	2.93020000
0.91850000	2.27270000
0.73240000	1.85490000
1.53570000	3.30980000
3.18950000	4.63970000
1.86940000	2.98210000
1.38510000	2.36210000
1.14290000	1.93340000
0.98050000	1.59730000
1.79850000	3.79920000
4.42980000	5.62000000
2.22970000	3.26890000
1.57410000	2.50910000
1.49430000	3.46190000
1.79260000	4.15090000
1.48840000	2.60540000
1.42350000	3.43260000
1.48550000	4.02730000
1.30240000	2.55970000
1.11340000	2.28420000
0.97160000	2.04120000
0.87120000	1.70590000
0.81210000	1.41360000
1.24040000	2.31570000
1.38800000	2.95600000
1.08970000	1.97440000
0.95390000	1.63840000
0.87120000	1.36070000
0.84460000	1.13190000
4.78420000	4.35300000
5.07950000	6.06040000
2.38620000	3.21330000
1.80440000	2.38810000
1.52680000	1.93710000
1.32890000	1.60340000
2.19420000	4.23380000
4.42980000	6.33440000
2.50140000	3.51650000
1.88710000	2.59980000
1.74540000	2.62560000
1.76600000	2.31690000
1.51500000	2.19780000
1.32300000	1.83810000
1.20790000	1.51920000
1.10450000	1.25630000
1.03950000	1.04280000
0.95090000	0.86950000
0.87710000	0.72880000
0.93320000	1.00840000
1.59770000	0.94610000
1.37320000	1.54410000
1.12810000	1.35410000
1.02480000	1.12690000
0.95090000	0.93720000
0.89190000	0.78310000
4.19360000	4.96360000
10.95640000	11.04880000
10.36580000	10.04330000
4.01640000	5.72090000
2.25040000	3.19510000
1.87230000	2.37130000
1.60060000	1.91890000
1.37620000	1.58040000
1.21380000	1.30650000
1.14880000	1.10560000
1.10450000	0.90450000
1.26990000	6.83580000
21.29270000	28.74940000
47.54680000	34.04570000
22.26730000	20.00090000
9.86380000	9.88420000
4.66610000	5.14810000
2.61360000	3.00070000
2.82030000	5.44230000
3.51430000	5.75120000
2.68740000	3.44130000
2.98280000	4.44140000
5.25670000	6.55810000
3.60290000	5.29130000
2.71700000	3.10020000
2.29760000	2.32680000
2.02000000	1.88280000
1.82510000	1.55480000
1.59770000	1.28290000
1.42050000	1.06410000
1.32600000	0.89470000
1.25810000	0.76120000
1.44710000	0.86010000
2.08790000	0.79060000
1.68630000	1.02270000
1.47070000	0.93770000
1.37030000	0.79210000
3.36670000	2.96510000
9.18450000	5.64330000
6.64470000	4.27780000
3.30760000	5.89340000
16.06550000	19.00780000
29.50270000	21.24690000
15.50440000	11.39150000
6.88100000	5.69880000
3.18950000	3.10770000
2.20610000	2.28980000
1.84280000	1.85720000
1.58290000	1.53270000
1.39690000	1.26730000
1.29350000	1.09130000
2.40100000	1.86940000
4.16400000	2.27080000
2.22080000	1.61650000
1.78670000	1.36070000
1.52680000	1.13050000
1.37920000	0.94070000
1.25810000	0.78620000
1.14580000	0.66070000
1.06320000	0.55860000
0.99820000	0.47560000
0.94210000	0.40790000
0.89780000	0.35260000
0.85940000	0.30740000
0.82100000	0.27280000
1.30240000	0.30960000
1.54160000	0.23440000
1.26100000	0.20410000
1.16060000	0.17800000
1.04250000	0.16290000
0.96570000	0.15080000
0.89480000	0.14070000
0.82390000	0.13220000
0.77670000	0.12480000
0.75010000	0.11870000
0.72350000	0.11770000
0.66740000	0.10880000
0.62900000	0.14890000
0.62900000	0.18820000
3.98680000	2.61890000
8.26900000	2.53060000
4.19360000	2.38080000
2.29470000	2.09240000
1.80740000	1.73430000
1.50320000	1.43140000
1.29350000	1.18500000
1.15470000	0.98510000
1.06020000	0.82280000
0.98050000	0.71110000
0.95980000	0.60710000
0.89480000	0.49900000
0.80620000	0.42750000
1.03950000	0.42130000
1.26990000	0.32640000
0.99230000	0.28170000
0.82100000	0.24940000
0.76190000	0.25990000
0.80330000	0.22120000
2.09380000	0.28280000
2.89420000	0.98240000
1.83100000	1.27310000
1.48550000	1.24210000
1.22260000	1.04700000
1.02180000	0.87190000
0.87120000	0.72870000
0.74130000	0.61240000
0.64680000	0.51780000
0.57590000	0.44910000
0.51980000	0.38440000
0.50500000	0.36970000
0.54930000	0.34110000
0.53160000	0.26810000
0.47550000	0.23850000
0.43710000	0.20990000
0.40750000	0.18180000
0.62020000	0.16550000
0.81800000	0.15110000
0.53160000	0.13990000
0.41640000	0.13050000
0.36320000	0.12360000
0.32190000	0.11590000
0.28940000	0.11000000
0.26280000	0.10490000
0.24510000	0.10050000
0.22740000	0.09780000
0.22150000	0.10800000
0.22440000	0.12640000
0.30420000	0.21680000
0.49910000	0.09840000
0.54930000	0.48390000
0.38390000	0.44870000
0.29830000	0.38180000
0.25990000	0.32450000
0.23920000	0.27780000
0.21850000	0.24630000
0.20080000	0.22140000
0.19790000	0.18440000
0.18900000	0.16220000
0.17720000	0.14480000
0.17130000	0.13060000
0.15950000	0.12990000
0.82990000	0.12580000
0.77670000	0.12100000
0.36920000	0.11010000
0.25100000	0.10490000
0.19790000	0.09400000
0.17720000	0.07990000
0.16240000	0.07510000
0.15060000	0.07180000
0.13580000	0.08760000
0.13290000	0.14910000
0.44890000	0.13090000
1.58290000	2.45350000
5.64070000	5.25360000
2.12040000	2.97910000
0.98640000	2.84520000
0.93320000	3.65340000
0.95680000	2.54620000
0.77370000	2.64270000
0.64680000	4.04850000
0.87420000	3.59290000
1.73650000	3.04590000
5.22720000	2.43400000
1.89890000	2.43250000
4.40030000	5.21240000
4.93190000	6.06490000
1.88420000	3.21640000
1.20490000	2.50680000
0.93620000	2.06660000
0.77080000	1.70210000
0.69990000	1.46830000
0.71760000	1.23920000
5.52250000	2.52350000
2.78780000	2.67180000
1.32600000	2.10260000
1.00110000	1.75220000
0.82390000	1.44750000
0.66150000	1.19810000
0.56110000	0.99540000
0.46660000	0.83100000
0.39570000	0.69740000
0.34850000	0.58880000
0.30710000	0.51740000
0.37800000	0.50770000
4.01640000	0.44920000
2.14990000	0.32970000
1.06910000	0.56250000
0.76780000	0.50650000
0.59950000	0.46430000
0.51980000	0.37610000
0.47250000	0.32320000
0.39570000	0.28210000
0.33670000	0.24870000
0.29240000	0.22120000
0.25400000	0.19850000
0.22740000	0.17970000
0.20670000	0.16410000
0.18900000	0.15120000
0.17420000	0.14030000
0.16240000	0.17060000
0.17720000	0.17570000
0.17420000	0.12190000
0.15650000	0.11120000
0.15060000	0.10580000
0.14180000	0.10140000
0.13290000	0.09750000
0.12700000	0.09410000
0.12110000	0.09100000
0.11810000	0.15870000
0.12700000	0.36030000
0.21560000	1.34410000
0.26280000	1.68780000
0.21850000	1.70830000
0.17130000	1.43900000
0.15950000	1.19180000
0.16240000	0.98930000
0.14180000	0.85150000
0.13880000	0.71190000
0.17130000	0.64380000
0.28650000	0.50120000
0.23630000	0.42350000
0.19200000	0.37680000
0.16540000	0.32120000
0.15060000	0.28180000
0.14180000	0.24560000
0.13290000	0.21870000
0.12990000	0.20470000
0.14470000	0.29770000
0.20380000	0.66350000
0.35440000	1.08900000
0.26580000	0.95800000
0.19490000	0.80120000
0.16240000	0.67020000
0.14470000	0.56380000
0.13580000	0.47730000
0.44890000	0.53070000
8.71200000	11.28890000
15.23860000	10.43150000
17.66030000	3.93280000
5.64070000	2.84220000
1.34370000	2.30430000
0.86820000	1.89960000
0.70290000	1.56510000
0.59360000	1.29330000
0.50500000	1.07280000
0.43410000	0.89390000
0.38390000	0.74860000
0.34260000	0.63050000
0.30710000	0.53440000
0.28060000	0.45620000
0.26580000	0.39240000
0.24510000	0.34030000
0.22740000	0.29770000
0.21260000	0.26270000
0.19790000	0.23400000
0.18900000	0.21030000
0.17720000	0.19070000
0.16540000	0.17440000
0.16240000	0.16120000
0.15950000	0.15760000
0.16240000	0.14230000
0.17720000	0.17380000
0.20970000	0.16560000
0.28060000	0.13890000
0.25400000	0.14140000
0.22440000	0.11140000
0.20970000	0.10480000
0.19790000	0.14070000
2.01410000	6.59910000
6.91050000	10.63530000
4.37080000	7.90550000
1.97570000	3.84340000
1.32300000	2.72900000
1.03660000	2.19800000
0.85940000	1.79550000
0.72350000	1.47910000
0.62310000	1.22340000
0.97750000	1.02660000
0.93910000	0.89400000
0.67330000	0.71700000
0.58770000	0.75810000
0.70580000	0.63410000
0.71470000	0.78970000
1.21080000	0.90860000
7.44210000	7.95280000
18.75290000	10.31080000
8.41670000	5.73310000
3.45530000	3.17680000
2.19720000	2.34990000
1.60360000	1.89880000
1.30530000	1.56440000
1.14580000	1.34620000
3.45530000	6.09140000
4.13450000	7.37730000
2.88230000	3.81120000
2.19720000	2.70410000
1.72470000	2.13790000
1.45000000	1.75120000
1.24630000	1.44520000
1.11040000	1.20800000
1.06910000	1.02250000
1.03070000	0.84390000
0.99230000	1.28460000
2.17650000	6.46930000
10.07050000	18.74370000
28.88250000	20.64930000
21.29270000	11.98570000
5.81780000	6.09560000
4.72520000	5.12500000
4.13450000	5.14440000
3.51430000	6.94450000
7.53070000	14.15410000
15.44530000	13.87430000
6.43800000	7.33200000
3.86870000	3.78840000
2.98280000	2.67320000
8.59390000	12.26160000
60.24570000	31.73890000
62.01760000	30.51120000
40.75440000	27.08600000
54.33930000	30.32680000
35.14330000	22.33150000
13.02370000	12.28160000
5.25670000	6.72470000
3.75060000	3.58520000
2.79670000	2.57620000
2.35370000	2.06010000
2.00230000	1.69170000
1.68330000	1.39690000
1.47070000	1.15690000
1.28760000	0.96210000
1.06320000	0.80400000
1.10450000	0.69830000
3.15990000	3.52250000
4.01640000	4.94480000
2.70810000	2.66100000
2.28870000	2.07300000
1.84580000	1.70650000
1.50320000	1.41130000
1.34080000	1.16860000
1.22260000	0.97150000
1.12520000	0.81150000
1.03360000	0.68150000
0.95390000	0.58120000
0.89190000	0.49030000
0.84170000	0.41970000
0.80030000	0.36240000
0.78850000	0.34790000
0.82100000	1.48510000
4.04590000	7.29330000
5.05000000	8.09000000
3.30760000	4.11700000
2.61060000	2.87040000
2.33600000	2.23650000
2.27400000	1.84030000
4.34120000	5.04690000
3.89830000	6.62990000
2.98280000	3.50480000
2.47480000	2.54460000
2.00820000	2.03850000
1.65090000	1.67530000
1.50320000	1.38360000
1.34960000	1.14620000
1.20200000	0.95350000
1.05430000	0.79700000
0.91250000	0.66980000
0.86230000	0.56640000
0.84170000	0.48250000
0.78560000	0.41370000
0.70880000	0.35770000
0.69400000	0.35110000
0.85050000	0.30940000
0.98640000	0.24720000
0.89190000	0.68260000
0.87710000	0.89550000
1.25510000	1.85750000
1.53270000	1.45690000
1.29940000	1.78790000
1.14580000	1.53390000
1.05130000	1.27620000
1.08380000	1.07620000
1.24630000	0.88560000
1.21970000	0.73520000
1.07200000	0.61810000
0.99230000	0.52340000
0.96270000	0.48670000
3.27810000	3.04550000
4.40030000	3.33910000
3.42570000	2.15450000
2.70810000	1.77400000
2.19720000	1.49870000
1.75720000	1.24530000
2.07320000	2.46340000
7.08770000	10.54830000
34.25740000	14.97220000
28.08510000	10.85850000
8.38710000	5.78680000
4.28220000	3.22830000
3.21900000	2.39380000
2.73170000	1.93040000
3.92780000	2.32240000
3.98680000	3.43450000
3.24850000	2.24730000
2.73170000	1.82480000
2.38620000	1.50940000
2.07610000	1.25080000
1.69220000	1.03700000
1.57410000	0.86530000
4.84330000	1.16550000
4.93190000	2.06150000
3.69150000	1.49100000
3.01230000	1.26640000
2.56340000	1.06650000
2.20310000	0.88990000
1.83990000	0.76080000
1.50610000	0.63530000
1.36140000	0.54650000
1.32010000	0.47820000
1.26990000	0.39170000
1.19310000	0.46260000
1.10750000	0.40950000
1.03070000	0.35400000
1.00700000	0.30800000
1.20790000	0.31750000
1.25810000	0.24380000
1.12810000	0.21490000
1.05730000	0.19230000
1.03070000	0.21130000
2.63430000	0.26420000
3.95730000	0.53380000
3.04180000	0.86740000
4.25260000	1.87930000
5.02050000	4.68150000
6.99910000	8.06520000
9.03690000	7.93790000
4.37080000	4.01910000
3.36670000	2.77200000
2.78780000	2.17110000
4.87280000	3.50330000
11.87190000	7.56450000
16.62660000	7.11100000
7.35350000	3.64740000
4.07540000	2.56730000
3.18950000	2.06200000
2.73470000	1.70370000
2.28280000	1.40120000
1.81920000	1.15270000
1.48550000	0.95790000
1.26990000	0.80050000
1.14290000	0.67270000
1.04540000	0.56880000
0.95090000	0.48420000
1.01590000	0.43310000
1.34960000	0.40990000
1.84580000	0.35510000
1.31710000	0.27950000
1.03360000	0.24460000
0.93030000	0.23050000
0.88010000	0.21810000
0.80620000	0.18390000
0.75310000	0.18590000
0.85940000	0.22590000
1.92250000	0.15170000
1.03950000	0.62670000
0.83870000	0.57860000
0.73240000	0.49200000
0.64970000	0.41790000
0.59950000	0.35760000
0.55820000	0.30840000
0.51090000	0.26810000
0.46960000	0.23520000
0.43410000	0.20820000
0.39570000	0.18600000
0.36620000	0.16760000
0.33960000	0.15230000
0.31300000	0.13990000
0.38100000	0.16100000
0.46370000	0.12440000
0.34550000	0.11300000
0.28940000	0.10620000
0.25990000	0.10070000
0.33370000	0.16870000
0.90960000	0.38050000
0.70290000	0.91130000
0.44000000	1.23400000
0.33370000	1.06730000
0.28060000	0.88750000
0.24510000	0.73850000
0.22150000	0.61760000
0.20380000	0.53150000
0.18900000	0.44070000
0.18010000	0.38510000
0.17420000	0.32240000
0.19200000	0.39190000
0.21560000	0.49260000
0.38980000	3.20720000
0.84170000	2.48230000
0.51090000	2.03730000
0.66450000	1.68770000
1.94910000	1.46180000
0.72650000	1.42760000
1.78670000	1.50860000
1.61840000	1.36810000
1.35550000	1.21420000
1.26100000	1.68930000
1.23740000	1.95930000
0.90370000	1.99010000
0.52270000	1.67500000
0.33670000	1.38460000
0.26280000	1.14680000
0.21260000	0.95380000
0.16830000	0.79720000
0.16830000	0.66990000
1.41750000	0.59860000
0.64970000	0.48560000
0.33670000	0.41380000
0.22440000	0.35750000
0.18010000	0.31170000
0.15950000	0.28590000
0.14470000	0.25520000
0.14180000	0.27840000
0.13290000	0.20330000
0.12400000	0.20720000
0.12400000	0.20150000
0.12990000	0.21140000
0.25990000	0.15400000
0.25100000	0.19860000
0.71760000	0.91000000
0.52570000	1.83550000
0.28940000	1.93580000
0.23330000	1.75010000
0.20970000	1.75590000
0.17720000	1.48080000
0.20080000	1.31730000
0.35140000	1.30450000
3.54390000	1.60720000
2.17950000	2.01330000
1.12810000	1.88630000
0.88300000	1.94250000
0.60540000	1.91180000
0.77670000	1.92330000
1.29060000	1.64820000
0.82390000	1.35980000
0.56410000	1.14970000
0.70580000	1.04100000
0.99820000	0.88660000
1.35850000	0.72850000
0.59060000	0.61270000
0.39570000	0.51980000
0.31890000	0.44440000
0.35440000	0.41540000
0.56410000	0.35130000
0.41640000	0.31410000
0.32780000	0.25990000
0.28650000	0.22990000
0.26870000	0.20690000
0.21560000	0.18790000
0.18310000	0.17210000
0.16540000	0.15890000
0.14470000	0.15760000
0.13880000	0.14230000
0.17420000	0.15070000
0.14770000	0.12640000
0.17420000	0.11790000
0.18010000	0.11250000
0.14470000	0.10800000
0.15060000	0.13330000
0.13290000	0.17280000
0.12110000	0.10460000
0.12110000	0.11120000
0.12110000	0.11230000
0.11220000	0.09100000
0.12110000	0.09000000
0.12700000	0.08460000
0.10930000	0.08370000
0.10040000	0.08040000
0.10930000	0.12620000
0.08860000	0.08180000
0.08860000	0.07510000
0.08270000	0.07310000
0.07970000	0.07140000
0.07680000	0.06990000
0.07680000	0.09610000
0.08560000	0.21520000
0.10930000	1.01140000
0.31010000	1.31820000
0.21560000	1.32060000
0.15060000	1.11310000
0.11810000	0.92390000
0.10040000	0.76910000
0.08860000	0.64330000
0.08270000	0.54120000
0.07680000	0.45810000
0.07680000	0.39050000
0.07380000	0.33530000
0.07090000	0.29030000
0.06500000	0.25350000
0.06500000	0.22330000
0.06200000	0.19850000
0.06200000	0.19850000
0.06500000	0.28580000
0.07090000	0.16680000
0.29530000	0.13710000
0.18900000	0.12570000
0.12990000	0.11740000
0.10040000	0.11040000
0.08560000	0.10440000
0.07680000	0.09920000
0.06790000	0.09470000
0.06500000	0.13080000
0.08560000	0.59370000
0.14770000	1.11060000
0.35140000	1.13550000
0.18900000	0.97290000
0.12400000	0.80490000
0.09750000	0.67370000
0.08270000	0.56780000
0.07680000	0.48170000
0.06790000	0.41150000
0.06200000	0.35430000
0.05910000	0.30950000
0.05910000	0.29410000
0.05610000	0.24060000
0.05320000	0.21530000
0.05610000	0.19160000
0.05320000	0.17340000
0.05320000	0.15870000
0.05320000	0.14640000
0.05020000	0.13620000
0.05020000	0.12750000
0.04730000	0.12010000
0.04730000	0.11370000
0.04730000	0.10830000
0.04430000	0.10350000
0.04430000	0.09930000
0.04130000	0.09560000
0.04130000	0.09450000
0.03840000	0.08950000
0.03840000	0.08650000
0.03540000	0.08400000
0.03540000	0.08170000
0.03540000	0.07950000
0.03540000	0.07740000
0.03840000	0.07550000
0.03840000	0.07370000
0.03540000	0.07190000
0.03540000	0.07030000
0.03250000	0.06870000
0.03540000	0.06710000
0.03840000	0.06560000
0.03840000	0.06420000
0.04730000	0.06280000
0.04730000	0.06140000
0.04430000	0.06010000
0.04130000	0.05930000
0.03840000	0.07800000
0.04730000	0.05850000
0.04430000	0.05530000
0.04730000	0.05390000
0.04730000	0.10560000
0.05320000	0.15850000
0.09450000	1.17660000
0.89780000	1.02920000
0.33080000	1.07330000
0.17130000	0.91780000
0.11520000	0.77130000
0.10340000	0.93990000
2.79970000	3.40330000
1.54160000	2.23260000
0.60540000	1.79060000
0.37510000	1.47340000
0.27460000	1.22000000
0.22150000	1.01450000
0.24510000	1.41170000
2.36850000	5.38410000
1.65090000	2.92910000
0.71760000	2.47230000
0.46960000	2.04000000
0.36920000	1.71690000
0.40460000	3.04400000
2.16770000	4.45040000
1.91370000	2.75160000
1.02180000	2.61240000
0.68810000	2.18690000
0.96870000	2.78110000
1.33190000	3.03010000
0.88300000	2.20640000
0.66150000	1.84370000
0.52860000	1.52310000
0.44300000	1.27300000
2.70510000	7.56600000
5.19770000	10.22590000
3.01230000	5.63730000
1.68040000	3.12520000
1.19010000	2.30830000
0.91550000	1.87260000
0.75600000	1.54360000
0.64380000	1.27600000
0.55820000	1.05870000
0.51390000	0.88750000
0.66150000	1.15670000
3.13040000	3.14830000
2.25040000	2.02010000
1.51800000	2.11080000
1.21670000	1.78520000
0.97160000	1.47750000
0.80920000	1.22190000
0.70290000	1.01550000
0.63200000	0.87990000
0.66450000	0.71640000
0.70580000	0.97900000
0.58470000	0.85640000
0.52270000	0.72020000
0.47550000	0.60670000
0.43410000	0.51450000
0.40750000	0.43930000
0.38690000	0.38640000
0.49020000	1.35730000
0.46960000	2.08760000
0.63490000	3.24370000
1.46480000	7.65440000
1.72760000	7.55750000
1.41750000	3.90250000
2.87050000	8.28820000
9.71610000	17.72050000
18.98920000	16.64450000
6.26080000	8.85930000
4.16400000	6.24690000
3.89830000	6.85590000
4.37080000	9.94510000
7.11730000	10.27430000
4.63660000	6.02890000
3.27810000	3.32710000
2.56630000	2.44080000
2.15290000	1.96630000
2.77600000	3.24390000
3.75060000	4.24510000
2.77010000	2.64570000
2.24440000	2.07560000
1.88710000	1.70220000
1.75420000	1.79660000
2.84690000	4.35270000
3.60290000	4.49750000
2.68150000	2.73080000
2.30940000	2.14830000
1.93140000	1.92970000
1.70400000	1.92960000
1.52680000	1.65770000
2.04070000	2.18390000
2.78780000	3.58610000
2.28870000	2.58150000
1.84580000	2.18900000
1.58000000	1.80980000
1.39690000	1.49550000
1.25510000	1.26610000
1.19310000	1.05040000
1.27580000	0.86020000
1.24330000	1.18150000
1.21970000	1.03230000
1.19010000	0.89720000
2.30350000	3.42320000
2.82620000	3.44560000
2.17360000	2.18850000
1.79260000	1.77490000
1.46780000	1.46940000
1.31710000	1.21640000
1.20490000	1.01010000
1.09270000	0.84270000
0.96870000	0.70670000
0.84460000	0.59620000
0.76490000	0.50740000
0.72350000	0.44090000
0.68510000	0.37400000
0.64080000	0.32440000
0.62310000	0.35970000
1.95210000	1.01500000
2.04660000	1.47520000
1.31120000	1.31720000
1.11930000	1.11530000
1.06320000	0.94110000
0.93320000	0.77580000
0.83870000	0.64980000
0.79440000	0.54850000
0.74130000	0.46600000
0.68510000	0.40030000
0.78850000	0.43000000
4.10500000	3.34020000
3.63250000	3.30470000
2.47480000	2.27390000
1.99050000	1.90680000
1.58880000	1.57560000
1.34370000	1.30200000
1.16060000	1.07950000
1.03360000	0.89900000
0.94500000	0.75240000
0.85940000	0.63330000
0.80030000	0.54560000
0.91250000	0.55250000
1.20200000	0.41380000
1.02770000	0.57460000
1.01890000	0.48390000
0.96270000	0.73300000
0.85940000	0.64940000
0.81210000	0.55030000
3.48480000	2.83400000
8.15090000	2.85690000
5.69970000	2.28070000
2.89710000	1.91580000
2.20610000	1.58200000
1.71290000	1.30720000
1.40870000	1.08390000
1.20790000	0.90270000
1.04540000	0.75550000
0.93030000	0.63600000
0.81210000	0.53870000
0.72060000	0.45950000
0.73830000	0.39550000
0.92730000	0.43140000
4.34120000	0.57080000
4.75470000	1.04200000
2.93850000	1.33170000
2.09680000	1.14900000
1.64200000	0.98360000
2.46890000	0.83430000
1.83990000	0.67330000
1.34670000	0.56510000
1.10160000	0.50040000
0.98930000	0.42610000
0.88600000	0.35520000
0.78260000	0.32170000
0.77370000	0.34600000
0.68810000	0.71210000
0.77670000	1.35510000
0.73240000	2.75910000
0.94210000	2.76600000
0.92730000	3.58300000
1.55040000	5.57350000
4.07540000	7.53120000
2.82330000	5.73300000
1.86940000	3.25590000
1.43230000	2.47810000
1.13700000	2.02030000
0.94800000	1.68480000
0.85640000	1.40010000
0.80620000	1.14640000
0.69700000	0.94770000
0.60250000	0.80180000
0.53750000	0.69140000
1.34960000	0.58500000
1.86050000	0.48160000
0.94500000	0.41140000
0.67630000	0.35570000
0.56410000	0.32570000
0.50800000	0.27470000
0.54040000	0.24260000
0.54340000	0.24880000
0.61720000	0.19980000
0.47550000	0.17940000
0.39870000	0.18340000
0.35730000	0.19470000
0.39570000	0.17600000
0.37510000	0.13820000
0.32490000	0.12680000
0.28350000	0.12020000
0.25400000	0.11470000
0.23040000	0.11000000
0.21260000	0.10560000
0.20080000	0.10180000
0.18610000	0.09840000
0.17420000	0.09560000
0.16830000	0.09250000
0.15950000	0.08980000
0.14770000	0.08740000
0.14180000	0.08510000
0.13580000	0.08300000
0.12990000	0.08090000
0.12110000	0.08660000
0.11810000	0.07800000
0.11520000	0.07540000
0.11220000	0.07370000
0.10930000	0.09570000
0.12400000	0.13970000
0.13580000	0.10670000
0.12400000	0.07720000
0.11810000	0.06680000
0.11220000	0.06460000
0.10340000	0.06310000
0.09750000	0.06180000
0.09150000	0.06050000
0.08860000	0.05920000
0.08270000	0.05790000
0.07970000	0.05690000
0.08270000	0.09100000
0.08270000	0.07580000
0.08560000	0.05530000
0.08860000	0.05230000
0.08860000	0.05100000
0.08560000	0.07540000
0.07970000	0.07290000
0.07680000	0.05020000
0.07680000	0.04700000
0.07090000	0.07850000
0.07090000	0.11090000
0.06790000	0.05070000
0.06500000	0.04350000
0.06200000	0.04210000
0.07090000	0.04120000
0.06500000	0.04030000
0.05910000	0.04390000
0.06790000	0.10330000
0.09750000	0.06400000
0.10040000	0.03960000
0.08270000	0.03640000
0.07680000	0.03550000
0.07090000	0.05890000
0.06200000	0.03710000
0.06500000	0.06660000
0.06200000	0.07030000
0.05910000	0.03580000
0.05610000	0.03150000
0.05610000	0.03060000
0.05320000	0.03000000
0.05020000	0.02930000
0.04730000	0.03770000
0.04730000	0.06020000
0.04730000	0.03090000
0.04430000	0.02720000
0.04430000	0.02640000
0.04130000	0.03130000
0.04730000	0.08480000
0.05020000	0.06440000
0.04430000	0.03120000
0.04730000	0.02430000
0.05020000	0.02330000
0.05320000	0.02270000
0.05020000	0.02230000
0.04430000	0.02180000
0.03840000	0.02130000
0.03540000	0.04350000
0.03250000	0.11290000
0.03540000	0.05960000
0.03540000	0.02890000
0.03250000	0.02000000
0.02810000	0.01880000
0.02450000	0.01840000
0.02510000	0.01800000
0.02480000	0.03040000
0.02390000	0.04930000
0.02510000	0.02020000
0.02480000	0.02820000
0.02360000	0.01780000
0.02270000	0.01600000
0.02130000	0.01550000
0.02010000	0.01520000
0.01890000	0.02600000
0.01950000	0.01570000
0.01920000	0.01430000
0.01890000	0.02270000
0.01830000	0.01460000
0.01830000	0.01340000
0.01800000	0.01310000
0.01800000	0.01280000
0.01860000	0.05540000
0.02010000	0.01680000
0.02040000	0.01230000
0.02010000	0.01180000
0.01920000	0.01150000
0.01860000	0.01130000
0.01950000	0.09090000
0.01890000	0.01920000
0.01890000	0.01120000
0.01980000	0.02270000
0.02300000	0.08840000
0.05320000	2.96250000
0.03540000	1.92370000
0.04130000	1.19830000
0.07380000	1.15810000
0.05610000	0.98540000
0.04730000	0.83420000
0.03840000	0.69520000
0.05910000	0.62040000
0.05320000	0.50490000
0.04130000	0.43130000
0.03540000	0.37350000
0.03250000	0.32640000
0.02950000	0.34340000
0.02950000	0.26190000
0.02890000	0.23030000
0.02890000	0.20830000
0.02810000	0.19030000
0.02630000	0.18620000
0.02660000	0.16410000
0.02750000	0.15220000
0.02840000	0.14310000
0.02950000	0.13540000
0.02860000	0.14650000
0.07970000	0.87460000
0.17130000	1.57580000
0.13290000	1.81040000
0.41640000	3.47080000
0.42230000	2.43990000
0.25100000	2.02640000
0.14770000	1.65250000
0.10340000	1.69670000
0.07970000	1.43520000
0.07090000	1.19090000
0.12400000	1.05290000
0.73830000	3.26190000
0.78260000	2.65820000
0.33960000	2.28130000
0.20670000	1.88410000
0.15060000	1.58460000
0.12400000	1.39520000
0.11810000	1.55010000
0.17720000	1.66110000
0.14470000	1.40940000
0.11810000	1.16940000
0.14770000	1.03050000
1.77780000	2.98840000
1.15180000	2.78100000
0.55520000	2.45400000
0.34550000	2.04800000
0.25100000	1.67670000
0.19790000	1.38130000
0.16830000	1.14710000
0.97160000	5.66760000
6.52660000	13.79880000
11.72430000	13.75150000
4.04590000	8.00840000
1.73940000	3.92840000
1.14290000	2.73630000
0.83870000	2.15940000
0.66450000	1.76740000
0.56110000	1.45820000
0.48730000	1.20670000
0.43120000	1.00250000
0.38390000	0.83680000
0.34550000	0.70220000
0.32190000	0.59280000
0.30420000	0.51560000
0.29530000	0.44360000
0.30710000	0.40090000
0.45770000	0.32660000
0.49020000	0.28420000
0.40160000	0.25150000
0.34260000	0.22470000
0.31010000	0.20260000
0.28650000	0.18430000
0.26580000	0.16910000
0.24810000	0.15630000
0.23330000	0.14560000
0.22440000	0.13650000
0.22150000	0.12910000
0.26580000	0.17550000
0.30420000	0.12220000
0.31010000	0.60260000
0.30120000	0.55800000
0.28060000	0.47420000
0.26280000	0.40250000
0.24510000	0.34400000
0.23630000	0.30230000
0.22740000	0.27350000
0.83280000	3.30040000
2.94440000	5.68950000
1.86350000	3.03870000
1.24920000	3.15550000
1.15770000	4.13520000
1.30830000	3.16940000
1.14290000	2.59440000
0.92730000	2.09860000
0.77670000	1.72450000
2.82920000	5.10180000
8.50530000	10.17600000
7.64880000	8.65070000
3.33710000	4.31540000
2.27400000	2.95170000
2.04070000	3.18460000
2.95320000	5.02880000
2.52210000	3.24520000
4.19360000	6.34090000
3.57340000	7.80020000
2.58110000	4.06340000
1.93140000	2.83470000
1.47070000	2.22090000
1.21380000	1.81340000
1.04840000	1.49530000
0.92730000	1.23710000
0.87710000	1.05380000
0.86530000	0.85950000
0.79740000	0.71850000
0.74420000	0.60590000
0.68510000	0.51440000
1.04840000	0.67940000
4.28220000	5.31240000
3.54390000	6.41180000
2.48070000	3.34630000
1.87230000	2.45690000
1.42640000	1.97900000
1.19310000	1.62890000
1.05730000	1.35450000
0.89190000	1.11650000
0.77670000	0.92860000
0.68810000	0.77670000
0.71170000	0.65400000
0.96870000	0.57140000
0.95680000	0.47520000
0.82990000	0.40590000
0.73540000	0.35120000
0.66740000	0.30670000
0.64080000	0.27920000
0.60840000	0.24890000
0.55520000	0.21590000
0.51390000	0.19460000
0.47550000	0.17760000
0.44590000	0.16530000
0.44590000	0.15490000
0.97160000	0.28330000
0.72650000	0.42340000
0.65270000	0.70750000
0.57290000	0.62860000
0.53450000	0.53130000
0.48730000	0.44980000
0.45480000	0.38350000
0.44590000	0.34310000
0.43120000	0.28670000
0.40160000	0.24920000
0.37210000	0.21950000
2.50730000	2.19710000
4.07540000	2.76300000
2.51910000	1.88260000
1.71580000	1.57720000
1.39690000	1.77730000
3.72110000	6.16680000
3.69150000	7.14710000
2.49550000	3.70540000
1.85170000	2.63830000
1.48250000	2.08650000
1.26690000	1.71180000
1.12810000	1.41350000
1.00410000	1.17050000
0.89480000	0.97320000
0.81210000	0.81300000
0.73540000	0.68280000
0.67330000	0.57700000
0.64080000	0.49090000
0.61720000	0.42100000
0.63790000	0.41590000
0.69110000	0.32210000
0.64680000	0.27860000
0.58180000	0.24680000
0.54630000	0.22080000
0.51680000	0.19940000
0.49320000	0.18170000
0.47840000	0.16690000
0.46370000	0.15450000
0.44890000	0.14400000
0.43410000	0.13520000
0.41640000	0.12760000
0.40460000	0.12120000
0.39280000	0.11550000
0.37800000	0.11060000
0.36620000	0.10630000
0.46070000	0.17890000
1.26100000	0.11430000
0.79740000	0.09710000
0.75900000	0.20300000
1.78970000	0.39760000
1.11630000	0.65730000
0.86820000	0.58240000
0.74130000	0.49120000
0.65270000	0.41490000
0.60250000	0.35280000
0.59950000	0.33800000
0.95680000	0.34690000
1.09560000	0.70650000
0.98930000	1.17590000
4.72520000	4.00240000
4.60700000	2.89420000
3.13040000	2.47500000
2.41570000	2.22650000
1.90190000	1.85000000
1.42050000	1.52570000
1.14880000	1.26150000
0.98050000	1.04710000
0.86230000	0.87310000
0.77970000	0.73850000
0.72350000	0.63020000
0.74720000	0.57720000
0.88010000	0.47890000
0.80030000	0.38850000
0.69400000	0.33490000
0.62610000	0.29320000
0.57880000	0.25910000
0.54040000	0.23110000
0.50500000	0.21010000
0.47250000	0.19440000
0.46070000	0.19340000
0.46070000	0.17060000
0.43120000	0.14960000
0.39280000	0.13910000
0.36920000	0.13100000
0.34550000	0.12410000
0.33960000	0.14050000
0.75900000	0.15550000
0.99230000	0.11280000
0.48430000	0.10470000
0.37210000	0.10070000
0.31300000	0.10510000
0.28650000	0.11320000
0.26580000	0.09370000
0.24510000	0.08930000
0.22440000	0.08680000
0.20970000	0.08460000
0.19790000	0.08250000
0.18310000	0.08050000
0.16830000	0.07860000
0.15360000	0.07680000
0.14180000	0.07500000
0.13580000	0.07330000
0.12700000	0.07170000
0.12110000	0.07010000
0.11520000	0.06860000
0.10630000	0.06710000
0.10630000	0.06570000
0.10340000	0.07460000
0.10040000	0.06400000
0.10040000	0.06230000
0.09450000	0.06030000
0.08860000	0.05900000
0.08270000	0.05770000
0.07970000	0.05660000
0.07970000	0.06400000
0.07680000	0.05500000
0.07380000	0.05310000
0.07380000	0.05190000
0.06790000	0.05080000
0.06500000	0.04970000
0.06200000	0.07680000
0.05910000	0.05060000
0.05610000	0.04680000
0.05320000	0.04560000
0.05320000	0.07560000
0.06200000	0.12650000
0.07090000	0.05140000
0.06790000	0.04250000
0.06500000	0.04100000
0.06200000	0.04020000
0.05610000	0.05040000
0.05320000	0.06350000
0.05020000	0.08000000
0.05320000	0.04260000
0.04730000	0.07560000
0.04730000	0.08590000
0.05910000	0.07000000
0.06500000	0.22680000
0.15360000	0.68810000
0.11220000	0.95270000
0.07380000	0.82370000
0.06200000	0.68330000
0.06200000	0.57890000
0.08560000	0.47590000
0.07380000	0.40030000
0.06790000	0.36490000
0.07090000	0.37470000
0.06790000	0.27750000
0.06200000	0.48840000
0.06790000	0.60700000
0.07090000	0.52230000
0.06500000	0.45170000
0.05910000	0.37080000
0.05610000	0.32070000
0.05320000	0.26990000
0.05610000	0.27440000
0.07090000	0.27290000
0.06200000	0.18250000
0.05320000	0.29250000
0.05020000	0.30480000
0.04430000	0.26960000
0.04730000	0.89880000
0.08860000	0.83430000
0.07970000	0.88740000
0.06200000	0.80320000
0.05610000	0.89970000
0.05610000	0.93980000
0.05320000	0.80530000
0.05610000	0.67860000
0.05020000	0.57430000
0.04430000	0.48940000
0.04130000	0.42020000
0.03840000	0.36380000
0.03540000	0.31760000
0.03540000	0.27970000
0.03250000	0.24860000
0.03250000	0.22300000
0.03250000	0.20180000
0.02950000	0.18420000
0.02920000	0.16950000
0.02780000	0.15720000
0.02720000	0.14680000
0.02600000	0.13800000
0.02750000	0.13070000
0.02950000	0.12450000
0.02600000	0.11840000
0.02510000	0.11340000
0.02540000	0.10910000
0.02600000	0.10520000
0.02660000	0.10170000
0.02540000	0.09850000
0.02480000	0.14970000
0.21560000	0.10180000
0.21260000	0.09110000
0.12990000	0.08800000
0.08560000	0.09420000
0.07680000	0.12730000
0.14770000	0.12660000
0.49610000	0.08430000
0.23630000	0.07830000
0.13290000	0.07620000
0.09150000	0.07450000
0.07090000	0.08220000
0.05610000	0.07220000
0.05020000	0.06980000
0.04430000	0.06820000
0.04130000	0.06670000
0.03840000	0.06530000
0.03540000	0.06540000
0.03840000	0.11620000
0.03540000	0.06680000
0.05910000	0.12770000
0.05020000	1.28470000
0.04730000	0.74660000
0.06500000	0.77830000
0.07970000	0.67410000
0.06500000	0.57450000
0.05610000	0.49200000
0.05020000	0.42470000
0.04130000	0.36970000
0.03540000	0.32460000
0.03250000	0.28760000
0.02950000	0.25720000
0.02720000	0.23210000
0.02450000	0.21140000
0.02750000	0.26230000
0.02360000	0.18650000
0.02130000	0.16760000
0.01950000	0.15680000
0.01860000	0.14790000
0.01860000	0.14030000
0.01300000	0.13380000
0.01300000	0.13410000
0.01300000	0.12360000
0.01360000	0.11850000
0.01360000	0.11440000
0.01300000	0.11080000
0.01180000	0.10740000
0.01060000	0.10440000
0.01090000	0.10150000
0.01060000	0.09880000
0.01060000	0.09630000
0.01000000	0.09390000
0.00950000	0.09200000
0.00920000	0.09950000
0.01060000	0.10770000
0.01030000	0.11740000
0.01000000	0.08680000
0.01030000	0.08190000
0.01000000	0.10800000
0.01090000	0.19020000
0.01090000	0.83500000
0.01150000	1.35280000
0.01090000	1.22240000
0.01450000	0.99760000
0.01770000	0.91500000
0.02360000	0.77510000
0.02480000	0.65340000
0.02480000	0.55390000
0.02270000	0.47280000
0.02160000	0.40670000
0.02300000	0.35270000
0.01950000	0.30850000
0.01240000	0.27230000
0.01390000	0.25220000
0.01420000	0.21890000
0.01390000	0.19770000
0.01330000	0.18070000
0.01330000	0.16660000
0.01270000	0.15480000
0.01300000	0.14480000
0.01300000	0.13630000
0.01390000	0.17950000
0.01480000	0.66540000
0.01980000	1.10660000
0.02720000	1.17760000
0.04430000	1.00390000
0.05020000	0.83970000
0.03840000	0.70480000
0.03250000	0.59580000
0.19790000	0.76570000
0.51390000	1.21720000
0.25100000	1.29210000
0.15360000	1.13140000
0.33670000	3.23560000
1.15770000	2.43520000
0.67330000	1.86120000
0.38100000	1.73020000
0.25690000	1.44920000
0.19490000	1.20160000
0.16240000	0.99920000
0.20670000	0.89820000
0.26580000	1.27620000
0.28940000	1.68230000
0.25100000	1.45160000
0.19490000	1.20530000
0.16240000	1.00130000
0.14180000	0.84960000
0.12990000	0.70260000
0.11220000	0.59190000
0.10340000	0.50290000
0.10040000	0.44410000
0.10040000	0.37440000
0.10340000	0.32330000
0.10630000	0.31460000
0.10630000	0.25410000
0.11220000	0.57120000
0.12700000	0.52530000
0.12700000	0.44790000
0.12110000	0.39020000
0.11220000	0.33030000
0.11220000	0.34600000
0.11220000	0.64920000
0.13580000	0.95690000
0.15950000	0.84730000
0.15950000	0.70570000
0.16830000	0.64920000
0.54630000	2.81830000
0.91250000	2.51240000
0.52570000	2.19850000
0.36620000	1.93810000
0.27760000	1.60940000
0.22150000	1.33040000
0.18900000	1.10320000
0.17130000	0.91890000
0.16240000	0.77530000
0.15360000	0.64830000
0.14470000	0.54880000
0.14770000	0.50300000
0.18310000	0.72310000
3.75060000	4.42800000
2.94140000	3.10840000
1.29940000	2.56730000
0.81210000	2.12250000
0.57590000	1.74720000
0.45480000	1.44100000
0.39570000	1.22540000
0.36320000	0.99450000
0.33670000	1.18570000
0.30420000	1.02260000
0.27460000	0.85540000
0.25690000	0.73320000
0.25100000	0.62470000
0.25400000	0.54720000
0.23920000	0.87730000
0.23040000	0.77720000
0.22740000	0.65550000
0.21850000	0.55360000
0.23040000	0.47110000
2.28580000	1.16570000
1.99340000	1.70470000
3.86870000	4.62590000
3.89830000	5.58490000
2.30650000	3.06350000
3.15990000	3.81490000
4.37080000	5.09890000
4.28220000	9.67490000
4.93190000	10.87240000
3.51430000	5.96300000
2.37730000	3.26710000
1.65680000	2.39880000
1.24040000	1.93220000
1.03950000	1.61910000
1.03660000	1.73220000
1.08090000	1.35160000
0.98340000	1.74120000
0.85050000	1.50340000
1.05430000	1.24650000
3.86870000	2.28490000
2.98280000	3.03260000
2.00520000	2.01430000
1.49730000	1.66520000
1.25810000	1.40200000
1.22560000	1.15760000
1.16950000	0.95420000
1.01000000	0.79640000
1.69810000	1.80170000
2.84400000	2.65780000
2.08790000	1.86760000
1.58880000	1.67460000
1.43530000	1.77530000
1.39690000	1.41740000
1.28170000	1.72280000
4.04590000	6.56710000
9.74560000	9.74170000
6.55610000	6.12560000
4.16400000	6.88270000
4.69560000	8.12910000
3.98680000	5.08990000
3.18950000	2.97640000
2.61950000	2.24650000
2.20310000	1.82660000
1.76900000	1.50710000
1.58000000	1.29780000
3.18950000	4.24800000
6.73330000	10.63170000
5.49300000	10.44370000
3.51430000	5.69620000
3.45530000	3.88090000
4.66610000	8.82810000
3.92780000	10.48770000
3.13040000	5.80160000
2.51910000	3.17790000
1.97870000	2.32710000
1.55630000	1.88240000
1.31420000	1.55260000
1.15470000	1.28340000
1.03070000	1.06480000
0.93030000	0.92680000
1.08970000	0.79480000
1.31120000	0.77120000
1.67740000	4.19920000
3.75060000	5.28830000
2.55160000	3.90040000
2.53980000	5.58320000
5.10910000	9.70610000
5.19770000	8.98220000
3.78010000	5.06520000
2.90300000	2.91330000
2.35670000	2.19210000
1.89300000	1.79020000
1.57700000	1.47950000
1.59770000	1.28340000
1.47370000	1.02270000
1.18720000	0.85400000
1.03360000	0.71220000
0.91550000	0.60030000
0.82690000	0.50970000
0.75010000	0.43610000
0.86530000	0.45020000
1.35850000	0.33460000
1.03070000	0.28720000
0.86530000	0.25360000
0.76490000	0.22650000
0.68510000	0.20410000
0.62020000	0.18550000
0.56410000	0.17640000
0.58770000	0.19570000
1.66270000	0.23450000
1.48250000	0.14620000
1.07790000	0.27730000
0.84760000	0.25800000
0.70580000	0.22810000
1.28170000	0.27420000
1.46480000	0.20150000
1.00110000	0.16580000
0.77670000	0.14960000
0.63200000	0.14800000
0.54930000	0.14300000
0.53450000	0.18530000
0.51980000	0.12400000
0.70580000	1.12830000
1.35550000	1.69160000
0.84460000	1.73610000
0.61130000	1.47010000
0.53160000	1.24830000
0.52570000	1.05320000
0.51680000	0.84000000
0.47250000	1.22850000
0.44000000	1.07820000
0.41640000	0.89700000
0.40750000	0.76070000
0.41940000	0.63030000
0.34550000	0.53170000
0.30420000	0.45220000
0.27170000	0.38760000
0.24810000	0.33510000
0.24510000	0.34290000
0.29530000	0.32100000
0.71760000	0.29100000
0.62610000	0.20990000
0.46660000	0.64470000
0.36620000	0.65970000
0.67040000	1.17220000
0.89190000	1.69480000
0.57880000	1.86030000
0.42530000	1.57720000
0.33670000	1.30480000
0.28060000	1.08100000
0.23920000	0.89950000
0.21260000	0.75210000
0.19200000	0.64600000
0.18310000	0.53640000
0.18010000	0.45570000
0.17130000	0.39140000
0.38980000	0.44910000
0.32190000	0.30680000
0.25690000	0.26060000
0.23630000	0.23080000
0.19490000	0.20680000
0.17130000	0.18710000
0.15360000	0.17060000
0.14180000	0.15700000
0.13580000	0.14550000
0.12990000	0.13580000
0.12400000	0.13590000
0.11810000	0.12150000
0.11810000	0.12330000
0.11220000	0.11030000
0.10930000	0.13050000
0.11220000	0.13900000
0.10340000	0.12530000
0.09750000	0.09670000
0.09750000	0.09110000
0.09450000	0.08820000
0.09450000	0.08580000
0.18010000	0.13480000
1.10750000	0.12370000
0.19490000	0.08340000
0.10630000	0.07750000
0.09150000	0.07540000
0.08270000	0.10040000
0.08560000	0.07470000
0.07970000	0.10510000
0.07970000	0.11340000
0.08270000	0.09250000
0.07970000	0.06820000
0.09750000	0.06450000
0.08860000	0.06290000
0.07970000	0.06160000
0.07090000	0.06020000
0.06500000	0.05890000
0.05910000	0.05770000
0.05910000	0.08310000
0.06500000	0.12390000
0.05610000	0.08610000
0.05610000	0.05790000
0.05610000	0.09380000
0.06500000	0.07710000
0.06200000	0.05230000
0.05610000	0.04880000
0.05320000	0.06090000
0.05020000	0.09340000
0.05320000	0.11980000
0.06200000	0.35250000
0.13580000	0.62470000
0.09450000	0.55010000
0.08860000	0.45960000
0.07380000	0.38410000
0.06500000	0.32300000
0.07680000	0.28660000
0.06500000	0.23380000
0.05910000	0.19940000
0.05320000	0.17230000
0.05020000	0.15020000
0.05020000	0.15060000
0.05020000	0.11920000
0.04730000	0.10520000
0.04430000	0.09490000
0.04130000	0.08650000
0.04130000	0.07950000
0.04130000	0.07370000
0.04130000	0.06880000
0.03540000	0.06460000
0.03540000	0.06100000
0.03250000	0.05790000
0.03840000	0.09500000
0.04130000	0.14640000
2.34780000	5.03080000
4.22310000	5.09430000
2.09090000	2.65080000
0.76190000	2.06250000
0.43710000	1.72330000
0.28940000	1.39950000
0.21260000	1.15700000
0.16240000	0.96260000
0.13290000	0.80490000
0.11810000	0.67680000
0.10340000	0.57260000
0.09150000	0.49940000
0.08270000	0.41990000
0.08560000	0.36230000
0.08270000	0.32690000
0.07680000	0.27940000
0.07090000	0.24730000
0.06790000	0.22160000
0.06500000	0.20040000
0.06200000	0.18320000
0.06790000	0.23390000
0.06790000	0.16280000
0.06790000	0.14610000
0.07380000	0.13680000
0.06790000	0.12930000
0.05910000	0.12290000
0.05610000	0.11760000
0.05320000	0.11240000
0.05020000	0.10800000
0.04730000	0.10410000
0.04430000	0.10060000
0.04130000	0.09750000
0.03840000	0.09460000
0.03840000	0.09190000
0.03840000	0.08940000
0.03540000	0.08710000
0.03840000	0.08490000
0.03540000	0.08280000
0.03540000	0.08090000
0.03250000	0.07900000
0.03250000	0.07710000
0.03250000	0.07540000
0.03250000	0.07390000
0.13880000	0.23550000
1.44120000	2.41570000
0.65560000	2.08510000
0.33080000	1.67220000
0.21560000	1.37540000
0.15650000	1.14020000
0.12400000	0.94970000
0.10630000	0.79500000
0.10040000	0.66940000
0.09150000	0.57640000
0.08270000	0.48480000
0.07970000	0.41600000
0.07680000	0.36050000
0.07090000	0.31520000
0.06790000	0.27800000
0.06500000	0.24740000
0.06500000	0.27320000
0.06790000	0.27410000
0.06790000	0.49260000
0.06790000	0.74730000
0.06790000	0.66050000
0.07090000	0.55870000
0.07090000	0.47380000
0.06500000	0.40460000
0.06200000	0.34820000
0.06200000	0.30210000
0.05910000	0.26440000
0.05610000	0.23340000
0.05320000	0.20800000
0.05320000	0.18700000
0.05320000	0.19720000
0.05320000	0.22060000
0.05320000	0.14990000
0.05910000	0.54840000
0.06200000	0.50570000
0.07380000	0.43820000
0.08270000	0.59990000
0.08860000	1.64540000
3.80970000	3.95180000
4.37080000	2.94460000
1.30830000	2.25630000
0.77370000	1.99860000
0.54930000	1.66120000
0.42820000	1.37280000
0.35440000	1.13770000
0.30120000	0.94700000
0.26580000	0.79210000
0.24810000	0.68610000
0.29530000	0.60620000
0.48140000	0.89060000
0.39570000	1.19020000
0.33080000	1.03370000
0.30420000	0.88540000
0.28350000	0.83980000
0.27170000	1.17380000
0.26870000	1.31210000
0.29240000	1.28630000
0.32490000	1.31880000
0.41640000	1.68890000
0.59360000	1.84690000
0.52270000	1.79550000
0.42230000	1.50660000
0.35730000	1.24840000
6.34940000	14.44530000
25.75210000	28.95870000
35.73400000	31.20150000
25.16140000	22.86350000
9.95240000	11.74750000
3.92780000	6.10810000
2.82920000	5.61500000
7.11730000	10.45000000
9.18450000	12.13790000
7.26490000	8.01760000
4.63660000	7.11330000
8.91870000	12.65510000
8.23950000	12.60780000
3.98680000	6.73540000
2.58110000	4.37660000
3.18950000	5.38630000
4.31170000	7.70560000
4.04590000	7.69410000
5.10910000	9.96910000
7.26490000	10.40080000
4.22310000	5.74730000
2.80850000	3.19540000
2.12040000	2.36890000
1.76010000	1.92610000
1.54160000	1.58970000
1.37030000	1.31670000
1.34670000	2.66050000
6.67430000	15.32300000
27.96700000	32.14770000
31.59950000	29.00320000
15.59300000	15.31010000
6.99910000	7.91990000
4.25260000	5.16650000
2.98280000	3.66270000
2.31530000	2.79970000
1.90480000	2.21980000
1.56820000	1.81570000
1.26100000	1.49740000
1.10750000	1.23850000
1.06320000	1.03160000
1.01590000	0.85810000
0.90370000	0.71930000
0.77970000	0.60670000
0.70880000	0.51510000
0.66740000	0.44040000
0.63490000	0.38870000
0.59360000	0.33080000
0.54930000	0.28920000
0.51090000	0.25710000
0.51090000	0.26550000
0.60540000	0.23110000
0.66740000	0.18960000
0.60540000	0.53670000
0.55820000	0.49350000
0.71170000	0.63600000
1.24920000	1.30140000
1.08380000	1.09720000
0.82690000	1.18430000
0.75600000	1.01010000
0.71760000	0.84240000
0.68220000	0.70430000
0.64380000	0.59200000
0.61430000	0.50080000
0.59950000	0.43780000
0.83280000	0.39540000
1.04250000	0.31950000
0.82690000	0.28350000
0.75010000	0.24370000
0.67920000	0.21580000
0.61720000	0.19330000
1.65380000	1.15520000
3.92780000	1.80550000
2.20900000	1.37340000
1.60660000	1.23540000
1.36440000	1.03610000
1.15470000	0.85930000
1.01000000	0.71750000
0.93320000	0.61250000
0.87420000	0.52130000
1.73350000	0.77510000
4.51840000	6.12670000
5.19770000	8.25240000
4.48890000	5.85640000
3.07130000	3.29710000
2.36260000	2.42800000
1.94030000	1.95180000
1.63900000	1.60630000
1.42350000	1.32680000
1.26690000	1.10000000
1.14290000	0.91590000
1.01300000	0.76640000
0.90960000	0.64500000
0.80920000	0.55390000
0.76780000	0.53930000
3.57340000	4.28460000
9.33220000	9.93980000
10.07050000	9.71880000
5.61110000	6.07440000
3.36670000	3.34890000
2.54570000	2.43460000
2.09680000	1.95680000
1.70700000	1.61210000
1.46480000	1.33170000
1.30240000	1.10390000
1.17240000	0.91910000
1.18420000	0.81320000
6.70380000	6.46120000
16.00650000	8.94440000
15.15000000	7.54950000
10.27720000	7.14500000
7.88510000	4.91960000
4.25260000	2.93380000
3.42570000	2.24210000
3.07130000	2.03200000
9.00730000	6.75910000
12.61030000	8.97650000
6.99910000	5.04200000
3.80970000	2.88900000
2.85280000	2.18870000
2.42160000	1.77320000
2.12630000	1.46270000
2.43640000	1.62010000
5.19770000	3.42950000
3.72110000	3.51460000
2.92370000	2.27470000
4.78420000	4.27530000
7.64880000	4.41520000
4.22310000	2.70110000
2.92070000	2.08850000
2.32120000	1.71190000
2.16470000	1.49110000
5.99500000	3.65720000
5.25670000	3.65450000
3.30760000	2.27150000
2.49550000	1.81830000
2.05250000	1.50480000
1.65680000	1.24540000
1.38800000	1.03390000
1.18720000	0.86220000
1.02180000	0.72270000
0.88890000	0.60930000
0.81510000	0.52510000
2.08790000	1.08600000
10.63160000	9.70960000
21.02690000	18.05740000
25.69300000	20.01990000
24.57080000	16.03620000
18.42810000	15.80370000
15.65210000	17.14970000
11.36990000	12.12030000
5.84740000	6.43740000
3.36670000	4.24090000
2.41280000	2.97790000
1.97870000	2.44680000
1.62130000	2.01020000
1.36730000	1.65630000
1.18130000	1.37030000
1.34960000	1.18770000
2.56630000	0.99830000
3.21900000	0.80260000
1.83990000	0.98570000
1.37320000	0.85550000
1.11930000	0.71920000
0.93320000	0.60670000
0.79150000	0.51420000
0.73240000	0.45350000
0.71170000	0.39540000
0.69990000	0.36620000
0.72940000	0.32400000
0.75600000	0.26030000
0.63790000	0.23100000
0.56110000	0.20410000
0.49610000	0.18490000
0.43710000	0.16920000
0.38100000	0.15620000
0.33670000	0.14520000
2.46000000	0.16160000
7.02870000	0.15210000
6.67430000	0.12370000
1.71880000	0.11560000
1.11930000	0.11030000
0.84170000	0.10580000
0.73240000	0.10640000
0.87420000	0.11950000
0.70580000	0.13040000
0.73240000	0.10730000
0.63790000	0.09680000
0.56110000	0.10290000
0.49610000	0.09530000
0.44300000	0.08360000
0.39280000	0.08050000
0.35730000	0.07850000
0.32190000	0.07670000
0.29530000	0.07490000
0.27460000	0.07320000
0.25690000	0.07150000
0.23630000	0.06990000
0.21850000	0.06840000
0.20380000	0.06690000
0.19200000	0.06550000
0.18310000	0.09790000
0.23330000	0.08080000
0.25100000	0.06310000
0.20670000	0.06010000
0.18010000	0.05870000
0.16540000	0.05750000
0.15360000	0.05630000
0.17420000	0.25220000
1.76010000	1.43440000
0.93910000	1.27600000
0.46960000	1.29130000
0.31890000	1.09560000
0.24810000	0.91490000
0.20970000	0.76650000
0.20670000	0.68360000
0.72060000	0.65710000
0.26870000	0.93470000
0.26580000	1.27610000
0.24220000	1.12530000
0.20380000	0.92770000
0.18310000	0.77420000
0.16540000	0.65070000
0.15060000	0.55040000
0.13880000	0.46870000
0.13290000	0.43920000
0.12700000	0.37210000
0.12110000	0.30580000
0.11520000	0.26720000
0.10630000	0.23710000
0.10040000	0.21250000
0.10040000	0.19910000
0.10340000	0.23390000
0.10040000	0.19810000
0.12400000	0.41520000
0.13880000	1.51430000
0.30120000	2.26880000
0.27170000	1.58300000
0.22150000	1.55260000
0.18610000	1.32710000
0.15650000	1.09200000
0.13580000	0.90940000
0.12400000	0.76230000
0.11220000	0.64280000
0.10340000	0.54560000
0.09450000	0.47260000
0.09450000	0.45940000
0.10040000	0.35510000
0.11810000	0.30640000
0.10040000	0.27050000
0.09150000	0.24140000
0.08860000	0.21730000
0.08560000	0.21520000
0.08270000	0.18450000
0.07680000	0.18610000
0.07680000	0.18270000
0.07380000	0.15620000
0.07090000	0.13810000
0.06500000	0.13000000
0.06200000	0.12370000
0.05910000	0.11830000
0.05910000	0.11590000
0.05610000	0.14050000
0.05610000	0.12250000
0.05610000	0.13960000
0.05610000	0.10310000
0.05320000	0.09640000
0.05320000	0.10780000
0.05020000	0.09250000
0.04730000	0.08880000
0.04730000	0.08650000
0.04730000	0.09360000
0.04730000	0.10280000
0.07090000	0.10120000
0.05910000	0.10350000
0.41640000	0.09020000
0.27760000	0.07650000
0.16540000	0.07360000
0.11520000	0.07190000
0.09150000	0.08140000
0.07970000	0.08160000
0.06790000	0.10610000
0.07090000	0.16200000
0.06790000	0.87440000
0.24220000	2.16320000
2.40390000	2.53510000
1.56820000	5.44000000
1.55340000	3.49430000
0.89480000	2.57010000
0.54930000	2.38620000
0.38390000	2.37990000
0.32780000	2.05810000
3.21900000	2.30010000
1.86940000	2.28310000
0.80920000	2.21170000
0.51090000	1.85110000
0.38690000	1.52730000
0.31600000	1.29080000
0.26580000	1.05440000
0.23040000	0.88560000
1.23150000	0.81680000
2.59880000	1.48510000
3.45530000	3.56450000
4.54800000	3.65870000
1.92550000	2.70520000
1.61840000	2.68060000
1.66560000	3.30960000
1.41460000	4.18760000
1.67150000	6.47480000
2.43640000	8.11190000
2.84400000	8.97540000
4.04590000	8.36840000
2.61060000	6.90310000
1.77490000	3.79380000
1.36440000	2.72560000
1.09860000	2.15450000
0.90960000	1.76390000
0.77080000	1.45560000
0.68810000	1.23440000
0.63790000	1.02870000
0.57290000	0.83840000
0.51090000	0.81340000
0.48430000	0.72410000
0.53450000	1.99060000
0.59060000	2.50270000
0.58180000	2.52970000
1.70990000	7.55290000
3.07130000	8.15420000
1.96680000	4.15970000
1.42940000	2.87820000
1.12810000	2.24040000
0.95390000	1.82740000
0.82390000	1.50670000
0.73240000	1.24610000
0.66150000	1.03450000
0.59950000	0.86280000
0.93620000	2.66280000
4.34120000	9.13430000
3.80970000	10.20420000
2.17060000	5.64520000
1.67740000	3.14690000
1.33780000	2.33730000
1.12520000	1.89010000
0.99520000	1.56180000
0.88600000	1.28760000
0.78560000	1.06780000
0.70290000	0.88980000
0.64680000	0.74520000
0.62610000	0.65820000
0.65270000	0.56110000
0.69700000	0.45790000
0.65860000	0.64730000
0.61720000	0.57390000
0.57590000	0.48940000
0.53750000	0.41860000
0.51090000	0.36090000
0.76780000	1.28100000
2.05250000	2.09800000
2.82620000	5.57310000
4.93190000	8.22040000
3.72110000	6.08550000
2.40390000	4.02920000
1.91370000	2.88800000
1.62130000	2.30830000
1.63020000	6.64190000
21.85380000	22.52530000
41.64040000	24.63540000
17.18770000	13.16290000
5.64070000	6.52630000
3.33710000	4.35320000
2.98280000	4.24910000
2.46590000	2.86420000
2.04660000	2.25220000
1.77190000	1.84520000
3.04180000	4.99600000
6.67430000	12.20470000
5.90640000	12.36520000
3.21900000	7.04460000
2.36260000	3.71540000
2.00520000	2.63990000
1.76010000	2.12730000
3.60290000	5.14530000
4.28220000	5.65120000
2.78490000	3.30770000
2.22670000	2.45110000
1.85760000	1.97690000
1.61840000	1.62660000
1.51200000	1.36880000
1.45590000	1.11820000
1.30240000	1.22470000
1.15770000	1.04790000
1.06020000	0.87560000
0.97750000	0.73350000
0.90070000	0.61800000
0.84460000	0.52470000
0.80030000	0.44830000
0.74420000	0.38590000
0.68810000	0.33490000
0.64380000	0.29320000
0.62310000	0.25890000
0.60250000	0.23080000
0.57590000	0.20750000
0.55520000	0.18930000
0.54630000	0.18130000
1.97570000	2.28360000
4.04590000	5.29770000
2.65490000	4.36710000
2.02000000	3.48440000
2.49550000	7.36690000
3.66200000	8.63820000
2.84100000	5.54230000
5.58160000	10.70520000
22.26730000	21.11270000
20.02280000	18.93300000
6.73330000	9.92690000
3.45530000	5.17120000
2.43640000	4.83580000
4.78420000	10.18690000
6.96960000	10.69780000
4.25260000	5.89020000
2.93550000	3.26780000
2.47180000	2.70080000
2.21790000	2.22810000
5.28630000	10.29750000
12.19680000	16.29820000
10.98600000	11.52020000
4.90230000	6.04990000
3.45530000	4.29780000
3.36670000	4.39430000
2.75240000	2.75150000
2.33900000	2.13640000
2.05540000	1.74840000
1.80740000	1.44410000
1.83690000	1.19550000
1.83390000	0.99360000
1.64200000	0.82970000
1.46780000	0.69650000
1.34080000	0.58830000
1.24330000	0.51260000
1.16060000	0.45130000
1.74240000	1.25210000
2.32120000	1.72330000
1.81030000	1.28230000
1.58590000	1.09780000
1.38800000	0.91680000
1.26690000	0.76630000
1.16950000	0.64360000
1.06320000	0.54390000
1.01300000	0.50090000
1.01300000	0.42360000
0.93910000	0.34530000
0.86820000	0.55660000
0.82100000	0.49900000
0.78560000	0.42710000
0.75600000	0.36650000
0.74130000	0.31710000
0.74130000	0.30240000
0.99520000	0.28870000
2.50140000	2.27710000
4.84330000	5.76460000
3.75060000	5.67330000
2.89710000	3.92220000
2.65200000	2.76580000
2.24740000	2.25360000
1.97570000	1.85030000
1.74830000	1.52730000
1.53860000	1.26280000
1.44710000	1.09620000
2.98280000	1.97650000
2.68150000	2.80820000
2.11450000	2.01630000
2.64020000	3.40600000
5.22720000	6.58250000
4.31170000	6.01770000
3.27810000	4.33620000
4.31170000	4.23940000
3.18950000	2.90390000
2.48370000	2.29230000
2.10860000	1.86730000
1.82800000	1.54140000
1.63900000	1.27630000
1.45590000	1.06270000
1.26990000	0.88200000
1.14580000	0.73850000
1.06610000	0.62230000
1.13400000	0.59050000
1.87820000	0.47080000
1.43230000	0.38980000
1.18420000	0.33680000
1.07790000	0.29470000
0.99520000	0.26030000
0.90960000	0.23200000
0.83280000	0.20860000
0.77080000	0.18930000
0.73540000	0.17320000
0.68810000	0.15980000
0.63790000	0.14850000
0.59660000	0.14550000
0.56410000	0.13420000
0.53160000	0.12430000
0.49910000	0.11800000
0.56700000	0.25510000
3.07130000	3.26220000
3.66200000	2.67620000
1.67450000	2.38830000
1.26100000	1.97070000
1.04250000	2.11770000
0.89480000	1.79310000
0.79150000	1.48220000
0.78850000	3.63900000
5.93600000	13.49170000
10.95640000	14.77450000
5.69970000	7.85440000
2.48660000	3.65050000
1.60660000	2.54100000
1.26400000	2.04880000
1.02770000	1.69370000
0.88010000	1.39850000
0.80620000	1.18750000
0.75010000	0.96620000
0.67920000	0.80510000
0.60840000	0.67620000
0.54930000	0.57160000
0.51390000	0.52070000
0.51390000	0.48130000
0.51680000	0.36710000
0.48430000	0.31470000
0.43710000	0.27630000
0.54340000	0.31740000
0.66150000	0.23540000
0.55520000	0.19970000
0.45180000	0.18080000
0.50500000	0.16610000
0.43710000	0.15380000
0.48730000	0.18270000
0.83580000	0.13980000
1.54450000	0.13370000
0.95680000	0.13640000
0.84460000	0.17220000
1.62130000	0.15240000
1.33490000	0.13060000
1.15770000	0.11200000
0.86230000	0.10690000
0.65560000	0.09750000
0.55520000	0.09510000
0.50500000	0.09040000
0.43710000	0.09070000
0.39280000	0.11860000
1.29060000	0.17270000
1.59770000	0.09040000
0.80920000	0.21560000
0.57880000	0.20230000
0.46660000	0.17860000
0.46070000	0.19280000
0.50200000	0.16700000
0.63790000	0.13810000
0.76190000	0.14730000
0.74720000	0.11190000
0.49910000	0.10000000
0.39280000	0.09160000
0.33080000	0.08580000
0.28350000	0.08090000
0.25100000	0.07670000
0.23040000	0.08370000
0.27170000	0.13710000
0.33080000	0.07490000
0.37510000	0.08490000
0.27760000	0.06450000
0.25100000	0.06060000
0.25100000	0.05860000
0.20380000	0.05690000
0.17720000	0.05540000
0.15950000	0.05390000
0.14470000	0.05250000
0.13290000	0.05120000
0.12700000	0.05000000
0.11520000	0.04880000
0.10630000	0.06600000
0.10930000	0.07690000
0.09750000	0.09470000
0.09750000	0.12300000
0.52570000	0.26730000
0.53750000	1.02350000
0.37510000	1.29820000
0.25990000	1.34700000
0.19790000	1.13700000
0.17420000	0.95420000
0.18610000	0.79970000
0.20970000	0.65280000
0.18010000	0.54530000
0.14470000	0.46530000
0.12110000	0.39000000
0.11220000	0.33250000
0.10040000	0.28610000
0.09450000	0.31940000
0.14470000	0.32660000
0.20380000	0.54150000
0.14180000	0.82320000
0.10040000	0.72290000
0.10040000	0.60650000
0.25400000	0.55490000
0.21560000	0.43530000
0.19490000	0.36660000
0.15060000	0.31390000
0.11810000	0.27120000
0.17130000	0.26480000
0.32780000	0.22310000
0.22440000	0.18570000
0.13290000	0.16490000
0.10040000	0.14880000
0.08560000	0.13560000
0.07680000	0.12450000
0.06790000	0.11530000
0.06500000	0.12270000
0.06200000	0.10250000
0.06200000	0.11890000
1.00410000	1.10000000
2.31830000	1.49470000
0.93030000	1.48640000
0.68510000	1.23640000
0.46660000	1.27070000
0.63490000	1.12990000
0.39280000	1.28630000
0.27460000	1.34330000
0.21850000	1.14190000
0.18310000	0.95260000
0.15650000	0.79720000
0.13580000	0.67090000
0.12110000	0.56820000
0.11520000	0.50060000
0.10340000	0.41810000
0.09450000	0.36080000
0.08860000	0.31510000
0.08270000	0.28510000
0.07970000	0.24790000
0.07380000	0.22190000
0.06790000	0.20090000
0.06200000	0.18350000
0.06200000	0.16900000
0.05910000	0.15690000
0.05610000	0.14660000
0.05610000	0.18130000
0.05610000	0.16450000
0.05610000	0.12740000
0.06500000	0.11870000
0.06500000	0.11350000
0.06500000	0.10920000
0.07090000	0.11230000
0.06790000	0.10260000
0.05910000	0.09870000
0.05610000	0.09580000
0.05320000	0.09310000
0.05020000	0.09060000
0.04730000	0.08820000
0.04430000	0.08600000
0.04430000	0.11390000
0.04430000	0.10760000
0.04730000	0.12370000
0.06200000	0.16100000
0.06200000	0.08490000
0.08860000	0.30620000
0.07970000	0.28560000
0.06790000	0.24680000
0.05610000	0.21340000
0.05020000	0.18600000
0.04730000	0.16360000
0.04430000	0.14530000
0.04130000	0.13010000
0.04430000	0.11760000
0.04130000	0.10720000
0.03840000	0.09860000
0.03840000	0.09130000
0.04130000	0.08520000
0.03840000	0.09280000
0.03840000	0.07690000
0.03540000	0.07190000
0.03540000	0.06850000
0.03540000	0.06560000
0.03540000	0.06300000
0.03840000	0.06080000
0.04430000	0.08060000
0.04730000	0.05920000
0.06790000	0.05530000
0.08860000	0.05360000
0.10040000	0.05220000
2.14110000	0.62550000
2.65200000	2.00810000
1.96390000	2.70500000
1.98460000	1.62020000
0.87420000	1.58120000
0.51980000	1.33490000
0.37800000	1.11020000
0.29830000	0.92550000
0.24810000	0.77550000
0.21560000	0.67130000
0.19790000	0.59330000
0.18900000	0.47770000
0.19490000	0.67920000
0.18900000	0.60100000
0.17130000	0.51240000
0.15650000	0.43830000
0.14470000	0.37780000
0.13880000	0.32840000
0.12990000	0.28800000
0.12110000	0.25480000
0.12110000	0.24610000
0.12110000	0.23590000
0.83580000	2.41000000
2.69630000	3.07460000
1.32300000	2.14200000
0.75900000	2.06990000
0.53750000	1.73640000
0.42530000	1.43520000
0.36030000	1.18840000
0.32490000	1.03850000
0.93030000	1.57580000
0.95980000	2.33270000
1.25810000	4.17340000
2.47180000	3.12480000
1.32300000	2.54560000
0.89480000	2.10150000
3.60290000	12.74510000
21.91290000	24.15670000
21.73570000	19.86370000
6.76290000	10.29180000
2.68450000	5.33010000
1.46780000	3.03010000
1.13990000	2.28180000
0.93320000	1.85540000
0.78850000	1.52980000
0.67630000	1.26480000
0.59950000	1.04970000
0.54930000	0.89990000
0.70290000	2.19260000
1.32600000	3.31810000
0.94800000	2.18500000
0.75010000	1.79240000
0.69400000	1.50330000
0.78850000	1.24820000
1.00700000	1.35120000
0.86230000	1.54960000
0.74720000	1.32430000
0.67040000	1.10670000
0.62310000	0.93010000
0.56410000	0.76770000
0.50500000	0.81630000
0.48730000	1.00010000
0.49610000	0.92870000
0.46660000	1.33380000
0.43120000	1.16280000
0.41350000	0.97010000
0.42820000	0.82350000
0.50800000	0.68840000
6.11320000	15.13250000
26.10650000	22.36700000
17.51260000	12.62640000
5.46350000	6.34320000
2.79370000	3.41030000
2.15290000	3.85790000
2.03180000	4.32790000
1.76010000	2.71440000
1.44120000	2.11540000
1.26990000	1.73530000
1.17240000	1.43380000
1.05130000	1.18710000
0.91850000	0.98680000
0.84170000	0.82410000
0.81800000	0.69200000
0.83580000	0.58460000
1.02480000	0.49720000
1.54160000	0.46300000
1.99050000	2.51680000
1.84870000	3.03580000
1.61840000	2.10990000
1.38210000	1.86860000
1.21380000	1.56500000
1.07500000	1.30450000
1.01300000	1.55960000
1.75420000	4.47290000
2.41870000	4.25950000
1.85460000	2.59940000
1.58880000	2.04060000
1.34670000	1.67550000
1.18130000	1.40590000
1.09270000	1.56340000
1.91960000	4.76070000
1.95500000	5.11270000
1.64200000	3.03870000
2.63430000	3.08080000
2.80850000	3.81000000
2.17650000	2.46470000
1.82210000	1.95960000
1.49430000	1.61580000
1.34370000	1.33730000
1.19900000	1.10890000
1.06320000	0.92320000
0.95680000	0.77930000
0.88300000	0.65020000
0.81800000	0.54980000
0.74720000	0.46870000
0.69700000	0.40260000
0.66450000	0.34860000
0.62900000	0.30450000
0.59060000	0.26830000
0.56410000	0.23860000
0.55230000	0.21570000
0.51390000	0.19400000
0.47550000	0.20430000
0.64380000	0.23930000
1.37920000	0.15910000
0.98050000	0.39870000
0.89780000	0.41540000
2.75830000	1.56120000
1.99930000	1.12890000
1.47370000	1.33230000
1.24040000	1.14330000
2.13520000	5.13810000
10.83830000	15.41980000
17.77840000	16.21410000
11.01550000	8.72900000
16.12460000	18.59230000
33.07610000	25.49180000
22.29680000	16.22970000
10.01140000	8.23760000
5.05000000	3.91070000
3.04180000	2.73550000
3.24850000	4.13110000
3.89830000	5.29380000
2.88820000	3.15960000
2.33300000	2.35740000
1.97280000	1.90460000
1.69510000	1.57090000
1.49140000	1.29830000
1.35550000	1.07690000
1.24040000	0.90690000
1.42640000	0.78650000
1.58880000	0.63630000
3.39620000	1.71360000
13.37810000	9.25900000
22.56260000	14.12480000
14.58890000	11.64430000
9.18450000	8.79660000
6.91050000	6.79560000
4.25260000	3.81490000
3.07130000	2.71480000
2.36850000	2.13520000
2.72880000	2.38480000
12.25590000	15.34190000
19.46170000	19.80420000
11.01550000	10.72630000
4.96140000	5.35620000
2.87050000	2.91990000
2.19420000	2.20080000
1.87530000	1.80840000
3.83920000	1.58790000
3.54390000	1.24570000
2.31240000	1.08770000
3.39620000	3.87210000
14.94330000	21.24130000
27.31730000	26.09910000
14.26410000	14.00890000
6.14270000	6.68510000
4.01640000	5.20850000
6.40850000	9.70240000
5.22720000	10.21120000
3.45530000	5.58250000
2.52800000	3.05000000
2.00520000	2.26100000
1.67150000	1.87640000
2.85280000	9.55120000
10.74970000	23.67230000
23.03510000	22.49820000
14.05730000	11.76450000
5.96550000	5.74190000
2.49840000	3.04710000
1.92250000	2.31110000
2.61660000	3.26120000
2.02300000	3.77320000
1.55930000	2.36830000
1.33190000	1.90160000
1.14290000	1.57440000
0.98640000	1.30210000
0.85050000	1.08000000
0.73830000	0.89970000
0.64680000	0.75330000
0.58470000	0.64470000
0.55520000	0.58920000
0.53750000	0.47980000
0.51980000	0.42020000
0.49610000	0.34970000
0.47250000	0.29970000
0.43120000	0.26380000
0.38980000	0.23480000
0.34850000	0.21100000
0.32190000	0.19120000
0.30710000	0.18460000
0.28940000	0.16220000
0.27170000	0.14970000
0.25990000	0.22200000
0.24510000	0.17910000
0.23630000	0.12930000
0.22440000	0.11880000
0.20670000	0.11320000
0.18900000	0.10860000
0.17420000	0.10450000
0.16240000	0.10080000
0.15060000	0.09750000
0.14180000	0.09440000
0.13290000	0.09170000
0.12400000	0.08910000
0.11520000	0.08670000
0.10930000	0.08450000
0.10340000	0.08240000
0.10040000	0.08040000
0.09450000	0.07850000
0.08860000	0.07660000
0.08560000	0.07490000
0.07970000	0.07320000
0.07680000	0.12890000
0.07380000	0.20830000
0.08560000	0.26390000
0.09150000	1.33040000
0.09150000	1.71450000
0.09150000	1.50980000
0.15060000	1.55290000
0.36030000	2.47030000
0.78260000	3.02540000
0.38100000	2.13020000
0.54930000	2.11810000
0.69700000	1.76260000
0.36920000	1.52380000
0.36620000	2.12920000
0.86530000	3.01700000
0.69110000	2.33970000
0.41050000	2.24680000
0.27460000	1.88030000
0.20970000	1.55160000
0.16830000	1.28300000
0.14770000	1.07970000
0.12990000	0.89700000
0.11810000	0.75500000
0.13880000	0.67600000
0.17720000	0.55310000
0.19490000	0.45600000
0.16240000	0.42610000
0.12990000	0.38890000
0.18900000	0.31790000
0.27760000	0.29470000
0.35140000	0.83530000
1.86640000	1.83060000
0.94800000	2.06780000
0.46660000	1.98020000
0.29530000	1.65640000
0.21260000	1.36860000
0.16830000	1.15340000
1.25810000	0.94490000
0.70880000	0.78810000
0.36320000	0.66220000
0.23920000	0.57300000
0.18900000	0.47850000
0.15650000	0.40900000
0.12110000	0.35350000
0.10340000	0.30820000
0.09750000	0.27110000
0.09450000	0.27520000
0.08560000	0.21920000
0.08270000	0.19500000
0.07970000	0.17760000
0.18610000	0.21730000
0.15950000	0.19370000
0.23040000	0.17050000
0.19490000	0.14670000
0.13880000	0.15690000
0.27170000	0.16420000
0.16240000	0.11810000
0.11810000	0.11640000
0.09750000	0.10520000
0.08560000	0.10070000
0.09150000	0.10210000
0.07970000	0.09470000
0.07090000	0.09140000
0.06500000	0.08880000
0.06200000	0.08640000
0.05910000	0.08410000
0.05910000	0.08200000
0.05910000	0.08000000
0.05910000	0.07930000
0.05320000	0.07640000
0.05020000	0.07450000
0.04730000	0.07280000
0.04730000	0.07120000
0.04430000	0.06960000
0.04130000	0.06810000
0.04130000	0.06660000
0.03840000	0.06510000
0.03540000	0.06370000
0.03540000	0.06240000
0.03540000	0.06100000
0.03540000	0.05970000
0.03540000	0.08420000
1.46180000	3.91910000
7.05820000	12.25320000
6.67430000	14.40260000
2.41570000	10.20450000
1.01300000	5.33370000
0.63200000	2.96130000
0.43410000	2.21490000
0.32490000	1.80870000
0.25100000	1.49430000
0.20080000	1.23630000
0.18010000	1.05620000
0.16240000	0.85940000
0.14180000	0.71820000
0.12700000	0.60560000
0.11810000	0.52150000
0.11520000	0.49050000
0.12400000	0.43650000
0.12990000	0.35960000
0.14470000	0.61740000
0.15060000	1.04370000
0.15060000	1.30620000
0.12990000	1.12560000
0.11520000	0.98940000
0.10340000	0.78840000
0.09750000	0.74780000
0.09150000	0.63750000
0.08560000	0.53930000
0.07970000	0.45880000
0.07380000	0.39310000
0.06790000	0.33950000
0.06500000	0.29570000
0.06200000	0.25990000
0.06200000	0.23040000
0.05910000	0.20620000
0.05610000	0.18610000
0.05320000	0.16950000
0.05320000	0.20360000
0.05610000	0.16710000
0.05910000	0.19250000
0.09450000	0.20540000
0.15060000	0.66160000
0.22740000	1.10250000
0.17720000	0.96940000
0.13290000	0.82830000
0.10930000	0.71040000
0.09150000	0.57700000
0.07970000	0.60130000
0.07380000	0.53290000
0.07090000	0.45350000
0.07090000	0.38680000
0.06790000	0.33210000
0.06500000	0.28750000
0.06500000	0.25930000
0.06790000	0.28940000
0.06790000	1.05200000
0.30710000	1.26490000
0.31890000	1.46410000
0.20080000	1.25060000
0.15060000	1.03830000
0.12990000	0.89290000
0.12400000	0.77200000
0.15650000	1.11520000
0.28350000	1.47800000
0.22440000	1.27710000
0.17420000	1.06170000
0.14470000	0.88810000
0.12990000	0.74540000
0.11810000	0.62130000
0.10930000	0.52490000
0.10630000	0.44700000
0.10630000	0.39040000
0.12110000	0.37010000
0.21850000	2.62980000
1.39980000	3.84440000
1.19310000	2.57140000
0.60540000	2.41060000
0.40460000	2.02260000
0.31300000	1.91280000
0.36620000	4.95370000
2.42460000	9.93780000
1.78670000	9.41770000
1.05430000	5.13230000
0.71760000	2.93240000
1.88420000	8.42420000
10.89740000	25.65410000
20.84970000	28.23340000
15.79970000	16.74320000
6.43800000	8.82410000
2.74940000	4.18250000
1.78970000	2.86380000
1.45300000	2.23780000
1.27280000	2.31740000
4.96140000	9.48430000
10.27720000	16.25080000
11.25180000	14.55640000
7.32400000	8.85650000
3.36670000	4.26580000
2.20010000	2.91170000
1.77190000	2.26730000
1.49730000	1.84910000
1.29650000	1.52410000
1.14880000	1.26020000
2.68450000	3.79220000
7.64880000	5.94780000
4.51840000	3.42720000
2.63720000	2.60000000
2.04950000	2.09170000
1.77780000	2.30780000
2.26810000	6.89540000
7.85560000	11.17690000
7.79650000	9.46990000
3.51430000	5.29090000
2.46590000	6.03370000
6.31990000	13.35930000
10.45440000	13.76910000
6.76290000	7.44720000
3.42570000	3.84800000
2.48370000	2.70320000
1.99930000	2.14470000
1.70110000	1.75320000
1.47370000	1.44630000
1.29060000	1.19700000
1.16360000	0.99470000
1.05430000	0.83040000
0.99230000	0.73710000
1.32890000	3.22170000
1.96090000	5.34260000
2.02000000	5.08790000
6.02460000	12.42520000
16.86290000	16.88880000
20.02280000	11.16100000
8.77110000	5.96690000
4.07540000	3.27380000
2.52800000	2.41270000
2.36550000	2.78750000
8.18040000	5.26700000
16.44940000	4.65240000
8.68250000	2.82970000
4.45940000	5.83210000
6.37900000	8.27140000
16.59710000	20.80370000
35.14330000	24.65340000
20.90880000	13.25890000
9.50940000	10.93860000
10.33630000	17.11230000
9.53890000	15.99000000
5.05000000	8.53290000
3.33710000	4.06720000
2.60770000	2.79740000
2.42750000	2.75930000
3.48480000	6.46980000
3.30760000	7.05180000
2.95320000	4.80010000
5.10910000	6.62290000
4.28220000	6.05760000
3.18950000	3.45980000
2.55160000	2.52200000
2.11160000	2.01690000
1.82800000	1.65750000
1.64490000	1.36920000
1.42350000	1.13450000
1.26100000	0.94390000
1.19610000	0.81000000
1.14880000	0.67520000
1.11930000	0.60420000
1.07200000	0.48260000
1.05130000	0.92460000
1.36440000	2.84680000
3.75060000	4.71120000
2.39800000	2.93300000
1.89600000	2.48850000
2.04950000	2.15130000
1.85760000	2.05900000
1.53270000	2.03040000
1.32010000	1.70690000
1.19900000	1.41290000
1.09860000	1.17000000
1.06020000	0.98870000
1.04250000	0.82120000
0.99230000	0.73250000
3.30760000	1.76910000
2.64020000	1.13870000
1.60950000	1.54370000
1.28470000	1.33860000
1.08090000	1.11350000
1.00110000	0.98370000
6.43800000	6.85500000
10.57250000	8.79540000
5.84740000	4.91100000
3.01230000	2.83610000
2.42160000	2.14800000
2.05540000	1.75000000
1.78970000	1.44510000
2.15290000	1.24700000
2.90300000	1.03840000
2.16470000	0.83540000
1.83390000	1.15880000
1.64490000	1.01140000
1.49730000	0.84690000
1.36440000	0.72250000
1.39390000	0.65340000
1.76600000	0.55000000
1.68330000	1.06850000
1.62430000	1.04240000
1.40280000	1.08360000
1.24330000	0.92310000
1.11930000	0.77240000
1.02770000	0.64850000
0.94800000	0.56190000
0.86530000	0.47890000
0.80030000	0.40040000
0.72650000	0.34470000
0.65560000	0.32150000
0.62020000	0.30390000
0.66450000	0.29550000
0.58770000	0.21530000
0.53450000	0.37860000
0.46960000	0.34570000
0.42820000	0.30070000
0.39570000	0.26250000
0.36320000	0.23120000
0.33670000	0.20540000
0.31890000	0.18420000
0.30120000	0.16670000
0.29240000	0.16860000
0.28650000	0.17170000
0.28650000	0.15130000
0.29240000	0.12330000
0.28350000	0.11410000
0.26280000	0.11030000
0.24220000	0.10260000
0.22440000	0.09770000
0.20970000	0.09360000
0.19790000	0.09000000
0.18900000	0.08680000
0.18610000	0.08900000
0.19200000	0.08250000
0.21560000	0.07890000
0.20380000	0.07660000
0.17720000	0.07450000
0.16240000	0.07260000
0.15060000	0.08410000
0.14470000	0.08220000
0.13880000	0.06900000
0.15360000	0.10890000
0.77370000	0.08750000
0.53160000	0.06510000
0.28650000	0.06780000
0.21260000	0.06130000
0.17420000	0.05890000
0.15060000	0.05750000
0.15360000	0.13130000
0.16240000	0.11980000
0.24810000	0.08150000
0.26280000	0.05530000
0.21560000	0.12000000
0.17420000	0.11340000
0.15060000	0.10430000
0.13290000	0.09200000
0.12990000	0.11970000
0.16830000	0.12920000
0.14180000	0.07480000
0.13290000	0.06470000
0.13580000	0.06010000
0.12110000	0.05650000
0.10930000	0.05340000
0.10040000	0.05080000
0.09150000	0.04850000
0.08860000	0.04650000
0.08560000	0.04470000
0.08270000	0.05960000
0.08270000	0.04800000
0.07970000	0.06130000
0.25100000	0.12070000
0.73240000	0.09410000
0.41050000	0.04260000
0.32490000	0.03650000
0.21850000	0.03520000
0.15950000	0.03430000
0.14180000	0.09290000
3.13040000	0.93950000
3.86870000	2.07000000
1.57700000	1.48680000
0.91550000	1.46070000
0.59950000	1.23450000
0.42530000	1.02830000
0.32190000	0.85910000
0.25400000	0.72170000
0.21560000	0.60990000
0.18010000	0.51890000
0.15650000	0.44480000
0.13880000	0.38430000
0.12700000	0.33490000
0.11520000	0.29430000
0.10630000	0.26110000
0.09750000	0.23370000
0.09150000	0.21100000
0.08560000	0.19230000
0.07970000	0.17660000
0.07680000	0.16350000
0.07380000	0.15250000
0.06790000	0.14320000
0.06500000	0.13520000
0.06200000	0.12830000
0.06200000	0.20750000
0.06790000	0.18190000
0.06200000	0.11910000
0.07090000	0.10890000
0.06790000	0.10530000
0.06200000	0.18060000
0.08860000	0.32370000
0.11520000	2.04460000
0.28060000	2.30420000
0.59950000	1.56310000
0.37510000	1.51910000
0.24510000	1.32720000
0.21560000	1.39890000
0.22150000	2.44820000
0.49020000	2.23980000
0.73240000	5.06210000
0.90370000	4.78600000
3.72110000	3.13420000
1.33190000	2.52620000
0.71470000	2.21460000
0.45770000	1.83520000
0.31600000	1.51340000
0.23920000	1.25130000
0.18900000	1.06930000
0.15650000	0.86950000
0.13580000	0.72640000
0.12400000	0.67250000
0.11810000	0.52600000
0.10630000	0.44940000
0.10040000	0.38320000
0.09150000	0.34590000
0.08860000	0.31600000
0.08270000	0.28130000
0.08270000	0.23230000
0.07970000	0.20690000
0.07970000	0.26060000
0.77080000	0.99530000
1.72470000	2.49660000
0.72650000	2.23440000
0.44890000	2.25490000
0.47250000	1.92980000
0.95090000	2.06510000
0.52570000	2.24390000
0.33960000	1.94420000
0.26280000	1.59220000
0.23330000	1.30640000
0.23040000	1.08120000
0.20080000	0.89620000
0.15950000	0.75010000
0.13290000	0.63180000
0.11520000	0.53560000
0.10340000	0.45720000
0.09450000	0.39330000
0.08560000	0.34120000
0.07970000	0.29850000
0.07380000	0.26350000
0.07090000	0.23470000
0.06790000	0.21800000
0.06500000	0.19420000
0.06790000	0.25400000
0.09150000	0.67730000
0.09750000	2.44900000
0.13290000	2.67900000
0.13880000	2.22960000
0.11810000	2.17580000
0.13880000	1.87450000
0.12990000	1.54910000
0.10340000	1.27370000
0.09150000	1.05650000
0.08270000	0.88080000
0.07380000	0.73830000
0.06790000	0.62240000
0.06500000	0.52810000
0.06200000	0.45130000
0.18900000	1.24110000
7.73740000	14.24040000
11.13360000	17.44920000
5.90640000	9.75970000
1.40570000	5.10460000
0.89190000	2.89780000
0.64680000	2.18500000
0.49610000	1.78640000
0.38980000	1.47590000
0.32490000	1.22130000
0.28060000	1.01440000
0.24220000	0.84640000
0.21850000	0.73880000
0.20080000	0.63060000
0.60840000	3.48090000
2.46000000	7.30390000
1.60060000	5.86250000
1.02770000	3.32700000
0.72350000	2.49650000
0.57590000	2.04940000
0.47250000	1.69640000
0.42230000	1.40780000
0.39280000	1.16380000
0.37510000	1.34500000
0.34850000	1.36890000
0.33370000	1.51950000
0.43710000	2.16630000
0.64080000	2.59970000
2.17650000	5.40380000
3.60290000	5.12060000
1.49140000	3.01490000
1.29060000	4.26120000
2.26220000	5.32570000
1.45300000	3.17660000
1.03070000	2.37290000
0.77370000	1.91460000
0.62610000	1.57750000
0.52860000	1.30350000
0.45770000	1.08110000
0.40750000	0.90060000
0.36320000	0.75410000
0.33370000	0.63490000
0.30710000	0.53810000
0.28350000	0.45920000
0.26280000	0.39480000
0.24510000	0.34230000
0.22740000	0.29930000
0.21560000	0.26410000
0.21560000	0.26170000
0.20970000	0.21460000
0.21560000	0.23510000
0.22150000	0.19220000
0.23330000	0.16300000
0.23040000	0.14990000
0.22440000	0.14010000
0.20970000	0.13190000
0.24510000	0.19460000
1.76310000	3.67110000
1.49140000	3.70200000
0.92730000	2.42860000
0.68220000	1.99190000
0.55820000	1.64740000
0.46660000	1.36080000
0.40750000	1.12720000
0.36920000	0.93760000
0.33960000	0.78370000
0.31890000	0.65870000
0.29830000	0.55700000
0.27460000	0.47430000
0.25690000	0.40680000
0.24220000	0.35960000
0.23630000	0.33780000
0.23920000	0.27310000
0.24220000	0.23980000
0.23330000	0.21460000
0.22150000	0.19400000
0.21260000	0.17690000
0.20670000	0.16260000
0.20080000	0.16070000
0.20080000	0.16050000
0.19790000	0.13890000
0.19200000	0.12540000
0.18900000	0.11860000
0.18310000	0.11310000
0.29830000	1.89830000
3.07130000	2.43180000
1.80440000	1.76040000
1.16360000	1.59580000
0.86530000	1.33220000
0.70880000	1.11190000
1.73350000	5.58820000
6.88100000	10.84320000
4.66610000	9.43960000
2.47180000	5.78780000
2.66970000	6.32950000
6.05410000	9.57390000
3.60290000	7.97040000
2.27690000	4.92400000
2.32710000	6.84900000
3.83920000	10.69150000
7.14680000	16.04100000
9.95240000	15.71430000
5.43390000	8.77230000
3.24850000	6.09110000
2.78490000	5.28750000
2.25920000	3.77110000
3.36670000	8.63940000
7.85560000	15.16590000
6.40850000	12.90470000
3.45530000	6.77300000
2.48370000	3.56950000
2.06130000	2.57510000
1.76010000	2.09120000
1.51800000	1.73610000
1.36440000	1.45430000
1.31420000	1.74360000
1.42050000	2.15370000
1.50320000	2.38730000
2.00520000	5.07300000
9.15500000	14.09910000
23.21230000	27.29020000
36.02930000	31.43550000
32.19010000	23.60590000
17.77840000	14.61090000
8.80060000	8.44180000
4.81370000	4.09470000
3.24850000	2.82320000
2.51610000	2.21170000
2.09680000	1.80640000
1.84870000	1.48970000
1.63900000	1.24870000
1.55930000	1.04660000
1.45300000	0.85630000
1.33190000	0.94550000
1.24630000	0.81410000
4.57750000	5.59230000
16.41990000	16.07820000
22.20820000	16.11310000
9.47980000	8.64750000
4.34120000	4.73790000
2.72290000	2.94430000
2.23850000	2.27180000
1.93440000	1.85210000
1.69220000	1.53250000
1.57410000	1.28830000
1.45000000	1.05270000
1.51500000	1.81120000
2.85870000	6.17390000
2.56930000	6.59610000
2.35670000	4.67360000
2.26810000	3.42200000
1.97870000	2.69200000
1.77490000	2.15150000
1.59470000	1.76230000
1.44710000	1.45420000
1.64200000	1.25930000
2.07610000	1.00600000
1.84580000	1.51970000
5.07950000	5.32940000
5.52250000	6.53410000
3.78010000	3.72710000
2.87940000	2.74900000
3.13040000	2.21290000
3.69150000	3.20660000
2.90300000	2.39320000
2.40390000	2.10580000
2.09090000	1.76250000
1.87230000	1.45050000
1.68630000	1.20340000
1.88120000	1.45660000
7.32400000	2.62020000
5.25670000	1.98260000
3.01230000	1.94200000
2.40390000	1.63560000
2.07910000	1.35480000
2.87940000	2.76780000
7.23540000	5.90730000
4.54800000	4.94470000
3.01230000	2.90800000
2.43940000	2.20980000
2.14400000	1.79980000
1.88420000	1.48610000
1.71880000	1.27220000
6.79240000	1.53330000
6.14270000	2.52900000
3.07130000	1.71370000
2.38030000	1.43350000
2.22080000	2.54980000
7.23540000	10.40170000
12.40350000	13.25200000
8.83010000	8.70680000
4.13450000	5.29210000
2.85580000	3.04950000
2.36260000	2.28200000
2.07320000	1.89840000
3.18950000	3.41130000
4.75470000	5.08410000
3.69150000	2.94970000
2.79080000	2.30180000
2.61950000	3.52480000
3.24850000	6.56580000
2.81150000	5.64260000
2.36850000	3.22340000
2.08790000	2.36010000
1.86640000	1.90650000
1.66560000	1.57390000
1.84580000	1.35280000
5.72920000	3.10290000
5.40440000	3.54870000
3.18950000	2.28530000
2.51910000	1.87620000
2.09380000	1.55200000
1.80740000	1.28360000
1.62720000	1.06490000
5.16810000	3.83580000
9.92280000	4.80780000
6.14270000	2.61020000
3.10090000	2.11610000
2.37440000	1.75130000
2.00230000	1.45940000
1.81030000	1.21190000
1.56820000	0.99600000
1.40570000	0.90870000
2.53390000	6.30210000
8.71200000	11.59060000
9.09590000	9.12630000
3.60290000	4.34360000
2.28280000	2.89460000
1.87820000	2.26840000
4.72520000	7.62760000
10.86790000	14.65260000
20.46580000	19.72940000
24.09830000	18.48840000
17.09910000	10.78850000
8.09180000	5.48250000
3.92780000	3.00900000
2.58410000	2.26230000
2.18540000	1.82570000
1.79260000	1.50510000
1.52390000	1.24480000
1.34080000	1.03340000
1.17830000	0.86190000
1.06020000	0.74770000
1.05730000	0.65230000
0.97160000	0.52440000
0.84760000	0.44580000
0.75900000	0.38120000
0.69700000	0.34410000
0.64680000	0.29130000
0.59660000	0.25650000
0.53160000	0.22870000
0.47550000	0.20590000
0.43410000	0.18710000
0.39870000	0.17130000
0.36620000	0.15820000
0.33670000	0.14720000
0.31890000	0.13790000
0.30710000	0.14820000
0.46070000	0.21130000
0.46370000	0.14670000
0.37510000	0.11490000
0.35440000	0.14390000
0.41350000	0.17480000
0.36030000	0.12220000
0.32190000	0.36240000
0.29830000	0.35070000
0.50500000	1.47680000
0.52270000	1.88420000
0.44000000	2.01050000
0.36320000	1.71100000
0.31300000	1.40820000
0.29240000	1.16240000
0.26280000	0.96570000
0.40750000	0.93060000
1.90780000	3.22470000
2.61360000	2.63790000
1.22260000	2.22070000
1.85760000	1.97620000
1.14290000	1.64280000
0.76190000	1.35770000
0.58470000	1.12550000
0.47550000	0.93700000
0.39280000	0.78400000
0.56110000	0.68020000
0.42820000	0.56760000
0.34850000	0.47710000
0.29830000	0.40910000
0.26870000	0.36890000
0.23920000	0.33960000
0.22740000	0.34390000
0.26280000	0.75990000
0.31600000	2.71470000
3.75060000	7.63210000
8.38710000	9.89240000
4.48890000	8.49290000
2.19720000	5.50700000
1.56230000	3.11420000
8.00320000	7.37840000
10.60210000	9.35710000
4.93190000	5.13660000
1.77780000	2.89270000
1.36440000	2.20880000
1.08090000	1.80530000
0.84760000	1.49050000
0.69400000	1.23870000
0.58770000	1.02350000
0.48730000	0.85330000
0.42230000	0.73650000
0.37510000	0.65450000
0.43710000	0.54350000
0.62020000	0.46150000
0.47550000	0.38010000
0.36620000	0.32850000
0.29240000	0.28790000
0.24510000	0.25470000
0.21260000	0.22730000
0.18900000	0.23430000
0.56410000	0.32790000
1.00700000	0.99910000
0.87120000	1.22970000
0.50500000	1.17070000
0.35140000	0.97780000
0.28650000	0.81460000
0.25100000	0.69670000
0.25990000	0.66450000
0.94800000	0.92460000
1.68040000	1.60640000
1.67150000	1.81720000
1.40280000	1.85290000
1.13110000	1.56540000
1.15770000	1.34100000
0.90660000	1.40220000
0.73540000	1.48250000
0.55820000	1.25840000
0.44300000	1.04600000
0.37800000	0.87970000
0.38100000	0.74670000
2.81150000	0.65530000
2.86460000	0.60420000
4.42980000	1.58520000
2.35080000	2.14130000
1.55930000	2.25240000
1.17830000	2.16450000
0.90370000	1.81000000
0.71170000	1.49360000
0.59660000	1.23520000
0.49610000	1.02560000
0.41640000	0.85550000
0.35730000	0.71740000
0.31890000	0.60500000
0.29830000	0.60290000
0.28940000	0.44850000
0.29830000	0.37910000
0.24810000	0.32880000
0.21560000	0.28820000
0.19200000	0.25490000
0.17420000	0.22750000
0.16240000	0.20480000
0.15360000	0.18610000
0.19200000	0.17050000
0.23330000	0.16450000
0.17720000	0.18150000
0.20080000	0.14090000
0.19200000	0.12960000
0.15650000	0.12260000
0.13580000	0.11680000
0.12400000	0.11170000
0.11220000	0.10720000
0.10630000	0.10320000
0.75310000	0.73370000
2.05250000	2.35930000
0.98640000	1.83280000
0.57000000	1.82790000
0.36920000	1.54000000
0.29530000	1.26060000
0.26280000	1.25720000
0.23040000	1.06610000
0.19790000	0.89050000
0.17420000	0.74640000
0.15950000	0.62910000
0.14770000	0.53380000
0.13580000	0.45610000
0.12700000	0.39280000
0.12110000	0.34100000
0.11220000	0.31020000
0.10630000	0.27090000
0.10340000	0.23610000
0.10630000	0.21190000
0.09750000	0.19230000
0.09150000	0.17610000
0.09150000	0.16250000
0.08560000	0.15110000
0.08270000	0.14150000
0.07970000	0.13330000
0.07970000	0.14720000
0.08560000	0.16810000
0.08560000	0.12000000
0.08560000	0.11060000
0.08270000	0.10610000
0.08270000	0.10240000
0.07970000	0.09910000
0.07680000	0.09610000
0.07090000	0.09330000
0.06790000	0.09070000
0.06500000	0.08830000
0.06500000	0.08600000
0.06790000	0.09250000
0.06500000	0.08310000
0.06500000	0.08000000
0.06500000	0.09100000
0.06500000	0.11730000
0.06200000	0.07880000
0.05910000	0.07320000
0.06200000	0.07130000
0.05910000	0.06970000
0.05910000	0.09480000
0.06790000	0.12350000
0.07090000	0.07120000
0.07090000	0.06430000
0.07380000	0.06260000
0.07680000	0.06120000
0.07680000	0.05990000
0.07380000	0.05870000
0.07380000	0.05740000
0.07680000	0.06760000
0.07680000	0.07740000
0.07680000	0.09540000
0.07970000	0.70340000
0.10930000	1.23170000
0.21560000	1.41640000
0.15650000	1.20610000
0.12400000	1.01020000
0.10930000	0.84760000
0.09450000	0.69170000
0.08560000	0.82430000
0.55820000	6.35420000
4.87280000	4.45690000
1.76900000	2.54920000
0.85050000	2.16070000
0.57590000	1.78830000
0.43410000	1.47590000
0.35440000	1.23700000
0.31890000	1.03810000
0.28940000	0.85270000
0.26870000	1.76080000
0.30120000	5.94970000
2.43050000	7.60590000
2.80260000	11.34500000
7.58980000	17.96460000
10.21810000	20.98670000
7.02870000	16.28010000
2.95320000	8.51020000
1.90190000	4.05710000
1.81030000	5.69730000
2.74650000	8.10910000
2.10560000	5.91240000
1.67450000	3.34190000
1.39980000	2.45670000
1.15180000	1.98000000
0.98930000	1.62880000
0.88890000	1.84020000
5.99500000	13.51470000
12.07870000	18.57880000
10.27720000	11.02910000
3.92780000	5.67880000
2.22080000	3.14920000
1.78970000	2.34570000
1.57110000	1.90230000
4.34120000	4.57710000
5.37490000	6.97760000
3.15990000	4.83280000
2.27990000	2.87470000
2.05540000	2.91850000
2.56040000	3.61880000
2.13810000	2.36330000
1.84870000	2.36700000
2.15590000	2.02020000
2.27400000	2.01030000
1.79260000	1.69820000
1.60360000	1.40660000
1.49140000	1.17510000
5.78830000	7.17520000
14.02780000	10.23300000
12.87600000	7.13550000
8.35760000	8.70450000
6.85150000	8.39470000
3.98680000	5.55110000
2.87640000	3.18060000
2.27990000	2.36950000
1.93440000	1.91950000
1.68920000	1.58110000
1.51800000	1.30630000
1.32010000	1.08340000
1.13110000	0.90240000
0.96270000	0.75550000
0.85940000	0.63610000
0.84460000	0.53900000
0.80330000	0.45990000
0.72350000	0.39540000
0.64380000	0.34280000
0.58770000	0.29970000
0.55520000	0.26440000
0.54630000	0.23530000
0.55520000	0.28650000
8.35760000	9.47040000
14.88420000	14.90220000
11.19270000	13.91160000
8.47570000	10.92330000
4.37080000	5.84900000
2.84990000	3.22890000
2.31240000	2.38500000
1.96980000	1.92780000
1.71580000	1.58810000
1.65090000	1.69240000
2.22080000	3.56720000
2.82330000	4.19730000
3.80970000	3.90460000
3.69150000	2.87480000
2.65200000	2.36910000
2.24740000	1.93990000
2.01700000	1.61010000
1.87820000	1.31800000
7.56020000	7.25590000
15.65210000	10.19410000
12.10820000	5.70680000
5.22720000	3.16160000
2.78780000	2.34150000
2.21790000	1.88800000
1.89010000	1.55530000
1.66270000	1.28540000
1.48550000	1.07130000
1.32300000	0.88920000
1.56820000	0.81890000
2.23560000	0.63580000
1.78370000	1.04790000
1.56520000	0.92650000
1.43530000	0.78420000
1.30240000	0.65440000
1.16360000	0.55270000
1.05730000	0.47040000
0.99230000	0.40330000
0.96270000	0.35310000
0.88890000	0.30430000
0.77370000	0.26720000
0.72060000	0.23710000
1.19010000	0.33120000
2.75240000	1.81850000
1.96680000	1.32480000
1.58590000	1.50980000
1.39690000	1.41430000
1.23440000	1.18560000
1.12220000	0.98470000
1.04540000	0.87170000
0.95680000	0.69300000
0.89190000	0.66140000
0.82100000	0.56630000
0.75310000	0.48120000
0.74420000	0.44410000
0.82390000	0.46830000
1.76010000	1.20960000
1.55040000	1.11890000
1.25810000	1.05420000
1.11040000	0.88890000
1.01000000	0.74320000
0.95390000	0.65620000
0.92140000	0.53250000
0.83870000	0.44870000
7.35350000	6.37990000
16.33130000	9.28540000
13.14180000	5.47640000
5.90640000	3.05860000
3.07130000	2.29000000
2.34780000	1.87030000
2.01410000	1.54330000
1.85760000	1.32280000
2.15290000	1.33050000
2.49250000	1.20050000
2.03480000	1.42680000
1.76310000	1.22540000
1.60360000	1.02040000
1.45590000	0.85100000
1.30830000	0.71330000
1.19310000	0.62510000
1.09860000	0.51980000
0.96270000	0.43720000
0.85640000	0.38550000
0.77370000	0.32750000
0.70580000	0.29370000
0.67330000	0.36190000
1.99930000	4.44760000
6.31990000	8.59310000
11.72430000	7.09960000
12.96460000	3.56130000
4.37080000	2.61780000
1.95210000	2.12960000
1.51800000	1.75710000
1.22850000	1.44960000
0.98340000	1.19960000
0.79440000	0.99680000
0.67330000	0.83210000
0.60540000	0.69880000
0.54630000	0.58970000
0.48140000	0.50120000
0.42820000	0.42910000
0.38100000	0.43640000
0.36030000	0.36980000
0.36920000	0.30400000
0.33960000	0.28160000
0.36920000	0.29930000
0.73540000	0.71210000
0.58470000	1.14570000
0.42820000	1.00650000
0.34260000	0.84150000
0.29530000	0.70390000
0.25690000	0.59200000
0.23040000	0.50110000
0.20670000	0.42710000
0.19490000	0.36760000
0.21260000	0.31750000
0.18900000	0.29190000
0.17420000	0.31650000
0.17130000	0.24060000
0.21850000	0.19710000
0.17720000	0.17670000
0.15950000	0.16080000
0.14180000	0.16110000
0.16240000	0.20580000
0.19200000	0.20320000
0.27460000	0.83240000
1.01300000	1.96730000
1.04840000	2.48680000
2.93250000	3.73960000
5.34530000	4.89760000
4.69560000	3.73650000
2.63130000	2.66480000
1.69220000	2.46760000
1.25510000	2.05610000
0.93620000	1.69380000
0.73540000	1.39760000
0.61430000	1.15750000
0.50800000	0.96270000
0.43410000	0.80450000
0.55230000	0.67860000
0.37510000	0.57180000
0.32490000	0.50290000
0.38100000	0.45350000
0.35440000	0.40050000
0.30420000	0.32840000
0.26870000	0.29300000
0.38100000	0.30510000
0.51090000	0.26110000
1.19310000	0.25870000
1.01590000	0.63490000
0.78560000	1.00440000
0.52860000	0.88340000
0.37510000	0.74060000
0.28940000	0.62140000
0.23920000	0.52460000
0.20970000	0.44580000
0.18900000	0.39110000
0.21260000	0.40620000
0.67630000	0.33360000
0.37510000	0.25600000
0.23040000	0.22290000
0.19790000	0.19890000
0.26870000	0.18110000
0.34850000	0.17220000
0.26580000	0.15160000
0.19490000	0.13850000
0.17720000	0.18200000
1.99930000	0.22080000
1.58290000	0.13900000
1.60360000	1.52540000
2.33010000	2.35400000
2.00820000	1.96580000
2.37440000	1.88420000
1.52090000	1.78570000
1.02180000	1.49610000
0.72940000	1.23930000
0.56700000	1.06260000
0.43710000	0.86260000
0.45180000	0.72100000
0.34260000	0.60830000
0.28060000	0.51680000
0.24510000	0.47860000
0.22740000	0.38580000
0.25990000	0.33200000
0.22150000	0.29100000
0.18610000	0.25760000
0.16830000	0.23010000
0.18900000	0.28440000
0.56110000	0.24680000
0.54340000	0.20340000
0.51090000	0.19120000
0.69400000	0.16970000
0.40460000	0.20690000
0.28650000	0.19170000
0.22740000	0.17410000
0.19200000	0.15910000
0.17420000	0.16710000
1.47070000	2.32320000
8.03280000	3.58090000
8.85970000	2.18860000
2.27100000	2.08290000
1.53570000	1.74310000
1.04540000	1.44060000
0.78560000	1.20170000
0.64970000	0.99670000
0.53160000	0.82920000
0.43120000	0.69620000
0.35730000	0.58840000
0.31010000	0.50070000
0.28350000	0.48310000
0.34850000	0.47710000
0.46660000	0.68910000
0.45180000	0.95160000
0.37210000	0.88560000
0.31010000	0.94910000
0.65860000	1.33060000
0.58180000	1.53520000
0.61720000	1.30770000
0.43410000	1.08590000
0.32490000	0.90350000
0.27460000	0.75540000
0.23920000	0.63510000
0.21560000	0.54300000
0.19490000	0.45830000
0.18010000	0.39280000
0.16830000	0.33980000
0.15950000	0.29650000
0.15360000	0.26100000
0.14470000	0.23230000
0.13580000	0.20810000
0.12700000	0.18790000
0.12400000	0.17140000
0.11520000	0.15770000
0.11220000	0.14620000
0.10630000	0.13650000
0.10340000	0.12820000
0.10340000	0.12120000
0.10040000	0.11510000
0.09750000	0.10990000
0.09450000	0.10740000
0.09150000	0.10140000
0.08860000	0.09760000
0.08270000	0.09430000
0.09450000	0.18820000
0.09450000	0.09980000
0.09150000	0.08690000
0.08860000	0.08380000
0.09150000	0.12630000
0.23330000	0.12720000
0.27170000	0.08430000
0.24220000	0.10750000
0.20080000	0.73850000
0.47550000	2.47620000
2.85870000	6.20990000
7.14680000	12.63300000
11.07460000	13.43210000
6.55610000	8.37790000
1.99050000	4.12050000
1.43530000	2.84610000
1.08090000	2.21800000
0.83280000	1.81070000
0.70580000	1.49350000
0.60840000	1.23530000
0.51090000	1.02580000
0.44300000	0.85570000
0.38980000	0.71750000
0.34550000	0.60530000
0.31600000	0.51390000
0.29530000	0.43950000
0.28650000	0.43480000
0.28940000	0.34490000
0.28350000	0.29750000
0.25400000	0.25640000
0.23330000	0.22790000
0.21850000	0.20520000
0.20670000	0.18650000
0.19790000	0.18780000
0.20970000	0.22290000
0.65270000	0.50580000
0.69110000	0.81410000
0.46960000	0.71940000
0.36320000	0.60590000
0.31010000	0.51100000
0.26870000	0.43860000
0.23920000	0.37150000
0.22150000	0.31980000
0.21560000	0.27790000
0.21260000	0.91790000
3.10090000	9.35530000
7.53070000	11.62510000
2.74940000	6.25700000
1.66270000	3.36980000
1.28170000	2.45770000
1.00110000	1.97750000
0.94210000	2.22940000
3.33710000	6.77600000
2.71700000	7.54680000
1.81330000	3.90510000
1.47960000	2.75120000
1.19010000	2.16870000
0.99520000	1.77440000
0.87420000	1.46380000
0.77670000	1.21130000
0.76490000	1.04770000
1.10160000	2.71090000
1.39980000	3.18420000
1.11340000	2.10160000
2.30940000	7.28760000
3.24850000	9.13300000
2.26220000	5.14690000
1.79850000	2.95880000
1.52090000	2.23990000
1.26990000	1.82460000
1.07790000	1.50510000
0.92440000	1.24480000
0.81510000	1.03340000
0.75310000	0.86190000
0.84170000	1.03830000
1.00410000	0.90290000
0.89190000	1.31080000
0.77670000	1.14430000
0.71470000	0.95560000
0.66740000	0.79780000
0.63490000	0.67580000
1.30530000	3.58070000
9.68660000	15.20410000
17.74890000	18.33080000
11.36990000	10.67690000
4.51840000	5.57030000
2.73760000	6.70990000
4.07540000	10.51780000
4.63660000	8.65040000
3.10090000	4.31530000
