0.22120000	0.68350000
0.24580000	0.64650000
0.25810000	0.60960000
0.29490000	0.58490000
0.39330000	0.93190000
0.36870000	0.53100000
0.33180000	0.56750000
0.30720000	0.53190000
0.25810000	0.51440000
0.20890000	0.49810000
0.27040000	0.49960000
0.36870000	0.93260000
0.46700000	1.21570000
0.36870000	0.66630000
0.33180000	0.73390000
0.29490000	0.67830000
0.29490000	0.63410000
0.33180000	0.62350000
0.34410000	0.57010000
0.31950000	0.56340000
0.58990000	0.55230000
0.74960000	1.07030000
0.44240000	0.61950000
0.34410000	0.64550000
11.58860000	3.19900000
12.41200000	18.25050000
2.80190000	10.68350000
1.89250000	2.94000000
1.70820000	1.67470000
1.31490000	1.53920000
1.04460000	1.37530000
0.90940000	1.24010000
0.77420000	1.13370000
0.71280000	1.04920000
0.68820000	0.99780000
1.43780000	2.22560000
1.00770000	0.89540000
1.24120000	1.07890000
4.51010000	3.79820000
2.43320000	2.81480000
2.33490000	1.97770000
1.43780000	1.31600000
1.08140000	1.21120000
0.98310000	1.11750000
1.00770000	1.05900000
1.11830000	1.04870000
0.90940000	1.01840000
0.62670000	0.98500000
0.58990000	0.93910000
0.62670000	0.90200000
0.62670000	0.87170000
0.74960000	0.84910000
0.83570000	1.46640000
0.98310000	2.12540000
2.13830000	0.96970000
4.90330000	4.00480000
1.74500000	3.15010000
1.27810000	1.25430000
1.27810000	1.14800000
1.57300000	1.07070000
1.43780000	1.00950000
2.48240000	1.74570000
11.40430000	4.54950000
5.83730000	3.15450000
2.33490000	1.27800000
1.59760000	1.16500000
1.35180000	1.08810000
3.19520000	1.03950000
8.47950000	3.78780000
8.87270000	5.87730000
3.19520000	3.14330000
1.96630000	1.38140000
1.84340000	1.24020000
1.96630000	1.15360000
1.22890000	1.08680000
1.10600000	1.03310000
1.22890000	0.98950000
1.03230000	0.95390000
0.95850000	0.92460000
0.90940000	0.90000000
0.86020000	0.87930000
0.83570000	0.86160000
0.81110000	0.84620000
0.78650000	0.83260000
0.76190000	0.82050000
0.76190000	0.80950000
0.73730000	0.79940000
0.73730000	0.79000000
0.71280000	0.78120000
0.71280000	0.77280000
0.68820000	0.76480000
0.68820000	0.75710000
0.66360000	0.74970000
0.66360000	0.74240000
0.63900000	0.73540000
0.63900000	0.72850000
0.61450000	0.72170000
0.61450000	0.71500000
0.60220000	0.70840000
0.58990000	0.70190000
0.57760000	0.69550000
0.56530000	0.68920000
0.55300000	0.68300000
0.55300000	0.67680000
0.54070000	0.67070000
0.54070000	0.66460000
0.52840000	0.65860000
0.52840000	0.65270000
0.51610000	0.64680000
0.51610000	0.64100000
0.51610000	0.63530000
0.50390000	0.62940000
0.50390000	0.62380000
0.49160000	0.61820000
0.49160000	0.61260000
0.49160000	0.60710000
0.55300000	0.60160000
0.88480000	0.59620000
2.08910000	0.59090000
1.72050000	0.58560000
1.13060000	0.58030000
0.73730000	0.57510000
0.66360000	0.56990000
0.61450000	0.56480000
1.17980000	0.55970000
0.98310000	0.55470000
0.73730000	0.54970000
0.68820000	0.54470000
0.66360000	0.53980000
0.63900000	0.53500000
0.63900000	0.53020000
0.61450000	0.52540000
0.61450000	0.52070000
3.68670000	0.51990000
3.93250000	0.51330000
2.33490000	0.50700000
1.72050000	0.50220000
1.47470000	0.49770000
2.33490000	1.77620000
10.32280000	7.00000000
12.28910000	10.03440000
18.67940000	12.32510000
16.09870000	14.28890000
2.64220000	10.50370000
2.97400000	4.57080000
4.91560000	2.15460000
2.70360000	6.26210000
1.84340000	4.97890000
1.59760000	1.92260000
1.59760000	1.58980000
2.45780000	2.55050000
1.72050000	3.24860000
1.47470000	1.44870000
1.45010000	1.27760000
1.48700000	1.19600000
1.43780000	1.13050000
1.24120000	1.07780000
1.08140000	1.03490000
1.10600000	0.99980000
1.17980000	0.97060000
1.35180000	0.94620000
1.10600000	0.92550000
1.11830000	0.90770000
1.43780000	0.90970000
1.15520000	0.87890000
1.48700000	0.88190000
2.86340000	0.85800000
1.24120000	0.84810000
0.86020000	0.83760000
0.86020000	0.82790000
0.78650000	0.81880000
0.71280000	0.81010000
0.86020000	0.80180000
1.52380000	0.81390000
1.65900000	1.68910000
1.65900000	0.78390000
1.48700000	0.78010000
2.91250000	0.79630000
2.18750000	0.76550000
1.57300000	0.75850000
2.43320000	0.75250000
3.08460000	1.16980000
1.74500000	0.73810000
1.43780000	0.73960000
1.11830000	0.72390000
1.04460000	0.72520000
2.13830000	1.10840000
1.35180000	0.71540000
1.04460000	0.70430000
0.90940000	0.69600000
0.87250000	0.69730000
0.87250000	0.69190000
0.81110000	0.67430000
0.74960000	0.67200000
0.81110000	0.68160000
1.74500000	1.90310000
1.43780000	1.00330000
0.94630000	0.65450000
1.99080000	0.67460000
3.36720000	3.81160000
1.57300000	0.64410000
1.24120000	0.66800000
1.04460000	0.63270000
0.90940000	0.62820000
3.19520000	1.00160000
3.53930000	2.65950000
2.69130000	1.51220000
1.70820000	0.61450000
1.27810000	0.60560000
1.48700000	0.59690000
3.02310000	3.16150000
2.54380000	1.48670000
1.52380000	0.58910000
1.15520000	0.58020000
0.98310000	0.57220000
0.87250000	0.56490000
0.74960000	0.55810000
1.20430000	0.80430000
1.04460000	0.97270000
0.77420000	0.55160000
0.65130000	0.54410000
0.58990000	0.53720000
1.60990000	0.65710000
4.26430000	5.45760000
1.70820000	1.26680000
1.08140000	0.53780000
1.00770000	0.55210000
1.11830000	0.92480000
0.98310000	0.51760000
0.77420000	0.51010000
0.68820000	0.50320000
0.68820000	0.49690000
0.58990000	0.49100000
0.54070000	0.48550000
0.46700000	0.48030000
0.44240000	0.47530000
0.41780000	0.47050000
0.39330000	0.46590000
0.36870000	0.46140000
0.44240000	0.73730000
0.39330000	0.46110000
0.34410000	0.45590000
0.36870000	0.47940000
0.31950000	0.44540000
0.31950000	0.44230000
0.31950000	0.43740000
0.56530000	0.52680000
0.41780000	0.43750000
0.31950000	0.44700000
0.25810000	0.42620000
0.24580000	0.42110000
0.94630000	0.47890000
0.49160000	0.42140000
0.44240000	0.42240000
0.31950000	0.41110000
0.25810000	0.40600000
0.30720000	0.43000000
2.08910000	0.46640000
0.74960000	0.40580000
0.49160000	0.41990000
0.36870000	0.39450000
0.30720000	0.38910000
0.28260000	0.38420000
1.35180000	2.04600000
3.08460000	1.46670000
1.52380000	0.76370000
0.71280000	0.40140000
1.08140000	0.42600000
0.77420000	0.39830000
0.49160000	0.38040000
0.39330000	0.37390000
0.31950000	0.36810000
0.30720000	0.36290000
0.58990000	0.38610000
0.44240000	0.35380000
0.46700000	0.42110000
0.36870000	0.35790000
0.49160000	0.36380000
0.87250000	2.27720000
0.41780000	0.35890000
0.31950000	0.35410000
0.25810000	0.34750000
0.30720000	0.34170000
0.24580000	0.33660000
0.20890000	0.33190000
0.20890000	0.32770000
0.18430000	0.35120000
0.17200000	0.32010000
0.15980000	0.31780000
0.15980000	0.31430000
0.15980000	0.31100000
0.30720000	0.35830000
1.24120000	3.16300000
1.99080000	1.33560000
1.08140000	1.59280000
0.49160000	0.34130000
0.34410000	0.33220000
0.30720000	0.32370000
0.28260000	0.31660000
0.54070000	2.62120000
0.90940000	0.32140000
2.18750000	2.90430000
0.98310000	0.35730000
0.51610000	0.32430000
0.36870000	0.31570000
0.30720000	0.30840000
0.28260000	0.30220000
0.87250000	0.30130000
1.11830000	0.32520000
0.83570000	0.29160000
0.46700000	0.28680000
0.39330000	0.29150000
0.31950000	0.40540000
0.30720000	0.29030000
1.11830000	1.55670000
3.08460000	4.26780000
0.81110000	0.29700000
0.51610000	0.29390000
0.44240000	0.32230000
1.48700000	2.54400000
0.81110000	0.42850000
0.49160000	0.49730000
0.36870000	0.45560000
0.31950000	0.42250000
0.28260000	0.39610000
0.25810000	0.37490000
0.24580000	0.35780000
0.31950000	0.36830000
0.58990000	0.33490000
0.31950000	0.32480000
0.28260000	0.31650000
0.25810000	0.31200000
0.36870000	0.48210000
0.36870000	0.31360000
0.36870000	0.31040000
0.25810000	0.29710000
0.44240000	0.31140000
0.56530000	1.56560000
0.46700000	0.32000000
0.49160000	0.30630000
1.31490000	0.33310000
0.81110000	0.29100000
1.70820000	0.28660000
1.40100000	1.08600000
0.62670000	0.28630000
0.46700000	0.28510000
0.41780000	0.27940000
0.44240000	0.28390000
0.58990000	0.28050000
0.65130000	0.28140000
0.44240000	0.26270000
0.56530000	0.30670000
0.54070000	0.26180000
0.36870000	0.26140000
1.15520000	0.29500000
0.56530000	0.29120000
10.87580000	8.78690000
2.48240000	5.16890000
1.27810000	1.03000000
0.87250000	0.98380000
0.71280000	0.87760000
2.18750000	0.78830000
1.57300000	2.01430000
0.77420000	0.65330000
0.62670000	0.74520000
1.04460000	0.71070000
2.13830000	3.83140000
2.38410000	3.19760000
1.35180000	0.93780000
1.00770000	0.96190000
1.35180000	0.89060000
3.19520000	2.75200000
3.08460000	1.88200000
1.43780000	0.92560000
1.04460000	0.89960000
0.87250000	0.82920000
0.74960000	0.77320000
0.65130000	0.72850000
0.58990000	0.69250000
0.54070000	0.66330000
0.54070000	0.64450000
0.54070000	0.61980000
0.51610000	0.61640000
0.90940000	1.11280000
0.74960000	1.15600000
0.56530000	0.57680000
0.54070000	0.56740000
1.20430000	1.03410000
1.15520000	1.30640000
0.83570000	0.64790000
1.31490000	1.05130000
2.13830000	2.85670000
2.43320000	3.08230000
1.48700000	0.97350000
1.04460000	1.02150000
0.87250000	0.93250000
0.77420000	0.86190000
0.71280000	0.80570000
0.65130000	0.76070000
0.62670000	0.72450000
0.58990000	0.69510000
1.74500000	1.35960000
2.18750000	3.46270000
1.43780000	0.80340000
1.15520000	0.95120000
0.87250000	0.87990000
0.81110000	0.82310000
0.74960000	0.77760000
0.65130000	0.74100000
0.62670000	0.71120000
0.62670000	0.68680000
9.94190000	5.00350000
4.38720000	4.63740000
3.83420000	2.18930000
2.23660000	1.09640000
4.26430000	2.03010000
2.91250000	2.94720000
2.18750000	1.18560000
1.65900000	1.17900000
1.48700000	1.08010000
1.31490000	1.00160000
1.15520000	0.93900000
3.53930000	0.90590000
1.84340000	0.84810000
1.35180000	0.88620000
1.08140000	0.84590000
1.08140000	0.81320000
1.52380000	1.38670000
1.24120000	0.80540000
1.08140000	0.94200000
1.04460000	0.88970000
0.90940000	0.84760000
0.77420000	0.81340000
1.11830000	0.79740000
1.08140000	0.76290000
0.94630000	0.78440000
0.90940000	0.76010000
0.87250000	0.73990000
0.87250000	0.72280000
0.87250000	0.70820000
0.83570000	0.69550000
0.83570000	0.68440000
0.68820000	0.67440000
0.66360000	0.66530000
0.63900000	0.65700000
0.61450000	0.64930000
0.61450000	0.64210000
0.86020000	0.63520000
6.02170000	3.72530000
3.64990000	2.65990000
1.72050000	0.98830000
1.22890000	0.96850000
1.10600000	0.90110000
1.04460000	0.84720000
0.98310000	0.80400000
0.81110000	0.76900000
0.83570000	0.74050000
1.24120000	0.71700000
1.04460000	0.69740000
0.94630000	0.68090000
6.59920000	1.21570000
3.89560000	0.70300000
2.13830000	0.84110000
1.65900000	0.84060000
1.10600000	0.79560000
0.86020000	0.75920000
0.81110000	0.72960000
0.73730000	0.70530000
0.71280000	0.68510000
0.71280000	0.66820000
0.68820000	0.65380000
0.68820000	0.64140000
0.66360000	0.63050000
0.66360000	0.62090000
0.66360000	0.61220000
0.66360000	0.60430000
0.66360000	0.59700000
0.66360000	0.59020000
0.66360000	0.58370000
0.66360000	0.57760000
0.63900000	0.57170000
0.63900000	0.56600000
0.61450000	0.56050000
0.61450000	0.55510000
0.60220000	0.54990000
0.58990000	0.54480000
0.61450000	0.53970000
0.68820000	0.53470000
0.73730000	0.52980000
0.83570000	0.52500000
0.78650000	0.52020000
1.13060000	0.51550000
0.90940000	0.51080000
0.81110000	0.50620000
0.71280000	0.50160000
0.66360000	0.49710000
0.63900000	0.49260000
0.61450000	0.48820000
0.60220000	0.48380000
0.58990000	0.47950000
0.57760000	0.47510000
0.56530000	0.47080000
0.68820000	0.46660000
1.10600000	0.46240000
1.59760000	0.45820000
1.47470000	0.45410000
1.35180000	0.45000000
1.27810000	0.44590000
1.24120000	0.44190000
1.20430000	0.43800000
1.08140000	0.43400000
0.87250000	0.43010000
0.83570000	0.42620000
0.78650000	0.42240000
0.76190000	0.41860000
0.73730000	0.41490000
0.71280000	0.41110000
0.68820000	0.40740000
0.66360000	0.40380000
0.66360000	0.40010000
0.86020000	0.39650000
0.81110000	0.39300000
0.76190000	0.38940000
0.66360000	0.38590000
0.61450000	0.38250000
0.61450000	0.37900000
0.86020000	0.37560000
3.68670000	0.37810000
11.06020000	0.95100000
10.27370000	1.37320000
6.16910000	0.39390000
4.90330000	0.38350000
9.43800000	0.41100000
4.90330000	0.38760000
4.12910000	0.38440000
4.06770000	0.38060000
6.24290000	0.55380000
5.03850000	0.82140000
4.26430000	0.60330000
4.76820000	1.00350000
4.64530000	3.66670000
4.90330000	4.41710000
2.75280000	2.11580000
2.08910000	1.10010000
2.13830000	0.99720000
4.00620000	3.87780000
12.53490000	17.57850000
7.39800000	18.90820000
3.41640000	8.68120000
4.32580000	7.16080000
3.71130000	5.21360000
2.43320000	2.06120000
1.84340000	1.70180000
1.96630000	1.52730000
1.72050000	1.38950000
1.65900000	1.28040000
2.23660000	1.19360000
2.59300000	1.12420000
2.54380000	1.06840000
5.16140000	9.15370000
3.58840000	12.27600000
2.64220000	10.45260000
2.75280000	8.44130000
2.91250000	11.51590000
2.48240000	8.68030000
1.65900000	3.60950000
1.57300000	3.16740000
1.65900000	2.27140000
1.24120000	1.61280000
1.00770000	1.48410000
0.94630000	1.38180000
0.90940000	1.30010000
0.81110000	1.23440000
0.77420000	1.20840000
0.74960000	1.25290000
0.65130000	1.10570000
0.65130000	1.07520000
0.56530000	1.04950000
0.56530000	1.02760000
0.54070000	1.00860000
0.51610000	0.99200000
0.49160000	0.97720000
0.49160000	0.96380000
0.46700000	0.95150000
0.87250000	2.22710000
1.24120000	1.57590000
0.68820000	0.93500000
0.56530000	0.92300000
0.51610000	0.91140000
0.51610000	0.90070000
0.46700000	0.89060000
0.41780000	0.88100000
0.39330000	0.87190000
0.39330000	0.86310000
0.34410000	0.85460000
0.31950000	0.84630000
0.31950000	0.87300000
0.31950000	0.84650000
0.30720000	0.83200000
0.34410000	1.28730000
0.34410000	0.86310000
0.30720000	0.82030000
0.30720000	0.81040000
0.25810000	0.80040000
0.34410000	0.79980000
0.49160000	1.37430000
0.34410000	0.78720000
0.30720000	0.81910000
0.28260000	0.77550000
0.54070000	0.80270000
0.30720000	0.76040000
0.28260000	0.75210000
1.27810000	0.77350000
8.31970000	8.79370000
2.08910000	0.97620000
1.04460000	0.75840000
0.71280000	0.74360000
0.54070000	0.73070000
0.51610000	0.74810000
0.46700000	0.70910000
1.08140000	1.47590000
1.57300000	1.80410000
0.74960000	0.70140000
1.20430000	0.71590000
2.08910000	1.79030000
0.90940000	0.68160000
0.65130000	0.67170000
0.58990000	0.67360000
0.49160000	0.67640000
0.49160000	0.65260000
0.46700000	0.65080000
0.39330000	0.63260000
0.34410000	0.62610000
0.34410000	0.63560000
0.34410000	0.62380000
0.34410000	0.60780000
0.46700000	0.65130000
0.62670000	0.63660000
0.54070000	0.60240000
0.34410000	0.59490000
0.30720000	0.58790000
0.30720000	0.58290000
0.28260000	0.57500000
0.24580000	0.56910000
0.24580000	0.56330000
0.28260000	0.59260000
0.24580000	0.55670000
0.22120000	0.55070000
0.24580000	0.54490000
0.87250000	0.60730000
0.34410000	0.54530000
0.25810000	0.53820000
0.24580000	0.53150000
0.24580000	0.52530000
0.25810000	0.51950000
0.56530000	0.54790000
1.04460000	0.53840000
0.71280000	0.57340000
0.62670000	0.52130000
0.41780000	0.50670000
0.34410000	0.49990000
0.28260000	0.49360000
0.25810000	0.48780000
0.25810000	0.48230000
0.24580000	0.47710000
1.65900000	1.09840000
0.90940000	1.72760000
0.49160000	0.50100000
0.36870000	0.49120000
0.31950000	0.48150000
0.34410000	0.47300000
0.39330000	0.49740000
0.44240000	0.95910000
0.49160000	0.49750000
0.36870000	0.46820000
0.31950000	0.45940000
0.28260000	0.45170000
0.28260000	0.48050000
0.28260000	0.44290000
0.25810000	0.43680000
0.24580000	0.43100000
0.20890000	0.42560000
0.20890000	0.42060000
0.20890000	0.41590000
0.20890000	0.41150000
0.22120000	0.40720000
0.22120000	0.40320000
0.20890000	0.39920000
0.24580000	0.44240000
0.25810000	0.41290000
0.22120000	0.40280000
0.20890000	0.39990000
0.20890000	0.38560000
0.28260000	0.46270000
0.30720000	0.42310000
0.22120000	0.39040000
0.18430000	0.39480000
0.20890000	0.37820000
0.20890000	0.37270000
0.28260000	0.39910000
0.39330000	0.42050000
0.46700000	0.42420000
1.60990000	2.03550000
0.56530000	0.41500000
0.34410000	0.38450000
0.28260000	0.37530000
0.25810000	0.38730000
0.24580000	0.36060000
0.22120000	0.35590000
0.18430000	0.35040000
0.17200000	0.34540000
0.17200000	0.34090000
0.17200000	0.33670000
0.15980000	0.33280000
0.15980000	0.90740000
0.15980000	0.36270000
0.15980000	0.34240000
0.15980000	0.35110000
0.13520000	0.33270000
0.13520000	0.32610000
0.13520000	0.32700000
0.17200000	0.38150000
0.22120000	0.52110000
0.20890000	0.33260000
0.17200000	0.32970000
0.17200000	0.31690000
0.51610000	2.66490000
0.41780000	0.32960000
0.25810000	0.32610000
0.22120000	0.31420000
0.18430000	0.30830000
0.15980000	0.30310000
0.13520000	0.29850000
0.13520000	0.29440000
0.13520000	0.29060000
0.14750000	0.28710000
0.12290000	0.28380000
0.13520000	0.30530000
0.17200000	0.27780000
0.15980000	0.27880000
0.15980000	0.29010000
0.17200000	0.29220000
0.17200000	0.27660000
0.17200000	0.28030000
2.08910000	1.71330000
1.04460000	0.30100000
0.49160000	0.28730000
0.34410000	0.27490000
0.28260000	0.27060000
0.25810000	0.26580000
0.22120000	0.27860000
0.22120000	0.25780000
0.22120000	0.25720000
0.20890000	0.25360000
0.18430000	0.25030000
0.18430000	0.24720000
0.18430000	0.24440000
0.18430000	0.24170000
0.20890000	0.23910000
0.18430000	0.23670000
0.18430000	0.23770000
2.28580000	2.13070000
3.71130000	2.90100000
1.31490000	0.49970000
13.88670000	7.53270000
5.16140000	8.06980000
2.23660000	2.33840000
2.28580000	1.67340000
3.02310000	1.16070000
1.70820000	1.12650000
1.08140000	1.05920000
1.11830000	1.38430000
4.12910000	2.03330000
3.94480000	4.92790000
1.65900000	2.78100000
1.24120000	1.22050000
1.00770000	1.10540000
0.94630000	1.00880000
0.87250000	0.93070000
0.81110000	0.86930000
0.71280000	0.82010000
0.71280000	0.79290000
1.40100000	1.53830000
1.24120000	1.84940000
4.38720000	3.23400000
1.84340000	2.31590000
1.27810000	1.06760000
1.08140000	0.99230000
1.31490000	0.92520000
6.10770000	4.05530000
4.44860000	4.20480000
2.13830000	1.15150000
1.57300000	1.16020000
1.31490000	1.06780000
1.43780000	1.01440000
1.40100000	0.93560000
2.28580000	1.64110000
1.60990000	0.98990000
1.11830000	1.10140000
0.94630000	1.02470000
0.71280000	0.96340000
0.87250000	0.91410000
0.68820000	0.87420000
0.77420000	0.84170000
0.98310000	0.81490000
1.04460000	0.81730000
3.41640000	3.89690000
1.79420000	2.50970000
0.94630000	1.06000000
0.90940000	1.00430000
0.83570000	0.94640000
0.83570000	0.89990000
0.87250000	0.86210000
0.87250000	0.83650000
7.17680000	5.68860000
8.01250000	3.84600000
6.80820000	3.69700000
3.19520000	3.36170000
4.51010000	2.21250000
2.38410000	1.58900000
1.89250000	1.34520000
1.52380000	1.22660000
1.48700000	1.13890000
1.31490000	1.06900000
1.15520000	1.01290000
0.87250000	0.96760000
0.90940000	0.93070000
1.04460000	0.90090000
1.04460000	0.89120000
1.08140000	0.89780000
0.81110000	0.89270000
1.08140000	0.86650000
3.02310000	1.74700000
2.08910000	1.02510000
1.15520000	1.10650000
1.27810000	1.03520000
1.24120000	0.97990000
1.08140000	0.93540000
0.90940000	0.89910000
0.81110000	0.86930000
0.78650000	0.84460000
0.76190000	0.82380000
0.83570000	0.80610000
0.95850000	0.79090000
1.72050000	0.78990000
3.25660000	1.54750000
2.75280000	0.76720000
2.28580000	0.85810000
1.79420000	0.83130000
1.70820000	0.80590000
1.79420000	0.78470000
1.84340000	0.78080000
2.08910000	0.75330000
1.57300000	0.78950000
4.76820000	1.49920000
9.36430000	6.40680000
3.02310000	3.43310000
1.84340000	1.25100000
1.40100000	1.14540000
1.40100000	1.06110000
1.20430000	0.99390000
1.15520000	0.94000000
0.81110000	0.89660000
0.73730000	0.86130000
0.66360000	0.83230000
0.60220000	0.80830000
0.68820000	0.78810000
0.87250000	0.77270000
0.90940000	0.76850000
1.15520000	1.46750000
1.11830000	0.73570000
1.20430000	0.72810000
1.31490000	0.72460000
1.79420000	0.70870000
1.70820000	0.69940000
1.74500000	0.70110000
1.27810000	0.68340000
1.04460000	0.67780000
0.77420000	0.67050000
0.81110000	0.66350000
0.90940000	0.66550000
0.90940000	0.65010000
0.83570000	0.64440000
0.81110000	0.63810000
0.77420000	0.63310000
0.77420000	0.63150000
0.77420000	0.62020000
0.77420000	0.61950000
0.62670000	0.60880000
0.58990000	0.60870000
0.65130000	0.61280000
1.35180000	0.59270000
1.24120000	0.59040000
1.04460000	0.58450000
1.27810000	0.80010000
1.79420000	1.07320000
1.15520000	0.57690000
0.98310000	0.57370000
0.83570000	0.56650000
2.54380000	0.92140000
2.80190000	1.18760000
1.65900000	0.55890000
1.60990000	0.55440000
1.27810000	0.54680000
1.15520000	0.53990000
0.98310000	0.53340000
0.94630000	0.52740000
2.04000000	0.52170000
6.10770000	0.76490000
4.70670000	0.51950000
2.33490000	0.51400000
1.89250000	0.50730000
1.89250000	0.50150000
2.04000000	1.84710000
4.51010000	5.07500000
2.86340000	1.68630000
1.89250000	0.77290000
1.40100000	0.72840000
1.65900000	0.70710000
1.74500000	0.65630000
1.24120000	0.61720000
1.52380000	0.89270000
1.70820000	0.59450000
2.08910000	0.57580000
1.40100000	0.61380000
1.08140000	0.59390000
1.89250000	0.91120000
1.60990000	0.56520000
1.15520000	0.54580000
1.04460000	0.54800000
1.11830000	0.52090000
1.15520000	0.51360000
1.65900000	0.51190000
2.18750000	0.73150000
1.79420000	0.49170000
1.52380000	0.49990000
2.59300000	0.86070000
2.75280000	0.48840000
2.18750000	0.47270000
1.43780000	0.46650000
1.27810000	0.46620000
2.59300000	0.59700000
3.53930000	0.70260000
6.16910000	1.83770000
4.76820000	2.37290000
4.57150000	1.36740000
2.69130000	0.77510000
2.08910000	0.73340000
1.60990000	0.67980000
1.70820000	0.65400000
1.74500000	0.62260000
1.27810000	0.57640000
0.98310000	0.55450000
0.87250000	0.53570000
0.77420000	0.52010000
0.71280000	0.50700000
0.77420000	0.51380000
1.35180000	0.51240000
0.87250000	0.48250000
0.68820000	0.47430000
0.58990000	0.46710000
0.74960000	0.49130000
0.65130000	0.45800000
0.62670000	0.45190000
1.08140000	0.48310000
0.71280000	0.45810000
0.58990000	0.44060000
0.98310000	0.47420000
0.71280000	0.43460000
0.56530000	0.43080000
0.51610000	0.42540000
0.90940000	0.46390000
0.68820000	0.42070000
0.62670000	0.42940000
0.54070000	0.41110000
0.46700000	0.40630000
0.44240000	0.42250000
0.44240000	0.40780000
1.08140000	0.46190000
1.15520000	0.41750000
0.65130000	0.39420000
0.49160000	0.38900000
0.41780000	0.38430000
0.39330000	0.37980000
0.36870000	0.37560000
0.31950000	0.37170000
0.30720000	0.36790000
0.31950000	0.36420000
0.41780000	0.36060000
0.31950000	0.35720000
0.30720000	0.45460000
0.30720000	0.36700000
0.25810000	0.36110000
0.25810000	0.35560000
0.22120000	0.35070000
0.18430000	0.34620000
0.18430000	0.34200000
0.17200000	0.33810000
0.17200000	0.33500000
0.17200000	0.33090000
0.83570000	2.09500000
0.58990000	0.48980000
0.28260000	0.35850000
0.20890000	0.34920000
0.18430000	0.34140000
0.17200000	0.33470000
0.15980000	0.32880000
0.12290000	0.33360000
0.12290000	0.31900000
0.12290000	0.31480000
0.12290000	0.31090000
0.12290000	0.30730000
0.12290000	0.30390000
0.12290000	0.30060000
0.11310000	0.29750000
0.10080000	0.29460000
0.10080000	0.29170000
0.10080000	0.28890000
0.10080000	0.28610000
0.07740000	0.28340000
0.07740000	0.28080000
0.07740000	0.27820000
0.07740000	0.27670000
0.07740000	0.27880000
0.24580000	0.29910000
0.12290000	0.26820000
0.12290000	0.27490000
0.11310000	0.26400000
0.11310000	0.26160000
0.08850000	0.25910000
0.06640000	0.25670000
0.10080000	0.31330000
0.18430000	0.36080000
0.18430000	0.31420000
0.31950000	0.37200000
0.39330000	0.34930000
0.20890000	0.28620000
0.13520000	0.28860000
0.20890000	0.31980000
0.18430000	0.26920000
0.12290000	0.26450000
0.11310000	0.25900000
0.13520000	0.29300000
0.12290000	0.25390000
0.39330000	0.28190000
4.51010000	6.34940000
0.94630000	0.30430000
0.41780000	0.28320000
0.28260000	0.27330000
0.22120000	0.26500000
0.18430000	0.25810000
0.17200000	0.27220000
0.15980000	0.24730000
0.13520000	0.24290000
0.12290000	0.23910000
0.12290000	0.25770000
0.12290000	0.25390000
0.12290000	0.23160000
0.11310000	0.22870000
0.11310000	0.22590000
0.10080000	0.22330000
0.10080000	0.22090000
0.10080000	0.21850000
0.10080000	0.25030000
0.17200000	0.30030000
0.17200000	0.22830000
0.12290000	0.22480000
0.10080000	0.22050000
0.08850000	0.21670000
0.08850000	0.21340000
0.12290000	0.21040000
0.13520000	0.25770000
0.13520000	0.21020000
0.10080000	0.20970000
0.08850000	0.21100000
0.08850000	0.20330000
0.08850000	0.20060000
0.08850000	0.19810000
0.08850000	0.19690000
0.08850000	0.19360000
0.08850000	0.19150000
0.11310000	0.22360000
0.17200000	0.20640000
0.15980000	0.21240000
0.34410000	0.23310000
0.25810000	0.19680000
0.36870000	0.26760000
0.44240000	0.24840000
0.46700000	0.23420000
0.28260000	0.20290000
0.24580000	0.19970000
0.20890000	0.19390000
0.18430000	0.18970000
0.18430000	0.18610000
0.17200000	0.18300000
0.12290000	0.18020000
0.12290000	0.17770000
0.12290000	0.17540000
0.12290000	0.17700000
0.23350000	0.22350000
0.43010000	0.41810000
0.33180000	0.19760000
0.23350000	0.18630000
0.20890000	0.19870000
0.18430000	0.17770000
0.15980000	0.17640000
0.15980000	0.19910000
0.19660000	0.18450000
1.30260000	2.14740000
0.51610000	0.18770000
0.36870000	0.18520000
0.30720000	0.17970000
0.25810000	0.17510000
0.23350000	0.17120000
0.23350000	0.16790000
0.22120000	0.16500000
0.19660000	0.16240000
0.46700000	0.37300000
0.81110000	0.63190000
0.54070000	0.17690000
0.49160000	0.18660000
0.65130000	0.22630000
0.55300000	0.28480000
0.41780000	0.31450000
0.38100000	0.28730000
0.33180000	0.26570000
0.30720000	0.24850000
0.30720000	0.24510000
0.72510000	0.91500000
0.90940000	0.39790000
0.86020000	0.48420000
1.03230000	0.54790000
2.08910000	0.61970000
1.47470000	0.60880000
0.90940000	0.60820000
0.81110000	0.54520000
5.94790000	2.85010000
3.41640000	1.19450000
1.54840000	0.79140000
1.11830000	0.70590000
1.72050000	0.63850000
5.98480000	0.94070000
2.81420000	1.19960000
1.79420000	0.74710000
2.44550000	1.00770000
3.83420000	4.28040000
4.01850000	3.76940000
1.84340000	1.09140000
1.27810000	1.11530000
1.13060000	1.00180000
0.93400000	0.90500000
0.82340000	0.83090000
0.77420000	0.77080000
2.51930000	1.26480000
3.63760000	4.27660000
1.69590000	2.16310000
1.35180000	1.03470000
1.25350000	0.95080000
1.21660000	0.87850000
1.73280000	0.82090000
2.75280000	0.77620000
7.41030000	1.50640000
5.10000000	3.77220000
2.28580000	2.15630000
1.69590000	1.04670000
1.45010000	0.98970000
1.25350000	0.91820000
7.76670000	1.49220000
5.35800000	3.22950000
2.48240000	1.01410000
3.12140000	3.11050000
1.63440000	2.85460000
1.46240000	1.22500000
1.37640000	1.15380000
1.14290000	1.06340000
0.86020000	0.99140000
0.94630000	0.93390000
2.18750000	0.88770000
2.16290000	0.85020000
1.63440000	0.81960000
1.38870000	0.79430000
1.25350000	0.77320000
1.22890000	0.75540000
1.29040000	0.74020000
1.72050000	0.72690000
1.47470000	0.71530000
1.35180000	0.70480000
1.10600000	0.69540000
0.98310000	0.68670000
0.93400000	0.67860000
0.90940000	0.67100000
0.90940000	0.66390000
0.93400000	0.65700000
1.03230000	0.65040000
0.88480000	0.64400000
0.83570000	0.63780000
0.63900000	0.63170000
0.58990000	0.62580000
0.57760000	0.61990000
0.61450000	0.61420000
0.63900000	0.60860000
0.61450000	0.60300000
0.60220000	0.59750000
0.57760000	0.59210000
0.55300000	0.58670000
0.52840000	0.58140000
0.50390000	0.57610000
0.47930000	0.57090000
0.46700000	0.56580000
0.46700000	0.56070000
0.55300000	0.55560000
1.17980000	0.55060000
1.08140000	0.54570000
0.98310000	0.54070000
0.90940000	0.53580000
0.83570000	0.53100000
0.73730000	0.52630000
0.66360000	0.52150000
0.58990000	0.51680000
0.67590000	0.51220000
0.81110000	0.50760000
1.40100000	0.50300000
1.22890000	0.49850000
0.94630000	0.49400000
0.67590000	0.48960000
0.68820000	0.48520000
0.73730000	0.48080000
0.82340000	0.47650000
1.51160000	0.47930000
3.71130000	1.78050000
17.81920000	7.02950000
19.04810000	11.37170000
6.25510000	9.84820000
3.40410000	5.24010000
2.72820000	6.13240000
2.96170000	7.27000000
2.51930000	5.15680000
2.88790000	3.39820000
1.88020000	1.94460000
1.54840000	1.56880000
1.86790000	5.67810000
1.56070000	4.79860000
1.31490000	1.71660000
1.03230000	1.45130000
0.90940000	1.31930000
0.71280000	1.22310000
0.66360000	1.14650000
0.68820000	1.08500000
0.81110000	1.03540000
0.98310000	0.99500000
1.22890000	0.96190000
1.59760000	0.93440000
2.08910000	0.91130000
1.72050000	0.89170000
1.47470000	0.87480000
1.22890000	0.86000000
1.10600000	0.84680000
0.98310000	0.83500000
0.86020000	0.82420000
0.78650000	0.81420000
0.78650000	0.80490000
2.04000000	0.79610000
5.10000000	0.78780000
4.22740000	0.77980000
2.67900000	0.77200000
1.91710000	0.76450000
2.37180000	0.76380000
12.78060000	4.86430000
6.29200000	4.87000000
3.08460000	0.76160000
1.97850000	0.75270000
2.18750000	0.74130000
2.05230000	0.73160000
1.52380000	0.72260000
1.48700000	0.73270000
1.42550000	0.71080000
1.42550000	1.26720000
1.36410000	1.87130000
1.92940000	0.70390000
3.13370000	3.07330000
4.92790000	5.77670000
6.57470000	10.69900000
15.48420000	14.59860000
7.22600000	8.64280000
3.94480000	2.35920000
2.81420000	1.74560000
2.44550000	1.55400000
2.00310000	1.41030000
1.84340000	1.29660000
1.70820000	1.20620000
1.65900000	1.13410000
1.70820000	1.08650000
1.75730000	1.56180000
3.10910000	0.99640000
3.08460000	1.68110000
2.34720000	0.95060000
2.76500000	0.93650000
2.07690000	0.90540000
1.56070000	0.88520000
1.24120000	0.86930000
1.17980000	0.87020000
1.33950000	1.59690000
7.07850000	4.26550000
2.90020000	0.83640000
1.85570000	0.82800000
1.41320000	0.81590000
1.15520000	0.80490000
0.94630000	0.79480000
0.82340000	0.78810000
0.79880000	0.77660000
0.77420000	0.76830000
8.47950000	6.69290000
4.97710000	4.10710000
2.43320000	0.77240000
1.67130000	0.76020000
2.17520000	0.77330000
2.56840000	1.59850000
1.73280000	0.75050000
1.33950000	0.73130000
4.63300000	3.88710000
3.64990000	2.98930000
7.11540000	5.37090000
3.14600000	3.90170000
2.38410000	0.93340000
1.70820000	0.88970000
1.40100000	0.84670000
1.41320000	1.53760000
1.41320000	0.79790000
1.90480000	1.55970000
1.22890000	0.74920000
10.08930000	4.09920000
4.33800000	5.34340000
2.12600000	0.97310000
1.51160000	1.02040000
1.25350000	0.95660000
3.47780000	4.26300000
13.76380000	9.71180000
3.78500000	3.65670000
2.49470000	1.23290000
1.85570000	1.12830000
1.45010000	1.04540000
1.20430000	0.99410000
1.15520000	0.92630000
0.97080000	0.88350000
0.88480000	0.84880000
0.81110000	0.82020000
0.71280000	0.79660000
0.63900000	0.77680000
0.60220000	0.75990000
0.50390000	0.74540000
0.46700000	0.73270000
0.45470000	0.72140000
0.82340000	2.62960000
0.60220000	0.71660000
0.49160000	0.71000000
0.49160000	0.73280000
12.65780000	7.93850000
4.82960000	9.87380000
1.67130000	1.60620000
1.04460000	0.71230000
0.82340000	0.69680000
0.71280000	0.68340000
1.26580000	3.35390000
1.33950000	2.82350000
0.84790000	0.67180000
0.66360000	0.66060000
0.58990000	0.65710000
0.51610000	0.64170000
0.50390000	0.63170000
0.46700000	0.62370000
0.41780000	0.61640000
0.38100000	0.60950000
0.40550000	0.60290000
0.60220000	0.64270000
0.83570000	1.66420000
0.71280000	0.63180000
0.54070000	0.59960000
0.47930000	0.59050000
0.45470000	0.58230000
0.73730000	0.62830000
0.62670000	0.61760000
0.39330000	0.57540000
0.33180000	0.56680000
0.30720000	0.55900000
0.27040000	0.55190000
0.25810000	0.54540000
0.25810000	0.57500000
0.25810000	0.53780000
0.25810000	0.53140000
0.23350000	0.52540000
0.23350000	0.51980000
0.20890000	0.51440000
0.19660000	0.50920000
0.19660000	0.50420000
0.18430000	0.49930000
0.19660000	0.57410000
0.25810000	0.51110000
0.23350000	0.49810000
0.22120000	0.49140000
0.19660000	0.48530000
0.19660000	0.47960000
0.18430000	0.48040000
0.22120000	0.49390000
0.43010000	0.46700000
0.55300000	0.46120000
0.24580000	0.45640000
1.10600000	1.37540000
0.49160000	0.46760000
0.31950000	0.48270000
0.27040000	0.45430000
0.56530000	0.46530000
0.99540000	0.83880000
0.82340000	0.50450000
1.84340000	1.67540000
2.21200000	1.98660000
2.00310000	0.46410000
2.40870000	0.49020000
0.79880000	0.44880000
0.56530000	0.45010000
0.45470000	0.43150000
0.36870000	0.42450000
0.39330000	0.41820000
2.29810000	0.72200000
0.77420000	0.42160000
0.51610000	0.41500000
0.40550000	0.40840000
0.34410000	0.40240000
0.31950000	0.39700000
0.40550000	0.42000000
0.43010000	0.38750000
0.33180000	0.38590000
0.28260000	0.38130000
0.25810000	0.40660000
0.39330000	3.57660000
0.56530000	0.78050000
0.38100000	0.39230000
0.30720000	0.38440000
0.30720000	0.37720000
0.28260000	0.37110000
0.24580000	0.36560000
0.23350000	0.38340000
0.86020000	2.58040000
1.17980000	2.35730000
1.30260000	0.37400000
11.53940000	4.95410000
3.89560000	3.73210000
2.37180000	2.29090000
1.25350000	0.77480000
0.93400000	0.78760000
0.74960000	0.71200000
0.62670000	0.65230000
0.56530000	0.60490000
0.55300000	0.56700000
0.49160000	0.53670000
0.49160000	0.52770000
0.49160000	0.49230000
0.92170000	1.78220000
0.72510000	0.69450000
0.56530000	0.46650000
0.50390000	0.45420000
0.46700000	0.44380000
0.45470000	0.45230000
0.60220000	0.57540000
0.60220000	0.42560000
0.55300000	0.43170000
0.50390000	0.41420000
0.43010000	0.40910000
0.43010000	0.40350000
0.40550000	0.39840000
0.39330000	0.39360000
0.39330000	0.38920000
0.40550000	0.38500000
0.39330000	0.38100000
0.39330000	0.37710000
0.36870000	0.37340000
0.35640000	0.36980000
0.35640000	0.36620000
0.33180000	0.36280000
0.33180000	0.39570000
0.33180000	0.36000000
0.62670000	0.37950000
0.51610000	0.35510000
0.47930000	0.37000000
0.45470000	0.36560000
0.40550000	0.34850000
0.36870000	0.34710000
0.43010000	0.38060000
0.57760000	0.35320000
0.54070000	0.34180000
0.49160000	0.37160000
0.49160000	0.33690000
0.45470000	0.33850000
0.40550000	0.33050000
0.45470000	0.35040000
0.54070000	0.32170000
0.45470000	0.32270000
0.57760000	0.37970000
0.66360000	0.35790000
0.57760000	0.45280000
0.47930000	0.45760000
0.40550000	0.42940000
0.74960000	1.81300000
1.74500000	2.75560000
1.47470000	0.79760000
0.93400000	0.84750000
0.81110000	0.76240000
0.68820000	0.69340000
0.60220000	0.64690000
0.60220000	0.61050000
0.60220000	0.66890000
0.72510000	0.61340000
0.62670000	0.61310000
0.54070000	0.57620000
0.39330000	0.54660000
0.39330000	0.52270000
0.39330000	0.51090000
0.54070000	0.48690000
0.62670000	0.47450000
0.54070000	0.46300000
0.49160000	0.45330000
1.15520000	0.47360000
0.78650000	0.43740000
0.98310000	0.59840000
1.35180000	0.55200000
1.69590000	0.66320000
1.59760000	0.63370000
1.05690000	0.71690000
0.86020000	0.66280000
0.73730000	0.61960000
0.86020000	0.58510000
1.05690000	0.55730000
0.98310000	0.53950000
2.33490000	0.99540000
2.81420000	3.00260000
6.70980000	5.76200000
2.49470000	2.58130000
2.40870000	1.17510000
1.73280000	1.04580000
1.36410000	1.06740000
1.10600000	0.96840000
0.95850000	0.89010000
0.99540000	0.82810000
0.95850000	0.77840000
4.43640000	4.34760000
1.69590000	2.97070000
1.15520000	1.10500000
0.93400000	1.02470000
0.81110000	0.94500000
0.73730000	0.88150000
7.39800000	2.86310000
31.33720000	7.69850000
8.54090000	9.78430000
3.36720000	10.50980000
9.99100000	9.87340000
3.47780000	6.17100000
2.11370000	2.31740000
1.22890000	1.74790000
1.10600000	1.54500000
1.08140000	1.40440000
1.09370000	1.29510000
0.86020000	1.20820000
0.83570000	1.13860000
0.78650000	1.08270000
0.78650000	1.03740000
0.76190000	1.00030000
0.73730000	0.96970000
0.73730000	0.94420000
0.73730000	0.92260000
0.71280000	0.90410000
0.68820000	0.88800000
0.66360000	0.87380000
0.66360000	0.86110000
0.66360000	0.84960000
0.68820000	0.83900000
0.71280000	0.82920000
0.78650000	0.82000000
0.78650000	0.81120000
0.81110000	0.80280000
0.86020000	0.79480000
0.88480000	0.78700000
0.83570000	0.77940000
0.78650000	0.77200000
0.78650000	0.76470000
0.86020000	0.75760000
0.88480000	0.75060000
0.78650000	0.74370000
0.73730000	0.73690000
0.71280000	0.73020000
0.66360000	0.72350000
0.66360000	0.71700000
0.63900000	0.71050000
0.63900000	0.70400000
0.68820000	0.69770000
0.73730000	0.69140000
0.86020000	0.68520000
0.98310000	0.67900000
1.10600000	0.67290000
0.98310000	0.66690000
0.86020000	0.66080000
0.78650000	0.65480000
0.83570000	0.64890000
0.86020000	0.64310000
0.88480000	0.63730000
0.86020000	0.63160000
1.10600000	0.62590000
1.47470000	0.62410000
18.43360000	12.34390000
32.32030000	25.78960000
10.26140000	13.73430000
4.70670000	2.32980000
3.39180000	1.77530000
2.21200000	1.57480000
2.21200000	1.42640000
3.18290000	1.33360000
1.96630000	1.19390000
1.35180000	1.11530000
5.96020000	1.05230000
2.82650000	1.00150000
1.84340000	0.96030000
9.15540000	0.95140000
4.74360000	0.90280000
3.33030000	1.64960000
3.53930000	5.39360000
9.48720000	7.88240000
4.75590000	5.61690000
3.53930000	1.84280000
2.94940000	1.43090000
2.33490000	1.30110000
2.65440000	1.20610000
1.86790000	1.13040000
1.60990000	1.06970000
2.29810000	1.03540000
1.99080000	1.00300000
1.43780000	0.94980000
1.78190000	0.93010000
2.67900000	1.71350000
2.22430000	0.88330000
1.69590000	0.87200000
2.91250000	1.71670000
11.24450000	3.31310000
5.81270000	3.86150000
3.56380000	2.93970000
10.83900000	2.74210000
9.67150000	7.43740000
3.84650000	4.63610000
3.31810000	1.48640000
3.68670000	1.54420000
3.88340000	1.30060000
2.86340000	1.20120000
2.16290000	1.12470000
1.79420000	1.06910000
1.67130000	1.01670000
1.33950000	0.97840000
1.38870000	0.95150000
1.38870000	0.92050000
1.26580000	0.89850000
1.21660000	0.88220000
1.11830000	0.86340000
1.04460000	0.84910000
0.93400000	0.83640000
0.78650000	0.82780000
1.72050000	1.18810000
2.06460000	3.63000000
1.25350000	0.80850000
0.99540000	0.80170000
0.86020000	0.79080000
0.79880000	0.78080000
0.68820000	0.77400000
0.66360000	0.76290000
0.65130000	0.75470000
0.58990000	0.75480000
0.57760000	0.73930000
0.56530000	0.73200000
0.50390000	0.72490000
0.50390000	0.71800000
0.47930000	0.71130000
0.41780000	0.70460000
0.40550000	0.72460000
2.91250000	2.37790000
2.01540000	0.73390000
1.04460000	0.69920000
0.72510000	0.68940000
0.60220000	0.68050000
0.51610000	0.67220000
0.50390000	0.66450000
0.46700000	0.66800000
0.43010000	0.65040000
0.36870000	0.64370000
0.36870000	0.64450000
0.36870000	0.63110000
0.36870000	0.63510000
0.45470000	0.64060000
0.44240000	0.63540000
0.62670000	0.65960000
0.52840000	0.61050000
0.39330000	0.60530000
0.36870000	0.59830000
0.35640000	0.59170000
0.33180000	0.58540000
0.33180000	0.58900000
0.67590000	0.63770000
0.56530000	0.59640000
0.40550000	0.57290000
0.83570000	0.60170000
1.48700000	1.47960000
0.61450000	0.57460000
0.44240000	0.57030000
0.39330000	0.55880000
0.35640000	0.55960000
0.35640000	0.54800000
0.30720000	0.53590000
0.28260000	0.53960000
0.27040000	0.52360000
0.25810000	0.52650000
0.24580000	0.51270000
1.51160000	3.72520000
1.03230000	1.50300000
0.74960000	0.54590000
0.50390000	0.52440000
0.50390000	0.55030000
0.65130000	0.55570000
0.49160000	0.51770000
0.38100000	0.50220000
0.34410000	0.49410000
0.33180000	0.52910000
0.33180000	0.48540000
0.33180000	0.52030000
0.31950000	0.47720000
0.28260000	0.47050000
0.24580000	0.46440000
0.24580000	0.45880000
0.24580000	0.45350000
0.24580000	0.47120000
0.24580000	0.44650000
0.24580000	0.43930000
0.24580000	0.43490000
0.22120000	0.43070000
0.20890000	0.43140000
0.17200000	0.42250000
0.25810000	0.46310000
0.44240000	0.54140000
0.36870000	0.45190000
0.35640000	0.45550000
0.28260000	0.42330000
0.24580000	0.41640000
0.19660000	0.41100000
0.19660000	0.42280000
0.17200000	0.42480000
0.52840000	0.45890000
0.46700000	0.44500000
0.28260000	0.40260000
0.22120000	0.39580000
0.19660000	0.38980000
0.17200000	0.38430000
0.17200000	0.37940000
0.17200000	0.39490000
0.17200000	0.37050000
0.15980000	0.36650000
0.14750000	0.36260000
0.15980000	0.35900000
0.44240000	0.44640000
0.25810000	0.36680000
0.22120000	0.36090000
0.13520000	0.35550000
0.12290000	0.36720000
0.11670000	0.36920000
0.11670000	0.34220000
0.11670000	0.33840000
0.11670000	0.33480000
0.11670000	0.33130000
0.11670000	0.32800000
0.11670000	0.35150000
0.11670000	0.33060000
0.11670000	0.32060000
0.11670000	0.31720000
0.08730000	0.33190000
0.08730000	0.31090000
0.08730000	0.30790000
0.08110000	0.30490000
0.07500000	0.31910000
0.14750000	0.32830000
0.14750000	0.29970000
0.08850000	0.29640000
0.08730000	0.29330000
0.09460000	0.29030000
0.10200000	0.28740000
0.10200000	0.28460000
0.10200000	0.28180000
0.08730000	0.27920000
0.08730000	0.33820000
0.08730000	0.30830000
0.08730000	0.30710000
0.08730000	0.27900000
1.10600000	0.27670000
0.36870000	0.27270000
0.47930000	0.29930000
0.30720000	0.26890000
0.24580000	0.27180000
0.17200000	0.26200000
0.23350000	0.25890000
0.49160000	0.28470000
0.41780000	0.27950000
0.29490000	0.25690000
0.63900000	0.27700000
4.38720000	0.52230000
1.41320000	0.36410000
0.99540000	0.33110000
0.56530000	0.28350000
0.43010000	0.28160000
0.35640000	0.26800000
0.30720000	0.26150000
0.28260000	0.25600000
0.25810000	0.25120000
0.19660000	0.24700000
0.17200000	0.24330000
0.17200000	0.23990000
0.17200000	0.23680000
0.17200000	0.23400000
0.17200000	0.23130000
0.15980000	0.23230000
0.14750000	0.25530000
0.14750000	0.22410000
0.14750000	0.29210000
0.14750000	0.25680000
0.14750000	0.23330000
0.14750000	0.22940000
0.14750000	0.22550000
0.14750000	0.23190000
0.13520000	0.21850000
0.13520000	0.21590000
0.15980000	0.26520000
0.22120000	0.25360000
0.22120000	0.24180000
0.22120000	0.21890000
0.20890000	0.21740000
0.17200000	0.21330000
0.17200000	0.24770000
0.17200000	0.21030000
0.46700000	1.28310000
0.50390000	0.22550000
1.19200000	0.96850000
1.02000000	0.24780000
0.52840000	0.22660000
0.40550000	0.22120000
3.55150000	1.60180000
1.80650000	3.13020000
0.84790000	0.27150000
0.62670000	0.41210000
0.51610000	0.38130000
0.89710000	0.37360000
1.52380000	2.58740000
0.74960000	0.79490000
0.54070000	0.66800000
0.43010000	0.59450000
0.36870000	0.53650000
0.36870000	0.49060000
0.36870000	0.45430000
0.36870000	0.42530000
0.35640000	0.40210000
0.38100000	0.42280000
3.73590000	5.39270000
19.29390000	10.04170000
8.90960000	10.71620000
3.53930000	5.04860000
2.35950000	2.45730000
1.97850000	3.62750000
8.17220000	6.19070000
7.18910000	7.04340000
3.52700000	3.71160000
13.27220000	6.37430000
7.84040000	8.00280000
5.21060000	6.54410000
5.86190000	3.73610000
5.46860000	7.19110000
2.64220000	6.24140000
2.06460000	1.97950000
1.63440000	1.60930000
1.32720000	1.44860000
1.40100000	1.33740000
2.83880000	3.91910000
1.80650000	4.07630000
1.36410000	1.51830000
5.40720000	3.75030000
4.51010000	7.28410000
2.64220000	4.30820000
2.21200000	1.73040000
2.72820000	1.46320000
4.80500000	5.70750000
4.43640000	8.17310000
2.22430000	4.08460000
1.68360000	1.79350000
1.59760000	1.51990000
1.46240000	1.39580000
1.26580000	1.31230000
1.20430000	1.24520000
1.09370000	1.19100000
1.42550000	1.15410000
4.32580000	3.69520000
3.50240000	3.84360000
2.22430000	1.45140000
1.74500000	1.25910000
1.46240000	1.18650000
1.35180000	1.13950000
1.22890000	1.10100000
1.13060000	1.06910000
1.05690000	1.04230000
1.03230000	1.01960000
0.98310000	1.00000000
0.95850000	0.98290000
0.90940000	0.96770000
0.88480000	0.95410000
0.86020000	0.94170000
0.83570000	0.93020000
0.81110000	0.91950000
0.78650000	0.90950000
0.78650000	0.89990000
0.78650000	0.89070000
0.76190000	0.88180000
0.76190000	0.87320000
0.78650000	0.86480000
0.78650000	0.85660000
0.78650000	0.84860000
0.78650000	0.84070000
0.78650000	0.83300000
0.76190000	0.82530000
0.76190000	0.81780000
0.76190000	0.81030000
0.76190000	0.80300000
0.76190000	0.79570000
0.73730000	0.78850000
0.73730000	0.78140000
0.73730000	0.77430000
0.73730000	0.76730000
0.76190000	0.76040000
0.86020000	0.75360000
1.47470000	1.41410000
3.68670000	6.87390000
17.20470000	11.17510000
12.28910000	6.02530000
7.12770000	3.01410000
4.42410000	3.15880000
2.70360000	1.55330000
1.72050000	1.35220000
1.47470000	1.23950000
1.20430000	1.15480000
0.90940000	1.08690000
0.76190000	1.03240000
0.71280000	0.98830000
0.71280000	0.95230000
0.98310000	0.92260000
1.47470000	0.89780000
1.84340000	0.87690000
1.59760000	0.85900000
5.53010000	1.75730000
4.05540000	2.40310000
2.08910000	0.94230000
1.47470000	0.92230000
1.35180000	0.89060000
1.17980000	0.86470000
1.05690000	0.84310000
0.98310000	0.82470000
0.88480000	0.80880000
0.83570000	0.79500000
0.81110000	0.78270000
0.81110000	0.77170000
0.83570000	0.76160000
0.98310000	0.77690000
2.45780000	5.30760000
6.63610000	6.12220000
7.57010000	4.64580000
3.18290000	1.50100000
2.33490000	1.34540000
1.84340000	1.22380000
1.57300000	1.13150000
1.22890000	1.05790000
1.17980000	0.99910000
1.05690000	0.95170000
0.93400000	0.91320000
0.86020000	0.88160000
0.83570000	0.85550000
0.86020000	0.83370000
0.89710000	0.81510000
0.83570000	0.79920000
0.71280000	0.78530000
0.68820000	0.77300000
0.66360000	0.76200000
5.65300000	5.71950000
5.94790000	6.96880000
3.19520000	2.44990000
5.17370000	1.99050000
8.63920000	7.87320000
4.60840000	6.63920000
2.83880000	1.82320000
2.65440000	1.48820000
2.38410000	1.33950000
5.75130000	2.01450000
2.87560000	1.38960000
1.84340000	1.15110000
1.68360000	1.08070000
1.65900000	1.74470000
1.56070000	1.10550000
1.47470000	0.94780000
1.74500000	0.91610000
1.72050000	0.90410000
1.40100000	0.86770000
1.27810000	0.84980000
1.21660000	0.83340000
1.10600000	0.81910000
1.02000000	0.80650000
0.93400000	0.79600000
0.87250000	0.78480000
0.83570000	0.79010000
0.92170000	1.35470000
1.20430000	2.78000000
1.03230000	1.74210000
1.68360000	1.49280000
1.51160000	0.75830000
1.78190000	0.74860000
1.73280000	0.73830000
1.91710000	0.73440000
2.66670000	1.29340000
2.61760000	0.71470000
2.24890000	0.73030000
6.35350000	4.76880000
8.78670000	9.39190000
3.60070000	3.38970000
2.24890000	1.20690000
2.21200000	1.12440000
3.94480000	3.51190000
2.16290000	2.56310000
1.64670000	1.00670000
1.37640000	0.95750000
1.19200000	0.90820000
1.09370000	0.86830000
0.99540000	0.83580000
0.88480000	0.80910000
0.81110000	0.78680000
0.76190000	0.76810000
0.72510000	0.75210000
0.68820000	0.74760000
0.60220000	0.72610000
0.57760000	0.71520000
0.55300000	0.70540000
0.52840000	0.70790000
0.49160000	0.71640000
0.45470000	0.68040000
0.45470000	0.67550000
0.43010000	0.66800000
0.39330000	0.66090000
0.38100000	0.65410000
0.36870000	0.64760000
0.33180000	0.64120000
0.33180000	0.63510000
0.66360000	0.99500000
0.65130000	1.20880000
0.40550000	0.63670000
0.49160000	1.20840000
2.00310000	3.03790000
1.70820000	3.15860000
1.03230000	0.64370000
2.74050000	0.91580000
1.06920000	0.62320000
0.73730000	0.61480000
0.55300000	0.60440000
0.44240000	0.59510000
0.40550000	0.58680000
0.36870000	0.57920000
0.33180000	0.57210000
0.29490000	0.56560000
0.46700000	2.08450000
1.27810000	3.84770000
0.55300000	0.57470000
0.40550000	0.56950000
0.39330000	0.55960000
0.57760000	1.29430000
0.49160000	0.56480000
2.17520000	3.67040000
1.02000000	0.55010000
0.56530000	0.54510000
0.49160000	2.73480000
1.64670000	3.66050000
2.10140000	2.56100000
0.98310000	0.53990000
0.63900000	0.53000000
0.94630000	0.54870000
2.06460000	1.83130000
0.71280000	0.51110000
0.51610000	0.50420000
0.51610000	0.51190000
0.41780000	0.49010000
0.35640000	0.48390000
0.62670000	1.47160000
0.44240000	0.48210000
0.46700000	0.50500000
0.34410000	0.46980000
0.33180000	0.46540000
0.55300000	0.49450000
0.78650000	0.50090000
0.66360000	0.49570000
0.44240000	0.45630000
0.44240000	1.68800000
0.41780000	0.45370000
0.30720000	0.45070000
0.25810000	0.44350000
0.23350000	0.43710000
0.20890000	0.43130000
0.31950000	1.00330000
0.25810000	0.45440000
0.19660000	0.42790000
0.17200000	0.42140000
1.22890000	3.58740000
2.02770000	2.98920000
1.35180000	1.72310000
0.73730000	0.44130000
0.44240000	0.42110000
0.38100000	0.42980000
0.46700000	0.55130000
0.89710000	1.70670000
0.54070000	0.44840000
1.31490000	0.78750000
0.52840000	0.49290000
0.36870000	0.50390000
0.30720000	0.47980000
0.25810000	0.46020000
0.24580000	0.44450000
0.25810000	0.44660000
0.23350000	0.41990000
0.38100000	0.43880000
1.48700000	2.16190000
1.67130000	2.37030000
2.70360000	1.55640000
1.91710000	3.26870000
0.78650000	0.55670000
0.52840000	0.67310000
0.40550000	0.61790000
0.36870000	0.57410000
0.68820000	1.73880000
0.94630000	1.92290000
0.89710000	0.89150000
1.38870000	0.49090000
8.84810000	5.56970000
1.54840000	1.66190000
0.89710000	0.87950000
0.65130000	0.79520000
0.51610000	0.72860000
1.21660000	0.93700000
0.66360000	0.63920000
0.46700000	0.60610000
0.39330000	0.57770000
0.35640000	0.55460000
0.44240000	0.53570000
0.70050000	0.52000000
0.38100000	0.50690000
0.39330000	0.52020000
0.30720000	0.48610000
0.27040000	0.47920000
0.29490000	0.50050000
0.27040000	0.46470000
0.24580000	0.47020000
0.22120000	0.45600000
0.19660000	0.45020000
0.18430000	0.44470000
0.17200000	0.43970000
0.17200000	0.43490000
0.17200000	0.43030000
0.17200000	0.44510000
0.19660000	0.42170000
0.17200000	0.42120000
0.14750000	0.41460000
0.14750000	0.41050000
0.14750000	0.40660000
0.15980000	0.41680000
0.18430000	0.41600000
0.20890000	0.41310000
0.19660000	0.40510000
0.17200000	0.41260000
0.34410000	0.45550000
0.24580000	0.39620000
0.19660000	0.39350000
0.17200000	0.39430000
0.18430000	0.39260000
0.28260000	0.38920000
0.24580000	0.37270000
2.62990000	0.43670000
1.15520000	0.48070000
0.54070000	0.37830000
0.61450000	0.39550000
0.74960000	0.71800000
0.52840000	0.37220000
2.06460000	0.37410000
2.15060000	1.75720000
3.58840000	4.75810000
1.13060000	0.47080000
4.12910000	0.41960000
8.82360000	7.25400000
3.74820000	5.06840000
3.15830000	2.09840000
1.51160000	1.11480000
1.06920000	1.10830000
0.97080000	0.99730000
0.94630000	0.90500000
0.74960000	0.81690000
0.66360000	0.75850000
5.64070000	3.99950000
3.88340000	3.76410000
7.10310000	1.97630000
2.39640000	1.03770000
2.28580000	1.08820000
1.56070000	0.98160000
1.19200000	0.99670000
1.03230000	0.92090000
0.93400000	0.85760000
0.84790000	0.80710000
0.95850000	0.76650000
1.21660000	1.27550000
0.88480000	0.71020000
0.83570000	0.72810000
1.14290000	1.57930000
2.45780000	1.80610000
1.29040000	0.87760000
1.90480000	1.04150000
1.15520000	0.93510000
0.97080000	1.03570000
1.13060000	0.97910000
1.06920000	0.89220000
0.95850000	0.95050000
0.84790000	0.88220000
0.82340000	0.86460000
0.76190000	0.81190000
0.82340000	0.82280000
1.15520000	0.79540000
0.87250000	0.75440000
0.73730000	0.78080000
0.84790000	0.77880000
0.79880000	0.72790000
0.68820000	0.88310000
0.83570000	0.83400000
0.84790000	0.79460000
1.48700000	0.79080000
1.08140000	0.73570000
0.84790000	0.88390000
0.72510000	0.83430000
0.81110000	0.79440000
0.76190000	0.76200000
0.93400000	0.75900000
2.12600000	3.58590000
1.26580000	2.27330000
4.51010000	1.71680000
5.11230000	5.21230000
2.08910000	3.08630000
1.48700000	1.26150000
1.19200000	1.15590000
0.87250000	1.06520000
3.61300000	0.99320000
11.78520000	9.39190000
4.87880000	6.83840000
2.77730000	1.58070000
2.21200000	1.37320000
2.12600000	1.24880000
2.65440000	1.15410000
6.59920000	1.07860000
11.37970000	1.04450000
3.61300000	2.45630000
2.37180000	1.08870000
1.59760000	1.02400000
1.47470000	0.97350000
1.60990000	0.93340000
1.49930000	0.90210000
1.58530000	1.64200000
2.90020000	3.66480000
2.44550000	1.26450000
1.70820000	1.20360000
1.35180000	1.11070000
1.08140000	1.04310000
0.98310000	0.98950000
1.05690000	0.94620000
5.62840000	3.28950000
2.77730000	3.34940000
1.81880000	1.25580000
1.47470000	1.14080000
1.26580000	1.06710000
1.09370000	1.01030000
1.04460000	0.96450000
0.94630000	0.92720000
0.83570000	0.89650000
0.81110000	0.87110000
0.78650000	0.84970000
0.73730000	0.83150000
0.93400000	0.81580000
0.98310000	0.80210000
1.06920000	0.78990000
0.95850000	0.77890000
0.92170000	0.76890000
0.95850000	0.75960000
0.93400000	0.75090000
0.89710000	0.74270000
0.98310000	0.74020000
5.65300000	3.84310000
3.19520000	2.89000000
1.47470000	0.99030000
1.35180000	0.99500000
1.22890000	0.93720000
1.10600000	0.89070000
0.92170000	0.85300000
0.83570000	0.82220000
0.81110000	0.79680000
0.81110000	0.77560000
0.78650000	0.75770000
0.76190000	0.74240000
0.73730000	0.72910000
0.78650000	0.71740000
0.90940000	0.70690000
0.98310000	0.69740000
1.03230000	0.68870000
1.05690000	0.68060000
1.05690000	0.67300000
0.95850000	0.66580000
0.90940000	0.65890000
0.86020000	0.65220000
0.86020000	0.64580000
0.90940000	0.63960000
0.81110000	0.63350000
0.73730000	0.62760000
0.68820000	0.62170000
0.61450000	0.61600000
0.56530000	0.61030000
0.54070000	0.60470000
0.49160000	0.59920000
0.44240000	0.59370000
0.43010000	0.58840000
0.43010000	0.58300000
0.49160000	0.57780000
0.56530000	0.57250000
0.58990000	0.56740000
0.61450000	0.56230000
0.63900000	0.55720000
0.58990000	0.55220000
0.54070000	0.54730000
0.54070000	0.54230000
0.49160000	0.53740000
0.49160000	0.53250000
0.52840000	0.52770000
5.77590000	4.12900000
10.71610000	4.40390000
3.94480000	1.33390000
2.21200000	0.65400000
1.72050000	0.65230000
1.96630000	0.62270000
10.32280000	3.41110000
13.51800000	10.28330000
6.37800000	7.04260000
2.08910000	2.69380000
1.59760000	1.34010000
1.47470000	1.20920000
1.35180000	1.09570000
1.10600000	1.00590000
1.03230000	0.93460000
0.98310000	0.87760000
0.93400000	0.83190000
0.95850000	0.79500000
1.13060000	0.76710000
1.26580000	0.74740000
1.31490000	0.73310000
1.36410000	0.72310000
1.52380000	0.70770000
2.06460000	1.21230000
2.72820000	1.18240000
5.17370000	4.13770000
3.51470000	2.34100000
3.25660000	0.90760000
2.12600000	0.87910000
2.27350000	0.82850000
5.55470000	5.79670000
3.56380000	4.17010000
3.80960000	1.05910000
3.23200000	0.97520000
5.44410000	3.21230000
16.71320000	11.24630000
14.74690000	8.40810000
9.62240000	4.47360000
4.37490000	1.84130000
2.82650000	1.50200000
2.17520000	1.35870000
1.76960000	1.24540000
2.32260000	1.17810000
2.81420000	3.65240000
1.91710000	1.07310000
1.49930000	0.99000000
1.29040000	0.96020000
1.15520000	0.92010000
1.05690000	0.89070000
0.94630000	0.86810000
0.84790000	0.84900000
0.78650000	0.83250000
0.70050000	0.81820000
0.70050000	0.80540000
0.95850000	1.13030000
0.90940000	0.80210000
0.67590000	0.78080000
0.60220000	0.77060000
1.92940000	2.30490000
2.32260000	1.43880000
1.21660000	0.76170000
0.94630000	0.74880000
0.78650000	0.73910000
0.67590000	0.73010000
0.63900000	0.72180000
0.57760000	0.71390000
0.54070000	0.70640000
0.52840000	0.69920000
0.50390000	0.69220000
0.47930000	0.68550000
0.45470000	0.67890000
0.44240000	0.67250000
0.41780000	0.66870000
0.40550000	0.66000000
0.39330000	0.65390000
0.74960000	1.86410000
0.54070000	0.65630000
0.43010000	0.65130000
0.39330000	0.64280000
0.47930000	0.65630000
0.43010000	0.62770000
0.38100000	0.62340000
0.36870000	0.61630000
0.35640000	0.63680000
0.33180000	0.60340000
0.33180000	0.60020000
0.33180000	0.59370000
0.30720000	0.58760000
0.29490000	0.58170000
0.25810000	0.57600000
0.24580000	0.57040000
0.22120000	0.56500000
0.23350000	0.55970000
0.74960000	0.73340000
0.47930000	0.56850000
0.43010000	0.60530000
0.30720000	0.56000000
0.29490000	0.56170000
0.25810000	0.57570000
0.33180000	0.56290000
0.33180000	0.56360000
0.28260000	0.53650000
0.24580000	0.52480000
0.31950000	0.58730000
1.86790000	2.36930000
0.61450000	0.53620000
0.38100000	0.52750000
0.30720000	0.51800000
0.24580000	0.50970000
0.19660000	0.50220000
0.19660000	0.49550000
0.19660000	0.48930000
0.24580000	0.48350000
4.47320000	1.60810000
2.77730000	6.62370000
0.81110000	0.52040000
0.51610000	0.51020000
1.74500000	0.55220000
1.29040000	2.05080000
0.87250000	0.52560000
0.94630000	0.50240000
3.47780000	0.52350000
1.91710000	0.50940000
1.22890000	0.49470000
2.54380000	2.51280000
1.43780000	0.66270000
0.82340000	0.46640000
0.66360000	0.45730000
2.34720000	4.27250000
1.06920000	3.25610000
0.89710000	0.78880000
0.68820000	0.55630000
0.49160000	0.52900000
0.40550000	0.50700000
0.35640000	0.48890000
1.63440000	1.46720000
1.21660000	4.35660000
0.60220000	0.47090000
0.41780000	0.46270000
0.39330000	0.45140000
0.33180000	0.44180000
7.23830000	2.50170000
1.42550000	0.43680000
0.78650000	0.43170000
0.51610000	0.42390000
0.40550000	0.41700000
0.36870000	0.43360000
0.89710000	4.66720000
0.63900000	1.59590000
0.39330000	0.41820000
0.31950000	0.40990000
0.60220000	0.40270000
0.43010000	1.20330000
0.34410000	0.39910000
0.40550000	0.40990000
1.49930000	2.56320000
0.57760000	0.39360000
0.45470000	0.40430000
0.39330000	0.38330000
0.33180000	0.37730000
0.30720000	0.37190000
0.61450000	0.36690000
1.16750000	3.15780000
0.54070000	0.37220000
0.39330000	0.37100000
0.34410000	0.36440000
0.28260000	0.35860000
0.24580000	0.35350000
0.22120000	0.34870000
0.19660000	0.34440000
0.28260000	2.61270000
0.24580000	0.35210000
0.33180000	0.39400000
0.20890000	0.34940000
0.23350000	0.35680000
0.33180000	0.35270000
0.20890000	0.33260000
0.19660000	0.32790000
0.19660000	0.32370000
0.67590000	2.64110000
0.57760000	1.16780000
0.68820000	0.36990000
0.47930000	0.33280000
0.34410000	0.32640000
0.30720000	0.32990000
0.35640000	0.34130000
0.39330000	0.32030000
0.29490000	0.30870000
0.23350000	0.30440000
0.20890000	0.30040000
0.19660000	0.30770000
0.44240000	0.92610000
1.06920000	2.72510000
0.52840000	0.30790000
0.36870000	0.35120000
0.74960000	0.37470000
0.68820000	0.40410000
0.43010000	0.44130000
0.34410000	0.47450000
0.34410000	0.44850000
0.39330000	0.44140000
0.77420000	2.99520000
0.71280000	0.92330000
0.93400000	0.68740000
0.77420000	1.04410000
1.79420000	0.72170000
2.06460000	0.67200000
1.00770000	0.61710000
0.78650000	0.56140000
0.55300000	0.53280000
0.50390000	0.50310000
0.50390000	0.47920000
0.41780000	0.45980000
1.60990000	2.82830000
3.80960000	4.08740000
1.83110000	1.38500000
2.11370000	1.26240000
1.11830000	0.82710000
0.84790000	0.86780000
0.71280000	0.78680000
1.38870000	1.14490000
2.23660000	1.59350000
1.11830000	0.77260000
0.83570000	0.81630000
1.16750000	1.28520000
1.26580000	0.76930000
0.87250000	0.88340000
0.70050000	0.81080000
0.62670000	0.75320000
0.58990000	0.70720000
0.54070000	0.67030000
0.52840000	0.65270000
0.52840000	0.61620000
0.49160000	0.59780000
0.67590000	0.60070000
0.99540000	1.09660000
1.60990000	1.12130000
0.97080000	0.55380000
1.42550000	0.61830000
0.89710000	0.57420000
0.77420000	0.68910000
0.68820000	0.66260000
0.65130000	0.63460000
0.87250000	0.61090000
0.74960000	0.62440000
0.63900000	0.65310000
0.58990000	0.62340000
0.56530000	0.59920000
0.52840000	0.57930000
0.47930000	0.56870000
0.45470000	0.56050000
0.45470000	0.53950000
0.46700000	0.53900000
1.65900000	1.95340000
1.00770000	0.60020000
0.67590000	0.75000000
0.61450000	0.69990000
0.63900000	0.65990000
0.60220000	0.62710000
0.52840000	0.60080000
0.50390000	0.57940000
0.51610000	0.56160000
1.40100000	0.95710000
0.99540000	0.54320000
0.79880000	0.67070000
0.62670000	0.64750000
0.54070000	0.68580000
0.60220000	0.64800000
1.13060000	0.62840000
0.93400000	1.09500000
1.81880000	1.51500000
1.02000000	0.78980000
0.83570000	0.88180000
4.69440000	2.79890000
3.42870000	6.31320000
1.97850000	2.88210000
1.65900000	1.23000000
1.25350000	1.16040000
1.24120000	1.05270000
1.14290000	0.96750000
1.03230000	0.89980000
0.92170000	0.84580000
1.27810000	0.80240000
3.10910000	2.87050000
2.39640000	2.78700000
1.41320000	1.04220000
1.40100000	1.05670000
1.52380000	1.99100000
1.26580000	1.01810000
2.54380000	1.15590000
2.67900000	1.04000000
1.60990000	1.17330000
1.29040000	1.07850000
1.17980000	1.00330000
8.00020000	4.62880000
4.94020000	4.60090000
2.08910000	1.31250000
1.57300000	1.20690000
1.38870000	1.12010000
2.65440000	1.08380000
1.97850000	1.10020000
1.29040000	1.10540000
1.10600000	1.04310000
0.84790000	0.98440000
0.66360000	0.93740000
0.86020000	0.89920000
1.17980000	0.86800000
1.00770000	0.84210000
0.95850000	0.82050000
0.90940000	0.80220000
0.86020000	0.78640000
0.81110000	0.77270000
0.73730000	0.76060000
0.71280000	0.74970000
0.68820000	0.73980000
0.66360000	0.73070000
0.63900000	0.72220000
0.61450000	0.71420000
0.58990000	0.70670000
0.56530000	0.69940000
0.54070000	0.69240000
0.51610000	0.68560000
0.51610000	1.14940000
1.22890000	3.35700000
3.44090000	2.53920000
5.65300000	3.78550000
4.53470000	3.19020000
1.73280000	1.26000000
1.22890000	1.18670000
1.10600000	1.09080000
0.98310000	1.01490000
0.81110000	0.95440000
0.66360000	0.90570000
0.63900000	0.86640000
0.61450000	0.83420000
1.10600000	0.81130000
3.31810000	1.62320000
4.48550000	2.37790000
3.25660000	1.99960000
1.47470000	0.99980000
1.35180000	1.08990000
1.10600000	1.01460000
0.86020000	0.95440000
0.83570000	0.90610000
0.81110000	0.86700000
0.78650000	0.83500000
0.76190000	0.80870000
0.73730000	0.78680000
0.81110000	0.76830000
0.98310000	0.75250000
1.47470000	0.73880000
2.70360000	0.72680000
4.17830000	0.71610000
3.56380000	0.70640000
3.07230000	0.69740000
2.45780000	0.68920000
1.96630000	0.68150000
1.10600000	0.67410000
1.22890000	0.66710000
5.65300000	0.68130000
2.59300000	0.65870000
1.72050000	0.65320000
1.35180000	0.64580000
1.15520000	0.63900000
0.98310000	0.63240000
0.90940000	0.62610000
0.83570000	0.62000000
1.22890000	0.61410000
1.75730000	0.61220000
1.14290000	0.60420000
0.90940000	0.59720000
0.88480000	0.59150000
1.03230000	0.59120000
1.41320000	0.59880000
4.96480000	3.42990000
3.42870000	1.33900000
1.81880000	0.58090000
1.60990000	0.59410000
2.70360000	2.20370000
1.53610000	0.56890000
1.21660000	0.65260000
1.11830000	0.62830000
1.08140000	0.60850000
1.03230000	0.59200000
0.99540000	0.57810000
0.94630000	0.56620000
0.73730000	0.55590000
0.71280000	0.54680000
2.24890000	0.54040000
4.44860000	4.64030000
4.87880000	2.74550000
10.91270000	2.15690000
4.36260000	1.79280000
2.65440000	0.90380000
2.35950000	0.88650000
1.78190000	0.83580000
1.46240000	0.77810000
1.33950000	0.74190000
1.31490000	0.71000000
2.07690000	0.68120000
9.61010000	6.19790000
2.92480000	2.19090000
1.95400000	0.88510000
1.63440000	0.82930000
1.73280000	0.78370000
1.47470000	0.73300000
1.25350000	0.69730000
1.10600000	0.67000000
0.98310000	0.64760000
0.92170000	0.62910000
0.88480000	0.61350000
0.95850000	0.61040000
0.88480000	0.59110000
0.84790000	0.57900000
0.92170000	0.66110000
0.83570000	0.56550000
0.77420000	0.56750000
1.02000000	0.56730000
0.83570000	0.54530000
1.49930000	0.56280000
1.65900000	2.83110000
1.17980000	0.53960000
0.89710000	0.53580000
0.83570000	0.53170000
1.03230000	0.53190000
3.51470000	0.59770000
4.71900000	1.94440000
2.02770000	0.51600000
1.38870000	0.51130000
1.10600000	0.50380000
0.98310000	0.49700000
0.87250000	0.49560000
0.87250000	0.51390000
0.76190000	0.47960000
0.66360000	0.47640000
0.60220000	0.47110000
0.77420000	0.48230000
0.68820000	0.47380000
0.56530000	0.45670000
0.56530000	0.45230000
0.57760000	0.48020000
0.51610000	0.44730000
1.17980000	0.49380000
1.08140000	1.06730000
0.74960000	0.45010000
2.62990000	1.20440000
3.02310000	0.48850000
3.80960000	0.48960000
2.00310000	0.53850000
1.19200000	0.44230000
0.88480000	0.43430000
0.77420000	0.44580000
0.82340000	0.43560000
0.65130000	0.41530000
0.54070000	0.41000000
0.46700000	0.40500000
0.43010000	0.40040000
0.36870000	0.39600000
0.39330000	0.39180000
0.66360000	0.42290000
0.43010000	0.38790000
0.36870000	0.38430000
0.33180000	0.37990000
0.30720000	0.37580000
0.30720000	0.40030000
0.41780000	0.40830000
0.33180000	0.37160000
0.28260000	0.36770000
0.27040000	0.36320000
0.24580000	0.35890000
0.24580000	0.35490000
0.22120000	0.35120000
0.22120000	0.34750000
0.19660000	0.34410000
0.19660000	0.34070000
0.18430000	0.33740000
0.18430000	0.33420000
0.17200000	0.33100000
0.17200000	0.32800000
0.14750000	0.32490000
0.35640000	0.39920000
0.23350000	0.33030000
0.18430000	0.32630000
0.14750000	0.32820000
0.14750000	0.32130000
0.14750000	0.31380000
0.15980000	0.35110000
0.14750000	0.31120000
0.14750000	0.30900000
0.14750000	0.30600000
0.13520000	0.30130000
0.11670000	0.29790000
0.11670000	0.29460000
0.10940000	0.29150000
0.10200000	0.28850000
0.10200000	0.28570000
0.09090000	0.28290000
0.08730000	0.28020000
0.08970000	0.28580000
0.09340000	0.28240000
0.08970000	0.27240000
0.11180000	0.26980000
0.11670000	0.30650000
0.09950000	0.28210000
0.57760000	0.38860000
0.41780000	0.39550000
0.20890000	0.32500000
0.15980000	0.30570000
0.44240000	0.37050000
0.40550000	0.35120000
0.34410000	0.29220000
1.26580000	0.37730000
0.39330000	0.29120000
0.24580000	0.30570000
0.22120000	0.29700000
0.17200000	0.27120000
0.14750000	0.26580000
0.15980000	0.26120000
0.30720000	0.32760000
0.19660000	0.26300000
0.14750000	0.25850000
0.13520000	0.25410000
0.10450000	0.25010000
0.10200000	0.24660000
0.19660000	0.28300000
0.15980000	0.27280000
0.12290000	0.24510000
0.11180000	0.24120000
0.10200000	0.23770000
0.09340000	0.23460000
0.10200000	0.23170000
0.09090000	0.22900000
0.08730000	0.22650000
0.08970000	0.24360000
0.09950000	0.22180000
0.13520000	0.22040000
0.24580000	0.26140000
0.12290000	0.21980000
0.10200000	0.21800000
0.08850000	0.21520000
0.07990000	0.21260000
0.09220000	0.21020000
0.14750000	0.27040000
0.15980000	0.25100000
0.50390000	0.27480000
0.22120000	0.22130000
0.51610000	0.26190000
1.57300000	1.63200000
0.87250000	0.29240000
0.38100000	0.23860000
0.24580000	0.23140000
0.19660000	0.22430000
0.15980000	0.21840000
0.18430000	0.25660000
0.35640000	0.25040000
0.34410000	0.21970000
0.20890000	0.21200000
0.18430000	0.20760000
0.22120000	0.20370000
0.20890000	0.20030000
0.23350000	0.19730000
0.24580000	0.19460000
0.29490000	0.22690000
0.25810000	0.19320000
0.23350000	0.19200000
0.20890000	0.18920000
0.41780000	0.26700000
0.47930000	0.65360000
0.27040000	0.20560000
0.19660000	0.20670000
0.17200000	0.22160000
0.19660000	0.19300000
0.99540000	0.96620000
0.61450000	0.20260000
0.34410000	0.19770000
0.25810000	0.19270000
0.22120000	0.18840000
0.20890000	0.18470000
0.17200000	0.18150000
0.17200000	0.17870000
0.14750000	0.17620000
0.17200000	0.17420000
0.27040000	0.20020000
0.22120000	0.16970000
0.19660000	0.18840000
0.19660000	0.18300000
0.19660000	0.17800000
0.19660000	0.17930000
0.23350000	0.17940000
0.30720000	0.19560000
1.54840000	1.37770000
0.79880000	0.20040000
0.49160000	0.17900000
0.38100000	0.17590000
0.34410000	0.17150000
0.30720000	0.19070000
0.28260000	0.16450000
2.42090000	2.08850000
1.31490000	0.45940000
0.67590000	0.52680000
0.50390000	0.48850000
1.19200000	1.30630000
2.29810000	1.86750000
1.60990000	0.69170000
1.69590000	1.07190000
1.90480000	1.31570000
1.85570000	1.33980000
2.01540000	0.89620000
1.37640000	0.86320000
0.86020000	0.84730000
0.67590000	0.80950000
0.60220000	0.73410000
0.58990000	0.67990000
0.57760000	0.62710000
0.52840000	0.60250000
0.71280000	0.55900000
2.11370000	2.26470000
1.05690000	1.85290000
0.94630000	0.89300000
1.24120000	2.70770000
1.20430000	1.89430000
1.26580000	1.85670000
0.88480000	1.03280000
0.79880000	1.11190000
0.77420000	2.31570000
0.62670000	1.05770000
0.57760000	1.04710000
0.52840000	0.96360000
0.46700000	0.88820000
0.43010000	0.83250000
0.87250000	1.44390000
3.28120000	4.99050000
1.42550000	2.71050000
0.94630000	1.13410000
0.77420000	1.04870000
0.66360000	0.97010000
0.65130000	0.90740000
0.63900000	0.85730000
0.83570000	0.83950000
0.90940000	1.78140000
0.78650000	0.82900000
0.95850000	1.60960000
0.89710000	0.89910000
0.86020000	1.05620000
1.10600000	0.97840000
0.77420000	0.91710000
0.71280000	0.86790000
0.84790000	0.82820000
0.76190000	0.79590000
0.51610000	0.76940000
0.44240000	0.74760000
0.36870000	0.72910000
0.29490000	0.71340000
0.36870000	0.69990000
0.46700000	0.68800000
0.54070000	0.67750000
0.46700000	0.66810000
0.44240000	0.65940000
0.36870000	0.65150000
0.41780000	0.64400000
0.73730000	2.60940000
3.07230000	2.18800000
1.30260000	0.88520000
1.16750000	0.86350000
1.75730000	0.80340000
2.15060000	1.46630000
0.97080000	0.89660000
0.87250000	1.00570000
3.21970000	1.60300000
1.67130000	0.95330000
1.10600000	1.06960000
0.95850000	0.98780000
0.81110000	0.92280000
0.73730000	0.87070000
0.61450000	0.82880000
0.41780000	0.79480000
0.36870000	0.76700000
0.41780000	0.74400000
0.49160000	0.72470000
1.10600000	0.71880000
1.41320000	0.69680000
0.92170000	0.68950000
0.79880000	0.69000000
0.86020000	0.67700000
0.73730000	0.66560000
0.67590000	0.65550000
0.86020000	0.64630000
0.61450000	0.63800000
0.56530000	0.63030000
0.54070000	0.62320000
0.51610000	0.61680000
0.49160000	0.61020000
0.36870000	0.60370000
0.55300000	0.59770000
0.86020000	0.60710000
0.98310000	1.25780000
0.73730000	0.61730000
4.89110000	1.29540000
2.88790000	3.68760000
1.52380000	2.47940000
1.52380000	2.13630000
2.97400000	4.02940000
2.17520000	4.00240000
2.65440000	2.62120000
1.54840000	1.29150000
0.88480000	1.20130000
0.67590000	1.10030000
0.61450000	1.02010000
0.68820000	0.95620000
0.61450000	0.90500000
0.55300000	0.86360000
0.49160000	0.83000000
0.55300000	0.80240000
0.61450000	0.77940000
0.55300000	0.76020000
0.49160000	0.74380000
0.61450000	0.72970000
1.10600000	0.71740000
0.86020000	0.70640000
0.61450000	0.69650000
0.49160000	0.68750000
0.61450000	0.67920000
0.73730000	0.67150000
2.45780000	0.68540000
2.94940000	0.66140000
1.35180000	0.65610000
0.86020000	0.64830000
0.73730000	0.64130000
0.86020000	0.63460000
0.73730000	0.62810000
0.61450000	0.62190000
0.56530000	0.61590000
0.51610000	0.61000000
0.49160000	0.60420000
1.47470000	0.59860000
4.30120000	0.59300000
2.08910000	0.58760000
0.86020000	0.58220000
0.98310000	0.57690000
0.98310000	0.57160000
0.86020000	0.56640000
1.22890000	0.56130000
0.86020000	0.55620000
0.49160000	0.55120000
1.22890000	0.56620000
5.16140000	11.48320000
2.34720000	5.85470000
1.63440000	0.82290000
5.24740000	3.05980000
2.11370000	2.56110000
1.37640000	1.08740000
1.31490000	0.98770000
1.02000000	0.90910000
1.05690000	0.84650000
1.54840000	0.79800000
2.43320000	5.12450000
2.48240000	3.97450000
2.17520000	0.97070000
3.13370000	2.10680000
4.57150000	3.53750000
7.21370000	5.75370000
4.91560000	5.34150000
3.73590000	1.61350000
4.32580000	1.48820000
10.97420000	6.00370000
8.55320000	6.32110000
4.87880000	4.78990000
2.91250000	1.93320000
2.31030000	1.51070000
1.84340000	1.46720000
1.54840000	1.25020000
1.38870000	1.16420000
1.38870000	1.09530000
1.51160000	1.03990000
1.56070000	1.02380000
1.37640000	0.95830000
1.16750000	0.93250000
1.13060000	0.91500000
0.98310000	0.88470000
1.25350000	0.89140000
1.03230000	0.85000000
0.86020000	0.83910000
0.78650000	0.82600000
0.68820000	0.81420000
0.63900000	0.80340000
0.61450000	0.79360000
0.62670000	0.79570000
0.62670000	0.78460000
0.55300000	0.76740000
0.51610000	0.75950000
0.50390000	0.75200000
0.50390000	0.75470000
0.50390000	0.73740000
2.11370000	3.33850000
1.95400000	1.14630000
1.11830000	0.74000000
0.86020000	0.72920000
1.00770000	0.74710000
1.63440000	3.42540000
3.52700000	3.89300000
8.23370000	0.72800000
8.22140000	0.73930000
15.23850000	5.78680000
8.72520000	5.99440000
3.58840000	1.61850000
2.83880000	0.70500000
2.82650000	0.70880000
4.92790000	3.05920000
2.49470000	0.69390000
1.70820000	0.76580000
1.37640000	0.73750000
1.16750000	0.71420000
1.26580000	0.71500000
0.97080000	0.67850000
0.93400000	0.66450000
1.83110000	1.81230000
1.17980000	0.65110000
1.02000000	0.66380000
0.90940000	0.63780000
0.76190000	0.62040000
0.65130000	0.61240000
2.06460000	0.64680000
1.79420000	1.70000000
11.72380000	6.05470000
3.19520000	2.97170000
1.89250000	0.97140000
2.10140000	2.39870000
1.45010000	0.61180000
1.22890000	0.68410000
0.95850000	0.65100000
0.78650000	0.63030000
1.14290000	0.61310000
3.98170000	5.54660000
1.43780000	1.37270000
0.97080000	0.59430000
2.26120000	2.14460000
1.75730000	0.58640000
1.89250000	0.97670000
1.53610000	0.57990000
6.09540000	6.23550000
3.58840000	3.98220000
1.68360000	1.08360000
13.88670000	3.01710000
7.84040000	9.79300000
4.15370000	6.78580000
15.60710000	12.34220000
3.41640000	6.37020000
2.06460000	1.71730000
1.54840000	1.52410000
1.24120000	1.37190000
1.25350000	1.94410000
1.00770000	1.15960000
0.83570000	1.08330000
0.74960000	1.02210000
0.66360000	0.97280000
0.61450000	0.93280000
0.56530000	0.90590000
0.56530000	0.87990000
0.50390000	0.85040000
0.45470000	0.83130000
0.43010000	0.83230000
0.38100000	0.80050000
0.38100000	0.78790000
0.39330000	0.77660000
0.35640000	0.76630000
0.36870000	0.75680000
0.34410000	0.74800000
0.29490000	0.73970000
0.28260000	0.73180000
0.28260000	0.72430000
0.27040000	0.71710000
0.24580000	0.71000000
0.51610000	0.78200000
0.39330000	0.71810000
0.33180000	0.70470000
0.29490000	0.69760000
0.27040000	0.69640000
0.24580000	0.67940000
0.22120000	0.67200000
0.20890000	0.66500000
0.22120000	0.65820000
0.19660000	0.65170000
0.17200000	0.64900000
0.18430000	0.63920000
0.17200000	0.63310000
0.18430000	0.62720000
0.22120000	0.65770000
1.04460000	0.62040000
1.53610000	1.53880000
0.45470000	0.63080000
0.31950000	0.62450000
0.27040000	0.61460000
0.23350000	0.60580000
0.22120000	0.59780000
0.20890000	0.59040000
0.19660000	0.58350000
0.19660000	0.57700000
0.17200000	0.57090000
0.15980000	0.56500000
0.28260000	0.60230000
0.22120000	0.55940000
0.15980000	0.55440000
0.15980000	0.54820000
0.24580000	0.60480000
0.34410000	0.60020000
0.24580000	0.55020000
0.19660000	0.54470000
0.17200000	0.53390000
0.17200000	0.52690000
0.14750000	0.52040000
0.14750000	0.51440000
0.14750000	0.50870000
0.15980000	0.50980000
0.23350000	0.53970000
0.17200000	0.49830000
0.17200000	0.49390000
0.44240000	0.57880000
0.28260000	0.49890000
0.19660000	0.49340000
0.20890000	0.48590000
0.23350000	0.47910000
0.22120000	0.47290000
0.27040000	0.46720000
0.33180000	0.46180000
0.35640000	0.45680000
0.39330000	0.46740000
0.31950000	0.44740000
0.25810000	0.44290000
0.24580000	0.48390000
0.72510000	4.23030000
0.38100000	0.50880000
0.58990000	1.32820000
0.54070000	0.48160000
0.31950000	0.46840000
0.24580000	0.45680000
0.20890000	0.44700000
0.20890000	0.43860000
0.83570000	2.58860000
0.50390000	0.46170000
0.34410000	0.44340000
0.29490000	0.43380000
0.25810000	0.42560000
0.23350000	0.41830000
0.19660000	0.41190000
0.18430000	0.40620000
0.17200000	0.40090000
0.18430000	0.42030000
0.19660000	0.39650000
0.15980000	0.39100000
0.15980000	0.38620000
0.17200000	0.39130000
0.17200000	0.37760000
0.17200000	0.37420000
0.17200000	0.37030000
0.17200000	0.36660000
0.18430000	0.38260000
0.22120000	0.35940000
0.19660000	0.35910000
0.20890000	0.35510000
0.22120000	0.36320000
0.20890000	0.34790000
0.36870000	0.39970000
0.66360000	1.49970000
0.49160000	0.38600000
1.27810000	0.89800000
0.94630000	1.14010000
1.02000000	0.39600000
0.65130000	0.36040000
0.46700000	0.35570000
0.39330000	0.34810000
0.34410000	0.34150000
0.35640000	0.33570000
0.31950000	0.33060000
0.25810000	0.32600000
0.24580000	0.32180000
0.24580000	0.31790000
0.46700000	0.36380000
0.38100000	0.31640000
0.31950000	0.33440000
0.30720000	0.31300000
0.28260000	0.31300000
0.30720000	0.31960000
0.43010000	0.32430000
1.11830000	1.53480000
0.78650000	0.86040000
0.68820000	0.66410000
0.73730000	1.04980000
0.82340000	1.08900000
0.60220000	0.75960000
0.51610000	0.76230000
0.57760000	0.70090000
1.54840000	2.24810000
1.38870000	1.45780000
0.99540000	0.83620000
0.82340000	0.75910000
3.34260000	0.70230000
3.53930000	0.65060000
1.04460000	0.61090000
0.76190000	0.57950000
0.65130000	0.55420000
0.70050000	0.53360000
1.63440000	0.87020000
1.35180000	1.17720000
2.16290000	4.21420000
1.21660000	2.46500000
0.89710000	1.06930000
0.55300000	0.98260000
0.49160000	0.89360000
0.46700000	0.82310000
0.43010000	0.76700000
0.55300000	0.72220000
0.67590000	0.68610000
0.63900000	0.65700000
0.58990000	0.63310000
0.52840000	0.61350000
0.49160000	0.59710000
0.46700000	0.58320000
0.41780000	0.57140000
0.39330000	0.56110000
0.38100000	0.55210000
0.38100000	0.54400000
0.38100000	0.53660000
0.36870000	0.52990000
0.36870000	0.52370000
0.36870000	0.51780000
0.35640000	0.51230000
0.35640000	0.50700000
0.35640000	0.50190000
0.34410000	0.49690000
0.34410000	0.49210000
0.34410000	0.48740000
0.33180000	0.48290000
0.33180000	0.47840000
0.33180000	0.47390000
0.31950000	0.46960000
0.31950000	0.46530000
0.44240000	0.46100000
1.15520000	0.45680000
0.98310000	0.45270000
1.47470000	0.44860000
6.14450000	0.46880000
6.00940000	0.96100000
1.84340000	0.49450000
1.27810000	0.58630000
1.02000000	0.59110000
0.89710000	0.56320000
1.20430000	0.55700000
0.98310000	0.52620000
0.58990000	0.65980000
0.46700000	0.64880000
0.55300000	0.60860000
0.61450000	0.57640000
3.26890000	2.00360000
9.54860000	7.58350000
11.74840000	15.04910000
3.24430000	7.89160000
1.79420000	1.68420000
1.56070000	1.51090000
1.35180000	1.34160000
1.21660000	1.20840000
3.58840000	1.87300000
4.17830000	2.81780000
4.21520000	2.56430000
1.95400000	1.27970000
1.72050000	1.22360000
1.22890000	1.12300000
1.32720000	1.04430000
1.17980000	0.98180000
1.40100000	0.93170000
6.43950000	1.59170000
3.02310000	0.87340000
2.33490000	1.03510000
1.75730000	0.99160000
1.59760000	0.93940000
1.68360000	0.90900000
2.96170000	3.59140000
7.87730000	9.04980000
4.51010000	8.54150000
2.72820000	3.82530000
1.69590000	1.59850000
1.53610000	1.39810000
2.18750000	1.30000000
1.22890000	1.60940000
3.68670000	5.56620000
3.77270000	5.51520000
2.58070000	1.69660000
2.08910000	1.40970000
1.35180000	1.28750000
1.22890000	1.20250000
2.55610000	1.91770000
4.76820000	11.34370000
3.07230000	8.27990000
1.59760000	1.92100000
1.47470000	1.50660000
1.35180000	1.36460000
1.22890000	1.27090000
1.15520000	1.19750000
1.20430000	1.13880000
1.35180000	1.09110000
0.98310000	1.05210000
0.73730000	1.01980000
0.61450000	0.99300000
0.55300000	0.97020000
0.66360000	0.95070000
0.86020000	0.93380000
2.19970000	3.59870000
3.71130000	3.40040000
5.80040000	0.98610000
3.72360000	0.97510000
2.40870000	0.88420000
1.74500000	0.87230000
1.41320000	0.86140000
2.76500000	1.81620000
1.97850000	2.28110000
1.65900000	0.84490000
1.81880000	0.83300000
1.36410000	0.82320000
1.36410000	0.83770000
1.27810000	0.82040000
1.15520000	0.80110000
0.97080000	0.79520000
0.90940000	0.78620000
0.72510000	0.77770000
0.71280000	0.76960000
0.73730000	0.76490000
0.89710000	0.76540000
1.19200000	0.76760000
1.36410000	0.75600000
1.88020000	0.75810000
2.06460000	1.55750000
2.05230000	2.82270000
2.51930000	6.94660000
2.64220000	3.48000000
2.17520000	1.16710000
2.01540000	1.07680000
4.32580000	1.62730000
13.64090000	2.15060000
12.78060000	8.52440000
4.75590000	5.40000000
2.83880000	1.33980000
2.59300000	1.23490000
3.30580000	1.15140000
2.02770000	1.06270000
2.07690000	1.01500000
1.86790000	0.95720000
1.54840000	0.91500000
1.32720000	0.88550000
3.74820000	2.93130000
2.15060000	0.84140000
1.54840000	0.82820000
1.26580000	0.80990000
1.41320000	0.80200000
1.24120000	0.78060000
1.00770000	0.76850000
0.83570000	0.75760000
0.73730000	0.74770000
0.66360000	0.73860000
0.61450000	0.73010000
0.56530000	0.72200000
0.51610000	0.71440000
0.56530000	0.70710000
3.45320000	6.44400000
1.84340000	2.90630000
1.09370000	0.71740000
0.88480000	0.70870000
0.72510000	0.69470000
0.93400000	0.68500000
1.31490000	0.77140000
0.89710000	0.67690000
8.49180000	4.45860000
6.31660000	6.98850000
2.12600000	1.42660000
4.87880000	2.09970000
10.16310000	6.72860000
5.02620000	6.82680000
3.60070000	3.94030000
2.60530000	1.92680000
3.47780000	3.15750000
2.31030000	1.17840000
1.54840000	1.19370000
1.26580000	1.09400000
1.05690000	1.01480000
0.93400000	0.95170000
0.84790000	0.90110000
0.78650000	0.86020000
1.19200000	1.16520000
1.79420000	2.32470000
0.95850000	0.78670000
0.74960000	0.76740000
0.65130000	0.74950000
0.73730000	0.75610000
0.92170000	1.03540000
0.76190000	0.71480000
0.60220000	0.70530000
0.55300000	0.69470000
0.50390000	0.68510000
0.52840000	0.70560000
0.47930000	0.66830000
0.50390000	0.69820000
0.44240000	0.65950000
0.39330000	0.65160000
0.34410000	0.64410000
0.33180000	0.63710000
0.30720000	0.63040000
0.28260000	0.62400000
0.39330000	0.61780000
0.40550000	0.64810000
0.31950000	0.61070000
0.27040000	0.60410000
0.27040000	0.59780000
0.28260000	0.63810000
0.36870000	0.60320000
0.35640000	0.59300000
0.29490000	0.58120000
0.24580000	0.57470000
0.22120000	0.56850000
0.22120000	0.56290000
0.22120000	0.56690000
0.29490000	0.58090000
0.27040000	0.55510000
0.22120000	0.54200000
0.19660000	0.53670000
0.23350000	0.56900000
0.29490000	0.54630000
0.24580000	0.52580000
0.19660000	0.52020000
0.78650000	0.62840000
0.39330000	0.52770000
0.24580000	0.52010000
0.19660000	0.52800000
0.23350000	0.53140000
0.20890000	0.50390000
0.25810000	0.52470000
0.39330000	0.55670000
0.24580000	0.49700000
0.17200000	0.48950000
0.14750000	0.48280000
0.13520000	0.48460000
0.15980000	0.48030000
0.15980000	0.46570000
0.49160000	0.55480000
0.38100000	0.50060000
0.22120000	0.46980000
0.15980000	0.46210000
0.13520000	0.45530000
0.13520000	0.44920000
0.12040000	0.44350000
0.11670000	0.43830000
0.34410000	0.50920000
0.15980000	0.44050000
0.11670000	0.43530000
0.10200000	0.42910000
0.10200000	0.42350000
0.17200000	0.45920000
0.24580000	0.45840000
0.17200000	0.42870000
0.13520000	0.41490000
0.11670000	0.40910000
0.10450000	0.40380000
0.10080000	0.39890000
0.09220000	0.39430000
0.14750000	0.47040000
0.29490000	0.45430000
0.17200000	0.40350000
0.11920000	0.39600000
0.10450000	0.38940000
0.09090000	0.38360000
0.08730000	0.41050000
0.10570000	0.43610000
0.11060000	0.38300000
0.08970000	0.38210000
0.08730000	0.37470000
0.08730000	0.36690000
0.10690000	0.36190000
0.08850000	0.35730000
0.08730000	0.37040000
0.11310000	0.41480000
0.13520000	0.39410000
0.10200000	0.35640000
0.08600000	0.35120000
0.07500000	0.34580000
0.07500000	0.34100000
0.07500000	0.33650000
0.06510000	0.33250000
0.08600000	0.38910000
0.22120000	0.39700000
0.18430000	0.36990000
0.15980000	0.37110000
0.15980000	0.33720000
0.12290000	0.38160000
0.12040000	0.33140000
0.11180000	0.32820000
0.09460000	0.32230000
0.09460000	0.31710000
0.10320000	0.51220000
0.15980000	0.32220000
0.14750000	0.33560000
0.11180000	0.31400000
0.11180000	0.30960000
0.12290000	0.32840000
0.12040000	0.30020000
0.12040000	0.32360000
0.12290000	0.33950000
0.15980000	0.34190000
0.18430000	0.30150000
0.15980000	0.32960000
0.14750000	0.32260000
0.20890000	0.29550000
0.20890000	0.29190000
0.65130000	0.43240000
0.57760000	0.32610000
0.36870000	0.29350000
0.27040000	0.28970000
0.51610000	0.28780000
0.87250000	1.64410000
0.46700000	0.28480000
0.31950000	0.28400000
0.24580000	0.29940000
0.25810000	0.30920000
2.45780000	6.15620000
3.73590000	4.07660000
3.35490000	4.43950000
2.49470000	4.89220000
1.48700000	2.19290000
0.82340000	1.17950000
0.56530000	1.08940000
0.43010000	0.97040000
0.72510000	0.87660000
1.59760000	2.37320000
0.82340000	1.68370000
0.57760000	0.82630000
0.52840000	0.78080000
1.00770000	1.42520000
1.51160000	2.67760000
0.86020000	0.86750000
0.70050000	0.97510000
0.57760000	0.87420000
0.87250000	1.43750000
0.94630000	0.91620000
0.66360000	0.98500000
0.57760000	0.92350000
0.50390000	0.85830000
0.46700000	0.80620000
0.45470000	0.76450000
0.43010000	0.73070000
0.61450000	0.73010000
2.11370000	3.17460000
1.08140000	1.72810000
1.09370000	0.82080000
0.86020000	0.79620000
2.69130000	2.70560000
1.92940000	2.61490000
1.31490000	1.03300000
1.09370000	1.03430000
0.93400000	0.95420000
1.57300000	2.90880000
1.64670000	2.61170000
2.53160000	1.82720000
1.40100000	1.06710000
0.99540000	1.15230000
0.88480000	1.05850000
0.84790000	0.98400000
0.86020000	0.92450000
2.81420000	1.61220000
1.47470000	2.16430000
1.26580000	0.97400000
1.05690000	0.95820000
1.08140000	0.95800000
1.03230000	0.89790000
0.81110000	0.91290000
0.67590000	0.87690000
0.65130000	0.83350000
0.61450000	0.82290000
0.60220000	1.35710000
7.76670000	8.42170000
2.61760000	5.52900000
1.68360000	1.39900000
1.31490000	1.25900000
1.13060000	1.15450000
1.03230000	1.08520000
1.56070000	1.06040000
1.24120000	1.03520000
1.02000000	0.98740000
2.37180000	0.95770000
1.38870000	0.93810000
1.05690000	1.00200000
3.41640000	3.08830000
2.00310000	2.99740000
4.20290000	1.87510000
4.84190000	3.88260000
1.94170000	1.62000000
1.58530000	1.35850000
2.40870000	2.05840000
8.97100000	6.39680000
3.79730000	4.23730000
2.27350000	1.57550000
1.84340000	1.36890000
1.59760000	1.25750000
1.53610000	1.17430000
9.09390000	5.30220000
26.66730000	13.78600000
8.01250000	7.90480000
3.49010000	2.12610000
2.50700000	1.66550000
1.97850000	1.49240000
1.47470000	1.37560000
1.35180000	1.28500000
1.22890000	1.21260000
1.10600000	1.15430000
0.86020000	1.10690000
1.04460000	1.06820000
0.86020000	1.03620000
0.67590000	1.00940000
0.92170000	0.98670000
0.79880000	0.96720000
0.73730000	0.95030000
0.67590000	0.93530000
3.44090000	3.43540000
5.35800000	6.08320000
2.19970000	3.13600000
1.79420000	1.39320000
1.80650000	2.08730000
1.35180000	1.81030000
0.86020000	1.44900000
0.79880000	1.26180000
0.73730000	1.17870000
0.71280000	1.11850000
0.68820000	1.06980000
0.66360000	1.03010000
0.65130000	0.99740000
0.63900000	0.97010000
0.62670000	0.94720000
0.61450000	0.92760000
0.60220000	0.91060000
0.58990000	0.89570000
0.58990000	1.64310000
1.53610000	8.52350000
7.12770000	11.08360000
5.24740000	6.04030000
6.75900000	2.97910000
3.63760000	2.08060000
2.66670000	1.54550000
2.07690000	1.38770000
1.35180000	1.28630000
0.98310000	1.20820000
0.86020000	1.14540000
0.79880000	1.09470000
0.73730000	1.05330000
0.67590000	1.01930000
0.65130000	0.99100000
0.61450000	0.96720000
5.77590000	6.39270000
7.20140000	6.85400000
2.80190000	1.74300000
2.59300000	1.28980000
1.35180000	1.20600000
1.17980000	1.13890000
1.10600000	1.08480000
0.98310000	1.04080000
0.92170000	1.00480000
0.86020000	0.97510000
2.01540000	1.79030000
8.02480000	2.71130000
10.64230000	4.29130000
4.36260000	3.28980000
3.33030000	1.23920000
5.68980000	1.12320000
11.19540000	3.89790000
3.23200000	2.96120000
2.29810000	1.23270000
2.26120000	1.13270000
1.68360000	1.07440000
1.33950000	1.02720000
1.29040000	0.98880000
1.26580000	0.95720000
1.24120000	0.93080000
1.46240000	0.91170000
2.04000000	1.51110000
5.05080000	6.31180000
4.23970000	6.54170000
3.13370000	3.30000000
2.61760000	1.38650000
2.58070000	1.34650000
3.53930000	2.24550000
6.04620000	6.48120000
3.62530000	5.55110000
2.35950000	1.75530000
6.52550000	4.05910000
8.66380000	6.91790000
3.23200000	3.77980000
2.16290000	1.52580000
1.67130000	1.40050000
1.57300000	1.30090000
1.60990000	1.23820000
1.41320000	1.27030000
1.36410000	1.10750000
1.21660000	1.06530000
1.17980000	1.03050000
1.09370000	1.00170000
1.02000000	0.97740000
1.36410000	0.98060000
1.85570000	1.92120000
1.38870000	0.93160000
1.05690000	0.91740000
0.94630000	0.90340000
0.90940000	0.89070000
2.04000000	2.89270000
2.04000000	4.65810000
1.20430000	0.87470000
1.04460000	0.86780000
0.99540000	0.85550000
12.12930000	6.30420000
7.60690000	6.26720000
18.18780000	8.93900000
7.81590000	7.11180000
5.70210000	2.67290000
4.52240000	3.49930000
2.62990000	1.60870000
2.00310000	1.31110000
1.69590000	1.21490000
1.69590000	1.14790000
1.46240000	1.08190000
1.20430000	1.02730000
1.15520000	1.00480000
1.08140000	0.96060000
1.00770000	0.92880000
0.92170000	0.90530000
0.84790000	0.88880000
0.73730000	0.89230000
0.66360000	0.85340000
0.65130000	0.84640000
0.72510000	0.84010000
0.63900000	0.81890000
0.58990000	0.80870000
0.58990000	0.79920000
0.71280000	1.88300000
0.61450000	0.78990000
0.49160000	0.78120000
0.63900000	0.79440000
0.89710000	3.28130000
0.58990000	0.76910000
0.50390000	0.76430000
0.45470000	0.75370000
0.43010000	0.74410000
0.40550000	0.73520000
0.36870000	0.72680000
0.44240000	0.72160000
0.40550000	0.71140000
0.79880000	0.75410000
0.54070000	0.70430000
0.41780000	0.69860000
0.39330000	0.72130000
0.60220000	1.18670000
0.45470000	0.68890000
0.35640000	0.68030000
0.31950000	0.67160000
0.29490000	0.67860000
0.28260000	0.65600000
0.27040000	0.64890000
0.25810000	0.64210000
0.25810000	0.63560000
0.24580000	0.62930000
0.22120000	0.62320000
0.24580000	0.61720000
0.30720000	0.63140000
0.29490000	0.62070000
0.24580000	0.60040000
0.22120000	0.59480000
0.27040000	0.62180000
0.29490000	0.58800000
0.28260000	0.58230000
0.24580000	0.57640000
0.22120000	0.57060000
0.19660000	0.56510000
0.17200000	0.55970000
0.17200000	0.55440000
0.14750000	0.54920000
0.10810000	0.54410000
0.10200000	0.53910000
0.10200000	0.53410000
0.10320000	0.52920000
0.11670000	0.52440000
0.12290000	0.52030000
0.13520000	0.51490000
0.13520000	0.51030000
0.13520000	0.52400000
0.15980000	0.50110000
0.25810000	0.57870000
0.17200000	0.51760000
0.38100000	0.60650000
0.36870000	0.52720000
0.23350000	0.50630000
0.17200000	0.49750000
0.14750000	0.48970000
0.12290000	0.48270000
0.18430000	0.51140000
0.29490000	0.65440000
0.17200000	0.49090000
0.13520000	0.48150000
0.11430000	0.47300000
0.10200000	0.46550000
0.10200000	0.45880000
0.10200000	0.45270000
0.09830000	0.44710000
0.07620000	0.44860000
0.08850000	0.46280000
0.07500000	0.43230000
0.07500000	0.42810000
0.07500000	0.42370000
0.06390000	0.41960000
0.06390000	0.41550000
0.06390000	0.41150000
0.07740000	0.40770000
0.10200000	0.44700000
0.08600000	0.40510000
0.07500000	0.40050000
0.10320000	0.43450000
0.13520000	0.42290000
0.14750000	0.41720000
0.11670000	0.39110000
0.08600000	0.38630000
0.07500000	0.38180000
0.12290000	0.44790000
0.17200000	0.40150000
0.17200000	0.41310000
0.12290000	0.37970000
0.08970000	0.37390000
0.08600000	0.36860000
0.07500000	0.36390000
0.07500000	0.35940000
0.06880000	0.35530000
0.05410000	0.36260000
0.05410000	0.34770000
0.07250000	0.34420000
0.14750000	0.43300000
0.10570000	0.36440000
0.08360000	0.34860000
0.06390000	0.34310000
0.05780000	0.33810000
0.05410000	0.33360000
0.05410000	0.32950000
0.05410000	0.32560000
0.05410000	0.32200000
0.05410000	0.31860000
0.05410000	0.33690000
0.06760000	0.31210000
0.06390000	0.31030000
0.06020000	0.30710000
0.12290000	0.38100000
0.17200000	0.33410000
0.08480000	0.31210000
0.06510000	0.30700000
0.06390000	0.30240000
0.05900000	0.29830000
0.06880000	0.29450000
0.06390000	0.32020000
0.06390000	0.28770000
0.06020000	0.28810000
0.06140000	0.28450000
0.06760000	0.29630000
0.06390000	0.29420000
0.06390000	0.29690000
0.07000000	0.27380000
0.07500000	0.29460000
0.07500000	0.26920000
0.07500000	0.26940000
0.07500000	0.26600000
0.07500000	0.27910000
0.07500000	0.27910000
0.14750000	0.36270000
0.18430000	0.29810000
0.12290000	0.28890000
0.09220000	0.27000000
0.07500000	0.26590000
0.06510000	0.26090000
0.07370000	0.26360000
0.08730000	0.26920000
0.08730000	0.24910000
0.08730000	0.25600000
0.08970000	0.26940000
0.08730000	0.27300000
0.08730000	0.26660000
0.08730000	0.24570000
0.08730000	0.24290000
0.14750000	0.27120000
0.35640000	0.32220000
0.20890000	0.28280000
0.19660000	0.28150000
0.19660000	0.25050000
0.17200000	0.25320000
0.17200000	0.27190000
0.17200000	0.23970000
0.14750000	0.23770000
0.13520000	0.25240000
0.13520000	0.25390000
0.13520000	0.23070000
0.12290000	0.22880000
0.11670000	0.22480000
0.11670000	0.22130000
0.11670000	0.21810000
0.11670000	0.21530000
0.11670000	0.21260000
0.11670000	0.22040000
0.11670000	0.20790000
0.11670000	0.20680000
0.11670000	0.20450000
0.11670000	0.20230000
0.10690000	0.20520000
0.10200000	0.19820000
0.10200000	0.19630000
0.10200000	0.19440000
0.10200000	0.19250000
0.10200000	0.19070000
0.10200000	0.18920000
0.10200000	0.18740000
0.08970000	0.18570000
0.12040000	0.18400000
0.14750000	0.18230000
0.14750000	0.20500000
0.18430000	0.27310000
0.25810000	0.20570000
0.25810000	0.21260000
0.24580000	0.19030000
0.19660000	0.18990000
0.17200000	0.18580000
0.15980000	0.18570000
0.15980000	0.20780000
0.22120000	0.18310000
0.22120000	0.19140000
0.22120000	0.20520000
0.22120000	0.17870000
0.22120000	0.17830000
0.20890000	0.17490000
0.17200000	0.17200000
0.77420000	1.98440000
0.77420000	0.50380000
0.49160000	0.19440000
0.36870000	0.18090000
0.87250000	2.07090000
0.95850000	0.46380000
0.49160000	0.51210000
0.43010000	0.45440000
0.52840000	0.40900000
1.35180000	2.39560000
1.17980000	0.89780000
0.78650000	0.72980000
0.54070000	0.69350000
0.44240000	0.61880000
0.74960000	0.71590000
0.93400000	0.59150000
0.98310000	0.63280000
0.72510000	0.63720000
0.55300000	0.58220000
0.43010000	0.53860000
0.36870000	0.50390000
0.34410000	0.47600000
0.49160000	0.45360000
0.61450000	0.43540000
0.67590000	0.42050000
0.51610000	0.40810000
0.36870000	0.39780000
0.31950000	0.38900000
0.29490000	0.38140000
0.27040000	0.37490000
1.72050000	0.36900000
3.79730000	0.36380000
1.10600000	0.35900000
0.79880000	0.35460000
0.73730000	0.35050000
1.16750000	0.35100000
2.31030000	1.50180000
2.31030000	2.35970000
1.52380000	0.69370000
1.04460000	0.75840000
0.73730000	0.70410000
0.78650000	0.65200000
1.21660000	0.61000000
0.90940000	0.59860000
0.82340000	0.66170000
0.90940000	0.89120000
1.89250000	2.31890000
1.06920000	0.79170000
0.76190000	0.85790000
0.61450000	0.79800000
0.56530000	0.73300000
0.54070000	0.68140000
0.46700000	0.64020000
0.43010000	0.60710000
0.43010000	0.58040000
1.59760000	0.55860000
2.21200000	0.54060000
1.84340000	0.52570000
1.35180000	0.51310000
1.10600000	0.50240000
0.92170000	0.49310000
0.79880000	0.48500000
0.73730000	0.47770000
0.67590000	0.47120000
0.58990000	0.46520000
0.54070000	0.45970000
0.46700000	0.45450000
0.43010000	0.44960000
0.39330000	0.44490000
0.36870000	0.44040000
0.34410000	0.43600000
0.31950000	0.43180000
0.30720000	0.42770000
0.29490000	0.42360000
0.28260000	0.41970000
0.28260000	0.41580000
0.28260000	0.41200000
0.28260000	0.40820000
0.34410000	0.40450000
2.33490000	0.41500000
3.07230000	0.40370000
1.35180000	0.41760000
4.30120000	2.99980000
4.86650000	0.91230000
1.62220000	0.58540000
1.81880000	0.57780000
4.69440000	0.56750000
1.91710000	0.51810000
1.63440000	0.99050000
2.07690000	0.68710000
1.11830000	0.76110000
1.47470000	0.71220000
1.84340000	0.65790000
1.16750000	0.61480000
1.22890000	0.58020000
1.00770000	0.55240000
1.11830000	0.54090000
1.88020000	3.58350000
2.69130000	7.11020000
3.80960000	4.13250000
4.20290000	3.24030000
2.70360000	2.09460000
2.17520000	1.16590000
1.47470000	1.07680000
1.22890000	1.00480000
1.10600000	0.92190000
0.98310000	0.85610000
0.92170000	0.80360000
0.86020000	0.76140000
0.81110000	0.72740000
0.78650000	0.69970000
0.73730000	0.67690000
0.71280000	0.65790000
0.67590000	0.64200000
0.63900000	0.62840000
0.61450000	0.61670000
0.58990000	0.60640000
0.81110000	0.59730000
6.31660000	3.16640000
11.55170000	4.55770000
5.06310000	1.52890000
3.52700000	0.66710000
3.26890000	0.66500000
3.50240000	2.49010000
4.38720000	4.76740000
3.04770000	2.50220000
2.48240000	1.07400000
2.13830000	0.97850000
2.15060000	0.90290000
2.56840000	1.28990000
6.21830000	1.58090000
8.79900000	0.76760000
4.68210000	0.73320000
3.51470000	0.71490000
4.90330000	1.09880000
6.39030000	1.29970000
2.70360000	0.65520000
1.91710000	0.64290000
1.53610000	0.63000000
1.94170000	0.64380000
6.03390000	3.58040000
4.48550000	1.58110000
4.28890000	0.71070000
2.55610000	0.66310000
2.11370000	0.64530000
3.67440000	1.19510000
2.15060000	0.61610000
3.47780000	2.21580000
13.76380000	6.27050000
6.77130000	5.16480000
3.52700000	1.12820000
2.40870000	1.11920000
1.76960000	1.01900000
1.69590000	0.95440000
1.79420000	0.88840000
5.44410000	0.84610000
8.62690000	2.95950000
2.87560000	0.76700000
1.97850000	0.73890000
1.46240000	0.71430000
1.20430000	0.69390000
1.03230000	0.67670000
0.98310000	0.67070000
1.08140000	0.67630000
0.90940000	0.63860000
0.78650000	0.62940000
0.68820000	0.62050000
0.62670000	0.61240000
0.57760000	0.60490000
0.52840000	0.59790000
0.47930000	0.59140000
0.77420000	1.33500000
0.63900000	0.58910000
0.50390000	0.58350000
0.41780000	0.57610000
0.38100000	0.56930000
0.34410000	0.56290000
0.39330000	0.59770000
0.40550000	0.56480000
0.41780000	0.57770000
0.57760000	0.57660000
0.55300000	0.55430000
0.41780000	0.53940000
0.39330000	0.55540000
1.20430000	2.12630000
1.52380000	0.55890000
1.16750000	0.54320000
0.73730000	0.52690000
0.54070000	0.51910000
0.46700000	0.52200000
0.55300000	0.52050000
0.46700000	0.50880000
0.70050000	0.50930000
0.49160000	0.48860000
0.39330000	0.48350000
0.31950000	0.47860000
0.27040000	0.47390000
0.24580000	0.46930000
0.23350000	0.46480000
0.22120000	0.46050000
0.19660000	0.45620000
0.18430000	0.45190000
0.17200000	0.44780000
0.34410000	0.49160000
0.35640000	0.46790000
0.31950000	0.45440000
0.29490000	0.45110000
0.25810000	0.43540000
0.27040000	0.47340000
0.28260000	0.44160000
0.22120000	0.42550000
0.20890000	0.43810000
0.19660000	0.41570000
0.17200000	0.41120000
0.15980000	0.40690000
0.13520000	0.40280000
0.11670000	0.39880000
0.19660000	0.40390000
0.33180000	0.46050000
0.29490000	0.46130000
0.25810000	0.42460000
0.20890000	0.39860000
0.19660000	0.39210000
0.74960000	2.09590000
0.39330000	0.40490000
0.29490000	0.39970000
0.27040000	0.39250000
1.36410000	2.51880000
0.77420000	0.45720000
9.27830000	6.57100000
3.01080000	4.05250000
3.87110000	0.54720000
6.62380000	5.61520000
1.97850000	1.37670000
1.13060000	0.81020000
1.11830000	3.15710000
0.79880000	0.67710000
6.62380000	3.09100000
2.88790000	0.72410000
1.47470000	0.80910000
5.24740000	0.75540000
3.45320000	2.33100000
1.51160000	0.64540000
4.31350000	0.97380000
3.10910000	2.26090000
6.00940000	7.01200000
5.03850000	6.83320000
1.85570000	1.26340000
1.22890000	1.25200000
10.93730000	1.68960000
3.96940000	1.82040000
1.76960000	0.93850000
1.19200000	0.87150000
1.46240000	0.82270000
3.57610000	1.18150000
2.18750000	0.76850000
1.83110000	1.38910000
1.13060000	0.69760000
1.88020000	0.68210000
1.84340000	1.12870000
1.08140000	0.64930000
1.69590000	1.01710000
1.20430000	0.64150000
0.88480000	0.61980000
1.67130000	0.62960000
2.10140000	0.60050000
0.95850000	0.59300000
0.72510000	0.58540000
0.61450000	0.57830000
0.55300000	0.57170000
0.72510000	1.68960000
0.58990000	0.78870000
1.02000000	0.81430000
4.84190000	1.94850000
10.17540000	10.82240000
2.47010000	5.91690000
1.74500000	1.07340000
1.09370000	0.98970000
0.87250000	0.90820000
5.71440000	1.53430000
3.15830000	4.55380000
1.42550000	0.89270000
1.04460000	0.99370000
1.47470000	0.91650000
2.22430000	0.85910000
1.02000000	0.81820000
1.20430000	1.19120000
0.88480000	0.74080000
0.70050000	0.71420000
0.58990000	0.69180000
0.52840000	0.67310000
0.45470000	0.65730000
0.43010000	0.64380000
0.40550000	0.63210000
1.04460000	0.62180000
11.04790000	5.44000000
1.75730000	1.39940000
4.64530000	0.62990000
10.21220000	9.33130000
3.53930000	6.36280000
1.74500000	1.02080000
1.24120000	1.03450000
1.03230000	0.96180000
1.20430000	0.89960000
1.11830000	0.85070000
0.82340000	0.78870000
0.72510000	0.78350000
0.67590000	0.74890000
0.61450000	0.72060000
0.52840000	0.69740000
0.47930000	0.67810000
0.45470000	0.66180000
0.41780000	0.64790000
0.40550000	0.63600000
0.39330000	0.62540000
0.65130000	1.02940000
0.66360000	2.72460000
0.50390000	0.62010000
0.46700000	0.61830000
0.43010000	0.61060000
0.39330000	0.59300000
0.44240000	0.60980000
0.67590000	1.53120000
1.02000000	1.61820000
0.61450000	0.80940000
0.55300000	0.88350000
0.51610000	0.81680000
0.55300000	0.83090000
0.58990000	0.78410000
0.51610000	0.79280000
1.91710000	1.44910000
2.02770000	3.67780000
1.06920000	2.29380000
0.81110000	1.07990000
0.71280000	0.98970000
0.63900000	0.92080000
0.65130000	0.86490000
0.57760000	0.81420000
0.57760000	0.77720000
3.04770000	2.55390000
5.03850000	5.20120000
2.24890000	2.55290000
2.32260000	1.12880000
2.49470000	4.12080000
1.83110000	2.58490000
1.27810000	1.19840000
1.06920000	1.10220000
1.25350000	1.02400000
2.04000000	0.97010000
2.24890000	1.81640000
4.51010000	2.46140000
2.43320000	1.05970000
2.23660000	1.16190000
1.96630000	1.07430000
1.91710000	1.00450000
1.92940000	0.95070000
1.96630000	0.90930000
1.88020000	0.87770000
8.45490000	6.21040000
7.17680000	5.52120000
6.94330000	4.69540000
4.21520000	3.87790000
7.66840000	4.40070000
3.37950000	3.48590000
2.58070000	1.54760000
2.11370000	1.35470000
1.86790000	1.26720000
1.63440000	1.54480000
1.54840000	1.42810000
1.51160000	1.51970000
1.36410000	1.30320000
1.19200000	1.18150000
1.10600000	1.11080000
0.88480000	1.05680000
0.90940000	1.01290000
1.03230000	0.97710000
1.08140000	0.94750000
1.10600000	0.92270000
1.10600000	0.90180000
1.35180000	0.88380000
1.22890000	0.86820000
1.08140000	0.85440000
1.22890000	0.84210000
3.93250000	0.85090000
5.16140000	4.15220000
3.99400000	3.13980000
2.64220000	1.18380000
4.05540000	2.27500000
2.70360000	3.23940000
2.04000000	1.33520000
1.72050000	1.19220000
1.35180000	1.11130000
1.35180000	1.04980000
1.22890000	1.00030000
1.08140000	0.96010000
1.35180000	0.92720000
1.53610000	0.91150000
6.14450000	6.67220000
11.06020000	7.30870000
4.31350000	3.19850000
2.34720000	1.46440000
2.05230000	1.29710000
5.75130000	4.14400000
11.44110000	10.78080000
4.20290000	6.68120000
2.76500000	2.08320000
2.08910000	1.61060000
1.47470000	1.44290000
1.35180000	1.33250000
1.51160000	1.24690000
1.57300000	1.17840000
4.00620000	1.12310000
3.82190000	1.07820000
2.39640000	1.04140000
1.99080000	1.01100000
1.75730000	0.98540000
1.22890000	0.96370000
0.98310000	0.94510000
1.10600000	0.92880000
1.10600000	0.91440000
3.19520000	0.90150000
2.45780000	0.89710000
2.82650000	3.14510000
2.82650000	2.94230000
1.72050000	1.10910000
1.59760000	1.02250000
1.22890000	0.97920000
0.98310000	0.94670000
0.73730000	0.91980000
0.66360000	0.89720000
0.66360000	0.87790000
0.81110000	0.86130000
0.86020000	0.84680000
0.98310000	0.83390000
0.98310000	0.82230000
0.63900000	0.81160000
0.71280000	0.80180000
0.78650000	0.79270000
0.88480000	0.78400000
0.90940000	0.77580000
0.78650000	0.76790000
0.78650000	0.76030000
0.66360000	0.75290000
0.73730000	0.74570000
0.61450000	0.73860000
0.54070000	0.73170000
0.44240000	0.72490000
0.39330000	0.71820000
0.36870000	0.71170000
0.49160000	0.70520000
0.61450000	0.69870000
0.78650000	0.69240000
0.86020000	0.68610000
0.86020000	0.67990000
0.81110000	0.67380000
0.73730000	0.66770000
0.63900000	0.66160000
0.73730000	0.65570000
0.58990000	0.64980000
0.73730000	0.64390000
0.73730000	0.63820000
0.71280000	0.63240000
0.73730000	0.62670000
0.88480000	0.62100000
0.76190000	0.61540000
0.78650000	0.60990000
0.86020000	0.60440000
0.71280000	0.59900000
0.73730000	0.59360000
0.63900000	0.58830000
0.71280000	0.58300000
0.61450000	0.57770000
0.86020000	0.57250000
1.10600000	0.56740000
1.35180000	0.56230000
1.72050000	0.55720000
1.72050000	0.55220000
1.47470000	0.54720000
1.35180000	0.54230000
1.22890000	0.53740000
0.98310000	0.53260000
1.72050000	0.52780000
2.82650000	0.56590000
5.89880000	2.49170000
8.95870000	2.86040000
11.69920000	5.08030000
11.55170000	8.19490000
12.14160000	8.37170000
11.26910000	8.69330000
11.67460000	9.52720000
10.50720000	8.42640000
7.60690000	3.96660000
5.33350000	1.68530000
5.08770000	2.23120000
6.14450000	2.45280000
6.20600000	2.14080000
6.16910000	2.33360000
6.03390000	2.66690000
6.51320000	2.62140000
4.38720000	3.75240000
2.69130000	1.62090000
2.01540000	1.32390000
1.72050000	1.22170000
1.58530000	1.14090000
2.06460000	1.09850000
1.95400000	2.07620000
1.57300000	0.99000000
1.29040000	0.95110000
1.69590000	0.94680000
2.16290000	1.83750000
1.69590000	0.89530000
1.29040000	0.86650000
1.04460000	0.84960000
1.13060000	0.84640000
2.01540000	2.45780000
1.32720000	0.81550000
1.08140000	0.80890000
0.95850000	0.79720000
0.87250000	0.78670000
0.82340000	0.77690000
0.73730000	0.76790000
0.71280000	0.75940000
0.65130000	0.75130000
0.63900000	0.75700000
0.98310000	0.92680000
0.73730000	0.73350000
0.62670000	0.72620000
0.61450000	0.71860000
0.56530000	0.71120000
0.52840000	0.70420000
0.50390000	0.69940000
0.46700000	0.69090000
0.44240000	0.68410000
0.43010000	0.68270000
0.43010000	0.67610000
0.41780000	0.66520000
0.41780000	0.65910000
0.41780000	0.65310000
0.41780000	0.66430000
0.41780000	0.64130000
0.36870000	0.63540000
0.34410000	0.62970000
0.38100000	0.63250000
0.50390000	0.64340000
0.45470000	0.61280000
0.38100000	0.60910000
0.34410000	0.60900000
0.31950000	0.59760000
0.28260000	0.59200000
0.56530000	0.61980000
0.79880000	0.63000000
0.49160000	0.58630000
0.36870000	0.58080000
0.34410000	0.57390000
1.51160000	0.87170000
1.53610000	0.63970000
0.68820000	0.58560000
0.55300000	0.57120000
1.14290000	1.52140000
0.66360000	0.60330000
0.47930000	0.56900000
0.39330000	0.55840000
0.36870000	0.54900000
0.30720000	0.54070000
0.28260000	0.55610000
0.28260000	0.52640000
0.28260000	0.52000000
0.25810000	0.51410000
0.24580000	0.52020000
0.29490000	0.54090000
0.38100000	0.53430000
0.33180000	0.50440000
0.28260000	0.49550000
0.24580000	0.48970000
0.22120000	0.48420000
0.19660000	0.49510000
0.19660000	0.47400000
0.23350000	0.52830000
0.34410000	0.50720000
0.27040000	0.47240000
0.24580000	0.46590000
0.22120000	0.47320000
0.24580000	0.47910000
0.23350000	0.44920000
0.20890000	0.44440000
0.19660000	0.43970000
0.22120000	0.44620000
0.23350000	0.43710000
0.19660000	0.42680000
0.19660000	0.42270000
0.17200000	0.41870000
0.22120000	0.47470000
0.24580000	0.42000000
0.19660000	0.41460000
0.19660000	0.43180000
0.19660000	0.40500000
0.17200000	0.40060000
0.14750000	0.39640000
0.14750000	0.42200000
0.14750000	0.42980000
0.14750000	0.39250000
0.14750000	0.38740000
0.14750000	0.38280000
0.13520000	0.37840000
0.13520000	0.37430000
0.54070000	0.37040000
0.50390000	0.47870000
0.29490000	0.38240000
0.23350000	0.40540000
0.19660000	0.44170000
0.18430000	0.41320000
0.19660000	0.37580000
0.14750000	0.36860000
0.14750000	0.39450000
0.14750000	0.36790000
0.14750000	0.35440000
0.13520000	0.34930000
0.14750000	0.40250000
0.18430000	0.37200000
0.15980000	0.34430000
0.14750000	0.33930000
0.11670000	0.41360000
0.12040000	0.34210000
0.13520000	0.33780000
0.13520000	0.33230000
0.13520000	0.32740000
0.14750000	0.36670000
0.20890000	0.35630000
0.25810000	0.35760000
0.18430000	0.32350000
0.23350000	0.34030000
0.49160000	0.39990000
0.25810000	0.32400000
0.19660000	0.31850000
0.17200000	0.31270000
0.17200000	0.30770000
0.14750000	0.30320000
0.13520000	0.29910000
0.13520000	0.30670000
0.13520000	0.29180000
0.13520000	0.30230000
0.15980000	0.32380000
0.18430000	0.34270000
0.14750000	0.29210000
0.39330000	0.84980000
0.25810000	0.34980000
0.19660000	0.30570000
0.24580000	0.34040000
0.41780000	1.83220000
0.24580000	0.30510000
0.18430000	0.30030000
0.25810000	0.38110000
0.33180000	0.60470000
0.22120000	0.29920000
0.19660000	0.29260000
0.14750000	0.28570000
0.13520000	0.27980000
0.13520000	0.29470000
0.13520000	0.27020000
0.13520000	0.26870000
0.13520000	0.26470000
0.13520000	0.26100000
0.13520000	0.25770000
0.13520000	0.25460000
0.15980000	0.27400000
0.20890000	0.29710000
0.19660000	0.25520000
0.54070000	1.53180000
0.41780000	0.28250000
0.82340000	0.95160000
0.67590000	1.12560000
0.39330000	0.30170000
0.30720000	0.34630000
0.25810000	0.34090000
0.25810000	0.31950000
0.23350000	0.29790000
0.43010000	1.27500000
0.33180000	0.44010000
0.27040000	0.55400000
0.24580000	0.50040000
0.24580000	0.45800000
0.28260000	0.45230000
0.28260000	0.39760000
0.24580000	0.38380000
0.24580000	0.37270000
0.22120000	0.34830000
0.19660000	0.33710000
0.19660000	0.32690000
0.27040000	0.37150000
0.56530000	1.62050000
0.36870000	0.45430000
0.29490000	0.53060000
0.34410000	0.61870000
0.45470000	0.50010000
0.31950000	0.57760000
0.24580000	0.52950000
0.22120000	0.49130000
0.22120000	0.46080000
0.22120000	0.43640000
0.30720000	0.44340000
0.35640000	0.40060000
0.29490000	0.39290000
0.29490000	0.49580000
0.40550000	0.39270000
0.43010000	0.48470000
0.60220000	0.45990000
1.24120000	1.87730000
2.34720000	1.29380000
1.49930000	0.78930000
0.89710000	0.74410000
0.63900000	0.78420000
0.50390000	0.71160000
0.45470000	0.65410000
0.43010000	0.60850000
0.67590000	0.92860000
0.62670000	0.56970000
0.60220000	0.69880000
1.63440000	1.12170000
1.05690000	0.69570000
2.69130000	0.82820000
3.03540000	3.61720000
1.30260000	2.23380000
1.51160000	1.04760000
0.93400000	0.93920000
0.77420000	0.98950000
0.65130000	0.96200000
0.61450000	0.88130000
0.49160000	0.81740000
0.43010000	0.76630000
0.88480000	0.73680000
7.91420000	8.59760000
2.43320000	5.30480000
1.49930000	1.25640000
0.98310000	1.16460000
0.98310000	1.07430000
1.76960000	2.01350000
4.78050000	3.39850000
5.50550000	6.96900000
2.29810000	3.87970000
3.21970000	2.17190000
1.81880000	1.49900000
1.37640000	1.33510000
1.68360000	1.22140000
3.10910000	1.16270000
1.47470000	1.07620000
1.27810000	1.01160000
1.21660000	0.96030000
1.26580000	0.91880000
1.33950000	0.88870000
0.82340000	0.85880000
0.73730000	0.83420000
0.74960000	0.82600000
0.82340000	1.72640000
0.81110000	2.07280000
0.63900000	1.00500000
0.54070000	1.05650000
0.36870000	0.99210000
0.44240000	0.94070000
0.36870000	0.89920000
0.36870000	0.86540000
0.39330000	0.83760000
0.36870000	0.81440000
0.39330000	0.79500000
0.41780000	0.77830000
0.46700000	0.76390000
0.51610000	0.75130000
0.46700000	0.74010000
0.44240000	0.72990000
0.41780000	0.72070000
0.41780000	0.71210000
0.39330000	0.70400000
0.39330000	0.69640000
0.36870000	0.68910000
0.39330000	0.68210000
0.41780000	0.67540000
0.41780000	0.66880000
0.41780000	0.66250000
0.39330000	0.65620000
0.36870000	0.65010000
0.35640000	0.64410000
0.34410000	0.63810000
0.34410000	0.63230000
0.33180000	0.62650000
0.33180000	0.62080000
0.31950000	0.61520000
0.31950000	0.60960000
0.31950000	0.60410000
0.34410000	0.59860000
0.31950000	0.59320000
0.29490000	0.58790000
0.29490000	0.58260000
0.56530000	0.57740000
2.21200000	0.57220000
1.59760000	0.56700000
1.22890000	0.56190000
0.92170000	0.55680000
0.78650000	0.55180000
0.73730000	0.54680000
0.71280000	0.54190000
0.66360000	0.53700000
0.61450000	0.53220000
0.57760000	0.52740000
0.54070000	0.52270000
0.49160000	0.51800000
0.44240000	0.51330000
0.41780000	0.50870000
0.44240000	0.50410000
0.41780000	0.49960000
0.36870000	0.49510000
0.36870000	0.49060000
0.36870000	0.48620000
0.36870000	0.48190000
0.41780000	0.47750000
0.73730000	0.62260000
5.65300000	7.39390000
9.83130000	8.96010000
4.91560000	3.79420000
2.45780000	1.13030000
2.94940000	1.05880000
1.84340000	0.95790000
1.47470000	0.87820000
1.22890000	0.81490000
1.10600000	0.76450000
1.10600000	0.72400000
0.98310000	0.69130000
0.81110000	0.66470000
0.81110000	0.64280000
0.66360000	0.62460000
0.66360000	0.60940000
0.98310000	0.60260000
2.45780000	0.59780000
1.22890000	0.57980000
1.17980000	0.56950000
1.04460000	0.56070000
0.90940000	0.55310000
0.86020000	0.54620000
0.98310000	0.53980000
2.22430000	0.76290000
2.47010000	0.54110000
1.22890000	0.53080000
1.15520000	0.52430000
1.03230000	0.51810000
0.88480000	0.51220000
2.08910000	0.50660000
7.88960000	4.21780000
11.09700000	8.99580000
14.37820000	12.24690000
8.70070000	8.48480000
3.47780000	3.02640000
5.55470000	2.45840000
5.12450000	4.42710000
3.07230000	1.57210000
2.75280000	1.45770000
2.51930000	1.32820000
2.97400000	1.22040000
4.03080000	1.78780000
6.64840000	3.28380000
3.98170000	3.89230000
3.26890000	1.36370000
5.56700000	3.32170000
4.27660000	3.04830000
3.93250000	1.29280000
5.60380000	6.83710000
6.50090000	5.72950000
3.74820000	1.43370000
3.50240000	1.94520000
14.37820000	7.47690000
7.95100000	6.96030000
3.87110000	1.59320000
3.24430000	1.40780000
3.57610000	2.57630000
2.33490000	1.19800000
1.96630000	1.13540000
1.59760000	1.07580000
1.35180000	1.03160000
1.20430000	0.99540000
1.08140000	0.96550000
0.98310000	0.94050000
1.00770000	0.94430000
1.10600000	0.92060000
1.10600000	1.38350000
0.94630000	0.88110000
1.10600000	0.88250000
1.05690000	0.86810000
1.56070000	1.71940000
1.17980000	0.83940000
0.90940000	0.82940000
0.78650000	0.81860000
0.73730000	0.80870000
0.73730000	0.80960000
0.77420000	0.79660000
2.49470000	3.68290000
1.57300000	0.78470000
1.51160000	0.81200000
1.08140000	0.77260000
1.06920000	0.78580000
0.89710000	0.75610000
0.74960000	0.74870000
1.10600000	1.20200000
1.63440000	2.71250000
3.17060000	2.91600000
2.26120000	0.74950000
1.47470000	0.74380000
1.16750000	0.72070000
0.93400000	0.71110000
0.78650000	0.70220000
0.66360000	0.69400000
0.58990000	0.68630000
0.62670000	0.69490000
0.81110000	0.67190000
1.06920000	0.81910000
0.70050000	0.66550000
0.57760000	0.67470000
0.50390000	0.65310000
0.49160000	0.64590000
1.21660000	3.80110000
0.70050000	0.64710000
0.56530000	0.64560000
0.47930000	0.63590000
0.43010000	0.62720000
0.39330000	0.61930000
0.36870000	0.61690000
0.34410000	0.60970000
0.31950000	0.59840000
0.29490000	0.59220000
0.28260000	0.58620000
0.28260000	0.60940000
0.28260000	0.57480000
0.60220000	3.03970000
0.39330000	0.58510000
0.29490000	0.58000000
0.27040000	0.57110000
0.24580000	0.56310000
0.23350000	0.55580000
0.20890000	0.54910000
0.20890000	0.54790000
0.22120000	0.54670000
0.19660000	0.53120000
0.50390000	2.02890000
0.83570000	4.07280000
0.47930000	0.57280000
0.44240000	0.57850000
0.61450000	1.14750000
0.51610000	0.56080000
0.55300000	0.55260000
0.43010000	0.53820000
0.34410000	0.51510000
0.29490000	0.51980000
0.25810000	0.49990000
0.23350000	0.49340000
0.22120000	0.50400000
0.20890000	0.49320000
0.20890000	0.47650000
0.27040000	0.60930000
0.25810000	0.50240000
0.23350000	0.47400000
0.18430000	0.46740000
0.27040000	0.49860000
0.27040000	0.46020000
0.23350000	0.45910000
0.20890000	0.44870000
0.19660000	0.44360000
0.19660000	0.43870000
0.19660000	0.44660000
0.17200000	0.42960000
0.18430000	0.44640000
0.17200000	0.42120000
0.15980000	0.41720000
0.14750000	0.41320000
0.13520000	0.40940000
0.14750000	0.42510000
0.17200000	0.40180000
0.13520000	0.40930000
0.11920000	0.39450000
0.10200000	0.39630000
0.10450000	0.38730000
0.09830000	0.38380000
0.13520000	0.39840000
0.14750000	0.38960000
0.12290000	0.37350000
0.20890000	0.46380000
0.18430000	0.38240000
0.12290000	0.37750000
0.09710000	0.37190000
0.08730000	0.36680000
0.10320000	0.36220000
0.09590000	0.35790000
0.09220000	0.35390000
0.12170000	0.38760000
1.41320000	3.98850000
0.46700000	0.38600000
0.25810000	0.37880000
0.19660000	0.36910000
0.17200000	0.37680000
0.17200000	0.35380000
0.14750000	0.34770000
0.43010000	1.25200000
0.36870000	0.38150000
0.22120000	0.35620000
0.18430000	0.34820000
0.23350000	0.36960000
0.47930000	0.39130000
0.29490000	0.34160000
0.24580000	0.33730000
0.24580000	0.38340000
0.19660000	0.33020000
0.19660000	0.35130000
0.41780000	0.37010000
0.22120000	0.32610000
0.18430000	0.32110000
0.15980000	0.31570000
0.14750000	0.31090000
0.13520000	0.30650000
0.13520000	0.31950000
0.13520000	0.30120000
0.22120000	0.31430000
0.20890000	0.29260000
0.15980000	0.29030000
0.13520000	0.28710000
0.10690000	0.28410000
0.15980000	0.33280000
0.18430000	0.32260000
0.15980000	0.28790000
0.13520000	0.28480000
0.13520000	0.29020000
0.12290000	0.27640000
0.10690000	0.27270000
0.10080000	0.26940000
0.09590000	0.26630000
0.09710000	0.27300000
0.10690000	0.27570000
0.12290000	0.25860000
0.28260000	0.33410000
0.56530000	1.85390000
0.31950000	0.30440000
0.58990000	0.46460000
0.56530000	0.67130000
0.41780000	0.31680000
0.55300000	1.00990000
0.34410000	0.27880000
0.28260000	0.27420000
0.24580000	0.26730000
0.22120000	0.26140000
0.19660000	0.25640000
0.18430000	0.25200000
0.17200000	0.24810000
0.17200000	0.25480000
0.17200000	0.24140000
0.17200000	0.23920000
0.17200000	0.23630000
0.17200000	0.23360000
0.17200000	0.23110000
0.17200000	0.22870000
0.17200000	0.22630000
0.17200000	0.22410000
0.18430000	0.23780000
0.25810000	0.25690000
0.27040000	0.22860000
0.23350000	0.22400000
0.20890000	0.22060000
0.19660000	0.21760000
0.28260000	0.25070000
0.34410000	0.70790000
0.28260000	0.22200000
0.24580000	0.21970000
0.22120000	0.21560000
0.20890000	0.21210000
0.22120000	0.20890000
5.68980000	7.42420000
7.68070000	11.24200000
1.58530000	3.80270000
1.08140000	1.22900000
1.02000000	1.89430000
1.78190000	2.96060000
2.32260000	3.67830000
1.13060000	1.19170000
1.06920000	1.25650000
1.08140000	2.25290000
0.76190000	1.11420000
0.62670000	1.08390000
0.56530000	0.98460000
0.52840000	0.90600000
0.47930000	0.84350000
0.44240000	0.79360000
0.41780000	0.75350000
0.40550000	0.72100000
0.39330000	0.69450000
0.36870000	0.67270000
0.49160000	0.65750000
0.65130000	1.23200000
0.45470000	0.63010000
0.41780000	0.72220000
0.39330000	0.69860000
0.36870000	0.66810000
0.34410000	0.65720000
1.47470000	2.17780000
1.16750000	1.97210000
0.83570000	0.89520000
0.71280000	0.87930000
0.66360000	0.83120000
0.78650000	0.78310000
0.78650000	0.74430000
2.88790000	2.66110000
2.50700000	3.71920000
2.49470000	4.88730000
1.70820000	2.92790000
1.47470000	1.22970000
2.82650000	1.13260000
2.58070000	1.03950000
1.22890000	0.96560000
1.10600000	0.90660000
0.99540000	0.85930000
0.95850000	0.82100000
0.92170000	0.78990000
3.56380000	1.58470000
2.72820000	2.60730000
1.78190000	0.98570000
1.35180000	1.08200000
1.15520000	3.73310000
1.09370000	3.22820000
1.05690000	1.33820000
1.06920000	1.27890000
0.89710000	1.17020000
0.77420000	1.08300000
0.70050000	1.01470000
0.72510000	0.95880000
0.65130000	0.91290000
0.35640000	0.87640000
0.57760000	0.84650000
0.70050000	0.83820000
0.76190000	0.80130000
0.54070000	0.86600000
0.51610000	0.83540000
0.49160000	0.81020000
0.49160000	0.78910000
0.46700000	0.77120000
0.46700000	0.75590000
0.46700000	0.74250000
0.49160000	0.73080000
0.55300000	0.72020000
2.21200000	0.73680000
11.49030000	6.25100000
5.08770000	3.19790000
3.52700000	2.22470000
2.98620000	4.17370000
2.05230000	2.56830000
1.60990000	1.31790000
1.42550000	1.20470000
14.13240000	7.90010000
9.24140000	12.36700000
4.01850000	6.03290000
2.54380000	1.85930000
1.99080000	1.54860000
1.75730000	1.39690000
1.62220000	1.28710000
1.47470000	1.19970000
1.10600000	1.12990000
1.10600000	1.07370000
1.04460000	1.02820000
1.17980000	0.99110000
1.10600000	0.96040000
0.98310000	0.93490000
0.79880000	0.91330000
0.79880000	0.89480000
0.73730000	0.87870000
0.67590000	0.86460000
0.67590000	0.85190000
0.67590000	0.84050000
0.67590000	0.83000000
0.61450000	0.82020000
0.61450000	0.81100000
0.58990000	0.80230000
0.58990000	0.79400000
0.58990000	0.78600000
0.56530000	0.77830000
0.67590000	0.77080000
0.86020000	0.76350000
0.79880000	0.75630000
0.92170000	0.74920000
1.22890000	0.74230000
1.84340000	0.73550000
1.35180000	0.72880000
1.31490000	0.72210000
2.02770000	0.71550000
1.21660000	0.70910000
1.09370000	0.70260000
1.19200000	0.69630000
3.72360000	0.69000000
2.45780000	0.68380000
1.49930000	0.67760000
1.16750000	0.67150000
1.08140000	0.66540000
1.10600000	0.65950000
3.41640000	0.65350000
11.35510000	3.15280000
9.64690000	5.89190000
3.44090000	2.02420000
2.19970000	0.65910000
2.75280000	0.64890000
3.53930000	4.97990000
3.08460000	9.68060000
2.51930000	5.97270000
2.08910000	2.41710000
1.84340000	1.32070000
1.72050000	2.28340000
1.51160000	1.28610000
1.29040000	1.24080000
1.15520000	1.13920000
1.53610000	1.08580000
1.64670000	2.70380000
1.69590000	0.96480000
1.37640000	1.01600000
1.13060000	0.95840000
1.00770000	0.91200000
0.90940000	0.87430000
0.86020000	0.84360000
0.77420000	0.81810000
0.79880000	0.81370000
0.81110000	0.78220000
0.81110000	0.76660000
0.79880000	0.75250000
0.70050000	0.74020000
0.83570000	0.75690000
0.71280000	0.71950000
0.63900000	0.71610000
0.70050000	0.70710000
0.70050000	1.05640000
1.03230000	0.70730000
1.16750000	0.68880000
1.14290000	1.15420000
1.41320000	0.67800000
2.18750000	1.01890000
2.15060000	1.24470000
1.65900000	0.66920000
1.11830000	0.65400000
0.90940000	0.64610000
0.81110000	0.63880000
0.86020000	0.64140000
0.79880000	0.62520000
0.71280000	0.61880000
0.67590000	0.61980000
0.63900000	0.60670000
0.60220000	0.60090000
0.54070000	0.59520000
0.51610000	0.58970000
0.50390000	0.58420000
0.60220000	0.58030000
0.52840000	0.57350000
0.49160000	0.56830000
0.46700000	0.56310000
0.45470000	0.55800000
0.43010000	0.55290000
0.39330000	0.54790000
0.38100000	0.54300000
0.36870000	0.53810000
0.35640000	0.53320000
0.35640000	0.52840000
0.34410000	0.52360000
0.43010000	0.57980000
1.38870000	1.31290000
0.87250000	0.55510000
0.62670000	0.52930000
0.54070000	0.52060000
0.73730000	0.58820000
0.55300000	0.51480000
0.46700000	0.50690000
0.44240000	0.50200000
0.40550000	0.49310000
0.36870000	0.48710000
0.33180000	0.48750000
0.29490000	0.47620000
0.28260000	0.47120000
0.30720000	0.46630000
0.43010000	0.48880000
0.35640000	0.46360000
0.28260000	0.45450000
0.27040000	0.44990000
0.35640000	0.48770000
0.29490000	0.46170000
0.27040000	0.44240000
0.22120000	0.43730000
0.24580000	0.43250000
0.29490000	0.47920000
0.28260000	0.46470000
0.24580000	0.43070000
0.22120000	0.42470000
0.19660000	0.41920000
0.19660000	0.41420000
0.19660000	0.40930000
0.18430000	0.40480000
0.39330000	0.48750000
0.30720000	0.41180000
0.23350000	0.40490000
0.19660000	0.39900000
0.17200000	0.39370000
0.15980000	0.38880000
0.14750000	0.38430000
0.14750000	0.38000000
0.13520000	0.37590000
0.13520000	0.37200000
0.12290000	0.36830000
0.11670000	0.36470000
0.10570000	0.36120000
0.17200000	0.35770000
0.60220000	0.41740000
0.40550000	0.44230000
0.82340000	0.42530000
0.41780000	0.39890000
0.29490000	0.36470000
0.24580000	0.35890000
0.34410000	0.46100000
0.28260000	0.37360000
0.19660000	0.35890000
0.15980000	0.35180000
0.17200000	0.37130000
0.19660000	0.37630000
0.15980000	0.37240000
0.13520000	0.38030000
0.13520000	0.33860000
0.15980000	0.33410000
0.13520000	0.32900000
0.11060000	0.32400000
0.09590000	0.31970000
0.11920000	0.33510000
0.11310000	0.33480000
0.09340000	0.30860000
0.10320000	0.34110000
0.08360000	0.34000000
0.08360000	0.30580000
0.07370000	0.30170000
0.09460000	0.33810000
0.10690000	0.29880000
0.12290000	0.31870000
0.18430000	0.35300000
0.25810000	0.75450000
0.22120000	0.34540000
0.18430000	0.32280000
0.24580000	0.33450000
1.06920000	0.38070000
0.39330000	0.30510000
0.22120000	0.29840000
0.14750000	0.29210000
0.12170000	0.28670000
0.13520000	0.28190000
0.25810000	0.32090000
1.13060000	1.51040000
0.56530000	0.34250000
0.35640000	0.32760000
0.23350000	0.29220000
0.17200000	0.28500000
0.13520000	0.27890000
0.14750000	0.27370000
0.29490000	0.30920000
0.40550000	0.31110000
0.22120000	0.26990000
0.17200000	0.26510000
0.13520000	0.26080000
0.11310000	0.25700000
0.09830000	0.25360000
0.07620000	0.25040000
0.06640000	0.24750000
0.07500000	0.24470000
0.06880000	0.24210000
0.05160000	0.23960000
0.04550000	0.23720000
0.04550000	0.23490000
0.04550000	0.23260000
0.04550000	0.23040000
0.05160000	0.22820000
0.05410000	0.22610000
0.05160000	0.22400000
0.05650000	0.22200000
0.06390000	0.25410000
0.07250000	0.23480000
0.07130000	0.22000000
0.05780000	0.21740000
0.04670000	0.21490000
0.04550000	0.21260000
0.04550000	0.21040000
0.04670000	0.22830000
0.06270000	0.24380000
0.06640000	0.20990000
0.05410000	0.20860000
0.05780000	0.20570000
0.06510000	0.22280000
0.13520000	0.23730000
0.09830000	0.21340000
0.06270000	0.20250000
0.06020000	0.19940000
0.09220000	0.23480000
0.07870000	0.19780000
0.07130000	0.19700000
0.09090000	0.23370000
0.11430000	0.19510000
0.17200000	0.23870000
0.11800000	0.19580000
0.09090000	0.19540000
0.07500000	0.19160000
0.07370000	0.18840000
0.06640000	0.18540000
0.06390000	0.18280000
0.06140000	0.18050000
0.05530000	0.39760000
0.05410000	0.43410000
0.06760000	0.40900000
0.10570000	0.44360000
0.18430000	3.22270000
0.83570000	12.27990000
0.34410000	7.00030000
0.25810000	1.39640000
0.22120000	1.31440000
0.17200000	1.15750000
0.14750000	1.03400000
0.13520000	0.93670000
0.13520000	0.85970000
0.18430000	1.23060000
0.70050000	5.53990000
0.52840000	3.82250000
0.38100000	0.98850000
0.27040000	1.00820000
0.22120000	0.92580000
0.19660000	0.86040000
7.06620000	15.02090000
2.04000000	11.65490000
0.92170000	1.78040000
0.61450000	1.54710000
0.46700000	1.38680000
0.40550000	1.25140000
0.35640000	1.15170000
0.31950000	1.07250000
0.31950000	1.01720000
0.30720000	0.96180000
0.28260000	0.92910000
0.29490000	0.96360000
0.45470000	2.08860000
0.58990000	1.12120000
0.54070000	1.18550000
0.45470000	1.10640000
0.40550000	1.03440000
0.54070000	0.97770000
0.95850000	1.61900000
0.60220000	0.96430000
0.46700000	1.04400000
0.98310000	1.91090000
3.47780000	5.67050000
1.25350000	3.28230000
0.98310000	1.32380000
1.26580000	1.19390000
1.30260000	1.11040000
1.20430000	1.04490000
1.22890000	0.99240000
1.88020000	0.94980000
1.91710000	0.92170000
2.47010000	0.90670000
1.86790000	0.89640000
1.49930000	0.87240000
1.19200000	0.85460000
0.98310000	0.83430000
0.99540000	0.81690000
1.45010000	0.82860000
9.24140000	5.09310000
2.69130000	2.95480000
1.62220000	1.17440000
1.99080000	1.77610000
2.12600000	1.26840000
1.62220000	1.21630000
2.42090000	2.22600000
1.40100000	1.44940000
1.16750000	1.29040000
0.92170000	1.17900000
0.78650000	1.09990000
0.66360000	1.03750000
0.45470000	0.98730000
0.54070000	0.94660000
0.66360000	0.91330000
0.86020000	0.88570000
1.22890000	0.86270000
3.66210000	0.85900000
2.51930000	0.85340000
1.70820000	0.89970000
1.41320000	0.88480000
1.15520000	0.85760000
1.08140000	0.83490000
1.40100000	0.81570000
1.41320000	0.79930000
1.32720000	0.78500000
1.26580000	0.77250000
1.16750000	0.76120000
0.97080000	0.75100000
0.97080000	0.74170000
1.04460000	0.73290000
0.97080000	0.72480000
0.86020000	0.71700000
0.73730000	0.70960000
0.66360000	0.70250000
0.54070000	0.69560000
0.49160000	0.68890000
0.58990000	0.68230000
0.73730000	0.67590000
0.78650000	0.66960000
0.71280000	0.66340000
0.70050000	0.65730000
0.67590000	0.65130000
0.63900000	0.64540000
0.61450000	0.63950000
0.58990000	0.63370000
0.58990000	0.62800000
0.58990000	0.62230000
0.63900000	0.61670000
0.66360000	0.61110000
3.09680000	0.60560000
16.59030000	2.11640000
22.61190000	21.74970000
7.07850000	14.07480000
3.68670000	2.15210000
2.74050000	1.72840000
2.02770000	1.52400000
7.82810000	3.53100000
3.93250000	3.64050000
2.71590000	1.57780000
4.10460000	1.35500000
2.66670000	1.23880000
2.04000000	1.15160000
1.76960000	1.08250000
1.41320000	1.02710000
1.16750000	0.98240000
1.04460000	0.94590000
0.92170000	0.91580000
0.81110000	0.89070000
0.72510000	0.86960000
0.68820000	0.85160000
0.65130000	0.83600000
0.98310000	0.82230000
1.96630000	0.82940000
1.59760000	0.80510000
1.35180000	2.84860000
1.22890000	2.70910000
1.10600000	1.09600000
1.04460000	1.04230000
0.98310000	0.98400000
0.92170000	0.93770000
0.86020000	0.90010000
0.79880000	0.86930000
0.73730000	0.84380000
1.22890000	0.82240000
7.37340000	7.71020000
3.68670000	8.30960000
2.70360000	3.26760000
1.96630000	2.76580000
1.59760000	3.02100000
1.47470000	1.49370000
1.35180000	1.29940000
3.88340000	1.90720000
1.89250000	1.51250000
1.35180000	1.25480000
1.10600000	1.15410000
0.95850000	1.08680000
1.00770000	1.03280000
0.98310000	0.98900000
0.98310000	0.95320000
0.95850000	0.92370000
0.93400000	0.89910000
0.86020000	0.87830000
0.81110000	0.86050000
0.78650000	0.84500000
0.73730000	0.83140000
0.81110000	0.81930000
1.72050000	1.53940000
5.56700000	5.95850000
2.98620000	2.89340000
1.94170000	0.85520000
1.89250000	0.85930000
2.42090000	1.80270000
2.83880000	9.93990000
2.26120000	6.19040000
1.63440000	1.53170000
1.41320000	1.33200000
1.25350000	1.21920000
6.82040000	1.87490000
5.55470000	3.86480000
2.12600000	1.39100000
1.64670000	1.20300000
1.73280000	1.13310000
1.60990000	1.06810000
1.64670000	1.02190000
1.74500000	0.98950000
1.41320000	0.98010000
1.25350000	0.90600000
1.40100000	0.88130000
1.74500000	0.86060000
1.81880000	0.84290000
1.52380000	0.82760000
1.41320000	0.81410000
1.17980000	0.80210000
1.19200000	0.79120000
1.26580000	0.79820000
3.19520000	6.55680000
26.17570000	15.94700000
11.71150000	14.23130000
4.66990000	4.65450000
3.57610000	1.62980000
2.94940000	1.67280000
2.74050000	1.32930000
2.11370000	1.22850000
4.26430000	1.99250000
3.04770000	1.15280000
3.04770000	1.03660000
18.06500000	4.56880000
10.61780000	9.82910000
5.53010000	5.61940000
3.03540000	1.27560000
2.35950000	1.20190000
1.78190000	1.11610000
1.73280000	1.05920000
5.13680000	1.90680000
4.23970000	4.89110000
3.08460000	3.80890000
2.02770000	0.99840000
2.38410000	0.96730000
2.29810000	1.74970000
2.23660000	1.80020000
1.62220000	0.90830000
1.35180000	0.88430000
1.69590000	1.45320000
10.04020000	3.59440000
12.17850000	8.32750000
12.90350000	12.21580000
4.44860000	6.06070000
2.77730000	1.58110000
2.04000000	1.43310000
1.67130000	1.31600000
1.51160000	1.22290000
1.30260000	1.14870000
1.14290000	1.08910000
0.98310000	1.04090000
8.39340000	7.82010000
2.70360000	4.09250000
1.74500000	0.97640000
1.63440000	0.96620000
1.19200000	0.91550000
0.99540000	0.89910000
0.92170000	0.88200000
0.79880000	0.86700000
0.73730000	0.85380000
0.66360000	0.84180000
0.61450000	0.83090000
0.55300000	0.82080000
0.50390000	0.81140000
0.50390000	0.81930000
0.55300000	0.97920000
0.63900000	0.81210000
0.51610000	0.78640000
2.50700000	2.21750000
2.78960000	3.77100000
1.22890000	0.78370000
0.89710000	0.79820000
1.06920000	2.25540000
0.92170000	3.79630000
0.72510000	1.78900000
0.60220000	0.77500000
0.51610000	0.74640000
0.45470000	0.73520000
0.40550000	0.72510000
0.44240000	0.73420000
1.32720000	2.10990000
1.67130000	2.64460000
0.90940000	1.42810000
0.60220000	0.70440000
0.51610000	0.70280000
0.56530000	0.69740000
0.72510000	1.05820000
0.49160000	0.67180000
0.40550000	0.66420000
0.35640000	0.65640000
0.31950000	0.64900000
0.65130000	3.25710000
0.44240000	0.64800000
0.35640000	0.64380000
0.33180000	0.63800000
0.40550000	0.64450000
0.31950000	0.61930000
0.25810000	0.61230000
0.23350000	0.60570000
0.25810000	0.60920000
0.23350000	0.59330000
0.22120000	0.59260000
0.20890000	0.58170000
0.19660000	0.57610000
0.17200000	0.57070000
0.17200000	0.56540000
0.33180000	0.59780000
0.39330000	1.73730000
0.23350000	0.56990000
0.19660000	0.56350000
0.35640000	0.76400000
0.43010000	0.59290000
0.24580000	0.55620000
0.19660000	0.54720000
0.17200000	0.53920000
0.15980000	0.53200000
0.15980000	0.54800000
0.22120000	0.53520000
0.19660000	0.53180000
0.14750000	0.50790000
0.14750000	0.50260000
0.47930000	0.57020000
0.52840000	1.48300000
0.33180000	0.53980000
0.27040000	0.51300000
0.38100000	0.50850000
0.25810000	0.49150000
0.19660000	0.48460000
0.17200000	0.47830000
0.14750000	0.47250000
0.15980000	0.46700000
0.63900000	2.99290000
0.35640000	0.47760000
0.22120000	0.47440000
0.17200000	0.46610000
0.14750000	0.45880000
0.13520000	0.45230000
0.12290000	0.44630000
0.17200000	0.46620000
0.15980000	0.43570000
0.13520000	0.43290000
0.11670000	0.42790000
0.11670000	0.42330000
0.11060000	0.42210000
0.09950000	0.41460000
0.12290000	0.43030000
0.29490000	0.46280000
0.14750000	0.41190000
0.11310000	0.40710000
0.10080000	0.40200000
0.09950000	0.39720000
0.08730000	0.39280000
0.07620000	0.38850000
0.07500000	0.38450000
0.07500000	0.38060000
0.07130000	0.37690000
0.07000000	0.37330000
0.07250000	0.36970000
0.13520000	0.36620000
0.11310000	0.36280000
0.09830000	0.39370000
0.15980000	0.39180000
0.17200000	0.39680000
0.13520000	0.37710000
0.11670000	0.35900000
0.11180000	0.35420000
0.45470000	0.42230000
0.49160000	0.42780000
0.36870000	0.37980000
0.45470000	0.42210000
0.63900000	0.39260000
3.69900000	2.51190000
0.76190000	0.37570000
0.44240000	0.36790000
0.33180000	0.35830000
0.29490000	0.35030000
0.36870000	0.39660000
0.27040000	0.34330000
0.40550000	0.38960000
0.38100000	0.36050000
0.27040000	0.33960000
2.08910000	0.38040000
2.33490000	5.14520000
0.83570000	0.40350000
0.52840000	0.43790000
0.40550000	0.41350000
0.35640000	0.40940000
0.30720000	0.37790000
0.27040000	0.36710000
0.25810000	0.35590000
0.24580000	0.34650000
0.24580000	0.33860000
0.24580000	0.34100000
0.90940000	2.49700000
0.89710000	0.51080000
0.52840000	0.48860000
0.41780000	0.51040000
0.35640000	0.47860000
0.30720000	0.44480000
0.28260000	0.42150000
0.25810000	0.40260000
0.27040000	0.38720000
10.56860000	6.40580000
13.76380000	13.89730000
6.41490000	9.17260000
4.10460000	3.97890000
2.34720000	1.43800000
2.29810000	1.38030000
1.73280000	1.22560000
1.20430000	1.13430000
0.98310000	1.11960000
1.04460000	1.02900000
0.98310000	0.94840000
1.64670000	1.78260000
1.46240000	2.15820000
1.05690000	0.99960000
0.98310000	1.88820000
0.92170000	1.01540000
0.83570000	1.10800000
0.94630000	1.01010000
0.83570000	1.00400000
0.78650000	0.93800000
9.46260000	4.84190000
8.24600000	11.38230000
3.71130000	7.37360000
2.51930000	1.89000000
1.84340000	1.53680000
1.45010000	1.37160000
1.25350000	1.25380000
1.08140000	1.16040000
0.98310000	1.08590000
1.04460000	1.05280000
1.40100000	2.88670000
1.27810000	1.28670000
1.08140000	1.19730000
0.93400000	1.10260000
0.83570000	1.03930000
0.77420000	0.98960000
0.77420000	0.94940000
0.74960000	0.91640000
1.78190000	0.88910000
1.26580000	0.86630000
1.03230000	0.84690000
1.06920000	0.83030000
1.19200000	0.81580000
10.78980000	2.58210000
6.35350000	11.56410000
2.92480000	6.90530000
3.21970000	3.00320000
2.42090000	3.27400000
1.91710000	1.51020000
1.63440000	1.33450000
1.43780000	1.23010000
1.26580000	1.15020000
1.11830000	1.08630000
1.09370000	1.03480000
1.49930000	1.01460000
2.62990000	3.79390000
1.99080000	2.93780000
1.37640000	1.37720000
1.21660000	1.18560000
1.47470000	1.12700000
1.21660000	1.37620000
1.04460000	1.15480000
0.82340000	1.08100000
0.98310000	1.03010000
1.26580000	0.98870000
1.25350000	0.95490000
8.43030000	6.21070000
2.85110000	5.38910000
1.72050000	1.44530000
1.63440000	1.25850000
2.90020000	1.17200000
3.71130000	3.62900000
2.49470000	3.78800000
1.35180000	1.52500000
1.35180000	1.54680000
1.89250000	1.28240000
4.36260000	2.19000000
2.18750000	1.85820000
3.57610000	1.37710000
2.93710000	3.91990000
1.72050000	3.31590000
1.22890000	1.44860000
1.08140000	1.28230000
0.95850000	1.19740000
0.88480000	1.13470000
0.86020000	1.08400000
0.83570000	1.04270000
0.81110000	1.00880000
0.79880000	0.98060000
0.78650000	0.95680000
0.78650000	0.93660000
0.78650000	0.91920000
0.78650000	0.90380000
0.76190000	0.89020000
0.76190000	0.87790000
0.93400000	0.86670000
6.14450000	0.85630000
2.59300000	0.84660000
3.84650000	0.83740000
2.56840000	0.82870000
1.72050000	0.82020000
1.47470000	0.81210000
1.22890000	0.80420000
1.15520000	0.79650000
1.17980000	0.78900000
1.29040000	0.78170000
1.19200000	0.77440000
1.21660000	0.76730000
1.25350000	0.76030000
4.73130000	2.44260000
2.56840000	2.21640000
1.75730000	0.75150000
1.41320000	0.79450000
1.03230000	0.77650000
0.93400000	0.76100000
0.86020000	0.74760000
0.81110000	0.73570000
0.78650000	0.72510000
0.76190000	0.71540000
0.73730000	0.70650000
0.68820000	0.69830000
0.76190000	0.69050000
0.98310000	0.68320000
8.84810000	5.47830000
7.87730000	7.30170000
14.86980000	8.59670000
10.10160000	12.86390000
3.17060000	6.91640000
2.19970000	1.91030000
1.70820000	1.59030000
1.89250000	1.42400000
18.67940000	14.07220000
5.44410000	12.35480000
3.28120000	2.79320000
6.69760000	3.22010000
3.29350000	4.10510000
2.32260000	1.79750000
2.10140000	1.50950000
2.28580000	6.24130000
1.99080000	5.03270000
1.88020000	1.59470000
1.73280000	1.43450000
3.52700000	1.33800000
3.83420000	1.26860000
2.42090000	1.26510000
1.73280000	1.14940000
7.43490000	1.10790000
5.01390000	1.07390000
2.28580000	1.04550000
1.94170000	1.02150000
2.01540000	1.00100000
1.78190000	0.98310000
1.78190000	0.96740000
1.80650000	0.95330000
6.90650000	1.61630000
2.35950000	0.99370000
1.74500000	0.92570000
4.85420000	0.91400000
11.45340000	11.12850000
3.83420000	11.00780000
3.42870000	8.22780000
4.01850000	4.11650000
3.83420000	2.27820000
4.68210000	1.85190000
2.93710000	1.36600000
2.65440000	2.27520000
2.07690000	2.52480000
1.70820000	1.13990000
1.51160000	1.08970000
1.46240000	1.05370000
1.36410000	1.02780000
1.16750000	1.02910000
1.05690000	0.96500000
0.97080000	0.94460000
0.94630000	0.92700000
1.81880000	0.91590000
3.39180000	4.49800000
2.11370000	3.96350000
1.64670000	0.88950000
1.31490000	0.87580000
1.41320000	1.51190000
1.95400000	3.48720000
2.12600000	0.85230000
1.73280000	0.86110000
1.56070000	0.83560000
1.46240000	0.82540000
1.53610000	0.83070000
1.19200000	0.80620000
1.03230000	0.79740000
0.92170000	0.78910000
0.83570000	0.78100000
1.67130000	1.32630000
1.52380000	0.77510000
1.09370000	0.76590000
0.93400000	0.75730000
0.86020000	0.75480000
0.93400000	0.76140000
0.97080000	0.75480000
0.78650000	0.72790000
1.19200000	1.03210000
1.00770000	0.71990000
0.81110000	0.71520000
0.89710000	0.72970000
1.08140000	0.72020000
1.17980000	0.71220000
1.19200000	0.71180000
1.22890000	1.03160000
0.90940000	0.68180000
1.30260000	0.93060000
2.21200000	2.26690000
2.01540000	1.29690000
1.46240000	0.66810000
7.53320000	3.40270000
8.57780000	6.24660000
2.76500000	2.06130000
1.94170000	0.73560000
1.48700000	0.71010000
1.25350000	0.68920000
1.11830000	0.69630000
1.02000000	0.65690000
0.88480000	0.64570000
0.78650000	0.63430000
0.71280000	0.62420000
0.74960000	0.62520000
0.78650000	0.62230000
4.53470000	4.33440000
8.72520000	5.14150000
3.40410000	2.36720000
1.76960000	0.60730000
1.29040000	0.59660000
1.03230000	0.58710000
1.31490000	0.60780000
1.10600000	0.57660000
0.86020000	0.56590000
0.72510000	0.55900000
0.62670000	0.55250000
0.55300000	0.54640000
0.54070000	0.54600000
0.51610000	0.53970000
0.45470000	0.52980000
0.41780000	0.52460000
0.46700000	0.56800000
0.47930000	0.52720000
0.54070000	0.56250000
0.44240000	0.51670000
0.40550000	0.51770000
0.36870000	0.51230000
0.33180000	0.49850000
1.40100000	0.66770000
0.97080000	4.50140000
0.63900000	0.53980000
0.51610000	0.52700000
0.40550000	0.50130000
0.34410000	0.49220000
0.29490000	0.48430000
0.29490000	0.47720000
0.29490000	0.50000000
0.24580000	0.46990000
0.23350000	0.47070000
0.25810000	0.46050000
0.25810000	0.45040000
0.23350000	0.45130000
0.24580000	0.44100000
0.88480000	3.37670000
0.51610000	0.47470000
0.31950000	0.45320000
0.24580000	0.44490000
0.22120000	0.43760000
0.18430000	0.43110000
0.17200000	0.42520000
0.18430000	0.45210000
0.14750000	0.41840000
0.13520000	0.41310000
0.13520000	0.43750000
0.11670000	0.40350000
0.17200000	0.41870000
0.46700000	0.85960000
0.24580000	0.40660000
0.19660000	0.42310000
0.18430000	0.39470000
0.14750000	0.38970000
0.14750000	0.38470000
0.15980000	0.38050000
0.19660000	0.39430000
0.14750000	0.37160000
0.14750000	0.36770000
0.11060000	0.36400000
0.10200000	0.36040000
0.09830000	0.36540000
0.22120000	0.43520000
0.18430000	0.38830000
0.10940000	0.36240000
0.09590000	0.35660000
0.08480000	0.35140000
0.07500000	0.34670000
0.07130000	0.34230000
0.06880000	0.33830000
0.07870000	0.35870000
0.22120000	0.38250000
0.20890000	0.36960000
0.11550000	0.33590000
0.10200000	0.36500000
0.10810000	0.34550000
0.10940000	0.34400000
0.09460000	0.32130000
0.08600000	0.31720000
0.12290000	0.38230000
0.23350000	0.35280000
0.29490000	0.36830000
0.19660000	0.34180000
0.14750000	0.32180000
0.11800000	0.31400000
0.10810000	0.30870000
0.10080000	0.30400000
0.12290000	0.33420000
0.12290000	0.29940000
0.10080000	0.29640000
0.10320000	0.31450000
0.10810000	0.28860000
0.36870000	0.46860000
0.23350000	0.29910000
0.14750000	0.29700000
0.11920000	0.30110000
0.12290000	0.30160000
0.14750000	0.29780000
0.14750000	0.27870000
0.13520000	0.29090000
0.18430000	0.31730000
0.51610000	1.91630000
0.31950000	0.31240000
0.27040000	0.28720000
0.20890000	0.28090000
0.19660000	0.27500000
0.19660000	0.27000000
0.28260000	0.32560000
0.22120000	0.26980000
0.36870000	0.32130000
0.46700000	0.30250000
0.29490000	0.27020000
0.24580000	0.26640000
0.22120000	0.27220000
0.19660000	0.25640000
0.34410000	0.30380000
0.29490000	0.25430000
0.24580000	0.25440000
4.60840000	8.24670000
3.17060000	6.95430000
2.67900000	4.37090000
1.06920000	1.70120000
0.82340000	1.05050000
0.62670000	0.90840000
5.08770000	4.76190000
1.32720000	2.20290000
0.81110000	1.08460000
0.62670000	0.94950000
0.50390000	0.88200000
0.45470000	0.82950000
0.41780000	0.74710000
0.39330000	0.70360000
0.38100000	0.66470000
0.35640000	0.63340000
0.33180000	0.60790000
0.31950000	0.58710000
0.30720000	0.56980000
0.28260000	0.55540000
0.28260000	0.54310000
0.28260000	0.53260000
0.34410000	0.54580000
0.49160000	1.96600000
0.43010000	0.91430000
0.39330000	0.52230000
0.38100000	0.51150000
0.36870000	0.51200000
2.80190000	4.85370000
1.26580000	2.26640000
0.81110000	0.96590000
0.66360000	0.91040000
0.58990000	0.83370000
1.08140000	0.77280000
6.74670000	5.46910000
3.12140000	7.15430000
1.84340000	2.97360000
1.33950000	1.25910000
1.00770000	1.22240000
0.89710000	1.12650000
1.03230000	1.04770000
1.02000000	0.96180000
0.83570000	0.97140000
0.77420000	0.98030000
0.72510000	0.91920000
0.70050000	0.92510000
0.78650000	0.97870000
0.97080000	0.91620000
0.95850000	0.86620000
0.95850000	0.82580000
0.99540000	0.79300000
1.03230000	0.76610000
1.11830000	0.74380000
1.70820000	0.74950000
2.86340000	5.16270000
2.21200000	4.42160000
2.05230000	1.10650000
1.47470000	1.16610000
2.96170000	1.09340000
3.37950000	6.24580000
3.29350000	5.49880000
2.99850000	3.01780000
3.56380000	3.95200000
2.97400000	3.71580000
1.85570000	1.84800000
1.37640000	1.47330000
2.31030000	2.01430000
2.00310000	3.21310000
1.62220000	1.83770000
1.54840000	1.41620000
1.47470000	1.28150000
1.40100000	1.19150000
1.24120000	1.12100000
1.35180000	1.06430000
1.42550000	1.01850000
1.32720000	0.98100000
1.31490000	0.95020000
1.22890000	0.92450000
1.32720000	0.90280000
1.32720000	1.84600000
1.26580000	2.59630000
1.32720000	1.08810000
2.15060000	1.91410000
1.62220000	1.29680000
1.22890000	1.19040000
1.84340000	1.09540000
1.76960000	1.03680000
3.88340000	1.93720000
3.57610000	4.76180000
2.61760000	3.21540000
1.90480000	1.38100000
1.47470000	1.22480000
1.35180000	1.14150000
1.22890000	1.07800000
1.14290000	1.02690000
1.32720000	0.98540000
4.91560000	3.65300000
9.83130000	12.68810000
6.14450000	8.73290000
6.96790000	3.72020000
12.28910000	5.09410000
36.86720000	22.64690000
15.97580000	23.95540000
7.37340000	11.32500000
3.68670000	3.78620000
2.82650000	2.40850000
2.08910000	2.01740000
1.84340000	1.80920000
1.75730000	1.65980000
1.62220000	1.54410000
1.46240000	1.45170000
1.35180000	1.37750000
1.22890000	1.31740000
1.11830000	1.26850000
0.99540000	1.22810000
0.90940000	1.19460000
1.47470000	1.16630000
2.70360000	1.14210000
1.84340000	1.12120000
1.04460000	1.10280000
0.98310000	1.08640000
0.93400000	1.07160000
1.02000000	1.05810000
2.45780000	3.36840000
1.38870000	3.58790000
1.09370000	1.32530000
1.11830000	1.13110000
1.24120000	2.85620000
0.98310000	3.35070000
0.82340000	1.44580000
0.67590000	1.24750000
0.61450000	1.17590000
0.61450000	1.13080000
0.55300000	1.09370000
0.61450000	1.08150000
0.86020000	4.17520000
1.78190000	3.86360000
1.46240000	2.68060000
0.82340000	1.62620000
0.73730000	1.29790000
0.70050000	1.20300000
1.67130000	2.38420000
7.37340000	7.14360000
5.53010000	5.58310000
2.45780000	2.02990000
1.91710000	1.58740000
1.74500000	1.44850000
1.60990000	1.30360000
1.53610000	1.24150000
1.54840000	2.43410000
1.63440000	1.59940000
1.64670000	1.20220000
2.28580000	1.14820000
5.53010000	4.71190000
3.68670000	4.10010000
2.19970000	1.23870000
1.90480000	1.18710000
1.68360000	1.34210000
1.46240000	1.12630000
1.35180000	1.05770000
1.49930000	1.02730000
2.33490000	1.76100000
2.11370000	2.55620000
1.38870000	1.28760000
1.16750000	1.06870000
1.10600000	1.01630000
1.10600000	0.98750000
1.10600000	0.96340000
0.98310000	0.94280000
1.22890000	0.92500000
1.88020000	0.91710000
7.72980000	2.07730000
5.91100000	5.40220000
3.08460000	2.98240000
2.51930000	1.10400000
2.18750000	1.01460000
1.86790000	0.97440000
1.88020000	0.94300000
12.41200000	1.94660000
7.92650000	10.63990000
3.78500000	5.98510000
4.10460000	2.16690000
2.44550000	1.44440000
1.90480000	1.21290000
1.78190000	1.13690000
1.86790000	1.09700000
1.81880000	1.11060000
1.53610000	1.04260000
1.37640000	0.95980000
1.21660000	0.93140000
1.09370000	0.90770000
1.05690000	0.88750000
2.54380000	0.88900000
3.67440000	4.74450000
1.84340000	2.42620000
1.46240000	0.84420000
1.24120000	0.83070000
1.10600000	0.81860000
1.47470000	0.83510000
1.41320000	0.80600000
1.43780000	0.81290000
1.16750000	0.78330000
1.26580000	0.77740000
10.44570000	7.62660000
3.02310000	4.09240000
1.88020000	0.77330000
1.47470000	0.76160000
1.27810000	0.75100000
1.08140000	0.74140000
0.99540000	0.73250000
1.05690000	0.73190000
0.88480000	0.71630000
0.79880000	0.70880000
0.76190000	0.70160000
0.76190000	0.70320000
0.73730000	0.68790000
0.94630000	0.85310000
0.99540000	0.69020000
1.05690000	0.96350000
0.81110000	0.67640000
0.74960000	0.68410000
0.71280000	0.66250000
0.92170000	0.86930000
0.84790000	1.01480000
4.90330000	4.97010000
3.49010000	5.64430000
1.65900000	0.65670000
1.08140000	0.64930000
0.86020000	0.63840000
0.74960000	0.62860000
0.90940000	0.86950000
0.66360000	0.61570000
0.55300000	0.60760000
0.49160000	0.60010000
0.44240000	0.59320000
0.41780000	0.58670000
0.36870000	0.58050000
0.34410000	0.57450000
0.31950000	0.56880000
0.35640000	0.57870000
0.31950000	0.55780000
0.27040000	0.55250000
0.33180000	0.54730000
0.39330000	0.56890000
0.41780000	0.55020000
0.65130000	1.67940000
0.40550000	0.54290000
0.41780000	0.57880000
0.31950000	0.53610000
0.27040000	0.52990000
0.24580000	0.52260000
0.22120000	0.51590000
0.25810000	0.52470000
0.23350000	0.50390000
0.20890000	0.49840000
0.25810000	0.52090000
0.29490000	0.52470000
0.31950000	0.49990000
0.31950000	0.52660000
0.27040000	0.48420000
0.29490000	0.49820000
0.25810000	0.50430000
0.24580000	0.48930000
0.20890000	0.46600000
0.17200000	0.46050000
0.15980000	0.45530000
0.13520000	0.45030000
0.15980000	0.44810000
0.17200000	0.51700000
0.14750000	0.44870000
6.45180000	9.54600000
1.65900000	3.89750000
0.78650000	0.48320000
1.84340000	3.53150000
1.68360000	2.01380000
3.14600000	2.03890000
0.94630000	0.46520000
0.60220000	0.45590000
1.15520000	0.44550000
4.33800000	5.28270000
1.20430000	0.88250000
1.19200000	0.78430000
39.32510000	7.36060000
12.28910000	12.46600000
3.69900000	5.13550000
2.00310000	1.43760000
1.36410000	1.26550000
1.04460000	1.13020000
0.84790000	1.02340000
0.72510000	0.93900000
0.63900000	0.87190000
0.68820000	0.81840000
0.62670000	0.77550000
0.51610000	0.74080000
0.99540000	1.68090000
0.79880000	2.05780000
0.55300000	0.68900000
1.36410000	2.89850000
0.90940000	0.66440000
0.60220000	0.65130000
0.49160000	0.63700000
0.44240000	0.62470000
0.39330000	0.61440000
0.43010000	0.64110000
0.45470000	0.60060000
0.35640000	0.59190000
0.29490000	0.58410000
0.27040000	0.57690000
0.25810000	0.57020000
0.24580000	0.56380000
0.24580000	0.56200000
0.25810000	0.56210000
0.24580000	0.54660000
0.20890000	0.54120000
0.19660000	0.53600000
0.33180000	0.57380000
0.47930000	0.61520000
0.68820000	0.58300000
0.38100000	0.53950000
0.25810000	0.53120000
0.24580000	0.53460000
0.23350000	0.51620000
0.20890000	0.50960000
0.43010000	0.57760000
0.56530000	0.55320000
0.30720000	0.51050000
0.23350000	0.50350000
0.22120000	0.49590000
0.22120000	0.51400000
0.20890000	0.48280000
0.60220000	0.55420000
0.31950000	0.49360000
0.23350000	0.47780000
0.19660000	0.47100000
0.19660000	0.47980000
0.23350000	0.47410000
0.22120000	0.45640000
0.19660000	0.44900000
0.19660000	0.44420000
0.19660000	0.48450000
0.17200000	0.44050000
0.15980000	0.43750000
0.14750000	0.43220000
0.63900000	0.50530000
0.65130000	0.49820000
0.43010000	0.45830000
0.33180000	0.43970000
0.24580000	0.42800000
0.20890000	0.42120000
0.18430000	0.41510000
0.17200000	0.40950000
0.17200000	0.40440000
0.20890000	0.43800000
0.22120000	0.39970000
0.17200000	0.39670000
0.15980000	0.39170000
0.22120000	0.46190000
0.22120000	0.40280000
0.20890000	0.39170000
0.24580000	0.40920000
0.19660000	0.38000000
0.17200000	0.37850000
0.17200000	0.37320000
0.22120000	0.36850000
0.34410000	1.15350000
0.23350000	0.37260000
0.19660000	0.37130000
0.28260000	0.39830000
0.27040000	0.36870000
0.19660000	0.36030000
0.18430000	0.35470000
0.17200000	0.34970000
0.15980000	0.34510000
0.15980000	0.34090000
0.73730000	2.49240000
0.79880000	2.10500000
0.46700000	0.36600000
0.36870000	0.35290000
0.31950000	0.34610000
0.29490000	0.33950000
0.29490000	0.34920000
0.35640000	0.35650000
0.30720000	0.32920000
0.27040000	0.32660000
0.22120000	0.32160000
0.22120000	0.33360000
0.22120000	0.31300000
0.20890000	0.32050000
0.23350000	0.32030000
0.22120000	0.30510000
0.20890000	0.30350000
0.19660000	0.29970000
0.19660000	0.29620000
0.19660000	0.29300000
0.22120000	0.28980000
0.28260000	0.31840000
0.25810000	0.28720000
0.22120000	0.28710000
0.22120000	0.28340000
0.20890000	0.28000000
0.19660000	0.27680000
0.19660000	0.27370000
0.19660000	0.27090000
0.19660000	0.26810000
0.19660000	0.28040000
0.24580000	0.26920000
0.23350000	0.26770000
0.23350000	0.27260000
0.43010000	1.83240000
0.40550000	0.27950000
0.33180000	0.26870000
0.29490000	0.26330000
0.28260000	0.27240000
0.28260000	0.25670000
0.35640000	0.29850000
0.38100000	0.36850000
0.33180000	0.43820000
0.29490000	0.45280000
0.30720000	0.43950000
0.31950000	0.38780000
0.29490000	0.47410000
0.28260000	0.43680000
0.27040000	0.40720000
0.25810000	0.39160000
0.27040000	0.37400000
0.27040000	0.34980000
0.25810000	0.37850000
0.25810000	0.36080000
0.36870000	0.40430000
0.43010000	0.39270000
0.35640000	0.46180000
0.31950000	0.43040000
0.33180000	0.42480000
0.39330000	0.38510000
0.36870000	0.45070000
0.36870000	0.41370000
0.34410000	0.45090000
0.31950000	0.42010000
0.28260000	0.41370000
0.28260000	0.39440000
0.27040000	0.37860000
0.28260000	0.36570000
0.28260000	0.35500000
0.30720000	0.34600000
0.34410000	0.35830000
0.35640000	0.33210000
0.35640000	0.38890000
0.45470000	0.47100000
0.51610000	0.45040000
1.99080000	4.38860000
1.10600000	1.67910000
0.73730000	0.93250000
0.66360000	0.83200000
0.68820000	0.74960000
0.55300000	0.68450000
0.49160000	0.63280000
0.45470000	0.59170000
0.43010000	0.55880000
0.41780000	0.53230000
0.39330000	0.51080000
0.36870000	0.49310000
0.36870000	0.47850000
0.40550000	0.46630000
0.39330000	0.45590000
0.38100000	0.44700000
0.38100000	0.43930000
0.38100000	0.43240000
0.38100000	0.42630000
0.36870000	0.42060000
0.36870000	0.41550000
0.36870000	0.41070000
0.38100000	0.40610000
0.40550000	0.40180000
0.44240000	0.39770000
0.51610000	0.39370000
0.55300000	0.38990000
0.61450000	0.38620000
1.10600000	0.38250000
1.53610000	0.37890000
1.35180000	0.37540000
1.35180000	0.37190000
13.51800000	2.80650000
23.34930000	7.28560000
5.97250000	3.67200000
3.26890000	1.07070000
2.33490000	1.01390000
2.08910000	0.91040000
1.84340000	0.82610000
1.59760000	0.75940000
1.22890000	0.70640000
1.22890000	0.66410000
4.23970000	0.64460000
6.40260000	2.35310000
3.53930000	2.77620000
2.66670000	0.86370000
1.96630000	0.91060000
1.70820000	0.87760000
1.48700000	0.80980000
1.64670000	0.75560000
2.08910000	1.11580000
2.17520000	1.58150000
7.21370000	5.57750000
3.08460000	4.06580000
1.84340000	1.17050000
1.65900000	1.12530000
1.65900000	1.03360000
2.45780000	2.83080000
1.99080000	2.52000000
1.40100000	1.09150000
1.05690000	1.06010000
0.86020000	0.98030000
0.73730000	0.91680000
0.63900000	0.86590000
0.67590000	0.82490000
0.67590000	0.79170000
0.63900000	0.76440000
0.63900000	0.74180000
1.00770000	0.73760000
1.37640000	1.66390000
1.02000000	0.70580000
1.60990000	0.72970000
1.96630000	0.74090000
1.84340000	0.71870000
1.47470000	0.70010000
1.22890000	0.68430000
1.22890000	0.67080000
1.13060000	0.65910000
1.08140000	0.64870000
1.00770000	0.63930000
0.98310000	0.63090000
0.93400000	0.62310000
0.88480000	0.61590000
0.86020000	0.60900000
0.94630000	0.60260000
1.63440000	0.59640000
8.43030000	3.42210000
3.66210000	1.65960000
2.42090000	0.59890000
2.75280000	0.59740000
2.76500000	1.08320000
1.97850000	1.33410000
1.85570000	0.64560000
1.84340000	0.62400000
1.52380000	0.60710000
1.97850000	0.59280000
2.86340000	1.03690000
3.83420000	4.98010000
3.93250000	3.04670000
4.09230000	0.88170000
4.82960000	12.99120000
4.12910000	10.96890000
3.61300000	4.11890000
4.63300000	5.37730000
2.58070000	3.36010000
1.83110000	1.51520000
1.63440000	1.37090000
1.42550000	1.24580000
1.74500000	1.14210000
2.01540000	1.91710000
1.99080000	1.00750000
3.69900000	3.00680000
1.86790000	0.92690000
1.41320000	0.92120000
1.17980000	0.88690000
2.33490000	0.88390000
3.66210000	3.39700000
2.17520000	0.83040000
1.56070000	0.81080000
1.29040000	0.79380000
1.10600000	0.77920000
1.30260000	1.30910000
3.45320000	3.30560000
2.49470000	3.59300000
1.52380000	0.77260000
1.24120000	0.84910000
1.03230000	0.81830000
0.92170000	0.79290000
0.82340000	0.77170000
0.83570000	0.75380000
0.77420000	0.73850000
0.65130000	0.72520000
0.58990000	0.71350000
0.55300000	0.70300000
0.52840000	0.69350000
0.49160000	0.68480000
0.47930000	0.67680000
0.84790000	1.65720000
1.33950000	3.12550000
0.92170000	0.68900000
0.66360000	0.67040000
0.56530000	0.66030000
0.50390000	0.65110000
0.45470000	0.64270000
0.43010000	0.63500000
0.40550000	0.62770000
0.36870000	0.62090000
0.35640000	0.61440000
0.34410000	0.62790000
0.33180000	0.60210000
0.29490000	0.59630000
0.25810000	0.59060000
0.25810000	0.59880000
0.49160000	0.60540000
0.60220000	0.69720000
0.86020000	1.98370000
0.58990000	0.59640000
0.40550000	0.58280000
0.33180000	0.57360000
0.29490000	0.56540000
0.25810000	0.55790000
0.24580000	0.55100000
0.28260000	0.57000000
0.36870000	0.55020000
0.30720000	0.53820000
0.24580000	0.52760000
0.22120000	0.52230000
0.20890000	0.51710000
0.17200000	0.51210000
0.17200000	0.50720000
0.17200000	0.50250000
0.17200000	0.49780000
0.17200000	0.49320000
0.15980000	0.48860000
0.15980000	0.48410000
0.18430000	0.51320000
0.17200000	0.47930000
0.15980000	0.47420000
0.15980000	0.47960000
0.14750000	0.46480000
0.14750000	0.46030000
0.14750000	0.45590000
0.13520000	0.45150000
0.13520000	0.44730000
0.12290000	0.44320000
0.14750000	0.45310000
0.17200000	0.45700000
0.13520000	0.43110000
0.18430000	0.47390000
0.43010000	0.52140000
0.43010000	0.47910000
0.31950000	0.43940000
0.56530000	0.46990000
0.35640000	0.42920000
0.24580000	0.43800000
0.20890000	0.41610000
0.17200000	0.41060000
0.17200000	0.40540000
0.15980000	0.42140000
0.17200000	0.40280000
0.19660000	0.44180000
0.19660000	0.39380000
0.17200000	0.39040000
0.17200000	0.38550000
0.14750000	0.38100000
0.13520000	0.37680000
0.12290000	0.37270000
0.11310000	0.36890000
0.10690000	0.36520000
0.12290000	0.39790000
0.20890000	0.42240000
0.17200000	0.36750000
0.13520000	0.38370000
0.13520000	0.35700000
0.11310000	0.35240000
0.10080000	0.34820000
0.12170000	0.37640000
0.11310000	0.34390000
0.09590000	0.33980000
0.08480000	0.33590000
0.07990000	0.33220000
0.08970000	0.32870000
0.13520000	0.39650000
0.13520000	0.33240000
0.10080000	0.32790000
0.11920000	0.32340000
0.63900000	0.41360000
0.27040000	0.33230000
0.17200000	0.33590000
0.19660000	0.35550000
0.20890000	0.33600000
0.15980000	0.31460000
0.14750000	0.33210000
0.14750000	0.30560000
0.13520000	0.30240000
0.15980000	0.31890000
0.17200000	0.29520000
0.13520000	0.29280000
0.11670000	0.28950000
0.10690000	0.28640000
0.10200000	0.28340000
0.29490000	0.39810000
0.50390000	0.42100000
0.24580000	0.31420000
0.17200000	0.30720000
0.14750000	0.29930000
0.13520000	0.29250000
0.14750000	0.32570000
0.29490000	0.34300000
0.20890000	0.32010000
0.17200000	0.28880000
0.15980000	0.28270000
0.12290000	0.27740000
0.11310000	0.27270000
0.10200000	0.26860000
0.10080000	0.26490000
0.09220000	0.26150000
0.09090000	0.25830000
0.09950000	0.25540000
0.20890000	0.37190000
0.79880000	1.80250000
0.60220000	0.32670000
0.34410000	0.30370000
0.23350000	0.27870000
0.17200000	0.27180000
0.14750000	0.26530000
0.14750000	0.28620000
0.14750000	0.25490000
0.13520000	0.25350000
0.17200000	0.29710000
0.17200000	0.25050000
0.14750000	0.24960000
0.14750000	0.24530000
0.25810000	0.30250000
0.24580000	0.24620000
0.18430000	0.24530000
0.17200000	0.24070000
0.17200000	0.23900000
0.17200000	0.23310000
0.15980000	0.22990000
0.14750000	0.22690000
0.14750000	0.22420000
0.57760000	2.30190000
0.45470000	0.24280000
0.28260000	0.23950000
0.23350000	0.23370000
0.31950000	0.30370000
0.40550000	0.24700000
0.29490000	0.23440000
0.23350000	0.22900000
0.22120000	0.22430000
0.24580000	0.24030000
0.25810000	0.21790000
0.24580000	0.22710000
0.23350000	0.21270000
0.22120000	0.21060000
0.60220000	2.20290000
0.54070000	0.22170000
0.35640000	0.21970000
0.29490000	0.21470000
0.39330000	0.26030000
0.40550000	0.21170000
0.31950000	0.21260000
0.28260000	0.20930000
0.27040000	0.20430000
0.27040000	0.23420000
0.77420000	0.99670000
0.46700000	0.27910000
0.35640000	0.38480000
0.29490000	0.35080000
0.27040000	0.32380000
0.25810000	0.30240000
0.24580000	0.28520000
0.23350000	0.27140000
0.23350000	0.26880000
0.29490000	0.25100000
1.25350000	4.57280000
1.05690000	3.84650000
0.93400000	0.76880000
0.94630000	0.80970000
0.61450000	0.71450000
0.47930000	0.63960000
0.40550000	0.58050000
0.39330000	0.53370000
1.24120000	1.85030000
0.66360000	1.07060000
0.47930000	0.69450000
0.40550000	0.63260000
0.35640000	0.58360000
0.30720000	0.54460000
0.28260000	0.51340000
0.25810000	0.48830000
0.25810000	0.46800000
0.25810000	0.46850000
0.28260000	0.45110000
0.27040000	0.42920000
0.25810000	0.46490000
0.28260000	0.47330000
0.43010000	0.88010000
1.85570000	3.62800000
3.69900000	5.01870000
1.46240000	2.06300000
0.97080000	1.08740000
0.82340000	0.96720000
0.60220000	0.88940000
0.56530000	0.81420000
0.57760000	0.76340000
0.62670000	0.71750000
0.63900000	0.71930000
0.70050000	0.75180000
0.65130000	0.76240000
0.54070000	0.81460000
0.47930000	0.76120000
0.61450000	0.72640000
1.05690000	2.50570000
0.67590000	0.81770000
0.61450000	0.96470000
0.68820000	0.88540000
3.64990000	6.23660000
3.55150000	6.05420000
1.89250000	1.26600000
1.22890000	1.26000000
1.10600000	1.13860000
2.26120000	1.04260000
3.45320000	0.96640000
1.46240000	0.90570000
1.10600000	0.85700000
0.92170000	0.81770000
1.06920000	0.78570000
1.10600000	0.75950000
0.98310000	0.73770000
0.86020000	0.71950000
0.86020000	0.70390000
0.86020000	0.69060000
0.79880000	0.67880000
0.71280000	0.66850000
1.73280000	0.67310000
6.88190000	9.57480000
7.58240000	10.41300000
3.15830000	5.56650000
1.85570000	1.78820000
1.52380000	1.53300000
1.17980000	1.36780000
1.14290000	1.24950000
1.96630000	1.18220000
2.74050000	2.79770000
1.85570000	3.76490000
1.10600000	1.61110000
1.04460000	1.35050000
1.04460000	1.22940000
1.04460000	1.14250000
0.98310000	1.07310000
0.93400000	1.01740000
0.92170000	0.97240000
0.92170000	0.93570000
0.92170000	0.90560000
0.88480000	0.88050000
0.86020000	0.85940000
0.86020000	0.84130000
0.79880000	0.82580000
0.79880000	0.81210000
0.76190000	0.79990000
0.73730000	0.78890000
0.68820000	0.77890000
0.63900000	0.76960000
0.66360000	0.76090000
0.66360000	0.75260000
0.66360000	0.74480000
0.66360000	0.73720000
0.66360000	0.72990000
0.66360000	0.72280000
0.63900000	0.71590000
0.63900000	0.70920000
0.61450000	0.70260000
0.61450000	0.69610000
0.67590000	0.68960000
0.79880000	0.68330000
1.10600000	0.67710000
1.16750000	0.67090000
1.04460000	0.66480000
0.98310000	0.65880000
0.92170000	0.65290000
0.92170000	0.64700000
0.86020000	0.64110000
0.86020000	0.63530000
0.81110000	0.62960000
0.79880000	0.62390000
0.79880000	0.61840000
2.45780000	2.27480000
10.44570000	8.63930000
15.85290000	12.46660000
10.38430000	6.07390000
7.97560000	1.46790000
4.84190000	2.45610000
2.65440000	1.37200000
2.23660000	1.28030000
2.78960000	1.76220000
2.04000000	1.10640000
1.92940000	1.09000000
2.07690000	1.04580000
1.85570000	0.96680000
1.56070000	1.00580000
1.52380000	0.95180000
1.80650000	0.90510000
3.42870000	4.91040000
1.92940000	3.56320000
1.68360000	1.10130000
1.52380000	1.02340000
2.00310000	0.96570000
2.92480000	2.74570000
3.12140000	3.61670000
2.75280000	1.05870000
1.92940000	1.08910000
2.26120000	1.01950000
2.71590000	2.85470000
1.91710000	0.92830000
1.56070000	0.99030000
1.36410000	0.93920000
1.21660000	0.89870000
1.19200000	0.87750000
1.06920000	0.83850000
0.95850000	0.81580000
0.94630000	0.80160000
1.15520000	0.80510000
1.30260000	0.77610000
1.19200000	0.75990000
0.97080000	0.74760000
0.99540000	0.74210000
1.94170000	1.11940000
9.69610000	5.72270000
3.72360000	4.15550000
2.56840000	0.74820000
1.95400000	0.82980000
15.48420000	4.75630000
6.04620000	7.92910000
3.24430000	3.30330000
2.62990000	1.26840000
2.85110000	1.15800000
2.55610000	1.07050000
2.08910000	1.77150000
1.69590000	0.94820000
1.47470000	0.90470000
1.72050000	0.86730000
1.78190000	0.85890000
1.43780000	0.81150000
3.84650000	0.79370000
6.35350000	5.83070000
5.00170000	5.45820000
4.64530000	2.22930000
3.03540000	0.93280000
2.10140000	0.91750000
1.64670000	0.87330000
1.45010000	0.83750000
1.35180000	0.80810000
1.17980000	0.78390000
1.03230000	0.76360000
1.00770000	0.74640000
1.96630000	2.03900000
1.33950000	0.72530000
1.09370000	0.71590000
1.05690000	0.71390000
0.95850000	0.69470000
0.88480000	0.68440000
0.82340000	0.67570000
0.77420000	0.66770000
1.38870000	0.71200000
1.68360000	2.08960000
3.19520000	2.27060000
3.46550000	3.47370000
2.15060000	1.27760000
1.41320000	0.65960000
1.14290000	0.64820000
1.02000000	0.63820000
1.35180000	0.65240000
3.24430000	4.59090000
2.60530000	2.95370000
1.96630000	0.64200000
1.58530000	0.61940000
1.35180000	0.60990000
1.88020000	0.98010000
2.22430000	2.17920000
1.43780000	0.59630000
1.10600000	0.59030000
0.92170000	0.58190000
0.82340000	0.57430000
0.72510000	0.56730000
0.62670000	0.56080000
0.60220000	0.55480000
0.83570000	0.55970000
0.79880000	0.56090000
0.60220000	0.53770000
0.55300000	0.53240000
1.26580000	2.12700000
1.00770000	0.54170000
0.65130000	0.53140000
1.72050000	0.52400000
1.59760000	2.31280000
1.84340000	0.52380000
4.33800000	4.94100000
3.73590000	2.14540000
4.76820000	2.91800000
2.47010000	1.04080000
1.78190000	0.81740000
1.47470000	0.87150000
1.20430000	0.54740000
1.16750000	0.54670000
0.88480000	0.51270000
0.97080000	0.51430000
1.04460000	0.52260000
0.73730000	0.48480000
0.66360000	0.47830000
0.86020000	0.59270000
0.76190000	0.62210000
1.16750000	1.89140000
0.74960000	0.46930000
0.58990000	0.46470000
0.70050000	0.48490000
0.55300000	0.45090000
0.45470000	0.44630000
0.45470000	0.46090000
0.54070000	0.46480000
0.49160000	0.45040000
0.43010000	0.42980000
0.40550000	0.42470000
0.38100000	0.41990000
0.39330000	0.41540000
0.65130000	1.02900000
0.47930000	0.41650000
0.40550000	0.41180000
0.38100000	0.40640000
0.44240000	0.40140000
0.62670000	0.63100000
0.78650000	0.81850000
0.89710000	2.26400000
0.99540000	1.52350000
0.70050000	0.41070000
0.44240000	0.40360000
0.30720000	0.40570000
0.30720000	0.40410000
0.28260000	0.38310000
0.27040000	0.37780000
0.24580000	0.37280000
0.23350000	0.36830000
0.22120000	0.36410000
0.57760000	0.36010000
1.15520000	0.43300000
0.79880000	0.69580000
0.51610000	0.39040000
1.56070000	0.99710000
1.70820000	1.22650000
2.22430000	0.39590000
1.60990000	1.49320000
0.77420000	0.36660000
0.58990000	0.37340000
4.74360000	3.91140000
1.43780000	0.88210000
0.87250000	0.65190000
1.02000000	1.97820000
2.32260000	1.09630000
2.01540000	0.73710000
1.76960000	1.07850000
0.90940000	0.70910000
0.67590000	0.65000000
0.57760000	0.61190000
0.44240000	0.56580000
0.38100000	0.53580000
0.33180000	0.51660000
0.29490000	0.49190000
0.25810000	0.47570000
0.23350000	0.46230000
0.51610000	1.04380000
0.56530000	1.34900000
0.31950000	0.44770000
0.25810000	0.43870000
0.23350000	0.43020000
0.23350000	0.42270000
0.20890000	0.41610000
0.19660000	0.41020000
0.18430000	0.40480000
0.18430000	0.39980000
3.96940000	0.39520000
4.08000000	0.43370000
0.98310000	0.39320000
0.66360000	0.39620000
0.47930000	0.38360000
0.38100000	0.37920000
0.31950000	0.37500000
5.71440000	0.42460000
1.96630000	2.52800000
1.42550000	0.97320000
1.03230000	0.41360000
1.20430000	1.18330000
0.73730000	0.38490000
1.65900000	1.23670000
1.19200000	0.45410000
0.78650000	0.37720000
0.58990000	0.36940000
0.49160000	0.36260000
0.45470000	0.35660000
1.03230000	1.24070000
0.70050000	0.39410000
18.92520000	9.36480000
5.50550000	8.91430000
2.59300000	2.59170000
1.63440000	1.26050000
1.21660000	1.11890000
1.59760000	1.51440000
1.10600000	0.90670000
0.93400000	0.90490000
0.81110000	0.83150000
0.77420000	0.77320000
0.79880000	0.72670000
0.94630000	1.06780000
1.13060000	1.36790000
2.34720000	4.33100000
1.56070000	2.49050000
1.54840000	1.66080000
1.17980000	0.99290000
0.98310000	1.01020000
0.83570000	0.92730000
0.72510000	0.86140000
0.66360000	0.80890000
0.58990000	0.76670000
0.55300000	0.73270000
0.68820000	0.72190000
0.76190000	0.68710000
0.70050000	0.67720000
0.66360000	0.64990000
0.58990000	0.63730000
0.56530000	0.62480000
0.51610000	0.61400000
0.49160000	0.60440000
0.49160000	0.60580000
0.52840000	0.59780000
0.51610000	0.58220000
0.47930000	0.57640000
0.49160000	0.57250000
0.47930000	0.56330000
0.45470000	0.55730000
0.43010000	0.55150000
0.41780000	0.54600000
0.40550000	0.54060000
0.40550000	0.53540000
0.41780000	0.53280000
0.40550000	0.53030000
0.40550000	0.52040000
0.39330000	0.51590000
0.39330000	0.51110000
0.39330000	0.51380000
0.49160000	0.52260000
0.70050000	0.78300000
0.55300000	0.50090000
0.47930000	0.49910000
0.47930000	0.50320000
0.50390000	0.79640000
0.57760000	0.48640000
1.04460000	0.73790000
1.00770000	0.48150000
0.76190000	0.53810000
0.71280000	0.52090000
0.71280000	0.50650000
0.57760000	0.49440000
0.61450000	0.48410000
0.66360000	0.47520000
0.71280000	0.46730000
4.36260000	0.46350000
4.09230000	2.24270000
2.92480000	4.34020000
1.96630000	2.01120000
1.70820000	0.98800000
1.33950000	1.00180000
0.98310000	0.90670000
0.67590000	0.83020000
0.79880000	0.76950000
0.73730000	0.72120000
0.86020000	0.68240000
0.92170000	0.65110000
0.92170000	0.62560000
0.86020000	0.60480000
0.86020000	0.58740000
0.86020000	0.57290000
2.48240000	0.56050000
1.53610000	0.54980000
1.22890000	0.54050000
1.10600000	0.53220000
1.64670000	0.52480000
11.55170000	3.87030000
3.15830000	3.35580000
2.37180000	0.92550000
1.72050000	0.89370000
1.47470000	0.82380000
1.22890000	0.76750000
1.04460000	0.72260000
1.04460000	0.68640000
0.98310000	0.65710000
0.95850000	0.63320000
0.95850000	0.61350000
0.93400000	0.59700000
0.90940000	0.58310000
0.88480000	0.57130000
0.88480000	0.56090000
0.86020000	0.55190000
0.86020000	0.54380000
0.86020000	0.53640000
0.86020000	0.52970000
0.88480000	0.52350000
0.88480000	0.51760000
0.86020000	0.51210000
0.81110000	0.50670000
0.81110000	0.50160000
0.86020000	0.49670000
0.83570000	0.49190000
0.76190000	0.48720000
0.83570000	0.48260000
0.88480000	0.47810000
1.22890000	0.47370000
2.19970000	0.49120000
1.73280000	0.47180000
1.51160000	0.46660000
1.42550000	0.47340000
1.13060000	0.46630000
0.86020000	0.45990000
0.92170000	0.45400000
1.04460000	0.44860000
0.92170000	0.44350000
0.79880000	0.43870000
0.73730000	0.43410000
0.79880000	0.42970000
0.81110000	0.42550000
0.81110000	0.42130000
2.34720000	0.41730000
5.73900000	1.73170000
3.39180000	1.16130000
2.37180000	0.66860000
1.84340000	0.66520000
1.74500000	0.61790000
1.60990000	0.58010000
1.47470000	0.54990000
1.32720000	0.52540000
1.29040000	0.50540000
12.19080000	1.92550000
17.45050000	7.68430000
3.87110000	4.25230000
2.49470000	1.15620000
2.27350000	1.09610000
3.51470000	0.98480000
5.13680000	1.61120000
2.64220000	2.07860000
1.90480000	0.98270000
1.29040000	0.93910000
1.29040000	0.86740000
1.72050000	0.81030000
1.72050000	0.76470000
0.92170000	0.72790000
1.04460000	0.69800000
0.92170000	0.67360000
4.79270000	0.65340000
3.57610000	1.23240000
1.85570000	1.55360000
1.41320000	0.64790000
1.29040000	0.67040000
1.22890000	0.64820000
1.19200000	0.62980000
1.05690000	0.61430000
1.06920000	0.60120000
0.98310000	0.58980000
1.04460000	0.57990000
0.97080000	0.57110000
0.86020000	0.56310000
0.88480000	0.55590000
0.87250000	0.54920000
0.79880000	0.54290000
2.44550000	0.53700000
2.83880000	0.53140000
2.26120000	0.52750000
2.53160000	0.54100000
1.94170000	0.52330000
1.76960000	0.51620000
1.60990000	0.51040000
1.76960000	0.50490000
2.07690000	0.51060000
2.64220000	2.01830000
2.74050000	2.15860000
3.06000000	1.92560000
2.02770000	0.54020000
1.67130000	0.65700000
1.45010000	0.67080000
1.38870000	0.63230000
1.37640000	0.60140000
1.76960000	1.89530000
1.65900000	1.34290000
1.57300000	0.65860000
1.90480000	0.67000000
1.80650000	0.63310000
3.08460000	0.93520000
5.23510000	4.01010000
10.39660000	9.73890000
13.64090000	15.40670000
24.20950000	18.14410000
9.62240000	10.43900000
5.99710000	5.52380000
4.03080000	2.47720000
3.61300000	1.80800000
2.69130000	1.61010000
2.04000000	1.45410000
1.72050000	1.33090000
1.58530000	1.24580000
1.89250000	1.18430000
2.01540000	1.09440000
1.51160000	1.04790000
1.37640000	1.00580000
1.40100000	0.98260000
1.40100000	0.95300000
1.13060000	0.91880000
0.97080000	0.89860000
0.88480000	0.88110000
0.77420000	0.86590000
0.73730000	0.85740000
0.65130000	0.84030000
0.58990000	0.82930000
0.56530000	0.81910000
0.52840000	0.80970000
0.49160000	0.80080000
0.46700000	0.79230000
0.43010000	0.78420000
0.39330000	0.77630000
0.35640000	0.76880000
0.33180000	0.76140000
0.33180000	0.75410000
0.49160000	0.78210000
0.36870000	0.74500000
0.31950000	0.73720000
1.68360000	3.00110000
1.03230000	0.75180000
0.57760000	0.73660000
0.46700000	0.72600000
0.39330000	0.71640000
0.34410000	0.70760000
0.52840000	0.72160000
0.77420000	1.04910000
0.45470000	0.69490000
0.39330000	0.68650000
2.56840000	0.72320000
15.48420000	6.00600000
2.60530000	0.69830000
1.62220000	0.68970000
1.76960000	0.69750000
1.33950000	0.68090000
1.83110000	0.70190000
1.75730000	0.68450000
1.16750000	0.65190000
0.88480000	0.64190000
0.77420000	0.63290000
0.90940000	0.64980000
0.87250000	0.63020000
1.62220000	0.66170000
1.04460000	0.61310000
0.79880000	0.60670000
0.65130000	0.59900000
0.55300000	0.59180000
0.49160000	0.58510000
0.47930000	0.59870000
0.62670000	0.60500000
0.72510000	0.58600000
0.58990000	0.58200000
0.39330000	0.55860000
0.33180000	0.55280000
0.35640000	0.54730000
0.50390000	0.57420000
0.36870000	0.54050000
0.35640000	0.53470000
0.31950000	0.52920000
0.34410000	0.52380000
2.81420000	2.23930000
1.30260000	0.55940000
1.27810000	0.57640000
0.70050000	0.53020000
0.47930000	0.52110000
0.38100000	0.51310000
0.30720000	0.50590000
0.28260000	0.49930000
0.24580000	0.49320000
0.27040000	0.50940000
0.52840000	0.50710000
0.29490000	0.47750000
0.25810000	0.47320000
0.23350000	0.46830000
0.20890000	0.46360000
0.19660000	0.45910000
0.24580000	0.47980000
0.22120000	0.45030000
0.18430000	0.45130000
0.18430000	0.45930000
0.17200000	0.43790000
0.14750000	0.43380000
0.14750000	0.42990000
0.14750000	0.42600000
0.13520000	0.42210000
0.15980000	0.44050000
0.15980000	0.45320000
0.13520000	0.41610000
0.14750000	0.63710000
0.13520000	0.42830000
0.14750000	0.42050000
0.14750000	0.43990000
0.13520000	0.40730000
0.12290000	0.40710000
0.14750000	0.44140000
0.14750000	0.39740000
0.11550000	0.39240000
0.10570000	0.38730000
0.10080000	0.38270000
0.11180000	0.37830000
0.10690000	0.37420000
0.09460000	0.37030000
0.09090000	0.36650000
0.08230000	0.36290000
0.08110000	0.35930000
0.07250000	0.35590000
0.06390000	0.35250000
0.06270000	0.34920000
0.06390000	0.34600000
0.06140000	0.34280000
0.05410000	0.33970000
0.04920000	0.33660000
0.04920000	0.33350000
0.04920000	0.33050000
0.04920000	0.32750000
0.05040000	0.32450000
0.08230000	0.35660000
0.10690000	0.34190000
0.13520000	0.33260000
0.24580000	0.43410000
0.14750000	0.34960000
0.11180000	0.33010000
0.09710000	0.32370000
0.08970000	0.31810000
0.08600000	0.31320000
0.08600000	0.30870000
0.30720000	0.37500000
0.18430000	0.31160000
0.17200000	0.34490000
0.12290000	0.30650000
0.12290000	0.30190000
0.68820000	0.37770000
0.23350000	0.30470000
0.14750000	0.30240000
0.12290000	0.32530000
0.14750000	0.29500000
0.12290000	0.29050000
0.11430000	0.28600000
0.10320000	0.28200000
0.09710000	0.27830000
0.09340000	0.27700000
0.10080000	0.27670000
0.09950000	0.26870000
0.10450000	0.26610000
0.10570000	0.27670000
0.09830000	0.26050000
0.09590000	0.25870000
0.08480000	0.25610000
0.08600000	0.25360000
0.08480000	0.25110000
0.08850000	0.26020000
0.09340000	0.25620000
0.10690000	0.27240000
0.13520000	0.24190000
0.13520000	0.24390000
0.51610000	0.38360000
0.30720000	0.28640000
0.19660000	0.29770000
0.28260000	0.30520000
0.25810000	0.27810000
0.17200000	0.25770000
0.13520000	0.25290000
0.11670000	0.24730000
0.11060000	0.24250000
0.09950000	0.23830000
0.10450000	0.24510000
0.22120000	0.33010000
0.27040000	0.27060000
0.15980000	0.24510000
0.14750000	0.24130000
0.13520000	0.23600000
0.13520000	0.23150000
0.13520000	0.22750000
0.15980000	0.22900000
0.14750000	0.22080000
0.18430000	0.25640000
0.20890000	0.24080000
0.30720000	0.39430000
0.41780000	0.25550000
0.24580000	0.23080000
0.19660000	0.22720000
0.23350000	0.23690000
0.46700000	0.95060000
0.31950000	0.23520000
0.24580000	0.23610000
0.27040000	0.25670000
0.51610000	0.68830000
0.77420000	2.12730000
0.56530000	0.23410000
0.40550000	0.37920000
0.36870000	0.34720000
0.30720000	0.32190000
0.25810000	0.30170000
0.24580000	0.28550000
0.36870000	0.31350000
0.31950000	0.26600000
0.25810000	0.33780000
0.20890000	0.31620000
0.19660000	0.29880000
0.19660000	0.28490000
0.19660000	0.29560000
0.19660000	0.26420000
0.19660000	0.26930000
0.18430000	0.26070000
0.18430000	0.25350000
0.18430000	0.24770000
0.19660000	0.26090000
0.20890000	0.25190000
0.18430000	0.24920000
0.15980000	0.31440000
0.17200000	0.29700000
0.34410000	1.19690000
0.33180000	0.43610000
0.24580000	0.56030000
0.20890000	0.50330000
0.19660000	0.45830000
0.54070000	0.44930000
0.81110000	2.00660000
0.45470000	0.59520000
0.40550000	0.69640000
0.98310000	2.44850000
1.25350000	1.69260000
1.36410000	1.68620000
0.79880000	0.98410000
0.56530000	1.02040000
0.45470000	0.90890000
0.39330000	0.82110000
0.35640000	0.75800000
0.33180000	0.70130000
0.30720000	0.65310000
0.29490000	0.61890000
0.28260000	0.59100000
0.27040000	0.56680000
0.23350000	0.54770000
0.28260000	0.54180000
0.50390000	0.53550000
3.66210000	6.83740000
1.38870000	3.84260000
2.07690000	1.07300000
4.78050000	4.08620000
2.12600000	2.86330000
1.73280000	1.93480000
1.47470000	1.16260000
1.16750000	1.20790000
1.54840000	1.09260000
3.13370000	1.02880000
1.41320000	2.16840000
0.93400000	1.00040000
0.81110000	0.94640000
0.76190000	0.88780000
0.71280000	0.84090000
0.68820000	0.80300000
0.68820000	0.77210000
0.66360000	0.74680000
0.66360000	0.72570000
0.63900000	0.70800000
0.63900000	0.69290000
0.62670000	0.67990000
0.62670000	0.66850000
0.66360000	0.65840000
0.68820000	0.64920000
0.77420000	0.64090000
1.76960000	0.63320000
2.31030000	0.63460000
1.73280000	0.63740000
1.57300000	1.39040000
1.26580000	0.66130000
1.15520000	0.70480000
1.03230000	0.69330000
0.95850000	0.67060000
0.88480000	0.65160000
0.83570000	0.63570000
0.86020000	0.62220000
0.86020000	0.61050000
0.86020000	0.60030000
1.35180000	0.60240000
8.60240000	4.01080000
4.91560000	4.04360000
3.39180000	1.00880000
2.99850000	3.35880000
3.25660000	8.43280000
4.36260000	5.48230000
8.18450000	5.53740000
4.81730000	3.68130000
21.50590000	15.00890000
7.74210000	12.54490000
3.18290000	2.91110000
2.28580000	2.00670000
1.76960000	1.72280000
1.67130000	1.54760000
1.40100000	1.41580000
1.22890000	1.32130000
1.24120000	1.39330000
2.38410000	2.76850000
4.63300000	1.65640000
2.21200000	1.27710000
1.47470000	1.18160000
1.35180000	1.12210000
1.35180000	1.07570000
1.86790000	2.13960000
1.69590000	2.92310000
1.20430000	1.18500000
1.26580000	1.08370000
2.74050000	3.82810000
6.72210000	6.79380000
3.42870000	4.73570000
1.99080000	1.96600000
1.62220000	1.45720000
1.99080000	1.31040000
3.13370000	1.22800000
2.82650000	1.18840000
1.74500000	1.62500000
1.52380000	1.10150000
1.48700000	1.03530000
4.91560000	2.05400000
2.45780000	2.69610000
1.69590000	1.07100000
1.80650000	0.98640000
2.08910000	0.96420000
5.16140000	2.92510000
6.69760000	2.75140000
7.88960000	3.98240000
3.49010000	3.58710000
2.86340000	1.27460000
3.51470000	2.08220000
3.34260000	1.53690000
2.70360000	1.18190000
3.08460000	1.14300000
1.85570000	1.42250000
1.74500000	1.05170000
1.52380000	1.29560000
2.35950000	1.03960000
2.33490000	2.31630000
1.51160000	1.38250000
1.30260000	1.13480000
1.25350000	1.07540000
1.20430000	1.02730000
2.00310000	0.98820000
5.33350000	0.95600000
3.18290000	0.92930000
3.56380000	1.65790000
8.28280000	10.53620000
3.24430000	6.18790000
2.60530000	1.25790000
3.92020000	1.35770000
13.64090000	6.65600000
4.17830000	5.58740000
3.06000000	1.38570000
2.64220000	1.27800000
2.24890000	1.19230000
2.04000000	1.14470000
2.26120000	1.12100000
2.19970000	1.04230000
1.68360000	0.98800000
1.42550000	0.95770000
3.29350000	1.49830000
7.22600000	4.88140000
6.26740000	6.13540000
2.97400000	1.12960000
2.17520000	0.99900000
1.75730000	0.96090000
1.74500000	0.93020000
1.60990000	0.92150000
1.43780000	0.89760000
1.38870000	0.87510000
1.35180000	0.86100000
1.16750000	0.83600000
1.14290000	0.83450000
1.08140000	0.82820000
0.94630000	0.80070000
3.63760000	2.46680000
4.81730000	6.66400000
2.76500000	4.32520000
1.99080000	0.80040000
2.40870000	0.80320000
2.59300000	1.77580000
1.72050000	0.76070000
1.40100000	0.76900000
1.22890000	0.75620000
1.35180000	0.76160000
1.45010000	0.74960000
3.20750000	1.38560000
2.83880000	2.93520000
1.54840000	0.71900000
4.03080000	1.21030000
9.78210000	5.72290000
13.64090000	10.51360000
5.50550000	7.53380000
3.09680000	1.64690000
5.67760000	3.86750000
4.80500000	5.09890000
3.13370000	2.87630000
2.37180000	1.37480000
2.05230000	1.26250000
1.72050000	1.16500000
1.48700000	1.09110000
1.42550000	1.04050000
1.49930000	1.00860000
2.22430000	3.01160000
1.48700000	0.91940000
1.16750000	0.89430000
1.10600000	0.87080000
6.46410000	8.29970000
6.42720000	6.07340000
3.15830000	2.93850000
1.86790000	0.83280000
1.38870000	0.81780000
1.45010000	0.80320000
5.57920000	5.41680000
3.33030000	4.10040000
2.13830000	0.78640000
1.49930000	0.78140000
1.19200000	0.76850000
0.98310000	0.75700000
0.84790000	0.74660000
0.82340000	0.75040000
0.90940000	0.75640000
2.07690000	2.50330000
3.85880000	4.37510000
2.24890000	4.46060000
1.65900000	0.73700000
1.33950000	0.72550000
0.98310000	0.70460000
0.78650000	0.69470000
0.65130000	0.68570000
0.58990000	0.67740000
0.54070000	0.66970000
0.49160000	0.66230000
0.47930000	0.65540000
0.46700000	0.64870000
1.42550000	2.60130000
0.89710000	0.84070000
0.54070000	0.64730000
0.44240000	0.63820000
0.35640000	0.63000000
0.31950000	0.62230000
0.29490000	0.61520000
0.27040000	0.60850000
0.25810000	0.60210000
0.24580000	0.59590000
0.23350000	0.59000000
0.22120000	0.58420000
0.22120000	0.57860000
0.27040000	0.58840000
0.22120000	0.56780000
0.20890000	0.56250000
0.19660000	0.55730000
0.19660000	0.55220000
0.18430000	0.54720000
0.17200000	0.54220000
0.15980000	0.53730000
0.15980000	0.53240000
0.15980000	0.53410000
0.17200000	0.52620000
0.15980000	0.51810000
0.15980000	0.51370000
0.38100000	0.59550000
0.31950000	0.60350000
0.20890000	0.52850000
0.19660000	0.52410000
0.22120000	0.52970000
0.44240000	0.63600000
0.43010000	0.53780000
0.30720000	0.52920000
0.24580000	0.49830000
0.19660000	0.49060000
0.18430000	0.48370000
0.15980000	0.47740000
0.14750000	0.47150000
0.14750000	0.46620000
0.14750000	0.46100000
0.13520000	0.45610000
0.13520000	0.45150000
0.13520000	0.44700000
0.13520000	0.44260000
0.11180000	0.43840000
0.10690000	0.43420000
0.14750000	0.45130000
0.15980000	0.42620000
0.14750000	0.43020000
0.19660000	0.48720000
0.18430000	0.43830000
0.22120000	0.45430000
0.17200000	0.41960000
0.18430000	0.45620000
0.17200000	0.41350000
0.17200000	0.40850000
0.30720000	0.46490000
0.35640000	0.46920000
0.33180000	0.42760000
0.19660000	0.40680000
0.17200000	0.39980000
0.14750000	0.39360000
0.14750000	0.38800000
0.14750000	0.38290000
0.13520000	0.37830000
0.13520000	0.37390000
0.13520000	0.36980000
0.17200000	0.36590000
0.14750000	0.42090000
0.12290000	0.36710000
0.11550000	0.36380000
0.11180000	0.35890000
0.10690000	0.35440000
0.09950000	0.35030000
0.10450000	0.34640000
0.13520000	0.37400000
0.12290000	0.34240000
0.11310000	0.33960000
0.11430000	0.33560000
0.19660000	0.40130000
0.61450000	2.23520000
0.27040000	0.36180000
0.19660000	0.35790000
0.15980000	0.34890000
0.14750000	0.34270000
0.14750000	0.33500000
0.14750000	0.32900000
0.17200000	0.34850000
0.17200000	0.31930000
0.14750000	0.31850000
0.14750000	0.31400000
0.52840000	0.34810000
0.90940000	4.93710000
0.33180000	0.34260000
0.23350000	0.33710000
0.19660000	0.32790000
0.19660000	0.32010000
0.35640000	0.38110000
0.39330000	0.34860000
0.25810000	0.34560000
0.23350000	0.31520000
0.19660000	0.31030000
0.17200000	0.30410000
0.15980000	0.29880000
0.15980000	0.29400000
0.15980000	0.28980000
0.14750000	0.28590000
0.15980000	0.28240000
0.15980000	0.29910000
0.15980000	0.27600000
0.20890000	0.28670000
0.45470000	1.31010000
0.30720000	0.28180000
0.47930000	0.33570000
0.61450000	0.91970000
0.34410000	0.28550000
0.27040000	0.28180000
0.24580000	0.29140000
0.23350000	0.27070000
0.22120000	0.26870000
0.27040000	0.31140000
0.29490000	0.26790000
0.24580000	0.26590000
0.22120000	0.26110000
0.20890000	0.25690000
0.19660000	0.25320000
0.28260000	1.10210000
0.38100000	0.35830000
0.31950000	0.49730000
0.30720000	0.46330000
0.33180000	0.43090000
0.52840000	0.58340000
0.52840000	0.53110000
0.39330000	0.55910000
0.35640000	0.50530000
0.31950000	0.46710000
0.34410000	0.46230000
0.35640000	0.41680000
0.30720000	0.49140000
0.27040000	0.47080000
0.27040000	0.44190000
0.30720000	0.53240000
1.26580000	0.44330000
1.10600000	0.51390000
0.78650000	0.47920000
1.57300000	0.46980000
1.43780000	4.75920000
1.99080000	4.23770000
2.01540000	3.37240000
1.20430000	2.04270000
1.15520000	1.10490000
0.97080000	0.98110000
0.83570000	0.91360000
0.70050000	0.83250000
0.73730000	0.76830000
1.36410000	0.71720000
1.33950000	0.67640000
1.47470000	0.64350000
1.22890000	0.61680000
1.35180000	0.59500000
1.45010000	0.57690000
1.10600000	0.56190000
0.92170000	0.54910000
0.82340000	0.53820000
0.67590000	0.52870000
0.73730000	0.52030000
0.86020000	0.51280000
1.03230000	0.50590000
1.35180000	0.49970000
3.74820000	0.51440000
3.06000000	2.18980000
2.29810000	0.59540000
1.59760000	0.71380000
1.65900000	0.71330000
1.96630000	0.67090000
12.90350000	8.13830000
4.10460000	7.84430000
2.39640000	3.90020000
1.81880000	1.33280000
1.56070000	1.32220000
1.32720000	1.21480000
1.29040000	1.10040000
1.22890000	1.00990000
1.17980000	0.93810000
1.15520000	0.88080000
1.13060000	0.83480000
8.30740000	0.79960000
6.89420000	1.54130000
2.74050000	2.19300000
2.00310000	0.93850000
1.72050000	0.93850000
1.45010000	0.88610000
1.30260000	0.84050000
1.10600000	0.80360000
1.22890000	0.77350000
1.45010000	0.74870000
1.42550000	0.72810000
1.16750000	0.71080000
1.16750000	0.69590000
1.10600000	0.68310000
1.10600000	0.67190000
1.04460000	0.66190000
0.98310000	0.65280000
0.92170000	0.64450000
0.92170000	0.63680000
0.86020000	0.62960000
0.81110000	0.62280000
0.76190000	0.61630000
0.73730000	0.61010000
0.71280000	0.60410000
0.68820000	0.59820000
0.68820000	0.59250000
0.66360000	0.58690000
0.66360000	0.58140000
0.63900000	0.57610000
0.61450000	0.57080000
0.58990000	0.56550000
0.63900000	0.56040000
0.68820000	0.55530000
0.81110000	0.55020000
0.98310000	0.54520000
2.21200000	0.54030000
1.96630000	0.53540000
1.72050000	0.53060000
1.35180000	0.52580000
1.10600000	0.52110000
0.98310000	0.51640000
0.93400000	0.51180000
0.90940000	0.50710000
0.88480000	0.50260000
0.83570000	0.49800000
0.81110000	0.49360000
0.78650000	0.48910000
0.76190000	0.48470000
0.73730000	0.48040000
0.73730000	0.47600000
0.76190000	0.47170000
0.78650000	0.46750000
0.83570000	0.46330000
1.35180000	0.45910000
2.08910000	0.45500000
1.84340000	0.45090000
1.47470000	0.44690000
1.22890000	0.44280000
1.22890000	0.43890000
1.16750000	0.43490000
1.10600000	0.43100000
1.08140000	0.42710000
1.05690000	0.42330000
1.00770000	0.41950000
0.98310000	0.41570000
0.95850000	0.41200000
0.93400000	0.40830000
1.10600000	0.40460000
3.68670000	0.40090000
3.09680000	0.39730000
2.04000000	0.39380000
1.74500000	0.39020000
1.54840000	0.38670000
1.26580000	0.38320000
1.59760000	0.37980000
4.91560000	0.42360000
14.86980000	6.05180000
14.25530000	8.88350000
8.98330000	4.56910000
12.26450000	4.38890000
15.48420000	12.28500000
12.28910000	18.19080000
7.11540000	12.23040000
5.70210000	5.62930000
6.59920000	6.48310000
10.91270000	14.51020000
5.02620000	9.87520000
3.79730000	3.46350000
3.92020000	3.19640000
3.06000000	3.75860000
2.22430000	2.39060000
1.97850000	1.65120000
2.18750000	4.24610000
1.81880000	3.89410000
1.80650000	1.71050000
5.01390000	5.33410000
3.98170000	4.42460000
2.80190000	1.55980000
2.13830000	1.39650000
1.94170000	1.30370000
3.06000000	1.23500000
3.50240000	6.84870000
2.77730000	4.52240000
2.17520000	1.24160000
1.68360000	1.18320000
1.43780000	1.13580000
1.24120000	1.09690000
1.09370000	1.06470000
1.00770000	1.03770000
0.93400000	1.01490000
0.86020000	0.99520000
0.95850000	0.99640000
1.09370000	0.97870000
1.10600000	0.96580000
0.95850000	0.93980000
0.81110000	0.92880000
0.73730000	0.91740000
0.66360000	0.90690000
0.60220000	0.89690000
0.54070000	0.88740000
0.51610000	0.87830000
0.65130000	0.87180000
1.46240000	2.01310000
1.11830000	0.87160000
0.77420000	0.85650000
0.71280000	0.84640000
1.20430000	2.04520000
0.94630000	0.83660000
0.79880000	0.83580000
0.72510000	0.81930000
0.63900000	0.80980000
5.82500000	1.81270000
4.15370000	4.91780000
9.21680000	5.96070000
4.26430000	3.01770000
2.47010000	0.80830000
2.55610000	1.29130000
2.42090000	1.59680000
1.57300000	0.77980000
1.20430000	0.76780000
1.09370000	0.75700000
2.64220000	2.60790000
1.35180000	0.74760000
1.08140000	0.74460000
1.30260000	0.76390000
1.14290000	1.30160000
0.92170000	0.72130000
2.23660000	0.71190000
2.69130000	0.72920000
1.29040000	0.69500000
0.98310000	0.68860000
1.51160000	0.68110000
4.75590000	4.41170000
1.84340000	1.11500000
1.21660000	0.67970000
1.06920000	0.68530000
2.13830000	1.87360000
1.63440000	0.99400000
1.20430000	0.66320000
1.11830000	0.66230000
3.82190000	1.84890000
1.45010000	0.63920000
1.26580000	0.64760000
1.49930000	0.63760000
4.91560000	3.16790000
2.76500000	1.33500000
1.63440000	0.61830000
1.11830000	0.60900000
0.87250000	0.60070000
0.74960000	0.59410000
0.71280000	0.58600000
0.63900000	0.57930000
0.62670000	0.59050000
0.61450000	0.58860000
0.49160000	0.56130000
0.41780000	0.55580000
0.34410000	0.55040000
0.30720000	0.54510000
0.28260000	0.54000000
0.27040000	0.53500000
0.25810000	0.53000000
0.28260000	0.55200000
0.25810000	0.52030000
0.23350000	0.51580000
0.22120000	0.51100000
0.20890000	0.50640000
0.19660000	0.50220000
0.20890000	0.50340000
0.20890000	0.51900000
0.23350000	0.50350000
0.27040000	0.51490000
0.27040000	0.49630000
0.27040000	0.51590000
0.25810000	0.49310000
0.24580000	0.50950000
0.22120000	0.47260000
0.19660000	0.46680000
0.25810000	0.50180000
0.24580000	0.46100000
0.25810000	0.48240000
0.22120000	0.45030000
0.19660000	0.44550000
0.24580000	0.45790000
0.49160000	0.55720000
0.68820000	0.49410000
0.77420000	1.05740000
0.50390000	0.50170000
0.31950000	0.45340000
0.28260000	0.45670000
0.30720000	0.46420000
0.24580000	0.42860000
0.22120000	0.42360000
0.19660000	0.41760000
0.24580000	0.45420000
0.24580000	0.41190000
0.20890000	0.40660000
0.20890000	0.42220000
1.45010000	0.46170000
1.45010000	0.46500000
0.58990000	0.43760000
0.43010000	0.40480000
0.35640000	0.43370000
2.48240000	1.78960000
3.02310000	2.01760000
2.97400000	2.28030000
1.57300000	0.41980000
0.81110000	0.40000000
0.55300000	0.39140000
0.51610000	0.39880000
1.54840000	0.39040000
0.60220000	0.37170000
0.44240000	0.36650000
0.35640000	0.36170000
0.30720000	0.35730000
0.28260000	0.36170000
0.25810000	0.34940000
0.22120000	0.34570000
0.20890000	0.34220000
0.22120000	0.33880000
0.24580000	0.36260000
0.20890000	0.33230000
0.34410000	0.33080000
0.61450000	0.35130000
0.29490000	0.32410000
0.29490000	0.33920000
1.04460000	1.78130000
0.61450000	0.33290000
0.47930000	0.34980000
0.35640000	0.32560000
0.29490000	0.32090000
0.24580000	0.31600000
0.22120000	0.31160000
0.20890000	0.30750000
0.19660000	0.30380000
0.18430000	0.30030000
0.18430000	0.29700000
0.18430000	0.29820000
0.18430000	0.29660000
0.81110000	0.31750000
1.51160000	2.75480000
0.47930000	0.30580000
0.33180000	0.30510000
0.28260000	0.31120000
0.34410000	0.31670000
0.29490000	0.28840000
0.25810000	0.28660000
0.83570000	1.06840000
0.70050000	0.32130000
0.44240000	0.30590000
0.34410000	0.29260000
0.30720000	0.28450000
0.41780000	0.31630000
0.50390000	0.28650000
1.03230000	0.31240000
0.70050000	0.29720000
1.74500000	0.96940000
0.90940000	0.29770000
2.94940000	1.46750000
2.35950000	3.39050000
1.16750000	1.21420000
0.82340000	0.81620000
0.63900000	0.74990000
0.52840000	0.67290000
0.50390000	0.61220000
0.44240000	0.56400000
0.43010000	0.52580000
0.40550000	0.49520000
0.41780000	0.47060000
1.35180000	1.63590000
0.86020000	0.74090000
0.54070000	0.43890000
0.49160000	0.48480000
0.56530000	0.48600000
0.49160000	0.44750000
0.50390000	0.50280000
0.81110000	0.49210000
0.68820000	0.45880000
0.54070000	0.56500000
0.73730000	0.52900000
0.95850000	0.78480000
1.96630000	3.80300000
1.72050000	1.77860000
1.72050000	0.93670000
1.08140000	0.90430000
1.00770000	0.88820000
0.93400000	0.91030000
1.47470000	0.83010000
3.68670000	2.97740000
2.94940000	2.24970000
1.96630000	1.80820000
2.21200000	1.04810000
1.72050000	1.05990000
1.47470000	0.97860000
1.22890000	0.89990000
1.05690000	0.83740000
1.15520000	0.80030000
1.47470000	1.37360000
2.33490000	3.39760000
2.70360000	2.46450000
2.45780000	1.05370000
2.58070000	1.83290000
2.45780000	2.56740000
2.21200000	1.10490000
2.94940000	1.91930000
8.60240000	10.30370000
7.37340000	6.66480000
4.91560000	1.66430000
2.45780000	1.43520000
1.72050000	1.29590000
1.96630000	3.50200000
1.47470000	3.41810000
2.70360000	1.34940000
7.37340000	3.66290000
22.12030000	13.44940000
12.28910000	9.16910000
7.61920000	2.35430000
5.16140000	1.73230000
3.19520000	1.53300000
1.96630000	1.40100000
1.47470000	1.29950000
1.22890000	1.21850000
0.98310000	1.15350000
1.22890000	1.10110000
1.72050000	1.05840000
2.21200000	1.03280000
3.68670000	2.24410000
2.94940000	1.58350000
1.72050000	1.21050000
1.16750000	1.12330000
1.72050000	1.07090000
1.47470000	1.02980000
4.91560000	3.79310000
4.42410000	3.94620000
3.19520000	1.38570000
2.45780000	1.22380000
1.59760000	1.14660000
1.22890000	1.09050000
2.94940000	3.74790000
6.88190000	5.06160000
5.65300000	1.72940000
3.68670000	1.34780000
2.21200000	1.23470000
1.72050000	1.16670000
1.96630000	2.03080000
3.19520000	4.35770000
4.17830000	3.32000000
2.45780000	1.58130000
2.70360000	1.32940000
4.17830000	4.54050000
4.66990000	3.29360000
3.44090000	1.57090000
1.54840000	1.32610000
1.72050000	1.22860000
1.96630000	1.16330000
1.47470000	1.11060000
1.47470000	1.06770000
1.72050000	1.03250000
1.84340000	1.00320000
1.72050000	0.97870000
1.59760000	0.95770000
1.47470000	0.93970000
1.41320000	0.92390000
1.41320000	0.90980000
1.35180000	0.89720000
1.41320000	0.88560000
1.35180000	0.87500000
1.22890000	0.86500000
1.22890000	0.85560000
1.15520000	0.84660000
1.13060000	0.83800000
1.15520000	0.82970000
1.13060000	0.82160000
1.10600000	0.81370000
1.13060000	0.80600000
1.13060000	0.79850000
1.15520000	0.79110000
1.13060000	0.78380000
1.10600000	0.77660000
1.08140000	0.76950000
1.15520000	0.76250000
1.22890000	0.75560000
1.35180000	0.74870000
1.47470000	0.74200000
1.96630000	0.73530000
1.84340000	0.72860000
1.72050000	0.72200000
1.47470000	0.71550000
1.35180000	0.70910000
1.22890000	0.70270000
1.17980000	0.69650000
1.00770000	0.69010000
0.98310000	0.68390000
0.73730000	0.67770000
0.81110000	0.67160000
0.83570000	0.66560000
0.93400000	0.65960000
1.03230000	0.65370000
1.35180000	0.64780000
1.35180000	0.64200000
1.22890000	0.63620000
1.10600000	0.63050000
0.93400000	0.62480000
0.98310000	0.61920000
0.86020000	0.61360000
0.83570000	0.60810000
0.94630000	0.60260000
1.47470000	0.60960000
6.14450000	4.43120000
9.78210000	5.84580000
8.45490000	4.90320000
20.27700000	12.35910000
13.51800000	11.73260000
6.00940000	4.28610000
5.19830000	2.52360000
3.30580000	1.74550000
2.94940000	1.47720000
2.85110000	1.33130000
2.59300000	1.22870000
2.15060000	1.17030000
2.13830000	1.05490000
3.01080000	1.76390000
1.96630000	1.01060000
2.21200000	0.98610000
2.45780000	0.93940000
1.84340000	0.90240000
2.50700000	0.87210000
6.75900000	0.87080000
3.44090000	0.83080000
2.60530000	0.81410000
3.58840000	0.79700000
10.65460000	8.54320000
7.57010000	6.98730000
11.36740000	7.04590000
4.70670000	4.38290000
3.35490000	1.47180000
2.67900000	1.33570000
2.58070000	1.24810000
3.89560000	1.24560000
8.22140000	7.26450000
6.31660000	6.73110000
5.32120000	3.02670000
3.79730000	1.67360000
3.45320000	1.34260000
3.88340000	1.25850000
3.08460000	1.22870000
2.54380000	1.09890000
2.07690000	1.04700000
1.81880000	1.00490000
1.64670000	0.97030000
7.31200000	2.93060000
9.68380000	9.17340000
3.84650000	3.84810000
2.64220000	0.99790000
2.21200000	0.96060000
3.23200000	0.93000000
2.70360000	1.46480000
1.97850000	0.89110000
1.74500000	0.86670000
2.00310000	0.88050000
1.69590000	0.84620000
1.52380000	0.82850000
1.48700000	0.81610000
1.56070000	0.82650000
1.51160000	0.80520000
1.31490000	0.79390000
1.14290000	0.77800000
1.02000000	0.76930000
1.00770000	0.76660000
1.20430000	0.77320000
1.45010000	1.10050000
1.06920000	0.74370000
1.04460000	0.74890000
0.98310000	0.73640000
2.91250000	2.10670000
1.68360000	0.72330000
4.64530000	3.45160000
2.44550000	0.72590000
1.78190000	0.73270000
1.38870000	0.70600000
1.21660000	0.69650000
1.09370000	0.69090000
1.35180000	0.69500000
1.52380000	0.70080000
1.10600000	0.66490000
1.16750000	0.66810000
1.42550000	0.71540000
0.94630000	0.65020000
3.60070000	2.88060000
1.84340000	0.93780000
14.13240000	4.87290000
14.50110000	8.48450000
4.89110000	3.83470000
4.15370000	1.71830000
2.60530000	0.88990000
9.35200000	4.19980000
2.88790000	0.98330000
1.96630000	1.12430000
2.37180000	1.02820000
2.80190000	2.94110000
1.86790000	2.10750000
1.69590000	0.87670000
1.19200000	0.81260000
0.97080000	0.77920000
0.89710000	0.75180000
0.81110000	0.72920000
0.68820000	0.71030000
0.61450000	0.69430000
0.58990000	0.70350000
0.58990000	0.68090000
0.49160000	0.65950000
0.44240000	0.64980000
0.47930000	0.65420000
0.46700000	0.66190000
0.39330000	0.62540000
0.62670000	0.64370000
0.84790000	1.70960000
0.68820000	0.69120000
0.56530000	0.62860000
0.41780000	0.60460000
0.41780000	0.60980000
0.40550000	0.60510000
0.33180000	0.58330000
0.49160000	0.61250000
0.38100000	0.58570000
0.30720000	0.56890000
0.28260000	0.56270000
0.29490000	0.56620000
0.28260000	0.55110000
0.25810000	0.54560000
0.23350000	0.54030000
0.22120000	0.53510000
0.23350000	0.53010000
0.34410000	1.39800000
0.27040000	0.53940000
0.76190000	0.54720000
1.08140000	1.68450000
0.60220000	0.54870000
0.39330000	0.52530000
0.30720000	0.51690000
0.27040000	0.50930000
0.27040000	0.50410000
0.83570000	0.56910000
2.11370000	1.86890000
3.03540000	2.29160000
1.56070000	0.52480000
1.54840000	0.52160000
3.49010000	0.50820000
2.67900000	0.54070000
1.03230000	0.50550000
0.74960000	0.48010000
0.78650000	0.47320000
0.62670000	0.46760000
0.46700000	0.45980000
0.45470000	0.49370000
7.20140000	6.95010000
2.34720000	2.03610000
1.33950000	0.47230000
1.00770000	0.46220000
1.94170000	1.34370000
1.90480000	0.61270000
1.03230000	0.45100000
0.78650000	0.44280000
0.70050000	0.43570000
0.73730000	0.44760000
0.60220000	0.42350000
0.55300000	0.41820000
0.52840000	0.41320000
0.47930000	0.40860000
0.44240000	0.41930000
0.55300000	0.42390000
0.46700000	0.39600000
0.46700000	0.41520000
0.52840000	0.41330000
0.45470000	0.38960000
0.47930000	0.38510000
0.40550000	0.38090000
0.38100000	0.37690000
0.39330000	0.37300000
0.52840000	0.40150000
0.58990000	0.40830000
0.51610000	0.37030000
0.41780000	0.36610000
0.39330000	0.36670000
0.35640000	0.35730000
0.33180000	0.35330000
0.31950000	0.34950000
0.94630000	0.36410000
1.05690000	1.74710000
1.95400000	3.99120000
1.31490000	1.03140000
0.68820000	0.37380000
0.51610000	0.36440000
0.45470000	0.35600000
0.40550000	0.34890000
0.38100000	0.34270000
0.34410000	0.33720000
0.31950000	0.33230000
0.61450000	0.37360000
22.73480000	18.38930000
4.52240000	12.07800000
2.06460000	1.12930000
1.37640000	1.16400000
1.05690000	1.02420000
0.87250000	0.91420000
0.76190000	0.82740000
0.66360000	0.75890000
1.31490000	0.71190000
5.02620000	5.04030000
1.54840000	1.58590000
1.08140000	0.62480000
0.86020000	0.59720000
0.73730000	0.57470000
0.63900000	0.55620000
0.60220000	0.54080000
0.56530000	0.52790000
0.54070000	0.51680000
0.50390000	0.50720000
0.49160000	0.49880000
0.44240000	0.49140000
0.44240000	0.49460000
0.43010000	0.47850000
0.41780000	0.47280000
0.45470000	0.48370000
0.40550000	0.46240000
0.38100000	0.45950000
0.36870000	0.45450000
0.35640000	0.44980000
0.34410000	0.44520000
0.31950000	0.44080000
0.31950000	0.43650000
0.31950000	0.43230000
0.33180000	0.42820000
0.33180000	0.42420000
0.33180000	0.42030000
0.33180000	0.43520000
0.40550000	0.45000000
2.26120000	3.65810000
1.45010000	2.93910000
1.47470000	1.94350000
1.19200000	0.72000000
0.98310000	0.45760000
0.90940000	0.46930000
0.77420000	0.48900000
0.72510000	0.52640000
0.87250000	0.49590000
0.78650000	0.48150000
0.67590000	0.46980000
0.61450000	0.45370000
0.57760000	0.44040000
2.74050000	2.87350000
1.85570000	2.52460000
1.30260000	0.75420000
1.20430000	0.75100000
2.53160000	2.36450000
3.09680000	1.78290000
4.60840000	4.28590000
2.00310000	2.75400000
1.46240000	1.18230000
1.19200000	1.05670000
1.03230000	0.95740000
0.94630000	0.87870000
0.89710000	0.81700000
0.83570000	0.76610000
0.76190000	0.72610000
0.70050000	0.69370000
0.70050000	0.66740000
0.70050000	0.64570000
0.68820000	0.62770000
0.68820000	0.61750000
0.70050000	0.60460000
0.77420000	0.60340000
1.16750000	1.21180000
0.90940000	0.57530000
0.78650000	0.61790000
1.54840000	0.61720000
2.99850000	3.92820000
1.48700000	2.11390000
1.17980000	0.96120000
3.33030000	3.46450000
2.27350000	2.74100000
1.53610000	1.13920000
7.36120000	3.21870000
3.41640000	4.54830000
2.39640000	3.01180000
1.86790000	1.38130000
2.35950000	1.34630000
1.79420000	1.21740000
1.95400000	1.12290000
2.39640000	1.06010000
1.67130000	0.99880000
1.89250000	1.11520000
2.58070000	2.62280000
2.23660000	2.81140000
1.99080000	1.34340000
1.64670000	1.23200000
1.41320000	1.13360000
1.22890000	1.05860000
1.20430000	0.99870000
1.15520000	0.95040000
1.16750000	0.91130000
0.78650000	0.87920000
1.22890000	0.85270000
1.85570000	0.83060000
8.70070000	3.05350000
4.60840000	3.00200000
2.21200000	1.11870000
1.84340000	1.05620000
1.47470000	0.99490000
1.47470000	0.94520000
1.73280000	0.90500000
1.60990000	0.87210000
8.74980000	0.84500000
4.75590000	4.19020000
2.70360000	4.49970000
3.60070000	5.49520000
5.49320000	6.89510000
2.99850000	3.52300000
2.87560000	1.53550000
3.17060000	1.35450000
2.33490000	1.24350000
2.07690000	1.15820000
2.13830000	1.09010000
2.02770000	1.03530000
6.40260000	0.99100000
10.23680000	12.72300000
10.15080000	14.59280000
3.45320000	5.41840000
2.45780000	1.97770000
1.84340000	1.62930000
1.47470000	1.46730000
1.47470000	1.35470000
1.40100000	1.26500000
1.22890000	1.19340000
1.03230000	1.13560000
1.00770000	1.08880000
1.08140000	1.05050000
1.08140000	1.01880000
1.10600000	0.99240000
1.03230000	0.97000000
0.95850000	0.95070000
0.93400000	0.93400000
0.88480000	0.91920000
0.83570000	0.90600000
0.76190000	0.89400000
0.73730000	0.88290000
0.76190000	0.87260000
0.76190000	0.86290000
0.78650000	0.85380000
1.22890000	0.84500000
2.45780000	2.64730000
4.91560000	7.39170000
4.91560000	5.39940000
2.65440000	1.55010000
1.84340000	1.28580000
1.47470000	1.17960000
1.47470000	1.10710000
1.59760000	1.04890000
4.91560000	1.03080000
4.17830000	8.50250000
2.59300000	5.44710000
1.89250000	1.48620000
1.72050000	1.27440000
1.62220000	1.18070000
1.53610000	1.11200000
1.43780000	1.05670000
1.32720000	1.01200000
1.22890000	0.97540000
1.15520000	0.94520000
1.03230000	0.92010000
0.98310000	0.89880000
1.00770000	0.88060000
1.03230000	0.86480000
0.98310000	0.85090000
0.88480000	0.83850000
0.90940000	0.82720000
0.95850000	0.81690000
1.00770000	0.80730000
1.72050000	0.79820000
4.91560000	0.78970000
2.32260000	0.78150000
1.69590000	0.77370000
1.47470000	0.76600000
1.22890000	0.75860000
1.10600000	0.75140000
0.98310000	0.74440000
0.95850000	0.73740000
0.98310000	0.73060000
0.95850000	0.72390000
1.00770000	0.71730000
1.10600000	0.71070000
1.83110000	0.70430000
2.24890000	0.70140000
2.26120000	0.69320000
2.44550000	0.69960000
1.99080000	0.68330000
2.32260000	0.68390000
2.51930000	0.67230000
3.35490000	0.67660000
5.84960000	0.97770000
6.43950000	3.85200000
5.57920000	4.45190000
7.49630000	4.67660000
6.40260000	1.77520000
14.13240000	2.41100000
10.31050000	12.13240000
6.66070000	12.70230000
9.19220000	4.15020000
11.71150000	1.63120000
6.67300000	1.45500000
4.30120000	1.32220000
2.96170000	1.20620000
2.37180000	1.11900000
1.96630000	1.04950000
1.73280000	0.99370000
1.56070000	0.94860000
1.40100000	0.91200000
1.26580000	0.88190000
1.17980000	0.85690000
1.09370000	0.83590000
1.03230000	0.81800000
0.97080000	0.80260000
0.99540000	0.78910000
1.49930000	0.93410000
1.21660000	0.77380000
7.66840000	3.65690000
7.07850000	6.61410000
3.34260000	1.94300000
2.38410000	0.77620000
1.94170000	0.76280000
1.63440000	0.74260000
1.42550000	0.73140000
1.86790000	0.73730000
1.94170000	1.30320000
1.42550000	0.71180000
1.30260000	0.71580000
1.17980000	0.69630000
1.08140000	0.68770000
0.99540000	0.67960000
0.92170000	0.67200000
0.83570000	0.66480000
0.78650000	0.65800000
0.72510000	0.65130000
0.67590000	0.64490000
0.61450000	0.63870000
0.57760000	0.63260000
0.71280000	0.63860000
1.83110000	1.34930000
0.89710000	0.62730000
0.72510000	0.62440000
0.65130000	0.61620000
0.58990000	0.60860000
0.54070000	0.60150000
0.50390000	0.59490000
0.47930000	0.59700000
0.49160000	0.58250000
0.57760000	0.59360000
0.60220000	0.59800000
0.46700000	0.56990000
0.41780000	0.56370000
0.39330000	0.55790000
0.40550000	0.57000000
0.36870000	0.54680000
0.34410000	0.54150000
0.33180000	0.53630000
0.31950000	0.53120000
0.30720000	0.52630000
0.30720000	0.52230000
0.29490000	0.51660000
0.29490000	0.51190000
0.33180000	0.51050000
0.25810000	0.50260000
1.86790000	0.49800000
11.18310000	5.58460000
1.51160000	0.53210000
1.64670000	0.55590000
1.65900000	1.49850000
2.61760000	3.21210000
1.16750000	0.54880000
2.32260000	0.57050000
2.26120000	1.42740000
2.15060000	0.55070000
1.26580000	0.50890000
0.93400000	0.49900000
0.71280000	0.48900000
0.60220000	0.48030000
0.52840000	0.47270000
0.44240000	0.46580000
0.39330000	0.45960000
0.33180000	0.45390000
0.30720000	0.44860000
0.29490000	0.44360000
0.27040000	0.44710000
0.28260000	0.43430000
0.25810000	0.42990000
0.24580000	0.42570000
0.23350000	0.42160000
0.23350000	0.41760000
0.22120000	0.42060000
0.33180000	0.48050000
0.29490000	0.41690000
0.25810000	0.41190000
0.24580000	0.47520000
0.22120000	0.41210000
0.20890000	0.40570000
0.19660000	0.40000000
0.18430000	0.39470000
0.19660000	0.38990000
0.18430000	0.40010000
0.22120000	0.38120000
0.44240000	0.43710000
0.30720000	0.38490000
0.27040000	0.40400000
0.20890000	0.37240000
0.19660000	0.36790000
0.18430000	0.36630000
0.18430000	0.35960000
0.17200000	0.35590000
0.14750000	0.35220000
0.13520000	0.34870000
0.49160000	0.48130000
0.47930000	0.42350000
0.25810000	0.36900000
0.19660000	0.36080000
0.23350000	0.35380000
0.19660000	0.34760000
0.15980000	0.34330000
0.14750000	0.33730000
0.14750000	0.33290000
0.13520000	0.33060000
0.13520000	0.32500000
0.13520000	0.32140000
0.12170000	0.31800000
0.11800000	0.31470000
0.11800000	0.31160000
0.12040000	0.31230000
0.15980000	0.30560000
0.22120000	0.37320000
0.28260000	0.34400000
0.22120000	0.32100000
0.17200000	0.30670000
0.14750000	0.30200000
0.13520000	0.29780000
0.24580000	0.29400000
0.17200000	0.32570000
0.25810000	0.32170000
0.22120000	0.30180000
0.19660000	0.28920000
0.15980000	0.28360000
0.13520000	0.28010000
0.13520000	0.27680000
0.12290000	0.27370000
0.12040000	0.29020000
0.12290000	0.26790000
0.14750000	0.28810000
4.98940000	8.85170000
1.33950000	5.19600000
0.52840000	0.33710000
0.34410000	0.32660000
0.28260000	0.31340000
0.24580000	0.30260000
0.22120000	0.29360000
0.19660000	0.28610000
0.18430000	0.27980000
0.19660000	0.27430000
0.18430000	0.26950000
0.17200000	0.26530000
0.15980000	0.26160000
0.15980000	0.25810000
0.15980000	0.25490000
0.18430000	0.31620000
8.71300000	0.30910000
2.16290000	9.54280000
0.90940000	1.25790000
0.57760000	0.29560000
0.63900000	0.32640000
0.51610000	0.28660000
0.38100000	0.27460000
0.35640000	0.28690000
0.33180000	0.26630000
0.41780000	0.31250000
2.34720000	1.68190000
2.83880000	5.09900000
1.00770000	1.58410000
1.92940000	2.21620000
1.19200000	1.75920000
0.70050000	0.99410000
0.51610000	0.92940000
0.44240000	0.83220000
0.38100000	0.75550000
0.33180000	0.69480000
0.30720000	0.64650000
0.31950000	0.60800000
0.97080000	3.38190000
0.65130000	1.28230000
0.52840000	0.58690000
0.50390000	0.56400000
0.50390000	0.56440000
0.45470000	0.57100000
0.41780000	0.60020000
0.43010000	0.57250000
0.47930000	0.56990000
0.51610000	0.52590000
0.49160000	0.62560000
0.43010000	0.57440000
0.38100000	0.63610000
0.34410000	0.60030000
0.89710000	0.58730000
4.33800000	7.10920000
2.33490000	4.29170000
8.00020000	4.63480000
6.82040000	8.89810000
2.58070000	3.95420000
1.68360000	1.50040000
1.31490000	1.33190000
1.10600000	1.19780000
0.95850000	1.09180000
0.88480000	1.00790000
0.99540000	0.96330000
0.77420000	0.88760000
0.68820000	0.84990000
0.63900000	0.81400000
0.63900000	0.78470000
0.68820000	0.78500000
0.62670000	0.74030000
6.70980000	0.72930000
4.87880000	7.68130000
2.00310000	5.59020000
1.45010000	1.26490000
1.15520000	1.17080000
0.95850000	1.07730000
2.08910000	1.94240000
3.50240000	4.53170000
2.61760000	6.25350000
2.19970000	3.66060000
2.08910000	1.44860000
2.32260000	2.17040000
2.48240000	1.62490000
2.16290000	1.35760000
1.63440000	1.22910000
1.37640000	1.14260000
1.24120000	1.07350000
1.16750000	1.01800000
1.48700000	0.97310000
3.76050000	3.54410000
10.54400000	3.52350000
7.00480000	9.13650000
2.98620000	7.29750000
2.28580000	1.86470000
1.74500000	1.51730000
1.56070000	1.37060000
1.43780000	1.26920000
1.35180000	1.18830000
1.25350000	1.12350000
1.30260000	1.07130000
1.31490000	1.02880000
1.31490000	0.99400000
1.29040000	0.96510000
1.15520000	0.94090000
0.90940000	0.92040000
1.57300000	0.90270000
2.22430000	0.88720000
2.28580000	0.87350000
2.02770000	0.86120000
1.47470000	0.85000000
1.13060000	0.83960000
1.29040000	0.83000000
1.41320000	0.82090000
1.46240000	0.81220000
1.14290000	0.80390000
1.38870000	0.79590000
2.33490000	1.65020000
3.66210000	5.30470000
2.16290000	3.05050000
2.01540000	1.16890000
3.67440000	3.71760000
2.62990000	4.82510000
1.78190000	1.55980000
1.63440000	1.31820000
2.56840000	1.20950000
3.92020000	2.04290000
2.77730000	2.93430000
4.74360000	2.69030000
2.74050000	1.76570000
1.94170000	1.37380000
1.74500000	1.25140000
2.06460000	2.08630000
1.94170000	3.07960000
2.51930000	1.51690000
3.56380000	4.00440000
2.22430000	3.57010000
7.33660000	5.37000000
3.09680000	4.27750000
1.86790000	1.66570000
1.72050000	1.42460000
3.09680000	1.33560000
2.21200000	3.54180000
3.08460000	3.24580000
3.01080000	1.93850000
2.13830000	1.44420000
1.84340000	1.70410000
1.60990000	1.33090000
1.60990000	2.52260000
1.30260000	3.54590000
1.35180000	1.44900000
1.56070000	1.26960000
5.11230000	1.93970000
8.43030000	5.67320000
3.35490000	3.97440000
2.26120000	1.55720000
1.90480000	1.32980000
2.81420000	1.26590000
2.60530000	2.91250000
4.53470000	2.93080000
2.42090000	3.48630000
2.22430000	1.46340000
2.01540000	1.27630000
1.79420000	1.19870000
1.79420000	1.14460000
1.68360000	1.10060000
1.60990000	1.06440000
1.52380000	1.03430000
1.51160000	1.00910000
1.67130000	0.98760000
4.39950000	0.98870000
11.74840000	12.25310000
3.35490000	8.87970000
2.06460000	1.85950000
1.90480000	1.44480000
1.84340000	1.31480000
1.70820000	1.23220000
1.72050000	1.17500000
1.58530000	1.18700000
1.38870000	1.07820000
1.22890000	1.03910000
1.10600000	1.01000000
1.08140000	0.98560000
1.03230000	0.96470000
1.00770000	0.94670000
1.00770000	0.93090000
0.98310000	0.91690000
1.00770000	0.90420000
0.94630000	0.89260000
0.86020000	0.88190000
0.92170000	0.87190000
5.53010000	0.86260000
10.78980000	8.78170000
4.63300000	6.44510000
3.94480000	1.04930000
12.65780000	3.99200000
8.23370000	9.47880000
3.60070000	6.25020000
2.59300000	1.59930000
2.12600000	1.40580000
1.68360000	1.29600000
1.53610000	1.20860000
1.47470000	1.13870000
1.31490000	1.08250000
1.32720000	1.03700000
1.24120000	0.99980000
1.20430000	0.96900000
1.21660000	0.94340000
1.21660000	0.92170000
1.14290000	0.91130000
1.13060000	1.47770000
1.06920000	0.87530000
0.99540000	0.86520000
0.95850000	0.85270000
1.81880000	1.74700000
1.46240000	0.83620000
2.07690000	0.84940000
3.93250000	3.28210000
2.24890000	2.40230000
2.23660000	0.81540000
4.20290000	0.82840000
3.83420000	3.20320000
2.12600000	0.79050000
1.70820000	0.78640000
1.46240000	0.77570000
1.32720000	0.76590000
1.69590000	0.77970000
1.48700000	0.75910000
1.41320000	0.75220000
1.17980000	0.73390000
1.08140000	0.72630000
0.95850000	0.71890000
0.89710000	0.71180000
0.83570000	0.70490000
0.78650000	0.69820000
0.82340000	0.71420000
0.88480000	0.69850000
0.98310000	0.70700000
0.92170000	0.68240000
0.81110000	0.67480000
0.73730000	0.66720000
0.68820000	0.66000000
0.63900000	0.65320000
0.60220000	0.64660000
0.56530000	0.64020000
0.54070000	0.63400000
0.51610000	0.62800000
0.49160000	0.62200000
0.47930000	0.61620000
0.47930000	0.61050000
0.49160000	0.61440000
0.47930000	0.59940000
0.46700000	0.59390000
0.31950000	0.58850000
0.33180000	0.58850000
0.82340000	2.42870000
0.50390000	0.58990000
0.47930000	0.60990000
0.43010000	0.57770000
0.78650000	0.62270000
0.58990000	0.57600000
0.51610000	0.56810000
0.55300000	0.58400000
0.49160000	0.56580000
0.57760000	0.57550000
0.73730000	0.56780000
0.52840000	0.54320000
0.41780000	0.53600000
0.36870000	0.52910000
0.51610000	0.54410000
0.79880000	0.53460000
0.51610000	0.51270000
0.43010000	0.50710000
0.34410000	0.50180000
0.41780000	0.49660000
0.49160000	0.53930000
0.52840000	0.52790000
0.57760000	0.52650000
1.46240000	0.53730000
0.88480000	0.50120000
0.52840000	0.48600000
0.40550000	0.47890000
0.34410000	0.47250000
0.55300000	0.46660000
0.76190000	0.53260000
0.41780000	0.46730000
0.34410000	0.46190000
0.31950000	0.45540000
0.29490000	0.44950000
0.28260000	0.44400000
0.25810000	0.43890000
0.23350000	0.43410000
0.20890000	0.42960000
1.06920000	0.42570000
0.68820000	0.50980000
0.38100000	0.43190000
0.29490000	0.42530000
0.25810000	0.42120000
0.25810000	0.44340000
0.23350000	0.40880000
0.24580000	0.44460000
0.86020000	0.42850000
0.84790000	0.55490000
0.46700000	0.44410000
0.88480000	0.47200000
0.84790000	0.44210000
0.49160000	0.41930000
0.34410000	0.40810000
0.39330000	0.41800000
0.34410000	0.38760000
0.27040000	0.38210000
0.24580000	0.37710000
0.22120000	0.37250000
0.20890000	0.36820000
0.27040000	0.37780000
0.60220000	0.47120000
5.27200000	0.80610000
3.03540000	3.58120000
1.05690000	0.39240000
2.13830000	1.60490000
1.04460000	0.39610000
0.62670000	0.37860000
0.41780000	0.36990000
0.31950000	0.36250000
0.27040000	0.35600000
0.36870000	0.36620000
1.40100000	2.52840000
1.08140000	0.75550000
0.57760000	0.36060000
0.38100000	0.35260000
0.30720000	0.38450000
0.88480000	0.34400000
2.65440000	1.79810000
1.38870000	1.08790000
2.07690000	1.05820000
0.87250000	0.34760000
0.58990000	0.34050000
0.43010000	0.33360000
0.44240000	0.37110000
5.41950000	3.78580000
1.24120000	0.33660000
0.71280000	0.33400000
0.52840000	0.32670000
0.44240000	0.32050000
0.35640000	0.31500000
0.31950000	0.31010000
0.31950000	0.32070000
0.28260000	0.30180000
0.25810000	0.29810000
0.25810000	0.29470000
0.34410000	0.33720000
0.25810000	0.29330000
0.23350000	0.29040000
0.22120000	0.28680000
0.24580000	0.28340000
0.58990000	1.04870000
0.34410000	0.29830000
0.27040000	0.28860000
0.23350000	0.28350000
0.22120000	0.27900000
0.47930000	0.32000000
0.43010000	0.29360000
0.43010000	0.28960000
0.50390000	0.31960000
1.81880000	3.82970000
0.87250000	0.30840000
0.52840000	0.28770000
0.36870000	0.28030000
6.20600000	0.90070000
6.41490000	12.08540000
2.10140000	6.46590000
1.26580000	1.09860000
1.35180000	0.99490000
1.25350000	1.24440000
0.74960000	0.79190000
0.62670000	0.72150000
0.57760000	0.67870000
0.51610000	0.61780000
0.46700000	0.58140000
0.94630000	2.06430000
1.26580000	2.47260000
1.29040000	0.61990000
0.99540000	0.67800000
0.74960000	0.67430000
0.58990000	0.63030000
0.89710000	1.00300000
1.90480000	2.44610000
1.35180000	1.40390000
0.81110000	0.77140000
0.74960000	0.78350000
1.57300000	1.54270000
1.10600000	1.55200000
0.95850000	0.86560000
0.73730000	0.82090000
1.45010000	0.82900000
2.31030000	4.31390000
1.09370000	2.32050000
1.72050000	1.70240000
1.25350000	1.02890000
1.00770000	1.08040000
3.63760000	1.00920000
3.26890000	5.95890000
1.57300000	2.92350000
1.15520000	1.15960000
0.97080000	1.05620000
0.84790000	0.97430000
0.76190000	0.90910000
0.86020000	1.34240000
3.15830000	5.84690000
1.62220000	5.79590000
1.46240000	1.09850000
1.60990000	1.25220000
1.09370000	1.12040000
1.67130000	1.19010000
2.56840000	5.74620000
2.23660000	3.40010000
10.54400000	5.46680000
4.44860000	9.41420000
2.74050000	5.49400000
2.76500000	4.13700000
2.05230000	3.60650000
1.80650000	1.79560000
1.51160000	1.69730000
1.48700000	1.41320000
10.59320000	7.47760000
8.54090000	12.06380000
3.12140000	6.26060000
2.29810000	2.01870000
2.00310000	1.60660000
1.65900000	1.50590000
1.49930000	1.34950000
1.37640000	1.26340000
1.29040000	1.20970000
1.19200000	1.36460000
1.11830000	1.11990000
1.22890000	1.08020000
1.17980000	1.20470000
1.03230000	1.02620000
1.74500000	0.99430000
3.15830000	3.54960000
1.92940000	3.72540000
3.30580000	2.34830000
2.12600000	1.80720000
4.33800000	2.25130000
5.80040000	8.18260000
3.12140000	6.43100000
2.17520000	2.06050000
1.78190000	1.57150000
1.52380000	1.41320000
1.35180000	1.31540000
1.26580000	1.24030000
1.16750000	1.17990000
1.10600000	1.13090000
1.05690000	1.09080000
0.98310000	1.05770000
0.92170000	1.03000000
0.88480000	1.00660000
0.95850000	0.98660000
17.08180000	9.89160000
5.62840000	14.63910000
2.66670000	6.82120000
2.04000000	2.00470000
1.74500000	1.59240000
1.62220000	1.43930000
1.73280000	1.35000000
1.22890000	1.57090000
1.25350000	1.29140000
1.25350000	1.19400000
1.42550000	3.26270000
1.75730000	3.48070000
1.74500000	1.44620000
1.45010000	1.73160000
1.29040000	1.31780000
1.20430000	1.22280000
1.20430000	1.34120000
1.67130000	1.18230000
1.25350000	1.88290000
1.05690000	1.30460000
0.99540000	1.19150000
1.75730000	1.15450000
3.49010000	5.63760000
2.53160000	5.31640000
2.17520000	2.03650000
6.43950000	4.32360000
3.10910000	4.52680000
2.24890000	1.73550000
1.99080000	1.45560000
1.72050000	1.33910000
1.57300000	1.26190000
2.66670000	3.46340000
2.43320000	4.22980000
1.67130000	2.03920000
1.47470000	1.45810000
2.77730000	2.36860000
8.76210000	9.88310000
3.69900000	8.12170000
4.26430000	4.15170000
3.21970000	2.92580000
2.49470000	1.82980000
2.12600000	1.57750000
3.96940000	1.45060000
11.33050000	9.04010000
4.70670000	8.11620000
12.53490000	2.26680000
5.40720000	1.69270000
2.93710000	1.51690000
2.47010000	1.41420000
2.29810000	1.33830000
1.84340000	1.27700000
1.47470000	1.22720000
1.72050000	1.18620000
1.57300000	1.15230000
1.48700000	1.12380000
1.22890000	1.09960000
1.20430000	1.07870000
1.35180000	1.06040000
1.22890000	1.04420000
1.15520000	1.02960000
1.10600000	1.01620000
0.98310000	1.00390000
1.05690000	0.99250000
0.95850000	0.98160000
0.83570000	0.97130000
0.78650000	0.96140000
0.86020000	0.95180000
0.88480000	0.94260000
0.90940000	0.93350000
0.93400000	0.92470000
0.88480000	0.91600000
0.90940000	0.90750000
0.83570000	0.89920000
0.81110000	0.89090000
0.76190000	0.88280000
0.78650000	0.87480000
0.86020000	0.86680000
0.86020000	0.85900000
0.83570000	0.85120000
0.78650000	0.84350000
0.76190000	0.83590000
0.78650000	0.82830000
0.90940000	0.82090000
0.95850000	0.81350000
0.88480000	0.80610000
0.88480000	0.79890000
0.93400000	0.79180000
0.88480000	0.78450000
0.86020000	0.77750000
0.90940000	0.77050000
0.98310000	0.76350000
2.04000000	0.75670000
3.07230000	0.74990000
2.21200000	0.74310000
1.47470000	0.73640000
1.10600000	0.72980000
1.08140000	0.72330000
1.05690000	0.71680000
1.20430000	0.71030000
1.35180000	0.70390000
1.59760000	0.69760000
2.21200000	0.69130000
4.91560000	0.71050000
24.57820000	9.71170000
24.08660000	19.86910000
6.02170000	10.56120000
3.77270000	1.60950000
3.01080000	1.42710000
2.38410000	1.28810000
2.26120000	1.17830000
2.18750000	1.09120000
13.02640000	1.02840000
10.06480000	13.90530000
7.87730000	13.81670000
7.76670000	10.98940000
7.31200000	8.30420000
6.14450000	13.53730000
3.52700000	9.42090000
2.47010000	2.54480000
2.05230000	1.86750000
1.79420000	1.68880000
1.75730000	1.53690000
1.92940000	1.45070000
1.57300000	1.78810000
1.54840000	1.27410000
1.67130000	2.40120000
1.57300000	2.98950000
1.51160000	1.12150000
1.48700000	1.08730000
1.48700000	1.05880000
1.54840000	1.03460000
1.76960000	1.01390000
3.55150000	3.05850000
3.15830000	5.52630000
2.06460000	2.91860000
2.31030000	1.85740000
4.06770000	4.30720000
8.93420000	6.74000000
9.04480000	4.58480000
6.93100000	1.51390000
4.74360000	1.34220000
3.23200000	1.25590000
2.24890000	1.18670000
1.91710000	1.13090000
1.91710000	1.11000000
2.56840000	1.04850000
2.76500000	2.86340000
2.43320000	2.28080000
2.58070000	1.00740000
2.54380000	2.10220000
1.75730000	0.94700000
1.45010000	0.93030000
1.42550000	0.93330000
1.17980000	0.90250000
1.04460000	0.89050000
0.95850000	0.87950000
0.87250000	0.86920000
0.79880000	0.85960000
0.74960000	0.85040000
0.70050000	0.84170000
0.83570000	0.84730000
0.83570000	0.96230000
0.66360000	0.82110000
0.61450000	0.81260000
0.56530000	0.80440000
0.60220000	0.79650000
1.27810000	1.59700000
1.41320000	1.99000000
1.00770000	0.80670000
0.76190000	0.78540000
0.66360000	0.78500000
0.66360000	0.77490000
0.55300000	0.75650000
0.49160000	0.74810000
0.45470000	0.74010000
0.40550000	0.73250000
0.38100000	0.72510000
0.38100000	0.71800000
0.39330000	0.72230000
0.33180000	0.70440000
0.30720000	0.69770000
0.29490000	0.69120000
0.29490000	0.68490000
0.29490000	0.67860000
0.28260000	0.67240000
0.60220000	1.27650000
0.52840000	0.69810000
0.44240000	0.68530000
0.34410000	0.66550000
0.33180000	0.65670000
0.77420000	0.71920000
0.40550000	0.65350000
0.31950000	0.64520000
0.28260000	0.63650000
0.27040000	0.62850000
0.24580000	0.62530000
0.23350000	0.61410000
0.23350000	0.60750000
0.23350000	0.60130000
0.22120000	0.59520000
0.22120000	0.58930000
0.56530000	2.36110000
0.30720000	0.60500000
0.24580000	0.59950000
0.22120000	0.58950000
0.20890000	0.58060000
0.22120000	0.57250000
0.19660000	0.56520000
0.18430000	0.55840000
0.18430000	0.55700000
0.18430000	0.55860000
0.17200000	0.54040000
0.17200000	0.56890000
0.17200000	0.53370000
0.17200000	0.52780000
0.27040000	0.54610000
0.88480000	1.77200000
0.55300000	0.78010000
0.28260000	0.54520000
0.23350000	0.53410000
0.20890000	0.52400000
0.19660000	0.51520000
0.60220000	0.50740000
0.77420000	0.57740000
0.35640000	0.54030000
0.29490000	0.50450000
0.27040000	0.52040000
0.23350000	0.48860000
0.20890000	0.48250000
0.24580000	0.51340000
0.43010000	0.50210000
0.56530000	1.74290000
0.29490000	0.48470000
0.22120000	0.47780000
0.20890000	0.46930000
0.20890000	0.48470000
0.19660000	0.45520000
0.18430000	0.44940000
0.30720000	0.47260000
0.29490000	0.46310000
0.22120000	0.43900000
0.20890000	0.43340000
0.17200000	0.42830000
0.14750000	0.42340000
0.13520000	0.41880000
0.12290000	0.41450000
0.12170000	0.41030000
0.12290000	0.40620000
0.15980000	0.40230000
0.17200000	0.39850000
0.18430000	0.42220000
0.17200000	0.39100000
0.17200000	0.39990000
0.15980000	0.38450000
0.23350000	0.38090000
0.39330000	0.45080000
0.18430000	0.38490000
0.14750000	0.38050000
0.12290000	0.37540000
0.11430000	0.37080000
0.10570000	0.36640000
0.10200000	0.36230000
0.10570000	0.35850000
0.12290000	0.37220000
0.14750000	0.39630000
0.22120000	0.35480000
0.29490000	0.46490000
0.17200000	0.36690000
0.13520000	0.37360000
0.11920000	0.35370000
0.11060000	0.34780000
0.09830000	0.34250000
0.09830000	0.33780000
0.10570000	0.33350000
0.10080000	0.32950000
0.11800000	0.32570000
0.10570000	0.32220000
0.08730000	0.31880000
0.09340000	0.31560000
0.08360000	0.31250000
0.09090000	0.30940000
0.10810000	0.34600000
0.17200000	0.35910000
0.23350000	0.38700000
0.19660000	0.32190000
0.19660000	0.35500000
0.17200000	0.31520000
0.14750000	0.31120000
0.14750000	0.33650000
0.14750000	0.30370000
0.13520000	0.30050000
0.13520000	0.29570000
0.12290000	0.29150000
0.13520000	0.28760000
0.13520000	0.28400000
0.13520000	0.28070000
0.13520000	0.27760000
0.13520000	0.27460000
0.12290000	0.27180000
0.14750000	0.29650000
0.14750000	0.29090000
0.24580000	0.32810000
0.24580000	0.32100000
0.18430000	0.27950000
0.14750000	0.27550000
0.14750000	0.27020000
0.17200000	0.29250000
0.17200000	0.26160000
0.14750000	0.26160000
0.13520000	0.25770000
0.17200000	0.31330000
0.22120000	0.26380000
0.15980000	0.28150000
0.17200000	0.25290000
0.15980000	0.25270000
0.15980000	0.26120000
0.17200000	0.24490000
0.15980000	0.24320000
0.15980000	0.23990000
0.15980000	0.23690000
0.15980000	0.24170000
0.15980000	0.23140000
0.14750000	0.22890000
0.15980000	0.24150000
0.15980000	0.23920000
0.14750000	0.22410000
0.57760000	0.27040000
0.68820000	2.82450000
0.29490000	0.25000000
0.22120000	0.24580000
0.19660000	0.26890000
0.23350000	0.25430000
0.22120000	0.23440000
0.20890000	0.23050000
0.20890000	0.22570000
0.19660000	0.23620000
0.19660000	0.21780000
0.19660000	0.21680000
0.18430000	0.21340000
0.20890000	0.21060000
0.52840000	0.27560000
0.73730000	1.33760000
0.49160000	0.22200000
0.38100000	0.22100000
0.34410000	0.21970000
0.31950000	0.21120000
0.30720000	0.21230000
0.29490000	0.21280000
0.28260000	0.20110000
0.27040000	0.22150000
0.29490000	0.22530000
0.29490000	0.20060000
0.24580000	0.20020000
0.23350000	0.19670000
0.28260000	0.22660000
0.52840000	0.19390000
9.95420000	9.11290000
2.48240000	3.69160000
1.10600000	1.03780000
0.82340000	0.91050000
1.57300000	0.82930000
5.76360000	8.30730000
1.92940000	4.05040000
1.31490000	1.20320000
1.00770000	1.08080000
0.72510000	0.98190000
0.63900000	0.88780000
5.76360000	2.55920000
2.49470000	2.17630000
1.80650000	1.01540000
1.47470000	0.95320000
1.16750000	0.87500000
1.03230000	0.81300000
0.89710000	0.76350000
0.87250000	0.72370000
1.11830000	0.69160000
7.66840000	4.10560000
2.87560000	3.81410000
2.07690000	1.03910000
1.29040000	1.01480000
1.35180000	0.93360000
1.22890000	0.86910000
1.17980000	0.81760000
1.16750000	0.77620000
1.10600000	0.74270000
1.09370000	0.71540000
1.13060000	0.69290000
15.97580000	1.22740000
7.85270000	5.94200000
3.14600000	3.20800000
2.18750000	1.16940000
1.97850000	1.13260000
1.95400000	1.04090000
3.04770000	0.98560000
2.05230000	0.91000000
1.67130000	1.01450000
1.48700000	0.98620000
1.19200000	0.92380000
1.04460000	0.87370000
1.24120000	0.83340000
1.30260000	0.80050000
1.56070000	0.78460000
5.97250000	7.82140000
4.49780000	18.82330000
3.79730000	14.36160000
2.40870000	4.99020000
5.84960000	4.71060000
3.29350000	4.75150000
2.15060000	2.28860000
1.90480000	1.73970000
1.69590000	2.14430000
1.47470000	1.56680000
1.33950000	1.40230000
1.27810000	1.30040000
1.03230000	1.22240000
0.76190000	1.15970000
0.83570000	1.10910000
0.86020000	1.06770000
0.88480000	1.03370000
0.86020000	1.00540000
0.83570000	0.98150000
0.81110000	0.96120000
0.78650000	0.94350000
0.76190000	0.92800000
0.73730000	0.91420000
3.19520000	0.90170000
1.88020000	0.89030000
1.86790000	0.87970000
2.42090000	0.86980000
1.65900000	0.86040000
1.45010000	0.85150000
16.71320000	9.44520000
13.88670000	20.76140000
4.81730000	11.73400000
2.87560000	2.52300000
2.33490000	1.81230000
2.05230000	1.58600000
1.29040000	1.44630000
1.35180000	1.33970000
1.41320000	1.25490000
1.35180000	1.18680000
1.20430000	1.13190000
1.10600000	1.08730000
1.15520000	1.05070000
7.88960000	4.96020000
3.09680000	4.99720000
1.89250000	1.43340000
1.57300000	1.19070000
1.47470000	1.11580000
1.32720000	1.07000000
1.15520000	1.03260000
1.13060000	1.00160000
1.06920000	0.97570000
1.02000000	0.95370000
0.83570000	0.93490000
0.88480000	0.91850000
0.95850000	0.90400000
0.83570000	0.89100000
4.05540000	0.87930000
8.28280000	5.82990000
3.07230000	4.91860000
2.05230000	1.08460000
1.68360000	0.99880000
1.35180000	0.96070000
1.20430000	0.92930000
1.22890000	0.90330000
1.20430000	0.88140000
1.27810000	0.86270000
1.19200000	0.84660000
1.72050000	0.83240000
2.98620000	1.63090000
2.47010000	2.09240000
1.70820000	0.80830000
1.70820000	0.79650000
8.39340000	1.31400000
5.65300000	3.72930000
2.88790000	2.69760000
2.26120000	0.95560000
1.85570000	0.93410000
1.57300000	0.89370000
1.36410000	0.86080000
2.78960000	0.83370000
3.07230000	0.82490000
2.74050000	3.39980000
1.97850000	2.44110000
1.84340000	0.83500000
9.20450000	1.41530000
17.20470000	12.34150000
6.51320000	14.20140000
3.72360000	5.77200000
4.82960000	3.82520000
5.28430000	6.41570000
3.64990000	3.84340000
3.12140000	2.65860000
2.60530000	2.51690000
2.13830000	1.46610000
1.75730000	1.34570000
2.66670000	2.41750000
3.89560000	4.24630000
2.83880000	2.77510000
2.13830000	1.27870000
1.62220000	1.14910000
1.38870000	1.09540000
1.21660000	1.05180000
1.10600000	1.01610000
0.99540000	0.98650000
0.88480000	0.96160000
0.81110000	0.94060000
0.73730000	0.92240000
0.67590000	0.90660000
0.62670000	0.89250000
0.57760000	0.87990000
0.55300000	0.86850000
0.62670000	0.87300000
0.66360000	0.86610000
0.68820000	0.85680000
0.56530000	0.84310000
0.50390000	0.82510000
0.51610000	0.82840000
0.62670000	0.83010000
1.16750000	2.00160000
0.73730000	0.80020000
0.56530000	0.79420000
0.49160000	0.78490000
0.71280000	0.85820000
0.58990000	0.77270000
0.47930000	0.76620000
0.43010000	0.75740000
0.55300000	0.77340000
0.47930000	0.74670000
0.39330000	0.73600000
0.55300000	0.76130000
0.47930000	0.72530000
0.39330000	0.71830000
0.39330000	0.72160000
0.43010000	0.72470000
0.39330000	0.70100000
0.34410000	0.69580000
0.44240000	0.71550000
0.44240000	0.69140000
0.34410000	0.67520000
0.29490000	0.66790000
0.28260000	0.66100000
0.25810000	0.65430000
0.24580000	0.64790000
0.22120000	0.64160000
0.22120000	0.63550000
0.49160000	0.68340000
0.68820000	0.67140000
0.39330000	0.63210000
0.30720000	0.62440000
0.29490000	0.62150000
0.27040000	0.60950000
0.24580000	0.60270000
0.20890000	0.59630000
0.19660000	0.59020000
0.17200000	0.58430000
0.18430000	0.58180000
0.20890000	0.60910000
0.17200000	0.57210000
0.15980000	0.56590000
0.77420000	0.63600000
0.66360000	0.94620000
0.63900000	0.62170000
0.78650000	0.61230000
1.53610000	0.65440000
0.81110000	0.58540000
2.19970000	0.60670000
1.06920000	0.57290000
0.84790000	0.59030000
0.62670000	0.55780000
0.43010000	0.53650000
0.31950000	0.52850000
0.29490000	0.54340000
0.30720000	0.51670000
0.27040000	0.52100000
0.29490000	0.53720000
0.41780000	0.63250000
0.39330000	0.52840000
0.28260000	0.50000000
0.30720000	0.49300000
0.35640000	0.58250000
0.28260000	0.48950000
0.23350000	0.48240000
0.20890000	0.47600000
0.19660000	0.47010000
0.47930000	0.47320000
0.50390000	0.52550000
0.27040000	0.47940000
0.25810000	0.47570000
0.28260000	0.46970000
0.47930000	0.51810000
0.25810000	0.45360000
0.20890000	0.44670000
0.19660000	0.44040000
0.17200000	0.43480000
0.15980000	0.42950000
0.27040000	0.48970000
0.38100000	0.45880000
1.43780000	0.46830000
3.64990000	0.47220000
2.75280000	1.40460000
5.12450000	6.96900000
1.22890000	0.45460000
1.29040000	0.49230000
0.88480000	0.48470000
0.58990000	0.43350000
0.45470000	0.42360000
0.40550000	0.42690000
0.34410000	0.40770000
1.25350000	1.07430000
1.10600000	0.43580000
0.51610000	0.40260000
1.16750000	0.39560000
4.76820000	7.52860000
1.25350000	0.80790000
3.53930000	1.88360000
2.29810000	1.24790000
3.82190000	3.78460000
2.27350000	4.32470000
1.38870000	1.08270000
1.13060000	1.04610000
0.78650000	0.95460000
0.73730000	0.86180000
0.55300000	0.78370000
0.41780000	0.72970000
0.35640000	0.68660000
0.67590000	1.89990000
0.45470000	0.63080000
0.31950000	0.60980000
0.27040000	0.58940000
0.25810000	0.57250000
0.28260000	0.55820000
0.70050000	0.58200000
0.33180000	0.54010000
0.25810000	0.53110000
0.23350000	0.52220000
0.24580000	0.54150000
0.31950000	0.54720000
0.29490000	0.50890000
0.25810000	0.50220000
0.24580000	0.49530000
0.23350000	0.48900000
0.24580000	0.48320000
0.22120000	0.47770000
0.22120000	0.48250000
0.24580000	0.48000000
0.24580000	0.47290000
0.27040000	0.49330000
0.28260000	0.46750000
0.23350000	0.45480000
0.24580000	0.44960000
0.62670000	3.80370000
1.69590000	5.44290000
0.65130000	0.57910000
0.50390000	0.47980000
0.33180000	0.45910000
0.27040000	0.45010000
0.24580000	0.44220000
0.23350000	0.43530000
0.22120000	0.42900000
0.22120000	0.42440000
0.18430000	0.41810000
0.17200000	0.41330000
0.15980000	0.40870000
0.15980000	0.40440000
0.17200000	0.40520000
0.17200000	0.41090000
0.19660000	0.40720000
0.18430000	0.39080000
0.19660000	0.41700000
0.33180000	1.07240000
2.24890000	4.81340000
0.70050000	0.50280000
0.38100000	0.40190000
0.29490000	0.39350000
0.25810000	0.38620000
0.23350000	0.37980000
0.27040000	0.41090000
0.24580000	0.37240000
0.22120000	0.36960000
0.19660000	0.36430000
0.18430000	0.35960000
0.19660000	0.35510000
0.18430000	0.36240000
3.62530000	6.23310000
1.32720000	2.92430000
0.71280000	0.73490000
0.50390000	0.73300000
0.43010000	0.66540000
0.58990000	0.91640000
0.82340000	1.24580000
0.71280000	0.72400000
0.55300000	0.75660000
1.68360000	1.07960000
1.78190000	2.94080000
0.98310000	1.82520000
0.81110000	0.96320000
0.84790000	0.92410000
0.70050000	0.88670000
0.56530000	0.86210000
0.50390000	0.79420000
0.45470000	0.74020000
0.44240000	0.69710000
0.43010000	0.66240000
0.40550000	0.63430000
0.39330000	0.61140000
0.38100000	0.59240000
0.39330000	0.58810000
0.39330000	0.56330000
0.51610000	0.86200000
0.49160000	0.54950000
0.47930000	0.54120000
0.45470000	0.54720000
0.47930000	0.53150000
2.01540000	2.08040000
2.49470000	4.39120000
1.42550000	2.11350000
1.06920000	1.02310000
0.88480000	0.93330000
0.86020000	0.85840000
0.77420000	0.79900000
0.62670000	0.75150000
0.63900000	0.71330000
0.63900000	0.68240000
0.86020000	0.65720000
0.98310000	0.63650000
1.03230000	0.61920000
1.10600000	0.60460000
1.13060000	0.59220000
1.09370000	0.58140000
1.70820000	0.57190000
1.73280000	0.57490000
1.40100000	0.55950000
2.60530000	0.56150000
1.96630000	0.54820000
1.37640000	0.55130000
1.10600000	0.56470000
0.98310000	0.55310000
1.30260000	0.54300000
13.02640000	4.87730000
3.63760000	3.78540000
2.22430000	1.01280000
1.47470000	0.98130000
1.49930000	0.89750000
7.47180000	3.97840000
3.84650000	4.61700000
2.16290000	1.18110000
1.74500000	1.24120000
1.35180000	1.15090000
1.22890000	1.05000000
1.10600000	0.97010000
0.98310000	0.90640000
0.98310000	0.85550000
3.68670000	0.81440000
9.83130000	0.78250000
3.47780000	0.75460000
28.63360000	6.77560000
14.13240000	35.21260000
4.64530000	23.66200000
2.76500000	5.29780000
1.84340000	2.44470000
1.72050000	2.10520000
1.74500000	1.81020000
1.51160000	1.61330000
1.29040000	1.47430000
1.47470000	1.36650000
1.10600000	1.28060000
1.96630000	1.21170000
2.37180000	1.15620000
1.72050000	1.11100000
1.59760000	1.07390000
1.59760000	1.04310000
1.53610000	1.01720000
1.41320000	0.99530000
1.29040000	0.97630000
1.22890000	0.95980000
1.16750000	0.94510000
1.10600000	0.93190000
1.04460000	0.91980000
0.99540000	0.90870000
0.93400000	0.89830000
0.89710000	0.88840000
0.89710000	0.87910000
0.94630000	0.87010000
0.88480000	0.86150000
0.83570000	0.85310000
0.78650000	0.84490000
0.77420000	0.83690000
0.77420000	0.82910000
0.81110000	0.82140000
0.78650000	0.81380000
0.79880000	0.80640000
0.81110000	0.79900000
0.76190000	0.79170000
0.76190000	0.78450000
0.71280000	0.77740000
0.68820000	0.77040000
0.71280000	0.76340000
1.96630000	0.75650000
4.30120000	0.74970000
1.72050000	0.74300000
1.84340000	0.73630000
11.67460000	5.12250000
14.74690000	19.13730000
3.94480000	11.68580000
1.72050000	2.06300000
1.72050000	1.61770000
1.65900000	1.43630000
1.65900000	1.30950000
1.59760000	1.20990000
1.53610000	1.13060000
1.53610000	1.06710000
1.47470000	1.01600000
1.42550000	0.97450000
1.16750000	0.94050000
1.10600000	0.91240000
1.10600000	0.88890000
1.65900000	0.86900000
12.23990000	1.62270000
5.91100000	2.08600000
2.72820000	0.83260000
1.72050000	0.81950000
1.59760000	0.80750000
1.47470000	0.79660000
1.41320000	0.78660000
4.14140000	0.80550000
10.76520000	5.24000000
23.96370000	14.93850000
16.59030000	14.12470000
6.31660000	6.59650000
11.21990000	13.05280000
4.17830000	9.68150000
2.65440000	2.47960000
2.24890000	1.82560000
2.05230000	1.64730000
1.96630000	1.51450000
1.95400000	1.43410000
2.54380000	1.50320000
4.42410000	5.58300000
2.24890000	3.93700000
1.63440000	1.30710000
1.51160000	1.23320000
1.21660000	1.17360000
1.09370000	1.12530000
1.09370000	1.08580000
1.20430000	1.06850000
1.80650000	2.25000000
1.21660000	1.24530000
1.31490000	0.99010000
1.75730000	1.64450000
1.25350000	1.12580000
1.43780000	0.94710000
1.46240000	0.95370000
1.51160000	0.96590000
4.91560000	4.90500000
4.49780000	4.46400000
5.96020000	1.87550000
3.77270000	2.19740000
2.94940000	1.32510000
2.76500000	1.12450000
2.17520000	1.05640000
1.59760000	1.01200000
1.25350000	0.97570000
1.11830000	0.94570000
1.08140000	0.92070000
0.98310000	0.89960000
0.90940000	0.88150000
0.83570000	0.86580000
0.77420000	0.85190000
0.74960000	0.83950000
0.76190000	0.84520000
0.79880000	0.83290000
0.83570000	0.82830000
0.94630000	0.82110000
0.87250000	0.79590000
0.74960000	0.78690000
0.66360000	0.77830000
0.62670000	0.77010000
0.60220000	0.76220000
0.81110000	0.86220000
0.63900000	0.75140000
0.78650000	0.77070000
1.16750000	0.90500000
0.78650000	0.73620000
0.65130000	0.72850000
0.58990000	0.72030000
0.54070000	0.71250000
1.21660000	1.56590000
1.00770000	0.72160000
0.93400000	0.72100000
0.93400000	0.73410000
0.71280000	0.69050000
0.60220000	0.68290000
0.52840000	0.67480000
0.52840000	0.67390000
0.51610000	0.68810000
0.46700000	0.65310000
0.45470000	0.66630000
0.40550000	0.64150000
0.38100000	0.63560000
0.38100000	0.62920000
0.33180000	0.62310000
0.30720000	0.61710000
0.30720000	0.61130000
0.29490000	0.60550000
0.27040000	0.59990000
0.25810000	0.59440000
0.36870000	0.61640000
0.74960000	1.25730000
0.83570000	1.91520000
0.50390000	0.61050000
0.41780000	0.62130000
0.35640000	0.58680000
0.30720000	0.57960000
0.28260000	0.57120000
0.25810000	0.56360000
0.24580000	0.55660000
0.23350000	0.55010000
0.22120000	0.54390000
0.23350000	0.53810000
0.46700000	0.60270000
0.30720000	0.53880000
0.33180000	0.53860000
0.38100000	1.18640000
0.31950000	0.53280000
0.25810000	0.52600000
0.22120000	0.51830000
0.20890000	0.51130000
0.22120000	0.50480000
1.91710000	3.30850000
0.73730000	0.53210000
0.74960000	0.53090000
1.31490000	0.83280000
0.76190000	0.50920000
0.49160000	0.50160000
0.35640000	0.49270000
0.30720000	0.48490000
1.62220000	0.55670000
1.35180000	0.50350000
0.63900000	0.47430000
0.94630000	0.63540000
0.92170000	0.87260000
1.08140000	0.51080000
2.29810000	2.19860000
1.38870000	0.49820000
0.92170000	0.48160000
0.62670000	0.46170000
0.55300000	0.47140000
0.43010000	0.45630000
0.35640000	0.43980000
0.30720000	0.43390000
0.27040000	0.42850000
6.67300000	0.42340000
2.66670000	5.18270000
0.93400000	0.44110000
0.61450000	0.43600000
0.45470000	0.42750000
0.39330000	0.42010000
0.34410000	0.41360000
0.40550000	0.43930000
0.35640000	0.41210000
0.30720000	0.40040000
0.27040000	0.39530000
0.40550000	0.49080000
2.10140000	1.88370000
1.20430000	1.04560000
0.62670000	0.42740000
0.57760000	0.43340000
0.46700000	0.41070000
0.35640000	0.38810000
0.31950000	0.38160000
0.56530000	0.39420000
0.35640000	0.38900000
0.29490000	0.36600000
0.28260000	0.38360000
0.30720000	0.37700000
0.23350000	0.35480000
2.08910000	2.68170000
0.62670000	0.36100000
0.36870000	0.35900000
0.28260000	0.35300000
3.06000000	0.89910000
14.50110000	9.59610000
2.54380000	2.39560000
1.16750000	0.65360000
0.79880000	0.58450000
0.61450000	0.54070000
0.50390000	0.50570000
0.41780000	0.47780000
0.35640000	0.45520000
0.88480000	0.43690000
1.19200000	0.46430000
0.54070000	0.41430000
0.67590000	1.03890000
0.50390000	0.41130000
0.39330000	0.39510000
0.44240000	0.40700000
0.33180000	0.37900000
0.29490000	0.37300000
0.33180000	0.39130000
0.28260000	0.36190000
0.60220000	0.37860000
0.81110000	0.77840000
0.70050000	0.38420000
0.43010000	0.35680000
0.31950000	0.35120000
0.27040000	0.34610000
0.24580000	0.34150000
0.23350000	0.33730000
0.22120000	0.33340000
0.19660000	0.32970000
0.22120000	0.32620000
0.20890000	0.32280000
0.19660000	0.31960000
0.18430000	0.31640000
0.17200000	0.31340000
0.17200000	0.31040000
0.17200000	0.30750000
0.17200000	0.30460000
0.18430000	0.30180000
0.22120000	0.29910000
0.22120000	0.29630000
0.23350000	0.29780000
0.20890000	0.29090000
0.20890000	0.28830000
0.20890000	0.29540000
0.20890000	0.30800000
0.19660000	0.28160000
0.19660000	0.28110000
0.18430000	0.27810000
0.25810000	0.35520000
0.30720000	0.33640000
1.74500000	2.78800000
1.13060000	1.63620000
0.54070000	0.32540000
0.57760000	0.30390000
1.26580000	0.92610000
0.56530000	0.29780000
0.62670000	0.32120000
0.47930000	0.28750000
1.76960000	1.20360000
1.15520000	1.57020000
0.65130000	0.52880000
1.74500000	1.99380000
1.06920000	0.69270000
0.68820000	0.75060000
0.55300000	0.67640000
0.46700000	0.61390000
0.41780000	0.55940000
0.41780000	0.53850000
0.46700000	0.49680000
0.45470000	0.47190000
0.39330000	0.45920000
0.34410000	0.44200000
0.31950000	0.42570000
0.30720000	0.41240000
0.35640000	0.42950000
1.15520000	3.22770000
0.88480000	1.17830000
0.63900000	0.71240000
0.49160000	0.71950000
2.42090000	1.98680000
1.64670000	4.05200000
1.02000000	0.91190000
1.62220000	1.50850000
1.56070000	3.02250000
0.94630000	1.04460000
0.79880000	1.08580000
0.71280000	0.96690000
0.72510000	0.93720000
1.03230000	0.88910000
0.78650000	0.80000000
0.66360000	0.92160000
0.57760000	0.85170000
0.52840000	0.79600000
0.47930000	0.75150000
0.45470000	0.71560000
0.43010000	0.68650000
0.41780000	0.66270000
0.40550000	0.64290000
0.38100000	0.62640000
0.35640000	0.61240000
0.34410000	0.60040000
0.60220000	0.96240000
1.78190000	3.83950000
1.06920000	1.81810000
0.74960000	0.82950000
0.62670000	0.78270000
0.83570000	0.75570000
0.94630000	0.71600000
0.94630000	0.76630000
0.78650000	0.80770000
1.00770000	0.84600000
0.79880000	0.77670000
1.70820000	1.62340000
1.57300000	2.37880000
1.54840000	1.05220000
2.77730000	1.91910000
2.10140000	2.83790000
1.33950000	1.17240000
1.00770000	1.18680000
0.84790000	1.08360000
0.77420000	1.00200000
4.37490000	0.93680000
3.89560000	0.88460000
1.10600000	0.84250000
1.41320000	0.80840000
1.35180000	0.78040000
1.59760000	0.75730000
5.07540000	0.76560000
2.72820000	1.88190000
1.41320000	0.78580000
1.16750000	0.79410000
1.05690000	0.76550000
0.86020000	0.74190000
0.71280000	0.72220000
0.61450000	0.70560000
0.58990000	0.69130000
0.67590000	0.67890000
0.73730000	0.66800000
6.51320000	1.30050000
4.91560000	3.71620000
2.21200000	2.42420000
1.35180000	1.04430000
1.35180000	1.01000000
1.35180000	0.94240000
1.22890000	0.88470000
1.03230000	0.83840000
0.88480000	0.80090000
0.88480000	0.77050000
0.94630000	0.74540000
0.90940000	0.72460000
0.93400000	0.70700000
0.90940000	0.69210000
0.88480000	0.67920000
0.79880000	0.66790000
0.79880000	0.65780000
0.88480000	0.64870000
0.88480000	0.64040000
0.90940000	0.63280000
1.00770000	0.62560000
0.98310000	0.61880000
0.90940000	0.61230000
0.98310000	0.60610000
1.22890000	0.60010000
0.98310000	0.59430000
0.73730000	0.58860000
0.81110000	0.58310000
0.73730000	0.57760000
0.77420000	0.57220000
17.81920000	11.64530000
5.03850000	10.37350000
2.21200000	2.99540000
1.65900000	1.35770000
1.13060000	1.25600000
0.94630000	1.13810000
0.83570000	1.04480000
0.83570000	0.97070000
0.81110000	0.91160000
0.78650000	0.86410000
0.78650000	0.82580000
0.73730000	0.79450000
0.63900000	0.76880000
0.63900000	0.74750000
0.61450000	0.72950000
0.58990000	0.71410000
0.56530000	0.70090000
0.54070000	0.68930000
0.54070000	0.67890000
0.54070000	0.66960000
0.54070000	0.66100000
0.55300000	0.65310000
0.54070000	0.64570000
0.54070000	0.63870000
0.55300000	0.63200000
0.54070000	0.62560000
0.54070000	0.61940000
0.55300000	0.61340000
0.54070000	0.60760000
0.56530000	0.60180000
0.58990000	0.59620000
0.58990000	0.59070000
0.54070000	0.58530000
0.58990000	0.57990000
0.61450000	0.57460000
0.58990000	0.56940000
0.58990000	0.56420000
0.58990000	0.55910000
0.58990000	0.55400000
0.61450000	0.54900000
0.61450000	0.54410000
0.67590000	0.53920000
0.73730000	0.53430000
1.10600000	0.54080000
2.08910000	1.73770000
5.16140000	5.07870000
16.34450000	10.11820000
16.09870000	10.85170000
11.41660000	9.19380000
6.08310000	5.64370000
4.38720000	2.88360000
3.60070000	1.52990000
3.26890000	2.76640000
2.97400000	2.30620000
2.51930000	1.38160000
1.96630000	1.33670000
2.62990000	1.21970000
12.41200000	8.34680000
5.99710000	8.31330000
3.18290000	2.04310000
2.81420000	1.57160000
1.90480000	1.82120000
1.86790000	1.40540000
3.19520000	2.41610000
2.13830000	2.92010000
1.64670000	1.19000000
1.40100000	1.13020000
1.24120000	1.06130000
1.10600000	1.01650000
0.97080000	0.98000000
0.90940000	0.94980000
1.02000000	0.94140000
1.04460000	0.92180000
1.16750000	0.90850000
1.03230000	0.89120000
0.90940000	0.87520000
0.82340000	0.85250000
0.71280000	0.83860000
0.65130000	0.82700000
0.60220000	0.81640000
0.57760000	0.80660000
0.70050000	0.79740000
1.36410000	2.42010000
1.21660000	2.03420000
1.05690000	0.78690000
0.79880000	0.77820000
0.67590000	0.76840000
0.58990000	0.75930000
0.52840000	0.75080000
0.49160000	0.74270000
0.90940000	0.75150000
2.06460000	2.22550000
1.63440000	2.34190000
0.95850000	0.72780000
0.72510000	0.72180000
0.62670000	0.71250000
0.55300000	0.70390000
0.50390000	0.69580000
0.49160000	0.69820000
0.45470000	0.68990000
0.41780000	0.67410000
1.88020000	4.09090000
0.90940000	0.95170000
2.47010000	2.17500000
2.77730000	3.64930000
1.45010000	0.67400000
0.99540000	0.66730000
2.61760000	2.33710000
1.70820000	1.37570000
5.89880000	2.16730000
1.84340000	0.64600000
1.26580000	0.63850000
0.97080000	0.62870000
0.93400000	0.61990000
1.22890000	0.89090000
0.82340000	0.60820000
0.67590000	0.60060000
0.58990000	0.59350000
0.54070000	0.59470000
0.46700000	0.58060000
0.40550000	0.57460000
0.35640000	0.56880000
0.31950000	0.56320000
0.29490000	0.55780000
0.28260000	0.55250000
0.25810000	0.54730000
0.23350000	0.54220000
0.28260000	0.57730000
0.29490000	0.53720000
0.47930000	0.58530000
0.44240000	0.57710000
2.07690000	4.11900000
7.15220000	9.35160000
2.48240000	3.71050000
1.25350000	0.56270000
0.99540000	0.54850000
1.83110000	1.61080000
1.08140000	0.53250000
0.76190000	0.52620000
0.72510000	0.54190000
0.73730000	0.51610000
0.72510000	0.51970000
2.39640000	0.49610000
1.99080000	4.99860000
1.09370000	0.80340000
0.90940000	0.49660000
0.95850000	0.50770000
0.55300000	0.48040000
0.49160000	0.47360000
0.50390000	0.49580000
0.94630000	1.62440000
0.77420000	0.48320000
0.47930000	0.46180000
0.44240000	0.46360000
0.72510000	0.49190000
0.81110000	0.49540000
0.44240000	0.44910000
0.35640000	0.44290000
0.30720000	0.43680000
0.28260000	0.43120000
0.25810000	0.42600000
0.23350000	0.42120000
0.20890000	0.41660000
0.19660000	0.41230000
0.18430000	0.40810000
0.92170000	0.40400000
1.40100000	3.34260000
0.45470000	0.41750000
0.28260000	0.41440000
0.23350000	0.40700000
0.22120000	0.40060000
0.20890000	0.39480000
0.18430000	0.39000000
0.17200000	0.38470000
0.15980000	0.38080000
0.17200000	0.38600000
0.20890000	0.38700000
0.28260000	0.36810000
0.23350000	0.36460000
1.02000000	1.42830000
0.76190000	0.40370000
0.78650000	0.44880000
0.49160000	0.40680000
0.28260000	0.37710000
0.24580000	0.36930000
0.34410000	0.41720000
0.24580000	0.36290000
0.20890000	0.35830000
0.18430000	0.35230000
0.17200000	0.34700000
0.17200000	0.34220000
0.15980000	0.35910000
0.20890000	0.37680000
0.20890000	0.35200000
0.14750000	0.33930000
0.13520000	0.32770000
0.13520000	0.32370000
0.17200000	0.34800000
0.17200000	0.31640000
0.14750000	0.31940000
0.13520000	0.31300000
0.11670000	0.30770000
0.15980000	0.31850000
0.30720000	0.38780000
0.18430000	0.31210000
0.13520000	0.30770000
0.12290000	0.30300000
0.14750000	0.32010000
0.17200000	0.29480000
0.97080000	2.88390000
0.67590000	0.34530000
0.49160000	0.33800000
0.27040000	0.30740000
0.23350000	0.31210000
0.18430000	0.29600000
0.15980000	0.29070000
0.13520000	0.28600000
0.12290000	0.28190000
0.11430000	0.27810000
0.09950000	0.27460000
0.09830000	0.27140000
0.09090000	0.26830000
0.19660000	0.33250000
0.20890000	0.31580000
0.14750000	0.27670000
0.12290000	0.27210000
0.30720000	0.34250000
0.20890000	0.28220000
0.17200000	0.27600000
0.14750000	0.26710000
0.17200000	0.30040000
0.20890000	0.26500000
0.14750000	0.25960000
0.13520000	0.25530000
0.14750000	0.25140000
0.31950000	0.69810000
0.24580000	0.25690000
0.22120000	0.26060000
0.20890000	0.25060000
0.18430000	0.24630000
0.14750000	0.25670000
0.17200000	0.26430000
0.14750000	0.23660000
0.12040000	0.23630000
0.11550000	0.23300000
0.12290000	0.23000000
0.34410000	0.29500000
0.31950000	0.26620000
0.77420000	0.26090000
1.11830000	3.45580000
0.41780000	0.25190000
0.83570000	0.29710000
0.77420000	0.26280000
2.94940000	1.41630000
3.18290000	3.31250000
1.56070000	2.46920000
0.74960000	0.85960000
0.52840000	0.85310000
0.41780000	0.75500000
0.38100000	0.67780000
0.55300000	0.84220000
0.44240000	0.57310000
0.38100000	0.56560000
0.41780000	0.54900000
0.52840000	0.90580000
0.41780000	0.56840000
0.34410000	0.62520000
0.30720000	0.58030000
0.29490000	0.54440000
0.46700000	0.81110000
0.76190000	2.23280000
0.50390000	0.66000000
0.63900000	0.75740000
0.52840000	0.66940000
0.55300000	0.77710000
1.80650000	2.61950000
0.81110000	0.82040000
0.82340000	0.92450000
0.61450000	0.82240000
0.51610000	0.88520000
0.44240000	0.81010000
0.39330000	0.75050000
0.38100000	0.70300000
0.39330000	0.67100000
0.83570000	1.06720000
1.05690000	1.53210000
0.70050000	0.73830000
0.57760000	0.81130000
0.51610000	0.75500000
0.45470000	0.71010000
0.43010000	0.67400000
0.40550000	0.64480000
0.36870000	0.62090000
0.35640000	0.60130000
0.38100000	0.59400000
0.38100000	0.57120000
2.67900000	3.62290000
1.33950000	3.30110000
0.86020000	0.90050000
0.67590000	0.88980000
0.57760000	0.90880000
1.81880000	0.83920000
4.60840000	4.36970000
1.69590000	2.96800000
1.05690000	1.12930000
2.13830000	1.95880000
1.48700000	2.51000000
1.13060000	1.12660000
0.98310000	1.03930000
2.59300000	3.15860000
17.08180000	14.49530000
5.44410000	8.81420000
2.98620000	1.87850000
2.29810000	1.56430000
1.91710000	1.39850000
1.52380000	1.27500000
1.36410000	1.17720000
1.09370000	1.09940000
1.04460000	1.03710000
0.98310000	0.98700000
0.97080000	0.94630000
1.42550000	0.91310000
2.15060000	0.88550000
0.83570000	0.86250000
0.99540000	0.84310000
1.11830000	0.82640000
1.00770000	0.81180000
0.89710000	0.79900000
0.82340000	0.78750000
0.77420000	0.77700000
0.71280000	0.76740000
0.68820000	0.75850000
0.61450000	0.75010000
0.58990000	0.74210000
0.66360000	0.73440000
0.57760000	0.72710000
0.63900000	0.72000000
0.61450000	0.71300000
0.58990000	0.70630000
0.86020000	0.69960000
2.33490000	0.69310000
8.46720000	5.62480000
4.08000000	7.99150000
1.74500000	3.26780000
1.33950000	1.27050000
1.10600000	1.17480000
0.98310000	1.08270000
1.00770000	1.00950000
0.87250000	0.95090000
0.87250000	0.90380000
0.92170000	0.86570000
0.79880000	0.83450000
0.76190000	0.80880000
0.73730000	0.78730000
0.73730000	0.76920000
0.73730000	0.75360000
0.73730000	0.74010000
0.73730000	0.72830000
0.92170000	0.71760000
0.86020000	0.70800000
0.79880000	0.69920000
0.73730000	0.69100000
0.68820000	0.68320000
0.63900000	0.67590000
0.61450000	0.66890000
0.63900000	0.66220000
0.63900000	0.65570000
0.63900000	0.64940000
0.61450000	0.64320000
0.58990000	0.63710000
0.58990000	0.63120000
0.56530000	0.62540000
0.58990000	0.61960000
0.58990000	0.61390000
0.58990000	0.60830000
0.61450000	0.60280000
0.61450000	0.59730000
0.61450000	0.59190000
0.61450000	0.58660000
0.58990000	0.58130000
0.58990000	0.57600000
0.58990000	0.57080000
0.61450000	0.56570000
0.61450000	0.56060000
0.73730000	0.55560000
0.86020000	0.55050000
0.98310000	0.54560000
1.04460000	0.54070000
1.35180000	0.54250000
15.36140000	6.07820000
6.75900000	4.70780000
2.94940000	0.77300000
2.04000000	0.83910000
1.59760000	0.79310000
1.41320000	0.74220000
1.27810000	0.70150000
1.20430000	0.66870000
1.16750000	0.64200000
0.99540000	0.62010000
10.34740000	2.12600000
6.09540000	1.60420000
2.91250000	0.74000000
1.72050000	0.73750000
1.78190000	0.69770000
9.74520000	1.06250000
15.23850000	8.43220000
4.76820000	5.24890000
2.87560000	1.24120000
2.35950000	1.19350000
10.04020000	3.03030000
12.53490000	9.38650000
4.69440000	5.95050000
3.95710000	2.52150000
2.62990000	1.60300000
2.23660000	1.40600000
3.36720000	2.08280000
3.47780000	4.48040000
5.77590000	9.74040000
3.34260000	7.86330000
1.95400000	2.28650000
4.69440000	4.43010000
2.96170000	5.49080000
2.11370000	2.16790000
2.01540000	1.61490000
1.62220000	1.43370000
1.32720000	1.32570000
1.19200000	1.23970000
1.08140000	1.17080000
1.10600000	1.11530000
1.46240000	1.07030000
2.02770000	1.03330000
2.24890000	1.00860000
2.29810000	1.63270000
2.10140000	3.90780000
7.05390000	6.85340000
7.63150000	9.12300000
3.36720000	5.76890000
2.88790000	2.84380000
2.04000000	1.94180000
1.62220000	1.40030000
1.42550000	1.29790000
1.33950000	1.21620000
1.10600000	1.15180000
2.77730000	3.63160000
2.12600000	4.19330000
1.31490000	1.05830000
1.40100000	1.02350000
2.28580000	2.54050000
1.64670000	2.30310000
1.47470000	0.99300000
11.68690000	8.05170000
4.30120000	6.25330000
2.47010000	1.55070000
7.79130000	5.52370000
3.80960000	4.27310000
4.62070000	1.59680000
9.68380000	7.28060000
4.82960000	5.68440000
4.68210000	2.58960000
2.49470000	1.77160000
1.96630000	1.42810000
1.65900000	1.32500000
1.96630000	1.27020000
9.94190000	3.86090000
6.47630000	8.43200000
3.10910000	4.87350000
2.12600000	1.41080000
1.69590000	1.31480000
1.49930000	1.23800000
1.17980000	1.17630000
0.98310000	1.12630000
0.88480000	1.08540000
0.81110000	1.05180000
4.89110000	1.02370000
7.90190000	4.41670000
10.15080000	6.53180000
8.54090000	9.09130000
4.22740000	5.03360000
3.50240000	0.99210000
4.10460000	2.17990000
2.81420000	2.28360000
2.02770000	0.98910000
1.56070000	0.91200000
1.42550000	0.89890000
5.10000000	5.00220000
1.90480000	2.55310000
3.94480000	2.86310000
4.08000000	2.46570000
5.00170000	5.56960000
2.08910000	2.78230000
4.64530000	3.60450000
1.88020000	1.32650000
1.21660000	1.11390000
0.89710000	1.05510000
0.77420000	1.00760000
0.86020000	0.96900000
0.94630000	1.59240000
0.72510000	0.91460000
0.71280000	0.90690000
0.65130000	0.88280000
0.55300000	0.85560000
0.49160000	0.84100000
0.50390000	0.83790000
0.55300000	1.08760000
0.51610000	0.80960000
0.45470000	0.80980000
0.44240000	0.78990000
0.41780000	0.78070000
0.39330000	0.78560000
0.35640000	0.76390000
0.31950000	0.75600000
0.29490000	0.74840000
0.29490000	0.74110000
0.56530000	1.51420000
0.74960000	1.66520000
0.92170000	0.77890000
1.06920000	0.81400000
0.68820000	0.73910000
0.50390000	0.73150000
0.47930000	0.71630000
0.62670000	0.73440000
0.40550000	0.69750000
0.31950000	0.69150000
0.29490000	0.68320000
0.25810000	0.67550000
0.23350000	0.66820000
0.22120000	0.66130000
0.20890000	0.65460000
0.20890000	0.64940000
0.19660000	0.64180000
0.19660000	0.63570000
0.19660000	0.62970000
0.18430000	0.62380000
0.18430000	0.61810000
0.15980000	0.61240000
0.15980000	0.60680000
0.14750000	0.60120000
0.14750000	0.59570000
0.12290000	0.59030000
0.12290000	0.58500000
0.13520000	0.59000000
0.12290000	0.57450000
0.11550000	0.56930000
0.11310000	0.56410000
0.10450000	0.55900000
0.27040000	0.58580000
0.13520000	0.55290000
0.18430000	0.60140000
0.14750000	0.54880000
0.13520000	0.54380000
0.14750000	0.56470000
0.18430000	0.54950000
0.15980000	0.52850000
0.23350000	0.57650000
0.20890000	0.55410000
0.20890000	0.52270000
0.17200000	0.54770000
0.14750000	0.51280000
0.13520000	0.50610000
0.24580000	0.54050000
1.94170000	0.59730000
0.33180000	0.52840000
0.29490000	0.55950000
0.22120000	0.51710000
0.18430000	0.49660000
0.15980000	0.48840000
0.45470000	0.48110000
0.61450000	2.27670000
0.28260000	0.51570000
0.19660000	0.49120000
0.17200000	0.48120000
0.14750000	0.47240000
0.24580000	0.48020000
0.24580000	0.49510000
0.54070000	0.88670000
0.25810000	0.46480000
0.19660000	0.45840000
1.15520000	3.23400000
0.46700000	0.46530000
0.29490000	0.46150000
0.24580000	0.45170000
0.20890000	0.44320000
0.18430000	0.43570000
0.15980000	0.42910000
0.15980000	0.43720000
0.14750000	0.41780000
0.13520000	0.41270000
0.13520000	0.41410000
0.28260000	0.46080000
0.24580000	0.42050000
0.29490000	0.42120000
0.20890000	0.41140000
0.18430000	0.39890000
0.17200000	0.39240000
0.34410000	0.38750000
0.43010000	0.42420000
0.24580000	0.38340000
0.18430000	0.38840000
0.19660000	0.41620000
0.20890000	0.38880000
0.17200000	0.37410000
0.15980000	0.36930000
0.14750000	0.36450000
0.14750000	0.38750000
0.15980000	0.35590000
0.14750000	0.37920000
0.14750000	0.35120000
0.14750000	0.37210000
0.14750000	0.34550000
0.12290000	0.34400000
0.10570000	0.33980000
0.41780000	0.36130000
0.40550000	0.39940000
0.33180000	0.35480000
0.49160000	0.36840000
1.22890000	0.40730000
1.35180000	0.69070000
0.86020000	0.35600000
0.61450000	0.34850000
0.49160000	0.33620000
0.49160000	0.32970000
0.36870000	0.32400000
0.36870000	0.31900000
0.36870000	0.31450000
0.36870000	0.31040000
0.36870000	0.30660000
0.49160000	0.49570000
1.10600000	0.33370000
5.40720000	2.99130000
4.42410000	6.96390000
2.08910000	4.15740000
1.22890000	0.82160000
1.59760000	1.27560000
3.44090000	5.97370000
3.31810000	4.06080000
2.08910000	2.37450000
1.35180000	1.22100000
1.10600000	1.23790000
1.10600000	1.10840000
2.33490000	1.82280000
4.54700000	5.03960000
2.45780000	3.93340000
1.59760000	1.21680000
1.22890000	1.22970000
1.10600000	1.11020000
0.98310000	1.01800000
0.86020000	0.94490000
0.73730000	0.88650000
0.73730000	0.83970000
0.73730000	0.80190000
0.61450000	0.77110000
0.61450000	0.74580000
0.61450000	0.72480000
0.61450000	0.70720000
0.61450000	0.69210000
0.86020000	1.07400000
0.86020000	0.67650000
0.55300000	0.66430000
3.23200000	0.65500000
5.94790000	7.06290000
1.85570000	4.82610000
1.19200000	1.10210000
0.99540000	1.68220000
0.94630000	1.01830000
1.10600000	1.11300000
0.86020000	1.02430000
1.59760000	0.95370000
10.07700000	0.89760000
3.44090000	0.87700000
1.84340000	6.99030000
1.47470000	6.09720000
1.47470000	1.37460000
2.58070000	3.19550000
2.82650000	3.30980000
3.19520000	2.85850000
1.84340000	3.10440000
1.59760000	1.48430000
1.47470000	1.30100000
1.35180000	1.20930000
2.21200000	1.30250000
7.00480000	6.78730000
2.82650000	5.53630000
1.84340000	1.70980000
1.47470000	1.40530000
1.35180000	1.27910000
1.22890000	1.19180000
0.98310000	1.12200000
0.98310000	1.06590000
1.35180000	1.03460000
5.16140000	3.36180000
5.03850000	6.44570000
2.08910000	4.10890000
1.47470000	1.51160000
1.47470000	1.31760000
1.59760000	1.24000000
2.21200000	1.59790000
2.94940000	2.55950000
3.31810000	5.57980000
1.84340000	3.48080000
1.59760000	1.53080000
1.59760000	1.36360000
1.84340000	1.81290000
2.58070000	1.34920000
1.59760000	1.23290000
1.96630000	1.16330000
2.82650000	3.94090000
2.70360000	5.09480000
2.45780000	3.96660000
1.35180000	2.28190000
1.22890000	1.54060000
1.35180000	1.37330000
1.59760000	1.29520000
1.96630000	1.72130000
1.47470000	1.29470000
1.22890000	1.19320000
1.10600000	1.13550000
1.47470000	1.09100000
4.66990000	4.62770000
2.70360000	4.14490000
1.84340000	1.46270000
1.35180000	1.26630000
1.84340000	1.18550000
8.60240000	1.13010000
6.26740000	1.09600000
2.21200000	1.24130000
1.59760000	1.10390000
1.59760000	1.03470000
1.47470000	1.00220000
2.33490000	0.97770000
3.93250000	1.74280000
1.79420000	1.43020000
1.54840000	1.22470000
8.28280000	3.12280000
3.69900000	4.74450000
2.42090000	1.91260000
2.08910000	1.48150000
2.88790000	1.30000000
11.57630000	14.60530000
4.22740000	12.51670000
2.44550000	2.77460000
2.01540000	1.87610000
1.74500000	1.62790000
1.49930000	1.48610000
1.41320000	1.38380000
1.13060000	1.29870000
0.98310000	1.23100000
0.97080000	1.17660000
0.86020000	1.13250000
0.73730000	1.09610000
0.86020000	1.06580000
0.90940000	1.04030000
0.87250000	1.01860000
0.92170000	0.99980000
1.60990000	0.98930000
1.25350000	0.98600000
1.02000000	0.95570000
0.86020000	0.94340000
0.81110000	0.93210000
1.60990000	0.94290000
1.80650000	3.78480000
2.69130000	3.99590000
2.60530000	4.29350000
1.81880000	3.15480000
1.59760000	1.24840000
1.57300000	1.15280000
1.41320000	1.50960000
3.12140000	2.16710000
3.20750000	4.54840000
5.99710000	5.07920000
2.53160000	3.72860000
1.78190000	1.43320000
1.47470000	1.32350000
2.04000000	1.26390000
4.90330000	1.60550000
5.08770000	3.70120000
2.23660000	3.74100000
2.10140000	1.26890000
1.99080000	1.20170000
2.53160000	1.20390000
1.84340000	1.29470000
1.49930000	1.04280000
1.51160000	1.02550000
1.41320000	1.04150000
1.27810000	0.95920000
1.36410000	0.95860000
1.11830000	0.94130000
0.99540000	0.90780000
0.90940000	0.89390000
0.83570000	0.88140000
0.83570000	0.86990000
1.06920000	1.47020000
0.89710000	0.85960000
0.71280000	0.84790000
0.68820000	0.83760000
0.94630000	0.85650000
0.83570000	0.81890000
0.87250000	0.83330000
1.35180000	1.51090000
1.64670000	1.73790000
1.02000000	0.79890000
0.87250000	0.79350000
0.74960000	0.78360000
0.66360000	0.77430000
0.61450000	0.76570000
0.56530000	0.75740000
0.55300000	0.74960000
0.52840000	0.74200000
0.54070000	0.73980000
0.56530000	0.74060000
0.52840000	0.72070000
0.47930000	0.71390000
0.49160000	0.70730000
0.51610000	0.70950000
0.43010000	0.69430000
0.38100000	0.68790000
0.36870000	0.68170000
0.35640000	0.67540000
0.65130000	0.70410000
1.08140000	1.84250000
2.18750000	2.33740000
3.67440000	6.62160000
5.97250000	4.31900000
5.05080000	0.68320000
3.51470000	0.68720000
1.91710000	0.66050000
1.45010000	0.65010000
1.20430000	0.64060000
3.15830000	1.10190000
1.85570000	0.63030000
1.41320000	0.63860000
1.41320000	0.64230000
1.13060000	0.61090000
0.88480000	0.60410000
0.77420000	0.59700000
1.47470000	0.61900000
1.30260000	0.86120000
0.89710000	0.58560000
0.71280000	0.57840000
0.57760000	0.57170000
0.55300000	0.56540000
0.50390000	0.55950000
0.46700000	0.55370000
0.41780000	0.54820000
0.38100000	0.54290000
0.35640000	0.53760000
0.33180000	0.53250000
0.29490000	0.52750000
0.27040000	0.52260000
0.29490000	0.53950000
0.39330000	2.56440000
0.30720000	0.52650000
0.27040000	0.52260000
0.23350000	0.51480000
0.23350000	0.50770000
0.23350000	0.50130000
0.95850000	0.49530000
0.98310000	0.54700000
0.39330000	0.49340000
0.38100000	0.50230000
1.11830000	1.23080000
1.58530000	0.51350000
1.78190000	0.76570000
1.13060000	0.50030000
0.68820000	0.48520000
0.50390000	0.47780000
0.39330000	0.46870000
0.35640000	0.48350000
0.47930000	0.47000000
0.33180000	0.45040000
5.24740000	1.33130000
4.14140000	3.21160000
1.30260000	0.46400000
0.79880000	0.45910000
0.56530000	0.45000000
0.45470000	0.44210000
0.57760000	0.47910000
0.57760000	0.45440000
0.40550000	0.42850000
0.30720000	0.42230000
0.28260000	0.42160000
0.27040000	0.41160000
0.23350000	0.40680000
0.31950000	0.43300000
0.27040000	0.40140000
0.23350000	0.39670000
0.22120000	0.39230000
0.19660000	0.38810000
0.17200000	0.38410000
0.18430000	0.38030000
0.17200000	0.37650000
0.15980000	0.37290000
0.19660000	0.37550000
0.17200000	0.36590000
0.14750000	0.36250000
0.14750000	0.35910000
0.15980000	0.37600000
0.13520000	0.35260000
0.12290000	0.34940000
0.11310000	0.34620000
0.10570000	0.34300000
0.11800000	0.33990000
0.17200000	0.34430000
0.11430000	0.33720000
0.13520000	0.35470000
0.11430000	0.32790000
0.10450000	0.32480000
0.10450000	0.32190000
0.13520000	0.33620000
0.14750000	0.34060000
0.12290000	0.31390000
0.11310000	0.33310000
0.13520000	0.35480000
0.10690000	0.31060000
0.09830000	0.33870000
0.18430000	0.36320000
2.90020000	1.33980000
0.61450000	0.33450000
0.25810000	0.32730000
0.24580000	0.31910000
0.99540000	3.21000000
0.33180000	0.33800000
0.22120000	0.33270000
0.18430000	0.32300000
0.19660000	0.36190000
0.29490000	0.50460000
0.18430000	0.32020000
0.14750000	0.31270000
0.13520000	0.30550000
0.14750000	0.31950000
0.15980000	0.33760000
0.13520000	0.29510000
0.13520000	0.30650000
0.13520000	0.29590000
0.17200000	0.32570000
0.14750000	0.28320000
0.13520000	0.29290000
0.14750000	0.28140000
0.11180000	0.27170000
0.09830000	0.26840000
0.10320000	0.26520000
0.09220000	0.26230000
0.08110000	0.25940000
0.07870000	0.25680000
0.06880000	0.25420000
0.06760000	0.25170000
0.07500000	0.24930000
0.09340000	0.26070000
0.09460000	0.24460000
0.07990000	0.24230000
0.06510000	0.24000000
0.06140000	0.23780000
0.05530000	0.23570000
0.06020000	0.23350000
0.11310000	0.23140000
0.22120000	0.61220000
0.14750000	0.25050000
0.10810000	0.24770000
0.12290000	0.27220000
0.17200000	0.29230000
0.12170000	0.24370000
0.09950000	0.23970000
0.08730000	0.23480000
0.08730000	0.23050000
0.08850000	0.22670000
0.10320000	0.25560000
0.12040000	0.22340000
0.10080000	0.22160000
0.12290000	0.23730000
0.18430000	0.26960000
0.14750000	0.22140000
0.11550000	0.21970000
0.14750000	0.26350000
0.20890000	0.25040000
0.17200000	0.22040000
0.14750000	0.21770000
0.13520000	0.21450000
0.18430000	0.25830000
0.17200000	0.21140000
0.15980000	0.22490000
0.14750000	0.21710000
0.13520000	0.20680000
0.13520000	0.21160000
0.15980000	0.22020000
0.14750000	0.19700000
0.13520000	0.19700000
0.24580000	0.34610000
0.27040000	0.22020000
0.28260000	0.25010000
0.22120000	0.20550000
0.15980000	0.20460000
0.14750000	0.21740000
0.14750000	0.22490000
0.18430000	0.19710000
0.18430000	0.22430000
0.20890000	0.19700000
0.18430000	0.19760000
0.17200000	0.18900000
0.15980000	0.18570000
0.34410000	0.28160000
0.28260000	0.18860000
0.28260000	0.22290000
0.25810000	0.18820000
0.65130000	0.68880000
1.05690000	2.27650000
0.49160000	0.40360000
0.33180000	0.49940000
0.33180000	0.48270000
0.86020000	1.88400000
4.15370000	7.97060000
17.81920000	15.43260000
2.88790000	7.43800000
2.67900000	2.65390000
2.04000000	2.95660000
1.42550000	2.48020000
1.09370000	1.38810000
0.92170000	1.30090000
0.79880000	1.16890000
0.68820000	1.06470000
0.61450000	0.98210000
0.56530000	0.91640000
0.52840000	0.86380000
0.51610000	0.82160000
0.46700000	0.78730000
1.25350000	2.38370000
0.84790000	1.95020000
0.65130000	0.82550000
0.56530000	0.79230000
0.49160000	0.76230000
0.45470000	0.73760000
0.43010000	0.71700000
0.41780000	0.69980000
0.39330000	0.68500000
0.38100000	0.67230000
0.38100000	0.66110000
0.40550000	0.66310000
0.36870000	0.64240000
0.35640000	0.63640000
0.33180000	0.62840000
0.33180000	0.62100000
0.31950000	0.61400000
0.33180000	0.60740000
0.33180000	0.60120000
0.60220000	0.60880000
1.29040000	1.44770000
1.02000000	0.61010000
3.08460000	2.98090000
1.09370000	2.56410000
0.83570000	1.06160000
1.02000000	1.00440000
0.98310000	2.01830000
1.97850000	3.04460000
1.94170000	2.72230000
1.09370000	1.15120000
0.83570000	1.17570000
0.71280000	1.07490000
0.65130000	0.99490000
0.63900000	0.93120000
0.78650000	0.90410000
2.23660000	2.29170000
2.05230000	3.43830000
1.19200000	1.05760000
2.54380000	1.84260000
1.79420000	1.22750000
1.35180000	1.22080000
1.19200000	1.12100000
1.05690000	1.04270000
0.93400000	0.98020000
0.86020000	0.92990000
0.98310000	0.88930000
1.10600000	0.85620000
1.22890000	0.82890000
1.10600000	0.80620000
0.97080000	0.78710000
0.89710000	0.77070000
1.03230000	0.75660000
1.03230000	0.74420000
0.90940000	0.73310000
0.88480000	0.72310000
0.87250000	0.71390000
0.81110000	0.70540000
0.86020000	0.69750000
1.29040000	0.68990000
2.80190000	0.69680000
9.57320000	6.11200000
8.63920000	13.05330000
4.28890000	7.45980000
2.08910000	1.68120000
1.56070000	1.44700000
1.24120000	1.30280000
0.90940000	1.19360000
1.02000000	1.10680000
1.05690000	1.05030000
0.78650000	1.03310000
0.71280000	0.96960000
0.63900000	0.92650000
0.56530000	0.89190000
0.49160000	0.86340000
0.51610000	0.83970000
0.56530000	0.81980000
1.22890000	0.80270000
7.37340000	0.79550000
13.27220000	16.67030000
7.70530000	15.43750000
2.45780000	4.65170000
1.72050000	1.88130000
1.47470000	1.58970000
1.22890000	1.43280000
1.21660000	1.31670000
1.05690000	1.22450000
0.98310000	1.15080000
1.05690000	1.09160000
1.14290000	1.04380000
1.03230000	1.00480000
2.07690000	0.97270000
2.12600000	0.96690000
1.45010000	1.09220000
1.27810000	0.92430000
1.38870000	0.89210000
1.00770000	0.87670000
0.73730000	0.86310000
0.73730000	0.85080000
1.10600000	0.83960000
1.10600000	0.82940000
0.93400000	0.81980000
0.88480000	0.81070000
0.86020000	0.80220000
0.79880000	0.79390000
0.72510000	0.78600000
0.73730000	0.77830000
3.10910000	0.77090000
2.99850000	0.76650000
1.86790000	0.75780000
1.43780000	0.74960000
1.22890000	0.74250000
1.10600000	0.73570000
1.00770000	0.72890000
0.98310000	0.72230000
0.97080000	0.71570000
0.99540000	0.70920000
1.10600000	0.70280000
3.04770000	1.16670000
9.27830000	10.05220000
10.64230000	15.45210000
3.55150000	7.34190000
2.13830000	1.45250000
1.62220000	1.30300000
1.45010000	1.19000000
1.15520000	1.10050000
1.00770000	1.02910000
1.22890000	0.97200000
1.10600000	0.92600000
1.00770000	0.88860000
0.98310000	0.85800000
0.94630000	0.83260000
0.90940000	0.81140000
0.92170000	0.79340000
1.00770000	0.77790000
1.48700000	0.76530000
1.56070000	0.78220000
2.76500000	2.69740000
3.92020000	2.57340000
3.88340000	3.44710000
4.92790000	2.08960000
2.43320000	0.72900000
1.76960000	0.76300000
1.57300000	0.74440000
1.81880000	0.74690000
1.52380000	0.71460000
2.08910000	0.70430000
2.45780000	0.69330000
2.33490000	0.68350000
14.25530000	4.61630000
11.52720000	9.14320000
15.73000000	9.44960000
5.75130000	6.01650000
3.33030000	1.40230000
2.31030000	1.33430000
2.17520000	1.20970000
2.32260000	1.66460000
1.70820000	1.03520000
1.78190000	0.97260000
2.06460000	0.94700000
1.72050000	0.88130000
1.46240000	0.85650000
1.09370000	0.82360000
1.08140000	0.80020000
1.35180000	1.11390000
1.14290000	0.77410000
0.94630000	0.75290000
0.89710000	0.73960000
0.98310000	0.74540000
0.87250000	0.72650000
0.74960000	0.70820000
0.65130000	0.69940000
0.58990000	0.69120000
0.54070000	0.68350000
0.49160000	0.67620000
0.45470000	0.66920000
0.44240000	0.66250000
0.44240000	0.65600000
0.88480000	1.07840000
0.90940000	0.68730000
1.35180000	2.32000000
0.83570000	0.66120000
0.68820000	0.65760000
0.57760000	0.63980000
0.50390000	0.63090000
0.43010000	0.62280000
0.36870000	0.61530000
0.34410000	0.60830000
0.31950000	0.60160000
0.30720000	0.59530000
0.29490000	0.58930000
0.35640000	0.61250000
0.30720000	0.58650000
0.44240000	0.64880000
0.44240000	0.58760000
0.30720000	0.57370000
0.28260000	0.56640000
0.68820000	0.59370000
4.10460000	5.44290000
1.21660000	0.58180000
0.66360000	0.57440000
0.60220000	0.56320000
3.83420000	5.63660000
1.14290000	1.81660000
0.67590000	0.56650000
0.49160000	0.55440000
12.41200000	1.51260000
8.83590000	12.53050000
3.42870000	5.67800000
2.17520000	0.81910000
1.45010000	0.75080000
2.16290000	1.19150000
1.63440000	1.34780000
10.42110000	2.80220000
3.78500000	6.49140000
1.92940000	1.12290000
1.42550000	1.19100000
1.26580000	1.08750000
0.88480000	0.98150000
0.74960000	0.90530000
0.60220000	0.84630000
0.50390000	0.79910000
0.44240000	0.76110000
0.46700000	0.73020000
0.38100000	0.71230000
0.33180000	0.68400000
0.30720000	0.66650000
0.29490000	0.65160000
0.51610000	0.67560000
1.86790000	3.54760000
0.97080000	1.86300000
0.74960000	0.63480000
1.17980000	0.70760000
2.02770000	1.68620000
1.37640000	0.63150000
0.74960000	0.62380000
0.57760000	0.60830000
0.58990000	0.61370000
1.21660000	0.57760000
0.87250000	0.64900000
0.76190000	0.59210000
0.54070000	0.58280000
0.41780000	0.55650000
0.36870000	0.55000000
0.35640000	0.54380000
0.30720000	0.53800000
0.27040000	0.53250000
0.23350000	0.52710000
0.23350000	0.52190000
0.74960000	0.51690000
6.27970000	6.54580000
1.78190000	4.25300000
0.78650000	0.54300000
0.82340000	0.56740000
0.57760000	0.54110000
0.41780000	0.51680000
0.31950000	0.50830000
0.27040000	0.50070000
0.28260000	0.50100000
0.27040000	0.49250000
0.24580000	0.48540000
0.22120000	0.47630000
0.22120000	0.48540000
0.29490000	0.46620000
0.28260000	0.47400000
0.20890000	0.45690000
0.18430000	0.45250000
0.17200000	0.44810000
0.15980000	0.44390000
0.79880000	0.50220000
3.95710000	2.29830000
1.13060000	3.06190000
0.51610000	0.46510000
0.35640000	0.45840000
0.60220000	0.96190000
0.46700000	0.45140000
0.30720000	0.44290000
0.25810000	0.43490000
0.22120000	0.42790000
0.19660000	0.42160000
0.19660000	0.41590000
0.17200000	0.41070000
0.15980000	0.40590000
0.15980000	0.40130000
0.14750000	0.42350000
0.14750000	0.39290000
0.13520000	0.39050000
0.14750000	0.38640000
0.18430000	0.41380000
0.23350000	0.42280000
0.20890000	0.38550000
0.15980000	0.37940000
0.14750000	0.37450000
0.14750000	0.37010000
0.19660000	0.41550000
0.18430000	0.38340000
0.13520000	0.37030000
0.15980000	0.38580000
0.14750000	0.35700000
0.12040000	0.35490000
0.18430000	0.39000000
0.17200000	0.35080000
0.14750000	0.37340000
0.13520000	0.34350000
0.17200000	0.35260000
0.23350000	0.36440000
0.18430000	0.34430000
0.14750000	0.33380000
0.14750000	0.33950000
0.13520000	0.33440000
0.12290000	0.32170000
0.10570000	0.31820000
0.09830000	0.31490000
0.18430000	0.32660000
0.50390000	1.53830000
0.25810000	0.32380000
0.19660000	0.32360000
0.17200000	0.31730000
0.15980000	0.31170000
0.12290000	0.30690000
0.11430000	0.30250000
0.10690000	0.29850000
0.10690000	0.29490000
0.10080000	0.29150000
0.10080000	0.28820000
0.10450000	0.28520000
0.15980000	0.33130000
0.55300000	0.76750000
0.86020000	0.35200000
1.11830000	0.50740000
0.95850000	1.80770000
0.44240000	0.30910000
0.28260000	0.30490000
0.22120000	0.29690000
0.19660000	0.29010000
0.18430000	0.28430000
0.34410000	0.32310000
0.31950000	0.28540000
0.25810000	0.28270000
0.56530000	0.31720000
2.01540000	2.52560000
0.77420000	0.45660000
1.37640000	0.73480000
1.15520000	1.03400000
1.17980000	1.13120000
0.83570000	0.79760000
0.66360000	0.83320000
0.56530000	0.77170000
0.74960000	1.17950000
0.66360000	1.29840000
0.54070000	0.82870000
0.45470000	0.84840000
0.41780000	0.77020000
1.54840000	1.13380000
7.64380000	4.79990000
2.87560000	2.57160000
2.53160000	1.92130000
1.38870000	1.10220000
1.05690000	1.12240000
0.88480000	1.01230000
4.89110000	3.86110000
2.04000000	2.68270000
1.32720000	1.12040000
1.25350000	1.03780000
1.10600000	0.96760000
1.48700000	1.05060000
1.11830000	0.96900000
1.00770000	0.90340000
1.05690000	1.70560000
1.17980000	2.23120000
1.04460000	0.99980000
2.82650000	1.89000000
1.64670000	2.54360000
1.06920000	1.08200000
0.90940000	1.13950000
1.11830000	1.06940000
1.56070000	2.25690000
0.78650000	1.03680000
0.73730000	1.08080000
0.79880000	1.00630000
0.88480000	0.94670000
0.88480000	0.89890000
0.79880000	0.86010000
0.71280000	0.82850000
0.92170000	0.80250000
1.00770000	0.78200000
1.08140000	0.76310000
1.41320000	0.75200000
4.60840000	6.48340000
3.14600000	6.76530000
1.95400000	1.37670000
1.10600000	1.30930000
1.15520000	1.19150000
1.02000000	1.10050000
0.90940000	1.02800000
0.83570000	0.97010000
0.83570000	0.92340000
0.81110000	0.88550000
0.83570000	0.85450000
0.81110000	0.82880000
0.81110000	0.80740000
0.86020000	0.78920000
0.90940000	0.77370000
1.47470000	0.76010000
28.26490000	13.97850000
31.95160000	28.43070000
10.58090000	17.29880000
4.49780000	5.02610000
2.83880000	2.28600000
2.51930000	1.88510000
2.15060000	1.67690000
2.01540000	1.52710000
3.42870000	2.33590000
3.63760000	2.22130000
1.84340000	1.54480000
1.47470000	1.36290000
1.47470000	1.27130000
1.10600000	1.20590000
1.10600000	1.15300000
1.22890000	1.10990000
2.94940000	1.07440000
1.84340000	1.04480000
1.22890000	1.01990000
1.17980000	0.99870000
1.10600000	0.98030000
8.84810000	0.97820000
8.00020000	9.07640000
3.61300000	8.14030000
6.14450000	7.14860000
3.17060000	5.98460000
2.18750000	1.99170000
1.81880000	1.58330000
1.22890000	1.43330000
1.17980000	1.33420000
1.10600000	1.25740000
0.95850000	1.19570000
0.93400000	1.14560000
0.93400000	1.10470000
0.93400000	1.07090000
0.90940000	1.04270000
0.90940000	1.01890000
0.88480000	0.99840000
0.88480000	0.98070000
0.86020000	0.96500000
0.86020000	0.95100000
0.83570000	0.93830000
0.93400000	0.92660000
2.33490000	0.93290000
1.72050000	1.10740000
1.35180000	0.94320000
1.08140000	0.89220000
1.00770000	0.88100000
0.98310000	0.87180000
0.98310000	0.86300000
0.95850000	0.85440000
0.93400000	0.84610000
0.88480000	0.83810000
0.86020000	0.83020000
0.86020000	0.82240000
0.83570000	0.81480000
0.78650000	0.80730000
0.76190000	0.79990000
0.73730000	0.79260000
0.71280000	0.78540000
0.81110000	0.77820000
1.35180000	0.78130000
7.37340000	8.70240000
6.40260000	10.47900000
3.33030000	5.35230000
2.21200000	1.68260000
1.54840000	1.39510000
1.10600000	1.26380000
0.88480000	1.17020000
0.86020000	1.09560000
0.83570000	1.03580000
0.88480000	0.98760000
0.78650000	0.94840000
0.73730000	0.91630000
0.71280000	0.88970000
0.71280000	0.86740000
0.68820000	0.84840000
0.73730000	0.83210000
0.63900000	0.81780000
0.61450000	0.80520000
1.22890000	1.52510000
3.56380000	4.81420000
1.84340000	2.45900000
2.33490000	0.80190000
7.32430000	1.72010000
3.28120000	2.24200000
1.35180000	0.94940000
1.10600000	0.93110000
4.30120000	0.88950000
8.46720000	5.95640000
3.35490000	4.86080000
3.46550000	1.16030000
2.48240000	1.09460000
1.81880000	1.03290000
1.67130000	0.97380000
1.45010000	0.92670000
0.86020000	0.88840000
5.40720000	0.85710000
6.43950000	5.95770000
5.59150000	4.53500000
3.93250000	1.00270000
6.63610000	0.96930000
9.56090000	10.68790000
5.78820000	7.40860000
10.05250000	1.51300000
9.35200000	4.28850000
4.37490000	3.19660000
5.53010000	1.39460000
15.11560000	5.82830000
6.07080000	5.23390000
4.63300000	1.41050000
6.63610000	1.98650000
3.87110000	1.29720000
3.35490000	1.13680000
3.34260000	1.07340000
8.59010000	1.97050000
3.80960000	1.05790000
2.71590000	0.96720000
2.16290000	2.72540000
1.80650000	0.92380000
1.54840000	0.90290000
1.38870000	0.88400000
1.65900000	0.87930000
2.04000000	0.87860000
1.72050000	0.85090000
1.36410000	0.83300000
2.06460000	1.26890000
1.59760000	0.82800000
1.30260000	0.80720000
1.43780000	0.79720000
2.88790000	1.25350000
3.60070000	4.56480000
2.16290000	1.98320000
1.83110000	0.78720000
1.91710000	0.79410000
1.38870000	0.75980000
1.17980000	0.75270000
1.02000000	0.74380000
1.10600000	0.75510000
1.02000000	0.73800000
1.38870000	0.74480000
1.00770000	0.71260000
0.82340000	0.70580000
1.68360000	0.91010000
2.29810000	3.35560000
1.57300000	0.70520000
7.26280000	5.32180000
3.01080000	3.67560000
1.86790000	0.70050000
1.40100000	0.68900000
1.13060000	0.67860000
1.20430000	0.69060000
1.15520000	0.67610000
0.95850000	0.65260000
0.83570000	0.65680000
0.73730000	0.63770000
0.60220000	0.63090000
0.55300000	0.62440000
0.49160000	0.61920000
0.45470000	0.61210000
0.41780000	0.60620000
0.38100000	0.60040000
0.33180000	0.59480000
0.30720000	0.58920000
0.43010000	0.61730000
0.36870000	0.63400000
0.30720000	0.58330000
0.29490000	0.57780000
0.27040000	0.57090000
0.35640000	0.56450000
0.88480000	1.93580000
0.43010000	0.56860000
0.34410000	0.57350000
0.31950000	0.57670000
0.34410000	1.07060000
0.38100000	0.57090000
0.28260000	0.54690000
0.24580000	0.53870000
0.27040000	0.53140000
0.51610000	0.79580000
0.36870000	0.54890000
0.31950000	0.52340000
0.24580000	0.51590000
0.20890000	0.50920000
0.19660000	0.50300000
0.57760000	0.55690000
1.64670000	1.61240000
0.92170000	0.54960000
0.55300000	0.51700000
0.35640000	0.49730000
0.28260000	0.48940000
0.33180000	0.51060000
0.24580000	0.47580000
0.24580000	1.54400000
0.30720000	0.49600000
0.38100000	0.51780000
0.24580000	0.47050000
0.18430000	0.46350000
0.35640000	0.48420000
7.49630000	4.08660000
3.63760000	2.93180000
1.09370000	0.46970000
0.63900000	0.46230000
0.45470000	0.45320000
0.77420000	0.44550000
1.17980000	1.12400000
1.84340000	1.44900000
0.95850000	0.45580000
0.58990000	0.44840000
0.43010000	0.42940000
0.36870000	0.42280000
0.63900000	1.03970000
0.60220000	0.45440000
0.38100000	0.41850000
0.31950000	0.41170000
0.31950000	0.43880000
0.24580000	0.40390000
0.20890000	0.39830000
0.34410000	0.41970000
8.04930000	1.88420000
2.80190000	4.71140000
1.27810000	0.43660000
3.30580000	1.58860000
1.45010000	0.60070000
0.97080000	0.41920000
4.43640000	1.53550000
3.55150000	2.27250000
1.29040000	0.62900000
1.38870000	0.99580000
0.84790000	0.60460000
0.61450000	0.64000000
0.50390000	0.59280000
0.41780000	0.55510000
0.35640000	0.52500000
0.70050000	1.37650000
1.45010000	3.17290000
0.70050000	0.48240000
0.47930000	0.47040000
0.38100000	0.45590000
0.36870000	0.45880000
0.33180000	0.43360000
0.28260000	0.42490000
0.24580000	0.41730000
0.24580000	0.41060000
0.23350000	0.40460000
0.22120000	0.39920000
0.20890000	0.39420000
0.18430000	0.38960000
0.17200000	0.38520000
0.14750000	0.38110000
0.14750000	0.37720000
0.15980000	0.37340000
0.13520000	0.36970000
0.20890000	0.40590000
0.30720000	0.38870000
0.45470000	0.37890000
1.25350000	0.42400000
0.44240000	0.36720000
0.30720000	0.36290000
0.33180000	0.40470000
0.31950000	0.37790000
0.24580000	0.35750000
0.23350000	0.35180000
0.23350000	0.34680000
0.33180000	0.37390000
0.34410000	0.36570000
0.25810000	0.34560000
0.24580000	0.34250000
0.23350000	0.33230000
0.31950000	0.36660000
0.27040000	0.32840000
0.20890000	0.32630000
0.17200000	0.32190000
0.15980000	0.31780000
0.17200000	0.31420000
0.19660000	0.35630000
0.20890000	0.31250000
0.17200000	0.31200000
0.15980000	0.30750000
0.14750000	0.30350000
0.14750000	0.29980000
0.13520000	0.29640000
0.13520000	0.29310000
0.13520000	0.29000000
0.12290000	0.28720000
0.13520000	0.28420000
0.13520000	0.28140000
0.15980000	0.31600000
0.22120000	0.30210000
0.20890000	0.31270000
0.25810000	0.30990000
0.44240000	0.33890000
0.38100000	0.31870000
0.23350000	0.28780000
0.19660000	0.28410000
0.18430000	0.27840000
0.18430000	0.27350000
0.19660000	0.28010000
0.19660000	0.28040000
0.20890000	0.28540000
0.19660000	0.28240000
0.38100000	0.50570000
0.54070000	0.29770000
0.34410000	0.26770000
0.50390000	0.31590000
0.63900000	0.28530000
0.44240000	0.26640000
0.33180000	0.26210000
0.27040000	0.25690000
0.28260000	0.27530000
0.25810000	0.24830000
0.24580000	0.24890000
0.30720000	0.26620000
0.30720000	0.25330000
0.27040000	0.24190000
0.33180000	0.30880000
0.52840000	0.47810000
0.47930000	0.53310000
0.43010000	0.57520000
0.40550000	0.53190000
0.41780000	0.47220000
1.63440000	1.78190000
1.14290000	1.05560000
0.93400000	1.02580000
0.74960000	0.75460000
0.52840000	0.81230000
0.44240000	0.73700000
0.39330000	0.66190000
0.38100000	0.61070000
0.35640000	0.56880000
0.31950000	0.53530000
0.00000000	0.50830000
0.00000000	0.48650000
0.00000000	0.46880000
0.00000000	0.45410000
0.00000000	0.44190000
0.00000000	0.43150000
0.00000000	0.42270000
21.01430000	5.79280000
5.77590000	12.45860000
2.47010000	5.53690000
1.70820000	1.40300000
1.37640000	1.29830000
1.22890000	1.15290000
2.28580000	1.64220000
2.85110000	5.01380000
1.46240000	2.89530000
1.37640000	1.24040000
1.21660000	1.14960000
0.92170000	1.05060000
3.89560000	0.97210000
2.35950000	0.90950000
1.29040000	0.85940000
1.10600000	0.81900000
1.06920000	0.79830000
0.00000000	0.76220000
0.00000000	0.77070000
0.00000000	0.75990000
1.14290000	0.73660000
1.94170000	0.71720000
3.99400000	0.71360000
8.50400000	6.18580000
3.19520000	5.22110000
1.94170000	1.20350000
1.45010000	1.24250000
1.22890000	1.14670000
1.08140000	1.05640000
1.41320000	0.98450000
0.00000000	0.94440000
0.00000000	8.15620000
0.00000000	6.79650000
0.00000000	2.67240000
0.00000000	2.93000000
0.00000000	3.17110000
0.00000000	1.42430000
1.02000000	1.27730000
