0.00000000	0.01460000
0.00000000	0.01830000
0.00000000	0.01910000
0.00000000	0.01910000
0.00000000	0.01880000
0.00000000	0.01850000
0.00000000	0.01820000
0.00000000	0.01790000
0.00000000	0.01750000
0.00000000	0.01720000
0.00000000	0.01690000
0.00000000	0.01660000
0.00000000	0.01630000
0.00000000	0.01600000
0.00000000	0.01580000
0.00000000	0.06100000
0.00050000	0.11330000
0.00000000	0.04640000
0.00000000	0.02880000
0.00000000	0.02360000
0.00000000	0.02200000
0.00000000	0.02120000
0.00000000	0.02070000
0.00000000	0.05170000
0.00000000	0.02860000
0.00000000	0.02240000
0.00250000	0.23920000
0.00240000	0.11690000
0.00170000	0.05010000
0.00150000	0.03210000
0.00120000	0.02690000
0.00100000	0.02520000
0.00070000	0.02430000
0.00050000	0.02380000
0.00020000	0.02340000
0.00010000	0.02300000
0.00000000	0.02260000
0.00000000	0.02220000
0.00000000	0.02180000
0.00000000	0.02140000
0.00000000	0.02100000
0.00000000	0.02070000
0.00000000	0.02030000
0.00000000	0.01990000
0.00010000	0.03350000
0.00020000	0.03400000
0.00030000	0.02290000
0.00050000	0.01970000
0.00050000	0.01850000
0.00050000	0.01800000
0.00060000	0.01760000
0.00090000	0.01730000
0.00060000	0.01700000
0.00050000	0.04210000
0.00050000	0.03220000
0.00050000	0.02080000
0.00050000	0.01790000
0.00080000	0.01750000
0.00130000	0.01710000
0.00130000	0.03900000
0.00090000	0.02550000
0.00130000	0.01910000
0.00110000	0.01730000
0.00090000	0.01650000
0.00080000	0.01610000
0.00070000	0.01580000
0.00090000	0.01550000
0.00130000	0.05330000
0.00790000	1.29830000
0.00470000	0.38920000
0.00360000	0.12450000
0.00270000	0.05660000
0.00230000	0.03290000
0.00180000	0.02630000
0.00140000	0.02360000
0.00090000	0.02310000
0.00080000	0.02270000
0.00070000	0.02230000
0.00060000	0.02190000
0.00070000	0.02150000
0.00070000	0.02110000
0.00060000	0.02080000
0.00070000	0.02040000
0.00080000	0.02000000
0.00070000	0.02020000
0.00060000	0.02000000
0.00070000	0.01970000
0.00090000	0.01930000
0.00080000	0.01900000
0.00070000	0.02010000
0.00080000	0.01830000
0.00090000	0.01750000
0.00080000	0.01710000
0.00080000	0.01680000
0.00070000	0.01650000
0.00070000	0.01620000
0.00060000	0.01590000
0.00060000	0.01560000
0.00050000	0.01590000
0.00050000	0.01570000
0.00050000	0.01540000
0.00050000	0.01470000
0.00040000	0.01430000
0.00040000	0.01400000
0.00040000	0.01380000
0.00040000	0.01350000
0.00040000	0.01330000
0.00040000	0.01310000
0.00040000	0.01280000
0.00040000	0.01260000
0.00040000	0.01240000
0.00050000	0.01940000
0.00050000	0.02480000
0.00060000	0.01530000
0.00070000	0.01250000
0.00080000	0.01160000
0.00090000	0.01120000
0.00070000	0.01090000
0.00060000	0.01070000
0.00050000	0.01050000
0.00050000	0.01040000
0.00040000	0.01020000
0.00040000	0.01000000
0.00050000	0.01040000
0.00090000	0.01030000
0.00160000	0.01020000
0.00710000	0.01000000
0.00470000	0.00990000
0.00360000	0.00970000
0.00270000	0.00950000
0.00230000	0.00940000
0.00180000	0.00920000
0.00150000	0.00910000
0.00140000	0.00900000
0.00120000	0.00880000
0.00110000	0.00870000
0.00100000	0.00850000
0.00090000	0.02360000
0.00910000	0.05530000
0.05450000	0.02130000
0.09090000	0.01280000
0.07270000	0.01030000
0.04540000	0.00950000
0.03180000	0.00920000
0.02270000	0.03480000
0.01820000	0.04150000
0.01360000	0.01840000
0.01180000	0.01260000
0.00910000	0.01090000
0.00710000	0.01030000
0.00470000	0.01000000
0.00400000	0.00980000
0.00330000	0.00960000
0.00330000	0.00950000
0.00400000	0.03880000
0.00910000	0.05040000
0.01450000	0.02120000
0.01000000	0.01400000
0.00790000	0.01190000
0.00700000	0.01110000
0.00510000	0.01080000
0.00440000	0.01060000
0.00400000	0.01040000
0.00360000	0.01020000
0.00290000	0.01000000
0.00220000	0.00980000
0.00180000	0.00970000
0.00180000	0.00950000
0.00180000	0.01670000
0.00170000	0.01120000
0.00160000	0.00960000
0.00160000	0.00900000
0.00180000	0.03750000
0.00180000	0.01640000
0.00180000	0.01050000
0.00180000	0.00880000
0.00160000	0.00820000
0.00150000	0.00800000
0.00160000	0.00780000
0.00290000	0.08050000
0.00250000	0.03590000
0.00220000	0.01590000
0.00180000	0.01040000
0.00180000	0.00870000
0.00250000	0.00820000
0.00550000	0.04070000
0.00470000	0.01670000
0.00440000	0.01020000
0.00400000	0.00830000
0.00400000	0.00770000
0.00360000	0.02360000
0.00440000	0.01170000
0.01270000	0.61550000
0.06630000	0.21260000
0.09090000	0.09860000
0.01270000	0.07450000
0.04000000	0.03060000
0.02000000	0.01910000
0.01270000	0.01550000
0.01450000	0.03540000
0.02450000	0.87990000
0.09090000	0.29640000
0.08000000	0.09430000
0.07450000	0.06930000
0.03540000	0.08300000
0.01820000	0.03820000
0.01820000	0.02590000
0.00910000	0.02260000
0.00700000	0.02150000
0.00550000	0.02090000
0.00550000	0.02040000
0.00440000	0.02010000
0.00330000	0.01970000
0.00220000	0.01940000
0.00330000	0.01900000
0.00510000	0.03760000
0.00400000	0.04100000
0.00330000	0.02420000
0.00330000	0.01940000
0.00330000	0.01790000
0.00290000	0.03450000
0.70880000	5.60220000
0.59970000	1.68270000
0.15450000	0.47880000
0.05820000	0.15000000
0.20900000	0.46490000
0.27260000	0.15600000
0.12720000	0.06010000
0.15450000	0.05520000
20.53620000	35.17370000
5.55210000	17.45540000
1.07220000	4.79460000
0.29990000	1.33420000
0.32710000	0.38790000
0.19990000	0.17550000
0.12720000	0.08730000
0.10000000	0.04390000
0.08000000	0.03530000
0.07180000	0.03480000
0.10900000	0.03200000
0.07450000	0.03080000
0.04820000	0.04330000
0.03270000	0.03960000
0.02270000	0.04500000
0.02450000	0.03600000
0.03000000	0.05680000
0.07450000	0.03540000
0.04270000	0.05530000
0.02450000	0.03430000
0.01640000	0.02820000
0.01270000	0.04420000
0.01000000	0.03020000
0.00700000	0.02800000
0.00700000	0.04850000
0.00790000	0.07510000
0.00790000	0.04930000
0.00790000	0.03140000
0.37260000	0.03540000
1.48120000	0.93000000
0.26350000	0.27320000
0.08810000	0.09390000
0.04540000	0.06350000
0.51790000	0.08880000
30.71350000	26.01950000
13.53940000	12.74990000
1.19950000	3.50970000
0.42710000	0.98410000
0.82690000	2.78140000
0.30900000	0.78600000
0.15450000	0.22980000
0.08810000	0.08580000
0.05540000	0.04830000
0.08540000	0.16050000
0.06910000	0.06850000
0.07180000	0.05350000
0.29990000	0.04920000
3.03500000	0.93420000
4.16180000	5.82260000
0.67240000	1.61880000
0.27260000	0.46980000
0.12720000	0.15530000
0.08810000	0.06880000
0.08180000	0.04440000
0.15450000	0.03530000
0.07180000	0.03470000
0.04000000	0.03400000
0.02450000	0.03340000
0.01820000	0.03280000
0.01540000	0.05600000
0.01270000	0.03820000
0.01180000	0.03700000
0.19990000	10.66850000
0.79960000	2.97770000
0.27260000	0.88080000
0.10900000	0.26810000
18.71890000	20.43220000
13.17590000	10.34760000
14.99330000	12.53040000
31.44040000	18.44330000
15.99280000	21.30390000
28.35090000	24.10540000
1.70830000	6.61560000
0.31800000	1.84130000
0.32710000	0.53360000
0.19990000	0.17330000
0.12720000	0.07370000
0.10000000	0.06250000
0.08180000	0.04900000
0.06630000	0.04480000
0.06630000	0.04300000
0.04820000	0.04200000
0.04000000	0.04120000
0.03730000	0.04050000
0.03730000	0.07090000
0.04000000	0.04840000
0.03000000	0.04090000
0.02640000	0.03840000
0.02640000	0.03720000
0.02180000	0.06290000
0.02640000	0.04300000
0.03730000	0.03710000
0.02640000	0.03500000
0.02000000	0.03400000
0.01180000	0.03330000
0.00790000	0.03270000
0.00510000	0.03210000
0.00400000	0.03150000
0.00360000	0.03130000
0.04820000	0.06500000
0.03000000	0.42160000
0.01450000	0.15820000
0.00910000	0.06620000
0.00700000	0.04100000
0.00510000	0.03370000
0.00400000	0.40000000
0.00400000	0.15700000
0.00400000	0.06650000
0.00440000	0.04180000
0.00400000	0.03460000
0.00330000	0.03230000
0.00290000	0.03110000
0.00400000	0.03050000
0.00440000	0.06910000
0.00330000	0.04010000
0.00220000	0.03220000
0.00180000	0.02970000
0.00180000	0.02860000
0.00180000	0.02810000
0.00160000	0.02740000
0.00110000	0.04510000
0.00090000	0.03430000
0.00070000	0.02810000
0.00050000	0.02610000
0.00050000	0.02520000
0.00050000	0.02460000
0.00000000	0.02420000
0.00000000	0.02370000
0.00000000	0.02330000
0.00000000	0.02290000
0.00000000	0.02940000
0.00000000	0.02560000
0.00000000	0.02270000
0.00000000	0.02160000
0.00000000	0.02100000
0.00000000	0.02060000
0.00000000	0.02020000
0.00000000	0.01990000
0.00000000	0.01950000
0.00000000	0.01920000
0.00000000	0.02990000
0.00000000	0.03240000
0.00000000	0.02200000
0.00000000	0.01890000
0.00000000	0.01780000
0.00000000	0.02570000
0.00000000	0.01920000
0.00000000	0.02640000
0.00050000	0.01900000
0.01000000	1.45670000
0.00440000	0.42310000
0.00300000	0.13290000
0.00320000	0.07530000
0.00370000	0.08230000
0.00270000	0.04120000
0.00210000	0.02990000
0.00180000	0.02700000
0.00210000	0.04560000
0.00220000	0.03070000
0.00220000	0.02630000
0.00220000	0.02490000
0.00180000	0.03290000
0.00180000	0.02600000
0.00180000	0.02380000
0.00180000	0.02300000
0.00210000	0.02240000
0.00390000	0.02200000
0.03630000	0.86140000
0.29990000	2.47990000
3.18950000	3.07620000
5.13410000	5.49760000
1.15400000	1.54350000
0.44530000	0.45050000
0.23630000	0.15110000
0.12720000	0.06820000
0.08360000	0.05970000
0.05450000	0.04130000
0.04000000	0.03770000
0.02730000	0.03630000
0.02540000	0.03550000
0.02270000	0.03480000
0.03180000	0.03410000
0.16360000	0.07740000
0.07090000	0.04570000
0.04360000	0.03750000
0.05720000	0.03480000
0.06910000	0.05640000
0.06000000	0.03910000
0.04270000	0.03470000
0.04450000	0.03310000
0.04180000	0.03220000
0.03180000	0.03160000
0.02360000	0.03100000
0.02000000	0.04460000
0.01730000	0.03380000
0.01640000	0.03050000
0.02730000	0.05030000
0.14540000	1.62670000
0.22720000	0.46660000
0.13630000	0.15000000
0.08630000	0.06310000
0.06270000	0.03900000
0.04730000	0.03200000
0.03540000	0.02900000
0.02540000	0.02850000
0.02270000	0.02800000
0.02000000	0.02750000
0.01820000	0.02700000
0.01730000	0.02660000
0.01540000	0.02610000
0.01450000	0.02560000
0.01360000	0.02520000
0.01450000	0.02470000
0.01910000	0.02480000
0.01910000	0.02460000
0.01090000	0.02420000
0.01090000	0.02380000
0.01090000	0.02340000
0.01450000	0.02300000
0.01910000	0.02260000
0.01820000	0.02230000
0.01640000	0.02190000
0.01640000	0.02150000
0.01730000	0.02110000
0.02000000	0.02080000
0.01910000	0.02040000
0.01730000	0.02010000
0.01910000	0.01970000
0.02540000	0.01940000
0.02730000	0.01910000
0.05360000	0.01870000
0.07090000	0.01840000
0.07000000	0.01810000
0.06450000	0.01780000
0.06270000	0.01750000
0.04360000	0.01720000
0.03730000	0.01690000
0.03270000	0.01660000
0.02360000	0.01630000
0.01730000	0.01610000
0.01270000	0.01580000
0.01270000	0.01540000
0.01360000	0.01520000
0.01820000	0.01500000
0.01820000	0.01460000
0.00910000	0.01420000
0.01180000	0.01380000
0.01360000	0.01350000
0.01820000	0.01360000
0.10900000	0.01430000
0.13630000	0.01400000
0.10000000	0.01340000
0.08180000	0.01300000
0.06360000	0.01280000
0.07270000	0.01260000
0.09090000	0.03520000
9.08680000	0.02510000
24.98880000	16.41160000
7.26950000	4.85050000
0.90870000	1.33740000
0.45430000	0.37660000
0.34530000	0.11380000
0.25440000	0.04170000
0.16360000	0.01500000
0.10900000	0.01430000
0.08180000	0.01400000
0.06180000	0.01380000
0.06090000	0.01360000
0.05820000	0.01330000
0.05540000	0.01310000
0.02180000	0.01290000
0.16360000	0.01270000
0.11810000	0.01250000
0.21810000	0.42700000
11.81290000	4.46630000
7.30580000	3.56400000
7.80560000	2.76960000
12.81240000	13.05810000
9.81380000	3.79610000
1.77190000	1.06310000
0.65430000	0.30120000
0.73600000	0.09360000
0.79060000	0.03680000
0.48160000	0.01670000
0.26350000	0.01610000
0.20900000	0.01580000
0.18170000	0.01550000
0.17260000	0.01520000
0.19080000	0.01490000
0.22720000	0.01470000
0.50890000	0.01500000
0.51790000	0.01480000
0.25440000	0.01460000
0.19990000	0.01440000
0.15450000	0.01410000
0.11810000	0.01390000
0.10000000	0.03480000
0.19080000	0.02980000
0.36350000	0.01720000
2.88050000	0.34260000
2.06270000	0.10290000
5.67020000	1.74890000
11.17680000	4.30050000
1.73560000	1.18680000
0.58160000	0.33630000
0.39070000	0.12190000
0.41800000	0.05230000
0.29080000	0.02490000
0.20900000	0.01640000
0.15450000	0.01540000
0.12720000	0.04410000
0.18170000	1.97380000
0.31800000	0.55050000
0.19990000	0.16220000
0.13630000	0.05580000
0.10900000	0.02650000
0.10900000	0.02340000
0.09090000	0.01820000
0.09000000	0.01560000
0.21810000	0.03610000
0.73600000	1.22090000
0.32710000	0.34450000
0.19080000	0.50260000
0.18170000	0.14890000
0.15450000	0.05280000
0.13630000	0.05330000
0.13630000	0.02650000
0.13630000	0.01940000
0.12720000	0.01710000
0.10000000	0.01640000
0.09000000	0.01600000
0.07810000	0.01570000
0.07000000	0.01540000
0.08180000	0.03610000
0.37260000	0.28380000
0.22720000	0.08870000
0.13630000	0.05550000
0.10900000	0.02670000
0.08720000	0.01850000
0.07540000	0.01610000
0.06450000	0.01510000
0.05630000	0.01470000
0.05000000	0.02110000
0.07270000	0.03050000
0.06910000	0.02940000
0.05180000	0.01790000
0.04820000	0.02170000
0.04630000	0.01550000
0.04360000	0.01360000
0.03820000	0.01290000
0.03270000	0.01260000
0.03090000	0.01230000
0.02910000	0.03400000
0.02730000	0.03530000
0.02730000	0.01810000
0.02540000	0.01320000
0.02180000	0.01170000
0.02000000	0.01120000
0.01640000	0.01090000
0.01450000	0.01070000
0.01360000	0.02160000
0.01360000	0.03660000
0.01360000	0.04390000
0.01730000	0.01980000
0.02180000	0.04200000
0.02180000	0.04060000
0.01640000	0.06580000
0.08000000	0.02650000
0.89960000	7.37500000
0.66330000	2.02790000
0.18170000	0.56670000
0.09000000	0.16710000
0.06630000	0.09010000
0.10000000	0.07380000
0.07180000	0.05760000
0.08180000	0.02900000
0.06000000	0.03570000
0.41800000	0.02310000
1.97180000	0.08720000
1.34490000	0.07310000
0.37260000	0.03540000
0.17260000	0.03620000
0.11810000	0.07750000
0.58160000	0.05420000
0.28170000	0.03130000
3.93460000	3.19750000
14.44810000	9.05620000
25.98830000	30.80170000
7.27860000	9.14010000
0.86320000	2.51970000
0.44530000	0.71500000
0.30900000	0.21520000
0.20900000	0.07610000
0.18170000	0.06850000
1.33580000	0.36870000
0.36350000	0.12140000
0.18170000	0.05390000
0.16360000	0.04720000
0.13630000	0.03290000
0.07360000	0.02860000
0.04730000	0.02700000
0.03450000	0.02630000
0.02540000	0.02580000
0.02000000	0.02540000
0.01910000	0.02490000
0.04630000	0.06070000
0.35440000	0.07190000
0.77240000	0.03810000
0.15450000	0.02870000
0.07810000	0.05330000
0.85420000	0.06480000
10.63160000	9.86140000
2.18990000	2.71530000
2.15360000	0.76210000
0.58160000	0.22790000
0.22720000	0.08150000
0.11810000	0.04110000
0.07720000	0.02560000
0.16360000	0.21290000
0.76330000	0.07860000
0.22720000	0.04210000
1.35390000	0.03180000
10.26810000	0.07530000
7.77830000	0.38480000
0.75420000	0.12710000
0.32710000	0.05690000
0.16360000	0.03730000
0.09000000	0.03150000
0.21810000	0.02960000
1.17220000	0.06890000
0.24530000	0.03910000
0.08090000	0.03090000
0.04450000	0.02830000
0.02640000	0.02730000
0.01820000	0.02660000
0.01450000	0.02610000
0.56340000	0.06670000
0.11810000	0.03640000
0.04540000	0.02820000
0.02000000	0.02560000
0.01270000	0.02460000
0.01000000	0.02400000
0.00670000	0.02350000
0.00460000	0.02310000
0.00400000	0.02270000
0.00530000	0.05380000
0.14540000	1.35850000
0.04730000	0.40040000
0.01360000	0.12840000
0.07090000	0.10280000
0.05000000	0.08520000
0.01270000	0.04370000
0.00680000	0.03680000
0.00490000	0.03020000
13.63020000	8.58800000
7.02410000	12.43190000
0.77240000	3.42560000
0.29080000	0.96390000
0.14540000	0.29050000
0.10000000	0.10600000
0.06910000	0.05150000
0.04730000	0.03550000
0.03540000	0.40130000
0.03090000	0.15080000
0.03180000	0.09500000
0.42710000	0.05100000
7.03320000	12.51970000
1.12680000	3.45010000
0.35440000	0.97110000
6.49710000	1.59450000
2.26260000	0.47330000
3.35300000	0.85590000
16.26540000	17.39430000
3.63470000	4.78610000
0.62700000	1.33980000
0.29080000	0.39660000
0.17260000	0.13880000
0.11810000	0.07540000
0.09090000	0.04280000
0.07910000	0.04050000
0.06630000	0.03940000
0.05270000	0.03860000
0.04270000	0.03780000
0.04090000	0.05890000
0.71790000	2.50230000
4.67060000	1.19860000
0.72690000	0.35730000
0.28170000	0.12750000
0.43620000	0.11480000
0.39070000	0.06100000
0.19990000	0.04540000
0.12720000	0.04140000
0.08000000	0.04000000
0.06090000	0.03910000
0.04820000	0.03840000
0.03730000	0.03770000
0.03270000	0.03700000
0.02820000	0.03640000
0.02270000	0.03570000
0.01640000	0.03510000
0.01000000	0.03450000
0.02270000	0.03390000
0.01450000	0.03330000
0.00470000	0.06880000
0.00550000	0.04200000
0.00700000	0.03440000
0.00780000	0.03190000
0.03180000	0.03080000
0.04820000	0.03020000
0.06360000	0.05840000
0.03180000	0.03690000
0.02910000	0.03070000
0.02910000	0.02860000
0.02730000	0.02770000
0.02000000	0.02710000
0.01540000	0.02660000
0.01180000	0.02610000
0.01000000	0.02560000
0.00910000	0.02520000
0.01820000	0.05040000
0.16360000	0.41980000
0.14540000	0.13300000
0.10000000	0.05520000
0.06360000	0.03360000
0.03630000	0.02740000
0.02450000	0.02530000
0.01820000	0.02430000
0.01180000	0.02390000
0.01910000	0.02340000
0.03630000	0.06340000
0.03910000	0.03370000
0.02540000	0.06020000
0.23630000	0.03390000
2.93500000	0.08090000
0.77240000	0.04150000
0.27260000	0.03130000
0.14540000	0.02820000
0.09090000	0.02700000
0.06910000	0.02630000
0.05090000	0.02580000
0.03910000	0.02530000
0.03450000	0.02490000
0.03910000	0.05850000
0.18170000	0.38710000
0.37260000	0.12500000
0.19080000	0.05390000
0.10900000	0.03410000
0.08180000	0.02840000
0.06090000	0.02650000
0.05270000	0.03650000
0.05540000	0.03720000
0.05820000	0.02790000
0.05090000	0.02530000
0.04540000	0.02430000
0.51790000	0.05970000
0.41800000	0.03450000
0.19080000	0.02800000
0.46340000	0.23010000
1.13590000	0.40820000
8.34170000	3.08180000
2.28990000	0.86230000
0.79960000	0.25620000
0.45430000	0.09020000
17.90110000	24.52130000
29.89570000	37.42340000
11.17680000	18.18750000
12.17640000	19.70760000
5.67020000	10.14160000
1.09040000	3.52110000
0.52700000	1.06480000
0.32710000	0.31180000
0.27260000	0.10430000
0.45430000	0.04440000
0.31800000	0.03180000
0.18170000	0.02970000
0.16360000	0.03910000
0.14540000	0.07900000
0.12720000	0.34840000
0.11810000	0.15420000
0.11810000	0.06640000
0.10900000	0.03710000
0.10000000	0.02870000
0.10000000	0.02610000
0.10000000	0.02490000
0.09090000	0.02440000
9.54120000	4.82370000
21.99010000	19.63460000
1.89010000	6.41860000
1.04500000	3.36260000
6.86060000	7.68100000
0.91780000	3.38940000
0.35440000	1.22070000
0.25440000	0.43560000
0.20900000	0.19190000
0.18170000	0.11580000
0.14540000	0.09170000
0.11810000	0.08630000
0.10900000	0.08410000
0.10900000	0.08250000
0.10900000	0.08100000
0.10000000	0.08160000
0.10000000	0.07870000
0.10000000	0.07740000
0.10000000	0.07560000
0.08270000	0.07470000
0.08180000	0.07420000
0.07720000	0.07190000
0.06910000	0.07030000
0.06090000	0.06900000
0.05270000	0.06780000
0.04270000	0.06660000
0.03630000	0.06540000
0.03450000	0.06420000
0.03180000	0.06310000
0.03180000	0.06250000
0.03450000	0.06540000
0.03630000	0.06280000
0.03910000	0.05950000
0.04000000	0.05790000
0.04000000	0.05730000
0.04090000	0.05630000
0.04180000	0.06250000
0.04360000	0.05600000
0.04540000	0.05340000
0.04730000	0.05200000
0.05090000	0.05150000
0.06360000	0.05070000
0.12720000	0.04990000
0.08450000	0.04900000
0.07180000	0.04810000
0.06090000	0.04730000
0.05270000	0.04650000
0.05540000	0.04730000
0.10900000	0.06060000
0.35440000	0.06140000
0.36350000	0.15460000
0.29080000	0.08230000
0.29990000	0.05230000
0.32710000	0.04350000
0.32710000	0.04430000
0.27260000	0.04030000
0.18170000	0.03870000
0.12720000	0.03780000
0.10900000	0.03710000
0.08720000	0.03640000
0.08090000	0.03580000
0.07720000	0.03510000
0.07450000	0.03450000
0.06820000	0.03390000
0.05910000	0.03330000
0.05270000	0.03270000
0.04910000	0.03210000
0.04630000	0.03160000
0.04360000	0.03100000
0.04270000	0.03050000
0.03910000	0.03640000
0.04270000	0.05420000
0.09090000	0.80910000
0.65430000	0.84590000
0.40890000	0.26290000
0.22720000	0.09360000
0.14540000	0.04780000
0.11810000	0.03480000
0.10000000	0.03130000
0.09090000	0.02880000
0.08450000	0.02810000
0.08360000	0.02750000
0.08180000	0.02700000
0.07910000	0.02650000
0.07540000	0.02600000
0.07270000	0.02560000
0.21810000	0.29800000
1.39940000	0.10040000
0.40890000	0.04690000
0.14540000	0.03200000
0.12720000	0.03220000
0.11810000	0.02680000
0.14540000	0.05750000
1.48120000	1.92590000
0.86320000	0.54470000
0.31800000	0.16780000
0.18170000	0.07200000
0.15450000	0.03790000
1.36300000	7.06000000
43.61680000	32.22880000
2.72600000	9.93500000
1.81740000	2.87700000
3.18040000	1.14490000
3.45300000	3.46030000
0.90870000	1.40570000
0.45430000	0.43290000
1.99910000	0.17430000
2.18080000	1.53490000
0.79960000	0.93150000
0.49070000	0.32600000
1.85370000	0.13350000
1.52660000	0.06920000
0.44530000	0.03760000
0.22720000	0.02800000
0.17260000	0.02550000
0.16360000	0.04260000
0.14540000	0.02900000
0.10900000	0.02500000
0.10000000	0.02370000
0.09090000	0.02660000
0.09090000	0.02350000
0.08450000	0.02240000
0.07910000	0.02180000
0.07450000	0.02130000
0.07720000	0.02090000
7.50570000	3.83110000
0.94500000	1.06330000
2.52610000	0.34040000
26.89700000	24.36500000
17.90110000	17.97970000
1.39940000	4.93470000
0.58160000	1.36610000
0.36350000	0.39200000
0.27260000	0.12530000
0.19990000	0.05290000
0.15450000	0.03460000
0.12720000	0.02670000
0.10900000	0.02420000
0.09090000	0.02330000
0.09090000	0.03400000
0.25440000	0.04420000
0.41800000	0.06660000
0.31800000	0.05780000
0.20900000	0.03260000
0.11810000	0.02580000
0.09090000	0.02500000
0.08720000	0.05450000
0.07090000	0.03090000
0.06720000	0.04610000
9.72290000	12.91220000
1.50840000	3.54670000
0.41800000	0.98690000
0.30900000	0.31620000
0.16360000	0.10330000
0.10900000	0.04500000
0.10000000	0.03850000
0.08450000	0.03380000
0.06630000	0.02490000
0.05820000	0.02220000
0.05090000	0.02120000
0.05270000	0.02130000
2.48070000	0.10110000
0.82690000	0.04400000
0.24530000	0.02860000
0.12720000	0.04850000
0.08450000	0.02930000
0.06360000	0.02370000
0.04820000	0.02190000
0.03450000	0.02120000
0.02540000	0.02070000
0.02450000	0.02030000
0.01910000	0.02000000
0.01640000	0.02750000
0.01450000	0.02610000
0.01640000	0.02080000
0.01640000	0.02690000
0.01000000	0.02050000
0.00910000	5.30690000
0.81780000	1.46800000
0.03630000	0.41890000
0.02090000	0.13180000
0.01640000	0.05310000
0.01270000	0.03120000
0.01090000	0.02270000
0.00910000	0.02280000
0.00820000	0.05740000
0.01000000	0.05110000
0.01450000	0.03300000
0.00700000	0.02430000
0.00550000	0.02160000
0.00510000	0.02060000
0.00360000	0.02010000
0.00400000	0.05600000
0.00380000	0.02930000
0.00370000	0.02190000
0.00350000	0.01960000
0.00260000	0.01870000
0.00180000	0.01830000
0.00180000	0.01790000
0.00150000	0.01760000
0.00140000	0.01730000
0.00100000	0.01700000
0.18170000	0.01670000
0.14540000	0.01640000
0.01360000	0.01610000
0.00470000	0.01580000
0.00310000	0.01550000
0.00230000	0.01520000
0.00150000	0.01500000
0.00120000	0.01470000
0.00060000	0.01440000
0.00050000	0.01420000
0.00030000	0.01390000
0.00070000	0.07440000
0.00050000	0.03090000
0.00020000	0.01930000
0.00000000	0.01600000
0.00000000	0.01490000
0.06910000	0.07730000
0.02820000	0.03220000
0.00650000	0.02020000
0.00290000	0.01670000
0.00150000	0.01560000
0.00090000	0.01510000
0.00110000	0.01470000
0.22720000	0.02710000
0.00220000	0.08730000
0.02000000	0.03570000
0.00550000	0.02190000
0.00290000	0.01800000
0.00150000	0.01670000
0.00090000	0.01610000
0.00040000	0.01570000
0.00000000	0.01540000
0.00000000	0.01520000
0.00000000	0.01490000
0.00000000	0.01460000
0.00000000	0.01440000
0.00000000	0.01410000
0.00000000	0.01390000
0.00000000	0.01360000
0.00000000	0.04210000
0.00000000	0.04970000
0.00000000	0.02290000
0.00000000	0.01590000
0.00000000	0.01380000
0.00000000	0.01310000
0.00000000	0.01270000
0.00000000	0.01250000
0.00000000	0.01230000
0.00000000	0.04260000
0.00000000	0.02020000
0.00000000	0.01390000
0.00000000	0.01200000
0.00000000	0.01140000
0.00000000	0.01110000
0.00000000	0.01080000
0.00000000	0.01060000
0.00000000	0.01040000
0.00000000	0.01030000
0.00000000	0.01010000
0.00000000	0.05340000
0.00000000	0.03870000
0.00000000	0.01810000
0.00000000	0.01280000
0.00250000	0.27730000
0.00050000	0.14340000
0.00000000	0.05000000
0.00000000	0.02490000
0.00000000	0.01790000
0.00000000	0.01580000
0.00000000	0.05170000
0.00000000	0.02460000
0.00000000	0.01740000
0.00000000	0.01520000
0.00000000	0.02380000
0.00000000	0.02630000
0.00000000	0.01710000
0.00000000	0.01440000
0.00000000	0.01350000
0.00000000	0.01310000
0.00000000	0.01280000
0.00000000	0.01260000
0.00000000	0.01240000
0.00000000	0.01220000
0.00000000	0.01190000
0.00000000	0.01170000
0.00000000	0.01150000
0.00000000	0.01130000
0.00000000	0.01110000
0.00000000	0.01090000
0.00000000	0.01070000
0.00000000	0.10170000
0.00000000	0.03790000
0.00000000	0.02120000
0.00000000	0.01640000
0.00000000	0.01850000
0.00000000	0.02050000
0.00000000	0.02180000
0.00130000	1.23980000
0.00040000	0.46010000
2.61700000	0.24220000
15.35670000	0.16270000
0.75420000	0.08240000
0.24530000	0.05130000
0.10000000	0.04200000
0.02730000	0.03940000
0.01360000	0.03820000
0.00440000	0.03740000
0.00290000	0.03670000
0.00160000	0.03610000
0.00360000	0.05170000
0.00510000	0.03920000
1.54480000	6.15250000
1.47210000	1.75540000
2.04450000	1.87060000
0.41800000	0.54570000
0.16360000	0.18390000
0.07180000	0.09380000
0.06450000	0.05660000
0.02730000	0.04840000
1.57200000	1.19470000
0.99050000	0.37190000
0.33620000	0.13610000
0.16360000	0.07850000
0.10000000	0.05500000
0.07630000	0.04800000
0.05450000	0.04510000
0.03360000	0.04420000
0.02450000	0.04340000
0.02730000	0.04430000
0.32710000	0.07790000
0.35440000	0.05160000
0.27260000	0.04450000
21.35410000	17.84780000
2.81690000	4.90970000
0.55430000	1.37360000
0.28170000	0.40640000
8.55070000	9.05240000
5.27040000	4.25560000
0.97230000	1.18830000
0.39980000	0.35770000
0.22720000	0.13010000
0.16360000	0.06730000
2.72600000	3.67580000
9.81380000	8.80550000
3.08950000	3.84710000
1.74470000	1.40270000
0.66330000	0.44120000
0.34530000	0.15420000
0.25440000	0.07150000
0.39070000	0.04670000
15.44760000	11.28370000
7.61480000	4.82670000
1.63560000	2.63890000
2.31710000	1.14090000
0.67240000	0.39410000
0.39070000	0.14400000
0.24530000	0.06330000
0.12720000	0.04470000
0.08000000	0.03930000
0.06910000	0.03780000
0.06910000	0.03700000
0.06910000	0.03640000
0.06720000	0.03570000
0.05360000	0.03510000
0.04820000	0.03450000
0.04820000	0.03390000
0.04820000	0.03330000
0.04820000	0.03270000
0.04090000	0.03220000
0.03000000	0.03160000
0.03000000	0.03110000
0.03000000	0.03050000
0.02640000	0.03000000
0.02180000	0.02950000
0.02640000	0.03530000
0.15450000	0.68670000
1.25400000	1.03810000
2.01730000	0.68440000
1.79920000	0.26380000
1.09950000	0.10010000
0.80870000	0.04660000
0.80870000	0.03130000
0.35440000	0.02670000
0.11810000	0.02530000
0.07910000	0.02480000
0.05450000	0.02460000
0.04090000	0.02450000
0.03000000	0.02420000
0.02090000	0.02380000
0.01640000	0.02340000
0.01180000	0.02300000
0.01000000	0.02260000
0.01180000	0.02220000
0.01540000	0.02180000
0.01910000	0.02440000
0.10000000	0.03260000
0.49980000	0.02330000
0.86320000	0.02050000
0.48160000	0.01950000
0.59970000	0.01900000
0.61790000	0.01900000
0.62700000	0.01840000
0.33620000	0.01800000
0.25440000	0.01760000
0.35440000	0.01730000
0.34530000	0.01700000
0.24530000	0.01730000
0.18170000	0.01710000
0.04820000	0.01680000
0.02360000	0.01660000
0.03000000	0.02150000
0.10000000	0.02780000
0.24530000	0.01840000
5.00680000	0.04670000
1.76280000	0.46590000
0.66330000	0.17910000
0.42710000	0.06340000
1.19950000	0.04650000
2.90780000	1.11030000
8.10550000	4.68360000
3.38940000	2.04900000
0.60880000	0.67190000
0.33620000	0.20820000
0.25440000	0.06800000
0.17260000	0.02900000
0.15450000	0.01680000
0.11810000	0.01480000
0.15450000	2.92690000
1.89010000	7.83290000
0.67240000	3.05860000
0.56340000	0.98150000
0.66330000	0.29970000
1.30850000	0.09670000
2.63520000	0.04670000
3.04410000	0.04230000
1.75380000	0.82570000
0.53610000	0.35810000
0.30900000	0.12690000
0.24530000	0.04820000
0.19080000	0.02380000
0.17260000	0.01700000
0.17260000	0.01460000
0.17260000	0.01410000
0.16360000	0.01380000
0.25440000	0.01360000
10.26810000	4.46280000
8.72340000	5.32650000
4.79780000	6.61770000
3.37120000	3.45560000
25.53400000	17.43060000
6.64250000	7.24980000
2.29900000	3.86650000
0.84510000	1.94400000
0.43620000	0.75960000
2.79870000	1.71690000
7.76920000	5.15420000
3.72560000	3.76540000
5.05230000	3.46320000
0.99050000	2.23970000
0.46340000	0.98540000
0.28170000	0.44480000
0.20900000	0.25370000
0.16360000	0.19060000
0.17260000	0.17120000
4.66150000	2.34560000
7.08770000	2.65260000
1.36300000	1.76480000
0.49980000	0.75290000
0.29990000	0.34180000
7.60570000	4.04790000
7.05140000	3.60110000
1.26310000	2.08260000
0.58160000	0.84490000
4.06180000	0.39210000
1.36300000	0.80010000
0.43620000	0.41960000
0.29990000	0.23490000
0.24530000	0.16660000
0.20900000	0.14730000
0.16360000	0.13260000
0.11810000	0.12670000
0.10000000	0.12370000
21.99010000	16.76750000
14.35720000	11.17460000
2.67150000	3.83140000
0.76330000	1.46180000
0.40890000	0.52120000
0.27260000	0.22770000
0.19990000	0.13580000
0.14540000	0.11350000
1.39940000	0.13480000
2.39890000	0.52210000
0.36350000	0.21770000
0.20900000	0.13380000
0.14540000	0.12430000
0.12720000	0.10760000
0.10900000	0.10580000
0.10000000	0.12860000
0.10000000	0.11040000
0.10900000	0.09770000
0.09090000	0.09260000
0.08090000	0.09000000
0.07180000	0.08810000
0.06270000	0.08650000
0.14540000	0.14190000
0.10900000	0.09980000
0.06630000	0.08760000
0.06540000	0.08320000
0.05450000	0.08100000
0.04540000	0.07930000
0.04820000	0.07790000
0.08720000	0.17880000
0.08270000	0.13330000
0.06180000	0.11560000
0.08180000	0.09320000
0.09090000	0.08070000
0.06540000	0.11490000
0.07450000	0.11210000
0.28170000	0.08500000
0.74510000	0.12910000
0.21810000	0.08800000
0.10000000	0.07650000
0.07180000	0.07240000
0.05000000	0.07040000
0.03180000	0.06900000
0.02540000	0.06770000
0.02090000	0.06650000
0.01540000	0.06530000
0.01270000	0.08210000
0.01180000	0.07540000
0.51790000	0.08020000
20.08190000	23.50090000
1.40850000	6.49630000
0.30900000	1.82240000
0.15450000	0.54430000
0.10000000	0.19410000
0.07180000	0.09760000
0.05820000	0.06070000
0.05180000	0.07320000
0.04730000	0.06220000
0.03180000	0.05850000
0.02360000	0.05670000
0.01640000	0.05550000
0.01450000	0.07570000
0.23630000	0.06730000
0.19080000	0.13930000
0.11810000	0.07790000
0.08910000	0.06090000
0.04270000	0.05560000
0.02180000	0.07470000
0.01640000	0.05790000
0.01180000	0.05270000
0.01000000	0.05060000
0.00850000	0.04940000
0.00670000	0.04850000
0.00590000	0.04760000
0.36350000	0.10270000
0.19990000	0.07510000
0.07360000	0.05430000
0.03360000	0.04810000
0.01910000	0.04580000
0.02640000	0.04830000
0.06910000	0.04470000
0.18170000	0.57360000
0.19990000	0.18820000
0.10000000	0.08280000
0.04540000	0.05350000
0.02360000	0.06550000
0.01180000	0.04770000
0.00400000	0.04200000
0.00470000	0.04020000
0.00400000	0.03920000
0.00360000	0.04190000
0.00360000	0.03860000
0.00290000	0.03730000
0.00250000	0.03640000
0.00250000	0.03580000
0.00250000	0.03510000
0.00220000	0.03450000
0.00180000	0.03390000
0.00150000	0.03330000
0.00110000	0.03270000
0.00090000	0.03210000
0.00050000	0.03150000
0.00050000	0.03100000
0.00020000	0.03040000
0.00000000	0.02990000
0.00000000	0.02940000
0.00000000	0.02890000
0.00000000	0.02840000
0.00000000	0.02790000
0.00000000	0.02740000
0.00000000	0.02690000
0.00000000	0.02640000
0.00000000	0.02590000
0.00000000	0.02550000
0.00000000	0.02500000
0.00000000	0.02460000
0.00000000	0.02420000
0.00000000	0.02370000
0.00000000	0.02330000
0.00000000	0.02290000
0.00000000	0.02250000
0.00000000	0.02210000
0.00000000	0.02170000
0.00010000	0.05420000
0.00000000	0.02990000
0.00000000	0.02300000
0.00000000	0.02090000
0.00000000	0.02010000
0.00000000	0.01960000
0.00000000	0.01930000
0.00000000	0.01890000
0.00000000	0.01850000
0.00000000	0.01820000
0.00000000	0.01790000
0.00000000	0.01760000
0.00000000	0.02310000
0.00000000	0.01850000
0.00000000	0.02610000
0.00000000	0.01890000
0.00000000	0.01680000
0.00000000	0.01610000
0.00000000	0.10830000
0.00490000	0.04370000
0.04000000	4.87110000
0.02360000	1.35660000
0.06630000	0.39630000
0.03910000	0.17360000
0.02090000	0.08370000
0.01360000	0.04780000
0.00830000	0.03580000
0.00550000	0.03410000
0.00360000	0.03320000
0.00250000	0.03260000
0.00150000	0.03200000
0.00130000	0.05510000
0.01090000	0.12970000
0.00730000	0.05830000
0.00450000	0.03920000
0.00320000	0.04380000
0.00230000	0.04170000
0.00180000	0.04680000
0.00130000	0.03440000
0.00120000	0.03070000
0.00080000	0.02930000
0.00060000	0.02850000
0.00050000	0.02800000
0.00040000	0.02740000
0.00040000	0.02700000
0.00020000	0.04610000
0.00020000	0.03640000
0.09000000	0.02900000
0.12720000	0.02610000
0.01640000	0.02490000
0.00510000	0.04120000
0.00640000	0.03550000
0.00700000	0.05020000
0.00520000	0.05910000
0.02540000	0.09670000
0.11810000	0.10870000
0.45430000	0.09430000
0.90870000	0.06350000
0.34530000	0.08670000
1.36300000	0.07680000
0.35440000	0.08900000
0.17260000	0.05420000
0.11810000	0.04490000
0.06720000	0.04180000
0.05360000	0.06000000
0.03820000	0.04860000
0.02360000	0.04150000
0.01180000	0.05530000
0.01000000	0.04230000
0.01000000	0.03860000
0.41800000	0.10750000
26.71530000	28.03400000
6.50620000	7.69500000
0.58160000	2.13580000
0.23630000	0.61560000
0.13630000	0.19950000
0.10000000	0.08520000
0.07450000	0.04180000
0.06180000	0.04100000
0.05910000	0.04030000
0.04360000	0.06260000
0.05360000	0.07160000
0.04630000	0.04790000
0.03540000	0.04170000
0.03090000	0.03950000
0.03730000	0.03840000
0.03270000	0.03760000
0.02820000	0.03690000
0.03000000	0.06530000
0.03820000	0.04350000
0.04540000	0.03800000
0.04000000	0.03600000
0.03000000	0.03500000
0.02820000	0.03430000
0.02540000	0.03360000
0.02360000	0.03300000
0.02180000	0.03240000
3.04410000	7.90860000
0.99050000	2.18650000
0.30900000	0.62290000
0.15450000	0.19510000
0.10900000	0.07770000
0.08540000	0.04520000
0.06720000	0.03260000
0.06000000	0.03200000
0.05630000	0.03140000
0.04910000	0.03140000
0.03910000	0.03100000
0.03450000	0.03160000
0.03000000	0.02970000
0.02820000	0.02890000
0.02540000	0.02830000
0.02450000	0.02770000
0.19080000	0.02730000
3.39850000	3.03770000
0.89050000	0.85080000
0.39070000	0.25780000
0.24530000	0.09120000
0.15450000	0.04530000
0.10900000	0.03290000
0.10000000	0.02790000
1.57200000	0.93170000
1.95370000	0.27760000
0.40890000	0.09650000
0.21810000	0.04670000
0.12720000	0.03280000
0.09090000	0.02860000
0.08270000	0.02670000
0.08000000	0.02620000
14.90240000	9.64690000
16.81060000	14.60860000
5.97000000	17.67490000
17.17410000	4.90230000
1.45390000	1.36430000
0.78150000	0.39470000
0.54520000	0.12530000
0.20900000	0.05030000
0.16360000	0.02870000
0.19080000	0.02810000
0.25440000	0.02770000
0.25440000	0.02730000
0.18170000	0.02680000
0.12720000	0.02630000
0.10000000	0.02590000
0.07720000	0.02540000
0.07450000	0.02500000
0.06720000	0.02460000
0.06450000	0.02410000
0.06450000	0.02370000
0.06450000	0.02330000
0.06000000	0.02290000
0.03540000	0.02250000
0.03360000	0.02210000
0.03000000	0.02180000
0.03360000	0.02140000
0.04000000	0.02100000
0.04630000	0.02070000
0.03270000	0.02030000
0.03000000	0.02000000
0.03000000	0.01960000
0.02820000	0.01930000
0.02820000	0.01900000
0.03450000	0.01870000
0.03360000	0.01830000
0.03270000	0.01800000
0.03270000	0.01770000
0.03270000	0.01740000
0.03630000	0.01710000
0.03910000	0.01680000
0.02640000	0.01660000
0.02360000	0.01630000
0.02540000	0.01600000
0.02730000	0.01570000
0.03450000	0.01550000
0.02730000	0.01520000
0.02450000	0.01500000
0.02450000	0.01470000
0.02360000	0.01450000
0.02270000	0.01420000
0.02730000	0.01400000
0.48160000	0.01960000
1.32670000	0.01760000
1.67200000	0.03230000
12.72160000	20.48750000
28.26000000	21.33460000
40.52730000	30.70280000
7.85100000	11.05000000
1.61750000	3.42600000
0.83600000	0.98230000
1.36300000	0.27580000
1.79920000	0.09590000
2.34440000	0.04560000
1.13590000	0.34320000
6.00640000	3.98540000
12.53980000	17.46600000
1.90820000	5.55350000
0.48160000	1.63510000
0.29990000	0.47370000
0.23630000	0.14200000
0.19990000	0.04970000
0.14540000	0.01900000
0.51790000	0.04990000
0.49980000	0.12880000
0.68150000	0.41700000
0.69970000	0.63490000
0.29990000	0.23730000
0.19080000	0.08150000
0.13630000	0.03380000
0.11810000	0.02060000
0.10000000	0.01660000
0.10000000	0.01540000
0.08810000	0.01550000
0.08000000	0.01480000
0.07450000	0.01440000
0.06720000	0.01420000
0.06450000	0.01390000
0.05630000	0.01360000
0.05090000	0.01340000
0.05090000	0.01320000
0.04820000	0.01290000
0.06910000	0.09530000
0.29080000	1.39070000
0.29990000	0.39110000
0.14540000	0.11850000
0.10000000	0.04380000
0.09000000	0.02310000
0.19080000	0.06130000
0.56340000	0.42170000
0.80870000	0.54410000
0.41800000	0.16110000
0.18170000	0.05660000
0.12720000	0.03420000
0.14540000	0.04070000
0.16360000	0.02280000
0.12720000	0.01770000
0.11810000	0.01770000
0.10000000	0.01610000
0.08810000	0.01550000
0.07540000	0.01510000
0.06360000	0.01480000
0.05360000	0.01450000
0.04270000	0.01430000
0.03820000	0.01400000
0.03000000	0.01380000
0.02730000	0.02750000
0.02180000	0.02340000
0.01910000	0.01580000
0.01640000	0.01360000
0.04820000	0.02210000
0.06720000	0.03640000
0.04090000	0.01870000
0.02730000	0.01660000
5.66110000	0.92550000
1.47210000	0.74030000
0.35440000	0.21530000
0.18170000	0.07210000
0.11810000	0.03280000
0.10900000	0.04720000
0.08810000	0.02510000
0.07180000	0.01900000
0.05910000	0.01730000
0.04820000	0.01670000
0.04270000	0.01630000
0.04090000	0.03150000
0.24530000	0.02630000
0.92690000	5.69910000
0.58160000	1.59660000
0.20900000	0.45160000
0.10900000	0.13870000
0.08270000	0.05300000
0.06180000	0.02920000
0.05090000	0.02010000
0.03820000	0.01970000
0.02640000	0.01940000
0.02180000	0.01910000
0.01910000	0.01870000
0.01640000	0.01840000
0.01360000	0.01810000
0.01270000	0.03590000
0.01180000	0.02560000
0.01180000	0.01930000
0.01180000	0.01740000
0.01180000	0.01720000
0.01000000	0.01640000
1.41750000	0.06160000
0.54520000	0.07070000
0.51790000	0.08630000
0.36350000	0.08030000
0.12720000	0.05320000
0.08810000	0.04760000
0.06720000	0.03030000
0.05360000	0.02560000
0.04090000	0.02490000
0.05630000	0.09880000
0.06910000	0.06380000
0.22720000	0.03620000
0.18170000	0.32350000
1.21760000	0.17430000
0.24530000	0.06860000
1.84460000	0.64350000
0.94500000	0.19910000
0.20900000	0.07780000
0.09090000	0.04410000
0.05910000	0.03460000
0.17260000	0.07080000
0.09090000	0.04090000
0.08270000	0.05340000
0.04270000	0.04590000
0.01820000	0.03350000
0.01270000	0.02970000
0.01000000	0.02830000
0.00710000	0.02760000
0.00550000	0.02700000
0.00470000	0.04180000
0.00400000	0.03020000
0.00360000	0.02670000
0.00400000	0.02550000
0.00550000	0.04250000
0.00400000	0.02910000
0.00330000	0.02520000
0.00250000	0.02380000
0.00250000	0.02310000
0.00220000	0.02260000
0.00330000	0.02950000
0.00290000	0.02380000
0.00290000	0.02200000
0.00250000	0.02120000
0.01270000	0.09120000
0.00470000	0.04110000
0.00360000	0.02760000
0.00290000	0.02360000
0.00220000	0.02220000
0.00290000	0.07900000
0.70880000	0.08120000
0.46340000	0.07050000
0.09000000	0.03750000
0.03820000	0.02850000
0.02360000	0.05980000
0.05910000	0.06610000
0.02730000	0.03550000
0.01270000	0.02740000
0.00870000	0.02480000
0.00630000	0.02390000
0.06910000	0.72500000
0.13630000	0.23650000
0.05360000	0.08380000
0.02090000	0.04200000
0.03820000	0.08670000
0.06910000	0.06820000
0.05360000	0.03830000
0.02360000	0.03050000
0.01180000	0.02800000
0.00790000	0.02690000
0.07450000	0.08500000
0.07180000	0.04260000
0.02640000	0.03120000
0.02450000	0.03220000
0.24530000	1.94190000
4.71610000	3.30390000
0.81780000	0.93190000
0.24530000	0.28370000
0.10000000	0.10600000
0.48160000	0.09050000
0.61790000	0.08090000
0.40890000	0.04810000
1.79920000	0.07580000
0.63610000	0.06000000
0.30900000	0.05120000
0.13630000	0.04100000
0.08000000	0.03770000
0.05090000	0.03630000
0.03000000	0.03550000
0.02090000	0.03480000
10.35900000	0.04460000
2.15360000	0.03640000
0.40890000	0.03380000
0.17260000	0.03260000
0.09090000	0.03190000
0.05910000	0.03130000
0.04090000	0.03070000
0.02640000	0.03020000
0.01910000	0.02960000
0.01450000	0.02910000
0.01180000	0.02860000
0.01000000	0.02810000
0.00870000	0.02760000
0.00840000	0.02710000
0.00690000	0.02660000
0.00550000	0.02610000
0.00510000	0.02570000
0.00510000	0.02520000
0.00790000	0.05460000
0.00630000	0.03250000
0.00630000	0.02610000
0.00550000	0.02410000
0.00470000	0.02320000
0.56340000	0.08480000
4.12540000	0.14270000
0.70880000	0.06140000
0.25440000	0.06290000
0.17260000	0.07040000
0.15450000	0.04260000
0.10000000	0.03530000
0.05910000	0.03290000
0.04270000	0.06060000
0.03000000	0.03900000
0.02540000	0.03290000
0.02540000	0.03080000
0.02270000	0.06040000
0.01540000	0.03760000
0.01270000	0.03140000
0.00850000	0.02930000
0.00770000	0.03920000
0.00770000	0.03800000
0.00910000	0.03620000
0.01000000	0.04700000
0.01450000	0.05260000
0.01450000	0.04700000
0.01540000	0.03960000
0.01910000	0.10780000
0.01640000	0.04870000
0.01090000	0.03300000
0.02000000	0.02840000
0.13630000	0.05520000
0.07090000	0.03490000
0.04630000	0.02840000
0.04090000	0.02630000
0.03360000	0.02540000
0.21810000	0.07550000
0.28170000	0.03920000
0.12720000	0.02980000
0.07540000	0.02690000
0.05360000	0.02570000
0.03910000	0.02510000
0.03270000	0.04040000
0.04540000	0.03480000
6.75150000	5.52870000
2.67150000	1.53180000
0.54520000	0.43980000
0.24530000	0.14090000
0.14540000	0.05890000
0.10000000	0.03610000
0.08810000	0.04390000
0.07450000	0.03130000
0.06540000	0.03780000
0.48160000	0.39630000
0.73600000	0.13160000
0.67240000	0.07270000
2.30810000	4.39700000
21.99010000	19.27050000
17.35580000	13.07230000
8.46890000	6.36260000
1.07220000	1.76640000
36.25650000	16.63110000
41.25420000	27.30530000
9.90460000	27.29480000
1.08130000	7.84560000
0.48160000	2.20120000
0.32710000	0.63280000
0.26350000	0.19460000
0.21810000	0.07210000
12.44900000	10.93030000
3.00770000	6.06860000
0.99960000	2.49720000
0.42710000	0.81920000
7.22400000	0.26640000
11.54030000	0.10020000
0.92690000	0.04980000
0.59060000	0.03880000
0.29990000	0.03630000
0.22720000	0.03540000
0.20900000	0.03480000
0.14540000	0.03420000
0.14540000	0.04240000
0.14540000	0.04180000
1.99910000	0.24110000
12.35810000	0.11650000
1.47210000	0.05830000
0.59060000	0.03830000
0.36350000	0.03250000
0.29080000	0.03050000
0.21810000	0.02950000
0.13630000	0.02900000
0.10900000	0.02850000
0.09090000	0.02800000
0.08810000	0.02750000
0.08540000	0.02700000
0.14540000	0.02650000
1.02680000	0.02610000
1.29940000	0.02570000
0.66330000	0.02530000
0.32710000	0.02480000
0.24530000	0.02440000
0.18170000	0.02400000
0.09090000	0.02360000
0.08180000	0.02320000
0.07720000	0.04060000
0.07270000	0.42950000
0.08180000	3.03220000
0.08180000	4.88770000
0.08180000	2.43050000
0.07270000	1.05200000
0.06360000	0.37410000
0.05450000	0.13710000
0.04540000	0.06020000
0.05000000	0.03830000
0.05450000	0.04040000
0.05450000	0.82620000
0.05450000	5.34630000
0.05000000	2.78200000
0.05000000	1.10680000
0.04540000	0.43120000
0.05000000	0.22390000
0.05910000	1.41440000
0.06360000	0.82080000
0.06360000	0.38700000
0.05910000	0.21260000
0.06360000	0.14990000
0.05910000	0.13110000
0.05000000	0.12380000
0.04450000	0.12070000
0.04090000	0.11840000
0.03820000	0.11630000
0.03630000	0.11420000
0.03180000	0.11270000
0.03180000	0.11080000
0.02730000	0.10880000
0.02730000	0.10670000
0.03630000	0.10450000
0.04540000	0.11440000
1.36300000	2.82800000
11.72200000	11.17880000
3.33490000	4.91280000
1.18130000	2.10020000
0.86320000	1.35850000
0.63610000	0.59180000
0.37260000	0.27020000
0.26350000	0.15610000
0.18170000	0.12190000
0.15450000	0.11160000
0.12720000	0.10740000
0.13630000	0.10520000
0.11810000	0.10320000
0.12720000	0.10140000
0.13630000	0.12150000
0.13630000	0.38760000
0.31800000	1.08230000
2.40800000	0.53150000
0.73600000	0.24350000
0.39980000	0.13830000
0.33620000	0.10280000
0.29080000	0.09190000
0.26350000	0.08810000
1.08130000	0.08520000
1.37210000	0.08330000
0.59060000	0.08230000
0.27260000	0.08100000
0.21810000	0.08030000
0.19080000	0.07790000
0.16360000	0.07620000
0.14540000	0.07480000
0.13630000	0.07720000
0.12720000	0.07320000
0.10000000	0.07120000
0.09090000	0.06970000
0.10000000	0.08010000
0.11810000	0.07770000
0.12720000	0.08500000
0.20900000	0.09090000
0.21810000	0.14380000
0.14540000	0.08790000
0.10900000	0.06910000
0.09090000	0.06320000
0.09090000	0.06550000
0.10900000	0.07890000
0.10900000	0.06350000
0.08450000	0.05860000
0.07180000	0.05650000
0.06630000	0.05520000
0.06180000	0.05420000
0.05540000	0.05320000
0.05450000	0.07040000
0.05630000	0.05630000
0.05270000	0.05180000
0.04820000	0.04990000
0.04450000	0.04880000
0.04270000	0.04780000
0.03730000	0.04700000
0.03360000	0.04610000
0.05360000	0.08090000
0.08450000	0.05680000
0.08180000	0.05580000
0.06180000	0.04640000
0.05090000	0.04330000
0.04180000	0.04190000
0.03450000	0.04090000
0.03180000	0.04020000
0.03000000	0.03950000
0.02820000	0.03880000
0.02730000	0.03810000
0.03270000	0.06250000
0.03270000	0.04360000
0.03000000	0.03800000
0.02910000	0.03600000
0.03090000	0.03500000
0.04000000	0.05600000
0.03360000	0.03960000
0.04270000	0.06010000
0.04820000	0.03980000
0.04270000	0.03400000
0.03360000	0.03200000
0.03180000	0.03100000
0.02820000	0.03040000
0.02450000	0.02980000
0.02090000	0.04860000
0.02270000	0.03400000
0.02360000	0.02970000
0.31800000	0.08780000
0.15450000	0.04460000
0.07090000	0.03300000
0.04000000	0.02950000
0.02640000	0.02820000
0.02090000	0.02750000
0.01820000	0.02690000
0.01450000	0.02640000
0.20900000	0.05500000
0.48160000	0.06520000
0.12720000	0.05730000
0.06630000	0.03710000
0.04270000	0.04620000
0.03000000	0.03140000
0.02360000	0.06470000
0.53610000	0.05380000
15.35670000	5.77080000
5.36120000	1.67420000
0.63610000	0.48260000
0.24530000	0.15710000
0.13630000	0.06760000
0.09090000	0.04270000
0.07090000	0.03310000
0.05720000	0.03240000
0.05090000	0.03190000
0.04910000	0.05720000
0.04270000	0.03780000
0.04540000	0.04460000
0.90870000	0.07080000
0.74510000	0.05830000
0.17260000	0.03710000
0.09090000	0.03110000
0.06270000	0.02910000
0.04180000	0.02820000
0.03450000	0.02750000
0.03270000	0.04530000
0.03000000	0.07590000
0.03730000	0.09030000
0.06360000	0.05250000
0.03540000	0.04750000
0.03000000	0.05870000
0.02730000	0.05980000
0.03090000	0.04230000
0.02360000	0.03180000
0.02090000	0.02860000
0.02090000	0.05250000
0.01730000	0.03360000
0.01360000	0.02800000
0.01000000	0.02620000
0.00830000	0.02540000
0.00690000	0.02480000
0.00600000	0.02440000
0.00530000	0.02390000
0.00460000	0.02350000
0.00370000	0.02310000
0.00260000	0.02270000
0.00210000	0.02230000
0.00170000	0.02190000
0.00170000	0.07610000
0.00160000	0.03670000
0.00150000	0.02600000
0.00210000	0.05800000
0.00580000	0.10990000
0.00650000	0.04830000
0.00450000	0.03160000
0.00320000	0.02670000
0.00180000	0.02510000
0.00120000	0.02430000
0.00080000	0.02380000
0.00050000	0.02650000
0.00050000	0.04180000
0.00070000	0.61270000
0.00080000	0.21470000
0.00140000	0.09300000
0.03730000	0.11070000
0.45430000	0.07760000
0.28170000	0.04280000
0.10900000	0.03300000
0.05450000	0.03020000
0.02730000	0.02900000
0.01540000	0.02830000
0.00910000	0.02780000
0.00590000	0.02730000
0.00370000	0.02680000
0.00310000	0.02630000
0.00370000	0.03280000
0.01820000	0.02730000
0.02640000	0.02550000
0.01270000	0.03660000
0.00820000	0.05390000
0.00550000	0.03180000
0.00330000	0.02550000
0.00190000	0.02340000
0.00110000	0.02260000
0.00070000	0.02210000
0.00050000	0.02160000
0.00040000	0.02130000
0.00050000	0.05820000
0.02450000	0.03240000
0.01820000	0.03000000
0.00840000	0.02270000
0.00570000	0.04140000
0.00540000	0.02530000
0.00340000	0.02070000
0.00220000	0.01910000
0.00180000	0.01850000
0.00390000	0.02910000
0.00510000	0.05750000
0.00390000	0.02830000
0.00270000	0.02060000
0.00160000	0.01820000
0.00100000	0.01740000
0.00060000	0.01690000
0.00050000	0.01660000
0.00040000	0.01630000
0.00040000	0.02140000
0.00020000	0.01720000
0.00010000	0.01580000
0.00010000	0.04890000
0.00010000	0.02410000
0.00000000	0.01720000
0.00000000	0.01510000
0.00000000	0.01430000
0.00000000	0.01390000
0.00000000	0.01360000
0.00000000	0.01670000
0.00000000	0.02500000
0.00000000	0.01610000
0.00000000	0.01360000
0.00000000	0.03320000
0.00000000	0.01790000
0.00000000	0.01360000
0.00000000	0.01220000
0.00030000	0.08720000
0.00040000	0.09370000
0.00030000	0.03860000
0.00020000	0.02400000
0.00010000	0.01980000
0.00010000	0.01840000
0.00060000	0.04880000
0.00110000	0.17650000
0.00070000	0.06650000
0.00160000	0.03690000
0.00220000	0.02470000
0.00340000	0.02110000
0.02270000	0.65700000
1.79010000	13.71690000
0.12720000	3.79830000
0.04090000	1.08190000
0.17260000	1.01460000
0.15450000	0.30820000
0.10000000	0.11500000
0.29080000	0.99070000
1.09950000	1.38080000
1.68110000	0.43500000
11.17680000	37.81330000
7.32400000	11.24650000
0.90870000	3.11520000
0.27260000	0.89220000
0.13630000	0.28370000
0.08810000	0.11720000
0.06360000	0.05520000
0.04910000	0.05290000
0.03910000	0.05200000
0.03270000	0.06590000
0.02730000	0.06620000
0.02640000	0.06030000
0.02270000	0.05140000
0.01910000	0.04840000
0.01540000	0.04690000
0.01360000	0.04590000
0.01270000	0.04510000
0.01090000	0.04430000
0.00910000	0.04350000
0.00910000	0.04270000
0.00910000	0.04550000
0.01000000	0.04950000
0.11810000	0.07940000
2.44440000	10.59370000
0.83600000	2.93210000
0.27260000	0.83250000
0.13630000	0.25820000
0.08000000	0.10070000
0.05720000	0.05710000
0.03540000	0.04020000
0.03090000	0.03950000
0.02540000	0.03880000
0.02450000	0.05880000
0.02270000	0.05400000
0.02180000	0.04130000
0.02000000	0.03770000
0.01640000	0.05040000
0.01640000	0.03920000
0.01820000	0.03590000
0.01820000	0.04550000
0.01820000	0.03680000
0.01820000	0.03410000
0.01730000	0.03300000
0.01640000	0.03230000
0.01640000	0.03170000
0.01640000	0.03110000
0.01640000	0.03050000
0.01640000	0.03000000
0.02000000	0.05160000
0.02000000	0.03500000
0.02360000	0.03040000
0.02270000	0.03450000
0.02360000	0.02960000
0.24530000	0.02790000
9.06870000	8.37960000
1.69920000	2.31120000
0.48160000	0.65300000
0.24530000	0.19940000
0.17260000	0.07500000
12.53980000	2.23220000
6.76060000	6.31660000
1.13590000	2.47640000
0.40890000	0.69920000
0.22720000	0.21330000
0.16360000	0.08010000
5.68840000	2.31570000
5.25220000	3.54450000
3.02590000	2.41670000
1.02680000	1.00690000
0.30900000	0.32360000
0.19080000	0.11300000
0.12720000	0.05200000
0.10000000	0.03470000
0.10000000	0.03020000
0.09090000	0.02940000
0.09090000	0.02850000
0.09090000	0.02800000
0.09000000	0.02750000
0.08090000	0.02700000
0.07090000	0.02650000
0.06450000	0.02600000
0.06270000	0.02560000
0.06270000	0.02510000
0.05910000	0.02470000
0.05360000	0.02420000
0.05090000	0.02380000
0.04820000	0.02340000
0.04820000	0.02300000
0.04360000	0.02260000
0.04180000	0.02220000
0.04000000	0.02230000
0.04000000	0.02200000
0.04090000	0.02160000
0.03730000	0.02130000
0.03630000	0.02040000
0.03630000	0.02000000
0.03450000	0.01960000
0.03270000	0.01920000
0.03730000	0.01940000
0.04820000	0.01920000
0.04820000	0.01890000
0.04820000	0.01860000
0.04910000	0.04360000
0.41800000	0.41780000
1.74470000	0.18060000
0.59970000	0.06470000
0.25440000	0.03100000
0.18170000	0.02150000
0.14540000	0.01870000
0.13630000	0.01760000
0.10900000	0.01720000
0.10000000	0.01690000
0.09000000	0.01660000
0.06630000	0.01640000
0.05540000	0.01610000
0.05090000	0.01580000
0.05090000	0.01550000
0.05090000	0.01530000
0.07180000	0.01860000
0.59060000	0.63720000
1.29030000	0.43130000
3.66200000	0.14510000
3.45300000	0.05050000
1.69020000	0.02440000
0.56340000	0.01710000
0.33620000	0.01460000
0.24530000	0.01400000
0.19990000	0.01370000
0.16360000	0.01340000
0.11810000	0.01320000
0.10000000	0.01300000
0.08910000	0.01270000
0.08270000	0.01250000
0.07180000	0.01230000
0.06720000	0.01210000
0.06450000	0.01190000
0.06360000	0.01170000
0.05630000	0.01150000
0.04910000	0.01130000
0.04730000	0.01110000
0.04540000	0.01090000
0.04450000	0.01070000
0.04360000	0.01050000
0.04180000	0.01030000
0.04000000	0.01010000
0.03820000	0.00990000
0.03630000	0.00980000
0.03630000	0.01500000
0.04910000	0.03930000
0.73600000	3.69810000
0.44530000	1.01840000
0.20900000	0.28670000
0.12720000	0.08650000
0.10000000	0.03170000
0.08090000	0.01650000
0.06910000	0.01070000
0.06270000	0.01050000
0.05910000	0.01040000
0.05180000	0.01020000
0.04630000	0.01000000
0.04180000	0.00980000
0.04000000	0.00960000
0.03910000	0.00950000
0.03630000	0.01020000
0.03630000	0.00940000
0.03730000	0.00910000
0.18170000	0.05690000
0.65430000	1.59320000
0.28170000	0.44360000
0.16360000	0.13000000
0.11810000	0.04410000
0.09090000	0.02050000
0.94500000	0.09320000
1.06320000	0.27340000
0.37260000	0.08550000
0.23630000	0.03330000
1.56290000	0.01880000
8.38710000	4.58710000
1.10860000	1.26430000
0.38160000	0.35670000
0.23630000	0.10850000
0.17260000	0.04040000
0.12720000	0.02170000
0.10900000	0.01440000
0.09090000	0.01420000
0.08000000	0.01390000
0.07450000	0.01370000
0.06720000	0.01340000
0.06180000	0.01320000
0.05720000	0.01300000
0.05720000	0.02240000
0.05450000	0.01520000
5.80650000	2.94240000
6.72430000	7.60590000
1.43570000	2.09960000
0.51790000	0.58680000
0.27260000	0.17300000
0.18170000	0.05970000
0.12720000	0.02730000
0.09090000	0.01660000
0.08270000	0.01630000
0.07180000	0.01600000
0.06540000	0.01570000
0.06180000	0.01550000
0.05450000	0.01520000
0.04820000	0.01490000
0.04360000	0.01470000
0.03730000	0.01440000
0.03270000	0.01420000
0.02820000	0.01390000
0.02450000	0.01370000
0.02270000	0.01340000
0.02820000	0.07580000
0.03270000	0.06190000
0.04540000	0.02840000
0.03000000	0.01960000
0.02450000	0.01700000
0.02180000	0.01610000
0.02000000	0.01560000
0.01730000	0.01530000
0.01540000	0.01510000
0.01360000	0.01480000
0.01270000	0.01450000
0.01090000	0.01430000
0.01000000	0.01400000
0.00910000	0.01380000
0.00840000	0.01350000
0.00770000	0.03600000
0.12720000	0.10440000
0.16360000	0.04070000
0.05540000	0.05680000
0.06000000	0.05950000
0.05630000	0.02930000
0.03450000	0.02120000
0.02640000	0.04510000
0.02000000	0.03970000
0.01540000	0.02340000
0.01360000	0.01870000
0.01360000	0.03160000
0.01360000	0.02410000
0.01180000	0.01820000
0.00860000	0.01640000
0.01820000	0.01570000
1.09040000	0.57760000
0.27260000	0.17180000
0.07270000	0.06120000
0.04540000	0.03070000
0.03180000	0.02210000
0.01820000	0.01950000
0.00680000	0.01830000
0.00540000	0.01800000
0.00420000	0.01770000
0.00380000	0.03220000
0.00330000	0.02110000
0.00250000	0.01790000
0.00190000	0.01680000
0.00130000	0.01630000
0.00110000	0.01590000
0.00110000	0.01560000
0.03540000	0.01530000
0.26350000	0.10540000
0.28170000	0.10390000
0.07360000	0.04440000
0.02910000	0.04540000
0.01540000	0.02810000
0.01450000	0.02310000
0.00870000	0.04150000
0.00520000	0.02620000
0.00330000	0.02180000
0.04450000	0.02030000
0.02360000	0.01970000
0.02180000	0.04250000
0.00910000	0.02520000
0.00600000	0.02030000
0.00410000	0.01870000
0.00320000	0.04200000
1.97180000	0.05000000
8.71430000	6.05910000
0.77240000	1.68900000
0.22720000	0.48340000
0.09090000	0.15250000
0.05270000	0.06460000
0.06630000	0.03730000
0.36350000	4.79170000
0.28170000	1.33480000
0.10900000	0.39450000
0.07720000	0.13260000
0.05820000	0.06050000
0.02640000	0.04040000
0.01820000	0.03250000
0.01270000	0.03190000
0.01000000	0.03130000
0.00700000	0.03080000
0.00670000	0.03020000
0.00520000	0.02970000
0.00450000	0.02920000
0.00350000	0.02860000
0.00310000	0.02810000
0.00250000	0.02760000
0.00170000	0.02710000
0.00130000	0.02670000
0.00080000	0.02620000
0.00060000	0.02570000
0.00050000	0.02530000
0.00030000	0.02480000
0.00030000	0.05040000
0.00030000	0.03110000
0.00030000	0.02550000
0.00030000	0.02360000
0.00020000	0.02280000
0.00020000	0.05840000
0.00020000	0.03180000
0.00010000	0.02440000
0.00000000	0.02210000
1.50840000	1.43710000
1.22670000	0.49200000
0.73600000	0.22490000
0.22720000	0.08620000
0.08630000	0.07790000
0.04540000	0.04570000
0.02730000	0.04460000
0.01820000	0.03600000
0.01730000	0.10400000
0.01270000	0.05310000
0.00840000	0.03930000
0.00700000	0.03510000
0.00590000	0.03610000
0.00550000	0.04390000
0.00460000	0.04590000
0.00450000	0.04890000
0.00380000	0.03560000
0.00260000	0.03160000
0.00170000	0.03010000
0.00100000	0.02930000
0.00070000	0.02870000
0.00050000	0.02820000
0.00040000	0.02770000
0.00030000	0.02720000
0.00030000	0.02670000
0.00030000	0.04940000
0.00030000	0.04260000
0.00030000	0.02990000
0.00030000	0.02610000
0.00030000	0.02480000
0.00030000	0.02410000
0.00030000	0.02360000
0.00330000	0.02320000
0.02270000	0.09810000
0.01090000	0.06890000
0.00700000	0.04780000
0.00520000	0.03210000
0.00390000	0.02740000
0.00270000	0.02580000
0.00170000	0.02510000
0.00130000	0.02450000
0.00090000	0.02410000
0.00050000	0.02370000
0.00040000	0.02320000
0.00040000	0.02280000
0.00040000	0.02240000
0.00060000	0.02200000
0.00140000	0.05320000
0.00140000	0.02990000
0.00070000	0.02320000
0.00050000	0.02120000
0.00040000	0.02030000
0.00030000	0.01980000
0.00030000	0.01940000
0.00020000	0.01910000
0.00020000	0.01880000
0.00020000	0.01840000
0.00010000	0.01810000
0.00010000	0.02490000
0.00010000	0.01940000
0.00010000	0.01770000
0.00010000	0.01700000
0.00010000	0.01660000
0.00010000	0.01630000
0.00000000	0.01600000
0.00000000	0.03130000
0.00000000	0.01970000
0.00000000	0.01630000
0.00000000	0.03540000
0.00000000	0.02020000
0.00000000	0.01590000
0.00020000	0.01450000
0.00030000	0.04040000
0.00030000	0.02090000
0.00030000	0.05570000
0.00030000	0.02620000
0.00030000	0.01890000
0.00030000	0.01670000
0.00030000	0.01580000
0.00030000	0.01540000
0.00040000	0.04450000
0.00040000	0.02290000
0.00040000	0.01730000
0.00040000	0.01560000
0.00040000	0.01500000
0.00050000	0.01460000
0.00110000	0.02760000
0.00110000	0.01990000
0.00110000	0.01870000
0.00110000	0.01490000
0.00110000	0.01370000
0.00110000	0.01320000
0.00110000	0.01290000
0.00090000	0.01260000
0.00080000	0.01240000
0.00130000	0.04450000
0.00350000	0.06110000
0.00380000	0.02740000
0.00380000	0.01880000
0.00350000	0.01620000
0.00250000	0.01530000
0.00220000	0.01490000
0.00190000	0.02030000
0.00430000	0.02530000
0.01270000	1.23500000
0.01090000	0.36200000
0.00910000	0.13950000
0.02730000	0.10590000
0.10000000	0.06840000
0.10900000	0.04200000
0.07540000	0.03070000
0.04540000	0.02790000
0.02820000	0.02680000
0.01730000	0.02610000
0.01270000	0.02560000
0.00850000	0.02680000
0.00650000	0.20240000
0.00640000	0.07670000
0.00640000	0.04420000
0.00600000	0.03010000
0.00510000	0.02610000
0.00410000	0.02470000
0.00380000	0.02390000
0.00410000	1.39250000
0.01180000	0.40080000
0.01270000	0.13040000
0.01000000	0.05610000
0.00820000	0.03550000
0.29080000	0.10130000
4.11630000	5.95350000
3.00770000	1.66260000
1.28120000	0.50100000
1.11770000	0.17340000
1.22670000	0.07360000
0.99960000	0.06050000
0.34530000	0.04020000
11.63110000	9.62690000
11.90370000	2.66070000
0.96320000	0.75540000
0.30900000	0.23410000
0.21810000	0.09110000
0.14540000	0.05150000
0.10900000	0.03620000
0.08810000	0.03560000
0.07090000	0.03500000
0.03090000	0.03440000
0.01820000	0.03380000
0.03000000	0.03320000
0.01640000	0.03260000
0.02180000	0.03180000
0.01270000	0.03100000
0.02270000	0.03040000
0.02540000	0.02970000
0.02180000	0.02920000
0.02360000	0.02860000
0.02360000	0.02810000
0.02450000	0.36790000
0.19080000	1.46280000
0.33620000	1.17400000
5.23400000	1.23960000
4.23450000	2.39120000
0.67240000	0.70670000
0.27260000	0.21750000
0.17260000	0.08170000
0.12720000	0.04450000
0.07000000	0.03380000
0.03450000	0.03010000
0.05180000	0.02950000
0.04910000	0.02890000
0.04820000	0.02840000
0.05540000	0.02790000
6.79700000	1.88360000
4.09820000	7.12780000
0.44530000	2.44000000
0.26350000	0.73200000
0.15450000	0.22520000
0.01540000	0.08220000
0.02640000	0.04200000
0.07180000	0.02870000
0.06910000	0.02730000
0.06540000	0.02670000
0.06450000	0.02620000
0.01360000	0.02580000
0.02090000	0.02540000
0.05270000	0.02490000
0.05630000	0.02450000
0.08450000	0.02410000
0.11810000	0.02370000
0.40890000	0.03140000
0.64520000	0.02660000
6.89690000	0.19120000
6.37900000	1.29300000
1.81740000	0.58840000
2.26260000	1.36440000
2.67150000	0.97640000
0.57250000	0.34830000
0.29080000	0.11830000
0.20900000	0.04750000
0.19080000	0.02830000
0.19990000	0.02230000
0.19080000	0.02070000
0.16360000	0.02020000
0.14540000	0.04750000
0.30900000	3.01630000
0.64520000	1.33000000
1.12680000	0.42600000
1.50840000	0.14960000
1.01770000	0.12310000
0.42710000	0.05400000
0.25440000	0.02740000
0.18170000	0.02090000
0.13630000	0.01910000
0.59060000	0.01840000
0.28170000	0.01790000
0.16360000	0.01760000
0.10900000	0.01730000
0.09090000	0.01700000
0.08630000	0.01670000
0.08540000	0.02730000
0.08540000	0.01910000
0.08540000	0.01660000
0.08090000	0.01570000
0.07180000	0.01530000
0.06450000	0.01500000
0.06360000	0.01470000
0.23630000	0.04480000
0.18170000	0.03290000
0.11810000	0.01900000
0.09090000	0.04980000
6.42440000	10.74140000
4.93410000	6.41630000
0.83600000	1.76610000
0.36350000	0.50020000
1.24490000	0.54090000
2.99870000	1.23070000
0.91780000	0.34540000
0.33620000	0.10690000
2.47160000	1.86950000
0.79060000	0.60790000
0.26350000	0.18320000
0.17260000	0.06380000
0.11810000	0.03140000
0.10900000	0.02240000
0.09090000	0.01880000
0.08180000	0.01830000
0.07090000	0.01800000
0.06360000	0.01770000
0.05360000	0.01740000
0.04910000	0.01710000
0.04730000	0.01680000
0.04360000	0.01650000
0.03910000	0.01620000
0.03540000	0.01590000
0.03360000	0.01560000
0.03180000	0.01530000
0.03000000	0.01510000
0.02820000	0.01480000
0.02730000	0.01450000
0.02450000	0.01430000
0.02180000	0.01400000
0.02000000	0.01380000
0.02000000	0.01350000
0.01820000	0.01330000
0.01730000	0.01310000
0.01540000	0.01280000
0.01540000	0.02660000
0.01540000	0.01620000
0.01360000	0.01320000
0.01180000	0.01220000
0.01270000	0.01180000
0.02000000	0.06960000
0.02000000	0.02800000
0.02000000	0.01700000
0.02270000	0.01380000
0.01730000	0.01280000
0.01270000	0.01240000
0.01000000	0.01210000
0.01000000	0.03000000
0.00840000	0.01660000
0.00750000	0.01280000
0.00620000	0.01160000
0.00560000	0.01120000
0.00490000	0.01090000
0.00490000	0.03650000
0.00910000	0.28900000
0.01270000	0.12930000
0.01270000	0.04480000
0.01000000	0.02200000
0.00710000	0.01560000
0.00560000	0.01370000
0.00460000	0.01290000
0.00360000	0.01260000
0.00340000	0.01240000
0.00210000	0.01210000
0.00160000	0.01190000
0.00120000	0.01170000
0.00070000	0.01150000
0.00050000	0.01130000
0.00040000	0.01110000
0.00030000	0.01090000
0.00040000	0.01070000
0.00050000	0.02940000
0.00040000	0.01550000
0.00040000	0.01160000
0.00030000	0.01040000
0.00020000	0.00990000
0.00020000	0.00970000
0.00020000	0.00950000
0.00010000	0.00930000
0.00010000	0.00910000
0.00000000	0.00900000
0.00000000	0.00880000
0.00000000	0.00870000
0.00000000	0.00850000
0.00000000	0.00840000
0.00000000	0.00820000
0.00000000	0.00810000
0.00000000	0.00790000
0.00000000	0.00780000
0.00000000	0.00760000
0.00000000	0.00750000
0.00020000	0.48590000
0.00010000	0.18730000
0.00000000	0.06080000
0.00000000	0.02650000
0.00000000	0.01700000
0.00000000	0.01420000
0.00000000	0.01310000
0.00000000	0.01280000
0.00000000	0.01260000
0.00000000	0.01240000
0.00000000	0.01210000
0.00000000	0.01190000
0.00000000	0.01170000
0.00000000	0.01150000
0.00000000	0.01130000
0.00000000	0.01110000
0.00000000	0.01090000
0.00000000	0.01070000
0.00000000	0.01050000
0.36350000	0.08710000
0.21810000	0.05060000
0.08090000	0.02350000
0.04450000	0.01620000
0.02360000	0.01400000
0.01820000	0.01330000
0.01180000	0.01290000
0.00790000	0.01260000
0.00370000	0.01240000
0.00130000	0.01220000
0.00040000	0.01200000
0.00030000	0.01180000
0.00020000	0.01500000
0.00000000	0.01230000
0.00000000	0.01140000
0.00000000	0.01100000
0.00000000	0.01080000
0.00000000	0.01060000
0.00800000	0.01040000
0.00190000	0.07040000
0.00050000	0.02730000
0.00030000	0.01590000
1.83550000	0.04290000
6.68790000	1.56740000
0.66330000	0.45820000
0.15450000	0.13970000
0.08810000	0.05280000
0.05270000	0.02870000
0.05090000	0.02190000
0.03450000	0.01910000
0.02000000	0.01880000
0.01090000	0.01850000
0.00730000	0.01810000
0.00550000	0.01780000
0.00390000	0.01750000
0.81780000	0.01720000
0.86320000	2.24290000
0.19080000	0.63210000
0.08270000	0.19210000
0.04090000	0.07150000
0.03090000	0.04250000
0.02180000	0.05180000
0.01450000	0.03120000
0.00910000	0.02620000
0.00650000	0.02450000
0.00400000	0.02370000
0.00270000	0.02320000
0.00200000	0.02280000
0.00140000	0.02240000
0.00070000	0.02200000
0.00050000	0.02160000
0.00040000	0.02120000
0.00030000	0.02080000
0.00030000	0.02050000
0.00020000	0.02010000
0.00020000	0.01970000
0.00010000	0.01940000
0.00000000	0.01910000
0.00000000	0.01870000
0.00010000	0.01840000
0.00020000	0.04720000
0.00010000	0.02970000
0.00020000	0.02240000
0.00010000	0.06130000
0.00000000	0.02970000
0.00000000	0.02130000
0.00000000	0.01880000
0.00000000	0.01780000
0.00000000	0.01740000
0.00000000	0.01700000
0.00000000	0.01670000
0.00000000	0.01640000
0.00000000	0.01610000
0.00000000	0.01580000
0.00000000	0.04330000
0.00000000	0.04730000
0.00000000	0.03780000
0.00000000	0.02200000
0.00000000	0.01760000
0.00000000	0.01620000
0.00000000	0.01560000
0.00000000	0.01530000
0.00000000	0.01500000
0.00000000	0.01470000
0.00000000	0.01440000
0.00000000	0.01420000
0.00000000	0.01390000
0.00000000	0.01370000
0.00000000	0.01350000
0.00000000	0.01690000
0.00000000	0.01400000
0.00000000	0.01300000
0.00000000	0.01260000
0.00000000	0.01230000
0.00000000	0.02490000
0.00000000	0.02990000
0.00000000	0.01660000
0.00000000	0.04040000
0.00000000	0.01920000
0.00000000	0.01410000
0.00000000	0.01250000
0.00000000	0.01690000
0.00000000	0.01300000
0.00000000	0.01170000
0.00000000	0.01130000
0.00000000	0.01100000
0.00000000	0.01080000
0.00000000	0.01060000
0.00000000	0.01040000
0.00000000	0.01020000
0.00000000	0.01070000
0.00000000	0.02100000
0.00000000	0.01270000
0.00000000	0.01030000
0.00000000	0.01180000
0.00000000	1.23640000
0.00000000	0.34750000
0.00550000	0.17260000
0.00040000	0.08010000
0.00020000	0.03620000
0.00200000	0.02450000
0.01000000	0.08720000
0.00320000	0.04060000
0.00550000	0.02840000
0.00720000	0.06100000
0.00710000	0.07960000
0.00610000	0.04200000
0.00350000	0.03200000
0.00240000	0.02890000
0.00280000	0.02770000
0.00640000	0.02700000
0.05270000	0.08330000
0.07720000	0.05840000
0.06270000	0.03760000
0.05000000	0.03190000
0.04360000	0.02990000
0.03270000	0.02900000
0.02450000	0.02840000
0.01910000	0.02780000
0.01450000	0.02730000
0.01270000	0.02690000
0.01090000	0.02640000
0.01000000	0.02590000
0.00850000	0.02550000
0.00750000	0.02500000
0.00670000	0.02460000
0.00610000	0.02410000
0.00520000	0.02370000
0.00510000	0.02330000
0.00550000	0.02290000
0.00500000	0.02250000
0.00340000	0.02210000
0.00320000	0.02170000
0.00320000	0.02130000
0.00360000	0.02090000
0.00450000	0.03360000
0.00390000	0.02380000
0.02730000	0.05460000
0.34530000	0.13150000
0.22720000	0.06110000
0.09090000	0.03680000
0.06820000	0.07270000
0.69060000	0.09390000
0.91780000	0.05020000
0.26350000	0.03860000
0.15450000	0.03510000
0.06820000	0.03370000
0.04630000	0.03280000
0.03540000	0.03220000
0.02820000	0.03160000
0.02450000	0.03110000
0.66330000	0.04040000
2.32620000	0.08280000
0.59970000	0.04550000
0.22720000	0.03590000
0.13630000	0.03290000
0.07450000	0.03160000
0.05180000	0.03090000
0.04090000	0.03030000
0.03000000	0.02980000
0.02450000	0.02920000
0.02270000	0.02930000
0.01910000	0.02920000
0.01730000	0.02800000
0.01540000	0.02730000
0.01450000	0.02670000
0.01360000	0.02630000
0.01270000	0.02580000
0.01180000	0.02530000
0.01090000	0.02490000
0.01000000	0.02440000
0.01270000	0.02400000
0.02090000	0.05820000
0.02000000	0.03260000
0.01640000	0.02600000
0.01540000	0.03490000
0.01540000	0.02600000
0.01540000	0.02340000
0.01360000	0.02240000
0.01360000	0.02240000
0.01000000	0.02190000
0.00550000	0.02170000
0.00590000	0.02140000
0.00850000	0.02110000
0.00650000	0.02070000
0.00760000	0.02040000
0.00390000	0.02000000
0.00640000	0.01970000
0.00640000	0.01930000
0.00640000	0.01900000
0.00910000	0.01870000
0.01090000	0.01840000
0.01450000	0.01810000
0.01540000	0.01780000
0.01450000	0.01740000
0.01540000	0.01720000
0.01540000	0.01690000
0.02000000	0.01660000
0.02640000	0.01630000
0.03090000	0.01600000
0.01820000	0.01580000
0.02000000	0.01550000
0.01910000	0.01520000
0.06360000	0.03570000
0.14540000	0.02240000
0.18170000	0.01670000
0.19080000	0.01480000
0.10900000	0.01420000
0.22720000	0.03570000
1.00860000	0.05250000
0.45430000	0.02440000
0.21810000	0.01800000
0.12720000	0.01600000
0.05720000	0.01520000
0.04270000	0.01500000
0.04270000	0.01540000
0.07540000	0.01400000
0.10000000	0.01350000
0.09090000	0.01320000
0.06720000	0.01290000
0.05360000	0.01270000
0.03820000	0.01250000
0.03180000	0.01220000
0.02730000	0.01200000
0.03090000	0.01180000
0.11810000	0.06310000
0.57250000	0.02660000
0.24530000	0.01860000
0.11810000	0.01420000
0.08180000	0.01280000
0.07000000	0.01220000
0.05910000	0.01190000
0.04820000	0.01170000
0.07910000	0.04640000
0.08450000	0.02080000
0.06820000	0.01390000
0.06540000	0.01180000
0.05270000	0.01110000
0.52700000	0.03750000
2.40800000	0.08360000
1.75380000	0.07400000
0.41800000	0.03250000
0.27260000	0.02170000
0.34530000	0.02680000
0.21810000	0.02940000
0.14540000	0.02020000
0.10900000	0.01740000
0.08630000	0.01650000
0.07000000	0.01600000
0.05720000	0.01570000
0.04820000	0.01540000
0.04450000	0.02860000
0.03910000	0.01850000
0.03270000	0.01560000
0.03000000	0.01820000
0.02820000	0.01530000
0.02450000	0.01420000
0.02090000	0.01370000
0.01910000	0.01340000
0.01730000	0.01310000
0.01450000	0.01290000
0.01270000	0.01260000
0.01180000	0.01240000
0.01180000	0.01810000
0.01090000	0.01360000
0.00910000	0.01220000
0.00740000	0.01170000
0.00700000	0.01140000
0.00740000	0.01120000
0.00790000	0.01100000
0.00890000	0.01080000
0.01000000	0.02650000
0.01090000	0.01470000
0.00910000	0.01140000
0.00740000	0.01040000
0.00810000	0.05110000
0.01640000	0.02100000
0.02360000	0.01310000
0.02730000	0.01080000
0.02730000	0.01010000
0.02820000	0.01070000
0.02270000	0.00980000
0.02270000	0.00940000
0.02180000	0.00920000
0.02640000	0.00900000
0.03090000	0.04980000
0.03450000	0.02290000
0.02270000	0.01290000
0.01730000	0.03860000
0.01540000	0.92000000
0.01360000	0.26080000
3.28940000	0.12240000
2.35350000	0.17370000
0.23630000	0.06340000
12.63070000	0.07140000
34.53000000	3.39140000
1.19950000	0.94810000
0.29080000	0.28040000
0.15450000	0.09740000
0.10000000	0.05200000
1.36300000	0.08380000
0.29080000	0.04190000
0.11810000	0.03190000
0.07450000	0.02880000
0.05270000	0.02760000
0.04090000	0.02700000
0.03270000	0.02640000
0.02640000	0.02600000
0.02730000	0.07070000
0.64520000	0.08160000
0.28170000	0.05410000
0.10900000	0.03470000
0.06540000	0.02900000
0.04540000	0.02710000
0.03090000	0.02630000
0.02910000	0.05500000
0.02450000	0.03320000
0.01820000	0.02700000
0.01450000	0.02490000
0.01270000	0.02410000
0.01090000	0.02350000
0.01000000	0.02310000
0.00820000	0.02260000
0.00690000	0.02220000
3.20770000	0.11310000
0.33620000	0.04910000
0.10900000	0.03180000
0.05720000	0.02670000
0.03540000	0.02500000
0.02270000	0.02420000
0.01540000	0.02360000
0.01180000	0.02320000
0.00870000	0.02280000
0.00630000	0.02240000
0.00480000	0.02200000
0.00390000	0.02160000
0.00320000	0.02120000
0.00280000	0.02090000
0.00200000	0.02050000
0.00140000	0.02010000
0.00130000	0.01980000
0.00090000	0.01940000
0.00050000	0.01910000
0.00050000	0.03350000
0.00040000	0.02250000
0.00330000	0.01920000
0.00450000	0.05780000
0.00300000	0.05480000
0.00260000	0.04320000
0.00320000	0.04480000
0.00300000	0.02540000
0.00220000	0.05070000
0.02270000	0.03170000
0.08450000	0.02170000
0.03270000	0.01870000
0.01450000	0.01760000
0.00870000	0.05420000
0.00850000	1.05730000
0.00620000	0.30460000
0.00380000	0.09870000
0.00250000	0.04220000
0.00140000	0.02650000
0.00100000	0.02190000
0.00060000	0.02000000
0.00040000	0.01960000
0.00030000	0.01930000
0.00020000	0.01890000
0.00020000	0.01860000
0.00010000	0.01830000
0.00000000	0.01790000
0.00000000	0.01760000
0.00000000	0.01730000
0.00000000	0.01700000
0.00000000	0.04690000
0.01000000	0.05590000
0.00130000	0.02690000
0.00050000	0.01940000
0.00040000	0.01710000
0.00040000	0.03950000
0.00600000	0.08500000
0.34530000	0.08980000
0.61790000	0.05520000
0.10900000	0.04990000
0.05090000	0.03760000
0.02730000	0.04820000
0.01640000	0.08030000
0.06000000	0.09920000
0.21810000	0.12810000
0.27260000	0.05900000
0.09090000	0.06540000
0.04730000	0.04130000
0.08450000	0.03450000
0.08270000	0.03220000
0.04270000	0.03120000
0.02270000	0.03210000
0.01640000	0.04970000
0.01270000	0.04910000
0.01540000	0.09720000
1.29030000	2.07980000
0.57250000	0.59850000
0.14540000	0.19250000
0.07000000	0.08110000
0.04090000	0.06500000
0.03090000	0.07060000
0.02090000	0.04530000
0.01450000	0.03940000
0.01000000	0.03730000
0.00580000	0.03620000
0.01450000	0.03550000
0.00850000	0.03480000
0.00550000	0.03420000
0.00420000	0.03360000
0.00350000	0.03300000
0.00210000	0.03240000
0.00150000	0.03180000
0.00130000	0.03130000
0.00090000	0.03070000
0.00050000	0.03020000
0.00040000	0.02960000
0.00040000	0.02910000
0.00040000	0.02860000
0.00030000	0.02810000
0.00030000	0.02760000
0.00020000	0.02710000
0.00020000	0.03810000
0.00020000	0.02950000
0.00020000	0.02660000
0.00020000	0.02550000
0.00020000	0.02490000
0.00010000	0.02440000
0.00010000	0.02390000
0.00010000	0.02350000
0.00010000	0.02310000
0.00000000	0.02270000
0.00000000	0.02230000
0.00020000	0.02310000
0.00050000	0.07600000
0.00050000	0.03670000
0.00040000	0.02640000
0.00030000	0.02320000
0.00030000	0.02210000
0.00030000	0.02150000
0.00030000	0.02110000
0.00030000	0.02070000
0.00020000	0.02030000
0.00020000	0.02000000
0.00020000	0.01960000
0.00020000	0.01930000
0.00020000	0.01890000
0.00020000	0.01860000
0.00020000	0.01830000
0.00020000	0.01790000
0.00020000	0.01760000
0.00020000	0.01730000
0.00020000	0.01700000
0.00020000	0.01670000
0.00020000	0.01640000
0.00030000	0.02260000
0.00030000	0.01760000
0.00030000	0.01600000
0.00030000	0.01540000
0.00030000	0.01500000
0.00040000	0.01480000
0.00040000	0.01450000
0.00050000	0.03730000
0.00060000	0.03900000
0.00060000	0.02060000
0.00060000	0.01590000
0.00060000	0.01440000
0.00060000	0.01390000
0.00060000	0.01350000
0.00060000	0.01320000
0.00060000	0.01300000
0.00060000	0.01280000
0.00050000	0.01260000
0.00050000	0.01230000
0.00060000	0.01210000
0.00060000	0.01190000
0.00060000	0.01170000
0.00050000	0.01150000
0.00050000	0.01130000
0.00060000	0.01110000
0.00070000	0.01090000
0.00060000	0.01070000
0.00060000	0.01050000
0.00060000	0.01030000
0.00090000	0.02100000
0.00100000	0.01290000
0.00090000	0.01060000
0.00080000	0.00980000
0.00080000	0.00950000
0.00090000	0.00980000
0.00070000	0.00980000
0.00070000	0.00960000
0.00110000	0.00930000
0.00070000	0.00930000
0.00080000	0.00920000
0.00080000	0.00910000
0.00080000	0.00890000
0.00090000	0.00880000
0.00080000	0.00870000
0.00070000	0.00850000
0.00060000	0.00840000
0.00050000	0.00820000
0.00050000	0.00810000
0.00060000	0.00790000
0.00050000	0.00780000
0.00060000	0.00770000
0.00060000	0.01500000
0.00090000	0.04450000
0.00230000	0.02070000
0.00300000	0.01190000
0.00180000	0.00940000
0.00140000	0.00860000
0.00130000	0.00830000
0.00510000	0.04720000
0.00310000	0.01960000
0.00170000	0.01290000
0.00150000	0.01090000
0.00130000	0.01030000
0.00130000	0.01000000
0.00110000	0.00970000
0.00120000	0.00960000
0.00100000	0.00940000
0.00080000	0.00920000
0.00080000	0.00910000
0.00090000	0.00890000
0.00090000	0.00870000
0.00640000	0.03960000
0.01180000	0.05220000
0.00870000	0.02230000
0.00910000	0.04500000
0.00780000	0.02150000
0.00660000	0.01580000
0.00670000	0.01400000
0.00680000	0.01340000
0.00850000	0.04070000
0.00850000	0.02030000
0.00830000	0.01560000
0.00750000	0.01410000
0.00690000	0.01350000
0.00660000	0.01320000
0.00630000	0.01290000
0.01640000	0.03870000
0.02540000	0.05920000
0.02820000	0.02760000
0.02090000	0.30590000
0.02820000	0.09500000
0.03000000	0.03800000
0.02730000	0.02760000
0.02090000	0.01920000
0.01640000	0.01670000
0.01450000	0.01570000
0.01270000	0.01530000
0.01090000	0.01500000
0.01000000	0.01480000
0.01090000	0.04510000
0.11810000	0.02320000
0.94500000	0.01740000
0.28170000	0.01570000
0.14540000	0.01500000
0.11810000	0.02150000
0.06630000	0.01770000
0.03910000	0.02740000
8.12360000	10.75430000
5.36120000	6.94430000
1.15400000	1.91600000
0.28170000	0.54210000
0.10900000	0.16620000
0.10900000	0.07490000
0.09090000	0.03340000
0.07910000	0.02460000
0.07630000	0.02350000
0.05820000	0.02290000
0.04270000	0.02250000
0.03540000	0.02210000
0.03540000	0.03390000
0.03450000	0.04190000
1.06320000	0.35630000
0.79960000	0.11450000
0.26350000	0.04880000
0.16360000	0.04110000
0.15450000	0.03800000
0.12720000	0.02690000
13.53940000	5.93260000
23.53490000	23.47890000
1.56290000	6.43800000
0.39070000	1.78040000
0.23630000	0.50690000
0.16360000	0.15840000
0.11810000	0.06040000
0.10000000	0.02660000
0.10000000	0.04040000
0.08450000	0.02950000
0.09090000	0.02680000
0.10900000	0.02570000
0.22720000	0.02510000
0.31800000	0.04390000
0.20900000	0.05160000
0.19080000	0.04360000
0.22720000	0.03350000
0.18170000	0.02600000
0.14540000	0.03130000
0.10900000	0.02480000
0.09090000	0.02280000
0.07720000	0.02190000
0.06540000	0.02140000
0.05720000	0.02100000
0.04630000	0.02060000
0.04090000	0.02030000
0.03730000	0.02410000
0.03820000	0.03200000
0.03730000	0.02260000
0.03450000	0.01980000
0.08630000	0.03960000
0.30900000	1.22780000
0.30900000	0.36720000
0.19990000	0.11680000
0.13630000	0.05000000
0.10000000	0.02920000
0.07000000	0.02320000
0.06540000	0.03710000
0.06000000	0.02840000
0.05540000	0.02220000
0.04820000	0.02030000
0.04180000	0.01950000
0.03450000	0.01900000
0.03180000	0.01870000
0.02730000	0.01830000
0.02540000	0.06460000
0.02540000	0.03040000
0.02270000	0.02150000
0.02090000	0.01880000
0.01910000	0.01790000
0.01910000	0.05070000
4.08910000	4.68000000
5.17950000	1.29500000
0.95410000	0.37870000
0.50890000	0.11940000
0.07270000	0.04830000
0.04540000	0.02860000
0.03820000	0.04840000
0.04910000	0.02810000
2.39890000	1.96420000
1.39030000	0.57280000
0.36350000	0.19840000
14.99330000	6.47590000
32.07650000	37.77420000
10.72250000	11.18340000
1.13590000	3.08000000
0.48160000	0.86820000
0.33620000	0.28300000
0.25440000	0.09780000
0.16360000	0.03450000
0.11810000	0.03140000
0.09090000	0.03050000
0.08090000	0.07350000
0.10900000	0.54850000
0.11810000	0.17230000
0.09090000	0.06970000
0.06820000	0.04120000
0.05270000	0.03300000
0.04450000	0.03040000
0.03270000	0.02910000
0.02450000	0.02860000
0.02000000	0.02810000
0.02000000	0.02760000
0.01640000	0.02710000
0.02730000	0.61560000
14.53890000	6.73020000
7.13320000	18.02800000
1.09950000	4.95880000
0.15450000	1.38060000
0.09090000	0.40200000
0.05000000	0.13390000
0.02540000	0.05770000
0.01450000	0.07650000
0.02910000	0.05850000
0.01540000	0.03920000
0.01000000	0.03360000
0.00490000	0.03170000
0.00160000	0.03100000
0.00250000	0.06250000
0.06360000	0.04330000
0.01640000	0.04710000
0.00630000	0.06030000
0.00460000	0.03670000
0.00150000	0.04900000
0.00090000	0.03310000
0.00050000	0.02840000
0.00030000	0.02680000
0.00030000	0.02600000
0.00030000	0.02540000
0.00020000	0.03990000
0.00020000	0.02860000
0.00020000	0.02520000
0.00010000	0.02400000
0.00000000	0.02330000
0.00000000	0.02290000
0.00000000	0.02240000
0.00000000	0.02200000
0.00000000	0.02160000
0.00000000	0.07800000
4.53430000	5.18030000
1.86280000	1.49760000
0.45430000	0.44940000
0.19990000	0.16670000
0.16360000	0.07040000
0.67240000	0.04400000
0.19080000	0.03430000
0.07720000	0.03330000
0.03630000	0.03260000
0.03730000	0.03200000
1.07220000	0.07950000
0.18170000	0.10020000
0.15450000	0.05170000
0.09090000	0.03850000
0.04090000	0.03450000
0.02360000	0.03300000
0.01820000	0.07370000
0.01450000	0.05040000
0.01090000	0.04270000
0.00900000	0.03400000
0.00640000	0.03120000
0.00550000	0.03010000
0.00460000	0.02940000
0.00450000	0.02880000
0.05630000	1.11590000
0.19990000	0.32910000
0.07910000	0.11420000
0.03090000	0.05500000
0.01730000	0.03840000
0.01090000	0.03350000
0.00750000	0.03130000
0.00570000	0.03070000
0.00470000	0.03020000
0.00480000	0.06060000
0.00390000	0.03760000
0.00240000	0.03090000
0.02450000	0.06360000
0.01000000	0.09970000
0.00500000	0.04950000
0.00340000	0.03590000
0.00220000	0.07250000
0.00220000	0.04280000
0.00190000	0.03350000
0.00160000	0.03050000
0.00130000	0.02940000
0.00110000	0.02870000
0.00090000	0.02810000
0.00090000	0.02760000
0.00120000	0.02710000
0.00100000	0.02660000
0.00100000	0.02620000
0.00080000	0.02570000
0.00060000	0.02520000
0.00050000	0.02480000
0.00050000	0.02440000
0.00050000	0.02390000
0.00040000	0.02350000
0.00040000	0.02310000
0.00030000	0.02270000
0.00030000	0.02250000
0.00020000	0.02190000
0.00020000	0.02150000
0.00010000	0.02110000
0.00010000	0.02070000
0.00000000	0.02040000
0.00000000	0.02000000
0.00000000	0.01970000
0.00000000	0.01930000
0.00000000	0.01900000
0.00010000	0.05710000
0.00020000	0.40720000
0.00030000	0.12660000
0.00840000	0.07570000
0.00570000	0.04320000
0.00250000	0.02780000
0.00140000	0.02330000
0.00120000	0.02160000
0.00100000	0.02100000
0.00080000	0.02060000
0.00090000	0.05230000
0.00070000	0.02860000
0.00060000	0.02590000
0.00050000	0.02090000
0.00050000	0.01930000
0.00080000	0.03610000
0.00110000	0.09620000
0.00080000	0.04190000
0.00070000	0.02750000
0.00180000	0.06950000
0.00240000	0.05600000
0.00550000	0.08940000
0.00620000	0.09270000
0.00390000	0.04770000
0.00250000	0.03570000
0.00300000	0.03200000
0.00390000	0.03060000
0.00300000	0.02980000
0.00240000	0.02920000
0.00260000	0.02900000
0.00340000	0.06490000
0.00240000	0.03780000
0.00190000	0.03050000
0.00190000	0.02810000
0.00160000	0.02710000
0.00150000	0.02650000
0.00130000	0.02600000
0.00130000	0.02550000
0.00130000	0.02510000
0.00130000	0.02460000
0.00120000	0.02420000
0.00100000	0.02380000
0.00070000	0.02330000
0.00100000	0.02290000
0.00100000	0.02250000
0.00100000	0.02210000
0.00090000	0.02170000
0.00380000	0.05250000
0.00800000	0.12570000
0.00640000	0.06120000
0.00440000	0.03710000
0.00300000	0.03030000
0.00240000	0.02950000
0.00210000	0.02750000
0.00180000	0.02650000
0.00170000	0.02600000
0.00120000	0.02550000
0.00050000	0.02500000
0.00060000	0.02460000
0.00030000	0.02420000
0.00020000	0.02370000
0.00010000	0.02330000
0.00010000	0.02290000
0.00010000	0.02250000
0.00020000	0.03920000
0.00020000	0.04430000
0.00010000	0.02750000
0.00010000	0.02300000
0.00010000	0.02150000
0.00010000	0.02090000
0.33620000	0.04200000
0.40890000	1.66020000
0.14540000	0.47300000
0.07540000	0.14910000
0.03910000	0.06020000
0.29080000	0.03550000
7.95100000	11.54940000
0.89050000	3.17810000
0.26350000	0.89110000
0.11810000	0.26560000
0.08270000	0.09420000
0.05720000	0.04700000
0.04000000	0.02890000
0.03180000	0.02840000
0.02540000	0.02790000
0.02090000	0.02740000
0.01910000	0.02690000
0.01820000	0.02640000
0.01730000	0.04400000
0.01640000	0.03040000
0.01640000	0.04160000
0.01730000	0.04240000
0.01730000	0.03010000
0.01540000	0.02680000
0.01450000	0.02560000
0.00250000	0.02490000
0.00380000	0.02500000
0.00450000	0.02470000
0.00730000	0.02410000
0.00690000	0.02330000
0.00570000	0.02280000
0.00630000	0.02290000
2.22630000	7.77410000
1.19950000	2.14330000
0.92690000	0.60490000
0.23630000	0.18400000
0.10000000	0.06860000
0.03820000	0.03680000
0.02540000	0.02450000
0.03820000	0.02410000
0.03450000	0.02370000
0.02640000	0.02330000
0.02360000	0.02290000
0.02270000	0.02250000
0.02090000	0.02210000
0.02360000	0.02170000
0.02450000	0.02140000
0.02360000	0.02100000
0.07450000	0.02060000
0.69970000	0.05990000
1.60840000	0.05350000
0.84510000	0.03130000
0.37260000	0.02500000
1.32670000	0.02530000
3.22580000	0.02850000
0.03730000	0.02300000
0.26350000	0.02140000
0.17260000	0.02060000
0.16360000	0.02020000
0.19990000	0.01980000
0.06270000	0.02000000
0.04910000	0.01980000
0.03360000	0.01950000
0.04360000	0.01920000
0.02180000	0.01880000
0.02270000	0.01850000
0.03180000	0.01820000
0.59060000	0.04890000
2.88050000	0.02550000
5.05230000	0.01980000
3.65290000	0.01800000
1.55380000	0.01730000
0.71790000	0.01690000
0.50890000	0.01650000
0.40890000	0.01620000
0.42710000	0.01600000
0.38160000	0.01570000
0.28170000	0.01540000
0.48160000	0.03840000
1.69920000	0.03550000
0.37260000	0.02030000
0.22720000	0.01640000
0.10900000	0.01510000
0.10000000	0.02470000
0.08910000	0.01700000
0.08180000	0.01470000
0.07450000	0.01400000
0.06910000	0.01360000
0.06000000	0.01330000
0.05180000	0.01300000
0.04540000	0.01280000
0.04000000	0.01260000
0.03630000	0.01240000
0.03270000	0.01210000
0.03450000	0.02300000
0.14540000	0.06700000
0.20900000	0.02760000
0.13630000	0.01760000
0.10000000	0.01470000
0.07810000	0.01370000
0.06270000	0.01320000
0.04820000	0.01290000
0.04090000	0.01270000
0.03180000	0.01250000
0.02820000	0.01230000
1.34490000	0.01210000
3.68930000	1.25240000
0.70880000	0.39580000
0.32710000	0.11910000
0.24530000	0.04360000
3.69830000	0.53270000
3.50750000	1.57110000
0.69060000	0.44170000
0.31800000	0.13420000
0.19990000	0.04990000
0.15450000	0.03120000
0.19990000	0.02100000
0.10900000	0.01770000
0.06630000	0.01710000
0.05630000	0.01670000
0.05180000	0.02710000
0.03540000	0.01900000
0.03000000	0.01660000
0.02730000	0.01580000
0.02270000	0.01530000
0.01640000	0.01500000
0.01910000	0.01470000
0.02360000	0.01450000
0.03450000	0.02150000
0.03000000	0.01600000
0.03000000	0.01430000
0.02730000	0.01360000
0.02640000	0.01330000
0.02540000	0.01300000
0.02540000	0.01280000
0.02730000	0.01260000
0.08360000	0.03450000
1.35390000	1.31240000
4.02550000	1.06650000
16.99240000	13.01220000
1.23580000	3.57230000
0.39070000	0.99230000
0.32710000	0.28680000
0.55430000	0.14930000
0.43620000	0.07920000
0.31800000	0.03960000
0.22720000	0.02800000
0.15450000	0.02450000
0.10900000	0.02330000
0.08630000	0.02310000
0.07540000	0.02230000
0.18170000	0.05520000
0.13630000	0.03050000
0.10000000	0.02350000
0.06720000	0.02140000
0.07630000	0.06750000
0.06000000	0.03290000
23.35320000	3.31080000
10.35900000	13.89800000
8.39620000	8.67280000
1.59020000	2.39040000
0.46340000	0.67340000
0.26350000	0.20370000
0.18170000	0.07360000
0.13630000	0.03370000
0.10900000	0.02580000
0.08910000	0.02530000
0.07540000	0.02490000
11.08590000	0.06480000
5.70650000	5.62060000
6.04270000	1.59070000
1.62650000	0.47080000
0.44530000	0.17600000
0.38160000	0.06860000
0.20900000	0.03920000
0.14540000	0.02850000
0.10900000	0.02760000
0.08720000	0.02700000
0.85420000	0.07080000
11.35850000	11.31770000
3.36210000	3.16030000
0.53610000	0.89390000
0.23630000	0.26580000
0.13630000	0.09370000
0.56340000	0.04620000
0.11810000	0.02820000
1.73560000	0.05250000
0.21810000	0.03390000
0.10000000	0.02850000
0.63610000	0.02720000
0.17260000	0.02600000
0.06720000	0.02530000
0.03730000	0.02480000
0.02730000	0.02440000
0.02180000	0.02390000
0.01730000	0.02350000
0.01640000	0.02310000
0.01360000	0.02270000
0.01270000	0.02230000
0.01180000	0.02190000
0.01270000	0.02150000
0.01270000	0.08190000
0.01000000	0.03820000
0.00820000	0.02650000
0.00660000	0.02300000
0.00560000	0.02170000
0.00500000	0.02110000
0.00490000	0.02070000
0.00500000	0.02030000
0.00550000	0.01990000
0.00520000	0.01960000
0.00380000	0.01920000
0.00300000	0.01890000
0.00250000	0.01860000
0.00190000	0.01820000
0.00170000	0.01790000
0.00150000	0.01760000
0.00160000	0.01970000
0.00150000	0.04780000
0.00130000	0.02540000
0.00110000	0.01880000
0.00080000	0.01670000
0.00060000	0.01600000
0.00050000	0.01560000
0.00520000	0.01550000
29.98650000	33.43160000
41.25420000	11.30370000
4.10720000	3.18260000
0.60880000	0.89950000
0.27260000	0.27540000
0.15450000	0.10420000
0.08910000	0.04300000
0.05270000	0.03880000
0.03180000	0.03800000
0.02360000	0.03740000
0.01820000	0.03670000
0.01450000	0.03610000
0.01090000	0.03540000
0.01000000	0.05330000
0.00850000	0.04820000
0.00750000	0.03740000
0.00670000	0.03400000
0.00600000	0.03270000
0.00510000	0.03190000
0.00490000	0.03130000
0.00450000	0.03070000
0.00420000	0.03020000
0.00350000	0.02960000
0.00250000	0.02910000
0.00220000	0.02860000
0.00200000	0.02810000
0.00310000	0.02760000
0.00440000	0.12280000
0.00360000	0.06710000
0.00250000	0.03950000
0.03270000	0.10490000
0.01910000	0.04970000
0.01820000	0.03490000
0.01180000	0.03050000
0.00790000	0.02890000
0.00560000	0.03750000
0.00400000	0.03010000
0.00270000	0.02770000
0.00360000	0.05460000
0.00250000	0.03380000
0.00180000	0.02800000
0.00150000	0.02580000
0.00140000	0.02490000
0.00110000	0.02430000
0.00100000	0.02390000
0.00090000	0.02340000
0.00080000	0.02300000
0.00070000	0.02260000
0.00060000	0.02220000
0.00060000	0.02180000
0.00060000	0.03030000
0.00070000	0.04690000
0.00080000	0.02780000
0.00110000	0.08770000
0.00100000	0.04010000
0.24530000	0.02740000
0.21810000	0.70220000
0.01910000	0.21190000
0.00650000	0.07820000
0.00300000	0.04120000
0.00170000	0.03080000
0.00160000	0.04200000
0.00250000	0.05970000
0.30900000	0.04500000
0.10000000	0.03090000
0.02090000	0.02670000
0.00810000	0.02520000
0.00860000	0.02450000
1.48120000	1.97860000
0.29990000	0.56290000
0.10000000	0.20330000
0.03540000	0.07760000
0.01820000	0.04350000
0.01090000	0.03370000
0.00840000	0.03660000
0.00620000	0.03280000
0.00550000	0.03320000
0.00480000	0.03750000
0.00360000	0.03020000
0.00250000	0.02790000
0.00210000	0.02690000
0.00180000	0.02630000
0.00160000	0.02580000
0.00120000	0.02530000
0.00350000	0.02490000
0.10000000	0.12200000
0.04090000	0.10080000
0.38160000	0.11290000
0.12720000	0.05750000
0.04730000	0.04160000
0.02180000	0.03680000
0.01090000	0.03500000
0.00850000	0.03410000
0.00710000	0.03340000
0.00690000	0.03280000
0.00620000	0.03220000
0.00650000	0.03160000
0.00590000	0.03110000
0.00540000	0.03050000
0.00510000	0.03000000
0.00520000	0.02940000
0.00540000	0.04040000
0.00540000	0.03160000
0.00570000	0.02880000
0.00560000	0.02760000
0.00540000	0.02700000
0.00610000	0.02660000
0.00800000	0.02600000
0.00900000	0.02550000
0.01000000	0.02510000
0.01820000	0.04710000
0.02360000	0.09050000
0.02270000	0.05730000
0.03000000	0.06320000
1.39030000	0.51080000
0.41800000	0.16500000
0.14540000	0.07090000
0.07000000	0.04480000
0.03730000	0.03720000
0.02640000	0.03470000
0.02640000	0.03390000
0.01360000	0.03340000
0.01450000	0.03290000
0.01450000	0.03230000
0.01360000	0.04810000
0.01540000	0.04130000
0.02450000	0.03290000
0.03270000	0.03480000
0.03630000	0.04840000
0.06910000	0.03430000
2.50800000	0.06510000
2.76240000	3.18720000
0.49980000	0.89600000
0.34530000	0.54190000
0.30900000	0.17300000
0.18170000	0.07270000
0.10900000	0.04480000
0.07540000	0.03540000
0.05270000	0.03380000
0.04090000	0.03280000
0.03820000	0.04290000
0.03270000	0.03560000
0.03180000	0.03210000
0.08910000	0.28510000
0.07810000	0.10100000
0.10000000	0.05110000
0.13630000	0.03760000
0.11810000	0.03350000
0.10000000	0.03200000
0.30900000	0.04800000
0.94500000	0.05160000
0.66330000	0.03640000
0.31800000	0.03230000
0.17260000	0.03070000
0.11810000	0.02990000
3.87100000	3.19440000
1.47210000	0.89520000
0.36350000	0.27150000
0.20900000	0.09650000
0.13630000	0.04830000
0.10000000	0.03480000
0.07180000	0.02930000
0.05630000	0.02880000
0.13630000	0.02880000
0.55430000	0.29550000
0.41800000	0.62760000
4.11630000	0.92150000
1.63560000	0.27690000
0.49070000	0.09770000
0.30900000	0.04850000
0.22720000	0.03450000
0.17260000	0.03020000
0.14540000	0.02860000
0.11810000	0.02810000
0.10000000	0.02760000
0.08270000	0.03090000
0.07630000	0.03870000
0.07000000	0.02940000
0.06450000	0.02660000
0.06000000	0.02550000
0.05360000	0.02490000
0.05270000	0.02440000
0.04630000	0.02410000
0.04180000	0.02360000
0.03630000	0.02320000
0.03630000	0.02270000
0.03450000	0.02600000
0.03540000	0.02680000
0.04360000	0.02340000
0.03630000	0.02220000
0.02730000	0.02160000
0.02540000	0.02120000
0.02450000	0.02080000
0.02180000	0.02040000
0.02360000	0.02010000
0.02540000	0.02790000
0.03910000	0.02110000
0.27260000	0.03740000
0.23630000	0.02320000
0.15450000	0.01950000
0.09090000	0.01830000
0.06910000	0.01770000
0.05720000	0.01730000
0.05090000	0.01700000
0.04540000	0.01670000
0.04360000	0.01640000
0.04090000	0.01610000
0.03730000	0.01580000
0.03360000	0.01560000
0.03000000	0.01530000
0.03000000	0.01500000
0.02730000	0.01480000
0.02730000	0.01450000
0.02450000	0.01420000
0.02270000	0.01400000
0.02180000	0.01370000
0.02360000	0.02910000
0.02450000	0.01810000
0.02450000	0.01490000
0.03630000	0.01380000
1.50840000	3.81570000
0.68150000	1.71400000
5.12500000	0.47900000
8.22360000	5.80180000
1.26310000	1.59710000
0.44530000	0.44850000
0.27260000	0.13280000
0.24530000	0.04750000
0.19080000	0.02430000
0.15450000	0.01540000
0.19080000	0.03480000
0.19990000	0.02030000
0.17260000	0.01610000
0.14540000	0.01480000
0.11810000	0.01420000
0.09090000	0.01390000
0.07630000	0.01360000
0.06720000	0.01340000
0.06000000	0.01310000
0.05630000	0.01290000
0.05910000	0.02010000
0.08180000	0.04420000
0.20900000	0.02090000
0.12720000	0.01460000
0.10000000	0.01980000
0.07000000	0.01390000
0.05540000	0.01220000
0.04540000	0.01160000
0.03820000	0.01130000
0.03360000	0.01100000
0.03180000	0.01080000
0.03270000	0.01060000
2.10810000	0.01340000
8.99600000	16.36320000
3.51660000	4.48180000
0.72690000	1.23470000
1.26310000	0.36520000
0.59970000	0.10920000
0.30900000	0.03910000
0.21810000	0.02020000
0.17260000	0.01440000
0.13630000	0.01270000
0.11810000	0.01210000
0.14540000	0.02940000
0.33620000	0.09980000
0.28170000	0.03630000
0.19990000	0.02850000
0.14540000	0.01730000
0.11810000	0.01410000
0.10000000	0.01300000
0.08450000	0.01250000
0.07270000	0.01230000
0.06540000	0.01200000
0.06270000	0.01180000
0.06180000	0.02380000
2.78970000	1.62150000
0.95410000	0.46020000
0.31800000	0.13590000
0.19990000	0.04710000
0.14540000	0.02270000
0.11810000	0.01580000
0.11810000	0.03790000
0.10900000	0.02740000
0.14540000	0.04540000
0.71790000	0.05510000
0.90870000	0.05410000
0.44530000	0.02710000
0.26350000	0.01880000
0.17260000	0.01640000
0.12720000	0.02640000
0.10900000	0.02520000
0.09090000	0.01750000
0.08090000	0.01530000
0.06910000	0.01450000
0.06180000	0.01410000
0.05540000	0.01380000
0.04730000	0.01350000
0.03910000	0.01330000
0.03180000	0.01300000
0.02730000	0.01280000
0.02450000	0.01260000
0.02270000	0.01240000
0.02090000	0.01210000
0.02000000	0.01190000
0.01820000	0.01170000
0.01730000	0.01150000
0.01640000	0.01130000
0.01450000	0.02770000
0.01450000	0.01550000
0.01270000	0.01200000
0.01270000	0.03530000
0.01270000	0.01710000
0.01180000	0.01850000
0.01090000	0.01460000
0.01000000	0.01110000
0.01090000	0.01000000
0.01180000	0.02610000
0.01450000	0.03370000
0.01450000	0.01580000
0.01180000	0.01080000
0.01000000	0.01900000
0.00850000	0.02300000
0.00770000	0.01240000
0.00700000	0.00940000
0.00610000	0.00850000
0.00550000	0.00810000
0.00410000	0.00790000
0.00350000	0.00780000
0.00270000	0.00760000
0.00230000	0.00750000
0.00250000	0.02090000
0.00290000	0.02410000
0.00250000	0.01170000
0.00220000	0.00830000
0.00190000	0.00720000
0.00120000	0.00680000
0.00070000	0.00660000
0.00070000	0.00940000
0.00060000	0.00720000
0.00050000	0.00650000
0.00050000	0.00620000
0.01000000	0.02970000
0.00530000	0.01240000
0.00210000	0.00760000
0.00100000	0.01530000
0.00070000	0.00830000
0.00070000	0.01160000
0.00070000	0.00710000
0.00050000	0.00580000
0.00040000	0.00540000
0.00040000	0.00520000
0.00040000	0.01310000
0.00030000	0.00720000
0.00020000	0.00550000
0.00010000	0.00500000
0.00010000	0.00480000
0.00000000	0.00470000
0.00000000	0.00460000
0.00020000	0.00450000
0.16360000	1.94960000
0.16360000	0.54010000
0.05720000	0.15520000
0.01820000	0.04990000
0.01000000	0.02100000
0.00600000	0.02600000
0.00360000	0.01340000
0.00250000	0.03610000
0.00190000	0.40170000
0.00160000	0.16840000
0.00140000	0.05510000
0.00120000	0.02450000
0.01000000	0.03150000
0.00790000	0.04090000
0.00730000	0.04190000
0.00530000	0.02020000
0.00320000	0.03880000
0.00200000	0.03620000
0.00140000	0.04270000
0.00180000	0.02020000
0.00190000	0.04090000
0.00190000	0.01980000
0.00160000	0.01390000
0.00220000	0.03870000
0.00220000	0.03060000
0.00150000	0.01650000
0.00120000	0.01240000
0.00090000	0.01120000
0.00070000	0.02020000
0.00060000	0.01300000
0.00050000	0.01090000
0.00050000	0.01020000
0.00040000	0.00990000
0.00030000	0.00970000
0.00030000	0.00950000
0.00180000	0.00940000
0.00100000	0.05230000
0.00080000	0.02080000
6.26990000	3.31270000
0.63610000	0.92030000
0.14540000	0.26660000
0.05360000	0.08770000
0.02180000	0.03850000
0.01180000	0.02480000
0.00790000	0.01940000
0.00500000	0.01910000
0.00350000	0.01880000
0.00270000	0.03150000
0.00170000	0.02170000
0.00110000	0.01880000
0.00080000	0.01770000
0.00070000	0.01720000
0.00060000	0.01690000
0.00050000	0.01660000
0.00050000	0.01770000
0.00050000	0.01640000
0.00050000	0.01580000
0.00050000	0.01540000
0.00040000	0.01520000
0.00040000	0.01720000
0.00040000	0.02560000
0.00040000	0.02700000
0.00040000	0.01760000
0.00030000	0.01480000
0.00030000	0.01390000
0.00040000	0.05000000
0.00030000	0.02310000
0.00030000	0.02400000
0.00310000	0.07420000
0.00280000	0.09320000
0.00150000	0.03900000
0.00080000	0.02460000
0.00050000	0.02050000
0.00050000	0.01910000
0.00050000	0.01840000
0.00040000	0.01800000
0.00040000	0.01770000
0.00050000	0.04490000
0.00050000	0.03950000
0.00080000	0.06460000
0.00120000	0.12210000
0.00140000	0.05130000
0.00060000	0.03240000
0.00050000	0.02690000
0.00050000	0.02510000
0.00060000	0.02490000
0.00080000	0.06650000
0.00050000	0.03500000
0.00050000	0.02680000
0.00040000	0.02430000
0.00020000	0.02330000
0.00010000	0.02270000
0.00010000	0.02220000
0.00010000	0.02180000
0.00010000	0.02140000
0.00000000	0.02110000
0.00000000	0.02070000
0.00010000	0.03120000
0.00020000	0.04880000
0.00010000	0.02750000
0.00010000	0.02160000
0.00000000	0.01970000
0.00000000	0.01890000
0.00000000	0.01850000
0.00020000	0.06710000
0.00010000	0.03190000
0.00010000	0.02270000
0.00010000	0.02000000
0.00010000	0.01900000
0.00010000	0.04050000
0.00010000	0.02410000
0.00010000	0.01960000
0.00010000	0.01810000
0.00010000	0.01750000
0.00000000	0.01710000
0.00000000	0.01680000
0.00000000	0.01650000
0.00000000	0.01620000
0.00010000	0.01590000
0.00020000	0.05870000
0.00040000	0.04110000
0.00250000	0.09720000
0.01450000	0.08100000
0.00910000	0.04300000
0.00910000	0.06150000
0.00700000	0.04160000
0.00570000	0.03070000
0.00500000	0.02750000
0.00470000	0.02640000
0.00480000	0.03680000
0.10000000	0.09090000
0.29080000	0.11390000
4.37080000	0.33390000
2.54430000	1.75480000
0.40890000	0.51050000
0.16360000	0.17080000
0.08910000	0.07740000
0.06000000	0.05130000
0.05820000	0.07990000
0.18170000	0.35350000
7.91460000	1.73510000
15.53850000	21.81460000
13.44850000	13.78820000
7.57840000	6.77810000
0.99960000	1.88830000
0.61790000	0.57010000
1.37210000	1.23480000
0.44530000	0.40820000
0.20900000	0.14500000
0.13630000	0.07310000
0.10900000	0.05410000
0.07910000	0.04820000
0.06540000	0.04560000
0.04820000	0.04480000
0.04180000	0.04400000
0.03270000	0.04320000
0.03090000	0.04300000
0.03000000	0.04230000
0.02730000	0.04160000
0.02820000	0.04090000
0.04000000	0.93170000
0.12720000	1.39910000
0.11810000	0.51960000
0.10000000	0.17670000
0.07810000	0.08910000
18.53710000	10.79920000
14.53890000	18.60150000
1.45390000	5.84340000
0.53610000	1.71580000
0.31800000	0.50780000
0.46340000	0.16630000
0.31800000	0.06750000
0.18170000	0.03800000
0.13630000	0.03570000
0.10000000	0.03480000
0.07630000	0.03420000
0.05630000	0.03360000
0.04540000	0.03300000
0.04000000	0.03240000
0.04820000	0.03960000
0.07180000	0.04110000
0.10000000	0.04240000
0.08270000	0.24250000
0.06180000	0.11270000
0.05910000	0.06980000
17.35580000	12.06140000
4.36170000	4.26490000
0.68150000	1.32930000
0.34530000	0.40610000
0.21810000	0.13530000
0.15450000	0.05770000
0.13630000	0.03110000
0.10900000	0.02810000
0.11810000	0.02730000
0.16360000	0.02680000
0.15450000	0.02630000
0.10900000	0.02580000
0.10000000	0.02540000
0.12720000	0.02500000
0.09090000	0.02450000
0.06090000	0.02410000
0.07450000	0.02370000
0.25440000	0.04400000
0.64520000	0.43380000
3.24400000	2.52060000
3.88010000	2.65660000
1.00860000	1.72090000
0.48160000	0.67700000
0.39070000	0.26550000
0.79960000	0.63960000
1.19040000	0.43790000
0.36350000	0.20720000
0.19990000	0.11140000
0.14540000	0.07760000
0.11810000	0.06760000
0.10900000	0.06380000
0.09090000	0.06210000
0.08090000	0.06090000
0.07450000	0.05990000
0.07270000	0.05880000
0.07270000	0.05780000
0.07270000	0.05670000
0.07270000	0.05570000
0.08270000	0.06350000
0.89050000	0.09170000
0.74510000	0.96380000
0.32710000	0.43570000
0.19080000	0.17700000
0.13630000	0.08860000
0.10000000	0.06080000
0.06180000	0.05260000
0.05450000	0.04930000
0.06270000	0.04810000
0.09090000	0.04720000
0.13630000	0.04640000
0.12720000	0.04560000
0.06180000	0.04480000
0.06000000	0.04400000
0.06180000	0.04330000
0.05000000	0.04250000
0.05000000	0.04180000
0.06180000	0.04110000
0.82690000	0.75660000
6.53340000	4.55320000
8.39620000	7.97870000
8.97780000	3.90300000
9.26860000	1.78580000
5.25220000	0.86480000
1.91730000	0.31890000
0.81780000	0.12130000
0.45430000	0.05740000
0.28170000	0.04150000
0.19990000	0.03710000
0.15450000	0.03560000
0.11810000	0.03490000
0.10000000	0.03420000
0.19080000	0.07070000
0.24530000	0.25070000
0.18170000	0.11130000
0.15450000	0.05590000
0.15450000	0.04570000
0.19080000	0.04020000
0.94500000	0.04840000
5.01590000	1.96340000
1.29030000	1.99600000
0.59970000	0.96300000
0.38160000	0.32980000
0.27260000	0.11630000
0.20900000	0.05290000
0.17260000	0.03440000
0.15450000	0.02910000
0.14540000	0.06440000
0.15450000	0.07290000
0.13630000	0.04010000
0.12720000	0.03020000
0.34530000	0.56010000
0.37260000	0.32030000
0.23630000	0.11360000
0.17260000	0.04990000
0.17260000	0.04780000
0.16360000	0.03130000
0.12720000	0.02620000
0.10000000	0.02470000
0.46340000	0.02400000
6.36990000	3.68720000
6.18810000	5.47550000
18.90060000	12.75400000
6.71520000	6.35560000
1.52660000	2.06620000
0.62700000	0.60760000
7.87830000	0.21990000
10.99510000	5.79970000
1.32670000	2.11020000
0.54520000	0.64690000
0.34530000	0.20060000
0.35440000	0.07390000
9.35940000	4.87600000
1.21760000	1.60420000
0.47250000	0.47260000
0.29080000	0.14810000
0.20900000	0.06340000
0.16360000	0.03560000
0.13630000	0.02570000
0.11810000	0.03060000
0.10900000	0.03920000
0.59060000	0.06380000
0.33620000	0.51850000
0.18170000	0.17610000
4.52520000	0.52390000
3.12590000	3.67930000
0.59970000	1.02400000
0.89050000	0.29840000
3.65290000	0.13840000
0.97230000	0.06660000
0.54520000	0.04480000
0.29990000	0.02860000
0.18170000	0.02530000
0.11810000	0.02410000
0.08090000	0.02340000
4.60700000	1.24900000
1.09950000	0.35860000
0.30900000	0.11550000
0.15450000	0.04870000
0.10000000	0.03020000
0.08360000	0.03210000
0.06540000	0.04390000
0.04730000	0.02800000
0.03630000	0.02330000
0.03000000	0.02180000
0.02540000	0.02110000
0.02360000	0.02060000
0.02450000	0.04370000
0.02090000	0.03750000
0.02640000	0.02440000
0.02540000	0.03890000
0.02180000	0.02420000
0.02450000	0.06320000
0.02540000	0.03150000
1.79010000	0.03330000
2.98050000	6.30620000
0.51790000	1.73970000
0.19080000	0.49800000
0.31800000	0.15200000
0.10000000	0.05720000
0.04630000	0.03100000
0.03090000	0.02090000
0.02180000	0.02050000
0.01640000	0.02020000
0.01360000	0.01980000
0.01820000	0.01950000
0.03450000	0.05220000
0.07630000	0.06500000
0.04630000	0.05380000
0.02450000	0.02890000
0.01450000	0.02220000
0.21810000	0.02010000
0.04630000	0.01920000
1.82650000	1.39810000
0.41800000	0.39980000
0.12720000	0.12710000
0.05090000	0.05230000
0.02730000	0.03980000
0.53610000	0.06110000
11.63110000	14.29140000
1.79010000	3.94370000
0.60880000	1.10510000
0.23630000	0.32300000
0.10000000	0.10880000
0.05910000	0.06980000
30.53180000	5.69130000
15.99280000	9.16510000
1.08130000	2.53050000
1.35390000	0.74170000
0.58160000	0.22770000
0.24530000	0.08710000
0.20900000	0.04550000
0.61790000	0.11140000
8.63250000	9.83740000
4.67970000	3.37660000
3.90730000	0.95130000
0.99960000	0.28830000
0.52700000	0.10660000
0.66330000	0.05640000
5.62470000	0.10250000
3.34400000	0.06530000
4.60700000	0.05810000
3.63470000	4.21990000
0.90870000	1.18300000
0.21810000	0.35160000
0.16360000	0.13340000
0.09090000	0.06370000
0.05450000	0.04420000
0.04540000	0.03660000
0.04090000	0.03580000
0.03180000	0.11260000
0.03630000	0.05750000
0.02910000	0.04250000
0.02450000	0.03790000
0.02180000	0.03620000
0.01910000	0.04720000
0.01820000	0.03780000
0.01730000	0.03480000
0.01640000	0.03360000
0.13630000	5.03300000
0.73600000	2.07690000
8.45980000	30.76420000
4.94320000	8.44000000
0.84510000	2.33780000
0.44530000	0.66920000
0.28170000	0.21050000
0.19990000	0.08640000
0.14540000	0.03970000
0.10900000	0.03900000
0.07270000	0.03830000
0.04540000	0.03760000
0.02730000	0.03690000
0.02360000	0.03630000
0.02180000	0.06240000
0.01910000	0.04230000
0.01640000	0.03640000
0.01360000	0.03430000
0.01360000	0.03330000
0.01270000	0.04600000
0.01270000	0.03570000
0.01450000	0.09110000
0.04090000	0.05900000
3.73470000	0.07570000
15.99280000	32.75220000
1.66290000	8.98030000
0.53610000	2.48260000
0.29080000	0.73360000
0.18170000	0.22740000
0.11810000	0.10100000
0.08090000	0.04000000
0.06000000	0.03640000
0.04450000	0.03500000
0.03540000	0.03420000
0.04630000	0.05750000
16.90150000	31.82450000
7.62390000	8.75920000
1.06320000	2.42280000
0.48160000	0.69080000
0.30900000	0.21690000
0.85420000	0.08680000
5.24310000	2.09860000
1.06320000	0.60230000
44.16200000	20.14160000
71.60420000	73.58260000
13.63020000	21.31170000
9.08680000	7.75430000
5.45210000	3.08090000
1.81740000	0.87580000
0.93590000	0.26490000
0.56340000	0.07720000
0.37260000	0.05320000
0.27260000	0.04580000
0.18170000	0.04360000
0.13630000	0.04280000
0.09090000	0.04210000
0.06360000	0.04130000
0.05450000	0.04060000
0.04450000	0.03990000
0.67240000	0.03920000
1.74470000	2.61860000
0.39070000	0.75140000
0.18170000	0.24020000
0.11810000	0.09420000
0.09000000	0.05380000
0.06360000	0.04220000
0.04910000	0.03750000
0.44530000	3.18780000
1.82650000	4.30290000
0.71790000	1.20710000
0.31800000	0.36200000
0.19990000	0.13010000
0.13630000	0.06560000
0.12720000	0.04350000
0.14540000	0.03690000
0.10900000	0.03610000
0.08090000	0.03540000
0.06360000	0.03480000
0.05720000	0.03410000
0.04000000	0.03350000
0.03630000	0.03290000
0.03450000	0.03240000
0.04090000	0.03180000
0.03730000	0.03120000
0.03630000	0.03070000
0.03730000	0.03010000
0.03820000	0.02960000
0.03820000	0.02910000
0.03820000	0.02860000
0.03820000	0.02800000
0.04180000	0.02760000
0.03910000	0.02710000
0.03910000	0.02660000
0.04090000	0.02610000
0.05180000	0.02570000
0.08910000	0.63480000
9.90460000	7.28390000
4.61610000	5.87910000
0.94500000	1.62790000
32.71260000	23.70870000
11.90370000	12.75840000
1.51750000	3.90720000
0.73600000	1.12130000
0.39980000	0.33020000
0.26350000	0.11230000
0.20900000	0.04270000
0.17260000	0.03720000
0.16360000	0.04570000
0.15450000	0.25710000
0.13630000	0.11090000
0.14540000	0.05270000
0.12720000	0.03470000
0.12720000	0.02940000
0.18170000	0.03500000
4.87050000	8.56550000
1.61750000	3.07310000
1.70830000	0.96100000
1.31760000	0.89500000
0.63610000	0.34670000
0.34530000	0.12490000
0.22720000	0.04900000
0.17260000	0.03120000
0.15450000	0.02630000
0.12720000	0.02440000
0.10900000	0.02380000
0.47250000	0.10070000
2.60790000	3.55110000
1.58110000	2.61140000
0.73600000	1.20440000
0.43620000	0.42600000
0.32710000	0.14540000
0.24530000	0.05600000
0.19080000	0.02990000
0.17260000	0.02320000
0.14540000	0.02160000
0.11810000	0.02100000
0.10000000	0.02070000
0.08720000	0.02080000
0.07630000	0.02060000
0.06360000	0.02020000
0.05270000	0.01980000
0.04630000	0.01950000
0.04090000	0.01870000
0.04090000	0.01830000
0.05360000	0.01790000
0.05910000	0.01760000
0.06630000	0.04020000
0.06630000	0.29040000
0.06270000	0.13200000
0.06270000	0.05420000
0.05270000	0.02660000
0.03910000	0.01880000
0.03630000	0.01650000
0.03910000	0.01550000
0.05630000	0.03530000
0.06270000	0.58300000
0.07000000	0.25760000
0.05360000	0.09480000
0.03000000	0.03640000
0.02270000	0.02030000
0.02540000	0.01570000
0.02360000	0.01400000
0.02270000	0.01360000
0.02180000	0.01330000
0.02270000	0.01310000
0.02540000	0.01290000
0.06090000	0.01260000
0.19080000	0.01240000
0.59060000	0.02050000
0.99960000	0.01540000
0.53610000	0.02360000
0.49980000	0.01480000
0.37260000	0.01220000
0.22720000	0.01140000
0.16360000	0.01100000
0.06540000	0.01080000
0.05270000	0.01060000
0.04630000	0.01040000
0.04270000	0.01020000
0.04180000	0.01000000
0.04180000	0.00990000
0.04360000	0.00970000
0.03730000	0.00950000
0.02910000	0.00990000
0.02450000	0.00980000
0.02360000	0.00940000
0.02360000	0.00900000
0.02640000	0.00870000
0.02730000	0.00860000
0.03450000	0.00840000
0.03630000	0.00830000
0.04090000	0.00810000
0.05090000	0.00800000
0.10900000	0.00780000
4.83420000	2.03980000
1.15400000	0.85980000
0.51790000	0.26290000
0.83600000	0.08050000
0.63610000	0.02890000
0.37260000	0.01470000
0.26350000	0.00990000
0.14540000	0.00920000
0.13630000	0.00900000
0.16360000	0.03070000
0.23630000	0.07790000
2.08090000	0.03130000
7.99640000	5.43380000
5.11590000	1.94340000
1.81740000	0.58020000
6.49710000	1.60740000
1.88100000	1.09050000
0.65430000	0.38200000
0.36350000	0.11840000
0.23630000	0.03930000
0.19080000	0.01770000
0.19080000	0.02260000
0.19080000	0.01260000
0.17260000	0.01000000
0.13630000	0.00920000
0.10900000	0.00890000
0.10000000	0.00870000
0.09000000	0.00850000
0.08270000	0.00840000
0.07810000	0.00820000
0.06450000	0.00810000
0.05630000	0.00790000
0.04910000	0.00780000
0.04360000	0.00770000
0.05360000	0.00750000
0.15450000	0.24490000
0.19080000	0.07270000
0.12720000	0.02630000
0.09090000	0.01350000
0.07090000	0.00990000
0.06090000	0.00880000
0.06270000	0.00830000
0.16360000	0.05370000
0.22720000	0.02050000
0.15450000	0.01200000
0.15450000	1.12240000
0.59060000	0.31390000
0.28170000	0.09360000
0.19080000	0.03320000
7.03320000	7.81980000
70.51380000	42.73160000
36.80170000	41.37320000
2.29900000	11.31970000
0.71790000	3.10530000
9.35940000	4.13410000
1.67200000	1.28470000
0.47250000	0.35220000
0.27260000	0.09550000
0.18170000	0.03750000
0.14540000	0.02150000
0.13630000	0.02860000
0.12720000	0.05320000
0.10000000	0.02520000
0.08810000	0.01790000
0.07000000	0.01570000
0.05910000	0.02920000
0.05630000	0.01840000
2.97140000	9.47980000
1.64470000	3.94870000
10.81330000	11.01540000
2.98050000	3.99990000
0.65430000	1.10740000
0.32710000	0.31710000
0.20900000	0.09690000
0.15450000	0.03980000
0.12720000	0.02810000
0.21810000	0.41630000
0.23630000	0.12700000
0.15450000	0.04840000
0.10900000	0.02660000
0.08810000	0.02050000
0.08540000	0.05490000
0.05910000	0.02760000
0.17260000	1.25330000
0.26350000	0.88760000
0.17260000	0.25710000
0.10000000	0.08510000
0.06000000	0.03780000
0.04090000	0.02460000
0.03360000	0.02020000
0.02910000	0.01910000
0.02450000	0.01870000
0.02270000	0.01840000
0.02360000	0.01810000
0.02180000	0.05080000
0.03730000	0.02710000
0.05180000	0.01980000
0.03000000	0.01760000
0.02270000	0.01670000
0.01730000	0.01630000
0.01540000	0.01600000
0.01540000	0.02380000
0.01450000	0.04510000
0.01360000	0.02330000
0.01360000	0.01710000
0.01360000	0.01520000
0.01180000	0.03480000
0.21810000	0.01970000
0.22720000	0.06020000
0.05540000	0.03630000
0.02180000	0.02030000
0.01270000	0.01580000
0.00910000	0.01440000
0.00640000	0.02210000
0.00490000	0.01580000
0.00340000	0.01390000
0.00230000	0.01320000
0.00210000	0.01290000
0.00160000	0.01260000
0.01450000	0.01230000
0.00910000	0.01210000
0.00540000	0.01190000
0.00280000	0.01170000
0.01090000	0.07550000
0.01090000	0.11850000
0.01180000	0.04560000
0.04180000	0.06400000
0.01000000	0.04670000
0.00700000	0.02630000
0.00680000	0.02050000
0.00350000	0.01860000
0.00230000	0.01790000
0.00140000	0.01750000
0.00100000	0.01720000
0.00070000	0.01690000
0.00050000	0.01660000
0.00050000	0.01630000
0.00040000	0.01600000
0.00040000	0.03410000
0.00030000	0.02050000
0.00020000	0.01650000
0.00020000	0.01530000
0.00020000	0.01470000
0.00010000	0.01440000
0.00010000	0.01410000
0.00010000	0.01390000
0.00010000	0.01360000
0.00010000	0.03270000
0.00010000	0.01840000
0.00010000	0.01440000
0.00010000	0.01530000
0.00010000	0.01690000
0.00000000	0.01350000
0.00000000	0.01230000
0.00000000	0.01190000
0.00000000	0.01160000
0.00000000	0.01140000
0.00000000	0.01480000
0.00000000	0.01200000
0.00000000	0.01110000
0.00000000	0.01070000
0.00000000	0.01040000
0.00000000	0.01020000
0.00000000	0.01350000
0.00000000	0.01080000
0.00000000	0.02640000
0.00000000	0.07080000
0.00000000	0.02710000
0.00000000	0.01560000
0.00000000	0.01240000
0.00000000	0.01130000
0.00000000	0.01090000
0.00000000	0.01060000
0.00000000	0.01040000
0.00000000	0.01030000
0.00000000	0.01870000
0.00000000	0.01230000
0.00000000	0.01040000
0.00000000	0.00970000
0.00000000	0.00940000
0.00000000	0.00920000
0.00000000	0.00910000
0.00000000	0.00890000
0.00000000	0.00870000
0.00000000	0.00860000
0.00000000	0.00840000
0.00000000	0.00830000
0.00000000	0.00810000
0.00000000	0.00800000
0.00000000	0.00790000
0.00000000	0.00770000
0.00010000	0.07810000
0.00000000	0.11860000
0.03730000	0.04390000
0.01360000	0.02400000
0.00550000	0.01840000
0.03090000	0.01660000
0.36350000	0.10320000
0.07630000	0.04200000
0.01910000	0.02580000
0.00810000	0.02110000
0.00360000	0.01950000
0.00170000	0.01890000
0.00090000	0.01840000
0.00050000	0.01810000
0.00040000	0.01780000
0.00030000	0.01750000
0.00030000	0.01710000
0.00030000	0.01680000
0.00030000	0.01650000
0.00020000	0.01630000
0.00020000	0.01600000
0.00010000	0.01570000
0.00010000	0.01540000
0.00020000	0.05900000
0.00010000	0.03390000
0.00010000	0.02110000
0.00010000	0.02640000
0.00010000	0.02940000
0.00010000	0.02630000
0.00010000	0.01760000
0.00010000	0.01500000
0.00000000	0.01410000
0.00000000	0.01370000
0.00000000	0.01340000
0.00000000	0.01320000
0.00000000	0.01290000
0.00000000	0.01270000
0.00000000	0.01250000
0.00010000	0.01230000
0.00050000	2.10880000
0.00080000	0.64790000
0.00070000	0.19290000
0.00050000	0.06900000
0.00040000	0.03490000
0.00040000	0.02870000
0.00030000	0.02240000
0.00030000	0.02130000
0.00030000	0.02070000
0.00030000	0.03490000
0.00030000	0.02390000
0.00030000	0.03330000
0.00020000	0.02300000
0.00020000	0.01990000
0.00020000	0.03620000
0.00020000	0.02310000
0.00020000	0.03240000
0.00020000	0.02160000
0.00020000	0.01840000
0.00020000	0.01730000
0.00020000	0.01680000
0.00020000	0.01640000
0.00020000	0.01610000
0.00070000	0.08150000
0.00120000	0.10950000
0.00180000	0.04710000
0.00150000	0.03060000
0.00250000	0.04170000
0.01000000	0.08070000
0.87230000	0.13160000
0.29080000	0.06000000
0.10900000	0.04090000
0.04910000	0.58260000
0.02540000	0.19630000
0.01450000	0.07910000
0.01090000	0.04690000
0.01000000	0.03770000
0.01270000	0.04300000
0.01180000	0.03550000
0.01000000	0.03330000
0.00720000	0.03230000
0.00520000	0.03160000
0.00400000	0.03100000
1.07220000	0.10660000
4.97050000	5.83960000
0.68150000	1.62440000
0.22720000	0.47270000
0.11810000	0.15730000
0.08090000	0.07060000
0.04910000	0.04640000
0.95410000	0.31410000
1.21760000	0.11310000
0.27260000	0.05860000
0.12720000	0.04320000
0.07450000	0.03850000
0.04630000	0.03680000
0.03630000	0.03690000
0.02730000	0.03540000
0.02180000	0.03450000
0.03180000	0.04080000
1.60840000	4.37480000
0.55430000	1.22170000
0.27260000	0.37000000
0.19990000	0.12700000
0.11810000	0.06060000
0.08910000	0.04190000
0.06000000	0.03460000
0.04270000	0.03390000
0.03730000	0.03330000
0.10900000	0.05770000
0.35440000	0.67900000
0.20900000	0.21000000
0.12720000	0.08200000
0.09090000	0.04660000
0.06820000	0.05130000
0.04820000	0.03730000
0.04000000	0.03330000
0.03630000	0.03210000
0.03270000	0.03140000
0.02910000	0.03080000
0.02640000	0.03020000
0.02360000	0.02970000
0.02180000	0.02910000
0.01910000	0.02860000
0.01820000	0.02810000
0.01820000	0.02820000
0.01640000	0.02780000
0.01360000	0.02730000
0.00910000	0.02680000
0.00820000	0.02630000
0.00770000	0.02600000
0.00800000	0.02560000
0.00840000	0.02510000
0.00910000	0.02470000
0.00910000	0.02430000
0.01090000	0.02550000
0.01360000	0.03260000
0.54520000	0.09470000
11.81290000	18.45020000
6.36080000	5.06120000
1.18130000	1.40210000
0.63610000	0.40150000
0.35440000	0.12770000
0.28170000	0.05300000
0.21810000	0.02470000
0.15450000	0.02430000
0.11810000	0.02390000
0.10900000	0.02350000
0.09090000	0.02310000
0.08360000	0.02270000
0.07000000	0.02230000
0.13630000	0.02190000
5.37940000	0.04930000
4.77060000	0.03200000
2.51710000	0.02480000
1.29940000	0.02250000
2.13540000	0.18340000
6.66970000	2.42770000
17.90110000	10.32560000
7.93280000	2.86020000
1.60840000	0.80010000
0.71790000	0.23590000
0.34530000	0.08130000
0.29080000	0.03790000
0.15450000	0.02260000
0.14540000	0.03280000
0.14540000	0.02420000
0.12720000	0.02160000
0.09090000	0.02060000
0.08360000	0.02010000
0.08540000	0.02020000
0.09090000	0.01980000
0.09000000	0.01910000
0.29080000	0.01870000
0.99960000	0.01830000
1.38120000	0.01800000
1.12680000	0.01770000
0.52700000	0.01740000
0.45430000	0.01710000
0.31800000	0.01680000
0.19990000	0.01650000
0.19990000	0.01620000
4.33440000	2.55290000
1.40850000	0.71000000
0.46340000	0.20690000
0.23630000	0.06920000
0.16360000	0.03130000
0.13630000	0.02070000
0.18170000	0.04750000
0.24530000	0.02470000
0.74510000	0.91380000
0.84510000	0.26290000
0.35440000	0.08570000
0.27260000	0.03700000
0.26350000	0.02600000
0.22720000	0.01970000
0.17260000	0.01740000
0.13630000	0.01690000
0.10900000	0.01660000
0.09090000	0.01630000
0.07810000	0.01600000
0.06910000	0.01570000
0.06090000	0.01540000
0.05450000	0.01880000
0.04630000	0.01590000
0.04180000	0.01490000
0.03910000	0.01440000
0.03630000	0.01410000
0.03360000	0.01390000
0.03090000	0.02110000
0.03090000	0.01900000
0.02910000	0.01470000
0.02730000	0.01330000
0.02540000	0.01280000
0.02360000	0.01250000
0.02360000	0.01220000
0.02820000	0.01790000
0.02820000	0.01340000
0.02910000	0.02360000
0.02360000	0.01470000
0.02360000	0.01210000
0.02360000	0.01120000
0.02640000	0.01380000
0.03180000	0.05790000
0.05540000	0.02330000
2.28080000	7.05860000
1.13590000	2.21230000
0.36350000	0.61710000
0.17260000	0.18140000
0.10000000	0.06210000
0.07810000	0.02930000
0.32710000	0.07430000
10.35900000	11.12070000
1.41750000	3.05450000
0.69970000	0.88380000
0.63610000	0.25640000
0.28170000	0.08540000
0.18170000	0.03830000
0.16360000	0.03340000
0.13630000	0.02360000
0.12720000	0.03310000
0.73600000	0.24620000
0.42710000	0.08200000
0.21810000	0.04340000
0.23630000	0.05390000
0.49070000	0.09440000
1.45390000	0.19810000
0.49070000	0.06980000
1.29940000	0.06110000
1.73560000	0.04780000
0.54520000	0.02890000
3.56200000	0.02380000
15.17500000	13.27790000
2.02640000	3.65640000
0.63610000	1.02580000
0.39070000	0.29710000
0.24530000	0.09770000
0.19080000	0.05740000
0.14540000	0.02600000
0.10900000	0.02270000
0.13630000	0.04660000
13.26680000	19.01360000
38.43730000	31.10090000
4.42530000	10.11000000
0.81780000	2.78230000
0.33620000	0.77950000
0.19080000	0.23180000
0.13630000	0.07380000
24.98880000	26.54140000
5.40670000	7.93970000
4.47070000	2.19040000
5.72470000	0.96100000
4.22540000	1.11080000
1.79010000	0.32450000
0.27260000	0.09860000
0.22720000	0.04730000
0.92690000	0.05080000
1.40850000	0.07270000
1.13590000	0.03910000
0.45430000	0.03040000
0.32710000	0.02780000
0.22720000	0.02660000
0.09090000	0.02600000
0.30900000	2.51100000
0.06450000	0.81580000
0.04820000	0.25290000
0.04630000	0.08930000
0.03630000	0.04420000
0.02820000	0.03150000
0.02180000	0.02670000
0.01910000	0.02600000
0.01540000	0.02550000
0.01270000	0.02510000
0.01090000	0.02460000
0.00910000	0.02420000
0.00880000	0.02380000
0.00770000	0.02330000
0.00610000	0.02290000
0.00550000	0.02250000
0.15450000	0.02210000
0.89050000	0.03350000
0.33620000	0.07970000
0.07540000	0.05650000
0.43620000	0.10170000
0.52700000	0.06230000
0.18170000	0.03650000
0.09090000	0.02920000
0.04270000	0.02690000
0.02730000	0.02590000
0.02910000	0.05230000
0.04540000	0.08390000
0.03000000	0.06720000
0.04000000	0.03760000
0.25440000	0.02980000
0.15450000	0.04160000
0.10000000	0.02990000
0.04270000	0.02640000
0.02360000	0.02510000
0.01640000	0.02450000
0.01090000	0.02400000
0.00850000	0.02350000
0.00680000	0.02310000
0.00640000	0.03880000
0.00510000	0.02670000
0.00360000	0.02310000
0.00480000	0.04430000
0.00550000	0.04870000
0.00510000	0.02830000
0.00650000	0.07510000
0.01270000	0.03990000
0.05540000	0.52220000
0.16360000	0.18800000
0.04820000	0.07040000
0.02640000	0.03820000
0.01450000	0.02910000
0.01000000	0.02620000
0.00820000	0.02500000
0.19990000	0.03880000
3.88920000	1.08780000
1.08130000	0.35350000
2.17180000	0.18420000
1.74470000	0.16380000
1.46300000	0.07280000
5.50660000	1.40600000
0.62700000	0.41400000
0.18170000	0.14340000
0.59060000	0.12680000
0.23630000	0.07570000
0.09090000	0.05080000
0.03730000	0.04290000
0.01910000	0.04080000
0.01270000	0.03970000
0.01000000	0.09470000
0.08910000	0.64970000
0.10000000	0.20780000
0.03910000	0.08700000
0.01640000	0.05340000
0.01000000	0.04370000
0.00590000	0.04060000
0.00370000	0.03890000
0.00240000	0.03830000
0.00160000	0.03760000
0.00110000	0.03690000
0.00090000	0.03630000
0.00070000	0.03560000
0.00050000	0.03500000
0.00040000	0.03440000
0.00040000	0.03380000
0.00050000	0.04560000
0.00040000	0.03600000
0.00040000	0.03290000
0.00030000	0.03170000
0.00030000	0.03090000
0.00030000	0.03030000
0.00050000	0.09540000
0.00040000	0.05190000
0.00040000	0.03670000
0.00040000	0.03210000
0.00030000	0.03050000
0.00040000	0.02960000
0.00040000	0.04660000
0.00050000	0.03330000
0.00040000	0.02930000
0.00050000	0.02790000
0.00050000	0.02710000
0.00040000	0.02660000
0.00100000	0.02610000
0.00150000	0.08650000
0.00130000	0.04270000
0.00100000	0.03840000
0.00090000	0.02970000
0.00070000	0.02690000
0.00080000	0.02760000
0.00100000	0.02570000
0.00100000	0.02490000
0.00060000	0.02430000
0.00060000	0.02390000
0.00170000	0.02480000
0.00500000	0.09040000
0.00330000	0.04770000
0.00200000	0.03640000
0.00150000	0.03290000
0.00140000	0.03150000
0.00150000	0.03070000
0.00150000	0.03010000
0.00120000	0.02950000
0.00150000	0.02900000
0.00120000	0.02850000
0.00100000	0.02800000
0.00090000	0.02750000
0.00080000	0.02700000
0.00080000	0.03740000
0.00080000	0.02900000
0.00080000	0.02640000
0.00060000	0.02540000
0.00060000	0.02480000
0.00070000	0.02430000
0.00090000	0.05360000
0.00090000	0.03160000
0.00110000	0.02520000
0.00110000	0.02320000
0.00120000	0.02240000
0.00120000	0.02190000
0.00130000	0.02140000
0.00150000	0.04920000
0.00150000	0.02840000
0.00150000	0.02260000
0.00160000	0.02080000
0.00250000	0.07320000
0.00470000	0.03570000
0.01090000	0.07620000
0.00700000	0.04270000
0.00460000	0.03000000
0.00300000	0.02680000
0.00230000	0.03060000
0.00160000	0.03030000
0.00150000	0.02540000
0.00150000	0.02370000
0.00490000	0.02300000
0.01000000	1.04890000
0.01820000	0.30570000
0.01090000	0.10320000
0.00730000	0.04750000
0.00520000	0.03190000
0.00360000	0.02730000
0.00330000	0.02530000
0.00270000	0.02480000
0.00250000	0.02440000
0.00240000	0.02400000
0.00250000	0.02350000
0.00240000	0.02310000
0.00220000	0.02270000
0.00200000	0.02230000
0.00180000	0.02190000
0.00210000	0.02150000
0.00250000	0.02120000
0.00220000	0.02080000
0.00220000	0.02040000
0.00220000	0.02010000
0.00190000	0.01970000
0.00190000	0.01930000
0.00180000	0.01900000
0.00160000	0.01870000
0.00150000	0.01830000
0.00140000	0.01800000
0.00150000	0.01820000
0.00170000	0.01810000
0.00170000	0.01780000
0.00130000	0.01750000
0.00130000	0.01720000
0.00130000	0.01690000
0.00160000	0.01660000
0.00220000	0.02970000
0.00220000	0.01920000
0.00220000	0.01610000
0.00220000	0.01510000
0.00260000	0.03080000
0.00580000	1.22580000
0.00850000	0.34720000
0.00820000	0.10780000
0.00740000	0.04220000
0.00700000	0.02400000
0.00630000	0.01880000
0.00500000	0.01670000
0.00450000	0.01640000
0.00410000	0.01610000
0.00190000	0.01580000
0.00250000	0.01550000
0.00280000	0.01530000
0.00280000	0.01590000
0.00300000	0.01500000
0.00390000	0.01450000
0.00280000	0.01420000
0.00320000	0.01450000
0.00370000	0.01440000
0.00360000	0.01420000
0.00360000	0.01400000
0.00350000	0.01370000
0.00300000	0.01350000
0.00330000	0.01860000
0.00320000	0.02020000
0.00350000	0.02030000
0.00430000	0.02010000
0.00470000	0.01390000
0.00580000	0.01210000
0.00630000	0.01150000
0.00650000	0.01760000
1.79920000	11.99710000
0.86320000	3.29180000
0.31800000	0.91300000
0.10900000	0.26250000
0.05720000	0.08450000
0.16360000	0.26270000
0.31800000	0.08120000
0.26350000	0.03640000
0.12720000	0.03370000
0.12720000	0.02340000
0.08270000	0.02010000
0.06180000	0.01890000
0.04090000	0.01840000
0.02910000	0.01820000
0.02360000	0.01780000
0.02180000	0.01720000
0.01910000	0.01670000
0.01360000	0.01630000
0.01090000	0.01600000
0.00910000	0.01610000
0.34530000	0.01590000
0.02000000	0.02470000
0.01820000	0.01750000
0.02450000	0.01530000
0.03270000	0.01450000
0.04000000	0.01410000
0.03910000	0.01380000
0.03820000	0.01360000
0.03360000	0.01330000
0.02730000	0.01360000
0.02180000	0.01350000
0.01820000	0.01330000
0.01640000	0.01310000
0.01640000	0.01460000
0.01730000	0.01260000
0.01820000	0.01190000
0.02000000	0.01160000
0.02090000	0.01140000
0.01820000	0.01120000
0.01540000	0.01100000
0.26350000	0.99890000
0.45430000	0.28270000
0.18170000	0.08770000
0.09090000	0.03420000
0.05910000	0.01940000
0.04000000	0.01520000
0.03000000	0.01340000
2.68970000	1.06570000
2.77150000	2.68380000
0.55430000	0.74810000
0.26350000	0.21960000
0.14540000	0.07480000
0.09090000	0.03490000
0.07450000	0.02330000
0.06630000	0.01900000
0.06000000	0.01850000
0.05360000	0.01820000
0.05450000	0.03130000
0.07090000	0.02120000
0.10000000	0.01820000
0.07270000	0.01720000
0.05270000	0.01670000
0.04270000	0.01690000
0.03630000	0.01790000
0.03090000	0.01620000
0.03090000	0.01560000
0.04270000	0.05460000
0.05820000	0.04840000
0.06000000	0.02470000
0.05630000	0.01840000
0.05000000	0.02380000
0.06000000	0.03770000
0.06910000	0.02140000
2.48980000	1.55790000
0.87230000	0.44670000
0.29990000	0.13560000
0.17260000	0.05040000
0.11810000	0.02690000
0.08180000	0.02020000
0.06090000	0.01750000
0.04820000	0.01720000
0.04090000	0.01690000
0.03540000	0.01660000
0.03090000	0.01630000
0.02910000	0.01600000
0.02640000	0.01570000
0.02360000	0.01550000
0.02540000	0.01520000
0.04000000	0.04570000
0.03450000	0.02310000
0.02820000	0.01670000
0.02360000	0.01480000
0.02270000	0.01410000
0.02000000	0.01370000
0.02000000	0.01340000
0.02450000	0.05780000
0.02450000	0.02510000
0.02090000	0.01670000
0.02000000	0.01420000
0.02000000	0.01340000
0.01910000	0.01300000
1.14490000	0.49200000
8.19630000	6.74130000
1.33580000	1.85760000
0.43620000	0.52420000
0.22720000	0.15840000
0.15450000	0.06820000
0.35440000	0.05410000
0.92690000	0.05410000
0.59060000	0.04830000
63.15350000	24.76160000
8.95960000	6.80400000
2.11720000	1.90790000
1.02680000	0.54040000
0.65430000	0.18110000
0.29080000	0.06810000
0.19990000	0.03500000
2.08090000	0.02750000
2.67150000	0.73550000
0.61790000	0.22010000
0.26350000	0.07940000
0.15450000	0.04060000
0.10000000	0.02960000
0.07630000	0.02630000
0.06180000	0.04330000
0.04730000	0.02940000
0.10900000	0.06160000
0.09090000	0.03380000
0.96320000	0.02620000
3.14400000	1.61090000
17.17410000	24.24870000
1.95370000	7.12230000
0.43620000	1.96970000
0.24530000	0.56140000
0.17260000	0.17610000
0.12720000	0.07770000
0.16360000	0.06630000
0.12720000	0.04970000
0.08090000	0.03490000
0.10900000	0.03050000
21.80840000	7.89220000
1.00860000	2.17980000
0.38160000	0.62290000
0.29080000	0.19790000
1.09040000	0.09200000
1.12680000	0.07200000
0.31800000	0.03750000
0.15450000	0.03130000
0.08630000	0.02920000
0.61790000	2.02210000
0.76330000	0.57490000
0.75420000	0.20790000
1.30850000	0.11320000
0.22720000	0.05320000
0.10000000	0.03680000
0.04630000	0.03100000
0.03000000	0.02990000
0.02270000	0.02920000
0.02270000	0.06700000
0.02910000	0.03860000
0.02730000	0.03080000
0.01640000	0.02830000
0.01270000	0.02730000
0.00900000	0.02660000
0.00730000	0.02610000
0.00620000	0.02560000
0.00510000	0.02520000
0.00450000	0.02470000
0.00410000	0.02430000
0.00280000	0.02390000
0.00210000	0.02340000
0.00160000	0.02300000
0.00180000	0.02260000
0.00200000	0.02310000
0.00140000	0.02210000
0.00120000	0.02150000
0.00110000	0.02110000
0.00090000	0.02070000
0.00100000	0.02030000
0.00150000	0.03850000
0.00150000	0.02470000
0.00150000	0.02070000
0.00130000	0.01930000
0.00120000	0.01870000
0.00750000	0.79460000
0.37260000	0.32910000
0.12720000	0.13280000
0.11810000	0.08210000
0.12720000	0.04340000
0.07910000	0.03280000
0.02910000	0.02920000
0.01540000	0.02810000
0.01000000	0.02750000
0.00630000	0.02700000
0.00370000	0.03910000
0.00300000	0.02950000
0.00220000	0.02650000
0.00140000	0.02540000
0.00080000	0.02470000
0.32710000	0.02430000
0.73600000	0.08680000
0.17260000	0.04150000
0.05630000	0.02940000
0.02540000	0.05290000
0.01270000	0.03190000
0.00860000	0.02580000
0.00860000	0.02380000
0.00810000	0.02300000
0.00750000	0.02250000
0.00280000	0.02200000
0.00310000	0.02170000
0.00330000	0.02130000
0.00460000	0.09490000
0.82690000	0.15540000
1.13590000	0.07800000
0.29080000	0.04390000
0.13630000	0.03430000
0.07810000	0.03120000
0.10000000	0.03000000
15.26590000	0.09200000
2.09910000	0.04680000
0.49070000	0.03470000
0.21810000	0.03100000
0.10900000	0.02960000
0.06540000	0.02880000
0.04090000	0.02820000
0.02730000	0.02770000
0.01910000	0.02720000
0.01360000	0.02680000
0.01090000	0.02630000
0.00810000	0.02580000
0.00670000	0.02540000
0.00540000	0.02490000
0.00450000	0.02450000
0.00480000	0.03710000
0.00500000	0.05350000
0.00450000	0.03140000
0.00350000	0.02510000
0.00380000	0.02310000
0.00420000	0.02230000
0.00440000	0.02170000
0.00470000	0.02130000
0.00820000	0.05120000
0.00700000	0.03620000
0.00640000	0.02450000
0.00640000	0.02100000
0.00520000	0.01980000
0.00380000	0.01920000
0.00390000	0.01880000
0.03820000	0.01850000
0.06820000	0.89270000
0.02180000	0.25890000
0.43620000	0.41980000
0.14540000	0.16340000
0.03360000	0.06610000
0.01450000	0.03980000
0.00750000	0.03190000
0.00550000	0.02970000
0.00450000	0.02860000
0.00430000	0.02800000
0.00330000	0.02760000
0.00210000	0.02710000
0.00210000	0.02660000
0.00250000	0.02610000
0.00290000	0.06550000
0.00330000	0.03610000
0.00400000	0.04270000
0.00380000	0.02960000
0.00320000	0.02590000
0.00280000	0.02450000
0.00270000	0.02380000
0.00280000	0.02340000
0.00280000	0.02290000
0.00300000	0.02250000
0.00350000	0.03020000
0.00360000	0.02390000
0.00360000	0.02200000
0.00540000	0.04600000
0.02090000	0.05720000
0.10000000	0.11140000
0.07270000	0.05000000
0.04000000	0.03370000
0.02730000	0.02890000
0.01730000	0.02720000
0.01090000	0.03720000
0.01180000	0.02880000
0.03000000	0.03710000
0.02090000	0.02820000
0.02090000	0.02540000
0.02270000	0.02430000
0.02360000	0.02370000
0.02540000	0.02330000
0.02820000	0.04260000
0.05450000	0.04540000
0.71790000	0.42520000
0.47250000	0.13750000
0.18170000	0.05950000
0.09090000	0.03780000
0.06090000	0.03140000
0.04360000	0.02930000
0.03090000	0.02820000
0.02450000	0.02770000
0.02090000	0.02720000
0.02090000	0.02680000
0.04450000	0.08460000
0.13630000	0.04340000
0.15450000	0.03270000
0.10000000	0.02940000
0.06630000	0.03540000
0.04360000	0.02940000
0.03270000	0.02740000
0.03360000	0.04730000
0.10000000	0.04820000
0.26350000	0.03280000
0.13630000	0.02870000
0.07090000	0.02720000
0.05000000	0.02640000
0.16360000	0.06580000
0.42710000	0.05690000
0.50890000	0.03610000
0.32710000	0.03060000
0.19990000	0.02870000
0.13630000	0.03390000
0.09090000	0.02890000
0.06090000	0.02720000
0.04450000	0.02640000
0.03730000	0.02580000
0.03000000	0.02530000
0.02640000	0.02490000
0.02270000	0.02440000
0.01910000	0.02400000
0.01730000	0.02360000
0.01820000	0.03390000
0.01730000	0.02570000
0.01730000	0.02310000
0.01540000	0.02220000
0.01360000	0.02160000
0.01450000	0.02120000
0.01540000	0.02080000
0.01540000	0.02040000
0.02270000	0.02010000
0.06360000	0.02030000
0.09090000	0.02010000
0.06360000	0.01970000
0.02730000	0.01940000
0.02270000	0.02660000
0.02180000	0.02030000
0.02090000	0.01830000
0.02090000	0.01760000
0.02180000	0.01710000
0.02360000	0.01680000
0.02540000	0.01650000
0.02730000	0.01620000
0.02540000	0.01590000
0.02640000	0.01560000
0.02270000	0.01540000
0.02090000	0.01510000
0.02180000	0.01540000
0.02270000	0.01530000
0.01820000	0.01500000
0.01640000	0.01480000
0.01450000	0.01450000
0.01450000	0.01430000
0.01640000	0.01410000
0.01820000	0.01380000
0.01910000	0.01360000
0.01910000	0.01340000
0.01730000	0.01320000
0.01730000	0.02520000
0.03450000	0.04760000
4.24360000	0.05320000
1.05410000	0.02540000
0.50890000	0.01820000
0.50890000	0.01600000
0.39980000	0.01570000
0.16360000	0.01550000
0.13630000	0.01520000
0.06090000	0.01500000
0.05360000	0.01470000
0.06000000	0.01450000
0.26350000	0.05230000
1.46300000	0.03860000
1.73560000	0.02180000
1.73560000	0.03100000
1.02680000	0.01960000
0.57250000	0.01680000
0.33620000	0.01580000
0.22720000	0.01590000
0.16360000	0.01570000
0.13630000	0.01540000
0.12720000	0.01510000
0.11810000	0.01480000
0.11810000	0.01440000
0.09090000	0.01420000
0.10900000	0.01360000
0.20900000	0.01330000
0.34530000	0.01310000
0.85420000	0.01280000
0.75420000	0.01260000
2.45340000	0.01240000
58.33750000	43.06270000
10.44990000	12.69120000
1.51750000	3.48160000
0.59970000	0.96490000
0.32710000	0.27670000
14.72070000	0.30960000
11.81290000	11.31590000
1.70830000	3.10720000
1.69920000	0.87350000
1.76280000	0.25360000
0.65430000	0.08390000
0.32710000	0.03720000
0.22720000	0.01960000
0.16360000	0.01920000
0.13630000	0.01880000
0.11810000	0.01850000
3.65290000	0.35250000
2.34440000	4.24050000
0.59060000	1.17310000
0.28170000	0.33530000
0.23630000	0.10600000
1.89010000	0.07510000
0.58160000	0.03420000
0.23630000	0.02190000
0.17260000	0.02000000
0.15450000	0.03010000
0.13630000	0.02540000
0.12720000	0.02020000
0.11810000	0.01850000
0.10000000	0.01790000
0.07810000	0.01740000
0.07450000	0.01710000
2.30810000	0.27900000
0.86320000	0.08880000
0.29080000	0.03730000
0.18170000	0.02950000
0.13630000	0.02070000
0.10900000	0.03060000
0.10000000	0.02040000
0.09090000	0.01750000
0.08720000	0.01650000
0.07910000	0.01600000
0.07630000	0.01570000
0.11810000	0.04170000
0.27260000	0.04940000
0.19080000	0.02420000
0.11810000	0.01790000
0.08810000	0.01600000
0.10000000	0.04140000
4.70700000	5.82210000
4.00730000	5.00020000
1.00860000	1.38030000
0.40890000	0.39150000
0.24530000	0.12100000
0.19080000	0.05850000
0.14540000	0.02700000
0.12720000	0.01920000
0.11810000	0.03210000
0.39070000	0.02150000
2.42620000	3.09980000
0.85420000	0.86090000
0.33620000	0.24940000
0.20900000	0.08200000
0.14540000	0.03600000
0.11810000	0.02320000
0.10900000	0.01940000
0.10000000	0.01820000
0.08720000	0.01760000
0.08000000	0.01720000
0.07090000	0.01990000
0.06910000	0.03630000
0.52700000	0.04610000
0.16360000	0.02420000
0.10000000	0.01820000
0.07810000	0.01630000
0.06540000	0.01560000
0.14540000	0.05500000
0.09090000	0.02580000
0.06720000	0.01800000
0.05820000	0.01570000
0.05090000	0.01520000
0.04630000	0.02180000
0.04630000	0.01620000
0.04090000	0.01450000
0.03630000	0.01380000
0.03540000	0.02310000
0.03270000	0.01580000
0.29080000	0.53720000
0.34530000	0.16660000
0.13630000	0.05720000
0.07180000	0.02710000
0.05270000	0.01870000
0.04360000	0.01620000
5.20680000	0.02220000
11.17680000	1.45650000
5.17040000	0.41800000
4.67060000	0.46180000
1.16310000	0.14370000
1.50840000	0.06960000
3.32580000	0.06620000
0.70880000	0.03480000
0.29080000	0.02710000
0.18170000	0.02450000
0.13630000	0.02360000
0.10900000	0.02310000
0.09000000	0.02950000
0.07270000	0.03410000
0.08360000	0.05490000
0.07180000	0.03050000
0.06000000	0.02370000
0.05360000	0.02160000
0.05000000	0.03940000
0.26350000	0.02530000
0.57250000	0.06950000
0.16360000	0.03360000
0.29080000	0.07010000
0.20900000	0.03430000
0.09090000	0.02460000
0.05360000	0.02170000
0.04000000	0.02060000
0.03270000	0.02000000
0.60880000	0.01960000
0.19990000	0.06070000
0.06270000	0.03030000
0.22720000	0.02200000
0.28170000	0.06630000
0.08720000	0.03140000
0.05270000	0.02200000
0.03820000	0.01920000
0.03540000	0.01830000
0.08910000	0.03180000
0.04270000	0.02120000
0.02910000	0.01810000
0.02640000	0.02110000
0.02450000	0.01770000
0.02450000	0.02830000
0.05000000	0.04760000
0.04540000	0.02430000
0.03090000	0.01770000
0.02450000	0.01570000
0.02000000	0.01500000
0.01910000	0.01600000
0.01730000	0.01470000
0.01640000	0.01410000
0.01450000	0.01380000
0.01360000	0.01360000
0.01000000	0.01330000
0.00610000	0.01310000
0.00610000	0.01280000
0.00580000	0.01260000
0.00550000	0.01240000
0.49980000	0.03750000
0.04000000	0.01890000
0.01820000	0.01360000
0.01180000	0.01210000
0.00740000	0.01150000
0.00440000	0.01120000
0.00360000	0.03820000
0.00270000	0.01820000
0.00200000	0.01260000
0.00140000	0.01090000
0.00120000	0.01030000
0.00110000	0.01000000
0.00100000	0.00980000
0.00090000	0.00970000
0.00080000	0.00950000
0.00070000	0.00930000
0.00060000	0.00920000
0.00050000	0.00900000
0.00050000	0.00880000
0.00040000	0.00870000
0.00030000	0.00850000
0.00050000	0.08790000
0.00040000	0.07780000
0.00040000	0.03120000
0.06180000	0.08500000
0.05540000	0.03520000
0.22720000	0.15820000
0.11810000	0.06920000
0.57250000	0.07100000
0.43620000	0.11080000
0.18170000	0.05230000
0.07450000	0.03660000
0.03360000	0.03180000
0.01910000	0.03020000
0.01180000	0.02930000
0.00790000	0.03310000
0.00640000	0.02940000
0.00550000	0.02800000
0.00450000	0.02730000
0.00360000	0.02670000
0.00270000	0.02630000
0.00180000	0.02580000
0.00150000	0.02530000
0.00150000	0.05200000
0.00120000	0.03180000
0.00100000	0.02600000
0.00090000	0.02410000
0.00090000	0.02330000
0.00120000	0.02850000
0.00090000	0.03510000
0.00070000	0.02540000
0.00070000	0.02250000
0.00060000	0.02140000
0.00060000	0.02090000
0.00060000	0.02050000
0.00050000	0.02010000
0.00050000	0.01970000
0.00270000	0.99450000
0.00170000	0.28760000
0.00130000	0.09480000
0.00120000	0.04640000
0.00100000	0.02830000
0.00090000	0.02310000
0.00100000	0.05110000
0.00110000	0.85100000
0.00090000	0.24820000
0.00090000	0.08390000
0.00080000	0.03870000
0.00080000	0.02610000
0.00070000	0.02240000
0.00070000	0.02070000
0.00060000	0.02040000
0.00050000	0.02000000
0.00050000	0.01970000
0.00050000	0.01930000
0.00050000	0.01900000
0.00050000	0.01860000
0.00040000	0.01830000
0.00040000	0.01800000
0.00050000	0.04270000
0.00040000	0.02420000
0.00040000	0.01890000
0.00040000	0.01730000
0.00070000	0.08290000
0.00050000	0.03600000
0.00050000	0.02380000
0.00050000	0.02310000
0.00050000	0.01980000
0.00050000	0.01860000
0.00050000	0.01800000
0.00050000	0.01770000
0.00060000	0.01740000
0.00070000	0.01700000
0.00070000	0.01670000
0.00130000	0.04220000
0.00150000	0.05900000
0.00420000	0.08270000
0.00520000	0.07820000
0.00450000	0.03880000
0.00390000	0.02850000
0.00350000	0.02530000
0.00330000	0.02420000
0.00350000	0.02350000
0.00370000	0.02310000
0.00400000	0.02970000
0.00400000	0.02420000
0.02180000	0.07100000
0.11810000	0.11460000
0.06720000	0.05220000
0.04360000	0.03570000
0.03000000	0.03080000
0.02730000	0.03640000
0.01910000	0.03020000
0.01270000	0.02820000
0.00800000	0.02730000
0.00900000	0.02670000
0.01270000	0.02620000
0.01180000	0.02570000
0.01090000	0.02530000
0.00910000	0.02480000
0.00750000	0.02440000
0.00650000	0.02400000
0.00610000	0.02350000
0.00540000	0.02310000
0.00450000	0.02270000
0.00400000	0.02230000
0.00350000	0.02190000
0.00350000	0.02150000
0.00340000	0.02120000
0.00530000	0.05700000
0.00570000	0.06780000
0.00670000	0.09050000
0.00500000	0.06920000
0.00410000	0.03940000
0.00470000	0.05170000
0.00470000	0.03460000
0.00450000	0.03110000
0.00370000	0.02970000
0.00350000	0.02900000
0.00340000	0.02850000
0.00360000	0.02800000
0.00490000	0.02750000
0.00600000	0.02700000
0.00640000	0.02650000
0.00580000	0.02610000
0.00530000	0.02560000
0.00530000	0.02520000
0.00530000	0.05060000
0.00530000	0.03910000
0.00560000	0.02850000
0.00680000	0.02550000
0.00670000	0.02440000
0.00700000	0.02380000
0.01090000	0.05330000
0.01360000	0.03180000
0.18170000	0.05920000
0.80870000	0.54960000
0.41800000	0.17020000
0.22720000	0.06710000
0.13630000	0.03850000
0.09090000	0.03090000
0.06000000	0.02850000
0.05180000	0.02730000
0.04540000	0.02680000
0.03450000	0.03420000
0.03180000	0.02750000
0.84510000	0.04670000
1.29940000	0.45300000
0.86320000	0.15270000
1.67200000	0.74230000
3.53480000	5.78710000
2.87140000	1.60490000
0.69970000	0.46220000
0.26350000	0.14920000
0.13630000	0.06340000
0.08180000	0.03930000
0.05910000	0.03040000
0.04910000	0.02990000
0.03910000	0.02940000
0.03540000	0.02890000
0.03540000	0.02840000
0.03090000	0.02790000
0.02910000	0.02740000
0.02730000	0.02690000
0.02730000	0.02650000
0.02820000	0.02600000
0.02820000	0.02560000
0.02730000	0.02520000
0.04360000	0.04160000
0.10900000	0.02840000
0.15450000	0.02450000
0.20900000	0.02310000
0.19990000	0.02240000
0.13630000	0.02200000
0.10900000	0.02150000
0.12720000	0.03210000
0.10900000	0.02380000
0.09090000	0.02120000
0.07090000	0.02030000
0.05360000	0.01980000
0.04360000	0.01940000
0.03730000	0.01900000
0.03450000	0.01870000
0.03450000	0.01980000
13.53940000	10.27040000
8.01460000	5.70800000
1.38120000	1.57550000
0.53610000	0.44650000
0.29080000	0.13770000
0.52700000	0.05290000
5.21580000	0.42000000
6.86960000	3.31740000
1.64470000	1.89300000
1.08130000	0.58670000
0.63610000	0.21720000
0.37260000	0.07680000
0.27260000	0.03640000
0.20900000	0.02390000
0.16360000	0.02120000
3.01680000	0.03440000
9.99550000	12.48130000
1.39940000	3.64960000
0.49070000	1.02700000
0.29080000	0.29700000
0.21810000	0.09910000
0.17260000	0.04550000
0.14540000	0.02170000
0.12720000	0.02010000
0.11810000	0.01950000
12.81240000	4.20060000
5.93370000	12.62730000
1.42660000	3.97590000
0.75420000	1.15300000
0.44530000	0.33550000
0.83600000	0.10650000
3.76190000	0.04170000
2.48980000	0.02070000
0.99050000	0.01920000
15.81110000	2.00650000
7.73290000	3.87570000
1.76280000	4.38530000
6.19720000	7.11370000
6.11540000	3.54210000
1.92640000	1.56200000
0.69970000	0.52940000
0.38160000	0.17100000
0.28170000	0.05990000
0.22720000	0.02820000
0.19990000	0.02110000
0.79060000	1.10670000
0.77240000	0.70930000
0.31800000	0.24130000
0.98140000	3.03590000
0.84510000	2.07320000
0.28170000	0.90030000
4.17090000	0.32490000
3.65290000	4.39720000
0.79060000	1.90200000
0.34530000	0.62320000
0.24530000	0.20040000
0.18170000	0.07940000
0.15450000	0.04360000
0.12720000	0.02770000
0.10000000	0.02090000
0.08360000	0.01900000
0.14540000	0.01830000
0.41800000	2.88890000
6.84240000	9.01460000
1.94460000	2.74600000
0.43620000	0.84650000
0.22720000	0.25090000
0.15450000	0.08250000
0.12720000	0.03500000
0.10900000	0.01960000
0.11810000	0.03500000
0.10900000	0.02630000
0.09090000	0.01990000
0.08910000	0.03340000
0.07720000	0.03550000
0.06720000	0.02180000
0.86320000	0.04840000
1.70830000	13.03250000
0.47250000	3.58220000
0.34530000	1.00660000
0.48160000	0.30310000
0.22720000	0.09580000
0.15450000	0.03900000
0.11810000	0.01780000
0.10900000	0.02150000
0.16360000	0.04820000
0.11810000	0.02620000
0.10900000	0.01890000
0.08810000	0.01670000
0.06910000	0.01590000
0.06720000	0.03720000
0.05720000	0.02110000
0.05540000	0.01650000
0.05540000	0.01500000
0.04450000	0.03720000
0.03540000	0.02030000
0.03090000	0.01550000
0.02730000	0.01400000
0.02540000	0.01350000
0.03540000	0.02550000
0.13630000	0.87730000
0.05180000	0.25380000
0.03910000	0.10300000
0.30900000	0.03960000
1.14490000	0.04850000
0.09090000	0.02440000
0.04090000	0.01730000
0.02730000	0.01550000
0.02180000	0.01480000
0.01910000	0.01440000
0.01640000	0.01410000
0.01360000	0.01390000
0.01270000	0.01360000
0.01360000	0.03230000
0.01540000	0.08710000
0.01450000	0.03520000
0.01360000	0.02140000
1.83550000	0.05430000
1.63560000	9.31940000
0.80870000	2.57180000
4.22540000	0.73330000
2.28990000	0.26120000
0.41800000	0.08720000
8.92330000	2.89460000
2.65340000	0.82200000
0.55430000	0.25110000
0.25440000	0.08720000
0.16360000	0.04200000
0.11810000	0.06190000
0.08180000	0.03330000
0.35440000	0.09430000
2.67150000	3.36100000
1.27220000	0.96870000
0.34530000	0.28640000
0.16360000	0.09980000
0.09090000	0.04840000
0.05820000	0.03400000
0.04270000	0.02830000
5.02500000	0.10390000
47.79670000	9.08530000
4.34350000	2.50700000
0.86320000	0.70890000
0.48160000	0.21700000
49.25060000	11.91700000
17.26500000	3.95700000
0.50890000	1.11710000
0.64520000	0.33130000
1.20850000	0.19430000
0.57250000	0.07910000
0.21810000	0.04260000
0.20900000	0.34930000
0.29990000	0.12050000
0.23630000	0.05810000
0.07360000	0.04060000
0.06360000	0.03540000
0.05720000	0.03350000
0.05000000	0.03250000
0.04630000	0.05150000
0.03820000	0.03670000
0.03270000	0.03230000
0.02820000	0.03060000
0.02450000	0.02980000
0.02270000	0.02920000
0.02270000	0.02870000
0.02180000	0.02820000
0.02540000	0.03240000
0.02820000	0.08060000
0.02640000	0.04200000
0.02540000	0.03150000
4.12540000	0.09910000
1.78100000	0.10080000
0.39070000	0.05060000
0.16360000	0.03690000
0.09090000	0.05850000
0.05910000	0.07910000
0.04360000	0.06570000
0.03540000	0.04060000
0.03180000	0.03370000
0.02820000	0.03880000
0.02360000	0.03240000
0.02180000	0.03030000
1.17220000	0.02930000
0.23630000	0.02870000
0.08000000	0.02820000
0.04270000	0.02770000
0.03000000	0.02720000
0.02450000	0.02680000
0.02000000	0.02630000
0.01640000	0.02580000
0.01540000	0.02530000
0.01180000	0.02490000
0.01180000	0.02440000
0.01090000	0.02400000
0.00350000	0.02360000
0.00250000	0.02310000
0.00200000	0.02270000
0.00190000	0.02230000
0.00250000	0.02190000
0.00320000	0.04490000
0.00270000	0.02760000
0.00220000	0.02250000
0.00380000	0.02090000
0.00680000	0.10090000
0.00460000	0.04380000
0.00310000	0.02860000
0.00250000	0.02420000
0.00230000	0.02270000
0.00210000	0.02200000
0.00200000	0.02150000
0.00170000	0.02110000
0.00120000	0.02070000
0.00110000	0.02030000
0.00090000	0.02000000
0.00090000	0.01960000
0.00150000	0.01930000
0.01360000	1.13460000
0.02270000	0.38620000
0.03630000	0.12790000
0.02000000	0.08350000
0.01360000	0.05720000
0.00870000	0.03800000
0.00910000	0.03200000
0.01360000	0.06320000
0.01090000	0.05190000
0.00810000	0.03560000
0.01180000	0.03110000
0.01640000	0.84590000
0.01270000	0.26520000
0.00690000	0.09450000
0.00550000	0.04850000
0.00400000	0.03490000
0.00380000	0.03070000
0.00460000	0.02890000
0.00570000	0.02830000
0.00710000	0.05300000
0.00590000	0.03420000
8.18720000	2.08660000
9.35940000	19.45170000
1.10860000	5.37130000
0.45430000	1.49720000
0.26350000	0.43830000
0.17260000	0.14840000
0.10900000	0.06780000
0.06720000	0.03820000
0.04360000	0.03750000
0.03450000	0.03690000
0.05180000	0.05050000
0.06450000	0.04810000
0.05270000	0.06450000
1.11770000	7.40920000
0.58160000	2.05280000
0.26350000	0.58900000
0.15450000	0.18840000
0.07540000	0.07840000
0.04820000	0.04790000
0.03910000	0.03600000
0.03180000	0.03540000
0.02450000	0.03470000
0.02000000	0.03410000
0.02000000	0.05710000
0.05000000	0.07990000
0.06180000	0.04630000
0.05450000	0.03760000
0.06450000	0.05960000
14.81150000	10.14760000
8.16910000	9.30110000
1.49930000	2.81910000
0.59970000	0.79900000
0.36350000	0.24690000
0.26350000	0.09550000
0.44530000	0.27200000
0.46340000	0.09910000
3.07130000	8.34110000
0.97230000	2.30820000
0.39070000	0.65960000
0.25440000	0.20840000
0.19990000	0.08450000
0.15450000	0.05020000
0.12720000	0.03690000
0.10000000	0.03630000
0.07910000	0.03560000
0.06630000	0.03500000
0.06820000	0.03440000
0.05540000	0.03380000
0.05000000	0.03320000
0.04630000	0.03260000
0.04270000	0.03200000
0.04270000	0.03140000
0.03910000	0.03090000
0.03730000	0.03030000
0.03540000	0.02980000
0.03360000	0.02930000
0.04360000	0.04340000
0.04630000	0.04240000
0.04000000	0.03160000
0.03910000	0.02830000
0.03820000	0.02710000
0.03730000	0.03080000
0.07810000	0.34090000
0.29080000	4.26050000
0.19080000	1.18420000
0.11810000	0.34400000
0.07450000	0.11400000
0.05540000	0.05070000
0.04820000	0.03300000
0.04360000	0.02620000
0.04090000	0.02570000
0.03820000	0.02530000
0.03730000	0.02480000
0.03540000	0.02440000
0.03630000	0.02390000
0.05000000	0.02350000
0.05180000	0.02310000
0.05360000	0.02320000
0.05090000	0.02300000
0.04090000	0.02260000
0.03360000	0.02210000
0.02910000	0.02170000
0.02820000	0.02090000
0.03000000	0.02040000
0.03090000	0.02000000
0.03360000	0.01970000
0.03090000	0.01930000
0.02910000	0.01950000
0.02910000	0.01930000
0.04270000	0.01910000
0.04360000	0.01870000
0.03820000	0.01840000
0.03910000	0.01810000
0.04180000	0.01780000
0.04180000	0.01750000
0.04360000	0.01720000
0.04180000	0.01690000
0.03910000	0.01660000
0.03820000	0.01640000
0.04540000	0.01610000
0.06000000	0.01580000
0.05720000	0.01560000
0.05270000	0.01510000
0.06540000	0.01470000
0.22720000	0.02610000
0.80870000	0.34840000
0.76330000	0.73390000
0.54520000	0.21370000
0.81780000	0.07370000
7.15130000	8.39010000
6.46070000	3.65470000
2.41710000	1.24300000
1.80830000	0.36690000
0.76330000	0.11250000
0.68150000	0.04280000
0.56340000	0.02000000
0.35440000	0.01650000
0.25440000	0.01670000
9.81380000	5.93280000
4.38890000	3.30690000
1.24490000	2.18670000
0.71790000	0.83440000
0.39980000	0.26600000
0.28170000	0.08770000
0.24530000	0.03330000
14.53890000	10.36540000
3.00770000	3.65730000
0.77240000	1.12400000
0.46340000	0.33480000
3.28940000	0.10340000
1.59020000	1.23250000
0.47250000	1.26220000
0.31800000	0.49490000
0.26350000	0.16790000
0.28170000	0.07160000
0.46340000	0.04690000
0.33620000	0.60620000
0.29080000	0.28090000
0.39070000	0.61220000
0.30900000	0.26260000
0.22720000	0.09630000
0.20900000	0.03770000
0.19080000	0.02950000
0.20900000	0.02080000
0.19990000	0.01580000
0.18170000	0.01440000
0.16360000	0.01390000
0.14540000	0.01360000
0.18170000	0.01330000
0.22720000	0.02810000
0.20900000	0.01700000
0.91780000	0.01420000
2.67150000	0.71770000
0.63610000	0.90310000
1.28120000	0.34350000
8.00550000	13.51230000
4.27080000	4.62840000
1.84460000	1.63140000
0.79060000	0.51140000
0.46340000	0.16520000
0.33620000	0.06240000
0.25440000	0.03510000
0.21810000	2.81610000
0.19080000	2.20370000
0.16360000	1.18160000
0.14540000	0.44080000
0.13630000	0.15900000
0.13630000	0.06670000
0.12720000	0.03990000
0.68150000	3.15430000
0.71790000	1.67860000
0.34530000	0.59500000
0.23630000	0.20040000
0.18170000	0.07650000
0.18170000	0.06180000
0.19080000	0.03650000
0.18170000	0.03020000
0.16360000	0.02840000
0.15450000	0.02760000
0.13630000	0.02700000
0.15450000	0.07450000
0.18170000	1.40690000
0.23630000	1.53880000
0.51790000	1.71450000
0.26350000	0.86610000
2.75330000	0.28770000
5.41580000	0.67850000
0.57250000	0.59030000
0.32710000	0.21290000
0.22720000	0.07940000
0.18170000	0.04070000
0.16360000	0.25580000
22.35360000	18.41980000
8.37810000	13.82270000
1.78100000	5.06170000
0.69060000	1.65190000
0.40890000	0.49540000
0.29080000	0.15630000
2.04450000	0.08780000
1.21760000	0.12420000
0.49070000	0.08630000
1.49930000	1.12840000
0.54520000	0.62720000
0.37260000	0.23610000
0.54520000	1.42220000
0.51790000	1.68540000
0.55430000	0.87560000
0.29990000	0.30130000
0.17260000	0.10440000
0.12720000	0.04630000
0.10000000	0.02960000
1.02680000	0.02470000
7.95100000	14.06890000
0.76330000	3.86320000
0.28170000	1.07380000
0.18170000	0.31100000
0.13630000	0.10220000
0.10900000	0.04480000
0.09090000	0.02300000
0.13630000	0.04370000
0.32710000	0.15600000
0.18170000	0.05950000
1.15400000	0.03290000
1.36300000	5.54390000
13.99370000	7.59150000
2.96230000	2.68680000
0.49070000	0.75300000
0.25440000	0.22450000
0.17260000	0.07970000
0.12720000	0.04740000
0.10900000	0.02810000
0.12720000	0.02480000
0.07270000	0.02390000
0.05910000	0.02330000
0.05090000	0.02280000
0.04360000	0.02240000
0.03910000	0.02200000
0.03540000	0.02450000
0.03270000	0.02200000
0.03180000	0.02110000
0.03090000	0.04700000
0.03000000	0.02740000
0.02910000	0.02600000
0.02540000	0.02110000
0.02180000	0.01960000
0.02180000	0.01890000
0.02270000	0.01850000
0.01730000	0.04540000
0.01730000	0.02520000
0.11810000	0.03460000
0.10900000	0.03870000
0.05360000	0.02280000
0.03090000	0.01820000
0.02270000	0.01670000
0.01820000	0.01860000
0.01540000	0.02220000
0.01360000	0.01720000
0.01180000	0.01560000
0.01000000	0.01500000
0.00900000	0.01470000
0.00780000	0.01440000
0.17260000	0.09480000
3.85280000	22.02840000
0.39980000	6.03960000
0.14540000	1.67020000
0.07810000	0.47460000
0.12720000	0.17370000
0.21810000	0.09120000
0.09090000	0.11170000
30.80440000	10.62620000
1.06320000	2.92850000
0.38160000	0.82450000
0.21810000	0.24900000
0.15450000	0.09120000
0.10000000	0.04770000
0.06630000	0.03100000
0.05090000	0.03050000
0.04090000	0.02990000
0.03180000	0.02940000
0.02450000	0.02890000
0.01910000	0.02840000
0.01640000	0.02790000
0.01360000	0.02740000
0.01180000	0.02690000
0.01000000	0.02640000
0.01180000	0.04170000
0.01180000	0.03630000
0.00910000	0.02800000
0.00690000	0.02540000
0.00500000	0.02440000
0.00420000	0.02380000
0.00320000	0.02330000
0.00270000	0.02290000
0.00250000	0.02250000
0.00150000	0.02210000
0.00150000	0.02170000
0.00140000	0.02130000
0.00110000	0.03890000
0.00090000	0.02550000
0.00060000	0.02150000
0.00060000	0.02020000
0.00050000	0.01960000
0.00050000	0.01920000
0.00050000	0.01880000
0.00020000	0.01850000
0.00020000	0.01810000
0.00060000	0.01780000
0.00080000	0.52630000
0.00060000	0.15730000
0.00040000	0.05680000
0.00030000	0.02900000
0.00010000	0.02120000
0.00000000	0.01890000
0.00000000	0.01780000
0.00000000	0.01750000
0.00000000	0.01710000
0.00010000	0.01680000
0.00000000	0.01950000
0.00000000	0.02120000
0.00000000	0.01730000
0.00000000	0.01610000
0.00000000	0.01550000
0.00000000	0.01520000
0.00000000	0.09370000
0.00000000	0.03610000
0.00000000	0.02090000
0.00000000	0.01660000
0.00000000	0.01520000
0.00000000	0.01460000
0.00000000	0.01420000
0.00000000	0.01400000
0.00000000	0.01370000
0.00000000	0.01350000
0.00000000	0.01330000
0.00000000	0.01300000
0.00000000	0.01280000
0.00000000	0.01260000
0.00000000	0.01240000
0.00000000	0.01210000
0.00000000	0.01190000
0.00000000	0.01170000
0.00000000	0.01150000
0.00000000	0.01130000
0.00000000	0.02230000
0.00000000	0.01400000
0.00000000	0.01160000
0.00000000	0.01080000
0.00000000	0.01040000
0.00000000	0.01020000
0.00000000	0.02970000
0.00000000	0.02990000
0.00000000	0.01510000
0.00000000	0.01100000
0.00000000	0.00970000
0.00000000	0.00920000
0.00000000	0.00900000
0.00000000	0.00880000
0.00000000	0.00870000
0.00000000	0.06230000
0.00000000	0.12050000
0.00000000	0.04490000
0.00000000	0.02480000
0.00000000	0.01910000
0.00010000	0.04580000
0.00000000	0.04990000
0.00000000	0.02630000
0.00000000	0.02040000
0.00000000	0.01850000
0.00000000	0.45360000
0.00000000	0.14780000
0.00000000	0.05720000
0.00000000	0.02890000
0.00000000	0.02090000
0.00000000	0.01850000
0.00000000	0.01750000
0.00000000	0.01710000
0.00000000	0.01680000
0.00000000	0.01650000
0.00000000	0.01620000
0.00000000	0.01590000
0.00000000	0.01570000
0.00000000	0.01540000
0.00000000	0.01510000
0.00000000	0.01480000
0.00000000	0.01460000
0.00000000	0.01430000
0.00000000	0.01410000
0.00000000	0.01380000
0.00000000	0.01360000
0.00000000	0.01330000
0.00000000	0.01310000
0.00000000	0.01290000
0.00000000	0.01260000
0.00000000	0.01240000
0.00000000	0.01220000
0.00000000	0.01200000
0.00000000	0.01180000
0.00000000	0.01160000
0.00000000	0.01140000
0.00000000	0.01120000
0.00000000	0.01100000
0.00000000	0.01080000
0.00000000	0.01060000
0.00000000	0.01040000
0.00000000	0.01020000
0.00000000	0.01000000
0.00000000	0.00980000
0.00000000	0.00970000
0.00000000	0.00950000
0.00000000	0.00930000
0.00000000	0.01190000
0.00000000	0.00980000
0.00000000	0.00910000
0.00000000	0.00870000
0.00020000	0.03720000
0.00010000	0.01620000
0.00000000	0.01040000
0.00000000	0.00870000
0.00000000	0.00810000
0.00000000	0.00790000
0.00000000	0.00770000
0.00000000	0.00750000
0.00000000	0.00740000
0.00000000	0.00730000
0.00010000	0.02380000
0.00190000	0.07760000
0.00910000	0.02960000
0.00460000	1.46210000
0.00260000	0.41120000
0.00210000	0.12470000
0.02540000	0.12360000
0.05000000	0.09590000
0.06820000	0.04390000
0.05540000	0.02950000
0.03090000	0.02580000
0.01820000	0.02450000
0.01540000	0.04490000
0.01090000	0.02960000
0.00790000	0.02590000
0.00620000	0.02450000
0.00500000	0.02360000
0.00430000	0.02340000
0.00320000	0.02300000
0.00250000	0.02260000
0.00210000	0.02230000
0.00180000	0.02190000
0.00150000	0.02150000
0.00150000	0.02150000
0.00150000	0.02040000
0.00150000	0.01980000
0.00140000	0.01940000
0.00130000	0.01900000
0.00110000	0.01870000
0.00110000	0.01840000
0.00150000	0.01800000
0.00180000	0.01770000
0.00160000	0.01800000
0.00170000	0.01780000
0.00190000	0.01750000
0.00160000	0.02480000
0.00160000	0.01850000
0.00170000	0.02040000
0.00230000	0.01950000
0.00200000	0.01640000
0.00230000	0.01540000
0.00190000	0.01490000
0.00140000	0.01460000
0.00140000	0.01430000
0.00130000	0.01410000
0.00130000	0.01380000
0.00150000	0.01410000
0.00180000	0.01400000
0.00240000	0.01380000
0.00170000	0.01360000
0.00140000	0.01330000
0.00120000	0.01300000
0.00110000	0.01270000
0.00100000	0.01250000
0.00110000	0.01210000
0.00100000	0.01210000
0.00080000	0.01150000
0.00110000	0.01170000
0.00130000	0.01170000
0.00140000	0.01150000
0.00140000	0.01130000
0.00130000	0.01110000
0.00140000	0.01090000
0.00150000	0.02220000
0.00140000	0.01340000
0.00130000	0.01190000
0.00140000	0.01100000
0.00130000	0.00970000
0.00130000	0.00930000
0.00150000	0.00900000
0.00150000	0.00890000
0.00160000	0.00920000
0.00180000	0.01310000
0.00190000	0.01720000
0.00190000	0.01070000
0.00180000	0.00880000
0.00170000	0.00810000
0.19080000	0.32630000
0.21810000	0.09880000
0.12720000	0.03740000
0.07360000	0.02040000
0.04540000	0.01560000
0.03000000	0.01410000
0.02180000	0.03830000
0.41800000	0.01990000
1.13590000	2.20640000
0.25440000	0.61650000
0.10900000	0.18250000
0.07270000	0.06360000
0.05630000	0.05700000
0.03540000	0.02880000
0.03180000	0.03850000
0.04270000	0.04060000
0.03820000	0.02480000
0.02910000	0.02060000
0.02270000	0.01920000
0.01640000	0.01860000
0.01270000	0.01820000
0.01180000	0.01790000
0.01090000	0.02550000
0.01000000	0.02060000
0.01090000	0.01790000
0.01090000	0.01690000
0.01180000	0.03770000
0.07000000	0.07360000
0.09090000	0.04520000
0.06630000	0.05480000
0.49980000	0.06260000
0.46340000	0.06000000
0.19990000	0.03340000
0.10900000	0.02650000
0.08000000	0.02430000
0.06820000	0.02440000
0.05090000	0.02320000
0.04820000	0.02250000
0.26350000	0.09750000
0.24530000	0.04410000
0.12720000	0.03000000
0.08910000	0.02580000
0.06360000	0.02430000
0.04540000	0.02360000
0.03270000	0.02960000
0.02640000	0.02450000
0.02360000	0.02280000
0.02000000	0.02200000
0.01640000	0.02150000
0.01640000	0.02110000
0.01540000	0.03160000
0.01270000	0.02340000
0.01180000	0.02080000
0.01180000	0.02350000
0.00910000	0.02040000
0.00820000	0.01930000
0.00780000	0.01870000
0.00910000	0.01830000
0.02360000	0.01800000
0.10000000	0.04090000
0.03180000	0.02370000
0.02000000	0.01880000
0.01820000	0.04260000
0.01730000	0.03840000
0.01270000	0.02220000
0.00910000	0.02040000
0.01090000	0.03510000
0.01180000	0.02070000
0.00910000	0.01660000
0.01180000	0.03130000
0.01270000	0.03640000
0.01730000	0.02030000
0.01360000	0.01570000
0.01000000	0.01430000
0.00850000	0.01370000
0.00820000	0.01340000
0.00840000	0.01310000
0.00660000	0.01290000
0.00580000	0.01270000
0.00900000	0.05130000
0.00790000	0.02290000
0.01450000	0.38060000
0.02090000	0.14740000
0.01910000	0.05150000
0.01360000	0.02560000
0.00760000	0.01830000
0.00610000	0.01610000
0.00450000	0.01510000
0.00410000	0.01480000
0.00350000	0.01460000
0.00230000	0.01430000
0.00220000	0.01410000
0.00180000	0.01380000
0.00270000	0.01360000
0.00250000	0.40010000
0.00310000	0.14620000
0.01270000	0.05030000
0.01360000	0.02430000
0.02540000	0.54480000
2.11720000	12.02750000
0.49980000	3.30720000
0.18170000	0.92390000
0.08090000	0.27210000
0.04910000	0.09360000
0.02910000	0.04430000
0.01730000	0.02570000
0.01090000	0.02520000
0.19080000	0.02480000
0.75420000	0.08490000
0.20900000	0.04130000
0.09000000	0.02970000
0.04540000	0.02620000
0.02640000	0.02490000
0.01540000	0.02430000
0.05630000	0.40780000
1.36300000	0.22930000
0.39070000	0.08570000
0.26350000	0.09430000
0.18170000	0.06390000
0.08630000	0.04110000
0.08720000	0.06070000
0.09090000	0.03970000
0.08270000	0.03330000
0.73600000	0.09860000
5.43390000	8.46830000
0.85420000	2.34230000
0.34530000	0.66790000
0.31800000	0.25470000
0.91780000	0.18070000
15.26590000	6.49090000
1.41750000	1.80240000
0.47250000	0.52430000
0.23630000	0.17440000
3.55300000	0.07820000
2.61700000	0.06110000
0.61790000	0.05310000
1.34490000	0.11350000
0.46340000	0.06190000
0.19080000	0.06360000
0.10000000	0.04700000
0.05270000	0.04190000
0.02910000	0.04000000
0.01910000	0.03900000
0.01270000	0.03820000
0.00780000	0.03750000
0.00600000	0.03680000
0.00550000	0.03620000
0.00500000	0.03550000
0.00420000	0.03490000
0.00490000	0.04090000
0.01000000	0.07750000
0.01360000	0.08810000
0.06540000	0.07870000
0.03270000	0.04730000
0.01730000	0.03870000
0.01000000	0.03590000
0.00620000	0.03470000
0.00390000	0.03390000
0.00260000	0.03320000
0.00210000	0.03270000
0.00120000	0.03670000
0.00120000	0.05010000
0.00140000	0.45140000
0.00220000	0.15090000
0.05270000	0.09060000
0.03270000	0.04760000
0.04180000	0.03580000
0.01910000	0.03220000
0.00910000	0.03060000
0.00470000	0.03000000
0.00250000	0.02940000
0.00130000	0.04130000
0.03090000	0.64860000
0.89050000	0.25920000
0.27260000	0.09740000
0.07450000	0.05320000
0.02820000	0.04060000
0.01270000	0.03670000
0.00670000	0.03490000
0.00270000	0.03420000
0.00120000	0.03360000
0.00070000	0.03300000
0.00060000	0.05770000
0.00050000	0.03880000
0.00080000	0.12170000
0.00070000	0.05840000
0.00050000	0.04130000
0.00050000	0.62160000
13.08500000	20.71160000
4.40710000	5.69360000
0.65430000	1.58760000
0.29080000	0.46470000
0.14540000	0.15720000
0.07360000	0.07240000
0.03910000	0.04040000
0.02270000	0.03970000
0.01360000	0.03900000
0.01000000	0.03830000
0.00590000	0.03760000
0.00270000	0.03690000
0.00250000	0.03630000
0.00200000	0.03560000
0.00130000	0.03500000
0.00070000	0.03440000
0.00070000	0.03380000
0.00060000	0.03320000
0.00060000	0.03260000
0.00060000	0.08650000
0.00050000	0.04700000
0.00050000	0.05260000
0.00030000	0.03750000
0.00020000	0.03290000
0.00010000	0.03130000
0.00010000	0.03040000
0.00000000	0.02980000
0.00000000	0.02930000
0.00000000	0.05870000
0.00000000	0.04310000
0.00000000	0.03180000
0.00000000	0.07080000
0.00030000	0.08820000
0.00030000	0.04630000
0.00010000	0.03520000
0.00000000	0.03180000
0.00000000	0.03040000
0.00000000	0.02970000
0.00000000	0.02910000
0.00000000	0.02860000
0.00000000	0.02810000
0.00000000	0.04860000
0.02640000	0.12720000
0.10000000	0.12760000
0.05630000	0.06180000
0.05450000	0.04410000
0.03270000	0.03880000
0.02090000	0.03680000
0.01090000	0.03580000
0.00490000	0.03510000
0.00190000	0.03450000
0.00210000	0.03390000
0.30900000	2.71010000
0.93590000	0.76840000
0.32710000	0.25400000
0.13630000	0.09700000
0.06270000	0.05400000
0.03630000	0.04180000
0.02270000	0.03690000
0.01910000	0.05070000
0.01000000	0.05330000
0.01000000	0.05370000
0.00310000	0.03950000
0.00220000	0.03570000
0.00150000	0.03420000
0.00900000	0.03340000
0.02270000	0.03270000
0.01640000	0.03210000
0.01730000	0.03160000
0.02820000	0.03100000
0.04540000	0.05710000
0.05360000	0.03720000
0.07720000	0.03140000
0.04730000	0.02940000
0.08270000	0.06600000
0.22720000	0.07490000
0.59060000	0.04290000
0.34530000	0.06280000
0.24530000	0.04020000
0.35440000	0.03440000
0.21810000	0.03240000
0.10900000	0.03140000
0.07000000	0.03070000
0.04450000	0.03020000
0.03820000	0.02960000
0.03360000	0.02910000
0.02640000	0.02860000
0.02640000	0.02810000
0.02450000	0.02760000
0.01910000	0.02710000
0.01540000	0.02660000
0.01360000	0.02610000
0.00910000	0.02570000
0.00860000	0.04180000
0.01000000	0.05050000
0.00910000	0.03140000
0.00540000	0.02670000
0.00550000	0.02510000
0.00580000	0.02430000
0.00560000	0.02380000
0.00480000	0.03060000
0.00450000	0.02490000
0.00480000	0.02310000
0.00490000	0.02230000
0.00470000	0.02230000
0.00460000	0.02200000
0.00400000	0.02230000
0.00400000	0.02100000
0.00420000	0.02030000
0.00550000	0.02050000
0.00500000	0.02020000
0.00690000	0.01990000
0.00900000	0.01960000
0.00910000	0.01930000
0.01090000	0.01890000
0.00900000	0.01860000
0.00690000	0.01830000
0.00570000	0.01800000
0.00450000	0.01770000
0.00470000	0.01740000
0.00420000	0.01710000
0.00360000	0.01680000
0.00350000	0.01650000
0.00300000	0.01620000
0.00270000	0.01600000
0.00270000	0.01570000
0.00270000	0.01540000
0.00300000	0.01520000
0.00290000	0.01490000
0.00260000	0.01470000
0.00270000	0.01440000
0.00330000	0.01420000
0.00260000	0.01390000
0.00250000	0.01370000
0.00260000	0.01350000
0.00300000	0.01320000
0.00350000	0.01850000
0.00380000	0.01540000
0.00380000	0.01350000
0.00350000	0.01270000
0.05820000	0.01580000
0.05090000	0.03300000
0.06820000	0.02990000
1.40850000	0.21970000
1.61750000	0.07340000
0.67240000	0.03170000
0.34530000	0.02010000
0.27260000	0.01680000
0.10900000	0.01570000
0.07000000	0.01510000
0.03820000	0.01480000
0.02820000	0.01450000
0.02180000	0.01430000
0.01910000	0.01400000
0.01540000	0.01380000
0.01540000	0.01410000
0.01450000	0.01400000
0.02450000	0.01380000
27.44220000	0.01360000
19.08230000	8.41340000
2.04450000	2.34730000
0.74510000	0.65540000
0.58160000	0.19190000
0.29990000	0.06480000
0.12720000	0.02980000
0.08540000	0.02220000
0.07540000	0.03710000
0.08000000	0.30380000
0.20900000	1.30740000
17.81020000	12.30460000
4.38890000	3.37800000
0.75420000	0.93870000
0.38160000	0.27160000
0.26350000	0.10360000
1.07220000	1.14460000
2.21720000	1.41200000
0.84510000	0.49870000
0.39980000	0.15580000
0.24530000	0.05730000
0.10900000	0.03020000
0.08810000	0.02200000
0.06820000	0.01960000
0.05910000	0.01960000
0.05360000	0.01940000
27.53310000	12.69500000
25.80660000	21.67330000
1.84460000	6.41650000
0.69970000	1.81430000
0.44530000	0.51540000
0.32710000	0.15570000
1.13590000	0.05190000
2.70790000	0.03160000
0.77240000	0.02200000
0.39070000	0.01930000
0.26350000	0.01840000
0.20900000	0.01790000
0.18170000	0.01750000
0.16360000	0.01720000
0.15450000	0.01690000
0.14540000	0.01660000
0.13630000	0.02480000
0.13630000	0.01830000
0.12720000	0.01640000
0.70880000	0.04220000
14.53890000	11.17110000
4.44350000	4.34040000
0.79960000	1.32460000
0.34530000	0.38090000
0.20900000	0.11690000
0.16360000	0.04450000
0.13630000	0.02340000
0.13630000	0.03020000
0.11810000	0.02010000
0.10000000	0.01710000
0.08270000	0.01610000
0.07450000	0.01570000
0.07090000	0.01530000
0.07180000	0.01890000
0.06820000	0.01580000
0.06910000	0.01480000
0.06720000	0.01620000
0.06360000	0.01450000
0.07360000	0.02520000
0.11810000	0.04720000
0.10000000	0.02250000
0.10000000	0.01600000
0.08720000	0.01410000
0.07270000	0.01340000
0.06450000	0.01300000
18.35540000	12.41560000
37.16510000	25.93880000
6.50620000	13.98770000
0.76330000	3.83700000
0.32710000	1.06280000
0.63610000	0.34270000
0.38160000	0.10200000
0.19080000	0.03240000
0.12720000	0.01960000
0.10900000	0.01880000
0.10000000	0.01830000
0.09090000	0.05380000
0.08360000	0.03000000
0.12720000	0.02090000
0.13630000	0.02640000
0.09090000	0.01950000
0.07720000	0.01740000
0.06450000	0.01660000
0.05180000	0.01620000
0.04270000	0.01580000
0.03910000	0.01550000
0.04090000	0.01530000
0.03820000	0.01500000
0.03360000	0.01470000
0.03270000	0.06350000
0.03270000	0.03180000
0.03270000	0.03660000
0.04090000	0.06450000
0.03820000	0.02900000
0.03270000	0.01970000
0.02910000	0.01690000
0.03000000	0.04540000
0.02820000	0.02360000
0.02730000	0.01740000
0.02640000	0.02830000
0.02270000	0.01830000
0.02000000	0.01540000
0.01820000	0.01440000
0.44530000	0.10620000
1.65380000	0.07640000
0.47250000	0.03470000
2.23540000	0.07970000
0.69970000	0.03660000
0.20900000	0.02870000
0.12720000	0.02270000
0.10000000	0.03540000
0.08450000	0.03900000
0.07000000	0.03320000
0.05820000	0.02300000
0.04910000	0.01990000
0.05000000	0.01890000
0.76330000	3.89160000
0.64520000	1.08910000
0.39980000	0.34390000
0.19080000	0.11010000
21.89930000	12.09660000
7.17860000	3.35650000
26.17010000	17.04210000
5.93370000	4.68560000
0.71790000	1.30250000
0.31800000	0.37740000
0.18170000	0.11910000
0.12720000	0.05310000
0.10000000	0.02800000
0.06540000	0.02750000
0.05180000	0.02700000
0.07270000	4.17960000
0.06720000	1.18610000
0.06270000	0.34620000
0.04000000	0.11650000
0.02820000	0.05330000
0.02360000	0.04610000
0.03630000	0.07830000
0.02910000	0.05080000
0.02360000	0.03490000
0.01910000	0.03020000
0.01640000	0.02860000
0.01270000	0.02780000
0.01090000	0.02720000
0.00910000	0.02670000
0.00840000	0.02620000
0.00680000	0.02570000
0.00570000	0.02530000
0.00500000	0.02910000
0.00500000	0.02560000
0.03910000	0.09800000
0.03000000	0.04550000
0.01450000	0.03120000
0.00900000	0.02700000
0.00690000	0.02550000
0.00450000	0.02480000
0.00350000	0.02430000
0.00200000	0.02380000
0.00580000	0.05870000
0.00450000	0.04750000
0.00250000	0.02940000
0.00160000	0.02410000
0.00110000	0.02240000
0.00080000	0.02170000
0.00060000	0.02120000
0.00050000	0.02170000
0.00360000	0.09320000
0.00290000	0.04160000
0.00120000	0.02770000
0.00160000	0.02370000
0.00220000	0.02230000
0.00690000	0.45090000
0.00710000	0.14640000
0.00690000	0.05570000
0.00640000	0.04600000
0.00480000	0.03920000
0.00330000	0.02560000
0.00190000	0.02140000
0.00120000	0.02020000
0.00070000	0.01960000
0.00050000	0.01920000
0.00030000	0.01880000
0.00020000	0.01850000
0.00010000	0.01810000
0.00000000	0.01780000
0.00010000	0.01750000
0.00060000	0.01720000
0.00430000	0.04650000
0.00150000	0.02470000
0.00050000	0.01850000
0.00020000	0.01660000
0.00010000	0.01590000
0.00020000	0.01550000
0.00020000	0.05580000
0.00010000	0.02600000
0.00010000	0.01810000
0.00010000	0.01570000
0.00000000	0.01490000
0.00000000	0.01450000
0.00000000	0.01420000
0.71790000	1.06560000
5.39760000	0.42390000
2.28990000	0.16790000
0.39070000	0.07000000
0.14540000	0.04340000
0.07540000	0.03570000
0.04450000	0.03270000
0.02820000	0.03190000
0.02000000	0.06760000
0.01450000	0.04060000
0.01000000	0.03310000
0.00850000	0.03060000
0.00570000	0.02960000
0.00550000	0.02890000
0.00400000	0.02830000
0.00270000	0.02780000
0.00300000	0.03100000
0.00830000	0.05990000
0.00910000	0.07660000
0.00540000	0.04060000
0.00300000	0.03110000
0.00230000	0.02820000
0.00150000	0.02700000
0.00110000	0.02640000
0.00090000	0.02580000
0.00130000	0.05180000
0.00550000	0.06970000
0.91780000	0.47960000
0.40890000	0.15630000
0.13630000	0.10970000
0.06450000	0.05580000
0.04630000	0.05150000
0.03090000	0.03960000
0.01640000	0.03580000
0.01180000	0.03450000
0.00830000	0.03370000
0.00640000	0.03300000
0.00510000	0.03240000
0.00360000	0.03190000
0.00330000	0.03130000
0.00250000	0.03070000
0.00210000	0.03020000
0.00120000	0.02970000
0.05720000	0.57370000
0.08540000	0.20130000
0.02820000	0.08070000
0.01730000	0.04780000
0.01090000	0.03830000
0.01730000	0.36510000
0.05540000	0.14760000
0.42710000	0.13110000
0.53610000	0.06410000
0.46340000	0.09680000
0.19990000	0.05630000
0.38160000	0.10790000
0.23630000	0.06070000
0.11810000	0.04800000
0.07090000	0.04400000
0.04540000	0.04240000
0.03090000	0.04140000
0.02450000	0.04060000
0.03450000	0.06170000
0.04730000	0.04510000
0.05180000	0.05440000
0.05000000	0.04210000
0.04270000	0.03830000
0.04000000	0.03680000
0.03540000	0.03590000
0.03450000	0.03520000
0.03450000	0.03460000
0.03450000	0.03390000
0.04360000	0.05690000
0.04910000	0.03920000
0.05270000	0.03390000
0.05630000	0.03210000
0.05180000	0.03120000
0.04910000	0.03050000
0.04630000	0.03000000
0.04090000	0.02940000
0.04360000	0.02890000
0.04540000	0.02840000
0.04450000	0.02790000
0.04360000	0.02740000
0.04360000	0.02690000
0.04450000	0.02640000
0.04450000	0.02600000
0.04090000	0.02550000
0.03910000	0.02510000
0.04180000	0.05170000
0.04090000	0.03160000
0.04270000	0.02580000
0.03910000	0.02390000
0.03540000	0.02310000
0.26350000	5.32780000
0.36350000	1.48810000
0.19080000	0.42640000
0.10900000	0.14650000
0.07000000	0.05930000
0.05450000	0.05060000
0.08360000	0.05130000
0.11810000	0.03390000
0.11810000	0.02930000
0.08180000	0.02770000
0.05630000	0.02690000
0.04360000	0.02640000
0.03820000	0.03340000
0.02910000	0.02750000
0.02360000	0.02550000
0.02000000	0.02470000
0.01820000	0.02410000
0.01540000	0.02370000
0.01910000	0.04460000
0.02820000	0.05520000
0.14540000	0.08930000
0.25440000	0.04250000
0.16360000	0.04070000
0.11810000	0.04110000
0.19080000	0.02910000
0.15450000	0.02610000
0.08630000	0.02500000
0.05820000	0.02440000
0.09000000	0.04650000
0.15450000	0.03430000
0.14540000	0.02690000
0.08000000	0.02480000
0.05000000	0.02390000
0.03540000	0.02340000
0.02910000	0.02290000
0.02360000	0.02250000
0.01820000	0.02210000
0.01540000	0.02170000
0.01270000	0.02130000
0.01090000	0.02100000
0.00910000	0.02060000
0.00900000	0.02020000
0.00910000	0.01990000
0.01090000	0.02680000
0.01090000	0.02120000
0.01000000	0.01940000
0.01090000	0.01860000
0.01270000	0.01820000
0.01270000	0.01790000
0.01270000	0.01750000
0.01090000	0.01720000
0.01180000	0.01690000
0.01450000	0.01660000
0.01360000	0.01630000
0.01360000	0.01600000
0.01360000	0.01580000
0.01270000	0.01600000
0.01270000	0.01590000
0.01270000	0.01570000
0.01180000	0.02370000
0.01730000	0.01690000
0.01640000	0.01480000
0.01540000	0.01410000
0.01450000	0.01370000
0.01360000	0.01340000
0.01000000	0.01320000
0.01450000	0.01300000
0.30900000	2.61180000
26.98790000	29.09970000
5.07050000	7.96630000
0.85420000	2.19030000
0.38160000	0.61120000
0.25440000	0.17940000
0.17260000	0.06000000
0.12720000	0.01640000
0.10000000	0.02400000
0.08450000	0.01750000
0.07810000	0.01560000
0.07630000	0.02700000
0.06820000	0.01780000
0.06360000	0.01510000
0.05720000	0.01420000
0.05180000	0.01370000
0.04820000	0.01340000
0.04630000	0.01320000
0.04360000	0.01300000
0.04090000	0.01270000
0.04540000	0.01250000
0.40890000	0.30330000
0.40890000	0.10160000
0.19990000	0.03760000
0.12720000	0.02020000
0.09090000	0.01530000
0.07540000	0.01370000
0.06910000	0.01360000
0.05540000	0.01350000
0.04910000	0.01320000
0.04730000	0.01530000
0.07810000	0.03860000
0.13630000	0.01970000
0.11810000	0.01450000
0.14540000	0.01300000
0.73600000	0.02740000
0.62700000	0.01570000
0.35440000	0.01230000
0.42710000	0.03190000
0.37260000	0.01650000
0.20900000	0.01210000
0.14540000	0.01080000
0.11810000	0.01030000
0.10000000	0.01000000
0.09090000	0.02330000
0.08540000	0.01340000
0.07630000	0.01050000
0.06910000	0.00960000
0.07090000	0.02010000
0.09090000	0.03010000
0.10900000	0.01460000
0.09090000	0.01030000
0.07720000	0.00900000
0.07180000	0.00860000
0.08090000	0.03360000
0.08630000	0.01560000
0.10000000	0.01570000
0.09090000	0.01010000
0.09090000	0.00840000
0.08180000	0.01360000
0.07090000	0.00920000
0.06270000	0.00790000
0.05910000	0.00740000
0.05360000	0.00720000
0.04730000	0.00710000
0.04270000	0.00690000
0.04090000	0.00680000
0.04180000	0.01170000
0.47250000	0.04740000
0.75420000	1.99390000
0.31800000	0.55200000
0.17260000	0.15850000
0.11810000	0.05450000
0.09090000	0.02220000
0.08000000	0.01320000
0.07090000	0.00980000
0.06090000	0.00960000
0.05000000	0.00940000
0.04540000	0.00930000
0.05000000	0.00910000
0.91780000	0.08030000
11.72200000	13.63380000
2.38070000	3.73750000
0.47250000	1.03300000
0.24530000	0.29350000
0.14540000	0.11660000
0.10000000	0.04260000
22.62620000	0.06950000
18.90060000	26.77480000
1.02680000	7.33230000
0.40890000	2.01830000
0.77240000	0.56550000
0.39980000	0.19370000
0.17260000	0.06620000
0.11810000	0.02000000
0.09000000	0.01830000
25.80660000	17.25750000
32.53090000	35.17040000
9.35940000	9.86480000
21.17230000	16.83730000
1.90820000	4.62090000
17.35580000	3.81770000
13.17590000	6.35710000
14.62980000	5.94510000
4.85240000	1.72970000
0.21810000	0.48990000
0.62700000	0.16850000
0.99960000	0.10960000
2.48980000	7.22500000
0.39980000	2.10580000
0.17260000	0.59980000
0.12720000	0.18420000
0.11810000	0.07020000
0.10900000	0.03870000
0.14540000	0.04130000
0.13630000	0.05330000
0.10000000	0.03310000
0.08270000	0.02720000
1.28120000	0.04060000
0.32710000	0.03880000
0.13630000	0.17580000
0.08000000	0.06570000
0.05630000	0.03570000
0.04360000	0.02720000
0.03450000	0.02460000
0.02820000	0.02350000
0.02540000	0.02290000
0.02270000	0.03130000
0.02000000	0.02450000
0.01640000	0.02240000
0.01360000	0.02150000
0.01270000	0.02100000
0.92690000	0.05540000
11.72200000	20.43070000
13.90290000	5.72950000
1.80830000	1.58550000
0.44530000	0.45300000
0.23630000	0.14300000
0.13630000	0.05790000
0.08360000	0.02590000
0.06000000	0.02520000
0.04450000	0.02480000
0.03360000	0.02430000
0.02540000	0.02390000
0.02000000	0.02350000
0.01640000	0.02310000
0.01640000	0.02270000
0.01360000	0.02240000
0.01090000	0.02190000
0.00850000	0.02150000
0.00720000	0.02110000
0.00550000	0.02070000
0.00500000	0.02040000
0.00380000	0.02000000
0.00280000	0.02120000
0.00210000	0.01970000
0.00190000	0.01910000
0.00200000	0.01860000
0.44530000	0.01830000
0.07180000	0.01800000
0.02270000	0.01760000
0.01450000	0.04720000
0.01090000	0.05450000
0.00810000	0.06460000
0.01910000	0.03090000
0.01090000	0.02190000
0.00610000	0.01920000
0.00360000	0.01820000
0.02450000	0.01770000
0.01540000	0.01740000
0.00750000	0.01700000
0.00550000	0.01670000
0.00460000	0.01650000
0.00370000	0.01620000
0.00280000	0.05110000
0.00180000	0.02520000
0.00110000	0.01800000
0.00070000	0.01590000
0.00050000	0.01510000
0.00050000	0.01470000
0.00030000	0.03810000
0.00020000	0.02060000
0.00020000	0.01560000
0.00010000	0.01410000
0.00000000	0.01350000
0.00000000	0.01320000
0.00000000	0.01290000
0.00000000	0.01270000
0.00000000	0.01250000
0.00000000	0.01230000
0.00000000	0.01200000
0.00000000	0.01180000
0.00000000	0.01160000
0.00000000	0.01140000
0.00000000	0.01120000
0.00000000	0.01100000
0.00000000	0.03310000
0.00000000	0.01670000
0.00000000	0.01210000
0.00000000	0.05050000
0.00050000	0.10360000
0.00020000	0.11260000
0.00030000	0.07010000
0.00040000	0.03450000
0.00040000	0.02490000
0.17260000	0.02200000
0.28170000	1.77520000
0.05360000	0.50490000
0.01640000	0.15810000
0.00690000	0.06290000
0.00320000	0.03660000
0.00150000	0.02900000
0.00070000	0.02590000
0.00050000	0.02540000
0.00030000	0.02500000
0.00020000	0.02450000
0.00000000	0.02410000
0.00000000	0.02370000
0.00000000	0.02330000
0.00000000	0.02280000
0.00000000	0.02240000
0.00000000	0.02200000
0.00000000	0.02160000
0.00000000	0.02130000
0.00000000	0.02090000
0.00000000	0.02050000
0.00000000	0.02020000
0.00000000	0.01980000
0.00030000	0.72330000
0.00000000	0.21350000
0.00000000	0.07470000
0.00000000	0.06760000
0.00000000	0.03420000
0.00020000	0.05220000
0.00000000	0.02980000
0.00000000	0.03860000
0.00000000	0.02630000
0.00000000	0.02270000
0.00000000	0.02140000
0.00000000	0.02080000
0.00000000	0.02040000
0.00000000	0.02000000
0.00000000	0.01960000
0.00000000	0.01930000
0.00000000	0.01890000
0.00000000	0.01860000
0.00000000	0.55780000
0.00030000	0.21590000
0.00010000	0.12140000
0.00020000	0.06970000
0.00020000	0.03830000
0.00010000	0.02970000
0.00010000	0.02680000
0.00000000	0.02590000
0.00000000	0.02530000
0.00000000	0.02480000
0.00000000	0.03440000
0.00000000	0.02670000
0.00000000	0.02430000
0.00000000	0.02330000
0.00000000	0.02280000
0.00000000	0.02230000
0.00010000	0.07710000
0.00000000	0.03740000
0.00000000	0.02710000
0.00000000	0.02400000
0.00000000	0.02290000
0.00000000	0.03410000
0.00020000	0.79420000
0.00020000	0.26130000
0.00020000	0.08960000
0.00020000	0.04280000
0.00030000	0.06090000
0.00030000	0.04030000
0.00030000	0.03850000
0.00030000	0.02910000
0.00030000	0.02660000
0.00040000	0.03840000
0.00040000	0.03080000
0.00050000	0.04970000
0.00050000	0.04420000
0.00050000	0.03090000
0.00050000	0.02720000
0.00050000	0.02580000
0.00050000	0.02510000
0.00050000	0.02460000
0.00050000	0.02420000
0.00030000	0.02370000
0.00030000	0.02330000
0.00040000	0.04470000
0.00040000	0.02850000
0.00040000	0.02370000
0.00040000	0.02220000
0.00040000	0.02150000
0.00030000	0.02100000
0.00030000	0.02060000
0.00020000	0.02020000
0.00020000	0.01990000
0.00020000	0.01950000
0.00020000	0.01920000
0.00020000	0.01880000
0.00020000	0.01850000
0.00020000	0.01820000
0.00020000	0.01780000
0.00020000	0.01750000
0.00020000	0.01720000
0.00020000	0.01690000
0.00020000	0.01660000
0.00020000	0.01630000
0.00020000	0.01600000
0.00010000	0.01580000
0.00020000	0.01550000
0.00020000	0.01520000
0.00020000	0.01490000
0.00020000	0.01470000
0.00020000	0.01440000
0.00020000	0.01420000
0.00020000	0.01390000
0.00020000	0.01370000
0.00020000	0.01340000
0.00020000	0.01320000
0.00030000	0.01300000
0.04450000	0.09990000
0.05270000	0.07320000
0.01540000	0.03370000
0.00720000	0.02330000
0.00450000	0.02020000
0.00300000	0.01920000
0.00250000	0.01860000
0.00350000	0.01880000
0.00450000	0.01860000
0.00410000	0.01830000
0.00370000	0.02140000
0.00330000	0.03330000
0.00320000	0.02110000
0.00280000	0.01800000
0.00250000	0.01700000
0.00360000	0.01700000
0.00350000	0.01680000
0.00280000	0.01650000
0.00250000	0.01630000
0.00250000	0.01600000
0.00220000	0.01570000
0.00220000	0.04130000
0.00250000	0.02170000
0.00210000	0.01710000
0.00160000	0.01570000
0.00130000	0.01510000
0.00130000	0.01470000
0.00120000	0.01440000
0.00100000	0.01420000
0.00090000	0.01390000
0.00100000	0.01370000
0.00090000	0.01340000
0.00090000	0.01320000
0.00100000	0.01300000
0.00090000	0.01270000
0.00090000	0.01250000
0.00140000	0.01280000
0.00090000	0.01270000
0.00080000	0.01250000
0.00080000	0.01230000
0.00070000	0.01210000
0.00050000	0.01180000
0.00060000	0.02100000
0.00050000	0.01360000
0.00120000	0.03190000
0.00140000	0.01630000
0.00130000	0.01220000
0.00150000	0.01100000
0.00150000	0.01420000
0.00130000	0.01120000
0.00140000	0.01030000
0.00130000	0.00990000
0.00100000	0.00970000
0.00090000	0.00950000
0.00090000	0.00930000
0.00120000	0.00970000
0.00130000	0.00970000
0.00110000	0.00950000
0.01090000	0.05310000
5.53390000	0.16040000
1.26310000	0.05530000
0.49070000	0.02730000
0.24530000	0.01940000
0.51790000	0.02870000
1.59020000	0.02810000
0.89050000	0.01980000
0.32710000	0.01640000
0.15450000	0.01530000
0.08270000	0.01530000
0.04090000	0.01510000
0.02450000	0.01490000
0.01730000	0.01460000
0.01360000	0.01440000
0.01180000	0.01420000
0.01090000	0.01390000
0.00900000	0.01370000
0.00900000	0.01840000
0.01000000	0.03760000
0.01000000	0.01920000
0.01090000	0.01400000
0.01090000	0.01250000
0.01000000	0.01190000
0.00850000	0.01160000
0.00750000	0.01140000
0.00770000	0.02590000
2.98050000	4.12850000
0.63610000	1.13980000
0.22720000	0.32350000
0.11810000	0.10020000
0.07360000	0.03890000
0.05180000	0.02200000
0.39070000	0.03720000
1.35390000	0.64780000
0.71790000	0.20610000
0.31800000	0.07000000
0.12720000	0.03290000
0.06910000	0.02250000
0.04540000	0.04170000
0.03090000	0.02420000
0.02270000	0.01940000
0.03360000	0.04960000
0.18170000	0.05650000
0.13630000	0.02870000
0.07270000	0.02170000
0.04270000	0.01950000
0.02910000	0.01870000
0.02180000	0.01820000
0.01820000	0.02940000
0.01450000	0.02070000
0.01270000	0.01810000
0.01910000	0.06380000
0.02450000	0.03000000
0.02180000	0.03290000
0.02090000	0.02170000
0.01730000	0.01840000
0.01450000	0.01730000
0.01180000	0.01680000
0.00910000	0.01640000
0.00770000	0.01610000
0.01000000	0.01590000
0.09090000	0.77200000
0.09000000	0.22410000
0.06360000	0.07500000
0.55430000	0.08120000
0.38160000	0.03620000
0.18170000	0.02440000
0.08360000	0.02060000
0.47250000	0.07920000
1.82650000	0.08110000
0.75420000	0.04280000
0.29990000	0.02860000
2.94410000	0.02440000
2.98960000	0.08510000
0.52700000	0.04020000
0.23630000	0.04520000
0.11810000	0.02940000
0.07450000	0.02470000
0.20900000	0.07360000
2.72600000	2.28060000
0.73600000	0.64230000
0.27260000	0.20900000
0.56340000	0.07590000
10.08640000	0.49810000
35.89300000	11.10280000
18.90060000	12.48000000
1.06320000	3.43350000
0.48160000	0.96110000
0.27260000	0.28480000
0.17260000	0.10930000
0.12720000	0.04660000
0.10900000	0.03520000
0.08630000	0.03020000
0.07720000	0.02850000
0.07000000	0.04990000
0.05450000	0.03310000
0.04540000	0.02820000
0.04180000	0.02650000
0.04450000	0.02580000
0.06450000	0.07260000
0.05450000	0.03770000
0.04540000	0.02840000
0.03820000	0.02550000
0.03180000	0.02440000
0.02820000	0.02760000
0.02450000	0.03530000
0.02000000	0.02620000
0.02270000	0.02340000
0.04270000	0.09480000
0.04730000	0.06160000
0.04820000	0.03490000
0.04540000	0.03850000
0.05090000	0.07290000
0.04000000	0.03800000
0.03090000	0.02850000
0.20900000	0.08310000
0.16360000	0.05670000
1.24490000	0.03890000
7.23310000	6.60570000
2.91690000	1.84680000
0.43620000	0.52630000
0.19080000	0.16520000
0.10000000	0.06610000
0.06360000	0.03870000
0.04540000	0.02810000
0.03270000	0.02750000
0.02450000	0.02700000
0.02000000	0.02660000
0.01540000	0.02610000
0.01360000	0.02560000
2.19900000	0.02520000
10.35900000	21.55790000
0.81780000	5.91490000
0.27260000	1.63910000
0.12720000	0.46990000
0.07630000	0.15000000
0.05270000	0.06210000
0.22720000	0.02870000
0.10000000	0.02820000
0.04820000	0.02770000
0.03000000	0.02720000
0.02090000	0.02680000
0.01540000	0.02630000
0.01180000	0.02580000
0.00860000	0.06190000
0.01360000	0.10310000
0.02450000	0.04800000
0.05090000	0.03320000
0.02820000	0.02880000
0.01820000	0.02720000
0.01270000	0.02640000
0.00870000	0.02590000
0.00620000	0.02540000
0.00470000	0.02500000
0.00400000	0.05310000
0.00310000	0.03190000
0.00240000	0.02580000
0.00170000	0.02380000
0.00120000	0.02300000
0.00080000	0.02250000
0.00060000	0.02200000
0.00050000	0.02160000
0.00050000	0.02130000
0.00100000	0.06790000
0.00080000	0.03820000
0.00090000	0.02560000
0.00080000	0.02180000
0.00070000	0.02600000
0.00060000	0.02230000
0.00050000	0.02020000
0.00050000	0.01930000
0.00050000	0.01890000
0.00070000	0.02880000
0.00030000	0.02100000
0.00040000	0.01860000
0.00040000	0.01770000
0.00030000	0.01730000
0.00030000	0.01690000
0.00020000	0.01660000
0.00020000	0.01630000
0.00020000	0.04000000
0.00020000	0.02230000
0.00010000	0.01730000
0.00010000	0.01570000
0.00000000	0.01510000
0.00000000	0.01470000
0.00000000	0.01440000
0.00000000	0.01410000
0.00000000	0.01390000
0.00000000	0.01370000
0.00000000	0.01340000
0.00000000	0.01320000
0.00000000	0.01290000
0.00000000	0.04630000
0.00000000	0.02370000
0.00000000	0.04230000
0.00000000	0.02800000
0.10900000	0.75080000
6.67880000	29.42340000
1.03590000	8.11590000
0.28170000	2.24280000
0.10900000	0.63760000
0.05360000	0.19840000
0.02910000	0.07760000
0.01910000	0.03230000
0.01270000	0.03170000
0.00840000	0.03110000
0.00620000	0.03060000
0.00510000	0.03000000
0.00530000	0.05650000
0.01000000	0.29770000
0.05820000	0.17410000
0.10900000	0.07460000
0.04820000	0.04760000
0.02820000	0.03980000
0.01730000	0.03710000
0.01640000	0.06260000
0.01360000	0.04240000
0.01910000	0.03650000
1.14490000	1.72580000
0.44530000	0.50080000
0.15450000	0.16620000
0.06540000	0.07420000
0.09090000	0.04860000
0.37260000	0.09490000
0.08000000	0.06430000
0.02910000	0.04590000
0.02000000	0.04060000
0.01450000	0.03860000
0.01000000	0.03760000
0.00840000	0.03680000
0.00780000	0.03610000
0.00720000	0.03550000
0.00620000	0.03480000
0.00590000	0.03420000
0.00550000	0.03360000
0.00550000	0.03300000
0.00460000	0.06800000
0.00410000	0.04160000
0.00450000	0.04820000
0.00380000	0.03550000
0.00640000	0.08700000
0.01000000	0.04710000
0.01180000	0.03660000
0.00800000	0.05080000
0.00790000	0.03680000
0.00800000	0.03270000
0.00770000	0.03110000
0.00640000	0.03030000
0.00520000	0.02970000
0.00560000	0.02920000
0.00440000	0.02860000
0.00820000	0.07720000
0.00490000	0.04180000
0.00760000	0.03230000
0.00910000	0.04340000
0.00710000	0.03200000
0.00650000	0.02880000
0.00600000	0.02750000
0.00510000	0.02680000
0.00670000	0.04300000
0.00490000	0.06120000
0.03270000	0.03580000
0.34530000	0.08380000
0.06270000	0.04400000
0.03180000	0.03370000
0.01540000	0.03040000
0.00840000	0.02920000
0.00900000	0.02850000
0.00790000	0.03160000
0.00680000	0.02940000
0.00820000	0.02750000
0.00750000	0.02660000
0.00760000	0.03320000
0.00760000	0.02750000
0.01270000	0.02560000
3.70740000	4.97780000
1.62650000	1.41920000
0.38160000	0.41070000
0.18170000	0.13540000
0.10000000	0.05970000
0.13630000	0.06040000
0.13630000	0.03640000
0.07360000	0.03210000
0.05180000	0.03060000
0.04180000	0.02980000
0.03730000	0.02920000
0.03360000	0.02860000
0.03090000	0.02810000
0.02450000	0.02760000
0.01910000	0.02720000
0.01820000	0.02670000
0.01730000	0.02980000
0.01820000	0.03760000
0.01640000	0.02850000
0.01540000	0.02570000
0.01540000	0.02460000
0.02730000	0.02500000
14.35720000	19.88590000
1.79920000	5.45520000
0.47250000	1.51130000
0.26350000	0.43290000
0.16360000	0.13780000
0.32710000	0.05680000
3.39850000	0.05270000
0.87230000	0.03300000
0.39980000	0.03520000
0.32710000	0.02830000
0.23630000	0.02630000
0.16360000	0.02540000
0.37260000	0.02480000
6.50620000	6.41230000
1.17220000	1.77130000
0.39070000	0.50340000
0.23630000	0.15650000
0.16360000	0.06130000
0.24530000	0.05420000
0.34530000	0.03010000
0.27260000	0.02650000
0.17260000	0.02520000
0.12720000	0.02460000
0.10000000	0.02410000
0.09090000	0.02360000
6.50620000	3.99560000
2.14450000	1.11010000
0.48160000	0.32200000
0.31800000	0.10620000
0.15450000	0.04690000
0.11810000	0.03320000
0.10000000	0.02480000
0.09090000	0.02370000
0.09090000	0.02590000
0.08450000	0.02300000
0.07910000	0.02190000
0.07360000	0.02130000
0.07180000	0.02090000
1.08130000	0.53110000
4.01640000	0.16060000
0.62700000	0.06010000
0.43620000	0.03230000
0.15450000	0.02440000
0.11810000	0.02200000
0.08450000	0.02090000
0.08090000	0.03500000
0.07450000	0.08180000
0.06630000	0.03900000
0.06180000	0.02510000
0.05000000	0.02100000
0.04540000	0.01970000
0.03820000	0.01910000
0.03450000	0.01840000
0.03450000	0.01780000
0.04450000	0.01790000
0.05180000	0.01770000
0.04360000	0.01740000
0.04360000	0.01710000
0.04820000	0.01680000
0.04270000	0.01650000
0.03630000	0.01630000
0.03630000	0.01600000
0.03730000	0.01570000
0.03820000	0.01550000
0.04730000	0.01520000
0.04090000	0.01490000
0.03910000	0.01470000
0.05910000	0.01440000
0.05540000	0.01420000
0.05540000	0.01390000
0.68150000	0.01370000
3.79830000	0.07990000
3.68930000	1.04760000
1.37210000	0.29620000
0.62700000	0.09140000
0.54520000	0.03530000
0.56340000	0.01970000
0.41800000	0.01530000
0.27260000	0.01350000
0.19080000	0.01330000
0.14540000	0.01300000
0.13630000	0.01280000
0.12720000	0.01640000
0.10900000	0.01340000
0.10000000	0.01240000
15.53850000	0.03760000
17.81020000	23.47580000
1.54480000	6.42650000
0.58160000	1.76680000
0.34530000	0.49290000
0.24530000	0.14450000
0.18170000	0.04910000
0.14540000	0.01310000
0.10900000	0.01290000
0.10000000	0.01260000
0.10900000	0.03140000
0.10000000	0.01740000
0.10900000	0.02790000
0.10900000	0.01980000
0.10900000	0.02070000
0.09090000	0.01390000
0.08810000	0.01180000
0.07630000	0.01110000
0.06820000	0.01080000
0.06360000	0.01060000
0.06360000	0.03150000
0.06820000	0.03880000
0.59060000	0.32560000
0.94500000	3.57580000
0.67240000	0.99360000
1.11770000	0.64510000
0.50890000	1.01570000
0.32710000	0.29410000
0.21810000	0.09160000
0.15450000	0.03470000
0.12720000	0.02040000
0.10000000	0.01610000
0.09090000	0.01460000
0.09090000	0.01430000
0.09000000	0.01400000
0.08360000	0.01380000
0.07360000	0.01360000
0.06910000	0.01790000
0.06360000	0.01950000
0.05720000	0.01460000
0.05180000	0.01310000
0.05000000	0.01250000
0.04910000	0.01220000
0.05090000	0.01200000
0.04910000	0.01180000
0.04540000	0.01150000
0.04360000	0.01130000
0.09090000	0.04810000
1.07220000	2.80460000
0.45430000	0.77690000
0.22720000	0.23780000
0.21810000	0.07860000
0.92690000	0.07810000
0.41800000	0.03260000
0.19990000	0.01950000
0.11810000	0.01690000
0.08450000	0.01590000
0.08090000	0.04290000
0.37260000	0.26030000
0.64520000	0.08900000
0.37260000	0.04830000
0.22720000	0.02600000
0.13630000	0.02330000
0.09090000	0.01870000
0.07090000	0.01710000
0.05540000	0.01650000
0.04180000	0.01620000
0.03540000	0.01590000
0.18170000	0.39380000
0.50890000	0.11870000
0.29080000	0.07900000
0.30900000	0.07370000
0.42710000	0.03830000
0.18170000	0.02370000
0.10000000	0.01930000
0.07090000	0.01810000
0.29990000	0.09620000
0.29080000	0.04050000
0.15450000	0.02560000
0.07540000	0.02130000
0.06090000	0.04150000
0.05000000	0.03390000
0.47250000	0.09540000
0.85420000	0.07100000
3.88920000	0.05890000
6.58800000	6.98000000
0.87230000	1.92670000
0.33620000	0.54560000
0.19080000	0.18940000
0.15450000	0.08950000
0.08630000	0.04240000
0.05540000	0.02640000
0.04090000	0.02450000
0.03000000	0.02370000
0.02180000	0.02320000
0.01730000	0.02280000
0.01360000	0.02240000
0.01270000	0.02200000
0.01360000	0.06490000
0.01180000	0.06010000
0.01000000	0.03230000
0.00830000	0.02490000
0.00670000	0.02240000
0.00510000	0.02750000
0.00500000	0.03240000
0.00490000	0.02370000
0.01000000	0.02100000
0.01000000	0.04540000
0.01000000	0.02650000
0.00620000	0.02100000
0.00460000	0.01940000
0.00420000	0.01860000
0.00340000	0.01810000
0.00310000	0.01780000
0.00290000	0.01750000
0.00240000	0.01720000
0.00200000	0.01690000
0.00160000	0.01660000
0.00130000	0.01630000
0.00530000	0.01600000
0.01090000	0.05250000
0.06000000	0.31020000
0.17260000	0.16100000
0.10900000	0.08400000
1.89910000	0.10910000
0.70880000	0.10810000
0.21810000	0.05000000
0.13630000	0.04870000
0.07810000	0.03330000
0.03090000	0.03190000
0.02090000	0.04700000
0.01270000	0.05000000
0.00850000	0.03240000
0.00520000	0.02720000
0.00370000	0.02550000
0.00320000	0.03000000
0.00230000	0.02560000
0.00260000	0.02410000
0.00230000	0.02340000
0.00170000	0.02290000
0.00160000	0.02240000
0.00130000	0.02200000
0.00150000	0.02160000
0.00170000	0.05620000
0.00210000	0.03040000
0.00180000	0.02320000
0.00150000	0.02100000
0.00120000	0.02010000
0.00160000	0.04330000
0.00190000	0.03050000
0.00200000	0.02190000
0.00270000	0.02060000
0.00290000	0.06290000
0.03180000	0.09810000
0.03820000	0.10610000
0.02090000	0.04740000
0.01180000	0.03150000
0.00780000	0.02680000
0.00550000	0.02520000
0.00440000	0.02440000
0.00380000	0.02390000
0.00360000	0.02350000
0.00260000	0.02310000
0.00240000	0.02270000
0.00210000	0.02230000
0.00190000	0.02190000
0.00160000	0.02150000
0.00140000	0.02110000
0.00110000	0.02070000
0.00170000	0.07440000
0.00160000	0.07960000
0.00180000	0.03850000
0.00230000	0.02750000
0.00540000	0.06800000
8.75060000	0.07740000
28.26000000	22.91480000
7.72380000	6.28880000
2.60790000	10.21450000
0.96320000	2.83350000
0.34530000	0.80410000
0.19080000	0.24910000
0.12720000	0.08730000
0.08450000	0.05210000
0.04820000	0.03840000
0.03630000	0.03770000
0.02820000	0.03710000
0.02180000	0.03640000
0.01640000	0.03580000
0.01450000	0.03510000
0.01360000	0.03450000
0.01090000	0.03390000
0.00840000	0.03330000
0.00750000	0.03270000
0.00550000	0.03210000
0.00450000	0.03160000
5.21580000	0.03100000
19.99100000	11.29020000
0.76330000	3.11340000
0.27260000	0.87860000
0.13630000	0.26720000
0.07810000	0.09970000
0.04820000	0.05340000
0.04000000	0.03560000
0.02910000	0.03490000
0.02270000	0.03430000
0.02090000	0.03370000
0.01820000	0.03310000
0.01640000	0.03250000
0.01450000	0.03190000
0.01360000	0.03140000
0.01270000	0.03080000
0.01360000	0.03030000
0.01820000	0.05510000
0.01730000	0.03610000
0.01640000	0.03060000
0.01540000	0.02870000
0.01360000	0.02780000
0.01730000	0.02720000
0.03090000	0.48170000
0.02910000	0.18250000
0.02270000	0.07240000
0.02000000	0.04240000
0.02910000	0.06520000
0.13630000	0.08910000
0.07720000	0.04860000
0.04910000	0.05560000
0.03540000	0.03940000
0.02820000	0.03510000
1.58110000	0.61620000
1.50840000	0.23290000
0.39980000	0.09210000
0.19990000	0.05380000
0.10900000	0.04280000
0.06450000	0.04660000
0.04540000	0.03960000
0.04090000	0.03750000
0.67240000	0.03640000
2.48980000	0.09610000
0.47250000	0.05610000
0.24530000	0.04250000
0.57250000	0.13850000
0.20900000	0.06410000
34.34820000	27.18570000
9.45030000	8.67730000
2.28080000	2.40180000
3.88920000	3.64760000
0.97230000	1.02790000
0.42710000	0.31220000
0.27260000	0.10470000
0.17260000	0.05820000
0.12720000	0.04550000
0.10900000	0.04030000
0.09090000	0.04820000
0.08000000	0.04900000
0.07000000	0.04100000
0.06360000	0.03830000
0.06000000	0.03700000
0.05910000	0.03620000
0.05720000	0.03740000
0.06180000	0.03540000
0.49070000	2.61330000
0.49980000	0.74350000
0.25440000	0.22900000
0.16360000	0.09740000
0.11810000	0.05900000
11.35850000	7.97590000
7.14220000	2.20490000
7.89650000	0.62900000
13.53940000	9.67920000
3.94370000	3.05670000
0.87230000	0.89320000
0.66330000	0.27750000
1.51750000	0.78900000
0.89960000	0.69250000
0.50890000	0.25840000
0.33620000	0.10020000
0.29080000	0.05150000
3.02590000	1.18650000
22.08100000	13.63040000
4.80690000	4.66350000
0.98140000	1.43260000
0.55430000	0.43490000
0.38160000	0.14490000
0.29990000	0.06180000
0.22720000	0.03360000
0.16360000	0.03070000
0.12720000	0.02980000
0.11810000	0.02930000
0.10900000	0.02870000
0.10000000	0.02820000
0.09090000	0.02770000
0.07910000	0.02720000
0.07540000	0.02680000
0.06910000	0.02630000
0.05910000	0.02580000
0.05090000	0.02540000
0.04820000	0.02490000
0.05090000	0.02450000
0.05000000	0.02400000
0.05090000	0.02360000
0.06090000	0.02320000
0.06450000	0.02280000
0.07450000	0.02240000
0.08540000	0.03420000
0.10000000	0.04370000
14.44810000	9.55640000
13.81200000	13.92340000
40.79990000	27.95530000
7.86920000	8.76980000
1.11770000	2.61160000
0.57250000	0.77470000
0.42710000	0.24160000
1.28120000	0.10370000
1.56290000	1.53900000
6.56980000	5.00950000
39.70950000	29.29300000
3.00770000	9.45290000
0.60880000	2.95960000
0.30900000	0.96800000
0.22720000	0.37770000
0.19080000	0.20220000
0.16360000	0.14270000
0.15450000	0.15160000
0.14540000	0.74820000
0.14540000	0.42600000
0.13630000	0.23930000
0.13630000	0.16700000
0.12720000	0.14070000
0.12720000	0.13180000
0.12720000	0.12750000
0.11810000	0.12490000
0.11810000	0.12320000
0.11810000	0.12110000
0.12720000	0.11900000
0.11810000	0.11690000
0.11810000	0.11560000
0.11810000	0.11300000
0.11810000	0.11340000
0.11810000	0.10910000
0.12720000	0.10650000
0.28170000	0.12950000
0.59970000	0.16790000
0.49980000	0.60000000
0.32710000	0.31390000
0.27260000	0.16930000
0.59060000	0.13090000
20.53620000	9.11430000
9.63200000	9.71690000
1.29940000	3.85560000
0.58160000	1.32940000
0.37260000	0.46660000
0.27260000	0.19790000
0.22720000	0.11250000
0.21810000	0.09610000
0.20900000	0.08580000
0.18170000	0.08230000
0.16360000	0.08040000
0.14540000	0.07880000
0.13630000	0.07740000
0.12720000	0.07600000
0.11810000	0.07470000
0.13630000	0.08910000
0.12720000	0.07690000
0.10900000	0.07250000
0.10900000	0.07000000
0.10900000	0.06840000
0.10000000	0.06710000
0.09090000	0.06590000
0.12720000	0.07930000
0.11810000	0.06760000
0.10000000	0.06360000
0.09090000	0.06170000
0.07000000	0.06040000
0.06630000	0.05920000
0.06090000	0.05820000
0.05540000	0.05710000
0.05090000	0.05610000
0.05000000	0.05510000
0.04730000	0.05420000
0.04540000	0.05320000
0.04540000	0.05230000
0.04270000	0.05130000
0.04360000	0.05040000
0.20900000	0.07420000
0.69060000	3.56930000
0.34530000	1.01120000
0.23630000	0.32190000
0.18170000	0.12320000
0.14540000	0.06840000
0.11810000	0.05280000
0.10900000	0.04650000
0.09090000	0.04570000
0.07360000	0.04480000
0.06360000	0.04400000
0.05540000	0.04330000
0.05090000	0.04250000
0.04910000	0.04180000
0.04630000	0.04100000
0.04820000	0.04030000
0.05090000	0.04670000
0.04820000	0.04450000
0.04540000	0.03970000
0.04270000	0.03790000
0.06630000	0.04210000
1.26310000	4.34370000
0.49980000	1.22550000
0.22720000	0.36330000
0.12720000	0.12720000
0.10000000	0.06220000
0.08000000	0.04390000
0.06720000	0.03670000
0.05540000	0.03600000
0.05450000	0.03540000
0.05630000	0.04870000
0.60880000	0.09290000
0.33620000	0.08840000
0.14540000	0.05090000
0.10000000	0.04070000
0.08450000	0.05270000
0.06270000	0.04390000
0.04910000	0.03740000
0.04540000	0.04390000
0.04090000	0.04020000
0.03450000	0.03510000
0.03090000	0.03330000
0.02820000	0.03240000
0.02640000	0.03170000
0.02450000	0.03110000
0.02360000	0.03060000
0.02360000	0.03000000
0.02180000	0.02950000
0.02180000	0.03800000
0.02000000	0.03090000
0.01910000	0.02860000
0.02180000	0.05610000
0.02910000	0.05090000
0.02910000	0.04060000
0.02000000	0.02990000
0.01730000	0.02660000
0.01540000	0.02540000
0.01360000	0.02480000
0.01270000	0.02430000
0.00870000	0.02380000
0.01090000	0.02340000
0.01180000	0.08470000
0.01090000	0.04030000
0.01000000	0.02840000
0.01000000	0.02490000
0.01360000	0.02360000
0.01090000	0.02290000
0.00910000	0.02240000
0.00820000	0.02200000
0.00850000	0.04540000
0.00840000	0.02780000
0.00720000	0.02270000
0.00640000	0.02100000
0.00760000	0.02030000
0.01450000	0.01990000
0.01730000	0.06060000
0.01180000	0.03040000
0.00910000	0.02220000
0.00770000	0.01970000
0.00840000	0.08370000
0.00750000	0.03710000
0.19080000	0.65170000
0.19080000	0.21670000
0.29080000	0.12180000
0.52700000	0.08640000
0.26350000	0.04170000
0.10000000	0.02980000
0.04820000	0.02590000
0.02540000	0.02480000
0.01640000	0.02410000
0.01180000	0.02370000
0.00890000	0.02330000
0.00650000	0.02280000
0.00550000	0.02240000
0.00450000	0.02200000
0.00350000	0.02170000
0.00280000	0.02130000
0.00240000	0.02090000
0.00180000	0.02050000
0.00130000	0.02020000
0.00120000	0.01980000
0.00090000	0.01950000
0.00070000	0.01910000
0.00060000	0.01880000
0.00080000	0.01840000
0.00060000	0.04200000
0.00050000	0.02430000
0.00050000	0.01930000
0.00040000	0.01770000
0.00040000	0.01700000
0.00030000	0.01660000
0.00020000	0.01630000
0.00020000	0.02190000
0.00020000	0.03590000
0.00020000	0.02100000
0.00010000	0.01670000
0.00010000	0.01530000
0.00010000	0.01480000
0.00010000	0.01440000
0.00000000	0.01410000
0.00000000	0.01390000
0.00000000	0.01360000
0.00000000	0.01340000
0.00000000	0.01320000
0.00000000	0.01290000
0.00000000	0.01270000
0.00000000	0.01250000
0.00000000	0.06460000
0.00000000	0.02690000
0.00000000	0.01690000
0.00000000	0.01400000
0.00000000	0.01310000
0.00000000	0.01270000
0.00000000	0.01240000
0.00000000	0.01210000
0.00000000	0.01190000
0.00000000	0.03280000
0.00000000	0.03680000
0.00000000	0.01820000
0.00000000	0.01300000
0.00000000	0.01140000
0.00000000	0.01090000
0.00000000	0.01060000
0.00000000	0.01040000
0.00050000	0.11950000
0.00020000	0.13050000
0.00020000	0.07600000
0.00010000	0.05890000
0.00010000	0.03330000
0.00010000	0.05250000
0.00000000	0.05590000
0.00010000	0.03370000
0.00000000	0.02620000
0.00000000	0.02380000
0.00000000	0.02290000
0.00000000	0.02230000
0.00010000	0.05070000
0.00030000	0.05500000
0.00020000	0.07710000
0.00010000	0.03820000
0.00010000	0.02780000
0.00010000	0.02470000
0.00010000	0.02350000
0.00010000	0.02290000
0.00010000	0.02240000
0.00000000	0.02200000
0.00000000	0.02160000
0.00000000	0.02120000
0.00000000	0.02090000
0.00000000	0.02050000
0.00000000	0.02010000
0.00000000	0.03030000
0.00000000	0.02230000
0.00000000	0.01990000
0.00000000	0.01900000
0.00000000	0.01850000
0.00000000	0.06650000
0.00010000	0.05760000
0.00010000	0.06150000
0.00000000	0.03190000
0.00000000	0.02420000
0.00010000	0.05080000
0.00000000	0.06150000
0.00000000	0.03230000
0.00000000	0.02470000
0.00000000	0.02240000
0.00000000	0.03580000
0.00000000	0.03350000
0.00000000	0.03560000
0.00000000	0.02430000
0.00000000	0.02090000
0.00000000	0.04210000
0.00000000	0.02530000
0.00000000	0.02040000
0.00000000	0.01890000
0.00000000	0.02060000
0.00000000	0.01850000
0.00000000	0.01760000
0.00000000	0.06970000
0.00000000	0.03190000
0.00000000	0.02200000
0.00000000	0.01910000
0.00000000	0.01800000
0.00000000	0.01750000
0.00000000	0.01720000
0.00000000	0.01680000
0.00000000	0.01660000
0.00000000	0.01630000
0.00000000	0.01600000
0.00000000	0.01570000
0.00000000	0.01540000
0.00000000	0.01510000
0.00000000	0.07870000
0.00000000	0.06790000
0.00000000	0.03210000
0.00000000	0.02870000
0.00000000	0.02330000
0.00000000	0.01980000
0.00000000	0.01860000
0.00000000	0.01800000
0.00000000	0.01770000
0.00000000	0.01730000
0.00000000	0.01700000
0.00000000	0.03840000
0.00000000	0.07310000
0.00000000	0.03350000
0.00000000	0.02330000
0.00000000	0.02030000
0.00000000	0.01920000
0.00000000	0.35890000
0.00000000	0.11230000
0.00000000	0.04560000
0.00000000	0.02710000
0.00000000	0.02180000
0.00000000	0.02010000
0.00000000	0.01920000
0.00000000	0.02620000
0.00000000	0.02050000
0.00000000	0.02870000
0.00000000	0.05350000
0.00000000	0.02810000
0.00000000	0.02170000
0.00000000	0.01970000
0.00000000	0.01890000
0.00000000	0.01840000
0.00000000	0.01810000
0.00000000	0.01770000
0.00000000	0.01740000
0.00000000	0.01710000
0.00000000	0.01680000
0.00000000	0.03500000
0.00000000	1.06930000
0.00000000	0.30580000
0.00000000	0.09790000
0.00000000	0.04130000
0.00000000	0.02560000
0.00000000	0.02100000
0.00000000	0.01910000
0.00000000	0.01880000
0.00000000	0.01850000
0.00000000	0.01820000
0.00000000	0.01790000
0.00000000	0.01760000
0.00000000	0.01730000
0.00000000	0.01700000
0.00000000	0.02640000
0.00000000	0.01850000
0.00000000	0.04670000
0.00000000	0.02450000
0.00000000	0.01900000
0.00000000	0.01730000
0.00000000	0.01720000
0.00000000	0.01690000
0.00000000	0.01650000
0.00000000	0.01580000
0.00000000	0.01540000
0.00000000	0.01510000
0.00000000	0.03010000
0.00000000	0.05510000
0.00000000	0.02710000
0.00000000	0.01990000
0.00000000	0.01770000
0.00000000	0.01690000
0.00000000	0.01650000
0.00000000	0.01790000
0.00000000	0.01630000
0.00000000	0.03530000
0.00000000	0.02810000
0.00000000	0.01900000
0.00000000	0.01670000
0.00000000	0.01580000
0.00000000	0.01540000
0.00000000	0.01510000
0.00000000	0.01480000
0.00000000	0.01450000
0.00000000	0.11960000
0.00000000	0.04280000
0.00000000	0.02260000
0.00000000	0.02150000
0.00000000	0.01640000
0.00000000	0.01480000
0.00000000	0.01420000
0.00000000	0.01380000
0.00000000	0.01360000
0.00000000	0.01330000
0.00000000	0.37850000
0.00000000	0.11270000
0.00000000	0.04090000
0.00000000	0.02110000
0.00000000	0.01550000
0.00000000	0.01380000
0.00000000	0.01300000
0.00020000	0.01980000
0.00350000	0.10260000
0.00850000	0.04080000
0.00740000	0.02460000
0.00470000	0.02000000
0.00640000	0.01850000
0.00780000	0.01780000
0.00620000	0.01740000
0.00520000	0.01710000
0.00490000	0.01680000
0.00460000	0.01650000
0.00460000	0.02770000
0.00400000	0.01910000
0.00350000	0.01650000
0.00320000	0.01560000
0.00310000	0.01510000
0.00270000	0.01480000
0.00260000	0.01450000
0.00230000	0.01430000
0.00210000	0.01400000
0.00200000	0.01430000
0.00180000	0.01420000
0.00150000	0.01400000
0.00110000	0.01370000
0.00090000	0.01340000
0.00100000	0.01340000
0.00110000	0.01260000
0.00100000	0.01220000
0.00150000	0.01200000
0.00140000	0.01170000
0.00110000	0.01150000
0.00100000	0.01130000
0.00100000	0.01110000
0.00100000	0.01090000
0.00090000	0.01070000
0.00090000	0.01060000
0.00100000	0.01070000
0.00090000	0.03160000
0.00110000	0.01590000
0.00160000	0.05000000
0.00280000	0.06720000
0.00400000	0.07480000
0.05360000	0.03240000
0.26350000	0.05750000
0.93590000	1.40790000
0.58160000	0.40140000
0.16360000	0.12690000
0.06000000	0.05150000
0.02820000	0.03060000
0.01640000	0.02460000
0.01540000	0.02210000
0.01540000	0.02170000
0.01730000	0.05830000
0.01450000	0.03110000
0.01270000	0.02390000
0.01180000	0.02170000
0.01000000	0.02080000
0.00850000	0.02030000
0.01180000	0.04660000
0.03910000	0.05590000
0.04910000	0.02990000
0.05450000	0.02330000
0.34530000	0.06700000
0.25440000	0.03360000
0.14540000	0.03960000
0.09000000	0.03450000
0.04820000	0.02450000
0.04090000	0.02150000
0.02820000	0.02040000
0.02090000	0.02870000
0.01270000	0.02190000
0.00910000	0.01980000
0.00730000	0.01900000
0.00580000	0.01850000
0.00470000	0.01820000
0.00420000	0.01780000
0.00400000	0.01750000
0.00340000	0.01720000
0.00280000	0.01690000
0.00250000	0.01660000
0.00250000	0.01630000
0.00280000	0.03400000
0.00260000	0.02060000
0.00240000	0.01680000
0.00240000	0.01550000
0.00200000	0.01500000
0.00160000	0.01470000
0.00150000	0.01460000
0.00200000	0.01420000
0.00200000	0.01390000
0.00180000	0.01360000
0.00440000	0.04470000
0.04820000	0.50670000
0.03270000	0.16320000
0.01540000	0.07280000
0.01820000	0.03460000
0.14540000	0.08810000
0.06180000	0.03990000
0.02090000	0.02700000
0.01090000	0.02330000
0.00740000	0.02200000
0.00630000	0.02140000
0.00500000	0.03400000
0.00460000	0.02980000
0.00450000	0.03200000
0.00360000	0.02310000
0.00330000	0.02040000
0.00350000	0.02670000
0.00420000	0.02090000
0.00340000	0.02630000
0.00250000	0.02030000
0.00230000	0.01880000
0.00170000	0.01780000
0.00160000	0.01730000
0.00140000	0.01690000
0.00080000	0.01660000
0.00070000	0.01630000
0.00090000	0.01610000
0.00130000	0.01580000
0.00140000	0.01550000
0.00120000	0.01520000
0.00080000	0.01490000
0.00100000	0.06330000
1.51750000	0.03510000
5.67020000	2.93200000
2.77150000	1.45790000
0.32710000	0.42180000
0.13630000	0.13870000
0.07090000	0.06090000
0.03910000	0.03920000
0.02450000	0.03170000
0.01730000	0.03020000
0.01360000	0.02970000
0.01000000	0.02910000
14.72070000	11.70540000
4.88870000	3.28250000
0.51790000	0.92560000
0.23630000	0.28140000
0.12720000	0.10480000
0.06720000	0.05600000
0.03730000	0.03730000
0.02540000	0.03660000
0.01820000	0.03590000
0.01180000	0.03530000
0.00830000	0.03470000
0.00670000	0.03410000
0.00650000	0.09420000
0.08910000	0.05030000
0.04270000	0.03840000
0.02000000	0.03470000
0.01540000	0.03320000
0.01090000	0.04480000
0.00830000	0.05290000
0.00550000	0.03700000
0.00430000	0.03330000
0.00290000	0.03080000
0.00180000	0.02970000
0.00430000	0.10230000
0.28170000	0.07550000
0.07450000	0.04340000
0.03270000	0.03450000
0.01640000	0.03170000
0.00850000	0.03050000
0.00550000	0.02980000
0.00550000	0.10220000
1.66290000	0.07700000
2.39890000	0.08260000
0.44530000	0.12500000
0.26350000	0.06080000
0.10900000	0.04330000
0.05270000	0.03800000
0.02910000	0.03610000
0.01640000	0.03510000
0.00910000	0.03440000
0.00750000	0.03380000
0.00570000	0.05690000
0.00350000	0.03910000
0.00220000	0.03380000
0.00140000	0.03190000
0.00120000	0.03100000
0.00110000	0.04810000
0.00060000	0.03460000
0.00040000	0.03060000
0.00020000	0.02910000
0.00010000	0.02830000
0.00010000	0.02780000
0.00000000	0.02730000
0.00000000	0.02680000
0.00000000	0.02630000
0.00000000	0.02580000
0.00000000	0.02540000
0.00000000	0.02490000
0.00000000	0.05050000
0.00000000	0.03130000
0.00000000	0.02560000
0.00000000	0.02370000
0.00000000	0.02290000
0.00000000	0.02240000
0.00000000	0.08090000
0.00000000	0.06930000
0.00000000	0.03620000
0.00000000	0.02730000
0.00020000	0.02460000
0.00010000	0.09530000
0.00000000	0.04420000
0.00000000	0.03050000
0.00000000	0.02640000
0.00000000	0.02500000
0.00000000	0.02430000
0.00000000	0.02380000
0.10000000	0.82210000
0.33620000	0.27420000
0.12720000	0.10970000
0.05270000	0.05420000
0.02270000	0.03570000
0.01000000	0.03030000
0.00550000	0.02810000
0.00380000	0.02750000
0.00220000	0.02690000
0.00140000	0.02650000
0.00110000	0.02600000
0.00060000	0.02550000
0.00040000	0.02510000
0.00020000	0.02460000
0.00020000	0.02420000
0.00010000	0.02380000
0.00050000	0.08210000
0.00100000	0.16020000
0.00070000	0.07330000
0.01180000	0.04390000
0.02450000	0.03550000
0.01090000	0.03280000
0.00740000	0.03160000
0.00380000	0.04730000
0.00170000	0.03480000
0.00140000	0.03100000
0.00120000	0.02960000
0.00090000	0.03060000
0.00050000	0.02870000
0.00030000	0.02780000
0.00020000	0.02720000
0.00020000	0.02670000
0.00010000	0.02630000
0.00010000	0.02940000
0.00000000	0.02630000
0.00000000	0.02520000
0.00000000	0.02450000
0.00000000	0.02400000
0.00000000	0.02360000
0.00000000	0.02320000
0.00000000	0.02280000
0.00000000	0.02240000
0.00000000	0.02200000
0.00000000	0.02160000
0.00000000	0.02120000
0.00000000	0.02080000
0.00010000	0.08510000
0.00000000	0.04090000
0.00000000	0.02730000
0.00000000	0.02320000
0.00000000	0.02190000
0.00000000	0.03340000
0.00010000	0.07640000
0.00000000	0.03770000
0.00000000	0.03460000
0.00000000	0.02620000
0.00000000	0.02360000
0.00000000	0.06320000
0.00000000	0.03390000
0.00000000	0.02650000
0.00000000	0.02410000
0.00000000	0.05630000
0.00000000	0.05040000
0.00000000	0.03560000
0.00000000	0.02760000
0.00000000	0.02500000
0.00000000	0.02400000
0.00000000	0.02350000
0.00000000	0.02300000
0.00000000	0.02260000
0.00000000	0.02220000
0.00000000	0.02180000
0.00000000	0.02140000
0.00000000	0.02100000
0.00000000	0.02070000
0.00000000	0.02030000
0.00000000	0.01990000
0.00000000	0.24580000
0.00000000	0.08110000
0.00000000	0.05080000
0.00000000	0.02820000
0.00000000	0.02240000
0.00000000	0.03270000
0.00000000	0.02300000
0.00000000	0.02050000
0.00000000	0.01950000
0.00000000	0.01900000
0.00000000	0.01870000
0.00000000	0.01830000
0.00000000	0.01800000
0.00000000	0.01770000
0.00000000	0.01740000
0.00000000	0.01700000
0.00000000	0.01670000
0.00000000	0.01650000
0.00150000	0.03820000
0.04270000	9.17760000
0.25440000	2.52710000
0.13630000	0.70990000
0.06450000	0.21280000
0.03630000	0.07660000
0.02360000	0.03910000
0.02000000	0.02470000
0.01820000	0.02430000
0.01540000	0.02390000
0.01360000	0.02340000
0.01270000	0.02300000
0.05910000	0.07310000
1.83550000	0.05910000
0.81780000	0.03470000
0.29990000	0.02820000
0.13630000	0.02620000
0.07630000	0.02530000
0.04360000	0.02470000
0.03630000	0.02420000
0.02640000	0.02380000
0.02270000	0.04180000
0.10000000	0.08800000
0.22720000	0.04330000
0.15450000	0.03170000
0.07720000	0.02810000
0.04450000	0.02680000
0.03000000	0.02610000
0.02090000	0.02560000
0.01730000	0.02510000
0.01450000	0.02470000
0.01270000	0.02420000
0.02090000	0.62550000
0.05540000	0.18890000
0.06270000	0.07020000
0.05180000	0.03740000
0.04180000	0.02810000
0.06000000	0.05780000
0.06720000	0.03770000
0.04910000	0.02880000
0.03630000	0.02620000
0.03180000	0.02510000
0.02450000	0.02450000
0.02090000	0.02400000
0.02090000	0.02360000
0.03180000	0.02370000
0.04000000	0.02350000
0.74510000	0.02310000
0.69060000	0.02270000
0.27260000	0.02230000
0.09090000	0.02190000
0.05270000	0.02160000
0.03820000	0.02120000
0.03820000	0.02080000
0.03180000	0.02050000
0.02820000	0.02010000
0.03090000	0.01980000
0.03360000	0.01950000
0.05910000	0.01910000
0.53610000	0.02480000
0.39980000	0.02190000
0.20900000	0.01940000
0.10900000	0.01820000
0.05090000	0.01770000
0.03730000	0.01740000
0.03090000	0.01710000
0.02360000	0.01670000
0.01820000	0.01630000
0.01450000	0.01590000
0.01270000	0.01550000
0.01360000	0.01510000
0.01270000	0.01480000
0.01180000	0.01450000
0.01180000	0.01420000
0.01270000	0.01390000
0.04270000	0.01370000
0.38160000	0.33130000
0.39980000	0.10060000
0.33620000	0.03840000
0.13630000	0.02120000
0.07090000	0.01630000
0.04730000	0.01480000
0.09000000	0.01410000
1.45390000	0.30700000
5.61570000	0.16480000
7.76020000	0.45720000
3.12590000	0.14560000
18.44630000	0.06440000
11.44940000	12.27250000
1.15400000	3.36950000
0.53610000	0.93670000
0.42710000	0.27130000
7.52390000	0.34870000
2.12630000	0.11090000
0.52700000	0.04130000
0.29080000	0.02710000
0.20900000	0.02300000
0.16360000	0.02160000
0.13630000	0.02080000
0.12720000	0.02040000
0.11810000	0.02010000
0.12720000	0.04010000
0.12720000	0.02490000
0.11810000	0.02060000
0.10900000	0.01910000
0.09090000	0.01850000
0.08090000	0.01810000
0.06540000	0.01770000
0.05820000	0.01740000
0.05540000	0.02640000
0.05270000	0.02660000
0.05450000	0.01920000
0.05820000	0.03830000
0.08720000	0.03490000
0.28170000	0.04590000
0.34530000	0.03660000
0.24530000	0.02200000
0.16360000	0.01800000
0.15450000	0.02590000
0.13630000	0.01860000
0.09090000	0.01640000
0.08090000	0.04830000
0.08910000	0.05170000
0.14540000	0.05770000
0.12720000	0.02840000
0.11810000	0.02070000
0.11810000	0.04590000
0.07630000	0.02500000
0.05820000	0.01920000
0.04910000	0.01740000
0.04270000	0.01670000
0.03910000	0.01630000
0.04090000	0.01600000
1.18130000	1.98430000
0.88140000	0.56690000
0.32710000	0.16850000
0.28170000	0.08140000
0.53610000	0.05010000
0.29990000	0.02710000
0.17260000	0.02020000
0.11810000	0.01890000
0.08910000	0.01830000
0.07090000	0.01790000
0.06180000	0.01760000
0.05270000	0.01720000
0.04270000	0.01710000
0.03630000	0.01670000
0.08270000	0.49650000
1.60840000	2.38800000
0.95410000	0.68680000
0.33620000	0.20370000
0.16360000	0.07180000
0.10000000	0.03540000
0.07000000	0.02500000
0.05910000	0.02820000
0.06450000	0.05730000
1.61750000	0.05700000
1.05410000	0.06700000
0.37260000	0.03480000
0.18170000	0.05080000
0.10000000	0.03030000
0.07000000	0.02450000
0.05450000	0.02260000
0.05180000	0.03550000
0.06090000	0.02510000
0.03540000	0.02190000
0.02640000	0.02080000
0.02180000	0.02030000
0.01820000	0.02030000
0.01540000	0.01960000
0.01360000	0.01920000
0.01270000	0.01880000
0.01180000	0.01850000
0.01000000	0.01810000
0.00910000	0.01780000
0.00850000	0.01750000
0.00660000	0.01720000
0.00610000	0.02870000
0.00750000	0.03680000
0.01000000	0.04260000
0.01180000	0.03780000
0.01000000	0.02170000
0.01000000	0.03040000
0.02540000	0.07190000
0.02360000	0.03650000
0.01730000	0.03580000
0.01360000	0.02920000
0.01360000	0.02830000
0.01180000	0.01910000
0.00890000	0.01640000
0.00750000	0.01550000
0.00850000	0.04950000
0.00700000	0.02410000
0.00810000	0.01710000
0.00850000	0.04770000
0.00740000	0.02320000
0.00590000	0.01640000
0.00500000	0.01430000
0.00450000	0.01360000
0.00370000	0.01320000
0.00330000	0.01290000
0.00260000	0.01270000
0.00250000	0.03540000
0.00230000	0.01850000
0.00150000	0.01380000
0.00100000	0.01230000
0.00070000	0.01170000
0.00070000	0.01460000
0.00070000	0.01210000
0.00060000	0.02360000
0.00130000	0.01430000
2.29900000	0.60310000
4.24360000	6.64190000
2.18990000	1.86880000
0.49070000	0.53310000
0.19990000	0.16800000
0.09090000	0.06780000
0.05450000	0.03980000
0.03360000	0.07550000
0.02270000	0.04140000
0.01540000	0.03210000
0.01090000	0.02920000
0.00760000	0.02810000
0.03270000	0.02740000
0.11810000	0.05020000
0.02730000	0.03270000
0.01540000	0.05050000
0.01090000	0.03220000
0.00870000	0.02680000
0.00690000	0.02510000
0.00680000	0.02420000
0.00610000	0.02370000
0.00530000	0.02330000
0.00550000	0.02290000
0.00400000	0.02250000
0.00350000	0.02210000
0.00180000	0.02170000
0.00150000	0.02130000
0.00140000	0.02090000
0.00110000	0.02050000
0.00090000	0.02020000
0.00060000	0.01980000
0.00050000	0.01950000
0.00050000	0.01910000
0.00050000	0.01880000
0.00030000	0.01840000
0.00030000	0.01810000
0.00020000	0.01780000
0.00020000	0.01750000
0.00010000	0.01720000
0.00020000	0.01690000
0.00020000	0.04350000
0.00010000	0.02390000
0.00010000	0.01810000
0.00000000	0.01630000
0.00000000	0.01560000
0.00000000	0.01520000
0.00010000	0.05530000
0.00010000	0.04810000
0.00000000	0.02400000
0.00000000	0.01750000
0.00000000	0.01550000
0.00000000	0.01480000
0.00000000	0.01440000
0.00000000	0.01770000
0.00010000	0.06030000
0.00000000	0.02630000
0.00000000	0.02030000
0.00000000	0.01740000
0.00010000	1.35860000
0.00000000	0.38310000
0.00000000	0.11680000
0.00000000	0.04390000
0.00000000	0.02370000
0.00000000	0.01800000
0.00000000	0.01570000
0.00000000	0.01540000
0.00000000	0.01510000
0.00000000	0.01480000
0.00000000	0.01460000
0.00000000	0.01430000
0.00010000	0.03620000
0.00010000	0.04380000
0.00010000	0.02180000
0.00000000	0.01590000
0.00000000	0.01410000
0.00000000	0.02070000
0.00000000	0.01510000
0.00000000	0.01340000
0.00000000	0.01280000
0.00000000	0.01240000
0.00000000	0.01220000
0.00000000	0.01200000
0.00000000	0.01170000
0.00000000	0.01150000
0.00000000	0.01130000
0.00000000	0.01110000
0.00000000	0.01090000
0.00000000	0.01070000
0.00000000	0.01060000
0.00000000	0.01040000
0.00000000	0.06650000
0.00000000	0.02610000
0.00000000	0.01560000
0.00000000	0.01260000
0.00000000	0.01160000
0.00000000	0.05990000
0.00030000	0.02490000
0.00010000	0.07830000
0.00000000	0.03210000
0.00000000	0.02010000
0.00000000	0.01660000
0.00000000	0.01550000
0.00000000	0.01500000
0.00000000	0.01460000
0.00000000	0.01440000
0.00000000	0.01410000
0.00000000	0.01390000
0.00000000	0.01360000
0.00000000	0.04630000
0.00000000	0.02220000
0.00000000	0.01780000
0.00000000	0.01400000
0.00000000	0.07830000
0.00000000	0.04430000
0.00000000	0.02370000
0.00000000	0.01810000
0.00000000	0.01640000
0.00000000	0.02490000
0.00000000	0.01780000
0.00000000	0.01570000
0.00000000	0.01960000
0.00000000	0.02940000
0.00000000	0.01830000
0.00000000	0.01510000
0.00000000	0.01400000
0.00000000	0.01360000
0.00000000	0.01330000
0.00000000	0.01300000
0.00000000	0.01280000
0.00000000	0.01260000
0.00000000	0.01230000
0.00000000	0.01210000
0.00000000	0.01190000
0.00000000	0.01170000
0.00000000	0.01150000
0.00000000	0.01130000
0.00000000	0.01110000
0.00010000	0.01090000
0.00010000	0.06830000
0.00000000	0.02710000
0.00000000	0.01650000
0.00000000	0.01350000
0.00000000	0.01250000
0.00000000	0.01210000
0.00000000	0.01180000
0.00000000	0.01160000
0.00020000	0.05020000
0.00000000	0.08190000
0.00000000	0.03420000
0.00000000	0.02190000
0.00000000	0.01830000
0.00000000	0.04930000
0.00000000	0.02610000
0.00000000	0.02030000
0.00000000	0.01850000
0.00000000	0.01780000
0.00000000	0.01740000
0.00020000	0.03480000
0.00010000	0.04710000
0.00000000	0.02590000
0.00000000	0.02060000
0.00000000	0.01900000
0.00000000	0.01880000
0.00000000	0.01850000
0.00020000	0.01820000
0.00060000	0.01790000
0.02270000	0.01760000
0.10900000	0.01730000
0.04820000	0.01700000
0.02910000	0.01670000
0.01820000	0.01650000
0.01090000	0.01620000
0.00620000	0.01590000
0.00400000	0.01560000
0.00340000	0.01540000
0.00320000	0.01510000
0.00510000	0.02310000
0.24530000	0.06310000
0.68150000	0.08590000
0.21810000	0.04290000
0.06720000	0.02780000
0.03540000	0.03870000
0.03360000	0.05310000
0.04090000	0.03410000
0.03730000	0.02690000
0.02730000	0.02460000
0.01910000	0.02350000
0.01450000	0.02310000
0.00880000	0.02250000
0.00550000	0.02200000
0.00400000	0.02150000
0.00480000	0.02150000
0.01000000	0.76560000
0.04090000	0.22570000
17.53760000	19.87250000
1.61750000	5.46300000
0.46340000	1.51580000
0.27260000	0.44400000
0.19080000	0.14300000
0.12720000	0.06090000
0.08540000	0.02980000
0.05630000	0.02920000
0.04540000	0.02860000
0.03910000	0.02820000
0.03090000	0.02760000
0.02360000	0.02710000
0.01820000	0.02660000
0.01640000	0.02620000
0.01540000	0.02620000
0.01540000	0.02590000
0.01540000	0.02500000
0.01270000	0.02440000
0.01270000	0.02390000
0.01640000	0.02350000
0.01910000	0.02310000
0.02730000	0.02270000
0.02360000	0.02510000
0.02090000	0.02270000
0.02090000	0.02230000
0.01910000	0.02190000
0.01910000	0.02150000
0.02360000	0.04840000
5.06140000	0.04300000
7.57840000	13.62740000
1.26310000	3.74360000
0.48160000	1.04410000
0.31800000	0.30370000
0.20900000	0.10100000
0.11810000	0.04530000
0.07910000	0.02460000
0.05540000	0.02440000
0.04630000	0.02390000
0.04540000	0.02370000
0.04090000	0.02270000
13.72110000	9.67800000
3.01680000	2.68790000
0.57250000	0.75420000
0.36350000	0.22590000
0.20900000	0.08120000
0.12720000	0.04180000
0.09090000	0.02670000
0.08540000	0.02630000
0.09090000	0.02880000
0.13630000	0.03280000
0.16360000	0.02640000
0.13630000	0.02440000
0.10900000	0.02410000
0.10000000	0.03440000
0.10900000	0.02570000
6.53340000	0.41970000
1.75380000	0.13180000
0.47250000	0.05370000
0.32710000	0.03200000
0.24530000	0.02580000
0.18170000	0.02380000
0.13630000	0.02280000
0.10900000	0.02240000
0.08630000	0.02200000
0.08270000	0.02160000
0.07810000	0.02120000
0.17260000	0.06100000
1.58110000	0.05550000
1.89010000	0.04790000
10.99510000	0.02930000
18.26450000	16.04710000
4.90690000	5.49950000
1.05410000	1.52190000
0.56340000	0.43510000
0.33620000	0.13760000
0.21810000	0.06250000
0.18170000	0.02850000
0.16360000	0.02510000
0.14540000	0.02430000
0.15450000	0.04780000
0.16360000	0.04910000
0.15450000	0.02990000
0.13630000	0.02490000
0.12720000	0.02540000
0.34530000	0.27290000
0.38160000	0.09050000
0.19990000	0.04120000
0.19080000	0.04840000
0.18170000	0.02910000
0.16360000	0.02370000
0.12720000	0.02180000
0.29990000	0.03660000
0.69970000	0.08710000
14.53890000	4.71400000
5.91550000	4.16960000
0.75420000	1.16120000
0.38160000	0.33920000
0.25440000	0.11050000
0.19080000	0.04770000
0.15450000	0.02830000
0.12720000	0.02340000
0.14540000	0.02300000
0.24530000	0.05910000
0.19990000	0.03220000
0.15450000	0.02480000
0.12720000	0.05000000
0.14540000	0.04430000
0.98140000	0.02730000
1.36300000	0.11440000
1.13590000	0.22690000
0.39980000	0.07790000
0.22720000	0.04080000
0.17260000	0.02690000
0.12720000	0.02270000
0.10900000	0.02120000
0.19990000	0.05160000
0.33620000	0.07130000
0.20900000	0.03460000
0.12720000	0.02490000
0.10000000	0.02200000
0.10000000	0.04280000
0.17260000	0.06620000
0.43620000	0.04310000
0.29080000	0.03450000
9.17770000	7.06820000
1.95370000	1.95410000
0.54520000	0.55340000
0.31800000	0.19150000
0.20900000	0.06860000
0.16360000	0.04800000
0.13630000	0.02590000
0.10900000	0.02250000
0.09090000	0.02130000
0.07360000	0.02070000
0.06360000	0.02030000
0.06090000	0.01990000
0.06270000	0.04050000
0.07540000	0.02530000
4.56160000	0.08780000
12.99420000	3.81920000
1.79010000	1.06460000
0.62700000	0.31550000
0.35440000	0.10320000
0.82690000	0.04490000
11.08590000	1.48660000
1.75380000	0.42270000
0.52700000	0.13360000
0.29990000	0.05950000
0.23630000	0.09350000
0.15450000	0.04360000
0.11810000	0.04720000
0.09090000	0.03810000
0.07090000	0.02810000
1.38120000	0.28630000
1.16310000	0.12420000
0.33620000	0.05340000
0.17260000	0.03400000
3.62560000	2.49810000
1.76280000	1.56530000
0.47250000	0.44950000
0.22720000	0.14490000
0.12720000	0.06110000
0.08270000	0.03780000
0.06450000	0.03360000
0.39070000	0.04770000
0.11810000	0.03300000
0.06270000	0.02860000
0.04360000	0.06360000
0.04000000	0.03630000
0.37260000	1.97950000
1.92640000	3.61110000
1.65380000	1.02390000
0.35440000	0.30290000
0.17260000	0.10550000
0.10000000	0.05120000
0.05820000	0.03510000
0.62700000	0.02990000
32.62170000	17.81690000
2.75330000	4.89920000
0.77240000	1.36270000
0.40890000	0.39570000
0.23630000	0.13090000
1.46300000	0.11330000
2.30810000	14.26940000
1.15400000	3.92520000
0.39980000	1.09780000
4.25260000	0.32450000
7.80560000	0.16110000
0.91780000	0.06760000
0.39070000	0.03620000
0.21810000	0.03320000
0.14540000	0.03190000
0.10900000	0.03120000
0.29080000	0.07390000
0.23630000	0.04190000
0.10900000	0.03310000
19.35500000	3.90880000
1.92640000	1.09250000
12.72160000	0.34760000
89.32360000	59.58360000
17.35580000	24.41170000
3.94370000	6.70060000
21.53580000	19.30700000
6.76060000	5.30660000
20.80880000	9.23230000
9.90460000	4.92010000
4.18900000	1.37230000
1.60840000	0.40590000
0.79960000	0.13390000
0.60880000	0.06630000
0.88140000	0.04410000
1.97180000	0.07030000
0.46340000	0.04740000
0.29080000	0.04060000
0.21810000	0.03830000
0.17260000	0.03710000
0.13630000	0.03640000
0.11810000	0.03570000
0.10900000	0.05380000
0.10000000	0.03950000
0.09090000	0.03520000
0.08450000	0.03360000
0.07450000	0.03270000
0.06910000	0.03210000
0.06450000	0.03150000
0.06000000	0.03090000
0.08450000	0.06360000
0.10900000	0.07000000
0.10000000	0.04090000
0.08270000	0.03300000
0.07090000	0.03050000
0.07090000	0.02940000
0.06450000	0.02870000
0.07270000	0.02820000
0.10000000	0.73380000
0.10000000	0.22120000
0.10000000	0.08140000
0.10000000	0.04280000
0.10000000	0.03190000
1.17220000	0.10100000
32.71260000	27.06570000
15.81110000	23.23050000
1.48120000	6.37810000
1.08130000	1.86610000
0.59970000	0.53800000
0.33620000	0.18260000
0.19990000	0.06630000
0.14540000	0.05150000
16.26540000	4.81600000
23.71660000	4.80590000
83.96230000	72.40390000
14.08460000	20.94220000
1.55380000	5.75640000
0.83600000	1.60560000
0.52700000	0.46840000
0.33620000	0.15760000
0.21810000	0.04380000
0.14540000	0.04140000
0.10000000	0.04070000
0.08090000	0.03990000
0.06720000	0.03920000
0.45430000	0.03850000
0.27260000	0.03780000
0.12720000	0.03720000
0.07810000	0.03650000
0.29990000	0.07470000
0.38160000	0.06160000
0.18170000	0.04210000
0.10900000	0.03680000
0.07360000	0.03490000
0.05450000	0.03400000
0.04270000	0.03330000
0.03360000	0.03270000
0.03090000	0.05260000
0.04360000	0.10300000
0.04450000	0.05150000
0.04180000	0.03790000
0.03630000	0.03370000
0.03630000	0.03220000
0.03180000	0.03130000
0.02820000	0.03870000
3.65290000	0.05940000
0.56340000	0.19190000
0.23630000	0.07520000
0.12720000	0.04370000
0.08270000	0.03470000
0.05540000	0.03180000
0.04270000	0.03070000
0.44530000	0.08230000
0.95410000	0.05980000
0.73600000	0.05300000
0.48160000	0.04830000
0.30900000	0.03630000
0.15450000	0.03300000
0.09090000	0.03170000
0.06630000	0.03090000
0.05270000	0.03030000
0.04180000	0.02980000
0.03540000	0.02930000
0.03270000	0.02870000
0.02730000	0.02820000
0.02270000	0.02770000
0.02090000	0.02720000
0.02640000	0.04180000
0.03270000	0.03140000
0.03630000	0.02720000
0.03910000	0.02580000
0.04000000	0.02500000
0.04540000	0.04400000
0.05090000	0.03650000
0.04730000	0.02700000
0.05090000	0.02790000
0.07180000	0.03880000
0.09090000	0.02690000
0.06270000	0.02400000
0.04360000	0.02290000
0.03540000	0.02230000
0.03360000	0.02180000
0.02910000	0.02140000
0.02730000	0.02110000
0.02640000	0.02070000
0.02540000	0.02030000
0.02450000	0.02000000
0.02360000	0.01960000
0.02360000	0.01930000
0.02360000	0.01890000
0.02360000	0.01860000
0.03180000	0.05030000
0.04090000	0.02720000
0.04180000	0.02130000
0.04270000	0.02450000
0.04090000	0.02010000
0.03450000	0.01880000
0.03450000	0.01810000
0.03180000	0.01760000
0.03090000	0.01730000
0.12720000	0.05270000
0.20900000	0.12320000
0.12720000	0.04730000
0.09090000	0.02660000
0.07090000	0.02070000
0.06360000	0.01880000
0.08180000	0.36310000
0.08090000	0.11270000
0.06820000	0.04570000
0.05630000	0.02700000
1.53570000	0.02170000
1.56290000	0.02000000
0.84510000	0.01920000
0.58160000	0.01880000
0.11810000	0.01850000
0.12720000	0.01820000
0.15450000	0.01790000
0.30900000	0.01760000
14.99330000	4.66690000
11.17680000	18.06580000
1.46300000	4.95190000
0.89960000	1.36800000
0.63610000	0.38810000
0.40890000	0.12000000
0.25440000	0.04460000
0.19990000	0.01860000
0.19990000	0.01830000
0.19990000	0.01800000
0.17260000	0.01770000
0.14540000	0.01730000
0.10900000	0.01700000
0.10000000	0.01670000
0.10000000	0.01640000
0.09000000	0.01620000
0.08000000	0.01590000
0.07270000	0.01560000
0.06270000	0.01530000
0.05270000	0.01500000
0.04270000	0.01480000
0.04270000	0.01450000
0.04630000	0.01430000
0.04910000	0.01400000
0.04820000	0.01380000
0.04540000	0.01350000
0.04360000	0.01330000
0.04820000	0.01300000
0.04540000	0.01280000
0.04000000	0.01270000
0.03540000	0.01290000
0.03540000	0.01280000
0.03630000	0.01270000
0.03730000	0.01250000
0.03730000	0.01220000
0.03910000	0.01200000
0.04630000	0.01700000
0.04630000	0.01250000
0.04360000	0.01120000
0.03910000	0.01070000
0.03540000	0.01040000
0.04090000	0.01020000
0.05360000	0.01000000
0.06000000	0.00980000
0.06090000	0.00960000
0.06910000	0.01800000
8.55980000	1.61350000
6.11540000	8.03170000
1.09040000	2.20400000
0.55430000	0.61170000
0.33620000	0.17640000
0.21810000	0.05720000
0.17260000	0.02380000
0.16360000	0.01200000
0.13630000	0.01180000
0.10900000	0.01160000
0.10000000	0.01140000
0.08810000	0.01120000
0.07450000	0.01100000
0.07090000	0.01080000
0.07270000	0.01060000
0.08270000	0.01040000
0.96320000	1.93630000
0.53610000	0.53740000
0.26350000	0.15580000
0.14540000	0.05130000
0.10000000	0.02260000
0.08360000	0.01460000
0.08360000	0.01140000
0.09090000	0.01120000
0.09090000	0.01100000
0.10000000	0.01840000
0.10000000	0.02000000
3.91640000	5.29430000
3.62560000	2.38180000
0.74510000	0.66030000
0.40890000	0.19040000
0.29990000	0.06180000
0.22720000	0.02640000
0.18170000	0.01440000
0.15450000	0.01280000
0.13630000	0.01260000
0.12720000	0.02230000
0.11810000	0.01480000
0.10000000	0.01260000
0.10000000	0.01190000
0.10000000	0.01150000
1.17220000	0.01130000
2.49890000	7.99720000
0.69970000	2.19930000
0.38160000	0.61840000
5.82470000	0.17870000
9.26860000	11.46770000
2.72600000	3.14510000
0.79960000	0.87000000
0.43620000	0.24870000
0.30900000	0.07870000
0.24530000	0.04300000
0.19080000	0.01740000
0.16360000	0.01490000
0.15450000	0.02180000
0.13630000	0.01580000
0.11810000	0.01400000
0.11810000	0.01330000
14.99330000	9.51410000
2.35350000	2.61110000
0.75420000	0.72490000
6.96050000	1.44990000
3.38030000	0.96620000
0.93590000	0.27620000
0.49980000	0.08360000
0.32710000	0.03470000
0.26350000	0.02110000
0.23630000	0.03600000
1.03590000	0.04280000
0.52700000	0.02270000
0.28170000	0.01720000
0.18170000	0.01550000
0.14540000	0.01490000
0.11810000	0.01450000
0.10000000	0.01420000
10.63160000	0.06940000
27.62400000	32.82100000
2.08090000	8.98400000
51.34060000	30.32760000
8.78700000	8.31280000
2.98050000	2.31220000
0.89960000	0.64650000
0.47250000	0.17800000
0.31800000	0.06330000
0.24530000	0.02010000
0.19080000	0.01970000
0.18170000	0.04160000
1.27220000	0.07880000
0.36350000	0.03590000
0.19080000	0.03220000
0.13630000	0.02330000
0.10900000	0.02770000
0.10000000	0.04790000
3.41660000	0.02680000
10.99510000	11.29020000
1.37210000	3.10120000
0.42710000	0.86310000
0.26350000	0.25110000
0.17260000	0.08350000
0.13630000	0.03750000
0.10000000	0.01990000
0.07360000	0.01960000
0.06270000	0.01920000
7.27860000	1.95730000
5.87920000	7.19370000
1.89910000	2.00790000
0.66330000	0.58610000
0.33620000	0.18300000
0.28170000	0.08930000
0.18170000	0.04240000
0.11810000	0.02710000
0.10000000	0.02540000
0.08270000	0.05070000
0.07630000	0.03120000
0.06450000	0.02550000
0.06000000	0.02370000
0.05540000	0.02290000
0.05270000	0.04860000
0.04730000	0.02910000
0.59970000	0.08140000
22.89880000	8.79530000
1.46300000	5.96440000
0.45430000	1.65120000
0.25440000	0.47250000
0.82690000	0.17630000
9.45030000	12.49540000
2.28080000	3.51260000
0.53610000	0.98110000
0.29080000	0.29050000
4.67970000	0.13580000
3.07130000	0.09470000
0.46340000	0.05760000
0.20900000	0.03770000
0.11810000	0.03580000
0.08360000	0.03100000
0.06630000	0.02920000
0.05540000	0.02840000
0.04730000	0.04210000
0.03910000	0.03120000
0.03360000	0.02790000
0.03000000	0.02660000
0.02820000	0.02600000
0.02730000	0.02540000
0.07810000	1.32130000
1.21760000	6.42880000
0.29990000	1.78100000
0.10900000	0.51070000
0.06630000	0.16300000
0.04540000	0.06760000
0.04090000	0.04050000
0.03730000	0.04960000
0.03360000	0.03540000
0.07540000	0.06470000
0.05910000	0.03870000
0.04730000	0.05820000
0.03730000	0.03640000
0.03000000	0.03290000
0.02090000	0.02880000
0.01820000	0.02730000
0.01640000	0.02650000
0.02180000	0.02600000
0.02730000	0.08930000
0.02540000	0.04340000
0.02090000	0.05150000
0.02000000	0.03980000
0.02000000	0.02950000
0.01910000	0.02630000
0.01730000	0.02510000
0.01640000	0.03420000
0.01450000	0.02670000
0.01360000	0.02430000
0.01360000	0.02330000
0.02730000	0.03230000
0.03270000	0.02490000
0.02270000	0.02740000
0.01730000	0.02670000
0.01450000	0.02260000
0.01270000	0.02120000
0.01270000	0.03240000
0.01180000	0.02330000
0.01640000	0.46130000
0.01450000	0.15330000
0.01090000	0.05630000
0.01000000	0.02980000
0.00910000	0.02230000
0.00830000	0.02000000
0.01540000	0.01890000
0.94500000	2.88300000
0.82690000	0.87180000
0.54520000	0.26120000
1.91730000	2.49220000
0.50890000	0.74220000
0.17260000	0.24640000
0.08360000	0.09420000
0.05450000	0.05350000
0.03730000	0.04190000
0.02820000	0.03730000
0.02820000	0.03650000
0.53610000	0.06600000
0.13630000	0.04340000
0.04180000	0.03680000
0.02360000	0.03460000
0.01450000	0.03350000
0.00910000	0.03280000
0.00530000	0.03220000
0.00840000	0.03160000
0.01360000	0.03110000
0.01090000	0.05460000
0.01910000	0.03660000
0.02270000	0.03120000
0.01180000	0.02940000
0.00780000	0.02850000
0.00630000	0.02790000
0.00440000	0.02740000
0.00340000	0.02690000
0.00320000	0.02650000
0.00310000	0.02600000
0.00250000	0.02550000
0.00200000	0.02510000
0.00200000	0.02460000
0.00230000	0.02420000
0.00350000	0.04630000
0.00880000	0.05200000
0.00910000	0.06220000
0.00750000	0.03430000
4.18900000	0.05750000
16.90150000	8.67020000
2.04450000	2.39850000
0.49980000	0.69750000
0.20900000	0.21390000
0.10000000	0.08180000
0.05820000	0.04520000
0.04730000	0.04870000
0.04000000	0.34990000
0.03000000	0.11730000
0.02360000	0.05420000
0.01910000	0.03660000
0.02000000	0.06420000
0.02180000	0.03850000
21.71750000	2.94930000
34.71170000	36.23790000
4.67970000	9.95760000
0.94500000	2.75050000
0.45430000	0.79160000
0.28170000	0.24470000
6.88780000	4.15170000
4.84330000	1.91390000
1.37210000	0.55700000
0.57250000	0.18260000
0.31800000	0.07970000
0.20900000	0.05100000
0.14540000	0.04100000
0.10900000	0.04550000
8.33260000	0.05110000
14.26630000	15.55610000
1.93550000	4.28410000
1.16310000	1.19970000
4.21630000	2.35650000
1.20850000	0.67280000
0.85420000	0.22380000
11.26770000	0.08360000
29.89570000	28.77890000
3.71650000	7.89540000
0.89050000	2.18660000
0.49070000	0.62640000
0.31800000	0.19940000
0.24530000	0.08220000
0.19080000	0.03770000
0.17260000	0.03700000
0.16360000	0.03640000
0.14540000	0.03570000
0.13630000	0.03510000
0.12720000	0.03450000
0.10900000	0.03390000
0.10000000	0.03330000
0.10000000	0.03270000
0.10000000	0.03210000
1.84460000	0.04750000
13.72110000	12.01950000
21.26320000	17.50140000
6.11540000	7.23210000
1.98090000	3.16250000
0.98140000	1.03050000
0.58160000	0.31630000
0.42710000	0.10510000
0.33620000	0.04600000
0.28170000	0.03440000
0.26350000	0.03840000
0.20900000	0.03240000
0.18170000	0.03050000
0.16360000	0.02960000
0.16360000	0.02890000
0.14540000	0.02840000
0.12720000	0.02790000
0.11810000	0.02740000
0.11810000	0.02690000
0.10900000	0.02640000
0.10000000	0.02600000
0.09090000	0.02550000
0.09090000	0.02560000
0.10900000	0.02530000
0.90870000	0.02490000
0.50890000	0.02450000
0.24530000	0.02410000
0.14540000	0.02370000
0.14540000	0.03430000
0.14540000	0.04850000
0.12720000	0.16420000
0.10000000	0.06770000
0.09090000	0.03430000
0.10000000	0.02490000
0.10900000	0.02260000
0.10000000	0.02170000
0.10000000	0.02110000
0.10000000	0.02070000
3.34400000	0.21260000
29.07790000	19.63140000
15.90200000	17.78630000
1.77190000	5.56730000
0.63610000	1.61960000
0.41800000	0.46830000
0.30900000	0.14340000
0.23630000	0.04620000
0.21810000	0.02240000
0.18170000	0.02050000
0.14540000	0.02000000
0.10000000	0.01960000
0.08270000	0.01930000
0.07180000	0.01900000
0.06450000	0.01860000
0.07540000	0.01830000
0.07720000	0.01800000
0.07910000	0.01770000
0.08090000	0.01740000
0.07910000	0.01710000
0.06910000	0.01680000
0.06720000	0.01650000
0.08180000	0.01860000
0.26350000	0.03980000
0.23630000	0.61840000
0.38160000	0.25390000
1.08130000	0.08960000
1.48120000	0.03530000
1.99000000	0.03230000
3.80740000	0.08440000
4.80690000	0.86440000
5.64290000	1.13570000
26.07920000	18.67130000
3.78920000	6.19420000
0.85420000	1.89780000
0.47250000	0.57490000
0.33620000	0.18680000
0.20900000	0.07480000
0.17260000	0.03620000
0.14540000	0.03240000
0.13630000	0.03180000
0.14540000	0.03120000
0.12720000	0.03060000
0.11810000	0.03010000
0.14540000	0.02970000
0.20900000	0.02930000
0.19990000	0.02880000
0.19080000	0.02830000
0.17260000	0.02780000
0.15450000	0.02730000
0.13630000	0.02680000
0.11810000	0.02640000
0.11810000	0.02590000
0.14540000	0.02550000
0.13630000	0.02510000
0.12720000	0.02460000
0.11810000	0.02420000
0.10900000	0.02380000
0.10900000	0.02340000
0.21810000	0.02300000
10.99510000	0.62690000
16.35630000	0.74760000
6.86060000	0.28330000
2.09910000	0.10070000
0.93590000	0.04360000
0.57250000	0.02770000
0.39070000	0.02290000
0.32710000	0.02130000
0.41800000	0.02080000
0.49980000	0.02040000
0.98140000	0.02010000
0.89050000	0.01970000
0.83600000	0.02000000
0.79060000	0.04630000
0.85420000	5.51560000
0.83600000	1.93830000
1.22670000	0.79440000
3.90730000	1.35710000
10.26810000	5.67150000
1.72650000	2.36120000
1.92640000	0.78980000
2.15360000	1.00200000
1.07220000	0.81180000
0.57250000	0.31810000
0.39980000	0.11170000
0.30900000	0.04420000
0.25440000	0.02570000
0.30900000	0.02020000
7.69650000	2.65310000
3.03500000	1.51040000
0.83600000	0.53220000
0.44530000	0.17250000
0.37260000	0.07260000
0.33620000	0.04240000
0.27260000	0.02320000
0.61790000	0.04940000
0.44530000	0.42620000
0.29080000	0.17120000
0.22720000	0.06300000
0.19080000	0.02930000
0.27260000	0.01980000
15.44760000	12.51900000
3.39850000	3.65290000
13.35760000	3.35920000
2.05360000	2.24890000
4.09820000	2.40750000
1.26310000	1.22890000
0.47250000	0.40860000
0.30900000	0.13150000
0.22720000	0.04820000
0.18170000	0.02570000
0.15450000	0.01910000
0.14540000	0.01760000
0.12720000	0.01710000
0.11810000	0.01680000
0.11810000	0.01870000
0.10000000	0.01680000
0.10900000	0.01610000
0.10000000	0.01570000
0.08720000	0.01540000
0.08090000	0.01510000
0.33620000	0.05500000
11.81290000	7.97110000
48.97800000	34.94290000
9.72290000	10.03210000
1.75380000	2.76450000
0.70880000	0.77110000
0.39980000	0.22590000
0.28170000	0.07330000
0.38160000	0.05560000
0.51790000	0.05360000
0.53610000	0.38610000
0.47250000	0.12050000
0.24530000	0.04820000
0.16360000	0.02810000
0.11810000	0.02230000
0.10000000	0.02050000
0.08270000	0.01960000
0.19080000	0.01930000
15.62940000	21.59270000
10.35900000	6.77430000
16.71980000	4.90480000
4.32530000	1.97380000
0.80870000	0.56310000
1.90820000	0.19600000
6.65160000	2.49500000
1.19950000	0.70440000
0.49070000	0.21090000
0.32710000	0.08710000
0.36350000	0.06890000
0.46340000	0.03760000
0.28170000	0.02780000
0.18170000	0.02570000
0.13630000	0.02490000
1.22670000	0.02430000
0.53610000	0.02380000
0.35440000	0.05360000
0.14540000	0.03130000
0.10000000	0.02490000
0.20900000	0.02280000
0.16360000	0.02200000
1.86280000	0.09790000
0.68150000	0.30110000
0.29080000	0.10070000
0.16360000	0.05420000
0.11810000	0.04860000
0.08630000	0.03110000
1.47210000	0.02600000
12.08550000	16.49810000
1.59020000	4.52910000
0.52700000	1.25750000
0.32710000	0.36720000
0.53610000	0.14200000
2.29900000	0.25420000
0.77240000	0.09280000
0.37260000	0.06480000
0.48160000	0.04750000
1.26310000	0.03380000
0.42710000	0.07530000
0.37260000	0.04870000
0.39980000	0.03250000
0.27260000	0.02770000
0.16360000	0.02600000
0.11810000	0.03890000
0.09090000	0.02850000
0.07450000	0.02530000
0.19990000	0.02410000
0.69970000	0.09460000
0.15450000	0.04400000
0.11810000	0.03030000
0.09090000	0.02620000
0.07540000	0.02480000
0.07180000	0.02410000
0.07090000	0.02360000
0.06540000	0.02320000
0.94500000	0.11950000
4.52520000	0.10210000
10.44990000	4.27180000
1.17220000	1.19170000
0.39980000	0.34990000
0.23630000	0.11930000
0.16360000	0.06250000
2.78060000	0.41730000
0.47250000	0.13580000
0.20900000	0.06070000
0.14540000	0.03980000
0.11810000	0.05210000
0.12720000	0.09100000
1.89910000	0.09090000
47.70590000	37.05300000
10.81330000	21.53010000
1.19040000	5.91370000
0.59060000	1.64500000
0.39980000	0.47770000
0.57250000	2.11420000
1.33580000	0.59120000
7.63290000	5.48220000
0.99960000	1.52830000
36.07470000	8.51880000
7.69650000	2.35930000
16.71980000	9.36910000
1.55380000	2.59240000
0.68150000	0.73780000
0.42710000	0.23250000
0.29990000	0.09050000
0.22720000	0.05450000
0.18170000	0.04050000
0.14540000	0.03980000
0.12720000	0.03910000
0.11810000	0.03840000
0.10900000	0.03770000
0.10000000	0.03700000
0.09090000	0.03640000
0.10000000	0.03570000
1.97180000	2.12160000
0.34530000	0.60770000
0.18170000	0.19400000
0.10900000	0.08040000
0.07450000	0.04880000
0.05630000	0.03970000
2.14450000	0.03590000
11.44940000	16.71770000
0.83600000	4.59820000
0.27260000	1.28560000
0.14540000	0.37960000
0.08630000	0.13140000
0.06090000	0.06310000
0.04730000	0.03700000
0.04000000	0.03630000
0.03540000	0.03570000
0.03090000	0.03500000
0.03000000	0.03440000
0.20900000	0.10930000
0.58160000	0.07840000
0.41800000	0.06720000
0.19990000	0.04490000
0.08810000	0.03870000
0.05360000	0.03650000
0.03820000	0.03550000
0.03090000	0.03470000
0.02820000	0.03410000
0.03000000	0.04850000
22.71710000	28.34090000
4.06180000	7.77430000
0.60880000	2.15270000
0.29080000	0.61950000
0.16360000	0.19600000
0.10000000	0.08180000
0.07360000	0.03630000
0.06180000	0.03520000
25.71570000	32.36890000
21.08140000	9.77780000
1.37210000	2.70330000
8.00550000	7.53490000
1.70830000	2.10280000
0.53610000	0.62810000
0.31800000	0.19040000
0.19990000	0.10210000
0.14540000	0.05960000
0.11810000	0.04460000
0.09090000	0.04280000
0.07540000	0.04180000
0.06000000	0.04100000
0.05090000	0.04020000
0.04540000	0.03950000
0.04450000	0.03880000
0.04090000	0.03810000
0.03820000	0.03740000
0.03630000	0.03680000
0.03360000	0.03610000
0.03270000	0.03550000
0.03270000	0.03480000
0.03360000	0.03420000
0.03180000	0.03360000
0.03180000	0.03300000
0.03450000	0.03240000
0.03270000	0.03190000
0.03090000	0.03130000
0.02910000	0.03080000
0.03000000	0.03020000
0.03000000	0.02970000
0.02820000	0.02910000
0.02820000	0.02860000
0.02540000	0.02810000
0.02820000	0.04590000
0.02820000	0.04670000
0.02910000	0.03200000
0.03360000	0.07260000
0.04540000	0.03940000
0.04090000	0.03090000
0.03630000	0.02820000
0.03630000	0.02710000
0.04000000	0.02650000
0.04000000	0.02590000
0.03540000	0.02550000
0.03180000	0.02500000
0.03180000	0.02460000
0.03270000	0.02420000
0.03270000	0.02370000
0.03090000	0.02330000
0.02910000	0.02290000
0.03090000	0.02250000
0.03090000	0.02210000
0.03000000	0.02170000
0.03000000	0.02930000
0.03180000	0.04330000
0.03180000	0.02670000
0.03180000	0.02190000
0.03180000	0.02030000
0.03180000	0.01960000
0.03360000	0.03830000
0.03270000	0.02410000
0.03360000	0.02020000
0.03270000	0.01890000
0.03450000	0.01830000
0.03540000	0.04410000
0.04180000	0.04470000
0.07270000	0.06850000
0.08180000	0.03460000
0.06540000	0.02590000
0.04540000	0.02320000
0.03540000	0.02220000
0.03180000	0.02370000
0.02820000	0.02180000
0.02640000	0.02100000
0.02360000	0.02050000
0.02270000	0.02010000
0.02180000	0.01970000
0.02000000	0.01940000
0.01910000	0.01900000
0.01820000	0.01870000
0.01820000	0.01840000
0.01820000	0.01800000
0.02360000	0.03230000
0.03000000	0.02190000
0.02910000	0.01890000
0.02640000	0.01780000
0.02270000	0.01730000
0.02450000	0.01700000
0.02540000	0.01660000
0.02540000	0.01600000
0.02450000	0.01600000
0.02540000	0.01580000
0.02820000	0.02890000
0.03180000	0.01840000
0.03180000	0.01550000
0.03360000	0.01500000
0.03450000	0.01480000
0.03360000	0.01450000
0.03180000	0.01430000
0.03000000	0.01400000
0.03000000	0.01380000
0.03820000	0.03710000
12.17640000	8.08100000
3.53480000	3.41260000
0.51790000	0.94680000
0.24530000	0.27340000
0.16360000	0.08910000
0.11810000	0.03850000
0.10000000	0.02100000
0.08810000	0.01890000
0.07630000	0.01880000
0.06180000	0.01830000
0.05540000	0.01790000
0.06090000	0.01810000
0.05630000	0.01800000
0.05000000	0.01770000
0.05000000	0.01740000
0.05360000	0.01710000
0.05270000	0.01680000
0.05270000	0.01650000
0.06360000	0.02640000
0.06360000	0.01960000
0.06000000	0.01680000
0.05720000	0.01580000
0.05720000	0.01530000
0.05720000	0.01500000
0.05630000	0.01470000
0.05360000	0.01450000
0.05180000	0.01420000
0.05090000	0.01400000
0.05180000	0.01370000
0.05270000	0.01350000
0.05720000	0.01330000
0.05720000	0.01310000
0.08720000	0.01290000
0.09000000	0.01270000
0.10900000	0.01240000
0.10900000	0.01220000
0.11810000	0.01200000
0.10900000	0.01180000
0.09090000	0.01160000
0.08270000	0.01140000
0.07270000	0.01130000
0.06910000	0.01110000
0.07270000	0.01090000
0.07630000	0.01070000
0.10000000	0.01050000
0.45430000	0.06560000
2.09000000	0.77340000
8.39620000	1.18370000
19.80930000	0.33410000
11.26770000	0.10250000
1.73560000	0.03900000
1.08130000	0.03640000
4.95230000	0.27330000
2.04450000	0.08530000
0.74510000	0.03500000
1.19040000	0.03290000
0.89050000	0.02080000
0.68150000	0.01730000
6.27900000	0.01840000
13.72110000	13.57980000
2.12630000	3.72360000
0.84510000	1.03020000
0.54520000	0.29370000
5.21580000	0.09220000
12.72160000	6.41510000
1.50840000	1.76020000
0.71790000	0.49420000
1.04500000	0.14790000
6.85150000	2.82070000
1.40850000	0.98310000
0.67240000	0.29130000
0.47250000	0.09300000
0.35440000	0.03850000
0.29080000	0.02340000
0.26350000	0.04360000
0.24530000	0.03080000
0.24530000	0.02070000
0.21810000	0.01770000
0.19990000	0.02740000
0.20900000	0.03650000
0.21810000	0.02140000
0.21810000	0.01700000
0.20900000	0.02280000
0.18170000	0.01700000
0.17260000	0.03340000
0.21810000	0.03300000
0.23630000	0.01980000
0.20900000	0.01870000
0.18170000	0.01510000
0.16360000	0.01430000
0.15450000	0.01350000
0.14540000	0.01320000
0.13630000	0.01290000
0.12720000	0.01270000
0.27260000	0.28740000
0.26350000	0.08740000
0.19990000	0.03340000
0.16360000	0.01840000
0.16360000	0.03760000
0.16360000	0.04080000
0.16360000	0.01990000
1.06320000	0.03320000
0.33620000	0.01800000
0.20900000	0.01370000
0.17260000	0.01240000
0.19990000	0.03500000
0.29990000	0.06240000
0.22720000	0.02970000
0.18170000	0.01780000
4.87960000	0.04590000
1.01770000	0.03980000
0.48160000	0.02050000
5.97000000	0.03940000
3.03500000	6.43310000
0.67240000	1.76930000
0.34530000	0.49500000
0.25440000	0.17060000
0.23630000	0.06120000
0.18170000	0.02760000
0.13630000	0.01560000
0.10900000	0.01480000
0.09090000	0.01440000
0.08630000	0.03190000
0.07450000	0.01870000
0.06630000	0.01490000
0.06090000	0.01370000
0.06180000	0.02670000
0.05820000	0.01660000
0.05450000	0.01370000
0.05090000	0.01270000
0.04910000	0.01230000
0.04730000	0.01200000
0.04270000	0.03320000
0.04270000	0.04690000
0.04360000	0.04770000
0.04820000	0.03810000
0.14540000	0.07280000
0.11810000	0.03110000
0.07720000	0.02020000
0.05540000	0.01690000
0.04910000	0.01630000
0.08180000	0.04950000
0.10000000	0.03010000
0.05820000	0.04970000
0.16360000	0.02420000
5.08860000	3.50940000
8.84150000	9.21250000
1.38120000	2.53930000
3.28940000	0.70970000
1.33580000	0.23370000
0.34530000	0.07900000
0.19080000	0.03500000
0.14540000	0.03710000
0.09000000	0.02500000
0.06910000	0.02090000
0.05360000	0.01960000
0.04730000	0.01900000
0.04000000	0.01860000
0.03450000	0.01820000
0.03000000	0.01790000
0.02640000	0.01760000
0.02640000	0.01730000
0.37260000	2.98860000
0.54520000	0.83270000
0.14540000	0.24380000
2.93500000	0.11130000
0.55430000	0.10720000
0.54520000	0.04650000
1.52660000	0.02880000
7.51480000	2.88270000
3.21670000	0.84150000
0.51790000	0.25900000
0.19990000	0.09580000
0.10000000	0.04650000
0.05910000	0.03260000
0.04630000	0.02730000
0.04090000	0.02670000
0.02910000	0.04830000
1.75380000	6.35140000
1.49930000	1.79320000
0.30900000	0.51240000
0.11810000	0.16230000
0.06270000	0.06620000
0.04360000	0.03960000
0.03540000	0.02930000
0.02910000	0.07330000
0.02360000	0.04040000
0.01820000	0.03150000
0.01540000	0.02870000
0.01360000	0.08280000
0.05820000	0.04270000
0.05630000	0.03180000
0.02730000	0.02840000
0.01640000	0.02720000
0.01180000	0.07210000
0.01000000	0.03840000
0.00750000	0.02940000
0.00630000	0.02660000
0.00560000	0.02550000
0.01000000	0.02490000
0.01180000	0.02440000
0.01090000	0.02390000
0.00620000	0.02350000
0.00380000	0.02310000
0.00240000	0.02270000
0.00160000	0.02230000
0.00080000	0.08380000
0.00040000	0.03930000
0.00040000	0.02730000
0.00050000	0.02380000
0.00120000	0.02250000
0.00230000	0.02220000
0.00220000	0.04890000
0.00180000	0.02860000
0.00160000	0.02270000
0.00150000	0.02090000
0.00150000	0.02010000
0.00140000	0.01960000
0.00560000	0.06020000
0.00540000	0.03010000
0.00450000	0.02210000
0.00310000	0.01960000
0.00240000	0.01870000
0.00190000	0.02080000
0.00460000	0.01850000
0.00390000	0.03430000
0.00230000	0.02180000
0.00170000	0.01820000
0.00140000	0.01700000
0.00130000	0.04200000
0.00100000	0.02300000
0.00160000	0.03790000
0.00170000	0.02420000
0.00160000	0.02490000
0.00150000	0.01760000
0.00110000	0.01540000
0.00070000	0.01460000
0.00050000	0.01420000
0.00030000	0.01390000
0.00020000	0.01370000
0.00010000	0.01340000
0.00010000	0.01430000
0.00010000	0.01320000
0.00010000	0.02200000
0.00010000	0.01500000
0.00010000	0.01300000
0.00010000	0.01220000
0.00020000	0.03680000
0.00010000	0.01840000
0.00000000	0.01330000
0.00000000	0.01170000
0.00000000	0.01120000
0.00000000	0.01090000
0.00020000	0.02850000
0.00020000	0.02250000
0.00000000	0.01360000
0.00000000	0.01100000
0.00000000	0.06080000
0.00000000	0.05430000
0.00000000	0.02370000
0.00000000	0.02700000
0.00000000	0.03140000
0.00000000	0.02780000
0.00000000	0.01680000
0.00000000	0.01370000
0.00000000	0.01280000
0.00000000	0.01230000
0.00000000	0.01210000
0.00000000	0.01180000
0.00000000	0.01160000
0.00000000	0.01200000
0.00000000	0.01140000
0.00000000	0.01110000
0.00000000	0.01080000
0.00000000	0.01060000
0.00000000	0.01040000
0.00000000	0.01030000
0.00000000	0.01010000
0.00000000	0.00990000
0.00000000	0.00970000
0.00000000	0.00960000
0.00000000	0.00940000
0.00000000	0.00920000
0.00000000	0.00910000
0.00000000	0.00890000
0.00000000	0.03610000
0.00000000	0.04880000
0.00000000	0.02010000
0.00000000	0.01280000
0.00000000	0.01070000
0.00000000	0.01000000
0.00000000	0.03510000
0.00000000	0.01640000
0.00000000	0.01130000
0.00000000	0.00980000
0.00000000	0.00920000
0.00000000	0.00900000
0.00000000	0.00880000
0.00000000	0.00860000
0.00000000	0.00850000
0.00000000	0.01200000
0.00000000	0.00920000
0.00000000	0.00830000
0.00000000	0.00800000
0.00000000	0.00780000
0.00000000	0.00760000
0.00000000	0.00750000
0.00080000	0.64950000
0.00010000	0.23700000
0.00010000	0.07510000
0.00010000	0.03150000
0.00020000	0.03180000
0.00270000	0.34530000
0.00150000	0.15290000
0.00130000	0.06240000
0.00090000	0.03540000
0.00060000	0.02780000
0.00050000	0.02530000
0.00050000	0.02420000
0.00030000	0.02370000
0.00020000	0.02330000
0.00020000	0.02290000
0.00020000	0.02250000
0.00020000	0.02210000
0.00020000	0.02170000
0.00030000	0.02130000
0.00060000	0.04150000
0.00050000	0.02980000
0.00050000	0.02270000
0.00050000	0.02050000
0.00490000	0.03500000
0.00480000	0.13740000
0.00260000	0.05740000
0.00180000	0.03610000
0.00140000	0.02990000
0.00100000	0.02790000
0.00080000	0.02700000
0.00100000	0.03730000
0.00140000	0.06130000
0.00110000	0.03610000
0.00100000	0.03030000
0.00110000	0.02840000
0.00150000	0.02750000
0.00150000	0.02690000
0.00120000	0.02640000
0.00090000	0.02590000
0.00090000	0.02950000
0.00130000	0.02570000
0.00690000	0.07610000
0.09000000	0.09780000
0.03820000	0.04870000
0.01540000	0.03580000
0.01270000	0.03180000
0.01540000	0.03040000
1.31760000	10.27000000
0.70880000	2.84330000
0.22720000	0.80230000
0.07540000	0.24430000
0.03090000	0.09130000
0.01820000	0.04910000
0.01180000	0.03280000
0.01270000	0.04930000
0.01090000	0.03630000
0.00830000	0.03290000
0.00780000	0.03150000
0.00660000	0.03070000
0.00710000	0.03010000
0.00620000	0.02960000
0.00500000	0.02910000
0.00450000	0.02850000
0.00430000	0.02800000
0.00410000	0.02750000
0.00400000	0.02710000
0.00380000	0.02660000
0.00350000	0.02610000
0.00330000	0.02560000
0.00330000	0.02520000
0.00350000	0.03200000
0.00340000	0.02680000
0.00310000	0.02510000
0.00300000	0.02420000
0.00310000	0.02400000
0.00540000	0.13800000
0.00600000	0.05380000
0.00540000	0.03140000
0.00430000	0.02500000
0.00350000	0.02300000
0.00330000	0.02220000
0.00430000	0.02160000
0.00500000	0.02120000
0.00450000	0.02080000
0.00410000	0.02050000
0.00410000	0.02010000
0.00410000	0.03170000
0.00400000	0.02270000
0.00370000	0.01990000
0.00360000	0.01900000
0.00340000	0.01850000
0.00330000	0.01810000
0.00460000	0.01770000
0.08720000	2.99650000
0.19080000	0.84970000
0.15450000	0.24800000
0.07810000	0.08360000
0.04270000	0.04190000
0.02640000	0.02670000
0.01820000	0.02110000
0.01180000	0.02050000
0.00840000	0.02010000
0.00770000	0.01970000
0.00820000	0.01990000
0.00850000	0.02740000
0.01910000	0.03850000
0.10900000	0.02380000
0.07360000	0.01980000
0.04540000	0.01850000
0.02640000	0.01790000
0.01910000	0.02200000
0.01640000	0.01840000
0.01270000	0.02080000
0.00910000	0.01760000
0.00710000	0.01650000
0.00570000	0.01600000
0.00510000	0.01570000
0.00500000	0.01540000
0.00580000	0.02610000
0.00590000	0.01790000
0.00530000	0.01570000
0.00620000	0.02550000
0.00540000	0.01720000
0.00490000	0.01470000
0.00440000	0.01380000
0.00430000	0.01340000
0.00600000	0.04590000
0.00720000	0.02190000
0.00720000	0.01540000
0.00630000	0.01350000
0.00810000	0.04580000
0.01270000	0.02140000
0.01180000	0.01530000
0.01000000	0.01350000
0.01000000	0.01320000
0.01000000	0.01260000
0.01000000	0.02080000
0.01180000	0.01430000
0.01450000	0.03490000
0.01450000	0.04600000
0.01910000	0.05180000
0.02540000	0.03500000
0.10000000	0.09560000
0.12720000	0.03770000
0.07360000	0.02240000
0.04360000	0.01800000
0.02360000	0.01660000
0.14540000	0.03670000
0.31800000	0.64080000
0.13630000	0.18720000
0.07360000	0.06380000
0.04450000	0.02980000
0.26350000	0.02030000
2.20810000	0.01760000
4.25260000	0.06210000
1.33580000	0.04790000
0.41800000	0.02550000
0.18170000	0.01950000
0.09090000	0.01760000
0.05540000	0.01690000
0.03270000	0.01650000
0.02000000	0.01610000
0.04270000	0.03250000
3.12590000	2.03170000
2.06270000	0.78620000
3.00770000	1.79800000
0.71790000	0.50860000
0.25440000	0.15650000
0.12720000	0.06000000
0.11810000	0.04340000
0.07910000	0.02840000
0.05360000	0.03260000
0.04090000	0.02490000
0.02910000	0.02260000
0.02640000	0.02160000
0.02180000	0.02110000
0.01090000	0.02070000
0.00760000	0.02030000
0.02730000	0.04730000
11.26770000	23.56630000
6.51530000	6.86030000
2.14450000	1.92300000
0.58160000	0.54530000
0.29990000	0.20890000
0.99050000	1.64050000
0.34530000	0.45940000
0.21810000	0.16540000
0.34530000	0.06590000
0.14540000	0.03830000
0.08910000	0.03040000
0.06450000	0.02720000
0.05180000	0.02670000
0.04360000	0.02620000
0.03540000	0.02570000
0.02910000	0.02520000
0.02450000	0.02480000
0.02270000	0.02430000
0.02090000	0.02390000
0.01640000	0.02350000
0.01270000	0.02310000
0.01000000	0.02270000
0.00690000	0.02230000
0.00440000	0.02190000
0.00360000	0.02150000
0.00320000	0.02110000
0.00260000	0.02070000
0.00220000	0.02040000
0.00220000	0.02000000
0.00260000	0.03300000
0.00290000	0.02320000
0.00240000	0.02000000
0.00160000	0.01890000
0.00130000	0.01840000
0.00120000	0.01800000
0.00100000	0.01770000
0.00070000	0.01730000
0.00050000	0.01700000
0.00050000	0.01670000
0.00030000	0.01640000
0.00020000	0.01620000
0.00010000	0.01590000
0.00070000	0.01560000
0.00090000	0.06960000
0.00070000	0.03050000
0.00080000	0.02010000
0.00640000	0.01700000
0.23630000	0.05020000
0.10000000	1.54800000
0.04630000	0.43710000
0.01820000	0.13380000
0.00830000	0.05070000
0.00440000	0.02770000
0.00240000	0.02120000
0.00140000	0.01850000
0.00060000	0.01820000
0.00030000	0.01790000
0.00020000	0.01750000
0.00010000	0.01720000
0.00000000	0.01690000
0.00000000	0.01660000
0.00000000	0.01630000
0.00000000	0.01600000
0.00000000	0.01580000
0.00000000	0.01550000
0.00000000	0.01520000
0.00000000	0.01490000
0.00000000	0.01470000
0.00000000	0.01440000
0.00000000	0.01420000
0.00000000	0.01390000
0.00000000	0.01370000
0.00000000	0.01340000
0.00000000	0.01320000
0.00000000	0.01300000
0.00000000	0.06530000
0.00000000	0.02750000
0.00000000	0.01740000
0.00000000	0.01440000
0.00000000	0.01340000
0.00000000	0.01300000
0.00000000	0.01270000
0.00000000	0.01250000
0.00000000	0.01230000
0.00000000	0.01200000
0.00000000	0.01180000
0.00000000	0.01160000
0.00000000	0.03010000
0.00000000	0.03980000
0.00000000	0.01880000
0.00000000	0.03480000
0.00000000	0.03540000
0.00000000	0.01720000
0.00000000	0.01210000
0.00000000	0.01060000
0.00000000	0.01000000
0.00000000	0.00980000
0.00000000	0.00960000
0.00000000	0.00940000
0.00000000	0.00920000
0.00000000	0.00910000
0.00000000	0.01570000
0.00000000	0.01060000
0.00000000	0.00910000
0.00000000	0.00860000
0.00000000	0.01560000
0.00000000	0.01010000
0.00000000	0.00850000
0.00000000	0.00800000
0.00000000	0.00780000
0.00000000	0.00760000
0.00000000	0.00750000
0.00000000	0.00730000
0.00000000	0.00720000
0.00000000	0.00710000
0.00000000	0.00690000
0.00000000	0.00680000
0.00000000	0.00670000
0.00000000	0.00660000
0.00000000	0.03220000
0.00000000	0.01340000
0.00000000	0.00820000
0.00000000	0.00670000
0.00000000	0.00620000
0.00000000	3.38310000
0.00000000	0.96550000
0.00000000	0.28320000
0.00000000	0.10360000
0.00000000	0.05960000
0.00000000	0.07460000
0.00000000	0.03810000
0.00000000	0.07280000
0.00000000	0.03950000
0.00000000	0.03070000
0.00000000	0.02800000
0.00000000	0.02680000
0.00000000	0.02620000
0.00000000	0.05230000
0.00000000	0.03250000
0.00000000	0.02680000
0.00000000	0.02490000
0.00000000	0.03860000
0.00000000	0.02750000
0.00000000	0.02420000
0.00000000	0.02300000
0.00000000	0.02240000
0.00000000	0.02190000
0.00000000	0.02150000
0.00000000	0.02660000
0.00000000	0.03520000
0.00000000	0.03600000
0.00000000	0.02430000
0.00000000	0.02080000
0.00000000	0.01960000
0.00000000	0.01900000
0.00000000	0.01860000
0.00000000	0.01830000
0.00000000	0.01800000
0.00000000	0.09240000
0.00000000	0.05450000
0.00000000	0.03020000
0.00000000	0.02350000
0.00000000	0.02150000
0.00000000	0.02470000
0.00000000	0.02120000
0.00000000	0.02000000
0.00020000	0.02700000
0.00070000	3.07840000
0.00000000	0.86830000
0.00000000	0.25740000
0.00000000	0.09020000
0.00000000	0.08310000
0.00000000	0.04980000
0.00000000	0.03250000
0.00000000	0.02890000
0.00000000	0.02750000
0.00000000	0.04550000
0.00000000	0.04830000
0.00000000	0.03180000
0.00000000	0.03870000
0.00000000	0.02920000
0.00000000	0.02630000
0.00000000	0.02520000
0.00000000	0.02460000
0.00000000	0.02410000
0.00000000	0.02360000
0.00000000	0.02320000
0.00000000	0.02280000
0.00000000	0.02240000
0.00000000	0.03720000
0.00000000	0.04040000
0.00000000	0.03000000
0.00000000	0.02350000
0.00000000	0.02140000
0.00000000	0.02060000
0.00020000	0.02010000
0.00040000	0.53890000
0.00020000	0.16330000
0.00020000	0.06140000
0.00010000	0.03320000
0.00010000	0.02520000
0.00010000	0.02270000
0.00010000	0.02150000
0.00010000	0.02970000
0.00010000	0.02680000
0.00010000	0.02210000
0.00010000	0.02050000
0.00010000	0.02350000
0.00000000	0.02040000
0.00000000	0.01930000
0.00010000	0.01880000
0.00000000	0.01840000
0.00000000	0.01800000
0.00000000	0.01770000
0.00000000	0.01740000
0.00000000	0.01710000
0.00000000	0.01680000
0.00000000	0.01650000
0.00000000	0.04450000
0.00000000	0.02360000
0.00000000	0.01810000
0.00000000	0.01640000
0.00000000	0.01580000
0.00000000	0.01900000
0.00000000	0.01600000
0.00000000	0.01500000
0.00000000	0.01460000
0.00000000	0.01430000
0.00000000	0.01400000
0.00040000	0.60950000
0.00030000	0.17740000
0.00020000	0.06000000
0.00020000	0.05200000
0.00010000	0.02600000
0.00040000	0.02750000
0.00020000	0.01970000
0.00020000	0.01790000
0.00010000	0.01720000
0.00010000	0.01680000
0.00010000	0.01650000
0.00010000	0.01620000
0.00010000	0.01590000
0.00010000	0.01560000
0.00010000	0.01540000
0.00010000	0.01520000
0.00010000	0.01490000
0.00020000	0.01470000
0.00010000	0.01440000
0.00010000	0.01420000
0.00010000	0.01390000
0.00010000	0.01370000
0.00010000	0.01350000
0.00010000	0.01320000
0.00010000	0.02060000
0.00010000	0.03280000
0.00040000	0.01750000
0.00130000	0.04260000
0.00120000	0.02140000
0.00130000	0.01670000
0.00080000	0.01520000
0.00050000	0.01460000
0.00050000	0.01430000
0.00040000	0.01400000
0.00040000	0.01380000
0.00040000	0.02390000
0.00040000	0.01560000
0.00030000	0.01320000
0.00020000	0.01240000
0.00020000	0.01200000
0.00010000	0.01180000
0.00010000	0.01150000
0.00020000	0.01130000
0.00050000	0.01110000
0.00060000	0.02440000
0.04000000	0.03580000
0.79960000	17.07220000
0.37260000	4.67960000
0.10900000	1.29290000
0.05910000	0.36690000
0.04270000	0.11410000
0.02730000	0.04470000
0.02000000	0.02540000
0.01450000	0.01950000
0.01820000	0.02430000
0.03000000	0.05090000
0.04630000	0.02660000
0.07270000	0.05100000
0.12720000	0.04790000
0.10900000	0.02790000
0.08450000	0.02270000
0.05630000	0.02100000
0.03730000	0.02030000
0.02640000	0.01980000
0.01910000	0.01940000
0.02000000	0.01910000
0.02270000	0.05230000
0.02450000	0.02760000
0.03540000	0.02130000
0.03000000	0.01990000
0.02910000	0.01920000
0.02360000	0.01880000
0.02000000	0.01850000
0.04450000	0.08000000
0.07000000	0.18970000
0.06820000	0.07160000
0.06540000	0.03680000
0.06820000	0.02670000
0.07180000	0.02370000
0.08000000	0.02250000
0.11810000	0.04740000
0.14540000	0.03150000
0.15450000	0.02470000
0.20900000	0.02230000
6.12450000	5.90470000
30.89520000	14.19240000
8.74150000	6.04330000
1.83550000	1.67090000
0.90870000	0.47630000
0.46340000	0.14940000
0.34530000	0.05720000
0.25440000	0.02890000
0.17260000	0.02520000
0.87230000	0.06660000
0.69970000	0.03580000
0.27260000	0.02780000
0.14540000	0.02530000
0.10900000	0.02430000
0.08630000	0.02370000
0.10000000	0.04490000
0.11810000	0.02930000
0.10900000	0.02470000
0.29080000	0.02320000
1.41750000	0.02910000
1.89010000	0.05250000
0.65430000	0.02940000
0.81780000	0.05050000
0.52700000	0.02880000
0.22720000	0.02320000
0.13630000	0.02140000
0.10000000	0.02060000
0.08180000	0.02010000
0.07180000	0.01970000
0.06180000	0.01940000
0.07450000	0.05370000
0.07810000	0.02820000
5.54300000	0.03960000
14.53890000	21.60720000
1.21760000	5.92100000
0.35440000	1.63390000
0.18170000	0.46180000
0.24530000	0.17980000
6.15180000	3.67800000
4.55250000	2.26720000
38.98250000	28.78550000
7.24220000	10.62250000
0.99960000	2.92240000
0.37260000	0.81800000
0.21810000	0.24090000
0.25440000	0.09110000
0.59970000	0.07140000
0.37260000	0.03620000
0.19080000	0.02820000
0.17260000	0.03650000
1.76280000	0.49410000
0.78150000	0.15280000
0.29080000	0.05990000
0.15450000	0.03420000
0.09090000	0.02680000
5.29760000	0.28450000
11.90370000	15.62540000
3.41660000	4.28940000
13.35760000	1.22230000
1.49930000	0.35260000
0.44530000	0.11500000
0.61790000	0.06700000
1.80830000	0.41170000
0.48160000	0.13070000
0.19990000	0.05420000
0.11810000	0.03300000
0.08180000	0.02680000
0.05910000	0.02490000
0.04270000	0.02380000
0.03180000	0.02340000
0.02540000	0.02300000
0.01910000	0.02260000
0.11810000	0.06010000
1.82650000	4.63330000
0.27260000	1.28410000
0.09090000	0.36890000
0.04910000	0.11850000
0.05180000	0.04970000
0.10900000	0.07640000
5.17040000	0.48140000
5.49750000	18.59840000
1.07220000	5.24660000
3.14400000	1.45470000
31.34960000	10.20290000
16.81060000	24.40010000
1.72650000	6.69200000
0.65430000	1.84430000
0.34530000	0.52640000
0.20900000	0.16580000
0.14540000	0.06280000
0.10900000	0.02930000
0.08810000	0.02880000
0.07810000	0.02830000
0.14540000	0.06490000
0.29990000	0.03750000
0.11810000	0.02980000
0.07000000	0.02740000
0.05180000	0.02640000
0.04540000	0.03960000
0.05630000	0.10310000
0.61790000	0.05180000
0.87230000	0.03420000
0.20900000	0.02900000
0.09090000	0.02720000
0.05720000	0.02640000
0.03730000	0.02580000
0.02640000	0.02540000
0.02180000	0.05180000
0.01640000	0.03180000
2.09910000	0.08240000
0.33620000	0.04940000
0.10000000	0.03150000
0.07630000	0.02630000
0.16360000	0.04270000
0.07360000	0.02870000
0.03820000	0.02460000
0.02270000	0.02320000
0.01910000	0.02250000
0.01910000	0.02210000
0.02090000	0.02160000
0.03000000	0.02130000
0.08450000	0.02090000
0.04180000	0.02050000
1.21760000	0.02010000
0.71790000	0.06040000
0.14540000	0.03050000
0.06360000	0.02250000
0.03450000	0.02000000
0.02000000	0.01910000
0.01450000	0.02360000
0.01000000	0.01960000
0.00690000	0.01830000
0.00490000	0.01770000
0.00360000	0.01730000
0.03180000	0.01700000
0.03730000	0.04920000
0.01540000	0.03980000
0.00830000	0.02250000
0.00550000	0.01750000
0.00460000	0.01600000
0.00420000	0.04420000
0.00280000	0.02290000
0.00270000	0.01690000
0.00310000	0.04580000
0.00320000	0.02730000
0.00290000	0.01750000
0.00370000	0.01470000
0.00580000	0.07380000
0.00340000	0.03060000
0.00270000	0.01910000
0.00250000	0.01580000
0.00250000	0.01470000
0.00270000	0.03130000
0.00900000	0.01860000
0.00700000	0.01500000
0.00440000	0.01380000
0.00360000	0.01330000
0.00350000	0.04860000
0.00250000	0.02250000
0.00160000	0.01530000
0.00140000	0.01320000
0.00170000	0.01240000
0.00200000	0.01210000
0.00170000	0.01180000
0.00160000	0.01160000
0.00150000	0.01140000
0.00130000	0.01120000
0.00110000	0.01100000
0.00090000	0.01080000
0.00060000	0.01060000
0.00050000	0.01040000
0.00040000	0.01030000
0.00030000	0.01010000
0.00020000	0.00990000
0.00020000	0.00970000
0.00020000	0.00960000
0.00010000	0.00940000
0.00010000	0.00920000
0.00010000	0.00910000
0.00010000	0.00890000
0.00010000	0.00870000
0.00010000	0.00860000
0.00010000	0.00840000
0.00090000	0.02230000
0.00030000	0.05050000
0.00010000	0.01960000
0.00010000	0.01160000
0.00010000	0.02750000
0.00010000	0.01360000
0.00010000	0.00970000
0.00010000	0.00850000
0.00010000	0.01900000
0.00010000	0.01090000
0.00010000	0.01710000
0.00020000	0.02260000
0.00050000	0.07270000
0.00010000	0.02690000
0.00010000	0.01500000
0.00010000	0.01160000
0.00560000	0.01060000
1.49930000	0.04960000
0.18170000	0.02070000
0.05360000	0.01330000
0.02180000	0.01120000
0.01180000	0.05790000
0.03270000	0.02380000
0.01360000	0.01490000
0.00620000	0.01240000
0.00260000	0.01150000
0.00240000	0.03120000
0.00320000	0.01640000
0.00370000	0.03850000
0.00280000	0.03120000
0.00180000	0.01630000
0.00210000	0.01260000
0.00120000	0.01150000
0.00070000	0.01100000
0.00050000	0.01080000
0.00030000	0.01340000
0.00030000	0.01120000
0.00050000	0.04270000
0.00040000	0.01890000
0.00040000	0.01970000
0.00030000	0.01260000
0.00030000	0.01780000
0.00030000	0.01180000
0.00030000	0.01000000
0.00030000	0.00940000
0.00030000	0.01930000
0.00020000	0.01170000
0.00020000	0.00950000
0.00010000	0.00880000
0.00010000	0.00850000
0.00010000	0.00830000
0.00010000	0.00820000
0.00050000	0.02520000
0.73600000	0.13830000
0.56340000	0.12480000
0.13630000	0.05000000
0.03180000	0.03020000
0.00530000	0.02450000
0.00550000	0.02500000
0.17260000	0.10110000
0.17260000	0.04810000
0.08720000	0.03220000
0.03450000	0.02750000
0.01360000	0.02590000
0.01000000	0.02510000
0.00660000	0.02820000
0.00340000	0.02510000
0.00160000	0.02390000
0.00120000	0.02330000
0.00170000	0.02290000
0.00360000	0.03000000
0.00610000	0.02410000
0.00580000	0.02220000
0.00780000	0.02140000
0.01180000	0.15060000
0.01270000	0.08950000
0.01540000	0.04120000
0.01820000	0.02840000
0.01270000	0.02460000
0.01090000	0.02330000
0.00760000	0.02260000
0.00610000	0.02210000
0.00530000	0.02170000
0.00450000	0.02130000
0.00450000	0.02100000
0.00410000	0.02060000
0.00420000	0.02020000
0.00440000	0.01990000
0.00600000	0.01950000
0.00650000	0.01920000
0.00350000	0.01880000
0.00320000	0.01850000
0.00360000	0.01870000
0.00230000	0.01850000
0.00250000	0.01820000
0.00170000	0.01780000
0.00490000	0.01740000
0.02270000	0.01730000
0.02820000	0.01710000
0.02270000	0.01680000
0.05000000	0.01650000
0.03270000	0.01620000
0.21810000	0.03490000
0.95410000	0.05420000
0.36350000	0.03750000
0.21810000	0.02340000
0.13630000	0.01950000
0.05450000	0.01830000
0.02360000	0.01770000
0.01360000	0.01730000
0.00910000	0.02080000
0.00710000	0.02780000
0.00650000	0.01900000
0.00340000	0.01680000
0.00180000	0.01600000
0.00150000	0.01560000
0.00120000	0.01590000
0.00070000	0.01570000
0.00050000	0.01550000
0.00120000	0.01520000
0.00200000	0.01500000
0.00110000	0.01470000
0.00220000	0.01450000
0.00330000	0.01420000
0.00800000	0.01400000
3.15310000	0.08550000
1.74470000	0.03550000
1.05410000	0.02250000
0.49070000	0.01880000
0.36350000	0.01750000
0.19080000	0.01700000
0.10000000	0.01710000
0.06180000	0.01690000
0.04910000	0.01670000
0.04180000	0.01660000
0.03270000	0.01620000
0.02000000	0.01590000
0.01360000	0.01560000
0.00760000	0.01530000
0.00790000	0.01500000
0.01000000	0.01470000
0.01270000	0.01440000
0.00680000	0.01400000
0.00470000	0.01370000
0.00440000	0.01360000
0.00430000	0.01340000
0.00590000	0.01340000
0.00550000	0.01320000
0.00440000	0.01300000
0.00390000	0.01270000
0.00510000	0.01250000
0.00520000	0.01230000
0.00510000	0.01210000
0.00450000	0.01190000
0.00400000	0.01150000
0.00410000	0.01100000
0.00470000	0.01070000
0.00410000	0.01100000
0.00370000	0.01090000
0.00400000	0.01080000
0.00360000	0.01060000
0.00280000	0.01050000
0.02450000	0.01030000
2.73510000	0.03860000
4.60700000	0.06500000
6.63340000	0.04420000
1.87190000	0.02880000
0.59060000	0.01760000
0.30900000	0.01440000
0.19990000	0.01340000
0.13630000	0.01290000
0.08540000	0.01260000
0.06360000	0.01240000
0.04730000	0.01220000
0.04000000	0.01200000
0.03180000	0.01230000
0.02180000	0.01220000
0.01820000	0.01210000
0.01910000	0.01190000
0.01910000	0.01170000
0.02180000	0.02290000
0.02450000	0.01390000
0.02270000	0.01130000
0.02450000	0.01040000
0.03450000	0.01010000
1.34490000	0.08690000
1.17220000	0.03270000
0.41800000	0.01860000
0.21810000	0.01460000
0.16360000	0.01330000
0.10900000	0.01280000
0.08270000	0.01250000
0.07540000	0.01990000
0.06180000	0.01410000
0.05910000	0.01240000
0.04910000	0.01170000
0.03820000	0.01140000
0.03180000	0.01120000
0.02730000	0.01100000
0.02270000	0.01080000
0.03090000	0.03100000
0.03820000	0.03850000
0.03450000	0.01790000
0.03000000	0.01250000
0.02640000	0.01080000
0.02450000	0.01030000
0.30900000	0.03900000
21.62670000	22.98100000
6.17900000	6.72680000
1.07220000	1.85470000
0.46340000	0.52360000
0.27260000	0.15940000
0.19080000	0.06120000
0.14540000	0.02290000
0.10900000	0.02150000
0.09090000	0.02100000
0.07630000	0.02060000
0.07000000	0.02030000
0.08630000	0.05350000
0.07540000	0.03780000
0.06000000	0.02420000
0.05090000	0.02040000
0.04540000	0.01910000
0.04450000	0.01850000
0.03730000	0.01810000
0.03630000	0.01770000
0.03450000	0.04330000
0.02640000	0.02420000
0.03090000	0.01880000
0.05270000	0.05370000
0.04730000	0.02640000
0.04450000	0.02470000
0.20900000	0.38690000
0.24530000	0.13790000
0.13630000	0.06250000
0.08540000	0.03440000
0.06360000	0.02450000
0.05270000	0.02150000
0.04360000	0.02030000
0.03360000	0.01980000
0.02640000	0.01940000
0.02180000	0.01910000
0.02540000	0.02540000
0.03910000	0.38190000
0.02450000	0.11850000
13.72110000	17.82260000
3.14400000	4.89030000
4.43440000	3.65840000
1.04500000	1.03150000
0.40890000	0.30380000
0.22720000	0.12380000
0.15450000	0.04790000
0.11810000	0.03420000
0.09000000	0.02920000
0.06910000	0.02840000
0.05820000	0.02780000
0.04910000	0.02730000
0.03450000	0.04140000
0.02820000	0.03030000
0.02360000	0.03080000
0.02360000	0.02670000
0.05000000	0.05300000
0.03180000	0.03210000
0.01910000	0.02610000
0.01450000	0.02420000
0.01820000	0.04160000
0.02640000	0.04070000
0.10900000	0.02730000
0.08270000	0.02330000
0.49980000	1.21220000
1.27220000	0.35070000
0.24530000	0.11550000
0.12720000	0.05090000
0.10900000	0.08450000
0.13630000	0.04240000
0.28170000	0.64960000
0.23630000	0.22340000
0.16360000	0.08200000
0.08540000	0.04720000
0.05000000	0.03360000
0.03000000	0.02950000
0.01820000	0.03350000
0.01270000	0.02880000
0.00890000	0.02720000
0.00670000	0.02640000
0.00810000	0.06150000
0.01000000	0.05210000
0.04730000	0.08430000
0.87230000	0.10750000
0.24530000	0.05070000
0.10000000	0.03530000
0.05090000	0.03070000
0.02730000	0.02910000
0.01450000	0.02820000
0.01000000	0.06960000
0.00630000	0.03860000
0.00390000	0.03020000
0.00320000	0.02750000
0.00250000	0.02640000
0.00200000	0.02580000
0.00200000	0.02530000
1.62650000	0.05570000
0.48160000	0.09660000
2.26260000	4.36960000
0.58160000	1.21880000
0.16360000	0.35770000
0.07450000	0.12190000
0.03910000	0.05700000
0.03450000	0.05330000
0.29080000	0.04280000
0.20900000	0.03410000
0.06820000	0.03140000
0.02640000	0.03020000
0.01270000	0.02950000
0.00700000	0.02900000
0.00450000	0.02840000
0.00290000	0.02790000
0.00230000	0.02740000
0.00180000	0.02700000
0.00140000	0.02650000
4.87050000	0.02600000
0.56340000	1.83670000
0.11810000	0.54460000
0.04730000	0.17390000
0.02000000	0.07240000
0.01180000	0.04430000
0.00750000	0.03610000
0.00580000	0.03270000
0.00480000	0.04120000
0.00350000	0.03400000
0.00360000	0.03170000
0.00490000	0.06250000
0.01090000	0.03890000
13.08500000	16.70320000
2.41710000	8.42070000
0.51790000	2.33500000
0.21810000	0.67040000
0.11810000	0.21480000
0.07180000	0.08970000
0.04090000	0.04800000
0.02450000	0.04140000
0.01820000	0.04070000
3.24400000	0.12030000
1.48120000	1.41840000
0.49980000	0.42150000
0.23630000	0.14910000
0.23630000	0.09760000
0.11810000	0.06010000
0.06630000	0.04850000
0.04540000	0.04430000
0.03090000	0.04310000
0.02000000	0.04230000
0.01360000	0.04150000
0.01360000	0.04070000
0.01180000	0.04000000
0.00880000	0.03930000
0.00890000	0.06460000
0.00780000	0.04500000
0.00770000	0.06720000
0.13630000	1.80400000
0.17260000	0.52310000
0.07910000	0.17310000
0.04000000	0.07690000
0.02180000	0.10920000
0.01360000	0.05930000
0.01000000	0.04510000
2.25350000	0.04140000
22.71710000	24.98630000
3.88010000	6.86580000
0.83600000	1.90870000
0.39980000	0.55320000
0.23630000	0.18210000
0.15450000	0.08010000
0.11810000	0.05190000
0.08910000	0.04350000
0.07000000	0.04060000
0.05720000	0.03940000
0.04730000	0.03850000
0.03630000	0.03780000
0.02910000	0.03710000
0.02820000	0.03640000
0.02450000	0.03580000
0.02270000	0.03520000
0.02090000	0.03450000
0.01910000	0.03390000
0.01730000	0.03330000
0.01730000	0.03270000
0.01820000	0.03220000
0.02000000	0.03160000
14.35720000	16.73620000
22.98970000	28.35900000
2.99870000	7.81250000
1.02680000	2.16730000
0.53610000	0.62630000
0.33620000	0.22210000
0.21810000	0.08440000
1.15400000	0.08250000
1.85370000	0.45200000
0.74510000	0.16070000
0.41800000	0.07630000
16.17460000	0.05700000
10.90420000	9.12630000
5.18860000	3.55560000
1.28120000	1.00490000
0.55430000	0.30800000
0.29080000	0.11690000
0.18170000	0.06410000
0.12720000	0.04530000
0.09090000	0.04290000
0.07270000	0.04220000
0.05910000	0.04140000
0.05630000	0.04430000
0.04730000	0.04100000
0.03820000	0.03950000
0.03180000	0.03870000
0.03820000	0.05050000
0.04180000	0.04070000
0.03910000	0.03750000
0.03910000	0.03980000
0.04090000	0.03640000
0.04000000	0.03500000
0.03820000	0.03410000
0.04270000	0.04440000
0.04630000	0.03590000
0.04910000	0.03310000
0.04000000	0.03190000
0.03730000	0.03120000
0.03820000	0.03060000
0.04000000	0.03000000
0.03820000	0.02950000
0.03450000	0.02900000
0.02820000	0.02850000
0.02640000	0.02800000
0.02540000	0.02750000
0.02450000	0.02700000
0.02450000	0.02650000
0.02270000	0.02610000
0.02180000	0.02560000
0.02090000	0.02510000
0.02090000	0.02470000
0.02180000	0.03400000
0.03820000	0.04610000
0.08630000	8.05620000
0.07810000	2.22070000
0.08180000	0.62620000
0.08360000	0.19060000
0.06000000	0.07120000
0.05000000	0.04320000
0.04090000	0.02640000
0.03360000	0.02480000
0.02730000	0.02400000
0.02450000	0.02350000
0.02180000	0.02310000
0.03820000	0.04330000
0.19080000	1.96240000
0.28170000	0.55390000
0.17260000	0.16980000
0.10000000	0.06420000
0.06360000	0.03510000
0.04730000	0.02680000
0.03540000	0.02340000
0.03000000	0.02300000
0.02640000	0.02260000
0.03820000	0.04500000
0.19080000	0.03530000
0.25440000	0.02570000
0.12720000	0.02360000
0.07810000	0.02280000
0.06360000	0.02220000
0.06270000	0.02410000
0.07000000	0.02150000
0.57250000	0.28390000
0.57250000	0.09250000
0.27260000	0.04070000
0.16360000	0.02620000
0.10900000	0.02200000
0.09090000	0.02060000
0.07000000	0.01990000
0.06720000	0.01950000
0.04450000	0.01920000
