0.04170000	0.00150000
0.05000000	0.00250000
0.03990000	0.00260000
0.04170000	0.00250000
0.03230000	0.00240000
0.06580000	0.00220000
0.04360000	0.00210000
0.05820000	0.00200000
0.05630000	0.00190000
0.04550000	0.00170000
0.05380000	0.00160000
0.06770000	0.00150000
0.06330000	0.00150000
0.07460000	0.00140000
0.07460000	0.04500000
0.08730000	0.09580000
0.09990000	0.07210000
0.08730000	0.02580000
0.08220000	0.00570000
0.05820000	0.00160000
0.05630000	0.00090000
0.07020000	0.00080000
0.05630000	0.00080000
0.03730000	0.00070000
0.03350000	0.00070000
0.03040000	0.00070000
0.05820000	0.00070000
0.05690000	0.00070000
0.05000000	0.01380000
0.05380000	0.01020000
0.03540000	0.00270000
0.04170000	0.00080000
0.05380000	0.00050000
0.06070000	0.00040000
0.05630000	0.00040000
0.05190000	0.00040000
0.06580000	0.00030000
0.06770000	0.00030000
0.06580000	0.00030000
0.05820000	0.00030000
0.06330000	0.00030000
0.07970000	0.00020000
0.07970000	0.00020000
0.08220000	0.00620000
0.08220000	0.00530000
0.08480000	0.00190000
0.07720000	0.00060000
0.07460000	0.00030000
0.07020000	0.00020000
0.07020000	0.00020000
0.07720000	0.00020000
0.08480000	0.01530000
0.08220000	0.01140000
0.09240000	0.00290000
0.05820000	0.00060000
0.06770000	0.00030000
0.06330000	0.00130000
0.06330000	0.00100000
0.04740000	0.00030000
0.05190000	0.00010000
0.05380000	0.00010000
0.05380000	0.00020000
0.04360000	0.00020000
0.04110000	0.00020000
0.03730000	0.01770000
0.06770000	0.01290000
0.06070000	0.00310000
0.06010000	0.00060000
0.05690000	0.00020000
0.05690000	0.00020000
0.06010000	0.00020000
0.06330000	0.00310000
0.06330000	0.00220000
0.06010000	0.00050000
0.06330000	0.00010000
0.06330000	0.00000000
0.06010000	0.00700000
0.05690000	0.00510000
0.05380000	0.00130000
0.05060000	0.00030000
0.05060000	0.00020000
0.05060000	0.00010000
0.05380000	0.00190000
0.05060000	0.00140000
0.04740000	0.00050000
0.04430000	0.00020000
0.04110000	0.01080000
0.04110000	0.03160000
0.04430000	0.04210000
0.04740000	0.05720000
0.04740000	0.06490000
0.05060000	0.06360000
0.05060000	0.06020000
0.05060000	0.05670000
0.04740000	0.05330000
0.04740000	0.05020000
0.04430000	0.04720000
0.04430000	0.04440000
0.04430000	0.04180000
0.04740000	0.03930000
0.04740000	0.03700000
0.04740000	0.03480000
0.04430000	0.03280000
0.04430000	0.03080000
0.04740000	0.02900000
0.04740000	0.02730000
0.04740000	0.02580000
0.04430000	0.02430000
0.04110000	0.02290000
0.04110000	0.02150000
0.04430000	0.02200000
0.04740000	0.02030000
0.04930000	0.01820000
0.05380000	0.01680000
0.05380000	0.01580000
0.05380000	0.01490000
0.05060000	0.01400000
0.05060000	0.01320000
0.05060000	0.01240000
0.04740000	0.01170000
0.04740000	0.01100000
0.04740000	0.01040000
0.04430000	0.00980000
0.04430000	0.00930000
0.04110000	0.00870000
0.04110000	0.00820000
0.04110000	0.00780000
0.04430000	0.00730000
0.04430000	0.00690000
0.04430000	0.00650000
0.04430000	0.00610000
0.04110000	0.00580000
0.03800000	0.00540000
0.03800000	0.00510000
0.03920000	0.00480000
0.04430000	0.01990000
0.05060000	0.01540000
0.05690000	0.00650000
0.06960000	0.00400000
0.08860000	0.00350000
0.10120000	0.00330000
0.10750000	0.00310000
0.10750000	0.00290000
0.10120000	0.00270000
0.09490000	0.00250000
0.07720000	0.00240000
0.02910000	0.00230000
0.02590000	0.00210000
0.04550000	0.00200000
0.04360000	0.00190000
0.04360000	0.00180000
0.04740000	0.00170000
0.06070000	0.00160000
0.05000000	0.00150000
0.05380000	0.00140000
0.05190000	0.00130000
0.05380000	0.00120000
0.04360000	0.00120000
0.05000000	0.00110000
0.05190000	0.00100000
0.05190000	0.00100000
0.05000000	0.00090000
0.05630000	0.00090000
0.05380000	0.00080000
0.05000000	0.00080000
0.05630000	0.00070000
0.04550000	0.00070000
0.05630000	0.00060000
0.03540000	0.00060000
0.05000000	0.00060000
0.05630000	0.00540000
0.05000000	0.00610000
0.04170000	0.00280000
0.05000000	0.00090000
0.06330000	0.00050000
0.06580000	0.00040000
0.05820000	0.00040000
0.05380000	0.00030000
0.06330000	0.01400000
0.08480000	0.04860000
0.07460000	0.03060000
0.05380000	0.00920000
0.06580000	0.00280000
0.05380000	0.00070000
0.05000000	0.00570000
0.05000000	0.00740000
0.06580000	0.00350000
0.03730000	0.00090000
0.04360000	0.00030000
0.05000000	0.00530000
0.04740000	0.00390000
0.04360000	0.00100000
0.04360000	0.01050000
0.06770000	0.00760000
0.04550000	0.00190000
0.04170000	0.00040000
0.03730000	0.00010000
0.04170000	0.00010000
0.04360000	0.00010000
0.03730000	0.00010000
0.04360000	0.00020000
0.07970000	0.00270000
0.05820000	0.00540000
0.04740000	0.00850000
0.05000000	0.00470000
0.04360000	0.00110000
0.03990000	0.00020000
0.05380000	0.00100000
0.05000000	0.00070000
0.04740000	0.00050000
0.04170000	0.00030000
0.03730000	0.00010000
0.04170000	0.00000000
0.03540000	0.00000000
0.04550000	0.02110000
0.06330000	0.03120000
0.05380000	0.01500000
0.05190000	0.00780000
0.04170000	0.02380000
0.05380000	0.01950000
0.04550000	0.01060000
0.04550000	0.00420000
0.03350000	0.00080000
0.04360000	0.01320000
0.03540000	0.01030000
0.03730000	0.00270000
0.02590000	0.00040000
0.03230000	0.01150000
0.06580000	0.03680000
0.06010000	0.03850000
0.05380000	0.01660000
0.04550000	0.00340000
0.04360000	0.00720000
0.04740000	0.00960000
0.05190000	0.01470000
0.05630000	0.00840000
0.06070000	0.00180000
0.05630000	0.00030000
0.07720000	0.02660000
0.11890000	0.04540000
0.07970000	0.02350000
0.10820000	0.00500000
0.07460000	0.00070000
0.06580000	0.00300000
0.07970000	0.01760000
0.07270000	0.01180000
0.06770000	0.00680000
0.05190000	0.00340000
0.05820000	0.00070000
0.05380000	0.00010000
0.05820000	0.00000000
0.05820000	0.01070000
0.05630000	0.02110000
0.05380000	0.02340000
0.06330000	0.01950000
0.05000000	0.00840000
0.06770000	0.06200000
0.06770000	0.04420000
0.06580000	0.01020000
0.04740000	0.00150000
0.03990000	0.00020000
0.05820000	0.00000000
0.04360000	0.00460000
0.08730000	0.01150000
0.02280000	0.00670000
0.03230000	0.00150000
0.03230000	0.00020000
0.02470000	0.00000000
0.02720000	0.00820000
0.02470000	0.00600000
0.05380000	0.01440000
0.05820000	0.00980000
0.02910000	0.00230000
0.02910000	0.00030000
0.06070000	0.08990000
0.11320000	0.06610000
0.06580000	0.01550000
0.06070000	0.00230000
0.05190000	0.00030000
0.04170000	0.00000000
0.03350000	0.00000000
0.02470000	0.00000000
0.02280000	0.00000000
0.03230000	0.00000000
0.04360000	0.00000000
0.02590000	0.00060000
0.02590000	0.00050000
0.03350000	0.01310000
0.03350000	0.04160000
0.04550000	0.02790000
0.05000000	0.02630000
0.04550000	0.01590000
0.03040000	0.00480000
0.04550000	0.01910000
0.05000000	0.05260000
0.04360000	0.05380000
0.04360000	0.04460000
0.04550000	0.03260000
0.09990000	0.04530000
0.08730000	0.06940000
0.05630000	0.08240000
0.03990000	0.08940000
0.03730000	0.08970000
0.03990000	0.08640000
0.03230000	0.08210000
0.05630000	0.08540000
0.03230000	0.07800000
0.07270000	0.13610000
0.12140000	0.13150000
0.09740000	0.09030000
0.05190000	0.07960000
0.04360000	0.08540000
0.02720000	0.08250000
0.02470000	0.07400000
0.01830000	0.06750000
0.01830000	0.06310000
0.01960000	0.06320000
0.01830000	0.07900000
0.01640000	0.06810000
0.03040000	0.07420000
0.02720000	0.06820000
0.02910000	0.05160000
0.02590000	0.04270000
0.02470000	0.03900000
0.02470000	0.03650000
0.02590000	0.03430000
0.03990000	0.03610000
0.03350000	0.03920000
0.05380000	0.04520000
0.04170000	0.03640000
0.04170000	0.02740000
0.05630000	0.02410000
0.04550000	0.02250000
0.02470000	0.02110000
0.04170000	0.01990000
0.03730000	0.01870000
0.03540000	0.01760000
0.03730000	0.01650000
0.04170000	0.01560000
0.03990000	0.01460000
0.03350000	0.01650000
0.06770000	0.01500000
0.04550000	0.01270000
0.04360000	0.01160000
0.04550000	0.01080000
0.03990000	0.01020000
0.03990000	0.00960000
0.03350000	0.00900000
0.06070000	0.00850000
0.02720000	0.00800000
0.04360000	0.00750000
0.04550000	0.00710000
0.04360000	0.00660000
0.04550000	0.00630000
0.04300000	0.00590000
0.03990000	0.00550000
0.04170000	0.00520000
0.03540000	0.02090000
0.07460000	0.02060000
0.05820000	0.01110000
0.05630000	0.01180000
0.05630000	0.00850000
0.04550000	0.00470000
0.04360000	0.00360000
0.04170000	0.00320000
0.04050000	0.00300000
0.03730000	0.00280000
0.03480000	0.02000000
0.05310000	0.02140000
0.05630000	0.05980000
0.05310000	0.04020000
0.04490000	0.01070000
0.04360000	0.00320000
0.03670000	0.00210000
0.03730000	0.00190000
0.03610000	0.00170000
0.03610000	0.00150000
0.05000000	0.01890000
0.03540000	0.02710000
0.03730000	0.01510000
0.04680000	0.01220000
0.04490000	0.00950000
0.04240000	0.00420000
0.04050000	0.00160000
0.04490000	0.00100000
0.04810000	0.00100000
0.04490000	0.00100000
0.04490000	0.00090000
0.04680000	0.02440000
0.03420000	0.01800000
0.03040000	0.00460000
0.03040000	0.00120000
0.03230000	0.00060000
0.03480000	0.00050000
0.03730000	0.00050000
0.04050000	0.00050000
0.03610000	0.00050000
0.03730000	0.00040000
0.04360000	0.00040000
0.04360000	0.00040000
0.04680000	0.00040000
0.04490000	0.00030000
0.05310000	0.00030000
0.05440000	0.00030000
0.04680000	0.00030000
0.04360000	0.00030000
0.04240000	0.00020000
0.04240000	0.00020000
0.04050000	0.00020000
0.04240000	0.00020000
0.04240000	0.00150000
0.05380000	0.00110000
0.06580000	0.00040000
0.04110000	0.00020000
0.04360000	0.00020000
0.04680000	0.00030000
0.04490000	0.00030000
0.05120000	0.01870000
0.05760000	0.01360000
0.05630000	0.00320000
0.06960000	0.00060000
0.03730000	0.00020000
0.03610000	0.00010000
0.03040000	0.00010000
0.02660000	0.00010000
0.03160000	0.00020000
0.03350000	0.00020000
0.03100000	0.00020000
0.04810000	0.00570000
0.02530000	0.00520000
0.03040000	0.01340000
0.03350000	0.03170000
0.04810000	0.01870000
0.04360000	0.00420000
0.04240000	0.00060000
0.04810000	0.00010000
0.04240000	0.00000000
0.04490000	0.00000000
0.04240000	0.00010000
0.03350000	0.00020000
0.03160000	0.00020000
0.02850000	0.00020000
0.02850000	0.00020000
0.03160000	0.00020000
0.03800000	0.00020000
0.04430000	0.00020000
0.04740000	0.00020000
0.04430000	0.00020000
0.04430000	0.00020000
0.04430000	0.00020000
0.04110000	0.00020000
0.04110000	0.00020000
0.04110000	0.00020000
0.04110000	0.00020000
0.03800000	0.00020000
0.03800000	0.00020000
0.03800000	0.00020000
0.03800000	0.00020000
0.03480000	0.00020000
0.03480000	0.00020000
0.03480000	0.00020000
0.03480000	0.00020000
0.03160000	0.00020000
0.03160000	0.00020000
0.03160000	0.00020000
0.02850000	0.00020000
0.02850000	0.00020000
0.03160000	0.00020000
0.03480000	0.00020000
0.03800000	0.00020000
0.04050000	0.00020000
0.03800000	0.00010000
0.03800000	0.00010000
0.04110000	0.00010000
0.03800000	0.00010000
0.03480000	0.00010000
0.03480000	0.00010000
0.03160000	0.00010000
0.03160000	0.00010000
0.03160000	0.00010000
0.03480000	0.00010000
0.03800000	0.00010000
0.04110000	0.00010000
0.04430000	0.02620000
0.04430000	0.02250000
0.04110000	0.01410000
0.03800000	0.01660000
0.03800000	0.01820000
0.03480000	0.01780000
0.03480000	0.01680000
0.03480000	0.01590000
0.03160000	0.01500000
0.03160000	0.01410000
0.03480000	0.01330000
0.03800000	0.01250000
0.03800000	0.01180000
0.03480000	0.01110000
0.03480000	0.01040000
0.03800000	0.00980000
0.04110000	0.00930000
0.04430000	0.00870000
0.05060000	0.01910000
0.06330000	0.03390000
0.12650000	0.26070000
0.18980000	0.47420000
0.31630000	0.34640000
0.44280000	0.21780000
0.47440000	0.18380000
0.37950000	0.17540000
0.29600000	0.16840000
0.16570000	0.15930000
0.16000000	0.15000000
0.16890000	0.14120000
0.14360000	0.13290000
0.14680000	0.12500000
0.16570000	0.11770000
0.11260000	0.11070000
0.13030000	0.10430000
0.10120000	0.09820000
0.09050000	0.09240000
0.14680000	0.08700000
0.08600000	0.08180000
0.07840000	0.07700000
0.07720000	0.07250000
0.07340000	0.08430000
0.10750000	0.08880000
0.15880000	0.07240000
0.12970000	0.05930000
0.09680000	0.05370000
0.08600000	0.05030000
0.07840000	0.04730000
0.07530000	0.04450000
0.08410000	0.04760000
0.08220000	0.04360000
0.11130000	0.03840000
0.09740000	0.03530000
0.06960000	0.03300000
0.06770000	0.03100000
0.07460000	0.03470000
0.07150000	0.03870000
0.09170000	0.03340000
0.08790000	0.02690000
0.08410000	0.04010000
0.07840000	0.08620000
0.07150000	0.07620000
0.09680000	0.09120000
0.08410000	0.08690000
0.09870000	0.08990000
0.07150000	0.09680000
0.07720000	0.09350000
0.07840000	0.08760000
0.08410000	0.08230000
0.08410000	0.07750000
0.08220000	0.07290000
0.08220000	0.06860000
0.08410000	0.06460000
0.08410000	0.07720000
0.09050000	0.09960000
0.09050000	0.08480000
0.09680000	0.06520000
0.09170000	0.05280000
0.08480000	0.04580000
0.07530000	0.04510000
0.08790000	0.04170000
0.08600000	0.03780000
0.07340000	0.03510000
0.08030000	0.04120000
0.08790000	0.03700000
0.07530000	0.03060000
0.07720000	0.02770000
0.08410000	0.02590000
0.08030000	0.02440000
0.07720000	0.02300000
0.07840000	0.02170000
0.07840000	0.02180000
0.08030000	0.02020000
0.08410000	0.01820000
0.08790000	0.01690000
0.07340000	0.01590000
0.07150000	0.01500000
0.06450000	0.01660000
0.06580000	0.01510000
0.05950000	0.01290000
0.05630000	0.01180000
0.06960000	0.01110000
0.06450000	0.01040000
0.07340000	0.00980000
0.05760000	0.03590000
0.07340000	0.05380000
0.17960000	0.93880000
0.38520000	2.62130000
0.28460000	2.18260000
0.20620000	0.96300000
0.16570000	0.44040000
0.13540000	0.32180000
0.11010000	0.28970000
0.16570000	0.32680000
0.28090000	0.74430000
0.35360000	0.62480000
0.24730000	0.42810000
0.40040000	0.42040000
0.27710000	0.38670000
0.18660000	0.36090000
0.16890000	0.34690000
0.14930000	0.33590000
0.16890000	0.32010000
0.26570000	0.35020000
0.21570000	0.31450000
0.16570000	0.27960000
0.15430000	0.28510000
0.15750000	0.28160000
0.15750000	0.25110000
0.14930000	0.24380000
0.29100000	0.28300000
0.25110000	0.25930000
0.19170000	0.23630000
0.18980000	0.22520000
0.18090000	0.21210000
0.19290000	0.21290000
0.19930000	0.19750000
0.19290000	0.17890000
0.98680000	0.27810000
0.63890000	0.25250000
0.19610000	0.20350000
0.11770000	0.20190000
0.11010000	0.20390000
0.11260000	0.18160000
0.10120000	0.16060000
0.09240000	0.14870000
0.08790000	0.13950000
0.07840000	0.13130000
0.13540000	0.14770000
0.16000000	0.13390000
0.09870000	0.12140000
0.09050000	0.10930000
0.11580000	0.09830000
0.13540000	0.09490000
0.11010000	0.09050000
0.08790000	0.08280000
0.18980000	0.09660000
0.14930000	0.08630000
0.09050000	0.07070000
0.09240000	0.06380000
0.11770000	0.08310000
0.09680000	0.07320000
0.08600000	0.05670000
0.13030000	0.05070000
0.11770000	0.06380000
0.09680000	0.05620000
0.10750000	0.04420000
0.12520000	0.05350000
0.12020000	0.04700000
0.11770000	0.05910000
0.11390000	0.04950000
0.11010000	0.03470000
0.08410000	0.02930000
0.09490000	0.02710000
0.10120000	0.02540000
0.10120000	0.02390000
0.09050000	0.02250000
0.08600000	0.04040000
0.10120000	0.03400000
0.08410000	0.02200000
0.09490000	0.08120000
0.08410000	0.06270000
0.07530000	0.02630000
0.08410000	0.01630000
0.07720000	0.01400000
0.07530000	0.01300000
0.05950000	0.01230000
0.06960000	0.01150000
0.06450000	0.01080000
0.05310000	0.01020000
0.06770000	0.00960000
0.06450000	0.00900000
0.04680000	0.00850000
0.05310000	0.00800000
0.04490000	0.02410000
0.05630000	0.01920000
0.05440000	0.00950000
0.04490000	0.00670000
0.04360000	0.00590000
0.04680000	0.01820000
0.03920000	0.01440000
0.05000000	0.00700000
0.04050000	0.01660000
0.04050000	0.05050000
0.07840000	0.03470000
0.03100000	0.01140000
0.02910000	0.00990000
0.05000000	0.00730000
0.04810000	0.00420000
0.04680000	0.02920000
0.03730000	0.02180000
0.03230000	0.00710000
0.03610000	0.00400000
0.03920000	0.00310000
0.03230000	0.00280000
0.03230000	0.00240000
0.02910000	0.01350000
0.04050000	0.01720000
0.04050000	0.00870000
0.08790000	0.00310000
0.04240000	0.00170000
0.03350000	0.00150000
0.03610000	0.00420000
0.03610000	0.00340000
0.03920000	0.00170000
0.03920000	0.00120000
0.03230000	0.00110000
0.04490000	0.03270000
0.07150000	0.07390000
0.06960000	0.04300000
0.06960000	0.03960000
0.06140000	0.02540000
0.07150000	0.00720000
0.04810000	0.01120000
0.04810000	0.00770000
0.05760000	0.00220000
0.06140000	0.00080000
0.05000000	0.00060000
0.05630000	0.00050000
0.05440000	0.00050000
0.05630000	0.00050000
0.05310000	0.00040000
0.06260000	0.00040000
0.05630000	0.00040000
0.05630000	0.00630000
0.06450000	0.00490000
0.05950000	0.00150000
0.03920000	0.02340000
0.03730000	0.01710000
0.03730000	0.00410000
0.03920000	0.00080000
0.04050000	0.00560000
0.03730000	0.01560000
0.04490000	0.00950000
0.05440000	0.02650000
0.06770000	1.01460000
0.16510000	2.36360000
0.19990000	1.50870000
0.12020000	0.54610000
0.09050000	0.29810000
0.09240000	0.24840000
0.09680000	0.22990000
0.10750000	0.21630000
0.09870000	0.20360000
0.10120000	0.19160000
0.13850000	0.49470000
0.12520000	0.42110000
0.08790000	0.26970000
0.07840000	0.23020000
0.08600000	0.21430000
0.08790000	0.20140000
0.09680000	0.18960000
0.10560000	0.17840000
0.08220000	0.16820000
0.09170000	0.16170000
0.10120000	0.15120000
0.10310000	0.14050000
0.10560000	0.13210000
0.12520000	0.14600000
0.10560000	0.13910000
0.09680000	0.11820000
0.10120000	0.10900000
0.09870000	0.10430000
0.09680000	0.09870000
0.08790000	0.09300000
0.08600000	0.08750000
0.09050000	0.08240000
0.08790000	0.08430000
0.09050000	0.07830000
0.10120000	0.07020000
0.07840000	0.06500000
0.07840000	0.06090000
0.08410000	0.05730000
0.05950000	0.05390000
0.06330000	0.09560000
0.08600000	0.16080000
0.08030000	0.14530000
0.05000000	0.12530000
0.04810000	0.12030000
0.08410000	0.11420000
0.05950000	0.10770000
0.05310000	0.10140000
0.05690000	0.09540000
0.06330000	0.08970000
0.06330000	0.08440000
0.06960000	0.07940000
0.06960000	0.07470000
0.06330000	0.07030000
0.06330000	0.06620000
0.06330000	0.06230000
0.06260000	0.05860000
0.05950000	0.05510000
0.05440000	0.05190000
0.05760000	0.04880000
0.03610000	0.04600000
0.03040000	0.04340000
0.05690000	0.04080000
0.05690000	0.03840000
0.05690000	0.03620000
0.05690000	0.03400000
0.06010000	0.03200000
0.06010000	0.03020000
0.06330000	0.02840000
0.06960000	0.02670000
0.08220000	0.04720000
0.08540000	0.03970000
0.08860000	0.03860000
0.09490000	0.04270000
0.10120000	0.04190000
0.10750000	0.03970000
0.10120000	0.03740000
0.10750000	0.03530000
0.09490000	0.03320000
0.05060000	0.03130000
0.03800000	0.02950000
0.03480000	0.02770000
0.03800000	0.02610000
0.03800000	0.02460000
0.04110000	0.02310000
0.04110000	0.02180000
0.04430000	0.02050000
0.04740000	0.01930000
0.04740000	0.01820000
0.05060000	0.02580000
0.05690000	0.03170000
0.06010000	0.02580000
0.06010000	0.03460000
0.05690000	0.04660000
0.06010000	0.04530000
0.06010000	0.04490000
0.06960000	0.05250000
0.07590000	0.04830000
0.06960000	0.05230000
0.06330000	0.05610000
0.06330000	0.05450000
0.06960000	0.05150000
0.06960000	0.04850000
0.07590000	0.04570000
0.08220000	0.04300000
0.08860000	0.04040000
0.08220000	0.03810000
0.07590000	0.03580000
0.07910000	0.03380000
0.07590000	0.03180000
0.07270000	0.02990000
0.07910000	0.02830000
0.08540000	0.02660000
0.08860000	0.02490000
0.08220000	0.02340000
0.07590000	0.02210000
0.06960000	0.02080000
0.06960000	0.01960000
0.06330000	0.01850000
0.06010000	0.01740000
0.05060000	0.01640000
0.04110000	0.01540000
0.04430000	0.01450000
0.04740000	0.01370000
0.05380000	0.01290000
0.06330000	0.01270000
0.07590000	0.01560000
0.07590000	0.01350000
0.07910000	0.01070000
0.08220000	0.00980000
0.08540000	0.00910000
0.08220000	0.00840000
0.08220000	0.00780000
0.08220000	0.00740000
0.07910000	0.00690000
0.08540000	0.00650000
0.09240000	0.00610000
0.09240000	0.00580000
0.10310000	0.00540000
0.08220000	0.00510000
0.09050000	0.00480000
0.10560000	0.00450000
0.10120000	0.00430000
0.10120000	0.00400000
0.08790000	0.00380000
0.10750000	0.00360000
0.11010000	0.00330000
0.09680000	0.00310000
0.10310000	0.03690000
0.10120000	0.02840000
0.08790000	0.00900000
0.07840000	0.00360000
0.07340000	0.00260000
0.06580000	0.00230000
0.06580000	0.01010000
0.07340000	0.00780000
0.06770000	0.00320000
0.07530000	0.00190000
0.07530000	0.00160000
0.08220000	0.00160000
0.08030000	0.00160000
0.08220000	0.00150000
0.09050000	0.00140000
0.09050000	0.00130000
0.08030000	0.00130000
0.07840000	0.00120000
0.08410000	0.00110000
0.08220000	0.00660000
0.08790000	0.01260000
0.10560000	0.00850000
0.09490000	0.00330000
0.08600000	0.00140000
0.10120000	0.02410000
0.10560000	0.06420000
0.10310000	0.14030000
0.11770000	0.10730000
0.11770000	0.07440000
0.10120000	0.07070000
0.10310000	0.06760000
0.12780000	0.06380000
0.10750000	0.06010000
0.13280000	0.05660000
0.10750000	0.07530000
0.10560000	0.07110000
0.11260000	0.05440000
0.11010000	0.04560000
0.11010000	0.06280000
0.13540000	0.05460000
0.14930000	0.04050000
0.10750000	0.03540000
0.13280000	0.06750000
0.14680000	0.05610000
0.12520000	0.03870000
0.12780000	0.03450000
0.11010000	0.03250000
0.08600000	0.03050000
0.08410000	0.02880000
0.08790000	0.02710000
0.08790000	0.02550000
0.07340000	0.02400000
0.07530000	0.02880000
0.08790000	0.03730000
0.09240000	0.04380000
0.08220000	0.05450000
0.09870000	0.07300000
1.91030000	3.65960000
2.03680000	5.07490000
0.63190000	2.56300000
0.29600000	0.82050000
0.29220000	0.41790000
0.22900000	0.35890000
0.21570000	0.33700000
0.19610000	0.30710000
0.18980000	0.28270000
0.18980000	0.28520000
0.44150000	0.30420000
0.64520000	0.90580000
0.36120000	0.95470000
0.36120000	0.55970000
0.28090000	0.34450000
0.28460000	0.28570000
0.25430000	0.28740000
0.27710000	0.28060000
0.26190000	0.24970000
0.26000000	0.22370000
0.26190000	0.20710000
0.29600000	0.19410000
0.22900000	0.18250000
0.22900000	0.17170000
0.21570000	0.16160000
0.21890000	0.15210000
0.20940000	0.14310000
0.19930000	0.13470000
0.19610000	0.12670000
0.17210000	0.11920000
0.18980000	0.11220000
0.18980000	0.10560000
0.16000000	0.10010000
0.14930000	0.09400000
0.16000000	0.08810000
0.13280000	0.08300000
0.14680000	0.07800000
0.15750000	0.07330000
0.15430000	0.06900000
0.16570000	0.06490000
0.27580000	0.06110000
0.11770000	0.05790000
0.12780000	0.08640000
0.14680000	0.10160000
0.11260000	0.07320000
0.10120000	0.05040000
0.09050000	0.04320000
0.09490000	0.07500000
0.10560000	0.07480000
0.08600000	0.06530000
0.13280000	0.06100000
0.09870000	0.05760000
0.11770000	0.04190000
0.10750000	0.03030000
0.10560000	0.02640000
0.10120000	0.02460000
0.09870000	0.05710000
0.09680000	0.06590000
0.13850000	0.06860000
0.11010000	0.04970000
0.08600000	0.02770000
0.11510000	0.03090000
0.11770000	0.03430000
0.08410000	0.03360000
0.08410000	0.02590000
0.07840000	0.01730000
0.07530000	0.01330000
0.07340000	0.01190000
0.08030000	0.01110000
0.06260000	0.01050000
0.07340000	0.00990000
0.05950000	0.01750000
0.07530000	0.01480000
0.07340000	0.00960000
0.07840000	0.00790000
0.07150000	0.00730000
0.07150000	0.02710000
0.05440000	0.06080000
0.07840000	0.05210000
0.09050000	0.02290000
0.08790000	0.00870000
0.09050000	0.00550000
0.10120000	0.06580000
0.12020000	0.12860000
0.07530000	0.09560000
0.06960000	0.05830000
0.07150000	0.05570000
0.08030000	0.07000000
0.09870000	0.06450000
0.09680000	0.05430000
0.12590000	0.47830000
0.09610000	0.50860000
0.08600000	0.27100000
0.08790000	0.15400000
0.11010000	0.12420000
0.17210000	0.11390000
0.22900000	0.10700000
0.13850000	0.10060000
0.10370000	0.09470000
0.07530000	0.08910000
0.05440000	0.08390000
0.04810000	0.07890000
0.03920000	0.07430000
0.04550000	0.07020000
0.03350000	0.08820000
0.04360000	0.07810000
0.04810000	0.06200000
0.05000000	0.05530000
0.05120000	0.05190000
0.05760000	0.07570000
0.06770000	0.07720000
0.05950000	0.05610000
0.05630000	0.04310000
0.05630000	0.06770000
0.05950000	0.07030000
0.06260000	0.04820000
0.05690000	0.03460000
0.04360000	0.03020000
0.05950000	0.02810000
0.07270000	0.02640000
0.08030000	0.02490000
0.07530000	0.02340000
0.06260000	0.02200000
0.08790000	0.02070000
0.08600000	0.01950000
0.08410000	0.01930000
0.09050000	0.02450000
0.09490000	0.02210000
0.09240000	0.01710000
0.07840000	0.01470000
0.07720000	0.01360000
0.08350000	0.01270000
0.09050000	0.02720000
0.07720000	0.02240000
0.08410000	0.01320000
0.07840000	0.01040000
0.07840000	0.00940000
0.07720000	0.01450000
0.08030000	0.01240000
0.07840000	0.00880000
0.07720000	0.00750000
0.06450000	0.00690000
0.06330000	0.01460000
0.06140000	0.01210000
0.05440000	0.01140000
0.06960000	0.00880000
0.06770000	0.00590000
0.06580000	0.00490000
0.06260000	0.00450000
0.06260000	0.00430000
0.06450000	0.00400000
0.06140000	0.00380000
0.09240000	0.00360000
0.06770000	0.00680000
0.07720000	0.00570000
0.06450000	0.01290000
0.06450000	0.02650000
0.05440000	0.01650000
0.06140000	0.00550000
0.05760000	0.00280000
0.05630000	0.00300000
0.05440000	0.00260000
0.04680000	0.00210000
0.05000000	0.00840000
0.04490000	0.00710000
0.05310000	0.00320000
0.05120000	0.00180000
0.04810000	0.00700000
0.03800000	0.00540000
0.04810000	0.00220000
0.04360000	0.00510000
0.04680000	0.02320000
0.05630000	0.01640000
0.05950000	0.00480000
0.06450000	0.00150000
0.06140000	0.00090000
0.05630000	0.00080000
0.06260000	0.00080000
0.05950000	0.00070000
0.05310000	0.00070000
0.05310000	0.00060000
0.05950000	0.00060000
0.05760000	0.00060000
0.05630000	0.00050000
0.05310000	0.00050000
0.05440000	0.00050000
0.06450000	0.00380000
0.05380000	0.00290000
0.05310000	0.00100000
0.04810000	0.00060000
0.05000000	0.00040000
0.05950000	0.02740000
0.06580000	0.02010000
0.05950000	0.00500000
0.05440000	0.00110000
0.05630000	0.02600000
0.05630000	0.03110000
0.05440000	0.01340000
0.05440000	0.00290000
0.05120000	0.00060000
0.04490000	0.00020000
0.04810000	0.00020000
0.04810000	0.00020000
0.04680000	0.00020000
0.06010000	0.00020000
0.05310000	0.00030000
0.04810000	0.00030000
0.04930000	0.00030000
0.07720000	0.00030000
0.05000000	0.00030000
0.04360000	0.00030000
0.04430000	0.00020000
0.04430000	0.00020000
0.04110000	0.00020000
0.04740000	0.00020000
0.05380000	0.00020000
0.06010000	0.00020000
0.06330000	0.00020000
0.06640000	0.00020000
0.06960000	0.00020000
0.06960000	0.00020000
0.06640000	0.00020000
0.06640000	0.00020000
0.06960000	0.00020000
0.06960000	0.00020000
0.06640000	0.00020000
0.06640000	0.00020000
0.06640000	0.00020000
0.06960000	0.00020000
0.06960000	0.00020000
0.06640000	0.00020000
0.06640000	0.00020000
0.06330000	0.00020000
0.06330000	0.00020000
0.06330000	0.00020000
0.06640000	0.00020000
0.06330000	0.00020000
0.05690000	0.00020000
0.06330000	0.00020000
0.06330000	0.00020000
0.06330000	0.00020000
0.06640000	0.00020000
0.06640000	0.00020000
0.06640000	0.00020000
0.06960000	0.00020000
0.06960000	0.00020000
0.07270000	0.00020000
0.07270000	0.00020000
0.07590000	0.00100000
0.07910000	0.03420000
0.08220000	0.03640000
0.08220000	0.05950000
0.08220000	0.05420000
0.07910000	0.05270000
0.07270000	0.06050000
0.06960000	0.06170000
0.06330000	0.05900000
0.05690000	0.05570000
0.05690000	0.05240000
0.05690000	0.04930000
0.05690000	0.04640000
0.05380000	0.04370000
0.05380000	0.04110000
0.05060000	0.03870000
0.05060000	0.03640000
0.05380000	0.03430000
0.06010000	0.03230000
0.06640000	0.03040000
0.07270000	0.02860000
0.07590000	0.04620000
0.07590000	0.13860000
0.07270000	0.13410000
0.07270000	0.19380000
0.07270000	0.26930000
0.07270000	0.22360000
0.07590000	0.17920000
0.08220000	0.16690000
0.08540000	0.16180000
0.08220000	0.15940000
0.08220000	0.15850000
0.07590000	0.15310000
0.07910000	0.14550000
0.08220000	0.13730000
0.08860000	0.12930000
0.08860000	0.12340000
0.09490000	0.11800000
0.09490000	0.11000000
0.10120000	0.10170000
0.10120000	0.09550000
0.10750000	0.08960000
0.10120000	0.08390000
0.09490000	0.07890000
0.08860000	0.07420000
0.12650000	0.06990000
0.14550000	0.06590000
0.13920000	0.06480000
0.13280000	0.07080000
0.12650000	0.06290000
0.11390000	0.05340000
0.11390000	0.04880000
0.11390000	0.04570000
0.10750000	0.04300000
0.12020000	0.04060000
0.15810000	0.03820000
0.18980000	0.03590000
0.27010000	0.04490000
0.27010000	0.03980000
0.24230000	0.03260000
0.21700000	0.02910000
0.18790000	0.02670000
0.20300000	0.02500000
0.18790000	0.02350000
0.11960000	0.02220000
0.17400000	0.02090000
0.11960000	0.01960000
0.13660000	0.01850000
0.14740000	0.01740000
0.14740000	0.04160000
0.13410000	0.03380000
0.11510000	0.01860000
0.11320000	0.01420000
0.09870000	0.01290000
0.11070000	0.01210000
0.10690000	0.01420000
0.10880000	0.04510000
0.11510000	0.03810000
0.11960000	0.01930000
0.13410000	0.01160000
0.11960000	0.00890000
0.12900000	0.00790000
0.12650000	0.02930000
0.13160000	0.02820000
0.14170000	0.02160000
0.13920000	0.01310000
0.13920000	0.01180000
0.12650000	0.01320000
0.12650000	0.01300000
0.12210000	0.11780000
0.13660000	1.29440000
0.17400000	1.16460000
0.17650000	0.49200000
0.19290000	0.23210000
0.19800000	0.17490000
0.18340000	0.15860000
0.17840000	0.14880000
0.16380000	0.14010000
0.16130000	0.13870000
0.13920000	0.13630000
0.17140000	0.13360000
0.18600000	0.12680000
0.20870000	0.11220000
0.19040000	0.09970000
0.14170000	0.09190000
0.13660000	0.08610000
0.13410000	0.08100000
0.13410000	0.07620000
0.12900000	0.07210000
0.12650000	0.06790000
0.11510000	0.06360000
0.10060000	0.05980000
0.10250000	0.07860000
0.11510000	0.09650000
0.11320000	0.07670000
0.11070000	0.05490000
0.09680000	0.04830000
0.12210000	0.04370000
0.10060000	0.04390000
0.09240000	0.04410000
0.07530000	0.03830000
0.08350000	0.03390000
0.07970000	0.05130000
0.08600000	0.05870000
0.10500000	0.05330000
0.09680000	0.03710000
0.08600000	0.02640000
0.08600000	0.02290000
0.09170000	0.03190000
0.09430000	0.02780000
0.09990000	0.02060000
0.09680000	0.01800000
0.09050000	0.01670000
0.09550000	0.01570000
0.06830000	0.02180000
0.08160000	0.01900000
0.08600000	0.01430000
0.08220000	0.01250000
0.08030000	0.01250000
0.07780000	0.01160000
0.06830000	0.01040000
0.06830000	0.02030000
0.07840000	0.03540000
0.07970000	0.03200000
0.08600000	0.07130000
0.09680000	0.05320000
0.09240000	0.01970000
0.08350000	0.00880000
0.07530000	0.00660000
0.07340000	0.00590000
0.07150000	0.00560000
0.06260000	0.00570000
0.06450000	0.01140000
0.06450000	0.00920000
0.06640000	0.02410000
0.07340000	0.01790000
0.05500000	0.01450000
0.05000000	0.02390000
0.06520000	0.02740000
0.06770000	0.04100000
0.06330000	0.02470000
0.06200000	0.00770000
0.05820000	0.01360000
0.06260000	0.01580000
0.07840000	0.06120000
0.10120000	0.05080000
0.08410000	0.02910000
0.10560000	0.01430000
0.09800000	0.00730000
0.09990000	0.00530000
0.08860000	0.00450000
0.08860000	0.00550000
0.08350000	0.00370000
0.08410000	0.00190000
0.07840000	0.00170000
0.07650000	0.00150000
0.06710000	0.00120000
0.06260000	0.00110000
0.06830000	0.00100000
0.05820000	0.03830000
0.05570000	0.02820000
0.07080000	0.03790000
0.06960000	0.04430000
0.05950000	0.02160000
0.05690000	0.00550000
0.05690000	0.00140000
0.06010000	0.01500000
0.07150000	0.03330000
0.06830000	0.05750000
0.07340000	0.03260000
0.05310000	0.00760000
0.05000000	0.00150000
0.05120000	0.00510000
0.04740000	0.02080000
0.04680000	0.01360000
0.04680000	0.00340000
0.03860000	0.00080000
0.03860000	0.00040000
0.04430000	0.00030000
0.03730000	0.00030000
0.03420000	0.00030000
0.04360000	0.00030000
0.03420000	0.00340000
0.03730000	0.05550000
0.05440000	0.07480000
0.05950000	0.03500000
0.03730000	0.00730000
0.03730000	0.00100000
0.03290000	0.00010000
0.04680000	0.01590000
0.05440000	0.01160000
0.03540000	0.00780000
0.03420000	0.00820000
0.04930000	0.00440000
0.03730000	0.00120000
0.03420000	0.00020000
0.03420000	0.00000000
0.03730000	0.00000000
0.02970000	0.00000000
0.02720000	0.00000000
0.04170000	0.00000000
0.03100000	0.00000000
0.02280000	0.00000000
0.02400000	0.00000000
0.02280000	0.00000000
0.02400000	0.00640000
0.03860000	0.02470000
0.03730000	0.01600000
0.03420000	0.00370000
0.03420000	0.00530000
0.02850000	0.00350000
0.02850000	0.00080000
0.02850000	0.00010000
0.02850000	0.00000000
0.02590000	0.00000000
0.03100000	0.00000000
0.02590000	0.00000000
0.01960000	0.00000000
0.02590000	0.00000000
0.01960000	0.00000000
0.01960000	0.00000000
0.02150000	0.00230000
0.03290000	0.00170000
0.02280000	0.00040000
0.02850000	0.00010000
0.02280000	0.00000000
0.02090000	0.00000000
0.02210000	0.00550000
0.02530000	0.00400000
0.02720000	0.00160000
0.03100000	0.01050000
0.04490000	0.00750000
0.03540000	0.00180000
0.02720000	0.00030000
0.02720000	0.01240000
0.03540000	0.00910000
0.03290000	0.00210000
0.02850000	0.00030000
0.02850000	0.00000000
0.02780000	0.00000000
0.02850000	0.00000000
0.02780000	0.00000000
0.02970000	0.00640000
0.03230000	0.00460000
0.03800000	0.01140000
0.03800000	0.01040000
0.03610000	0.00380000
0.03990000	0.01120000
0.04620000	0.00780000
0.04490000	0.00180000
0.04240000	0.00030000
0.04110000	0.00000000
0.03920000	0.00000000
0.04050000	0.00000000
0.03350000	0.00000000
0.03610000	0.00550000
0.04170000	0.00740000
0.04300000	0.00780000
0.04300000	0.00390000
0.04550000	0.00590000
0.04740000	0.00750000
0.04490000	0.00360000
0.04360000	0.00080000
0.04490000	0.00010000
0.05690000	0.00000000
0.03350000	0.00000000
0.04240000	0.00000000
0.04360000	0.00000000
0.04870000	0.01230000
0.05570000	0.00900000
0.04870000	0.00210000
0.04810000	0.00130000
0.04870000	0.00080000
0.04810000	0.00050000
0.04870000	0.00020000
0.04810000	0.00000000
0.04680000	0.00000000
0.04620000	0.00000000
0.04870000	0.00000000
0.04550000	0.00000000
0.04550000	0.00000000
0.04490000	0.00000000
0.04810000	0.00000000
0.05500000	0.00000000
0.04240000	0.00000000
0.04490000	0.00000000
0.05310000	0.00000000
0.03480000	0.00000000
0.04240000	0.00000000
0.04620000	0.00000000
0.05060000	0.04010000
0.05950000	0.02940000
0.05820000	0.00690000
0.05380000	0.00370000
0.05060000	0.00210000
0.04810000	0.00050000
0.05060000	0.00010000
0.05190000	0.00000000
0.04870000	0.00000000
0.05190000	0.00000000
0.05820000	0.00000000
0.05950000	0.00000000
0.06770000	0.00000000
0.05570000	0.00000000
0.05880000	0.00000000
0.05440000	0.00000000
0.05880000	0.01060000
0.04870000	0.00780000
0.05570000	0.00190000
0.05000000	0.00040000
0.05440000	0.00020000
0.06450000	0.00010000
0.06520000	0.00010000
0.04110000	0.00010000
0.04050000	0.00010000
0.03920000	0.00010000
0.03920000	0.00010000
0.03800000	0.00000000
0.04110000	0.01960000
0.04430000	0.01430000
0.04740000	0.00330000
0.04740000	0.00050000
0.04680000	0.00010000
0.04430000	0.00000000
0.04300000	0.00000000
0.04300000	0.00010000
0.04300000	0.00010000
0.04240000	0.00010000
0.04110000	0.00010000
0.04050000	0.00010000
0.04110000	0.00010000
0.04240000	0.00000000
0.04550000	0.00000000
0.04680000	0.00000000
0.04680000	0.00000000
0.04430000	0.00010000
0.04430000	0.00010000
0.04740000	0.00010000
0.05060000	0.00010000
0.05190000	0.00010000
0.05060000	0.00010000
0.04930000	0.00010000
0.04740000	0.00010000
0.04740000	0.00010000
0.04870000	0.00010000
0.05060000	0.00010000
0.05250000	0.00610000
0.05380000	0.00470000
0.04740000	0.00130000
0.03800000	0.00020000
0.04430000	0.00010000
0.04550000	0.00010000
0.04430000	0.00010000
0.04110000	0.00010000
0.04430000	0.00010000
0.05060000	0.00010000
0.05380000	0.00010000
0.05380000	0.00010000
0.05380000	0.00010000
0.05060000	0.00010000
0.05060000	0.00010000
0.05060000	0.00010000
0.04740000	0.00010000
0.04740000	0.00010000
0.04110000	0.00000000
0.04430000	0.00000000
0.05060000	0.00010000
0.05380000	0.00010000
0.05380000	0.00010000
0.05060000	0.00010000
0.05060000	0.00010000
0.04740000	0.00010000
0.04740000	0.00010000
0.04430000	0.00010000
0.04110000	0.00010000
0.04110000	0.00010000
0.04240000	0.00010000
0.04240000	0.00010000
0.04430000	0.00010000
0.04430000	0.00010000
0.04550000	0.00010000
0.04550000	0.00010000
0.04740000	0.00010000
0.04740000	0.00010000
0.04930000	0.00010000
0.05060000	0.00010000
0.05190000	0.00010000
0.05380000	0.00010000
0.05380000	0.00010000
0.05690000	0.00010000
0.05690000	0.00010000
0.05880000	0.00020000
0.05880000	0.01670000
0.06010000	0.04970000
0.06010000	0.04680000
0.06010000	0.02090000
0.05820000	0.00690000
0.05820000	0.00310000
0.06010000	0.00370000
0.06330000	0.00240000
0.06330000	0.00090000
0.06010000	0.00060000
0.06330000	0.00050000
0.06330000	0.00040000
0.06140000	0.00030000
0.06010000	0.00020000
0.05690000	0.00020000
0.05380000	0.00010000
0.05380000	0.00010000
0.05690000	0.01300000
0.06330000	0.03070000
0.07590000	0.04530000
0.07910000	0.07160000
0.07590000	0.07750000
0.07270000	0.07990000
0.08220000	0.08120000
0.12650000	0.07540000
0.16700000	0.06810000
0.17840000	0.06280000
0.12650000	0.05890000
0.15180000	0.05540000
0.12970000	0.05210000
0.13600000	0.04900000
0.13540000	0.05130000
0.13660000	0.04720000
0.12650000	0.04170000
0.12140000	0.03860000
0.11580000	0.03620000
0.11390000	0.03440000
0.11130000	0.03230000
0.10500000	0.03020000
0.10120000	0.02840000
0.09870000	0.02670000
0.09170000	0.02510000
0.08670000	0.02360000
0.08860000	0.02220000
0.10180000	0.04870000
0.10310000	0.04240000
0.09240000	0.02500000
0.09360000	0.01850000
0.08600000	0.01650000
0.08350000	0.01540000
0.08160000	0.01450000
0.07840000	0.01370000
0.07910000	0.01290000
0.08160000	0.01210000
0.07970000	0.01140000
0.07840000	0.01070000
0.07590000	0.01010000
0.07150000	0.00950000
0.07650000	0.00890000
0.08290000	0.02430000
0.08670000	0.03730000
0.08410000	0.02310000
0.08290000	0.01040000
0.08290000	0.00380000
0.07840000	0.00070000
0.07840000	0.00010000
0.08410000	0.02540000
0.09170000	0.01850000
0.07400000	0.00430000
0.07020000	0.00060000
0.07270000	0.00070000
0.07080000	0.00050000
0.06710000	0.00010000
0.06520000	0.00000000
0.06330000	0.00000000
0.06330000	0.00000000
0.06200000	0.00000000
0.05950000	0.00000000
0.05380000	0.00000000
0.05250000	0.00000000
0.05000000	0.00000000
0.05570000	0.01760000
0.05950000	0.01290000
0.05190000	0.00420000
0.05570000	0.00140000
0.05440000	0.00030000
0.06070000	0.00000000
0.04490000	0.00000000
0.04360000	0.00000000
0.04620000	0.00000000
0.04810000	0.00000000
0.04490000	0.00000000
0.04490000	0.00000000
0.04300000	0.00000000
0.04490000	0.00000000
0.04360000	0.00210000
0.04430000	0.00660000
0.05060000	0.01410000
0.04740000	0.00920000
0.04430000	0.00370000
0.04110000	0.00130000
0.04170000	0.00030000
0.03730000	0.00000000
0.03800000	0.01100000
0.04680000	0.02880000
0.04490000	0.02800000
0.04490000	0.01180000
0.03990000	0.00240000
0.03730000	0.00030000
0.03610000	0.00000000
0.03290000	0.00000000
0.05880000	0.01670000
0.03420000	0.01540000
0.02280000	0.00510000
0.03540000	0.00090000
0.03540000	0.00020000
0.03730000	0.00000000
0.03420000	0.00000000
0.03290000	0.00000000
0.02970000	0.00000000
0.02720000	0.00000000
0.02400000	0.00000000
0.02720000	0.00000000
0.02970000	0.00000000
0.02720000	0.00000000
0.02590000	0.00080000
0.02720000	0.02990000
0.03540000	0.04400000
0.03540000	0.02130000
0.03540000	0.00450000
0.03290000	0.00060000
0.03100000	0.00010000
0.03100000	0.00020000
0.02970000	0.00250000
0.04360000	0.00170000
0.02720000	0.00040000
0.03860000	0.00010000
0.02970000	0.00000000
0.01710000	0.00000000
0.02020000	0.00000000
0.02850000	0.00000000
0.01960000	0.00000000
0.03100000	0.00000000
0.02910000	0.00000000
0.02850000	0.00000000
0.02970000	0.00010000
0.02970000	0.00000000
0.02970000	0.01020000
0.02970000	0.00740000
0.02780000	0.00170000
0.02910000	0.00020000
0.02970000	0.00100000
0.02780000	0.00070000
0.02850000	0.00020000
0.02780000	0.01020000
0.02720000	0.03850000
0.03860000	0.02450000
0.03480000	0.00550000
0.02210000	0.00080000
0.02530000	0.02290000
0.02850000	0.04470000
0.05120000	0.07980000
0.05880000	0.05130000
0.04430000	0.01420000
0.03920000	0.00240000
0.03420000	0.00030000
0.03160000	0.00000000
0.02970000	0.00000000
0.03040000	0.00410000
0.02720000	0.00300000
0.03100000	0.01450000
0.02660000	0.01700000
0.03040000	0.00730000
0.03100000	0.00260000
0.04110000	0.02650000
0.03540000	0.01880000
0.03610000	0.00430000
0.03800000	0.01200000
0.03610000	0.01190000
0.03860000	0.00480000
0.04170000	0.00110000
0.04360000	0.00020000
0.06830000	0.03170000
0.04930000	0.02310000
0.05310000	0.00530000
0.05440000	0.02940000
0.05380000	0.02100000
0.05310000	0.00480000
0.05310000	0.00070000
0.05120000	0.00010000
0.05570000	0.01060000
0.05630000	0.02470000
0.05950000	0.01420000
0.04170000	0.00310000
0.03730000	0.00080000
0.03540000	0.00600000
0.03100000	0.00420000
0.03860000	0.00100000
0.02970000	0.00010000
0.02970000	0.00000000
0.01710000	0.00000000
0.03290000	0.04680000
0.03730000	0.03410000
0.03420000	0.00790000
0.05820000	0.03550000
0.04170000	0.03640000
0.04050000	0.01400000
0.03730000	0.00270000
0.03290000	0.00040000
0.03730000	0.00000000
0.03540000	0.00000000
0.03290000	0.00000000
0.03540000	0.00260000
0.03860000	0.00190000
0.03540000	0.00040000
0.03540000	0.00690000
0.03540000	0.01040000
0.03420000	0.01130000
0.03540000	0.01490000
0.03730000	0.00800000
0.03540000	0.00170000
0.04170000	0.01880000
0.04170000	0.01370000
0.04360000	0.00320000
0.03730000	0.00050000
0.03730000	0.00010000
0.03860000	0.00010000
0.04360000	0.01060000
0.05440000	0.00770000
0.03990000	0.00180000
0.03160000	0.00030000
0.03860000	0.00480000
0.04360000	0.00370000
0.03990000	0.00410000
0.04360000	0.04530000
0.05310000	0.05950000
0.05380000	0.06040000
0.05440000	0.06350000
0.05000000	0.07000000
0.04680000	0.07170000
0.04170000	0.06880000
0.04360000	0.06490000
0.04170000	0.06110000
0.04360000	0.05750000
0.04360000	0.05410000
0.04170000	0.05090000
0.04360000	0.04790000
0.04360000	0.04510000
0.04170000	0.04240000
0.04360000	0.03990000
0.04360000	0.03760000
0.04240000	0.03540000
0.04170000	0.03330000
0.04680000	0.03130000
0.04110000	0.03010000
0.04490000	0.03440000
0.04680000	0.03070000
0.04870000	0.02560000
0.04300000	0.02320000
0.04050000	0.02180000
0.04240000	0.02050000
0.03990000	0.01920000
0.04240000	0.01820000
0.04050000	0.01720000
0.02970000	0.01620000
0.02090000	0.01520000
0.03160000	0.01430000
0.03800000	0.01350000
0.04110000	0.01270000
0.04110000	0.01200000
0.04430000	0.01130000
0.04430000	0.01060000
0.04430000	0.01000000
0.04110000	0.00940000
0.03800000	0.00890000
0.03800000	0.00840000
0.03800000	0.00790000
0.03670000	0.00740000
0.03800000	0.00700000
0.04110000	0.00660000
0.04110000	0.00620000
0.03800000	0.00590000
0.03480000	0.00550000
0.03160000	0.00520000
0.03160000	0.00490000
0.03480000	0.00460000
0.03480000	0.00440000
0.03160000	0.00410000
0.03160000	0.00390000
0.03290000	0.00370000
0.03540000	0.00340000
0.04740000	0.00330000
0.05060000	0.00310000
0.04740000	0.00290000
0.04110000	0.00270000
0.03480000	0.00260000
0.03160000	0.00240000
0.02850000	0.00230000
0.02910000	0.00220000
0.03160000	0.00210000
0.03480000	0.00190000
0.03480000	0.00180000
0.03350000	0.00170000
0.03350000	0.00160000
0.03480000	0.00160000
0.03800000	0.00150000
0.03800000	0.00140000
0.03670000	0.00130000
0.03480000	0.00130000
0.03160000	0.00120000
0.03480000	0.00110000
0.03480000	0.00110000
0.03480000	0.00100000
0.03480000	0.00100000
0.03800000	0.00090000
0.03800000	0.00090000
0.03990000	0.00080000
0.04110000	0.00080000
0.04110000	0.00080000
0.03990000	0.00070000
0.03800000	0.00070000
0.03800000	0.00070000
0.03480000	0.00060000
0.03610000	0.00060000
0.03990000	0.00060000
0.04430000	0.00050000
0.04740000	0.00410000
0.04740000	0.00480000
0.05060000	0.00260000
0.05060000	0.00100000
0.05060000	0.00050000
0.05380000	0.00240000
0.05380000	0.01420000
0.05380000	0.01800000
0.05380000	0.02100000
0.05380000	0.03160000
0.05380000	0.02230000
0.05380000	0.00820000
0.05690000	0.00210000
0.05690000	0.00060000
0.05380000	0.00030000
0.05060000	0.00030000
0.04870000	0.00030000
0.04740000	0.00760000
0.04740000	0.00990000
0.05060000	0.00650000
0.06330000	0.00870000
0.07270000	0.01810000
0.07590000	0.03370000
0.07590000	0.06340000
0.06960000	0.08400000
0.06330000	0.09650000
0.06330000	0.10270000
0.06010000	0.10110000
0.06010000	0.09600000
0.05690000	0.09040000
0.05380000	0.08510000
0.05060000	0.08010000
0.05380000	0.07540000
0.05690000	0.07100000
0.06070000	0.06680000
0.06330000	0.06280000
0.06330000	0.05910000
0.07590000	0.05570000
0.08860000	0.05240000
0.08220000	0.04930000
0.07590000	0.04640000
0.07590000	0.04370000
0.08220000	0.04110000
0.08220000	0.03870000
0.08860000	0.03660000
0.09490000	0.34330000
0.18980000	1.13660000
0.41120000	1.19710000
0.44280000	0.66350000
0.37760000	0.65000000
0.31500000	0.91220000
0.22840000	0.72000000
0.20180000	0.50900000
0.27580000	0.41180000
0.32390000	0.36190000
0.26310000	0.34440000
0.19670000	0.33780000
0.15180000	0.32360000
0.13540000	0.30540000
0.12460000	0.35650000
0.13790000	0.46160000
0.14610000	0.41330000
0.13540000	0.34560000
0.12460000	0.32400000
0.12020000	0.31530000
0.12710000	0.29690000
0.15560000	0.27640000
0.13410000	0.25900000
0.13030000	0.24340000
0.14860000	0.24840000
0.19040000	1.15390000
0.32890000	2.31170000
0.30170000	2.81220000
0.30620000	1.85830000
0.22460000	0.86910000
0.17580000	0.50820000
0.14550000	0.42060000
0.13850000	0.38830000
0.12840000	0.36480000
0.12020000	0.34330000
0.11450000	0.32310000
0.10690000	0.30400000
0.11010000	0.30090000
0.25930000	0.79970000
0.43840000	1.26060000
0.24480000	0.83320000
0.19860000	0.43590000
0.17580000	0.33110000
0.15620000	0.30040000
0.17710000	0.28270000
0.18030000	0.26580000
0.17960000	0.24950000
0.18850000	0.25550000
0.20240000	0.23610000
0.16510000	0.21140000
0.16190000	0.21500000
0.27710000	0.21210000
0.56800000	1.01370000
0.58130000	1.13500000
0.35870000	0.61850000
0.27960000	0.32520000
0.22770000	0.25110000
0.20620000	0.22840000
0.21760000	0.22140000
0.27520000	0.24620000
0.37450000	0.33320000
0.36430000	0.28370000
0.31690000	0.22820000
0.24160000	0.21120000
0.20680000	0.19890000
0.18530000	0.18720000
0.17900000	0.17610000
0.17270000	0.16580000
0.15050000	0.15600000
0.14040000	0.14680000
0.13600000	0.13810000
0.13540000	0.13900000
0.19740000	0.16840000
0.28460000	0.17860000
0.19480000	0.15230000
0.15370000	0.11790000
0.14610000	0.10770000
0.13600000	0.10830000
0.12520000	0.09850000
0.11700000	0.08850000
0.11450000	0.08230000
0.11130000	0.07730000
0.10370000	0.07270000
0.09870000	0.06840000
0.09740000	0.07430000
0.09360000	0.06780000
0.09300000	0.05870000
0.09610000	0.06070000
0.09240000	0.05660000
0.09300000	0.04950000
0.09550000	0.05470000
0.09680000	0.05260000
0.08980000	0.04790000
0.09170000	0.04290000
0.09110000	0.03710000
0.09680000	0.03340000
0.09990000	0.03110000
0.10180000	0.02920000
0.09550000	0.02750000
0.10820000	0.04880000
0.10880000	0.04230000
0.10440000	0.02770000
0.09930000	0.02380000
0.09360000	0.02210000
0.10690000	0.10520000
0.37890000	1.75090000
0.72110000	2.21050000
0.26880000	1.09390000
0.17330000	0.40130000
0.16890000	0.23720000
0.15430000	0.18860000
0.13730000	0.16760000
0.12460000	0.15610000
0.10940000	0.14670000
0.11320000	0.13800000
0.09740000	0.16300000
0.20240000	0.14640000
0.11770000	0.12060000
0.09870000	0.10900000
0.08860000	0.10190000
0.07590000	0.09580000
0.06830000	0.09020000
0.06710000	0.08480000
0.06520000	0.08980000
0.06450000	0.09830000
0.07080000	0.09860000
0.08160000	0.10530000
0.11320000	0.08390000
0.07270000	0.06360000
0.06520000	0.05610000
0.06010000	0.05220000
0.05820000	0.04910000
0.05440000	0.04620000
0.05570000	0.05900000
0.05190000	0.08740000
0.05630000	0.09840000
0.06450000	0.07430000
0.06640000	0.06310000
0.06390000	0.04640000
0.05310000	0.03320000
0.05120000	0.02970000
0.04810000	0.03270000
0.04550000	0.03080000
0.04360000	0.02580000
0.04360000	0.03000000
0.04810000	0.02640000
0.04360000	0.02220000
0.04170000	0.01960000
0.03730000	0.01770000
0.03290000	0.02150000
0.03420000	0.02000000
0.03420000	0.01600000
0.03290000	0.02600000
0.04050000	0.02170000
0.03540000	0.01420000
0.02970000	0.01170000
0.03800000	0.02850000
0.04810000	0.05880000
0.04360000	0.03860000
0.04050000	0.01540000
0.03350000	0.01620000
0.03800000	0.02750000
0.05060000	0.01910000
0.04930000	0.00960000
0.03040000	0.01480000
0.04360000	0.01230000
0.04050000	0.00740000
0.03860000	0.00580000
0.04050000	0.02340000
0.04680000	0.02540000
0.04490000	0.01290000
0.04170000	0.00600000
0.03610000	0.00430000
0.03480000	0.00380000
0.04170000	0.00950000
0.04930000	0.00770000
0.03860000	0.00420000
0.03670000	0.00310000
0.03800000	0.00280000
0.03730000	0.00260000
0.03420000	0.00250000
0.03610000	0.02040000
0.04050000	0.02300000
0.03920000	0.01070000
0.05120000	0.00370000
0.03990000	0.00210000
0.03480000	0.00180000
0.03540000	0.00820000
0.04300000	0.02950000
0.04870000	0.03100000
0.04740000	0.01390000
0.04680000	0.00380000
0.04430000	0.00510000
0.04930000	0.02410000
0.05380000	0.01650000
0.05190000	0.00450000
0.05190000	0.00140000
0.06520000	0.04210000
0.06140000	0.03280000
0.05760000	0.00910000
0.05440000	0.00210000
0.05440000	0.00550000
0.05690000	0.00840000
0.06390000	0.01080000
0.04810000	0.01080000
0.06450000	0.03460000
0.08160000	0.04580000
0.06710000	0.03290000
0.06580000	0.01810000
0.06770000	0.03110000
0.06450000	0.03330000
0.06450000	0.03310000
0.06580000	0.04760000
0.06200000	0.04260000
0.06010000	0.03310000
0.06200000	0.02940000
0.05950000	0.02740000
0.06140000	0.02570000
0.06070000	0.03190000
0.06140000	0.03870000
0.07210000	0.41170000
0.07400000	0.43680000
0.06450000	0.22880000
0.06260000	0.12690000
0.05880000	0.10130000
0.05880000	0.09280000
0.06770000	0.08710000
0.04930000	0.08190000
0.06830000	0.08100000
0.07210000	0.07540000
0.07340000	0.06890000
0.05060000	0.06430000
0.05820000	0.06050000
0.05820000	0.05690000
0.05440000	0.05350000
0.05630000	0.05040000
0.05630000	0.04740000
0.05250000	0.04460000
0.04870000	0.04200000
0.05570000	0.04860000
0.05760000	0.04870000
0.05820000	0.04010000
0.05950000	0.03400000
0.05820000	0.03110000
0.05880000	0.02920000
0.06010000	0.02740000
0.06070000	0.02580000
0.06140000	0.02430000
0.06330000	0.03140000
0.06450000	0.02780000
0.06390000	0.02170000
0.06260000	0.01920000
0.06140000	0.01790000
0.06450000	0.01690000
0.05630000	0.01590000
0.06890000	0.01500000
0.07270000	0.01420000
0.05690000	0.01340000
0.04170000	0.01260000
0.03920000	0.01190000
0.03800000	0.01120000
0.03670000	0.01050000
0.03670000	0.00990000
0.03800000	0.00930000
0.03800000	0.00880000
0.03920000	0.01490000
0.04050000	0.01380000
0.04170000	0.00940000
0.04430000	0.01420000
0.05380000	0.05230000
0.06960000	0.03700000
0.09490000	0.01270000
0.09050000	0.00630000
0.09680000	0.00510000
0.09870000	0.00470000
0.09490000	0.00440000
0.09050000	0.00420000
0.09050000	0.00390000
0.07340000	0.00380000
0.06960000	0.00360000
0.05690000	0.00340000
0.04810000	0.00320000
0.04110000	0.00300000
0.03800000	0.00290000
0.03920000	0.00270000
0.03800000	0.00250000
0.03800000	0.00240000
0.03800000	0.00230000
0.03420000	0.00210000
0.03290000	0.00200000
0.03800000	0.00190000
0.13280000	0.00180000
0.16450000	0.00680000
0.14550000	0.01250000
0.12650000	0.00750000
0.11390000	0.00270000
0.10120000	0.00140000
0.08860000	0.00120000
0.07590000	0.00110000
0.08220000	0.00100000
0.08860000	0.00100000
0.09490000	0.00090000
0.09170000	0.00090000
0.08860000	0.00080000
0.08540000	0.00080000
0.08220000	0.00070000
0.07910000	0.00070000
0.07590000	0.00060000
0.07270000	0.00060000
0.07590000	0.00060000
0.07270000	0.00050000
0.06640000	0.00050000
0.06010000	0.00050000
0.06330000	0.00040000
0.06640000	0.00040000
0.06330000	0.00120000
0.05690000	0.00100000
0.05060000	0.00050000
0.04870000	0.00030000
0.04430000	0.00030000
0.05060000	0.00030000
0.07590000	0.00030000
0.13920000	0.00030000
0.10750000	0.00020000
0.08860000	0.00020000
0.06960000	0.00020000
0.07270000	0.00030000
0.07910000	0.00030000
0.08540000	0.00030000
0.08220000	0.00030000
0.08220000	0.00030000
0.07910000	0.00030000
0.07590000	0.00030000
0.07270000	0.00030000
0.07590000	0.00030000
0.07910000	0.00430000
0.08540000	0.00310000
0.09170000	0.00080000
0.09870000	0.00020000
0.10440000	0.00010000
0.11390000	0.00010000
0.12650000	0.00010000
0.14550000	0.00010000
0.13920000	0.00010000
0.13600000	0.00010000
0.13280000	0.00020000
0.12970000	0.01550000
0.16450000	0.01370000
0.31630000	0.00440000
0.44280000	0.00080000
0.31630000	0.00010000
0.14490000	0.00010000
0.14170000	0.00000000
0.13410000	0.00000000
0.15940000	0.00000000
0.17210000	0.00010000
0.13220000	0.00020000
0.13790000	0.00020000
0.12970000	0.00020000
0.10750000	0.00020000
0.10940000	0.00020000
0.10310000	0.00020000
0.10440000	0.00020000
0.10180000	0.00020000
0.11320000	0.00020000
0.11070000	0.00020000
0.09110000	0.00020000
0.07400000	0.00020000
0.06450000	0.00020000
0.09360000	0.00020000
0.10310000	0.00020000
0.14610000	0.00020000
0.17400000	0.01480000
0.16640000	0.05140000
0.18470000	1.06570000
0.24160000	2.26090000
0.20120000	1.56440000
0.17840000	0.61110000
0.19860000	0.28670000
0.14230000	0.21760000
0.17210000	0.20670000
0.18220000	0.19220000
0.18220000	0.18990000
0.18090000	0.17470000
0.18470000	0.15780000
0.18980000	0.14710000
0.18720000	0.13820000
0.19040000	0.13000000
0.26820000	0.14840000
0.51620000	1.43790000
0.34160000	1.41720000
0.29600000	0.65920000
0.29980000	0.32050000
0.28400000	0.24180000
0.23590000	0.21910000
0.19170000	0.20550000
0.23720000	0.19340000
0.23910000	0.18200000
0.20750000	0.17130000
0.25180000	0.16170000
0.26500000	0.19910000
0.30430000	0.18210000
0.34850000	0.17830000
0.46560000	1.07550000
0.56360000	2.36720000
0.55220000	1.89450000
0.40670000	0.86600000
0.37380000	0.43050000
0.33590000	0.33070000
0.29730000	0.30130000
0.26190000	0.28280000
0.23210000	0.28520000
0.24480000	0.28690000
0.23850000	0.25530000
0.21060000	0.22600000
0.19480000	0.20930000
0.18600000	0.19640000
0.17840000	0.18480000
0.17020000	0.17390000
0.16320000	0.16360000
0.14990000	0.15390000
0.14360000	0.14490000
0.13410000	0.13630000
0.12460000	0.12830000
0.12080000	0.12070000
0.11700000	0.11360000
0.11070000	0.10690000
0.10560000	0.10060000
0.10120000	0.09460000
0.10060000	0.08910000
0.09300000	0.08380000
0.09110000	0.09080000
0.16450000	0.14460000
0.36370000	0.16610000
0.31630000	0.11360000
0.19990000	0.08190000
0.16450000	0.07530000
0.14930000	0.07110000
0.11960000	0.06700000
0.11700000	0.06300000
0.11010000	0.05930000
0.10250000	0.05580000
0.09610000	0.05250000
0.09240000	0.04940000
0.08410000	0.04650000
0.07910000	0.04380000
0.07460000	0.04120000
0.07720000	0.03880000
0.07530000	0.03650000
0.08220000	0.06020000
0.09240000	0.07390000
0.08920000	0.05170000
0.08220000	0.03330000
0.07970000	0.03460000
0.07340000	0.03590000
0.07970000	0.04740000
0.07530000	0.03770000
0.07340000	0.03080000
0.09360000	0.02470000
0.17650000	0.03210000
0.10880000	0.02670000
0.08790000	0.01860000
0.07720000	0.01590000
0.07150000	0.01470000
0.06640000	0.01380000
0.06140000	0.01300000
0.05820000	0.01220000
0.05820000	0.01150000
0.05630000	0.01630000
0.06640000	0.03520000
0.06830000	0.03880000
0.06640000	0.02230000
0.06580000	0.01130000
0.06450000	0.00840000
0.06330000	0.00750000
0.06260000	0.00740000
0.06260000	0.00690000
0.06140000	0.01230000
0.06070000	0.03940000
0.06260000	0.03090000
0.07590000	0.01260000
0.06010000	0.00620000
0.05120000	0.00480000
0.05630000	0.01580000
0.05500000	0.01240000
0.05190000	0.00580000
0.05000000	0.00390000
0.05060000	0.00340000
0.05000000	0.00320000
0.05060000	0.00300000
0.05060000	0.00280000
0.04810000	0.00270000
0.04360000	0.00250000
0.04430000	0.00240000
0.04430000	0.03360000
0.05060000	0.06340000
0.05820000	0.03530000
0.04810000	0.00910000
0.04870000	0.02470000
0.05380000	0.02330000
0.06830000	0.02300000
0.05250000	0.05380000
0.04680000	0.03370000
0.04430000	0.00850000
0.03990000	0.00220000
0.03860000	0.00120000
0.03540000	0.00110000
0.03350000	0.00100000
0.03670000	0.03550000
0.04550000	0.02610000
0.04680000	0.00670000
0.04490000	0.00160000
0.03800000	0.00080000
0.03040000	0.00070000
0.03480000	0.01270000
0.04360000	0.01040000
0.04740000	0.00330000
0.03040000	0.00100000
0.02530000	0.00030000
0.02470000	0.00010000
0.02340000	0.00000000
0.02150000	0.00000000
0.02470000	0.01310000
0.03420000	0.01050000
0.06450000	0.05350000
0.03350000	0.04980000
0.02530000	0.01760000
0.02850000	0.00330000
0.03290000	0.03530000
0.03730000	0.04680000
0.03480000	0.02140000
0.03730000	0.00440000
0.03100000	0.00060000
0.03100000	0.00050000
0.03350000	0.00030000
0.03610000	0.00010000
0.03350000	0.00000000
0.03230000	0.00790000
0.03100000	0.00580000
0.03100000	0.00130000
0.02850000	0.00040000
0.02850000	0.00020000
0.03160000	0.00000000
0.02910000	0.00250000
0.02910000	0.00180000
0.04050000	0.00060000
0.02020000	0.00420000
0.02720000	0.01000000
0.03540000	0.00580000
0.04680000	0.00130000
0.02720000	0.00020000
0.02660000	0.00000000
0.02720000	0.00000000
0.02910000	0.00000000
0.02970000	0.00000000
0.02850000	0.00000000
0.02720000	0.00000000
0.02660000	0.00220000
0.02780000	0.00160000
0.03290000	0.01250000
0.02850000	0.00890000
0.02660000	0.00640000
0.03290000	0.00350000
0.03420000	0.00180000
0.03420000	0.00090000
0.03540000	0.00020000
0.03610000	0.00000000
0.03610000	0.01870000
0.04300000	0.04900000
0.04300000	0.02890000
0.04170000	0.00640000
0.03860000	0.00090000
0.03800000	0.00010000
0.03800000	0.00000000
0.03920000	0.00000000
0.04050000	0.00000000
0.03860000	0.00000000
0.03990000	0.00000000
0.03800000	0.00000000
0.03800000	0.00000000
0.03670000	0.00000000
0.03480000	0.00000000
0.03610000	0.00000000
0.05190000	0.00000000
0.03350000	0.00000000
0.04240000	0.00000000
0.04360000	0.00000000
0.04300000	0.00000000
0.04240000	0.00000000
0.04240000	0.00000000
0.03920000	0.00000000
0.03860000	0.00960000
0.04170000	0.00780000
0.03920000	0.00220000
0.03800000	0.00040000
0.03670000	0.00000000
0.03540000	0.01270000
0.04050000	0.02310000
0.04170000	0.01570000
0.04240000	0.00520000
0.04050000	0.00180000
0.04050000	0.00180000
0.04490000	0.00100000
0.04740000	0.00020000
0.04430000	0.00000000
0.04810000	0.00000000
0.04740000	0.00000000
0.04360000	0.00000000
0.04810000	0.00000000
0.05000000	0.00000000
0.04620000	0.00000000
0.04430000	0.00000000
0.04740000	0.00000000
0.04870000	0.00000000
0.05120000	0.00000000
0.05570000	0.00000000
0.05690000	0.01170000
0.05880000	0.00860000
0.05690000	0.00200000
0.06450000	0.00030000
0.03990000	0.01500000
0.05310000	0.01730000
0.05500000	0.00720000
0.05120000	0.00140000
0.05570000	0.00020000
0.05500000	0.00000000
0.05500000	0.00000000
0.05690000	0.00000000
0.05760000	0.00390000
0.06010000	0.00280000
0.06070000	0.00070000
0.06200000	0.00010000
0.06260000	0.00000000
0.06520000	0.00000000
0.07080000	0.00000000
0.05120000	0.00000000
0.04360000	0.00000000
0.05120000	0.00000000
0.05570000	0.00000000
0.05630000	0.00000000
0.05880000	0.00000000
0.06960000	0.00000000
0.06710000	0.00000000
0.07340000	0.00000000
0.06070000	0.00000000
0.05570000	0.00000000
0.07340000	0.00000000
0.07400000	0.00000000
0.07340000	0.00000000
0.09930000	0.00000000
0.07910000	0.00000000
0.07080000	0.00000000
0.09870000	0.00000000
0.09490000	0.00000000
0.08860000	0.00000000
0.08220000	0.00000000
0.08220000	0.00000000
0.08220000	0.00000000
0.07590000	0.00000000
0.06330000	0.00000000
0.06960000	0.00000000
0.06960000	0.00000000
0.06960000	0.00010000
0.07590000	0.00010000
0.07590000	0.00010000
0.06960000	0.00010000
0.06330000	0.00010000
0.06070000	0.00010000
0.06330000	0.00010000
0.06330000	0.00010000
0.05690000	0.00010000
0.05380000	0.00010000
0.04740000	0.00010000
0.04430000	0.00010000
0.03800000	0.00010000
0.03800000	0.00010000
0.03670000	0.00010000
0.03540000	0.00010000
0.03420000	0.00010000
0.03160000	0.00010000
0.02970000	0.00010000
0.03040000	0.00010000
0.03230000	0.00010000
0.03540000	0.00010000
0.03540000	0.00010000
0.03990000	0.00010000
0.03670000	0.00010000
0.03420000	0.00010000
0.03540000	0.00010000
0.03730000	0.00010000
0.04050000	0.00010000
0.03800000	0.00010000
0.03800000	0.00000000
0.03800000	0.00010000
0.03540000	0.00010000
0.03160000	0.00010000
0.03540000	0.00010000
0.03800000	0.00010000
0.04050000	0.00010000
0.03800000	0.00010000
0.03480000	0.00010000
0.03160000	0.00010000
0.03480000	0.00010000
0.03800000	0.01060000
0.04170000	0.02210000
0.03920000	0.01520000
0.03540000	0.00530000
0.03160000	0.00130000
0.02970000	0.00030000
0.03160000	0.00020000
0.03040000	0.00020000
0.02850000	0.00020000
0.03540000	0.00020000
0.03800000	0.00020000
0.03800000	0.00020000
0.03290000	0.00020000
0.02530000	0.00020000
0.02780000	0.00020000
0.03160000	0.00020000
0.03800000	0.00020000
0.04050000	0.00020000
0.04300000	0.02100000
0.04300000	0.01920000
0.04550000	0.00700000
0.04930000	0.00290000
0.05310000	0.00270000
0.05690000	0.02840000
0.06330000	0.03360000
0.06960000	0.01690000
0.06330000	0.00510000
0.06960000	0.00460000
0.07590000	0.06720000
0.08220000	0.82040000
0.08860000	1.22050000
0.09490000	0.80120000
0.10750000	0.38890000
0.12020000	0.24140000
0.13920000	0.20920000
0.15810000	0.19860000
0.18340000	0.18940000
0.21440000	0.18320000
0.19860000	0.17370000
0.17140000	0.17250000
0.16450000	0.15730000
0.15310000	0.14470000
0.16510000	0.13710000
0.10370000	0.12950000
0.04930000	0.12190000
0.06260000	0.11470000
0.07840000	0.10800000
0.08100000	0.10160000
0.10750000	0.09560000
0.14930000	0.09000000
0.15750000	0.08470000
0.16000000	0.08970000
0.15810000	0.55490000
0.19420000	0.62910000
0.20870000	0.35820000
0.21440000	0.20950000
0.18720000	0.17190000
0.16640000	0.15840000
0.14860000	0.14870000
0.15810000	0.14000000
0.25110000	0.13170000
0.22390000	0.12390000
0.17710000	0.11660000
0.15560000	0.10970000
0.13600000	0.10330000
0.13280000	0.09720000
0.12330000	0.09140000
0.12900000	0.08610000
0.12400000	0.08100000
0.11890000	0.07620000
0.12140000	0.07170000
0.11770000	0.06750000
0.11770000	0.06350000
0.10560000	0.05970000
0.09490000	0.05620000
0.09490000	0.05290000
0.09240000	0.04980000
0.09110000	0.04680000
0.09110000	0.04410000
0.08860000	0.04150000
0.09930000	0.03900000
0.08290000	0.03670000
0.08100000	0.03460000
0.08480000	0.03470000
0.09360000	0.04320000
0.09680000	0.03990000
0.08790000	0.07330000
0.09550000	0.05710000
0.10440000	0.05830000
0.10370000	0.04340000
0.11010000	0.02590000
0.09550000	0.02070000
0.09300000	0.01890000
0.09300000	0.01770000
0.12650000	0.09520000
0.21440000	0.54670000
0.21510000	0.54000000
0.16190000	0.26930000
0.16700000	0.14050000
0.16070000	0.12840000
0.16830000	0.12820000
0.16640000	0.11080000
0.16760000	0.09330000
0.14360000	0.08370000
0.12140000	0.07800000
0.11580000	0.07320000
0.10880000	0.06890000
0.10690000	0.06490000
0.10370000	0.06100000
0.10750000	0.05740000
0.10750000	0.05400000
0.09610000	0.08410000
0.14360000	0.23260000
0.19420000	1.10430000
0.27330000	1.36980000
0.25180000	0.74250000
0.21950000	0.32280000
0.18850000	0.22150000
0.16130000	0.19690000
0.16700000	0.18410000
0.18090000	0.17330000
0.15810000	0.16300000
0.13920000	0.15340000
0.14170000	0.14440000
0.18340000	0.13580000
0.19800000	0.13880000
0.16380000	0.12850000
0.13160000	0.11520000
0.12650000	0.10680000
0.12460000	0.10030000
0.11960000	0.09430000
0.11320000	0.08870000
0.10880000	0.08350000
0.10440000	0.07860000
0.09870000	0.07390000
0.09240000	0.08490000
0.10060000	0.10510000
0.11770000	0.15370000
0.10630000	0.11330000
0.09550000	0.06690000
0.09740000	0.06170000
0.09240000	0.05480000
0.08670000	0.04690000
0.07970000	0.04300000
0.07460000	0.04030000
0.06830000	0.03790000
0.08220000	0.04500000
0.06770000	0.04040000
0.05880000	0.03310000
0.05440000	0.02990000
0.05120000	0.02800000
0.04870000	0.02630000
0.04490000	0.03270000
0.11830000	0.21450000
0.16510000	0.63980000
0.10630000	0.44440000
0.06520000	0.19230000
0.05630000	0.13310000
0.05120000	0.11920000
0.04490000	0.11150000
0.04240000	0.10500000
0.04930000	0.09880000
0.04680000	0.09300000
0.04170000	0.10010000
0.04620000	0.12760000
0.04680000	0.10590000
0.04110000	0.07930000
0.03990000	0.06950000
0.03610000	0.06460000
0.03350000	0.06070000
0.04490000	0.09080000
0.05000000	0.09340000
0.04300000	0.08070000
0.04680000	0.06080000
0.03350000	0.04750000
0.04240000	0.04250000
0.03800000	0.03970000
0.03800000	0.03730000
0.03670000	0.03510000
0.03540000	0.03310000
0.03610000	0.03110000
0.03230000	0.02930000
0.03040000	0.02760000
0.03230000	0.02590000
0.04170000	0.02440000
0.02340000	0.02300000
0.02850000	0.01600000
0.03100000	0.04770000
0.03670000	0.05740000
0.04050000	0.02600000
0.03860000	0.00540000
0.03540000	0.00070000
0.03350000	0.00010000
0.03350000	0.00000000
0.03230000	0.00000000
0.03230000	0.00000000
0.03100000	0.00020000
0.03100000	0.00020000
0.03480000	0.00000000
0.03100000	0.00000000
0.02590000	0.00000000
0.02590000	0.00000000
0.02970000	0.00340000
0.03160000	0.00250000
0.03100000	0.00060000
0.02910000	0.00010000
0.03290000	0.00000000
0.03100000	0.00000000
0.03160000	0.00000000
0.03040000	0.00000000
0.02720000	0.00000000
0.02720000	0.00000000
0.03670000	0.00000000
0.04430000	0.00000000
0.04550000	0.00000000
0.04550000	0.00000000
0.05310000	0.00000000
0.03730000	0.00000000
0.04360000	0.00000000
0.04300000	0.00000000
0.04240000	0.00000000
0.04360000	0.00000000
0.04360000	0.00000000
0.04620000	0.00000000
0.04870000	0.00000000
0.04170000	0.00000000
0.03290000	0.00000000
0.03290000	0.00310000
0.03350000	0.00230000
0.03420000	0.00050000
0.03990000	0.01880000
0.04240000	0.01370000
0.03920000	0.00320000
0.03540000	0.00200000
0.04170000	0.03620000
0.04240000	0.02580000
0.04050000	0.00590000
0.03990000	0.00090000
0.03800000	0.00010000
0.03480000	0.00000000
0.03610000	0.00000000
0.03540000	0.00000000
0.03350000	0.00060000
0.03540000	0.01510000
0.03540000	0.02890000
0.04050000	0.01570000
0.04050000	0.00340000
0.04050000	0.00050000
0.04170000	0.00000000
0.04170000	0.00000000
0.05440000	0.00000000
0.03100000	0.00000000
0.02280000	0.00000000
0.03730000	0.00000000
0.04170000	0.00000000
0.04170000	0.00000000
0.04050000	0.00000000
0.04360000	0.00000000
0.04680000	0.00000000
0.04360000	0.00000000
0.04490000	0.00040000
0.06640000	0.00030000
0.05440000	0.01400000
0.04680000	0.01020000
0.05440000	0.00240000
0.05310000	0.00030000
0.04810000	0.00000000
0.05120000	0.00000000
0.05000000	0.00000000
0.04680000	0.00000000
0.04680000	0.00000000
0.05000000	0.00000000
0.05120000	0.00000000
0.05120000	0.00000000
0.05000000	0.00000000
0.04810000	0.00000000
0.05310000	0.00000000
0.05820000	0.00000000
0.06450000	0.00000000
0.05000000	0.00000000
0.05120000	0.00000000
0.04930000	0.00000000
0.05000000	0.00000000
0.04870000	0.00000000
0.05000000	0.00000000
0.04930000	0.00000000
0.04930000	0.00060000
0.04810000	0.00060000
0.04810000	0.00920000
0.05690000	0.00660000
0.03540000	0.00150000
0.04360000	0.00460000
0.05060000	0.00320000
0.04550000	0.00070000
0.04550000	0.00010000
0.04430000	0.00000000
0.04300000	0.00000000
0.04490000	0.00000000
0.04360000	0.00000000
0.05060000	0.00000000
0.05190000	0.00000000
0.03800000	0.00000000
0.03990000	0.00010000
0.03230000	0.00010000
0.03990000	0.00010000
0.03800000	0.00010000
0.05190000	0.00010000
0.05120000	0.02730000
0.04870000	0.01990000
0.04430000	0.00460000
0.04430000	0.00070000
0.04430000	0.00010000
0.04430000	0.00000000
0.03990000	0.00010000
0.03420000	0.00010000
0.03860000	0.00010000
0.04170000	0.00010000
0.05060000	0.00010000
0.05690000	0.00010000
0.06070000	0.00440000
0.05120000	0.00320000
0.04430000	0.00070000
0.04550000	0.00010000
0.05060000	0.00000000
0.05310000	0.00000000
0.05120000	0.00000000
0.05820000	0.00000000
0.05120000	0.00000000
0.04870000	0.00420000
0.04300000	0.00350000
0.04170000	0.00120000
0.03990000	0.00030000
0.03800000	0.00020000
0.03610000	0.00020000
0.03670000	0.00020000
0.03800000	0.00020000
0.03800000	0.00020000
0.03920000	0.00010000
0.04170000	0.00010000
0.04050000	0.00010000
0.04170000	0.00010000
0.04430000	0.02010000
0.04550000	0.01840000
0.04430000	0.00620000
0.04110000	0.00120000
0.03800000	0.00020000
0.03610000	0.00000000
0.03670000	0.00000000
0.03920000	0.00000000
0.03990000	0.00000000
0.04170000	0.00000000
0.04170000	0.00000000
0.04170000	0.00000000
0.04300000	0.00000000
0.04430000	0.00020000
0.04430000	0.00020000
0.04430000	0.00000000
0.04110000	0.00000000
0.04170000	0.00000000
0.04300000	0.00000000
0.04170000	0.00000000
0.04050000	0.00000000
0.04050000	0.00000000
0.04170000	0.00000000
0.04300000	0.00000000
0.04430000	0.00000000
0.04430000	0.00000000
0.04300000	0.00000000
0.04620000	0.00000000
0.04430000	0.00010000
0.03800000	0.00010000
0.03040000	0.00010000
0.02530000	0.00010000
0.02850000	0.00010000
0.03670000	0.00010000
0.04430000	0.00010000
0.04430000	0.00010000
0.04740000	0.00010000
0.05060000	0.00010000
0.05190000	0.00010000
0.05310000	0.00010000
0.05310000	0.00010000
0.05310000	0.00010000
0.05190000	0.00010000
0.05060000	0.00010000
0.04930000	0.00010000
0.04810000	0.00010000
0.04930000	0.00010000
0.05060000	0.00010000
0.05190000	0.00010000
0.05190000	0.00010000
0.05060000	0.00010000
0.05310000	0.02200000
0.05690000	0.03470000
0.05950000	0.01730000
0.05690000	0.00370000
0.05440000	0.00050000
0.05310000	0.00010000
0.05190000	0.00010000
0.05060000	0.00010000
0.04810000	0.00010000
0.04680000	0.00010000
0.04810000	0.00010000
0.05310000	0.00010000
0.06330000	0.00010000
0.07270000	0.05980000
0.08220000	0.05110000
0.09490000	0.02950000
0.11390000	0.03080000
0.12650000	0.03260000
0.14550000	0.04260000
0.17080000	0.03790000
0.19290000	0.02990000
0.24040000	0.02670000
0.28460000	0.02500000
0.25930000	0.02350000
0.23400000	0.02210000
0.20240000	0.02080000
0.17080000	0.03540000
0.13920000	0.03170000
0.11770000	0.02130000
0.09360000	0.01690000
0.09300000	0.01530000
0.11320000	0.01440000
0.08920000	0.01350000
0.10120000	0.01270000
0.10820000	0.01200000
0.10180000	0.01180000
0.08980000	0.01100000
0.08350000	0.01010000
0.08100000	0.01050000
0.08160000	0.01740000
0.08540000	0.01560000
0.08480000	0.01330000
0.07840000	0.01010000
0.07150000	0.00760000
0.07080000	0.00670000
0.07080000	0.00630000
0.06520000	0.01140000
0.06520000	0.00680000
0.06200000	0.00150000
0.06140000	0.00020000
0.06520000	0.00000000
0.06390000	0.00000000
0.07080000	0.00940000
0.06890000	0.01980000
0.06070000	0.01100000
0.06010000	0.00240000
0.06140000	0.00030000
0.06450000	0.00000000
0.06890000	0.00000000
0.07270000	0.00000000
0.07530000	0.00740000
0.07460000	0.00570000
0.07780000	0.01140000
0.07650000	0.01210000
0.06520000	0.01440000
0.06260000	0.01370000
0.05820000	0.00710000
0.05120000	0.00200000
0.05500000	0.01060000
0.05630000	0.01590000
0.05440000	0.01750000
0.05500000	0.00870000
0.05250000	0.00190000
0.05760000	0.00030000
0.05760000	0.00000000
0.06010000	0.00000000
0.06140000	0.00000000
0.06140000	0.00830000
0.06390000	0.02220000
0.07080000	0.01530000
0.06830000	0.00530000
0.06890000	0.00150000
0.06140000	0.02280000
0.06200000	0.01650000
0.06390000	0.00380000
0.06260000	0.00050000
0.06450000	0.00010000
0.06960000	0.00000000
0.06640000	0.00000000
0.06520000	0.00000000
0.06330000	0.00000000
0.06390000	0.00000000
0.06200000	0.00000000
0.05950000	0.00220000
0.05880000	0.00160000
0.06070000	0.00650000
0.06710000	0.01300000
0.04170000	0.00720000
0.05060000	0.00160000
0.05060000	0.00020000
0.05120000	0.00000000
0.05060000	0.00000000
0.04740000	0.00000000
0.04930000	0.00000000
0.05190000	0.00000000
0.05000000	0.00000000
0.05120000	0.00000000
0.05820000	0.00000000
0.06890000	0.00000000
0.05000000	0.00000000
0.04490000	0.00010000
0.04810000	0.00000000
0.04740000	0.00000000
0.04430000	0.00660000
0.04490000	0.00480000
0.04430000	0.00110000
0.03860000	0.00020000
0.03920000	0.00000000
0.03990000	0.00000000
0.03990000	0.00000000
0.04360000	0.02570000
0.05440000	0.01880000
0.05310000	0.00980000
0.04740000	0.00460000
0.04110000	0.00100000
0.04740000	0.00010000
0.04680000	0.00040000
0.04240000	0.00020000
0.03860000	0.01280000
0.04430000	0.00930000
0.04490000	0.01820000
0.05820000	0.01200000
0.04110000	0.00270000
0.02910000	0.00040000
0.03290000	0.00000000
0.03290000	0.00000000
0.03160000	0.00000000
0.02970000	0.00000000
0.03540000	0.00000000
0.05440000	0.00700000
0.09050000	0.05850000
0.14360000	0.05440000
0.07080000	0.01960000
0.05250000	0.00530000
0.03350000	0.00550000
0.03540000	0.00310000
0.03800000	0.00070000
0.03670000	0.00010000
0.03610000	0.00000000
0.03350000	0.00000000
0.03230000	0.00000000
0.03100000	0.00000000
0.04050000	0.00000000
0.02590000	0.00000000
0.02720000	0.00070000
0.03230000	0.00190000
0.03990000	0.00110000
0.03420000	0.00030000
0.03350000	0.00000000
0.02780000	0.00000000
0.03420000	0.00000000
0.02780000	0.00000000
0.02720000	0.00020000
0.03350000	0.00010000
0.01520000	0.00000000
0.02470000	0.00000000
0.02400000	0.00660000
0.02530000	0.00520000
0.02400000	0.00130000
0.02590000	0.01550000
0.02590000	0.01120000
0.03040000	0.00260000
0.03800000	0.01080000
0.03230000	0.00760000
0.02720000	0.01130000
0.02400000	0.00920000
0.02660000	0.00340000
0.02720000	0.00610000
0.02470000	0.00400000
0.02590000	0.00090000
0.02470000	0.00010000
0.02530000	0.00000000
0.02530000	0.00000000
0.02400000	0.00360000
0.02970000	0.00260000
0.03230000	0.00060000
0.02780000	0.00010000
0.03420000	0.00000000
0.02850000	0.00000000
0.06830000	0.00000000
0.03540000	0.00000000
0.05000000	0.00000000
0.02970000	0.02240000
0.03230000	0.01630000
0.03480000	0.00380000
0.03100000	0.00970000
0.03160000	0.01660000
0.03350000	0.02430000
0.04810000	0.05910000
0.04870000	0.03810000
0.04300000	0.00940000
0.03860000	0.00140000
0.03480000	0.00020000
0.03480000	0.00000000
0.03350000	0.00000000
0.03290000	0.00000000
0.03040000	0.00000000
0.02660000	0.00000000
0.03480000	0.03060000
0.10060000	0.60840000
0.07650000	0.48200000
0.04300000	0.19470000
0.02280000	0.12170000
0.02020000	0.10600000
0.02150000	0.09870000
0.01960000	0.09290000
0.01900000	0.08740000
0.02020000	0.08230000
0.03100000	0.07740000
0.01640000	0.07710000
0.02850000	0.07170000
0.02970000	0.06520000
0.02910000	0.06080000
0.03040000	0.05710000
0.03290000	0.05380000
0.03420000	0.07110000
0.03860000	0.06260000
0.03990000	0.04830000
0.03990000	0.04260000
0.03990000	0.03970000
0.04050000	0.03730000
0.04110000	0.03510000
0.04240000	0.03300000
0.04300000	0.03110000
0.04430000	0.03260000
0.04490000	0.03000000
0.04620000	0.02650000
0.04680000	0.02450000
0.04620000	0.02300000
0.04740000	0.02160000
0.04620000	0.02030000
0.04680000	0.01910000
0.04360000	0.01800000
0.04550000	0.01690000
0.04810000	0.02270000
0.04810000	0.01990000
0.04930000	0.02720000
0.05000000	0.02980000
0.05060000	0.02020000
0.05000000	0.01480000
0.04930000	0.01230000
0.05060000	0.01070000
0.05000000	0.00980000
0.05000000	0.01130000
0.04930000	0.01660000
0.04930000	0.01620000
0.04930000	0.01100000
0.04680000	0.00790000
0.04490000	0.00690000
0.05380000	0.00640000
0.03540000	0.00600000
0.04620000	0.00570000
0.04680000	0.00530000
0.05120000	0.00500000
0.05250000	0.00470000
0.04110000	0.00450000
0.04930000	0.00420000
0.06260000	0.00390000
0.06140000	0.00370000
0.05630000	0.00350000
0.05630000	0.00330000
0.05690000	0.00310000
0.05690000	0.00290000
0.05630000	0.00270000
0.07150000	0.00260000
0.04680000	0.00240000
0.04430000	0.00240000
0.05060000	0.00230000
0.04550000	0.00220000
0.05060000	0.00920000
0.05690000	0.00790000
0.06330000	0.00350000
0.06580000	0.00190000
0.06890000	0.00150000
0.07400000	0.00140000
0.07150000	0.00980000
0.07080000	0.00740000
0.06140000	0.00260000
0.07080000	0.00130000
0.05630000	0.00110000
0.05380000	0.00110000
0.05060000	0.00110000
0.04740000	0.00100000
0.04550000	0.00100000
0.04430000	0.00090000
0.04300000	0.00090000
0.04110000	0.00080000
0.03920000	0.00080000
0.03670000	0.00070000
0.03480000	0.00070000
0.03350000	0.00070000
0.03160000	0.00060000
0.03160000	0.00060000
0.03480000	0.00230000
0.03800000	0.01270000
0.04430000	0.01970000
0.04740000	0.02830000
0.05060000	0.02090000
0.05060000	0.00750000
0.04740000	0.00170000
0.04430000	0.00050000
0.04430000	0.00030000
0.04550000	0.00130000
0.04550000	0.00100000
0.04430000	0.00040000
0.04430000	0.00020000
0.04430000	0.00020000
0.04550000	0.00020000
0.04810000	0.00020000
0.05060000	0.00020000
0.05380000	0.00020000
0.05690000	0.00010000
0.05380000	0.00010000
0.05060000	0.00010000
0.05060000	0.00010000
0.05310000	0.00010000
0.05690000	0.00010000
0.05570000	0.00010000
0.05380000	0.00010000
0.05380000	0.00010000
0.05500000	0.00010000
0.05380000	0.00010000
0.05570000	0.00010000
0.05690000	0.00010000
0.05820000	0.00220000
0.06010000	0.00180000
0.05820000	0.00360000
0.05690000	0.00240000
0.05690000	0.00070000
0.05820000	0.00040000
0.06010000	0.00030000
0.05760000	0.00020000
0.05570000	0.00020000
0.05250000	0.00020000
0.05310000	0.00020000
0.05440000	0.00120000
0.05690000	0.00090000
0.05950000	0.00020000
0.06070000	0.00010000
0.06200000	0.00000000
0.06330000	0.00000000
0.06640000	0.00000000
0.06830000	0.00000000
0.06830000	0.00000000
0.06140000	0.00010000
0.05690000	0.00020000
0.05690000	0.00020000
0.05820000	0.00020000
0.05950000	0.00020000
0.06070000	0.00020000
0.07910000	0.00020000
0.11390000	0.00020000
0.15810000	0.00450000
0.12650000	0.01440000
0.10820000	0.02870000
0.09170000	0.02370000
0.09550000	0.01040000
0.08160000	0.00830000
0.07400000	0.00450000
0.07150000	0.00100000
0.06960000	0.00250000
0.07590000	0.00170000
0.05570000	0.00040000
0.06330000	0.00010000
0.06580000	0.00000000
0.06830000	0.00350000
0.07210000	0.00310000
0.06770000	0.00120000
0.06640000	0.00940000
0.07020000	0.03770000
0.07650000	0.74780000
0.08100000	0.95100000
0.08540000	0.50650000
0.09240000	0.22990000
0.08980000	0.16600000
0.09110000	0.17390000
0.09610000	0.19870000
0.09050000	0.19870000
0.09110000	0.19460000
0.08600000	0.18840000
0.08600000	0.17860000
0.09240000	0.17110000
0.09990000	0.16040000
0.10250000	0.14950000
0.09550000	0.14040000
0.09430000	0.13210000
0.09110000	0.13820000
0.09610000	0.13030000
0.10880000	0.11470000
0.11260000	0.10430000
0.11200000	0.09740000
0.11260000	0.09160000
0.11770000	0.08620000
0.11640000	0.08110000
0.11580000	0.07630000
0.12590000	0.07180000
0.11200000	0.06760000
0.10750000	0.06360000
0.10310000	0.05980000
0.09170000	0.05630000
0.08980000	0.05490000
0.08480000	0.05120000
0.08290000	0.04720000
0.08160000	0.04470000
0.07970000	0.04190000
0.07720000	0.03920000
0.07590000	0.03680000
0.08540000	0.03460000
0.08290000	0.03260000
0.07970000	0.03060000
0.08220000	0.02880000
0.08410000	0.02710000
0.07530000	0.02550000
0.07340000	0.02410000
0.06830000	0.03050000
0.08730000	0.04710000
0.07210000	0.05840000
0.08410000	0.04390000
0.07460000	0.04330000
0.07150000	0.04780000
0.06330000	0.03480000
0.06070000	0.02070000
0.05820000	0.01500000
0.05820000	0.01320000
0.05820000	0.01400000
0.06070000	0.01670000
0.07080000	0.01410000
0.05380000	0.01100000
0.06010000	0.02430000
0.06390000	0.02040000
0.06140000	0.01150000
0.06200000	0.02240000
0.06830000	0.02900000
0.06580000	0.01960000
0.07400000	0.03300000
0.07150000	0.05150000
0.07460000	0.03380000
0.07840000	0.01340000
0.07530000	0.00660000
0.15500000	0.07300000
0.22200000	0.07610000
0.11200000	0.07230000
0.11260000	0.06880000
0.10500000	0.06110000
0.13410000	0.10370000
0.18410000	0.95210000
0.20180000	0.78690000
0.16700000	0.35530000
0.14610000	0.21560000
0.15120000	0.18150000
0.13470000	0.16960000
0.12080000	0.15490000
0.18150000	0.17590000
0.21820000	0.51030000
0.20300000	0.47770000
0.17710000	0.28980000
0.14680000	0.21230000
0.14930000	0.19560000
0.20870000	0.20880000
0.22010000	0.18740000
0.17270000	0.16080000
0.16510000	0.14720000
0.12900000	0.13780000
0.13220000	0.12980000
0.13090000	0.12510000
0.12590000	0.11830000
0.14040000	0.13240000
0.66420000	0.24460000
0.54340000	0.21250000
0.17580000	0.16350000
0.11580000	0.15220000
0.10560000	0.14390000
0.13280000	0.15120000
0.14230000	0.14570000
0.12400000	0.12760000
0.10370000	0.11450000
0.10500000	0.10650000
0.10880000	0.10010000
0.10820000	0.09420000
0.09740000	0.08860000
0.10180000	0.08340000
0.09170000	0.07850000
0.08790000	0.07380000
0.08350000	0.06950000
0.07650000	0.06540000
0.07150000	0.06400000
0.07460000	0.05970000
0.07020000	0.05490000
0.06200000	0.05130000
0.18470000	0.08030000
0.07080000	0.07540000
0.13730000	0.13300000
0.11320000	0.11130000
0.08290000	0.05940000
0.06580000	0.03940000
0.06010000	0.03400000
0.05760000	0.03150000
0.05690000	0.03130000
0.05500000	0.02930000
0.05380000	0.04170000
0.05310000	0.05630000
0.06520000	0.04370000
0.04360000	0.07910000
0.07840000	0.07370000
0.07460000	0.03890000
0.06770000	0.02360000
0.06200000	0.02040000
0.05950000	0.01900000
0.05690000	0.01790000
0.06260000	0.03360000
0.08860000	0.02810000
0.06450000	0.01770000
0.05950000	0.01440000
0.05820000	0.01330000
0.06390000	0.04370000
0.06580000	0.03450000
0.06330000	0.01630000
0.06070000	0.01110000
0.06070000	0.00980000
0.05950000	0.00920000
0.05570000	0.00860000
0.07080000	0.00810000
0.07150000	0.00760000
0.07460000	0.01530000
0.06640000	0.02440000
0.06260000	0.01630000
0.05950000	0.00820000
0.05570000	0.00590000
0.05440000	0.00530000
0.05060000	0.00500000
0.05250000	0.01100000
0.05630000	0.01010000
0.05380000	0.00600000
0.05000000	0.00430000
0.05190000	0.02300000
0.06390000	0.02320000
0.05570000	0.01060000
0.04490000	0.00450000
0.03990000	0.00310000
0.04430000	0.00270000
0.04620000	0.00260000
0.04550000	0.00240000
0.04430000	0.00230000
0.05190000	0.00210000
0.03730000	0.00200000
0.03480000	0.00190000
0.04050000	0.00180000
0.04170000	0.00170000
0.05000000	0.00160000
0.05120000	0.00150000
0.05310000	0.00070000
0.05440000	0.00010000
0.05120000	0.00000000
0.05380000	0.00000000
0.05380000	0.00000000
0.05250000	0.00000000
0.04870000	0.00000000
0.04810000	0.00000000
0.04870000	0.00000000
0.05060000	0.00000000
0.05190000	0.00810000
0.05690000	0.02010000
0.06640000	0.02030000
0.04550000	0.01620000
0.04550000	0.00720000
0.04550000	0.00150000
0.04300000	0.00020000
0.04300000	0.00000000
0.04170000	0.00000000
0.04050000	0.00000000
0.04050000	0.00000000
0.03990000	0.00000000
0.03920000	0.00080000
0.04110000	0.00060000
0.04170000	0.00010000
0.04240000	0.00000000
0.04050000	0.00000000
0.04110000	0.00000000
0.03990000	0.00000000
0.03990000	0.00000000
0.04110000	0.00060000
0.04430000	0.01680000
0.04550000	0.01200000
0.04810000	0.00280000
0.03990000	0.00040000
0.04110000	0.00000000
0.05060000	0.00540000
0.03480000	0.00390000
0.03670000	0.00090000
0.03990000	0.00010000
0.04050000	0.00580000
0.04170000	0.00670000
0.03920000	0.00270000
0.04930000	0.01760000
0.06260000	0.01250000
0.06520000	0.00290000
0.05950000	0.00040000
0.06260000	0.00000000
0.06200000	0.00000000
0.05690000	0.00000000
0.05120000	0.00000000
0.05380000	0.00000000
0.03420000	0.00000000
0.04360000	0.00000000
0.04360000	0.00000000
0.04170000	0.00000000
0.04300000	0.00000000
0.04360000	0.00240000
0.04740000	0.00220000
0.04810000	0.00080000
0.04930000	0.00030000
0.04680000	0.00020000
0.04930000	0.00020000
0.04870000	0.02820000
0.03420000	0.02270000
0.04360000	0.00630000
0.04300000	0.00100000
0.04240000	0.00010000
0.04240000	0.00000000
0.04360000	0.00000000
0.04170000	0.00000000
0.04110000	0.00000000
0.04240000	0.00000000
0.04300000	0.00000000
0.05630000	0.00000000
0.03730000	0.00000000
0.04870000	0.00000000
0.04930000	0.00000000
0.05250000	0.00000000
0.05570000	0.00000000
0.05060000	0.00000000
0.04430000	0.00000000
0.03800000	0.00000000
0.03480000	0.00000000
0.03800000	0.00000000
0.03800000	0.00000000
0.03800000	0.00000000
0.03800000	0.00000000
0.04110000	0.00000000
0.04430000	0.00000000
0.04430000	0.00000000
0.04110000	0.00000000
0.04300000	0.00000000
0.04430000	0.00000000
0.04550000	0.00000000
0.04740000	0.00000000
0.04430000	0.00000000
0.04110000	0.00000000
0.03800000	0.00000000
0.03800000	0.00010000
0.03800000	0.00010000
0.03800000	0.00010000
0.03800000	0.00010000
0.03800000	0.00010000
0.03160000	0.00010000
0.02530000	0.00010000
0.02400000	0.00010000
0.02850000	0.00010000
0.03160000	0.00010000
0.03800000	0.00010000
0.03480000	0.00010000
0.03800000	0.00010000
0.04430000	0.00010000
0.04110000	0.00010000
0.03800000	0.00010000
0.04110000	0.00010000
0.04740000	0.00010000
0.04430000	0.00010000
0.04110000	0.00010000
0.04110000	0.00010000
0.04430000	0.00010000
0.04110000	0.00010000
0.04430000	0.00010000
0.04740000	0.00010000
0.04430000	0.00010000
0.05060000	0.00010000
0.05060000	0.00010000
0.05060000	0.00010000
0.05380000	0.00010000
0.05690000	0.00590000
0.06010000	0.00760000
0.06330000	0.00420000
0.06010000	0.00140000
0.06010000	0.00750000
0.06330000	0.01580000
0.06010000	0.00950000
0.05690000	0.00250000
0.05820000	0.00050000
0.06010000	0.00020000
0.05690000	0.00020000
0.05380000	0.00020000
0.05060000	0.00020000
0.05060000	0.00020000
0.05060000	0.00020000
0.04930000	0.00020000
0.04740000	0.00020000
0.04930000	0.00020000
0.05060000	0.01470000
0.05380000	0.02390000
0.06010000	0.01210000
0.06330000	0.00260000
0.06960000	0.00040000
0.07590000	0.00000000
0.07270000	0.00000000
0.07590000	0.00000000
0.07910000	0.00000000
0.07590000	0.00000000
0.07270000	0.00000000
0.06960000	0.00000000
0.07270000	0.00000000
0.06960000	0.00000000
0.06640000	0.00000000
0.06640000	0.00000000
0.06960000	0.01390000
0.06640000	0.01030000
0.06450000	0.00250000
0.06640000	0.00050000
0.06960000	0.03030000
0.07590000	0.02870000
0.07270000	0.01290000
0.07270000	0.00460000
0.07270000	0.00130000
0.07270000	0.00040000
0.07270000	0.00020000
0.07590000	0.01420000
0.08220000	0.01410000
0.07910000	0.00550000
0.07590000	0.00130000
0.09490000	0.01140000
0.11390000	0.00820000
0.10120000	0.00190000
0.08290000	0.00030000
0.07270000	0.00000000
0.07080000	0.00000000
0.06330000	0.00000000
0.06770000	0.00000000
0.07080000	0.01090000
0.07210000	0.00800000
0.06520000	0.00200000
0.07210000	0.00040000
0.05630000	0.00020000
0.06520000	0.01410000
0.06640000	0.01030000
0.06710000	0.00240000
0.06830000	0.01740000
0.07910000	0.02090000
0.07970000	0.01160000
0.08220000	0.00440000
0.07970000	0.00120000
0.07840000	0.00020000
0.07650000	0.00000000
0.07210000	0.00000000
0.06770000	0.00000000
0.07020000	0.00000000
0.07270000	0.00000000
0.06710000	0.00000000
0.06960000	0.00000000
0.07150000	0.00000000
0.07020000	0.00000000
0.07020000	0.00000000
0.07150000	0.00000000
0.07460000	0.00000000
0.08350000	0.00000000
0.08730000	0.00000000
0.08860000	0.00480000
0.08860000	0.00350000
0.09870000	0.04620000
0.12400000	0.04490000
0.11200000	0.04150000
0.11130000	0.04530000
0.09870000	0.02820000
0.09430000	0.02750000
0.09110000	0.03240000
0.09170000	0.03230000
0.09740000	0.07640000
0.10560000	0.08350000
0.09800000	0.08590000
0.09490000	0.08960000
0.09430000	0.08650000
0.09430000	0.08170000
0.09240000	0.07690000
0.10120000	0.08510000
0.09610000	0.08420000
0.09610000	0.07120000
0.09360000	0.06620000
0.09170000	0.06570000
0.07780000	0.05820000
0.08160000	0.05130000
0.09680000	0.11390000
0.11830000	0.09300000
0.09110000	0.07480000
0.08730000	0.07740000
0.09490000	0.07790000
0.09680000	0.07340000
0.10560000	0.06760000
0.11700000	0.06310000
0.13600000	0.05930000
0.13410000	0.05580000
0.11580000	0.05250000
0.14930000	0.04940000
0.14170000	0.07090000
0.29220000	0.38940000
0.71480000	1.06500000
0.40610000	0.77210000
0.23340000	0.33740000
0.19610000	0.21040000
0.16830000	0.18090000
0.18530000	0.18840000
0.19800000	0.18380000
0.19290000	0.16720000
0.19550000	0.14750000
0.18660000	0.13320000
0.18720000	0.14560000
0.24100000	0.19440000
0.44150000	0.55680000
0.46050000	0.53000000
0.31750000	0.31810000
0.38210000	0.32990000
0.47380000	0.29930000
0.73380000	0.75770000
1.40430000	2.45190000
0.80970000	2.01190000
0.45290000	1.40730000
0.34660000	1.10800000
0.31560000	0.72690000
0.30110000	0.55050000
0.47500000	0.49550000
0.36750000	0.44540000
0.25240000	0.40720000
0.23720000	0.38050000
0.28340000	0.39380000
0.40610000	0.36310000
0.26440000	0.32290000
0.21440000	0.29910000
0.18340000	0.28070000
0.17270000	0.26390000
0.15690000	0.24830000
0.15240000	0.23370000
0.15560000	0.22480000
0.13790000	0.21340000
0.13090000	0.19770000
0.12840000	0.18380000
0.12140000	0.17250000
0.12080000	0.16900000
0.11070000	0.16080000
0.11390000	0.16510000
0.12590000	0.15900000
0.11010000	0.13760000
0.10750000	0.12180000
0.10560000	0.11290000
0.10630000	0.10600000
0.10370000	0.09970000
0.09300000	0.09390000
0.08540000	0.08830000
0.07780000	0.08310000
0.07400000	0.07830000
0.06890000	0.09410000
0.09680000	0.12170000
0.10630000	0.09700000
0.08600000	0.06890000
0.05120000	0.05880000
0.05310000	0.05440000
0.04930000	0.05110000
0.04810000	0.04810000
0.04680000	0.04520000
0.04360000	0.04260000
0.04110000	0.04010000
0.03860000	0.03770000
0.04050000	0.03550000
0.03860000	0.03340000
0.03990000	0.03140000
0.03730000	0.02960000
0.03800000	0.02780000
0.04240000	0.06300000
0.05190000	0.05150000
0.04360000	0.02940000
0.04430000	0.02420000
0.03610000	0.02570000
0.04240000	0.03350000
0.09800000	0.03160000
0.07400000	0.02240000
0.05440000	0.01710000
0.05190000	0.03780000
0.05500000	0.04400000
0.06390000	0.08910000
0.08220000	0.06150000
0.07020000	0.02330000
0.05690000	0.01280000
0.05190000	0.01070000
0.06260000	0.02800000
0.06390000	0.02250000
0.06830000	0.01180000
0.08540000	0.00870000
0.08350000	0.02900000
0.08600000	0.02280000
0.08600000	0.01040000
0.07720000	0.00700000
0.06960000	0.00610000
0.07840000	0.00570000
0.08030000	0.00540000
0.08350000	0.00510000
0.07400000	0.00480000
0.07530000	0.00450000
0.06890000	0.00420000
0.08290000	0.00400000
0.06520000	0.00370000
0.06140000	0.00350000
0.06140000	0.00330000
0.07270000	0.00310000
0.07910000	0.00290000
0.06200000	0.00280000
0.07150000	0.00260000
0.05380000	0.00300000
0.05950000	0.02390000
0.06770000	0.01770000
0.05950000	0.00560000
0.04680000	0.00240000
0.05000000	0.00190000
0.04170000	0.01060000
0.05630000	0.02120000
0.05820000	0.01710000
0.05820000	0.04040000
0.05630000	0.04100000
0.05950000	0.02270000
0.05950000	0.00770000
0.05950000	0.00150000
0.05950000	0.00020000
0.05820000	0.00000000
0.05310000	0.00000000
0.05630000	0.00000000
0.05630000	0.00000000
0.05820000	0.00000000
0.05950000	0.00000000
0.05950000	0.00000000
0.06640000	0.00000000
0.05950000	0.00000000
0.06640000	0.00000000
0.06260000	0.00000000
0.06260000	0.00000000
0.06200000	0.00000000
0.06070000	0.00000000
0.06890000	0.01400000
0.07080000	0.04470000
0.06770000	0.03510000
0.06010000	0.01170000
0.05190000	0.00220000
0.05380000	0.00030000
0.05630000	0.00000000
0.05820000	0.00000000
0.06640000	0.00000000
0.05570000	0.00000000
0.05440000	0.00000000
0.05880000	0.00000000
0.05440000	0.00000000
0.05190000	0.00000000
0.05500000	0.00000000
0.05250000	0.00590000
0.05500000	0.00430000
0.05500000	0.00100000
0.04870000	0.00010000
0.05190000	0.00000000
0.04740000	0.00000000
0.05250000	0.00000000
0.05760000	0.00080000
0.05000000	0.00050000
0.05500000	0.00010000
0.04490000	0.03820000
0.04490000	0.02790000
0.05120000	0.00660000
0.03800000	0.00110000
0.04110000	0.00030000
0.03920000	0.00010000
0.03540000	0.00010000
0.04110000	0.00010000
0.05190000	0.00010000
0.05690000	0.00010000
0.05060000	0.00010000
0.06200000	0.00010000
0.08860000	0.02500000
0.10750000	0.03230000
0.09490000	0.02990000
0.10690000	0.02100000
0.11450000	0.00800000
0.10440000	0.00940000
0.09430000	0.01340000
0.08860000	0.01370000
0.08980000	0.02000000
0.08540000	0.01920000
0.08350000	0.01550000
0.08350000	0.01490000
0.08730000	0.01720000
0.08220000	0.01590000
0.08920000	0.01370000
0.08730000	0.01260000
0.08290000	0.01180000
0.08100000	0.01930000
0.08860000	0.01940000
0.09050000	0.02120000
0.08600000	0.02700000
0.06830000	0.02900000
0.06330000	0.02810000
0.05440000	0.02660000
0.05060000	0.02500000
0.05060000	0.02350000
0.06200000	0.02220000
0.08220000	0.05710000
0.11390000	0.54230000
0.14550000	0.53890000
0.12970000	0.29070000
0.12970000	0.19320000
0.12900000	0.17110000
0.12900000	0.16010000
0.12650000	0.15070000
0.11700000	0.14180000
0.10250000	0.13340000
0.09490000	0.12560000
0.11070000	0.11820000
0.11010000	0.11120000
0.08980000	0.10460000
0.09360000	0.09850000
0.09300000	0.09260000
0.09740000	0.08720000
0.08410000	0.08200000
0.08220000	0.07720000
0.07840000	0.07260000
0.08410000	0.06840000
0.07910000	0.06430000
0.07340000	0.06050000
0.08160000	0.05700000
0.08350000	0.05360000
0.08480000	0.05040000
0.10180000	0.04750000
0.11010000	0.04470000
0.09990000	0.04200000
0.09490000	0.03950000
0.08220000	0.03720000
0.10120000	0.03500000
0.08030000	0.11610000
0.06960000	0.10910000
0.05570000	0.09270000
0.04930000	0.09390000
0.03670000	0.09060000
0.07530000	0.08560000
0.12590000	0.08060000
0.12650000	0.07580000
0.07400000	0.07140000
0.06010000	0.06720000
0.02850000	0.06320000
0.05380000	0.05950000
0.16950000	0.05600000
0.14740000	0.05270000
0.18660000	0.05250000
0.16890000	0.04980000
0.14230000	0.04540000
0.11130000	0.04400000
0.12650000	0.04640000
0.14490000	0.05410000
0.14490000	0.13850000
0.13090000	0.13790000
0.12460000	0.22090000
0.13540000	0.19210000
0.14930000	0.13930000
0.14420000	0.12390000
0.13600000	0.11610000
0.12840000	0.10920000
0.12210000	0.10270000
0.13730000	0.09670000
0.12210000	0.09100000
0.11580000	0.08560000
0.08790000	0.08060000
0.09800000	0.07580000
0.09680000	0.07130000
0.10750000	0.06710000
0.10120000	0.06320000
0.08540000	0.05940000
0.10180000	0.05590000
0.10750000	0.05260000
0.10940000	0.04950000
0.11510000	0.06220000
0.11580000	0.05530000
0.10820000	0.04400000
0.11070000	0.03940000
0.11260000	0.03670000
0.10060000	0.03830000
0.10690000	0.06250000
0.11890000	0.05150000
0.11130000	0.05400000
0.12020000	0.05920000
0.13160000	0.05550000
0.12330000	0.05130000
0.10940000	0.04800000
0.10820000	0.04520000
0.09550000	0.04250000
0.11830000	0.04000000
0.10180000	0.06220000
0.13540000	0.41350000
0.14360000	0.49300000
0.13090000	0.28060000
0.13980000	0.26520000
0.15500000	0.21970000
0.14860000	0.17620000
0.12590000	0.16670000
0.12780000	0.17740000
0.12840000	0.32780000
0.12270000	0.28380000
0.12590000	0.20820000
0.10370000	0.18730000
0.11890000	0.17580000
0.10940000	0.16540000
0.11510000	0.15580000
0.11130000	0.15420000
0.11390000	0.14340000
0.10940000	0.13100000
0.09990000	0.12230000
0.09550000	0.11490000
0.10180000	0.10810000
0.09870000	0.10170000
0.09680000	0.09570000
0.09680000	0.09010000
0.09360000	0.08470000
0.09050000	0.07970000
0.08980000	0.07500000
0.08030000	0.07060000
0.07210000	0.06640000
0.06330000	0.06250000
0.07270000	0.05880000
0.06200000	0.05540000
0.08670000	0.05210000
0.06580000	0.04900000
0.06960000	0.04610000
0.08100000	0.04340000
0.07080000	0.04090000
0.07840000	0.04940000
0.08030000	0.04430000
0.07020000	0.03880000
0.06710000	0.03440000
0.07340000	0.03180000
0.07650000	0.03080000
0.07150000	0.02800000
0.05690000	0.03120000
0.07780000	0.03630000
0.06640000	0.03430000
0.04870000	0.02840000
0.06070000	0.02240000
0.06200000	0.01910000
0.06580000	0.02200000
0.06640000	0.01970000
0.06260000	0.01620000
0.05820000	0.01460000
0.04870000	0.01370000
0.05000000	0.01290000
0.05190000	0.01210000
0.06140000	0.01140000
0.05380000	0.01070000
0.05820000	0.01010000
0.05820000	0.00950000
0.06070000	0.00890000
0.06580000	0.00840000
0.08030000	0.00790000
0.08730000	0.00740000
0.08670000	0.00700000
0.06450000	0.01640000
0.07460000	0.01340000
0.05950000	0.00750000
0.06960000	0.00570000
0.06710000	0.00520000
0.07460000	0.00490000
0.11960000	0.00610000
0.10310000	0.00540000
0.08670000	0.00430000
0.04680000	0.00380000
0.06450000	0.00360000
0.07780000	0.00340000
0.08980000	0.03480000
0.08350000	0.02610000
0.05950000	0.00810000
0.07460000	0.00720000
0.07460000	0.00530000
0.05760000	0.00400000
0.06450000	0.00300000
0.05500000	0.00230000
0.05120000	0.00200000
0.05500000	0.00180000
0.05120000	0.01750000
0.04490000	0.01350000
0.05500000	0.00450000
0.05120000	0.00450000
0.07460000	0.02910000
0.05310000	0.02800000
0.03990000	0.01230000
0.04490000	0.00390000
0.05500000	0.00150000
0.05500000	0.00110000
0.05500000	0.00090000
0.05310000	0.00090000
0.05310000	0.00080000
0.06450000	0.03300000
0.06710000	0.04750000
0.07460000	0.05920000
0.05120000	0.07960000
0.05500000	0.04230000
0.09240000	0.05040000
0.06960000	0.13580000
0.06450000	0.12540000
0.06450000	0.09590000
0.05500000	0.08470000
0.05760000	0.08130000
0.05500000	0.07530000
0.05310000	0.06890000
0.05760000	0.07480000
0.06710000	0.06830000
0.06450000	0.06830000
0.06450000	0.06080000
0.06200000	0.05920000
0.05950000	0.07440000
0.06450000	0.06160000
0.05500000	0.04580000
0.07780000	0.09170000
0.07210000	0.07500000
0.06710000	0.04370000
0.05950000	0.03420000
0.06450000	0.03710000
0.08350000	0.03790000
0.11450000	0.05060000
0.06710000	0.06760000
0.05500000	0.05930000
0.05310000	0.03660000
0.05310000	0.02420000
0.05760000	0.02060000
0.05760000	0.01910000
0.05310000	0.01790000
0.05760000	0.02270000
0.05310000	0.01460000
0.05310000	0.03470000
0.05500000	0.06200000
0.05950000	0.03410000
0.06070000	0.00760000
0.06200000	0.02800000
0.05500000	0.03510000
0.05310000	0.01570000
0.05310000	0.00740000
0.05310000	0.02410000
0.05310000	0.02400000
0.05760000	0.00960000
0.07460000	0.00190000
0.06450000	0.00630000
0.09610000	0.00450000
0.06450000	0.01150000
0.06450000	0.01130000
0.06450000	0.01560000
0.11960000	0.01190000
0.05310000	0.00410000
0.04680000	0.00080000
0.03990000	0.00010000
0.04490000	0.00820000
0.04300000	0.00600000
0.04680000	0.00140000
0.03230000	0.00020000
0.03990000	0.00000000
0.02720000	0.00000000
0.03480000	0.00010000
0.03670000	0.00010000
0.03860000	0.00000000
0.04810000	0.00000000
0.05760000	0.00000000
0.03860000	0.00000000
0.04300000	0.03180000
0.04810000	0.03410000
0.04870000	0.02670000
0.05000000	0.04350000
0.04930000	0.02770000
0.04680000	0.00740000
0.05000000	0.00120000
0.04110000	0.00010000
0.03860000	0.00000000
0.03920000	0.00610000
0.04300000	0.00450000
0.03920000	0.00110000
0.04300000	0.00020000
0.05880000	0.04480000
0.07080000	0.03270000
0.06710000	0.03800000
0.05190000	0.02330000
0.04810000	0.00530000
0.04490000	0.00070000
0.04240000	0.00010000
0.05120000	0.00000000
0.05880000	0.00000000
0.06640000	0.00000000
0.07210000	0.00530000
0.07150000	0.00390000
0.06640000	0.00090000
0.02530000	0.00010000
0.05950000	0.00000000
0.05120000	0.00000000
0.05690000	0.00000000
0.05570000	0.00000000
0.06140000	0.00000000
0.05630000	0.00000000
0.04740000	0.00000000
0.05190000	0.00000000
0.03610000	0.00000000
0.04300000	0.00000000
0.03730000	0.00000000
0.05880000	0.00000000
0.06070000	0.00000000
0.06200000	0.00000000
0.06890000	0.00000000
0.06140000	0.00000000
0.05440000	0.00000000
0.05250000	0.00000000
0.04810000	0.00660000
0.04240000	0.00740000
0.03990000	0.00300000
0.03350000	0.00150000
0.03350000	0.00070000
0.05310000	0.00020000
0.05190000	0.00000000
0.04240000	0.00000000
0.03920000	0.00000000
0.03670000	0.00000000
0.03920000	0.00000000
0.03800000	0.00000000
0.03610000	0.00000000
0.04170000	0.00000000
0.05570000	0.00000000
0.07650000	0.00000000
0.07910000	0.00000000
0.07460000	0.00000000
0.07020000	0.00000000
0.06140000	0.00000000
0.06960000	0.00000000
0.07080000	0.00000000
0.07080000	0.00000000
0.09240000	0.00000000
0.10880000	0.01550000
0.11830000	0.03560000
0.09990000	0.02040000
0.09800000	0.00460000
0.09050000	0.00080000
0.08670000	0.00020000
0.12140000	0.00010000
0.11200000	0.00010000
0.08540000	0.01870000
0.08290000	0.01360000
0.09680000	0.00310000
0.07910000	0.00050000
0.07590000	0.00010000
0.07530000	0.00000000
0.08540000	0.00000000
0.09300000	0.00000000
0.08730000	0.00000000
0.07840000	0.00000000
0.07590000	0.00000000
0.08350000	0.00000000
0.05380000	0.00000000
0.07460000	0.00000000
0.05060000	0.00000000
0.04550000	0.00010000
0.06200000	0.00010000
0.06390000	0.00010000
0.04240000	0.00010000
0.04050000	0.00010000
0.04810000	0.00010000
0.05690000	0.00010000
0.05380000	0.00010000
0.05060000	0.00010000
0.06330000	0.00010000
0.05690000	0.00010000
0.05060000	0.00010000
0.04430000	0.00010000
0.03800000	0.00010000
0.03800000	0.00010000
0.03800000	0.00010000
0.04490000	0.00010000
0.05380000	0.00010000
0.06330000	0.00120000
0.07590000	0.00130000
0.06960000	0.00070000
0.06330000	0.00030000
0.05690000	0.00020000
0.05690000	0.00020000
0.05690000	0.00020000
0.05690000	0.00020000
0.05060000	0.00020000
0.05440000	0.00020000
0.05820000	0.00020000
0.06330000	0.00020000
0.06960000	0.00020000
0.06330000	0.00020000
0.06960000	0.00010000
0.07590000	0.00010000
0.07270000	0.00010000
0.06830000	0.00000000
0.06330000	0.00000000
0.05690000	0.00000000
0.05060000	0.00000000
0.04430000	0.00000000
0.05060000	0.00000000
0.05690000	0.00000000
0.05570000	0.00000000
0.05380000	0.00010000
0.05190000	0.00010000
0.05060000	0.00010000
0.04810000	0.00020000
0.04680000	0.00020000
0.04430000	0.00020000
0.04300000	0.00020000
0.04110000	0.00020000
0.03920000	0.00020000
0.03800000	0.00020000
0.04050000	0.00020000
0.04240000	0.00020000
0.04430000	0.00020000
0.04740000	0.00020000
0.05060000	0.00020000
0.05310000	0.00020000
0.05630000	0.00020000
0.05950000	0.00020000
0.06330000	0.00020000
0.06330000	0.00020000
0.06330000	0.00020000
0.06960000	0.00600000
0.08220000	0.02140000
0.09490000	0.01720000
0.07590000	0.00630000
0.08860000	0.00160000
0.10120000	0.01160000
0.11390000	0.02270000
0.12650000	0.02490000
0.12330000	0.01660000
0.12020000	0.00680000
0.11640000	0.00430000
0.11390000	0.00550000
0.11390000	0.00540000
0.11260000	0.00260000
0.11260000	0.00120000
0.10440000	0.00070000
0.09490000	0.00030000
0.08220000	0.00020000
0.07590000	0.00020000
0.06960000	0.00020000
0.06330000	0.00020000
0.06010000	0.00020000
0.05690000	0.00020000
0.05880000	0.00020000
0.06140000	0.00010000
0.06330000	0.00010000
0.06330000	0.00010000
0.06330000	0.00020000
0.06330000	0.00020000
0.06330000	0.00020000
0.06330000	0.00020000
0.06330000	0.00020000
0.06640000	0.00020000
0.06960000	0.00010000
0.07270000	0.00010000
0.07590000	0.00010000
0.08220000	0.00010000
0.08540000	0.00010000
0.08860000	0.00020000
0.44280000	0.00100000
0.94880000	0.02610000
0.64520000	0.03740000
0.40170000	0.03660000
0.26820000	0.02040000
0.19670000	0.01360000
0.16950000	0.01360000
0.12780000	0.01300000
0.14360000	0.01220000
0.15310000	0.02070000
0.16130000	0.02490000
0.19100000	0.01820000
0.14230000	0.01200000
0.13160000	0.01310000
0.14680000	0.02410000
0.16070000	0.02800000
0.15500000	0.02720000
0.17140000	0.03170000
0.17270000	0.03990000
0.16190000	0.04380000
0.16260000	0.04300000
0.16950000	0.04080000
0.15500000	0.04570000
0.15940000	0.06010000
0.14740000	0.05230000
0.13980000	0.04340000
0.13540000	0.03530000
0.13280000	0.03570000
0.12590000	0.03140000
0.12460000	0.02620000
0.11580000	0.02380000
0.12140000	0.03630000
0.13920000	0.03650000
0.14420000	0.38720000
0.13790000	0.38790000
0.13920000	0.21500000
0.13660000	0.14070000
0.11960000	0.11680000
0.11580000	0.19810000
0.13980000	0.30190000
0.13790000	0.35050000
0.12140000	0.28470000
0.11200000	0.23820000
0.10820000	0.21880000
0.11390000	0.22690000
0.13030000	0.20970000
0.15690000	0.21570000
0.12970000	0.20150000
0.11010000	0.19830000
0.10440000	0.19890000
0.09680000	0.19030000
0.09110000	0.17870000
0.08100000	0.16770000
0.07970000	0.16960000
0.08350000	0.16290000
0.12780000	0.17970000
0.40610000	0.18630000
0.22840000	0.15060000
0.11390000	0.13650000
0.09550000	0.13430000
0.08860000	0.12810000
0.09110000	0.16670000
0.11890000	0.26120000
0.16640000	0.36280000
0.13660000	0.27980000
0.11640000	0.19460000
0.10060000	0.16800000
0.09170000	0.15570000
0.08790000	0.14630000
0.08670000	0.13760000
0.10370000	0.13640000
0.09930000	0.12710000
0.08540000	0.11600000
0.08220000	0.10810000
0.07720000	0.10240000
0.07530000	0.09620000
0.07020000	0.09010000
0.07080000	0.08460000
0.07150000	0.08760000
0.07210000	0.08080000
0.07460000	0.07180000
0.05880000	0.06650000
0.04870000	0.06250000
0.03730000	0.05880000
0.05820000	0.05530000
0.05000000	0.05210000
0.05000000	0.04920000
0.04620000	0.06610000
0.05120000	0.06740000
0.05570000	0.06550000
0.06200000	0.07920000
0.05760000	0.05940000
0.04870000	0.03970000
0.06390000	0.10090000
0.08790000	0.08480000
0.06330000	0.04370000
0.06200000	0.02930000
0.06070000	0.02540000
0.06010000	0.02360000
0.05690000	0.02940000
0.05380000	0.02610000
0.05060000	0.02090000
0.04930000	0.02700000
0.09930000	0.07980000
0.16830000	0.43920000
0.21250000	0.86270000
0.14300000	0.54430000
0.08670000	0.22580000
0.08920000	0.16330000
0.07720000	0.16270000
0.08480000	0.17500000
0.09300000	0.14540000
0.07970000	0.12970000
0.07400000	0.12680000
0.08920000	0.12340000
0.08790000	0.12470000
0.07910000	0.11970000
0.06960000	0.12390000
0.06770000	0.12010000
0.08290000	0.12090000
0.07910000	0.10120000
0.07080000	0.08410000
0.07080000	0.07730000
0.06890000	0.07230000
0.06390000	0.06950000
0.05950000	0.06420000
0.06960000	0.06840000
0.04740000	0.06190000
0.04550000	0.05330000
0.05380000	0.07820000
0.05500000	0.06720000
0.05500000	0.05060000
0.05440000	0.04310000
0.05380000	0.05000000
0.05570000	0.04430000
0.05690000	0.03570000
0.05630000	0.03210000
0.09240000	0.05950000
0.09360000	0.04970000
0.06580000	0.04150000
0.06260000	0.04790000
0.06330000	0.07710000
0.07400000	0.08180000
0.06710000	0.06640000
0.08480000	0.03870000
0.07080000	0.02980000
0.06520000	0.03040000
0.05950000	0.02950000
0.05500000	0.02790000
0.06960000	0.02630000
0.05630000	0.02470000
0.06010000	0.02320000
0.06140000	0.02190000
0.06450000	0.02060000
0.06770000	0.03710000
0.06830000	0.03120000
0.06770000	0.02010000
0.05570000	0.01660000
0.06580000	0.01910000
0.07080000	0.01800000
0.07590000	0.03250000
0.07590000	0.02590000
0.08350000	0.01490000
0.15370000	0.08020000
0.12840000	0.06830000
0.09990000	0.02710000
0.07780000	0.01230000
0.07150000	0.01010000
0.07210000	0.00900000
0.07270000	0.00790000
0.07270000	0.00730000
0.06770000	0.00690000
0.06640000	0.00650000
0.07340000	0.03610000
0.07910000	0.02780000
0.07650000	0.01060000
0.07210000	0.00580000
0.07590000	0.00500000
0.07210000	0.00460000
0.06710000	0.00430000
0.06830000	0.00400000
0.06710000	0.00380000
0.06390000	0.00350000
0.06640000	0.03490000
0.08030000	0.03650000
0.07080000	0.01580000
0.06710000	0.00530000
0.06710000	0.00290000
0.06710000	0.00160000
0.06830000	0.00050000
0.08600000	0.00010000
0.06770000	0.01700000
0.06390000	0.01240000
0.06960000	0.00290000
0.06770000	0.00040000
0.06890000	0.00100000
0.07970000	0.00980000
0.09800000	0.09480000
0.11450000	0.06760000
0.08860000	0.03770000
0.07780000	0.03800000
0.07340000	0.03730000
0.07340000	0.04110000
0.07270000	0.03750000
0.07080000	0.03230000
0.07080000	0.02960000
0.07400000	0.02780000
0.07020000	0.02610000
0.07590000	0.02460000
0.06770000	0.02310000
0.06890000	0.02170000
0.06960000	0.02050000
0.07210000	0.01930000
0.07780000	0.01810000
0.07210000	0.01710000
0.07840000	0.01600000
0.08410000	0.04230000
0.08410000	0.03420000
0.07530000	0.02740000
0.07460000	0.02600000
0.06710000	0.01780000
0.06580000	0.01240000
0.06580000	0.01060000
0.06450000	0.00990000
0.06640000	0.02840000
0.06580000	0.03490000
0.07270000	0.02040000
0.08790000	0.01030000
0.09170000	0.01110000
0.09110000	0.00940000
0.08540000	0.00700000
0.08980000	0.00610000
0.09550000	0.00570000
0.09800000	0.00540000
0.09800000	0.00510000
0.09490000	0.00480000
0.08410000	0.00450000
0.08670000	0.00420000
0.07650000	0.00400000
0.07080000	0.00370000
0.07080000	0.00350000
0.07150000	0.00330000
0.07400000	0.00310000
0.07530000	0.00290000
0.07210000	0.00280000
0.05630000	0.00270000
0.07020000	0.00260000
0.06330000	0.00430000
0.06770000	0.00360000
0.06640000	0.00240000
0.07270000	0.00200000
0.07150000	0.03320000
0.07840000	0.02470000
0.08540000	0.00700000
0.08290000	0.00240000
0.08540000	0.00160000
0.09430000	0.00150000
0.08030000	0.01430000
0.08030000	0.01490000
0.08030000	0.00870000
0.07780000	0.06330000
0.07970000	0.06050000
0.07340000	0.04740000
0.05500000	0.05250000
0.04240000	0.05440000
0.04240000	0.05230000
0.04430000	0.04940000
0.05060000	0.04650000
0.05760000	0.04380000
0.06640000	0.04120000
0.08030000	0.05500000
0.09300000	0.04970000
0.10750000	0.06240000
0.12210000	0.07620000
0.12400000	0.16930000
0.11010000	0.15850000
0.09430000	0.12810000
0.09360000	0.12150000
0.11640000	0.21190000
0.12840000	0.19420000
0.12460000	0.16360000
0.13660000	0.15800000
0.13350000	0.15040000
0.12400000	0.14180000
0.11390000	0.13350000
0.10750000	0.12570000
0.10120000	0.11830000
0.09490000	0.11140000
0.08980000	0.10480000
0.08730000	0.09860000
0.08410000	0.09280000
0.08100000	0.08740000
0.07780000	0.08220000
0.07590000	0.07740000
0.08540000	0.07280000
0.09490000	0.06850000
0.09490000	0.06450000
0.07970000	0.06070000
0.07970000	0.05710000
0.08860000	0.05380000
0.11960000	0.05060000
0.11770000	0.04780000
0.11390000	0.04510000
0.11200000	0.04230000
0.11010000	0.03970000
0.10440000	0.03740000
0.08980000	0.03520000
0.07970000	0.03310000
0.07910000	0.03120000
0.07910000	0.02930000
0.09170000	0.02760000
0.10120000	0.02600000
0.10250000	0.02450000
0.10180000	0.02300000
0.10120000	0.02170000
0.09490000	0.02040000
0.09050000	0.01920000
0.08860000	0.01810000
0.08790000	0.01700000
0.08730000	0.01600000
0.08730000	0.01510000
0.08860000	0.01420000
0.09170000	0.01340000
0.09800000	0.01530000
0.10750000	0.01960000
0.10120000	0.01730000
0.09680000	0.01290000
0.09300000	0.01050000
0.08860000	0.00940000
0.08480000	0.00880000
0.08160000	0.00830000
0.07910000	0.00780000
0.07720000	0.00740000
0.07590000	0.00690000
0.07530000	0.00650000
0.07460000	0.00620000
0.07400000	0.00580000
0.07340000	0.00550000
0.07270000	0.00520000
0.07210000	0.00490000
0.07150000	0.00460000
0.07080000	0.00430000
0.07020000	0.00410000
0.06960000	0.00380000
0.07080000	0.00360000
0.10120000	0.00340000
0.18340000	0.00320000
0.30050000	0.00300000
0.44280000	0.01820000
0.63260000	0.13860000
0.65150000	0.31000000
0.46750000	0.22580000
0.33400000	0.13030000
0.27640000	0.10820000
0.19480000	0.10050000
0.15880000	0.09450000
0.12650000	0.08900000
0.10120000	0.08370000
0.09490000	0.07880000
0.10750000	0.07420000
0.22140000	0.06980000
0.53200000	0.07600000
1.05000000	1.31580000
0.84760000	2.68220000
0.67050000	1.93970000
0.52000000	0.98820000
0.46870000	0.52560000
0.72740000	0.35460000
0.62240000	0.31340000
0.50540000	0.29340000
0.39090000	0.28280000
0.30680000	0.26470000
0.25870000	0.24550000
0.23150000	0.23010000
0.22200000	0.21640000
0.21700000	0.20360000
0.19740000	0.19160000
0.21950000	0.18030000
0.20050000	0.16970000
0.18660000	0.15980000
0.17960000	0.15040000
0.17520000	0.14140000
0.16130000	0.13300000
0.15880000	0.12520000
0.16070000	0.11780000
0.15240000	0.11090000
0.15120000	0.10440000
0.14860000	0.09830000
0.14930000	0.09250000
0.14550000	0.08710000
0.14300000	0.10030000
0.13850000	0.09040000
0.13540000	0.07550000
0.13470000	0.06860000
0.13280000	0.07520000
0.13600000	0.06850000
0.13090000	0.06900000
0.13090000	0.06120000
0.13470000	0.06910000
0.13280000	0.06000000
0.12970000	0.04740000
0.12840000	0.04230000
0.12900000	0.03950000
0.13090000	0.03710000
0.13730000	0.03690000
0.12900000	0.03760000
0.13280000	0.03370000
0.12970000	0.02970000
0.14550000	0.02750000
0.14550000	0.02580000
0.14800000	0.02420000
0.14490000	0.02280000
0.14490000	0.02150000
0.14360000	0.02020000
0.14360000	0.04170000
0.16700000	0.04140000
0.12400000	0.03680000
0.09110000	0.02730000
0.11700000	0.01850000
0.10060000	0.01480000
0.10250000	0.04860000
0.09680000	0.07110000
0.10180000	0.04170000
0.10560000	0.01740000
0.10940000	0.01130000
0.11010000	0.00980000
0.11200000	0.02410000
0.11260000	0.02120000
0.10880000	0.01190000
0.10820000	0.00830000
0.11070000	0.00730000
0.11390000	0.00680000
0.09170000	0.00640000
0.10180000	0.00600000
0.10630000	0.04740000
0.11260000	0.03580000
0.09170000	0.01200000
0.09550000	0.00570000
0.09490000	0.00450000
0.09680000	0.00650000
0.09240000	0.00560000
0.09870000	0.06580000
0.11960000	0.04860000
0.10180000	0.03300000
0.10370000	0.01870000
0.10250000	0.00630000
0.09930000	0.00320000
0.09430000	0.00260000
0.08030000	0.00240000
0.08350000	0.00230000
0.08100000	0.00210000
0.08350000	0.00200000
0.08290000	0.02830000
0.08670000	0.02830000
0.10310000	0.01140000
0.08350000	0.00340000
0.20750000	0.02890000
0.13600000	0.03500000
0.10180000	0.05680000
0.14040000	0.45550000
0.16890000	0.52590000
0.10060000	0.27140000
0.09240000	0.12280000
0.07400000	0.08690000
0.09990000	0.07770000
0.10180000	0.07270000
0.09110000	0.06840000
0.09490000	0.06540000
0.09300000	0.06440000
0.08980000	0.07630000
0.08480000	0.06650000
0.07970000	0.05570000
0.08100000	0.06290000
0.10630000	0.06750000
0.26950000	0.07800000
0.09240000	0.05990000
0.07270000	0.04170000
0.06830000	0.03570000
0.07970000	0.03300000
0.07080000	0.03100000
0.05500000	0.02920000
0.05630000	0.02790000
0.06710000	0.03540000
0.06640000	0.03630000
0.06710000	0.02830000
0.06830000	0.02260000
0.06010000	0.02040000
0.05880000	0.01910000
0.09740000	0.10310000
0.09930000	0.07910000
0.06330000	0.03030000
0.04550000	0.01700000
0.03350000	0.01430000
0.04870000	0.04160000
0.08350000	0.06990000
0.07400000	0.04340000
0.07020000	0.03040000
0.07530000	0.02630000
0.07720000	0.01620000
0.09990000	0.01050000
0.11070000	0.00930000
0.10940000	0.00850000
0.09430000	0.00770000
0.08600000	0.00720000
0.07400000	0.00680000
0.07720000	0.01460000
0.08160000	0.00900000
0.08100000	0.01360000
0.07910000	0.00870000
0.07530000	0.00200000
0.07400000	0.00030000
0.07530000	0.00000000
0.07150000	0.00000000
0.07210000	0.00000000
0.07460000	0.00210000
0.07080000	0.01020000
0.06830000	0.00820000
0.06770000	0.00260000
0.07150000	0.00860000
0.07020000	0.00600000
0.06580000	0.00140000
0.07150000	0.00430000
0.08160000	0.01660000
0.08860000	0.01060000
0.06520000	0.00790000
0.08290000	0.00440000
0.07020000	0.00100000
0.07080000	0.00010000
0.07080000	0.00000000
0.06830000	0.02730000
0.09050000	0.01990000
0.09930000	0.00460000
0.08790000	0.00070000
0.08220000	0.00010000
0.07590000	0.00000000
0.07720000	0.00000000
0.05880000	0.00000000
0.18030000	0.01260000
0.07840000	0.00920000
0.06640000	0.00210000
0.06330000	0.00030000
0.06770000	0.00000000
0.07460000	0.02390000
0.08480000	0.03050000
0.06260000	0.02910000
0.07150000	0.02250000
0.08100000	0.00920000
0.08030000	0.00790000
0.07910000	0.00470000
0.07400000	0.00100000
0.07340000	0.00010000
0.07080000	0.00000000
0.06200000	0.00000000
0.04430000	0.00000000
0.04300000	0.00000000
0.05880000	0.00000000
0.04680000	0.00000000
0.03100000	0.00160000
0.03610000	0.00120000
0.03230000	0.00030000
0.03040000	0.00000000
0.03040000	0.00000000
0.03160000	0.00000000
0.03040000	0.00000000
0.03040000	0.00620000
0.03290000	0.00960000
0.03040000	0.00470000
0.03100000	0.00100000
0.03040000	0.00010000
0.02970000	0.00000000
0.02780000	0.00000000
0.03040000	0.00000000
0.02780000	0.00000000
0.03040000	0.00000000
0.03420000	0.00760000
0.04240000	0.02460000
0.04680000	0.03470000
0.04170000	0.01780000
0.03860000	0.00390000
0.05310000	0.02950000
0.04740000	0.04000000
0.02780000	0.01860000
0.02780000	0.00390000
0.04550000	0.00050000
0.04620000	0.00010000
0.03350000	0.00000000
0.03100000	0.00000000
0.03420000	0.00000000
0.03610000	0.00780000
0.03860000	0.01950000
0.04240000	0.02960000
0.05190000	0.03830000
0.06890000	0.01980000
0.04810000	0.00430000
0.03920000	0.00060000
0.03730000	0.00010000
0.03610000	0.00000000
0.03920000	0.00000000
0.03800000	0.00000000
0.03920000	0.00000000
0.03920000	0.00000000
0.04110000	0.00000000
0.03990000	0.00000000
0.03730000	0.00000000
0.03860000	0.00000000
0.05760000	0.00000000
0.05760000	0.00000000
0.05440000	0.00000000
0.05760000	0.00000000
0.06010000	0.00000000
0.06330000	0.00000000
0.05190000	0.00000000
0.05760000	0.00000000
0.06330000	0.00250000
0.03800000	0.00180000
0.05190000	0.00040000
0.05440000	0.00010000
0.08030000	0.00000000
0.06450000	0.00000000
0.06330000	0.00000000
0.05950000	0.00000000
0.05630000	0.00000000
0.05820000	0.00010000
0.05690000	0.00010000
0.06070000	0.00010000
0.06770000	0.00010000
0.05630000	0.00010000
0.04740000	0.00010000
0.05060000	0.00280000
0.06330000	0.00200000
0.07590000	0.00050000
0.08860000	0.00010000
0.08220000	0.00010000
0.06330000	0.00010000
0.06010000	0.00010000
0.08220000	0.02420000
0.07590000	0.01760000
0.06960000	0.00410000
0.06330000	0.00060000
0.06010000	0.00010000
0.05060000	0.00010000
0.04110000	0.00010000
0.03480000	0.00010000
0.03480000	0.00010000
0.03480000	0.00010000
0.03670000	0.00010000
0.03800000	0.00010000
0.04110000	0.00010000
0.04490000	0.00010000
0.05000000	0.00010000
0.05250000	0.00010000
0.05500000	0.00010000
0.05690000	0.00010000
0.05950000	0.00010000
0.06260000	0.00190000
0.06330000	0.00800000
0.06520000	0.01950000
0.06830000	0.03120000
0.07080000	0.11450000
0.07270000	0.10030000
0.07720000	0.06830000
0.08220000	0.06160000
0.08860000	0.05810000
0.08860000	0.05470000
0.08220000	0.05160000
0.07590000	0.04860000
0.06330000	0.04570000
0.05690000	0.04300000
0.05060000	0.04050000
0.04810000	0.03810000
0.04870000	0.03590000
0.05380000	0.03380000
0.06330000	0.03180000
0.06960000	0.02990000
0.07590000	0.02810000
0.08220000	0.02920000
0.08220000	0.02690000
0.10750000	0.02670000
0.10120000	0.02420000
0.10120000	0.02120000
0.10120000	0.01950000
0.09490000	0.01830000
0.08860000	0.01730000
0.07590000	0.01630000
0.05690000	0.01540000
0.06330000	0.01450000
0.07590000	0.01370000
0.08860000	0.01290000
0.08220000	0.01210000
0.07590000	0.01140000
0.06960000	0.01070000
0.07590000	0.01250000
0.08860000	0.01430000
0.09490000	0.01170000
0.08860000	0.00910000
0.08220000	0.00800000
0.08860000	0.01010000
0.10120000	0.00890000
0.10750000	0.01810000
0.11390000	0.09140000
0.10750000	0.07980000
0.09490000	0.06320000
0.09490000	0.06470000
0.08860000	0.06280000
0.08220000	0.05930000
0.08220000	0.05590000
0.08220000	0.05260000
0.07590000	0.04950000
0.05060000	0.04660000
0.03800000	0.04380000
0.03480000	0.04130000
0.05060000	0.03890000
0.09490000	0.03670000
0.15810000	0.04180000
0.22140000	0.03780000
0.18980000	0.03170000
0.16450000	0.02880000
0.14860000	0.02700000
0.14860000	0.02540000
0.15180000	0.02390000
0.15500000	0.02240000
0.15620000	0.02110000
0.16830000	0.01990000
0.23340000	0.01880000
0.22330000	0.01770000
0.18980000	0.01670000
0.17710000	0.01570000
0.17710000	0.01480000
0.18980000	0.01390000
0.18340000	0.01310000
0.12650000	0.01240000
0.09490000	0.01160000
0.15810000	0.01100000
0.25300000	0.01030000
0.38460000	0.03950000
0.39280000	0.03090000
0.36880000	0.01350000
0.33080000	0.00870000
0.28840000	0.00760000
0.29540000	0.00710000
0.24990000	0.00670000
0.28150000	0.01780000
0.29160000	0.03290000
0.27830000	0.02100000
0.26570000	0.00860000
0.29860000	0.00540000
0.29220000	0.00470000
0.27450000	0.00430000
0.24920000	0.00410000
0.24800000	0.01640000
0.27200000	0.02530000
0.29350000	0.01470000
0.24920000	0.00580000
0.17080000	0.00350000
0.17270000	0.00300000
0.19100000	0.00280000
0.19930000	0.03950000
0.25370000	0.02930000
0.24350000	0.00850000
0.22770000	0.00300000
0.24230000	0.00210000
0.22840000	0.00190000
0.21510000	0.00170000
0.21440000	0.00160000
0.19670000	0.00160000
0.16070000	0.00160000
0.12140000	0.00150000
0.12140000	0.00140000
0.12590000	0.02060000
0.29290000	0.87360000
0.84130000	3.36600000
0.66420000	3.15030000
0.41050000	1.39420000
0.34470000	0.52930000
0.33530000	0.33720000
0.52120000	0.30020000
0.70210000	0.66790000
0.62430000	1.95040000
0.46870000	2.64520000
0.41940000	1.80920000
0.32580000	0.87220000
0.27580000	0.51610000
0.24160000	0.42600000
0.22140000	0.39630000
0.22390000	0.38470000
0.23400000	0.36790000
0.49780000	0.55600000
0.37950000	0.77490000
0.28840000	0.59630000
0.25240000	0.40150000
0.22520000	0.34440000
0.23470000	0.33720000
0.25430000	0.32510000
0.25050000	0.32240000
0.75270000	1.40510000
0.80970000	1.57970000
0.33650000	0.86720000
0.26060000	0.46040000
0.34410000	0.55460000
0.62120000	0.87030000
0.34790000	0.66730000
0.27830000	0.43770000
0.24160000	0.37310000
0.22140000	0.34630000
0.21190000	0.32670000
0.21700000	0.30720000
0.20370000	0.28840000
0.19930000	0.28210000
0.19550000	0.27640000
0.18530000	0.25340000
0.18280000	0.22980000
0.20620000	0.26500000
0.65150000	0.47370000
1.42960000	2.63070000
0.52250000	3.13850000
0.35490000	1.59190000
0.28280000	0.61960000
0.26880000	0.39010000
0.24670000	0.33960000
0.23090000	0.32690000
0.24540000	0.32910000
0.27960000	0.32480000
0.23280000	0.29220000
0.31180000	0.29330000
0.25930000	0.45900000
0.30870000	1.69460000
0.86660000	3.12600000
0.41430000	2.49270000
0.30740000	1.14350000
0.26690000	0.54260000
0.25560000	0.39860000
0.23850000	0.35470000
0.23590000	0.33110000
0.23340000	0.31140000
0.21060000	0.29300000
0.18280000	0.27570000
0.16700000	0.25940000
0.15690000	0.24790000
0.17710000	0.28580000
0.49150000	0.31670000
0.27580000	0.25700000
0.19040000	0.21550000
0.15880000	0.20270000
0.15750000	0.19150000
0.14740000	0.18040000
0.13980000	0.16980000
0.13030000	0.15970000
0.12520000	0.15030000
0.11960000	0.14140000
0.11450000	0.13310000
0.11260000	0.12520000
0.11320000	0.13150000
0.10880000	0.12090000
0.10250000	0.10840000
0.10120000	0.10020000
0.09930000	0.09310000
0.09550000	0.08710000
0.09360000	0.08180000
0.09550000	0.07700000
0.09240000	0.07250000
0.09430000	0.07660000
0.09300000	0.07580000
0.09680000	0.08530000
0.09490000	0.07390000
0.08980000	0.05850000
0.08600000	0.05930000
0.08480000	0.06740000
0.08670000	0.06020000
0.08220000	0.05700000
0.07910000	0.04880000
0.07590000	0.04310000
0.07460000	0.04140000
0.07150000	0.03610000
0.05500000	0.03160000
0.06450000	0.02920000
0.06010000	0.02740000
0.05820000	0.02580000
0.06830000	0.07910000
0.07270000	0.07370000
0.06640000	0.03870000
0.06960000	0.02340000
0.06010000	0.02420000
0.06580000	0.04800000
0.05880000	0.03710000
0.05120000	0.02050000
0.03860000	0.01560000
0.04930000	0.01410000
0.04620000	0.01320000
0.03610000	0.01240000
0.03990000	0.01170000
0.03800000	0.01100000
0.04360000	0.01040000
0.04430000	0.00970000
0.04360000	0.00920000
0.04360000	0.00860000
0.04050000	0.00810000
0.04620000	0.00760000
0.04430000	0.00720000
0.04300000	0.00680000
0.04680000	0.00640000
0.03610000	0.00600000
0.03480000	0.00560000
0.04300000	0.02780000
0.03990000	0.03360000
0.03670000	0.01740000
0.04050000	0.00700000
0.04240000	0.00450000
0.04050000	0.00390000
0.03480000	0.00370000
0.03670000	0.00350000
0.03540000	0.00330000
0.03730000	0.00310000
0.04430000	0.00290000
0.03420000	0.01730000
0.02910000	0.01320000
0.04620000	0.00930000
0.04620000	0.00580000
0.04870000	0.00290000
0.04620000	0.00210000
0.04550000	0.00190000
0.04360000	0.00180000
0.04170000	0.00170000
0.04550000	0.00160000
0.04550000	0.00150000
0.04170000	0.00140000
0.04680000	0.00130000
0.03800000	0.01640000
0.03860000	0.03130000
0.05500000	0.04240000
0.06830000	0.03560000
0.06070000	0.01510000
0.04360000	0.00370000
0.06580000	0.00170000
0.06390000	0.00120000
0.05570000	0.00080000
0.05570000	0.00070000
0.05380000	0.00070000
0.05190000	0.00660000
0.06010000	0.01770000
0.06070000	0.11270000
0.06260000	0.19400000
0.04360000	0.20040000
0.05500000	0.20200000
0.11770000	3.02020000
0.13850000	6.34850000
0.09110000	5.28550000
0.07780000	2.30630000
0.06830000	0.85740000
0.06070000	0.53570000
0.06140000	0.46690000
0.06330000	0.43600000
0.06390000	0.41030000
0.06520000	0.38610000
0.06140000	0.36330000
0.06390000	0.34180000
0.07780000	0.32170000
0.06640000	0.30270000
0.06200000	0.28480000
0.06450000	0.26800000
0.05570000	0.25220000
0.06140000	0.23730000
0.07400000	0.26310000
0.08410000	0.23920000
0.07460000	0.20660000
0.08290000	0.18860000
0.09110000	0.17560000
0.08480000	0.16480000
0.07840000	0.15510000
0.07400000	0.15250000
0.08410000	0.14220000
0.09610000	0.13040000
0.10060000	0.12190000
0.07340000	0.11460000
0.05250000	0.10780000
0.05950000	0.10150000
0.09300000	0.10300000
0.09550000	0.09690000
0.09550000	0.08710000
0.09550000	0.63390000
0.09740000	1.08440000
0.09240000	0.64790000
0.09050000	0.26670000
0.08790000	0.17840000
0.09300000	0.16280000
0.09050000	0.16530000
0.09050000	0.16590000
0.09300000	0.15950000
0.09300000	0.15070000
0.07970000	0.14190000
0.09240000	0.13350000
0.09170000	0.12560000
0.10880000	0.11820000
0.09360000	0.11120000
0.09110000	0.10470000
0.09050000	0.09850000
0.09240000	0.09630000
0.09360000	0.08990000
0.08100000	0.08280000
0.07400000	0.07750000
0.08790000	0.08910000
0.10370000	0.08270000
0.10630000	0.08430000
0.10690000	0.08720000
0.11130000	0.08400000
0.11010000	0.07930000
0.10630000	0.07480000
0.09800000	0.07040000
0.09490000	0.06630000
0.08980000	0.06240000
0.08730000	0.05870000
0.08480000	0.05520000
0.08220000	0.05200000
0.08350000	0.04890000
0.08600000	0.05840000
0.08980000	0.05830000
0.10120000	0.06080000
0.11070000	0.06230000
0.11390000	0.06000000
0.11130000	0.05660000
0.10750000	0.05330000
0.10120000	0.05020000
0.09490000	0.04730000
0.09240000	0.04450000
0.08980000	0.04190000
0.08730000	0.03940000
0.08600000	0.03710000
0.08480000	0.03490000
0.08350000	0.03290000
0.08220000	0.03090000
0.08100000	0.02910000
0.08030000	0.02740000
0.07970000	0.02580000
0.07840000	0.02430000
0.07720000	0.02290000
0.07590000	0.02150000
0.07460000	0.02030000
0.07340000	0.01910000
0.07210000	0.01800000
0.07080000	0.01690000
0.07210000	0.02190000
0.07460000	0.03610000
0.07970000	0.58080000
0.08160000	0.87710000
0.08290000	0.50780000
0.08290000	0.20540000
0.07910000	0.12400000
0.07840000	0.10560000
0.08220000	0.09810000
0.08730000	0.09240000
0.08350000	0.08690000
0.07840000	0.08180000
0.07460000	0.07700000
0.07840000	0.07250000
0.08100000	0.06820000
0.07840000	0.06420000
0.07340000	0.06040000
0.06710000	0.05690000
0.06200000	0.05350000
0.05690000	0.05040000
0.05310000	0.04740000
0.04930000	0.04460000
0.04680000	0.04200000
0.04550000	0.03950000
0.04430000	0.03720000
0.04430000	0.03500000
0.04490000	0.03300000
0.04810000	0.03100000
0.05190000	0.02920000
0.05820000	0.67890000
0.07270000	1.28210000
0.11390000	0.79230000
0.13280000	0.29210000
0.12970000	0.15160000
0.12020000	0.12200000
0.11390000	0.11220000
0.10750000	0.10610000
0.10750000	0.09970000
0.10120000	0.09360000
0.09800000	0.09140000
0.09800000	0.08520000
0.10120000	0.07840000
0.11390000	0.07330000
0.13280000	0.06890000
0.26000000	0.06480000
0.21060000	0.06150000
0.18720000	0.05780000
0.13160000	0.05410000
0.13030000	0.05090000
0.11960000	0.04800000
0.10440000	0.04520000
0.09490000	0.04250000
0.09240000	0.04000000
0.08980000	0.03770000
0.08730000	0.03540000
0.08480000	0.03340000
0.08100000	0.03140000
0.07910000	0.02960000
0.07720000	0.02780000
0.07590000	0.02620000
0.07590000	0.02470000
0.10120000	0.02340000
0.40480000	0.08730000
0.69580000	0.14060000
0.51870000	0.10890000
0.40480000	0.07280000
0.31630000	0.06030000
0.25300000	0.05530000
0.21510000	0.05190000
0.19290000	0.04890000
0.18340000	0.04610000
0.17710000	0.04340000
0.17710000	0.04460000
0.18660000	0.04110000
0.19290000	0.03670000
0.19610000	0.03410000
0.19290000	0.03200000
0.18980000	0.03020000
0.18980000	0.02840000
0.18660000	0.02670000
0.18030000	0.02520000
0.17580000	0.02370000
0.17080000	0.02230000
0.16760000	0.04080000
0.16760000	0.03410000
0.16760000	0.02180000
0.18030000	0.01780000
0.18980000	0.01640000
0.18660000	0.01540000
0.18030000	0.01740000
0.18030000	0.01570000
0.18660000	0.01330000
0.19100000	0.01210000
0.19290000	0.01140000
0.19290000	0.01080000
0.18660000	0.01020000
0.17400000	0.00960000
0.15810000	0.05200000
0.15180000	0.06610000
0.15240000	0.03440000
0.16830000	0.01290000
0.16000000	0.01940000
0.17270000	0.01800000
0.16760000	0.02220000
0.16890000	0.01790000
0.16130000	0.00950000
0.18150000	0.00590000
0.13410000	0.00490000
0.12460000	0.00460000
0.10820000	0.00430000
0.10500000	0.00890000
0.10630000	0.00740000
0.10180000	0.00450000
0.10560000	0.00850000
0.11010000	0.01790000
0.11890000	0.02640000
0.11320000	0.02290000
0.11450000	0.01320000
0.11200000	0.00580000
0.18090000	0.00840000
0.54530000	0.03050000
0.22330000	0.04240000
0.18660000	0.03580000
0.14360000	0.01980000
0.11640000	0.00960000
0.10690000	0.00430000
0.11200000	0.01200000
0.11130000	0.00880000
0.09740000	0.00930000
0.10880000	0.01090000
0.09800000	0.00870000
0.11890000	0.00800000
0.12400000	0.00730000
0.12900000	0.00380000
0.14800000	0.00150000
0.14610000	0.03630000
0.21760000	0.06470000
0.20810000	0.04550000
0.22140000	1.04240000
2.35940000	5.81580000
1.58770000	7.71150000
0.67680000	4.57760000
0.42440000	1.66910000
0.34030000	0.64220000
0.29480000	0.41340000
0.26880000	0.35920000
0.26760000	0.33480000
0.25680000	0.31490000
0.26060000	0.30440000
0.25680000	0.29890000
0.21570000	0.27810000
0.19360000	0.25240000
0.18340000	0.23340000
0.17520000	0.21870000
0.16570000	0.20570000
0.15810000	0.20210000
0.15370000	0.18840000
0.16070000	0.17290000
0.16450000	0.16520000
0.14800000	0.15840000
0.15430000	0.14630000
0.15940000	0.13510000
0.15310000	0.12660000
0.14300000	0.11900000
0.12520000	0.11200000
0.13220000	0.10540000
0.14680000	0.13720000
0.13600000	0.12690000
0.14930000	0.09860000
0.14680000	0.08460000
0.12020000	0.07800000
0.14420000	0.11310000
0.16070000	0.09840000
0.16510000	0.07180000
0.16000000	0.06200000
0.15370000	0.05750000
0.15690000	0.05400000
0.15750000	0.05080000
0.15370000	0.04780000
0.22200000	0.07100000
0.15310000	0.06760000
0.15120000	0.05330000
0.10310000	0.04250000
0.07910000	0.03630000
0.08030000	0.03330000
0.07210000	0.03120000
0.06830000	0.02940000
0.06830000	0.02770000
0.06890000	0.02600000
0.07080000	0.02450000
0.07650000	0.02300000
0.07590000	0.02170000
0.07020000	0.02040000
0.07270000	0.01920000
0.07910000	0.03120000
0.07840000	0.03950000
0.07530000	0.01970000
0.06960000	0.00420000
0.06330000	0.00060000
0.06450000	0.00010000
0.06450000	0.00000000
0.06390000	0.00000000
0.06330000	0.00020000
0.06640000	0.00020000
0.06960000	0.00060000
0.10500000	0.00620000
0.11200000	0.00430000
0.06640000	0.00100000
0.09300000	0.02600000
0.08030000	0.01890000
0.07590000	0.00440000
0.06640000	0.00060000
0.06330000	0.00010000
0.06330000	0.00000000
0.06260000	0.01540000
0.06450000	0.01130000
0.06640000	0.00260000
0.06580000	0.00040000
0.06640000	0.00010000
0.06830000	0.00560000
0.06960000	0.01240000
0.06770000	0.00700000
0.06640000	0.00150000
0.06770000	0.02020000
0.06640000	0.01460000
0.06330000	0.00340000
0.06070000	0.00050000
0.05950000	0.00010000
0.05690000	0.00000000
0.05630000	0.00000000
0.05500000	0.00000000
0.05380000	0.00000000
0.05310000	0.00000000
0.05380000	0.00000000
0.05440000	0.00000000
0.05440000	0.00000000
0.05380000	0.00000000
0.05380000	0.00000000
0.05380000	0.00000000
0.05380000	0.00000000
0.05380000	0.00000000
0.05440000	0.02330000
0.05690000	0.05310000
0.06330000	0.03030000
0.06640000	0.00670000
0.06330000	0.00090000
0.06070000	0.00010000
0.05880000	0.00000000
0.05760000	0.00000000
0.05880000	0.00000000
0.06070000	0.00000000
0.06520000	0.00000000
0.06770000	0.00000000
0.08480000	0.09710000
0.11390000	0.66500000
0.09050000	1.89900000
0.07590000	1.71000000
0.07270000	0.75880000
0.06960000	0.30240000
0.07270000	0.19780000
0.07210000	0.33520000
0.07460000	1.00400000
0.07210000	1.10150000
0.06770000	0.60950000
0.05310000	0.31030000
0.06070000	0.23480000
0.06960000	0.21290000
0.06710000	0.19960000
0.05690000	0.18780000
0.05950000	0.17670000
0.06770000	0.16630000
0.06580000	0.15650000
0.07210000	0.14960000
0.06830000	0.14030000
0.06710000	0.13080000
0.07150000	0.12270000
0.06140000	0.11550000
0.08220000	0.10860000
0.09680000	0.10220000
0.11890000	0.09620000
0.09550000	0.09050000
0.09050000	0.08520000
0.08480000	0.10140000
0.08160000	0.09100000
0.08030000	0.07460000
0.07970000	0.06860000
0.08030000	0.06390000
0.07340000	0.05940000
0.06450000	0.05570000
0.05570000	0.05240000
0.05190000	0.04930000
0.07460000	0.09090000
0.09240000	0.09300000
0.07840000	0.06090000
0.10690000	0.68210000
0.15750000	1.07560000
0.10310000	0.61380000
0.08160000	0.23880000
0.07970000	0.15280000
0.08540000	0.39970000
0.08540000	0.75300000
0.08220000	0.51230000
0.08350000	0.24850000
0.08410000	0.17800000
0.08670000	0.15940000
0.08730000	0.14900000
0.08860000	0.14030000
0.08860000	0.13210000
0.08290000	0.12430000
0.07460000	0.11700000
0.07270000	0.11010000
0.06960000	0.10360000
0.06330000	0.09750000
0.05380000	0.09180000
0.04740000	0.08640000
0.05690000	0.08130000
0.06960000	0.07650000
0.07270000	0.07200000
0.07910000	0.06780000
0.08860000	0.06380000
0.08220000	0.06000000
0.06640000	0.05650000
0.06960000	0.05320000
0.06960000	0.05000000
0.07270000	0.04710000
0.07910000	0.04430000
0.08540000	0.04170000
0.06640000	0.03930000
0.05690000	0.03700000
0.07910000	0.03480000
0.10120000	0.03270000
0.06960000	0.03080000
0.06640000	0.02900000
0.07590000	0.02730000
0.06960000	0.02570000
0.07590000	0.03450000
0.08220000	0.05160000
0.08540000	0.36860000
0.09170000	0.28700000
0.08860000	0.12400000
0.08540000	0.09150000
0.07270000	0.09190000
0.05690000	0.09060000
0.06010000	0.08620000
0.06330000	0.08130000
0.06010000	0.07650000
0.07590000	0.07200000
0.09170000	0.06780000
0.08860000	0.06380000
0.08220000	0.06000000
0.07590000	0.05650000
0.07590000	0.05320000
0.07910000	0.05000000
0.08220000	0.04710000
0.08540000	0.04430000
0.08540000	0.04170000
0.08220000	0.03930000
0.08220000	0.03690000
0.08860000	0.04940000
0.09490000	1.31330000
0.10750000	2.65710000
0.12650000	2.23550000
0.13600000	1.00030000
0.10120000	0.38070000
0.08860000	0.24180000
0.09490000	0.21170000
0.09490000	0.19770000
0.08860000	0.18600000
0.06330000	0.17510000
0.04740000	0.16480000
0.06640000	0.15500000
0.09490000	0.14590000
0.11070000	0.13730000
0.10440000	0.12920000
0.10120000	0.12160000
0.09800000	0.11440000
0.10120000	0.11490000
0.12330000	0.83580000
0.14230000	1.76720000
0.13280000	1.11540000
0.11070000	0.42060000
0.09800000	0.24490000
0.09170000	0.20830000
0.08220000	0.19340000
0.08220000	0.18200000
0.08220000	0.17130000
0.07590000	0.16120000
0.08540000	0.15170000
0.12330000	0.49580000
0.16450000	1.43270000
0.13920000	1.42570000
0.13280000	0.73910000
0.11390000	0.36660000
0.10750000	0.26240000
0.10120000	0.22660000
0.09170000	0.20950000
0.09490000	0.19670000
0.09490000	0.18510000
0.09490000	0.17420000
0.10120000	0.16390000
0.08860000	0.15420000
0.08540000	0.14510000
0.08540000	0.13660000
0.09490000	0.12850000
0.12020000	0.12260000
0.63260000	0.74280000
1.89770000	1.80260000
1.43590000	1.73300000
1.06270000	0.86250000
0.63890000	0.35850000
0.67680000	0.22930000
0.63890000	0.19880000
0.46680000	0.18510000
0.40740000	0.17410000
0.35800000	0.16430000
0.28150000	0.15440000
0.23780000	0.14510000
0.27140000	0.13650000
0.19420000	0.12850000
0.20620000	0.12190000
0.19670000	0.11460000
0.15430000	0.10730000
0.14860000	0.10080000
0.16190000	0.09580000
0.16950000	0.09030000
0.18530000	0.08440000
0.20680000	0.07900000
0.20240000	0.07430000
0.21130000	0.06990000
0.18720000	0.06580000
0.17210000	0.06200000
0.14420000	0.05840000
0.14800000	0.05580000
0.16950000	0.05230000
0.16830000	0.04880000
0.16000000	0.06480000
0.16450000	0.05690000
0.17140000	0.04360000
0.16830000	0.03850000
0.14860000	0.03580000
0.14740000	0.03370000
0.13980000	0.03170000
0.13470000	0.02980000
0.13160000	0.02810000
0.13350000	0.03070000
0.12780000	0.02800000
0.11890000	0.02410000
0.11200000	0.02210000
0.10180000	0.02070000
0.10940000	0.02350000
0.11510000	0.02150000
0.11700000	0.01810000
0.13470000	0.03860000
0.14930000	0.03160000
0.09050000	0.01830000
0.08600000	0.01420000
0.09110000	0.01290000
0.14420000	0.01210000
0.13280000	0.01140000
0.12460000	0.01080000
0.13280000	0.01010000
0.16700000	0.00950000
0.23020000	0.09990000
0.32130000	0.10190000
0.34220000	0.07190000
0.39660000	0.05250000
0.40360000	0.04120000
0.38460000	0.05220000
0.45610000	0.78440000
0.59140000	1.69570000
0.45730000	1.09010000
0.39090000	0.40910000
0.32700000	0.20640000
0.25810000	0.15520000
0.23470000	0.13930000
0.21440000	0.13040000
0.31630000	0.16550000
0.68950000	0.77770000
0.42250000	1.31360000
0.72740000	1.93050000
1.01210000	2.42320000
0.56930000	1.48100000
0.44280000	0.60000000
0.36690000	0.32860000
0.29730000	0.26450000
0.25300000	0.24230000
0.22140000	0.22750000
0.19290000	0.21410000
0.18340000	0.20140000
0.17400000	0.18950000
0.16450000	0.17840000
0.15500000	0.16780000
0.14550000	0.15790000
0.13920000	0.14860000
0.12650000	0.13980000
0.13280000	0.13300000
0.13920000	0.12490000
0.13280000	0.11680000
0.12970000	0.10970000
0.12970000	0.10320000
0.12650000	0.10750000
0.12650000	0.09940000
0.12650000	0.12660000
0.50600000	0.17500000
0.34160000	0.15170000
0.30360000	0.51010000
0.23400000	0.41780000
0.20870000	0.19010000
0.19610000	0.11590000
0.19290000	0.09790000
0.77800000	0.43190000
4.98450000	5.09450000
2.95400000	7.46650000
1.42320000	4.51110000
1.05000000	1.65230000
1.13230000	0.64510000
0.71480000	0.41460000
0.53070000	0.35970000
0.41370000	0.33500000
0.40170000	0.33810000
0.37760000	0.32670000
0.33530000	0.29640000
0.31060000	0.26800000
0.28590000	0.26490000
0.27450000	0.24490000
0.24800000	0.22150000
0.23150000	0.20620000
0.21700000	0.19530000
0.20750000	0.18400000
0.20560000	0.19930000
0.20180000	0.20090000
0.18150000	0.17070000
0.16570000	0.15450000
0.16570000	0.15930000
0.17080000	0.14560000
0.15690000	0.12530000
0.14740000	0.11320000
0.14170000	0.10550000
0.13920000	0.09920000
0.14930000	0.10460000
0.13410000	0.09610000
0.12900000	0.09180000
0.13280000	0.08330000
0.12210000	0.07440000
0.12210000	0.06900000
0.12710000	0.07720000
0.11260000	0.07000000
0.11510000	0.05950000
0.11070000	0.05430000
0.11390000	0.05840000
0.14490000	0.08370000
0.17140000	0.09680000
0.14990000	0.06830000
0.12020000	0.04540000
0.10880000	0.03830000
0.10310000	0.03540000
0.09300000	0.03320000
0.10310000	0.03460000
0.09990000	0.04500000
0.09990000	0.05390000
0.14230000	0.05300000
0.11200000	0.05230000
0.10370000	0.04600000
0.10060000	0.03660000
0.10880000	0.02620000
0.21440000	0.04940000
0.21890000	0.03940000
0.13660000	0.05370000
0.16570000	0.06230000
0.16260000	0.62270000
0.16380000	1.06390000
0.14360000	0.61120000
0.12210000	0.22740000
0.10750000	0.12370000
0.10630000	0.11960000
0.10370000	0.10450000
0.10060000	0.08500000
0.09550000	0.07610000
0.09050000	0.07100000
0.09240000	0.07360000
0.10180000	0.07760000
0.09800000	0.06750000
0.09990000	0.06300000
0.09800000	0.06510000
0.08730000	0.05640000
0.09110000	0.04790000
0.09740000	0.04380000
0.08920000	0.04110000
0.08730000	0.04760000
0.08730000	0.04290000
0.08410000	0.03570000
0.08290000	0.03240000
0.08480000	0.03030000
0.08410000	0.02850000
0.07530000	0.02870000
0.09610000	0.02660000
0.13540000	0.04010000
0.09870000	0.03410000
0.10370000	0.02370000
0.10250000	0.02030000
0.09490000	0.01870000
0.09110000	0.01750000
0.08980000	0.01650000
0.08350000	0.01550000
0.08540000	0.01460000
0.08030000	0.02690000
0.11700000	0.02340000
0.13160000	0.02080000
0.10880000	0.01610000
0.09490000	0.01180000
0.08920000	0.01030000
0.08480000	0.00950000
0.08030000	0.00900000
0.08540000	0.00750000
0.08790000	0.00350000
0.08790000	0.00080000
0.09050000	0.00400000
0.08350000	0.00290000
0.08670000	0.00070000
0.07840000	0.00670000
0.08220000	0.00520000
0.07650000	0.00140000
0.08410000	0.01730000
0.09930000	0.03780000
0.09300000	0.02160000
0.08790000	0.00480000
0.08730000	0.00070000
0.08410000	0.00130000
0.08100000	0.00090000
0.07650000	0.00020000
0.07590000	0.00000000
0.07720000	0.00000000
0.07780000	0.00000000
0.06640000	0.00000000
0.07530000	0.00000000
0.07270000	0.00000000
0.07460000	0.00000000
0.08350000	0.00000000
0.07340000	0.00860000
0.08100000	0.01910000
0.07650000	0.01080000
0.08160000	0.00240000
0.11260000	0.07240000
0.09240000	0.07770000
0.08350000	0.03050000
0.07460000	0.01070000
0.08290000	0.00870000
0.08030000	0.00830000
0.08030000	0.00790000
0.07970000	0.00740000
0.08160000	0.00700000
0.07910000	0.00660000
0.08350000	0.00620000
0.08730000	0.00580000
0.06580000	0.01980000
0.08220000	0.01570000
0.06010000	0.00740000
0.05880000	0.00510000
0.07210000	0.03730000
0.08600000	0.02810000
0.09300000	0.03640000
0.09430000	0.04960000
0.09360000	0.05060000
0.09110000	0.05020000
0.09110000	0.04690000
0.09490000	0.04300000
0.10440000	0.04290000
0.09930000	0.03980000
0.09930000	0.03600000
0.10370000	0.03350000
0.09870000	0.03150000
0.08920000	0.02960000
0.08920000	0.02790000
0.07460000	0.02630000
0.07150000	0.02470000
0.04170000	0.02330000
0.03990000	0.02200000
0.02720000	0.02070000
0.06960000	0.01950000
0.10750000	0.01840000
0.13030000	0.02230000
0.10820000	0.02780000
0.13220000	0.02910000
0.12650000	0.02140000
0.12020000	0.01520000
0.10750000	0.01880000
0.10120000	0.01630000
0.09610000	0.01350000
0.10060000	0.01280000
0.09610000	0.01220000
0.08290000	0.01150000
0.08160000	0.01080000
0.08540000	0.01020000
0.07970000	0.00960000
0.09490000	0.00900000
0.09490000	0.00850000
0.08860000	0.00800000
0.07590000	0.00750000
0.06330000	0.00710000
0.07590000	0.00660000
0.08220000	0.00630000
0.07910000	0.00600000
0.07910000	0.00570000
0.08220000	0.00540000
0.08540000	0.01510000
0.09170000	0.01200000
0.10120000	0.00600000
0.09800000	0.00430000
0.09800000	0.00390000
0.10120000	0.00360000
0.10440000	0.00340000
0.10750000	0.00320000
0.10120000	0.00300000
0.09800000	0.00280000
0.09490000	0.00270000
0.09170000	0.00250000
0.08540000	0.00240000
0.08540000	0.00220000
0.08540000	0.00210000
0.09170000	0.00200000
0.09800000	0.00200000
0.09800000	0.00190000
0.09490000	0.00180000
0.09800000	0.01350000
0.10440000	0.01010000
0.10750000	0.00930000
0.09170000	0.01150000
0.07590000	0.01160000
0.06640000	0.01100000
0.08860000	0.01040000
0.08220000	0.00980000
0.07590000	0.00930000
0.06330000	0.00880000
0.05060000	0.00830000
0.07590000	0.00780000
0.07910000	0.00740000
0.08220000	0.00690000
0.08540000	0.00650000
0.09170000	0.00620000
0.09490000	0.00580000
0.09490000	0.00550000
0.09490000	0.00520000
0.09170000	0.00490000
0.08860000	0.00460000
0.08540000	0.00430000
0.08860000	0.00410000
0.08540000	0.00390000
0.08860000	0.00640000
0.09170000	0.01630000
0.09490000	0.02140000
0.09800000	0.01210000
0.09800000	0.02400000
0.09800000	0.03510000
0.10120000	0.03600000
0.10120000	0.03430000
0.10120000	0.03240000
0.10440000	0.03040000
0.10440000	0.02870000
0.10750000	0.02700000
0.11070000	0.02540000
0.11390000	0.02390000
0.11700000	0.02250000
0.12020000	0.02110000
0.12330000	0.01990000
0.12650000	0.01870000
0.13280000	0.01760000
0.14550000	0.01660000
0.18980000	0.01560000
0.23090000	0.01470000
0.26310000	0.01720000
0.23020000	0.01690000
0.19670000	0.01470000
0.17710000	0.01460000
0.17080000	0.01290000
0.18030000	0.01080000
0.14170000	0.00970000
0.17520000	0.00900000
0.14930000	0.00850000
0.15940000	0.00810000
0.16700000	0.02470000
0.14040000	0.01970000
0.07970000	0.00970000
0.05060000	0.00680000
0.06330000	0.00610000
0.08540000	0.00570000
0.08540000	0.00540000
0.07910000	0.00510000
0.08220000	0.00480000
0.08220000	0.00450000
0.07910000	0.00420000
0.07910000	0.00400000
0.07270000	0.00380000
0.05690000	0.00360000
0.03480000	0.00340000
0.06960000	0.00320000
0.08220000	0.00300000
0.10120000	0.00280000
0.11390000	0.00270000
0.12650000	0.00290000
0.15810000	0.00320000
0.21760000	0.00300000
0.20370000	0.00240000
0.19290000	0.01990000
0.22770000	0.04360000
0.25180000	0.04120000
0.26310000	0.04330000
0.27140000	0.02390000
0.28780000	0.03400000
0.27580000	0.04780000
0.25430000	0.05580000
0.33780000	0.81600000
0.41310000	1.36520000
0.35360000	0.78740000
0.31440000	0.52120000
0.29410000	0.35580000
0.29220000	0.23380000
0.30490000	0.20490000
0.28090000	0.19190000
0.24860000	0.18050000
0.23150000	0.16990000
0.21950000	0.15990000
0.20810000	0.15050000
0.19740000	0.14160000
0.19290000	0.13330000
0.18720000	0.12540000
0.18340000	0.11800000
0.19480000	0.11100000
0.18980000	0.12130000
0.18720000	0.11060000
0.16260000	0.09540000
0.17210000	0.08750000
0.17520000	0.08780000
0.17650000	0.08340000
0.16760000	0.07500000
0.16190000	0.06870000
0.15750000	0.06430000
0.15500000	0.06040000
0.13660000	0.05690000
0.12840000	0.05350000
0.12020000	0.05060000
0.11450000	0.04760000
0.11200000	0.04460000
0.11010000	0.04200000
0.10750000	0.03950000
0.10820000	0.03720000
0.10370000	0.03500000
0.09990000	0.03290000
0.10250000	0.03100000
0.09740000	0.02910000
0.09870000	0.02570000
0.10060000	0.02050000
0.12020000	0.03110000
0.11580000	0.02090000
0.12710000	0.03970000
0.18030000	0.05760000
0.15750000	0.02920000
0.13090000	0.00620000
0.12270000	0.00200000
0.11450000	0.00400000
0.10370000	0.00240000
0.09990000	0.00050000
0.10750000	0.00010000
0.08670000	0.00280000
0.15370000	0.05650000
0.23530000	0.08100000
0.20810000	0.04500000
0.18660000	0.02040000
0.14040000	0.01160000
0.14360000	0.00780000
0.13790000	0.00640000
0.16890000	0.00390000
0.16000000	0.00130000
0.14230000	0.02450000
0.13540000	0.01780000
0.12330000	0.00410000
0.11640000	0.00060000
0.11960000	0.01090000
0.11770000	0.01530000
0.11960000	0.02560000
0.11580000	0.01990000
0.11580000	0.01330000
0.14610000	0.03260000
0.15940000	0.03660000
0.11890000	0.01630000
0.13030000	0.00340000
0.09870000	0.00340000
0.11070000	0.00220000
0.16760000	0.29110000
0.19290000	0.62150000
0.15810000	0.38090000
0.44590000	1.54190000
0.41370000	2.52560000
0.28340000	1.83150000
0.24610000	0.78980000
0.22200000	0.34810000
0.17020000	0.25150000
0.23850000	0.26920000
0.31880000	0.24910000
0.23590000	0.23140000
0.23400000	0.20500000
0.17650000	0.18090000
0.14300000	0.16730000
0.13980000	0.15700000
0.13030000	0.14770000
0.12400000	0.13900000
0.31750000	0.15750000
0.87290000	0.18280000
0.46870000	0.14960000
0.28840000	0.11640000
0.21000000	0.10360000
0.16070000	0.09760000
0.16260000	0.09150000
0.15560000	0.08760000
0.14300000	0.08190000
0.13980000	0.07600000
0.13540000	0.07120000
0.12650000	0.06700000
0.12020000	0.06300000
0.11510000	0.06180000
0.11510000	0.05760000
0.10820000	0.05260000
0.10180000	0.02450000
0.09870000	0.01230000
0.09170000	0.00590000
0.09240000	0.01430000
0.09170000	0.00970000
0.09800000	0.04300000
0.11390000	0.06710000
0.22330000	0.05230000
0.34350000	0.04990000
0.17460000	0.02550000
0.13280000	0.00550000
0.25050000	0.03400000
1.13860000	1.04560000
0.53010000	1.51440000
0.26500000	0.79800000
0.19990000	0.28400000
0.16950000	0.17140000
0.15560000	0.14580000
0.14550000	0.12510000
0.13220000	0.11110000
0.12210000	0.10310000
0.11450000	0.09680000
0.10750000	0.09110000
0.10310000	0.08570000
0.10690000	0.11240000
0.13350000	1.06140000
0.10820000	1.50020000
0.10250000	0.81610000
0.10120000	0.31370000
0.10250000	0.19300000
0.10250000	0.16710000
0.10180000	0.15570000
0.10250000	0.14650000
0.10500000	0.13850000
0.10630000	0.13020000
0.10370000	0.12300000
0.10180000	0.11550000
0.09680000	0.10820000
0.09300000	0.10170000
0.08790000	0.09570000
0.08670000	0.09010000
0.08290000	0.08480000
0.08030000	0.07980000
0.07720000	0.07500000
0.07460000	0.06690000
0.07650000	0.04230000
0.07340000	0.01490000
0.07020000	0.00290000
0.06710000	0.00040000
0.06450000	0.00000000
0.05950000	0.00000000
0.06070000	0.00000000
0.05820000	0.00000000
0.05380000	0.00000000
0.05000000	0.00000000
0.04740000	0.00000000
0.04680000	0.00000000
0.05880000	0.00360000
0.05000000	0.02270000
0.03860000	0.01520000
0.05120000	0.00350000
0.04810000	0.00050000
0.04740000	0.00010000
0.04430000	0.00000000
0.04550000	0.00000000
0.05690000	0.04640000
0.07020000	0.04220000
0.06070000	0.01390000
0.05880000	0.00250000
0.05820000	0.00030000
0.06010000	0.01280000
0.06330000	0.00930000
0.05950000	0.00220000
0.06070000	0.00030000
0.05820000	0.00000000
0.05880000	0.00000000
0.06710000	0.02220000
0.07340000	0.03030000
0.10440000	0.06960000
0.15690000	1.93200000
0.13980000	2.83160000
0.08290000	1.47220000
0.08410000	0.46970000
0.07970000	0.23750000
0.07780000	0.19460000
0.08290000	0.18200000
0.08730000	0.17090000
0.08860000	0.15980000
0.08980000	0.15010000
0.09300000	0.14610000
0.10500000	0.14800000
0.10820000	0.15370000
0.11260000	0.14450000
0.10060000	0.12410000
0.09240000	0.12760000
0.08980000	0.13140000
0.08860000	0.12640000
0.08920000	0.11930000
0.08980000	0.11280000
0.09430000	0.10610000
0.09490000	0.09950000
0.09740000	0.09360000
0.10180000	0.11120000
0.18660000	1.57340000
0.18720000	2.47480000
0.13730000	1.63310000
0.12590000	0.66760000
0.12460000	0.32560000
0.13790000	0.25520000
0.14680000	0.24130000
0.14800000	0.23650000
0.15050000	0.22660000
0.15750000	0.21400000
0.16190000	0.20150000
0.18850000	0.18960000
0.19800000	0.17840000
0.15750000	0.16790000
0.11070000	0.15800000
0.13730000	0.14870000
0.16890000	0.37060000
0.18790000	1.62270000
0.19550000	3.31540000
0.19670000	3.68160000
0.18340000	2.40400000
0.18340000	1.06750000
0.18980000	0.50370000
0.19610000	0.36960000
0.20240000	0.36150000
0.19930000	0.38570000
0.19290000	0.35500000
0.18980000	0.31380000
0.18980000	0.28920000
0.18660000	0.27110000
0.18340000	0.25490000
0.18030000	0.23990000
0.17710000	0.22570000
0.17710000	0.21240000
0.17400000	0.19990000
0.17080000	0.18810000
0.16760000	0.17700000
0.16450000	0.16660000
0.15810000	0.15670000
0.15180000	0.14750000
0.15310000	0.13880000
0.15500000	0.13060000
0.15690000	0.12290000
0.16130000	0.11560000
0.17400000	0.10880000
0.18980000	0.10240000
0.20240000	0.09640000
0.18980000	0.09070000
0.17080000	0.08530000
0.15180000	0.08030000
0.13280000	0.07550000
0.12650000	0.07120000
0.12020000	0.06700000
0.10750000	0.06310000
0.10120000	0.05940000
0.08860000	0.05590000
0.08860000	0.05260000
0.09170000	0.04950000
0.09490000	0.04660000
0.10750000	0.05380000
0.11390000	0.04890000
0.12020000	0.04070000
0.12650000	0.03680000
0.12020000	0.03440000
0.11390000	0.03240000
0.10750000	0.03050000
0.10120000	0.02870000
0.09490000	0.02700000
0.08860000	0.02540000
0.08540000	0.02390000
0.08220000	0.02250000
0.08220000	0.02120000
0.08540000	0.02000000
0.08730000	0.01880000
0.08860000	0.01770000
0.08980000	0.01690000
0.09170000	0.01580000
0.09170000	0.01480000
0.09490000	0.03590000
0.10120000	0.60330000
0.11390000	0.53030000
0.12650000	0.22080000
0.13920000	0.10890000
0.15810000	0.08290000
0.15810000	0.07510000
0.15180000	0.07040000
0.13920000	0.06620000
0.12650000	0.06240000
0.12020000	0.05880000
0.11390000	0.05530000
0.11390000	0.05210000
0.11390000	0.04900000
0.11390000	0.04610000
0.12020000	0.04760000
0.12650000	0.04380000
0.13920000	0.03900000
0.15810000	0.03620000
0.15810000	0.03390000
0.15180000	0.03190000
0.15810000	0.03000000
0.16450000	0.02830000
0.22140000	0.02660000
0.31630000	0.02500000
0.18980000	0.02360000
0.07720000	0.02220000
0.10500000	0.02090000
0.11960000	0.01980000
0.12460000	0.01860000
0.13600000	0.02670000
0.15880000	0.02310000
0.16000000	0.01700000
0.15750000	0.01470000
0.15940000	0.01800000
0.15810000	0.01670000
0.15940000	0.01340000
0.16130000	0.01170000
0.16070000	0.01090000
0.16380000	0.01020000
0.15810000	0.02110000
0.17400000	0.04480000
0.18470000	0.10080000
0.18340000	0.09120000
0.17770000	0.05930000
0.17710000	0.04380000
0.17400000	0.03820000
0.16950000	0.03520000
0.16640000	0.03290000
0.16700000	0.04090000
0.16700000	0.03640000
0.16380000	0.02920000
0.16260000	0.02610000
0.16190000	0.02440000
0.15240000	0.02290000
0.14300000	0.02160000
0.14300000	0.02030000
0.14680000	0.01910000
0.15940000	0.04620000
0.17080000	0.06000000
0.17140000	0.10570000
0.17270000	0.09010000
0.16510000	0.05780000
0.16260000	0.04580000
0.15690000	0.04150000
0.15750000	0.03880000
0.15690000	0.03830000
0.16190000	0.03570000
0.16190000	0.03260000
0.17650000	0.03050000
0.18470000	0.02860000
0.17710000	0.02690000
0.18150000	0.02830000
0.18980000	0.02600000
0.20560000	0.02290000
0.22270000	0.02120000
0.21060000	0.02150000
0.20240000	0.02000000
0.20240000	0.01800000
0.21700000	0.01670000
0.23470000	0.05090000
0.24040000	0.06040000
0.26570000	0.03430000
0.36620000	0.05980000
0.63130000	0.93270000
0.51170000	2.39290000
0.57370000	2.82050000
0.38080000	1.55350000
0.29220000	0.55610000
0.25870000	0.27850000
0.24290000	0.21200000
0.21510000	0.18540000
0.20490000	0.17170000
0.20180000	0.16110000
0.19360000	0.15150000
0.19290000	0.14260000
0.22770000	0.15920000
0.26760000	0.16790000
0.25430000	0.14060000
0.22140000	0.11680000
0.22140000	0.12540000
0.37320000	0.34060000
0.31500000	0.40820000
0.24040000	0.27200000
0.21700000	0.16880000
0.20810000	0.13360000
0.20490000	0.12090000
0.19290000	0.12450000
0.25300000	0.13910000
0.26250000	0.12040000
0.22770000	0.10820000
0.23590000	0.10750000
0.23530000	0.09620000
0.20870000	0.08270000
0.19990000	0.07460000
0.77170000	0.11630000
0.56170000	0.12090000
0.30680000	0.08900000
0.23720000	0.06810000
0.37380000	0.10180000
0.39280000	0.53780000
0.25110000	0.47850000
0.20370000	0.30280000
0.17330000	0.19460000
0.15430000	0.12830000
0.14550000	0.11790000
0.13660000	0.10520000
0.12460000	0.09270000
0.11830000	0.08530000
0.11450000	0.07950000
0.10820000	0.07460000
0.10310000	0.07020000
0.09930000	0.06600000
0.08980000	0.06210000
0.08540000	0.05850000
0.07910000	0.05500000
0.07080000	0.05330000
0.07270000	0.06380000
0.08920000	0.05630000
0.09800000	0.07120000
0.10440000	0.05980000
0.10940000	0.07840000
0.09800000	0.07390000
0.11770000	0.05000000
0.10370000	0.03600000
0.11640000	0.03300000
0.11770000	0.03000000
0.11770000	0.03780000
0.12840000	0.03300000
0.15560000	0.08280000
0.14800000	0.07720000
0.20050000	1.24000000
0.21700000	2.21390000
0.15120000	1.29670000
0.11700000	0.42490000
0.10940000	0.18870000
0.10880000	0.14260000
0.11200000	0.12970000
0.10750000	0.12190000
0.12140000	0.12150000
0.12970000	0.11290000
0.15240000	0.10270000
0.14990000	0.09570000
0.15430000	0.11240000
0.14300000	0.13840000
0.12970000	0.11070000
0.11890000	0.09560000
0.11320000	0.08710000
0.14170000	0.08040000
0.15750000	0.08930000
0.17840000	0.09440000
0.16890000	0.07320000
0.16000000	0.05580000
0.14420000	0.04950000
0.13730000	0.04610000
0.12650000	0.04340000
0.11830000	0.04080000
0.12210000	0.03840000
0.11580000	0.03610000
0.11260000	0.03400000
0.11200000	0.03200000
0.11010000	0.03010000
0.10310000	0.05610000
0.10180000	0.07300000
0.11070000	0.06260000
0.10370000	0.03880000
0.10690000	0.05230000
0.11200000	0.04110000
0.11010000	0.02430000
0.13730000	0.02440000
0.14230000	0.02400000
0.14490000	0.01930000
0.11830000	0.01600000
0.12710000	0.01460000
0.12710000	0.03140000
0.13410000	0.02580000
0.11390000	0.01600000
0.10940000	0.01250000
0.09680000	0.01970000
0.09110000	0.01770000
0.08670000	0.01180000
0.08290000	0.00930000
0.07720000	0.00960000
0.11070000	0.02770000
0.10440000	0.03510000
0.09610000	0.02010000
0.09430000	0.00600000
0.08160000	0.00110000
0.07590000	0.00620000
0.07150000	0.00540000
0.06770000	0.00280000
0.06580000	0.00270000
0.06140000	0.00130000
0.06640000	0.00030000
0.06260000	0.00000000
0.06010000	0.00000000
0.05820000	0.00000000
0.05950000	0.00000000
0.06450000	0.00000000
0.06890000	0.01160000
0.06450000	0.00850000
0.05630000	0.00200000
0.05060000	0.00030000
0.05000000	0.00000000
0.05880000	0.00000000
0.08480000	0.00040000
0.11450000	0.02740000
0.08220000	0.02900000
0.07970000	0.01130000
0.05630000	0.00270000
0.07460000	0.06950000
0.11640000	0.38630000
0.13730000	2.23940000
0.08290000	2.71120000
0.05570000	1.32570000
0.04620000	0.43340000
0.03610000	0.22890000
0.03350000	0.19000000
0.03350000	0.17630000
0.03670000	0.16590000
0.03480000	0.16640000
0.03230000	0.15440000
0.03670000	0.13990000
0.03670000	0.13030000
0.04740000	0.12240000
0.05440000	0.11520000
0.05630000	0.10840000
0.05820000	0.12730000
0.05060000	0.11440000
0.05570000	0.09460000
0.05690000	0.08560000
0.06450000	0.08000000
0.07210000	0.07520000
0.07270000	0.07080000
0.06450000	0.06660000
0.05250000	0.06270000
0.06070000	0.06050000
0.04620000	0.05660000
0.06010000	0.05250000
0.05440000	0.04920000
0.04110000	0.04630000
0.04110000	0.04400000
0.04680000	0.04130000
0.05190000	0.03860000
0.06260000	0.03630000
0.07150000	0.03960000
0.06710000	0.03690000
0.07460000	0.03170000
0.07340000	0.02870000
0.07530000	0.02680000
0.08600000	0.02520000
0.07840000	0.02370000
0.08350000	0.02230000
0.08220000	0.02100000
0.06520000	0.01970000
0.06140000	0.01860000
0.06890000	0.01750000
0.07020000	0.01720000
0.07210000	0.01600000
0.07780000	0.01470000
0.07270000	0.01370000
0.06830000	0.01290000
0.06450000	0.01210000
0.06830000	0.01140000
0.06830000	0.01070000
0.06960000	0.00750000
0.07210000	0.00290000
0.06830000	0.00060000
0.06770000	0.00060000
0.06960000	0.00040000
0.07080000	0.00010000
0.06890000	0.00000000
0.06710000	0.00000000
0.07020000	0.00000000
0.07020000	0.00000000
0.07020000	0.00000000
0.07650000	0.00000000
0.07970000	0.00000000
0.08410000	0.00000000
0.08480000	0.00000000
0.08290000	0.00000000
0.08540000	0.00000000
0.08790000	0.00000000
0.08670000	0.00000000
0.08790000	0.00000000
0.08600000	0.00000000
0.08410000	0.00000000
0.08160000	0.00600000
0.09050000	0.02150000
0.08410000	0.01350000
0.08860000	0.00300000
0.08790000	0.00040000
0.08600000	0.00010000
0.08790000	0.00010000
0.08160000	0.00280000
0.08160000	0.00200000
0.08730000	0.00510000
0.08920000	0.00350000
0.08730000	0.00080000
0.08350000	0.00010000
0.08290000	0.00000000
0.08480000	0.00000000
0.08480000	0.00000000
0.07720000	0.00000000
0.06960000	0.00000000
0.06070000	0.00000000
0.06200000	0.00000000
0.06770000	0.00000000
0.06330000	0.00000000
0.06200000	0.00000000
0.06070000	0.00000000
0.06330000	0.00000000
0.06640000	0.00000000
0.07590000	0.01070000
0.08220000	0.00780000
0.07590000	0.00190000
0.06960000	0.00040000
0.06330000	0.00020000
0.06330000	0.00010000
0.06010000	0.00010000
0.05690000	0.00010000
0.05690000	0.00010000
0.06010000	0.00010000
0.06330000	0.00840000
0.09490000	0.00610000
0.37950000	0.00140000
0.29480000	0.00020000
0.17140000	0.00000000
0.13850000	0.00000000
0.14040000	0.00000000
0.13730000	0.00000000
0.12650000	0.00000000
0.12020000	0.00000000
0.10750000	0.00010000
0.09490000	0.00010000
0.08860000	0.00010000
0.09490000	0.00010000
0.09490000	0.00010000
0.09490000	0.00560000
0.09490000	0.01020000
0.09490000	0.00570000
0.08860000	0.00140000
0.08220000	0.00030000
0.08860000	0.00010000
0.09490000	0.00380000
0.09360000	0.00280000
0.09170000	0.00060000
0.09050000	0.00010000
0.08860000	0.00000000
0.08540000	0.00010000
0.08220000	0.00010000
0.08100000	0.00010000
0.08100000	0.00010000
0.08030000	0.00010000
0.08030000	0.00010000
0.07910000	0.00010000
0.07910000	0.00010000
0.07910000	0.00010000
0.07720000	0.00010000
0.07590000	0.00010000
0.07590000	0.00010000
0.07270000	0.00010000
0.07270000	0.00010000
0.07590000	0.00010000
0.07910000	0.01930000
0.07590000	0.01540000
0.07460000	0.00440000
0.07270000	0.00080000
0.07590000	0.00330000
0.08220000	0.02040000
0.08860000	0.01610000
0.08220000	0.00480000
0.07590000	0.00080000
0.06960000	0.00010000
0.06960000	0.00010000
0.07590000	0.00010000
0.07910000	0.00010000
0.08220000	0.00010000
0.08860000	0.00010000
0.08860000	0.00010000
0.08860000	0.00010000
0.09490000	0.00150000
0.10120000	0.02900000
0.12650000	0.02060000
0.17710000	0.00470000
0.25300000	0.00070000
0.16830000	0.00250000
0.18340000	0.02570000
0.17020000	0.01790000
0.17840000	0.00410000
0.19800000	0.00060000
0.19930000	0.00010000
0.19420000	0.00000000
0.18980000	0.00000000
0.18720000	0.00000000
0.19100000	0.00000000
0.18910000	0.00000000
0.18660000	0.00000000
0.18980000	0.72130000
0.20240000	1.18370000
0.18980000	0.65810000
0.18410000	0.22830000
0.19100000	0.13150000
0.20430000	0.11280000
0.20620000	0.12310000
0.21320000	0.10960000
0.20240000	0.11720000
0.18980000	0.12590000
0.18530000	0.12260000
0.18410000	0.11590000
0.17960000	0.10900000
0.17900000	0.10400000
0.17650000	0.09760000
0.17650000	0.09100000
0.17770000	0.08550000
0.17520000	0.08040000
0.15620000	0.07560000
0.17330000	0.07120000
0.16190000	0.06700000
0.16070000	0.06300000
0.15940000	0.06000000
0.15180000	0.05630000
0.14740000	0.05260000
0.14680000	0.04950000
0.15620000	0.05430000
0.15240000	0.04940000
0.14550000	0.04250000
0.14680000	0.03890000
0.14550000	0.04030000
0.14300000	0.03710000
0.13790000	0.03290000
0.14040000	0.03430000
0.13850000	0.03140000
0.13470000	0.02750000
0.12020000	0.02540000
0.12140000	0.02380000
0.11450000	0.02250000
0.09870000	0.02120000
0.08980000	0.03250000
0.08860000	0.02790000
0.15750000	0.09730000
0.32700000	0.09700000
0.20180000	0.04590000
0.16190000	0.02900000
0.16320000	0.02870000
0.16380000	0.04610000
0.20370000	0.06890000
0.21760000	0.04920000
0.17900000	0.04370000
0.16570000	0.04780000
0.16130000	0.04690000
0.16950000	0.08780000
0.17840000	0.07370000
0.16890000	0.05800000
0.16130000	0.05680000
0.15750000	0.05440000
0.15690000	0.05140000
0.15500000	0.04840000
0.17900000	0.07860000
0.27330000	0.10470000
0.23210000	0.07350000
0.18790000	0.04670000
0.26760000	0.24840000
0.25300000	0.19830000
0.20810000	0.10720000
0.19480000	0.09060000
0.18980000	0.08500000
0.17840000	0.08010000
0.17650000	0.10440000
0.35930000	1.55160000
0.34030000	2.42370000
0.22710000	1.32680000
0.21320000	0.45150000
0.21060000	0.24270000
0.20050000	0.20220000
0.18850000	0.18740000
0.18470000	0.17640000
0.18340000	0.17810000
0.17770000	0.18730000
0.16950000	0.16530000
0.16510000	0.14240000
0.16260000	0.13110000
0.15940000	0.12800000
0.15810000	0.13550000
0.15050000	0.12130000
0.14230000	0.10490000
0.13470000	0.09640000
0.13220000	0.09040000
0.12400000	0.08500000
0.12210000	0.08000000
0.11580000	0.07530000
0.09300000	0.07090000
0.08290000	0.06220000
0.07970000	0.02810000
0.09170000	0.05120000
0.09240000	0.03490000
0.09110000	0.02940000
0.08670000	0.01890000
0.08980000	0.01250000
0.07780000	0.01080000
0.06890000	0.00940000
0.06450000	0.00440000
0.06200000	0.00470000
0.05820000	0.00560000
0.05570000	0.00260000
0.05500000	0.00060000
0.06640000	0.02310000
0.07650000	0.02550000
0.06520000	0.01020000
0.06450000	0.02560000
0.07840000	0.03560000
0.07150000	0.04040000
0.07460000	0.03320000
0.08030000	0.01360000
0.08980000	0.00270000
0.12140000	0.00040000
0.18660000	0.03330000
0.11890000	0.02430000
0.11070000	0.00560000
0.10690000	0.00140000
0.10500000	0.00050000
0.10120000	0.00010000
0.09610000	0.00000000
0.09050000	0.01540000
0.08730000	0.01130000
0.08100000	0.00260000
0.07720000	0.00240000
0.07780000	0.00190000
0.07460000	0.00480000
0.07840000	0.00320000
0.07460000	0.00630000
0.06640000	0.00800000
0.07020000	0.00860000
0.06770000	0.02020000
0.06640000	0.02220000
0.07080000	0.00990000
0.09680000	0.00200000
0.07270000	0.00030000
0.06830000	0.00000000
0.06830000	0.00000000
0.07270000	0.03540000
0.12020000	0.02590000
0.09680000	0.00600000
0.07650000	0.00090000
0.07150000	0.00010000
0.06960000	0.00990000
0.06960000	0.00800000
0.07080000	0.00220000
0.06450000	0.00610000
0.05820000	0.00420000
0.05250000	0.00100000
0.05000000	0.00010000
0.04810000	0.00000000
0.04810000	0.00000000
0.04550000	0.00000000
0.04170000	0.00000000
0.04170000	0.00000000
0.03990000	0.00000000
0.03920000	0.00000000
0.04240000	0.00410000
0.04740000	0.00300000
0.04620000	0.00070000
0.04430000	0.00010000
0.04680000	0.00000000
0.04680000	0.01260000
0.05060000	0.00920000
0.04490000	0.00210000
0.04300000	0.00030000
0.04110000	0.00000000
0.04110000	0.00000000
0.04050000	0.00000000
0.03800000	0.00000000
0.03670000	0.00000000
0.03610000	0.00000000
0.02910000	0.00850000
0.04050000	0.00620000
0.06330000	0.00140000
0.04740000	0.00020000
0.05500000	0.00000000
0.05250000	0.00000000
0.05250000	0.01770000
0.06390000	0.01290000
0.06010000	0.00300000
0.05630000	0.00040000
0.05310000	0.00000000
0.05120000	0.00000000
0.05190000	0.00000000
0.05500000	0.00000000
0.05380000	0.00000000
0.05120000	0.00000000
0.05000000	0.00000000
0.04810000	0.00000000
0.04490000	0.00370000
0.04240000	0.00970000
0.05060000	0.00700000
0.05500000	0.00220000
0.05440000	0.00610000
0.05250000	0.01270000
0.04930000	0.00720000
0.04930000	0.00160000
0.04810000	0.00020000
0.04490000	0.00000000
0.04170000	0.00000000
0.04300000	0.00000000
0.04490000	0.00000000
0.04550000	0.00000000
0.05500000	0.01380000
0.06260000	0.02210000
0.06450000	0.02340000
0.05690000	0.01640000
0.05380000	0.00610000
0.04740000	0.00120000
0.04550000	0.00020000
0.04680000	0.00000000
0.04930000	0.00000000
0.05000000	0.00000000
0.05000000	0.00000000
0.04870000	0.00000000
0.04620000	0.00000000
0.04740000	0.01050000
0.05120000	0.00760000
0.05190000	0.00180000
0.05190000	0.00030000
0.05380000	0.00000000
0.05440000	0.00000000
0.05380000	0.00000000
0.05570000	0.00000000
0.05500000	0.00070000
0.05950000	0.00050000
0.06830000	0.00010000
0.06960000	0.00000000
0.07020000	0.00000000
0.07080000	0.00000000
0.09170000	0.06990000
0.08730000	0.05100000
0.06200000	0.01180000
0.05630000	0.03210000
0.04870000	0.02300000
0.04240000	0.00550000
0.03990000	0.00080000
0.03730000	0.00010000
0.03860000	0.00000000
0.02780000	0.00010000
0.01450000	0.00010000
0.01770000	0.00010000
0.01900000	0.00010000
0.02020000	0.00010000
0.02150000	0.00010000
0.02280000	0.00010000
0.02400000	0.00010000
0.02530000	0.00010000
0.02530000	0.00010000
0.02850000	0.00010000
0.03160000	0.00010000
0.03670000	0.00010000
0.04110000	0.00010000
0.04550000	0.00010000
0.05060000	0.00010000
0.05690000	0.00010000
0.06330000	0.00010000
0.07590000	0.00010000
0.08220000	0.00010000
0.09490000	0.00600000
0.12650000	0.01810000
0.18980000	0.01270000
0.25300000	0.00390000
0.22140000	0.00090000
0.18980000	0.00030000
0.19610000	0.00020000
0.20240000	0.00020000
0.20870000	0.00020000
0.22770000	0.00020000
0.24040000	0.01010000
0.25300000	0.00870000
0.22140000	0.01080000
0.18980000	0.01600000
0.15810000	0.01740000
0.12650000	0.01690000
0.12020000	0.01590000
0.10750000	0.01500000
0.10120000	0.01410000
0.09490000	0.01330000
0.08860000	0.01250000
0.07590000	0.01180000
0.06330000	0.01110000
0.05690000	0.01040000
0.05060000	0.00980000
0.05120000	0.00920000
0.05250000	0.00860000
0.05380000	0.00810000
0.05440000	0.00760000
0.05570000	0.00720000
0.05630000	0.00670000
0.05690000	0.00640000
0.06010000	0.00600000
0.05060000	0.00560000
0.04740000	0.00540000
0.04430000	0.00510000
0.04810000	0.00480000
0.05190000	0.00460000
0.05690000	0.14210000
0.06330000	0.75920000
0.06140000	1.23040000
0.05950000	0.97430000
0.05690000	0.46640000
0.06330000	0.22850000
0.06330000	0.17500000
0.06330000	0.16240000
0.06330000	0.15890000
0.06010000	0.15300000
0.05690000	0.14540000
0.05570000	0.13750000
0.05440000	0.12950000
0.05310000	0.12190000
0.05190000	0.11470000
0.05060000	0.10800000
0.05500000	0.10160000
0.05880000	0.09560000
0.06330000	0.09000000
0.06330000	0.08470000
0.06330000	0.07970000
0.06330000	0.07500000
0.06010000	0.07060000
0.05690000	0.06640000
0.05950000	0.06250000
0.06200000	0.05880000
0.06330000	0.05540000
0.06330000	0.05210000
0.05690000	0.04910000
0.05690000	0.04620000
0.06330000	0.04350000
0.09490000	0.04210000
0.12650000	0.04770000
0.18980000	0.04420000
0.25300000	0.03700000
0.20240000	0.03280000
0.16450000	0.03030000
0.12650000	0.02850000
0.11390000	0.02680000
0.10750000	0.02520000
0.10120000	0.02370000
0.09490000	0.02230000
0.09490000	0.02100000
0.09170000	0.01980000
0.08860000	0.01860000
0.08220000	0.01760000
0.10750000	0.01650000
0.12650000	0.01560000
0.12020000	0.01460000
0.11390000	0.01380000
0.10750000	0.01300000
0.10440000	0.01220000
0.10120000	0.01150000
0.09800000	0.01080000
0.09490000	0.01020000
0.09490000	0.00960000
0.10750000	0.00910000
0.12650000	0.00850000
0.18340000	0.00800000
0.25300000	0.00760000
0.18980000	0.00710000
0.16450000	0.00670000
0.18980000	0.00630000
0.31630000	0.00760000
0.56930000	0.03100000
1.07530000	0.03490000
1.26510000	0.01970000
1.58140000	0.00910000
1.89770000	0.03300000
0.69580000	0.46780000
0.50600000	1.09080000
0.36750000	0.68440000
0.31880000	0.25130000
0.30680000	0.16580000
0.29600000	0.53990000
0.29100000	0.67900000
0.26880000	0.42000000
0.26570000	0.24440000
0.26440000	0.20030000
0.25680000	0.18750000
0.24420000	0.17790000
0.23590000	0.16780000
0.23280000	0.16060000
0.22960000	0.15550000
0.22200000	0.14390000
0.22140000	0.13560000
0.21700000	0.12710000
0.21190000	0.11770000
0.20370000	0.11120000
0.21760000	0.12630000
0.22140000	0.12060000
0.21570000	0.10040000
0.21760000	0.09250000
0.26570000	0.68410000
0.30930000	1.01120000
0.27900000	0.58510000
0.26630000	0.26460000
0.29860000	0.71910000
0.38780000	1.48100000
0.33900000	0.96460000
0.29480000	0.40960000
0.28280000	0.27390000
0.27450000	0.24240000
0.25810000	0.22620000
0.25050000	0.21290000
0.24730000	0.20030000
0.24230000	0.18850000
0.25370000	0.21030000
0.27200000	0.19690000
0.28530000	0.16830000
0.42630000	2.24830000
0.92980000	4.45020000
0.66420000	3.32190000
0.42320000	1.37170000
0.32200000	0.56270000
0.26760000	0.38670000
0.25050000	0.35180000
0.23400000	0.32800000
0.20870000	0.30510000
0.19360000	0.29000000
0.18280000	0.27270000
0.21250000	0.29060000
0.25430000	0.29570000
0.24860000	0.25280000
0.21060000	0.21710000
0.19170000	0.19940000
0.18280000	0.18920000
0.18280000	0.18480000
0.19230000	0.17120000
0.16640000	0.15700000
0.15690000	0.14670000
0.15050000	0.13790000
0.14680000	0.12970000
0.13980000	0.12200000
0.13220000	0.11480000
0.12710000	0.11010000
0.13090000	0.10320000
0.12710000	0.10070000
0.10440000	0.09350000
0.12080000	0.08550000
0.13030000	0.08710000
0.12270000	0.08170000
0.11200000	0.07280000
0.10880000	0.06680000
0.10690000	0.06260000
0.11200000	0.08690000
0.15810000	0.13040000
0.18910000	0.10710000
0.15370000	0.06710000
0.12710000	0.04970000
0.12210000	0.06660000
0.17400000	0.28540000
0.28910000	1.07520000
0.24290000	1.17680000
0.17080000	0.58750000
0.14680000	0.23520000
0.13470000	0.15470000
0.12710000	0.13890000
0.12210000	0.12790000
0.12270000	0.11830000
0.28340000	0.17030000
0.36690000	0.16790000
0.24100000	0.12290000
0.16380000	0.09720000
0.12590000	0.08750000
0.11960000	0.08180000
0.11700000	0.07690000
0.09740000	0.07670000
0.13160000	0.07660000
0.11320000	0.06870000
0.14230000	0.06130000
0.13280000	0.05690000
0.13540000	0.05340000
0.14300000	0.05020000
0.13600000	0.04730000
0.13220000	0.04450000
0.13030000	0.04180000
0.15430000	0.04580000
0.16070000	0.06640000
0.14930000	0.06570000
0.12020000	0.04570000
0.11130000	0.03530000
0.10880000	0.03070000
0.09870000	0.02770000
0.09490000	0.06190000
0.13660000	0.06460000
0.11130000	0.04600000
0.12650000	0.05270000
0.13470000	0.05010000
0.10500000	0.04910000
0.11010000	0.03320000
0.10180000	0.02030000
0.10060000	0.01650000
0.09870000	0.01520000
0.08860000	0.01420000
0.07910000	0.01320000
0.07460000	0.01240000
0.07080000	0.01170000
0.06770000	0.01100000
0.07020000	0.01940000
0.06960000	0.01640000
0.07340000	0.01840000
0.06580000	0.01640000
0.06580000	0.02770000
0.07270000	0.05150000
0.07840000	0.03280000
0.07270000	0.01280000
0.07020000	0.00740000
0.07910000	0.00310000
0.07840000	0.00060000
0.07720000	0.00010000
0.07650000	0.00000000
0.07460000	0.00000000
0.06960000	0.00000000
0.07530000	0.00000000
0.07720000	0.00000000
0.07720000	0.00000000
0.07460000	0.00000000
0.07780000	0.00680000
0.08290000	0.00750000
0.04930000	0.00570000
0.09680000	0.00250000
0.07530000	0.00490000
0.08160000	0.00620000
0.08410000	0.00400000
0.08290000	0.00140000
0.07780000	0.00030000
0.07780000	0.00000000
0.07720000	0.00000000
0.07460000	0.00000000
0.06260000	0.00000000
0.06070000	0.00000000
0.08730000	0.00860000
0.07270000	0.00630000
0.05690000	0.00140000
0.04870000	0.00020000
0.04490000	0.00000000
0.04300000	0.00000000
0.04360000	0.00000000
0.04300000	0.00000000
0.04050000	0.00000000
0.03920000	0.00000000
0.03920000	0.00000000
0.03860000	0.00000000
0.03730000	0.00000000
0.03480000	0.00000000
0.03670000	0.01730000
0.04430000	0.02150000
0.04680000	0.00940000
0.04430000	0.00190000
0.04170000	0.00030000
0.03990000	0.00000000
0.04110000	0.00290000
0.06390000	0.02810000
0.05880000	0.03560000
0.06260000	0.01950000
0.06010000	0.00570000
0.05950000	0.00540000
0.06450000	0.00850000
0.06010000	0.00450000
0.05500000	0.00100000
0.05190000	0.00010000
0.04930000	0.00000000
0.05060000	0.00000000
0.05820000	0.00000000
0.06710000	0.00000000
0.06890000	0.00000000
0.07270000	0.00000000
0.07210000	0.00000000
0.06960000	0.00000000
0.06960000	0.00000000
0.06830000	0.00000000
0.06520000	0.00000000
0.06450000	0.02080000
0.06890000	0.02750000
0.06330000	0.01250000
0.06070000	0.00260000
0.06330000	0.00040000
0.07080000	0.01500000
0.06710000	0.03060000
0.08030000	0.01690000
0.04680000	0.00370000
0.05570000	0.00050000
0.06070000	0.00080000
0.05500000	0.00060000
0.05440000	0.00010000
0.04620000	0.00000000
0.05190000	0.00000000
0.05690000	0.00000000
0.07460000	0.00000000
0.05570000	0.00000000
0.05500000	0.00000000
0.05630000	0.00000000
0.05690000	0.00000000
0.05440000	0.00000000
0.04740000	0.00000000
0.04300000	0.00000000
0.04810000	0.00000000
0.05060000	0.00000000
0.05820000	0.00000000
0.06830000	0.00000000
0.08670000	0.00130000
0.04870000	0.00100000
0.06010000	0.00020000
0.06520000	0.00000000
0.06450000	0.00000000
0.06580000	0.00000000
0.06830000	0.00000000
0.06770000	0.00000000
0.05950000	0.00000000
0.05440000	0.00000000
0.05630000	0.00000000
0.06010000	0.00000000
0.06520000	0.00000000
0.06580000	0.00000000
0.06520000	0.00000000
0.06450000	0.00000000
0.08480000	0.00000000
0.07460000	0.00000000
0.05250000	0.00010000
0.05310000	0.00080000
0.05380000	0.00060000
0.05000000	0.00010000
0.05820000	0.00010000
0.06890000	0.04210000
0.06890000	0.03080000
0.05250000	0.00720000
0.00570000	0.00120000
0.12650000	0.00030000
0.37950000	0.00020000
0.28460000	0.00020000
0.50600000	0.00020000
0.27710000	0.00020000
0.18850000	0.00360000
0.12400000	0.02650000
0.08920000	0.02530000
0.07340000	0.01180000
0.07340000	0.00850000
0.06960000	0.00540000
0.06830000	0.01190000
0.06960000	0.01100000
0.07080000	0.00470000
0.06890000	0.00130000
0.05440000	0.00030000
0.06710000	0.00010000
0.07210000	0.00270000
0.07970000	0.00270000
0.06960000	0.00260000
0.07720000	0.00740000
0.07080000	0.00560000
0.07650000	0.01250000
0.07080000	0.02200000
0.07780000	0.02320000
0.06890000	0.02490000
0.04870000	0.02620000
0.03800000	0.02540000
0.04430000	0.02410000
0.05690000	0.02270000
0.06330000	0.02130000
0.05820000	0.02010000
0.05440000	0.01890000
0.05060000	0.01780000
0.05690000	0.01670000
0.06330000	0.01570000
0.07590000	0.01480000
0.08860000	0.01390000
0.08220000	0.01880000
0.10120000	0.01760000
0.12650000	0.01620000
0.11390000	0.12150000
0.10750000	0.10260000
0.10120000	0.06550000
0.10120000	0.06090000
0.09490000	0.05810000
0.08860000	0.05930000
0.08220000	0.05500000
0.07590000	0.05150000
0.06330000	0.04940000
0.05060000	0.04670000
0.04430000	0.04400000
0.04430000	0.04140000
0.05060000	0.03900000
0.05690000	0.03670000
0.06330000	0.04120000
0.07590000	0.03730000
0.06330000	0.03310000
0.05690000	0.03130000
0.05690000	0.02960000
0.05380000	0.02780000
0.05060000	0.02620000
0.04430000	0.02460000
0.03800000	0.02320000
0.03800000	0.02180000
0.03800000	0.02050000
0.04110000	0.01930000
0.04430000	0.01820000
0.04430000	0.01710000
0.04430000	0.01610000
0.05060000	0.01520000
0.05690000	0.01430000
0.06330000	0.01340000
0.05690000	0.02170000
0.06330000	0.01860000
0.07590000	0.01700000
0.10120000	0.01390000
0.12650000	0.01060000
0.12020000	0.00940000
0.11700000	0.00880000
0.11390000	0.00820000
0.11070000	0.00780000
0.10750000	0.00730000
0.10440000	0.00690000
0.10120000	0.00650000
0.11390000	0.00610000
0.18980000	0.00570000
0.16450000	0.00540000
0.12650000	0.00510000
0.09490000	0.00490000
0.07590000	0.00460000
0.08220000	0.00440000
0.08860000	0.00410000
0.07590000	0.00390000
0.06330000	0.00370000
0.07910000	0.00350000
0.10750000	0.00330000
0.12650000	0.01920000
0.11390000	0.01460000
0.10120000	0.00530000
0.09490000	0.00290000
0.08860000	0.00250000
0.09490000	0.00230000
0.10750000	0.00220000
0.12650000	0.02380000
0.31630000	0.02300000
0.22960000	0.00930000
0.20050000	0.00320000
0.20300000	0.00180000
0.18220000	0.00160000
0.16320000	0.00150000
0.13660000	0.00140000
0.12140000	0.00130000
0.10940000	0.00130000
0.10370000	0.00120000
0.10690000	0.00110000
0.13660000	0.00110000
0.13090000	0.00100000
0.11640000	0.00100000
0.13790000	0.00090000
0.22900000	0.03040000
0.34090000	0.05230000
0.30550000	0.19360000
0.22650000	0.14900000
0.20560000	0.08320000
0.21250000	0.08100000
0.20680000	0.07380000
0.16130000	0.06500000
0.16130000	0.06030000
0.17270000	0.05660000
0.13160000	0.05330000
0.17520000	0.05050000
0.17270000	0.04750000
0.15750000	0.04450000
0.16260000	0.04850000
0.16450000	0.04540000
0.15560000	0.03900000
0.15050000	0.03520000
0.15620000	0.03280000
0.13980000	0.03080000
0.14420000	0.02900000
0.13730000	0.02730000
0.13660000	0.02570000
0.13160000	0.02420000
0.11890000	0.04000000
0.11320000	0.03400000
0.12270000	0.02310000
0.09300000	0.01940000
0.10750000	0.01790000
0.10500000	0.01680000
0.11890000	0.05140000
0.13850000	0.06030000
0.12520000	0.03420000
0.12140000	0.01730000
0.16190000	0.07480000
0.21510000	0.06910000
0.18600000	0.03840000
0.16320000	0.03870000
0.15050000	0.04320000
0.14420000	0.04230000
0.13850000	0.04200000
0.14420000	0.04380000
0.13540000	0.03920000
0.12840000	0.03430000
0.13790000	0.05120000
0.14490000	0.04400000
0.13280000	0.03120000
0.12840000	0.02670000
0.12520000	0.02470000
0.12900000	0.03720000
0.13350000	0.03480000
0.12780000	0.02490000
0.12080000	0.02020000
0.11580000	0.01260000
0.12520000	0.00440000
0.09930000	0.00160000
0.10820000	0.00060000
0.10690000	0.00010000
0.09870000	0.00000000
0.09430000	0.00000000
0.09300000	0.00000000
0.10500000	0.00640000
0.09680000	0.00460000
0.09360000	0.00110000
0.10180000	0.00020000
0.08290000	0.00000000
0.09050000	0.00650000
0.08790000	0.00480000
0.08980000	0.00860000
0.08480000	0.00560000
0.07970000	0.00130000
0.07150000	0.00020000
0.07080000	0.00010000
0.06890000	0.00010000
0.06520000	0.00000000
0.06260000	0.00000000
0.06260000	0.00000000
0.06390000	0.00000000
0.07080000	0.00000000
0.05120000	0.00000000
0.05630000	0.00000000
0.06070000	0.00000000
0.06200000	0.00000000
0.06200000	0.00000000
0.06070000	0.00000000
0.05950000	0.00990000
0.05120000	0.00730000
0.05000000	0.00170000
0.04490000	0.00020000
0.04240000	0.00200000
0.04620000	0.00140000
0.04490000	0.00030000
0.04050000	0.00000000
0.03730000	0.00000000
0.03100000	0.00000000
0.03670000	0.00000000
0.03230000	0.00000000
0.03480000	0.00000000
0.03800000	0.00000000
0.03290000	0.00000000
0.03290000	0.01110000
0.03670000	0.03350000
0.05000000	0.02040000
0.04240000	0.00460000
0.04170000	0.00060000
0.04170000	0.00010000
0.03730000	0.00000000
0.04050000	0.00000000
0.03290000	0.00000000
0.03350000	0.00000000
0.03160000	0.00000000
0.02850000	0.00000000
0.02590000	0.00000000
0.02660000	0.00000000
0.02720000	0.00000000
0.02780000	0.00910000
0.03160000	0.00980000
0.03100000	0.00390000
0.03670000	0.00080000
0.02470000	0.00010000
0.02530000	0.00000000
0.02850000	0.00000000
0.02780000	0.00000000
0.02850000	0.00000000
0.02780000	0.00000000
0.02720000	0.00000000
0.02590000	0.00000000
0.02970000	0.00000000
0.02970000	0.00000000
0.02660000	0.00000000
0.02530000	0.00500000
0.04680000	0.04380000
0.03920000	0.03020000
0.03610000	0.00690000
0.03800000	0.01160000
0.03800000	0.01140000
0.03800000	0.00440000
0.03230000	0.00090000
0.02850000	0.00010000
0.03100000	0.00000000
0.02660000	0.00000000
0.03730000	0.00000000
0.02970000	0.00000000
0.02660000	0.00000000
0.02660000	0.00000000
0.02660000	0.00000000
0.02720000	0.00120000
0.03420000	0.02940000
0.03730000	0.02400000
0.03290000	0.02760000
0.03670000	0.01620000
0.03610000	0.01870000
0.03480000	0.04260000
0.04740000	0.02550000
0.04360000	0.00580000
0.03350000	0.00810000
0.04170000	0.00540000
0.04300000	0.00120000
0.04360000	0.00020000
0.04550000	0.00000000
0.03800000	0.00000000
0.02530000	0.00000000
0.04740000	0.00000000
0.04740000	0.00000000
0.04170000	0.00000000
0.05820000	0.05900000
0.06450000	0.07810000
0.11200000	0.03550000
0.11510000	0.02900000
0.08790000	0.35180000
0.08920000	0.36290000
0.09110000	0.18530000
0.08410000	0.10220000
0.09170000	0.08160000
0.08790000	0.07470000
0.06830000	0.08210000
0.06640000	0.07470000
0.04240000	0.07710000
0.08290000	0.06970000
0.09360000	0.05830000
0.12650000	0.05230000
0.11700000	0.04880000
0.08600000	0.04940000
0.07270000	0.04570000
0.09360000	0.04120000
0.07590000	0.03830000
0.06710000	0.03590000
0.06390000	0.03380000
0.06200000	0.03500000
0.06640000	0.03230000
0.07530000	0.03080000
0.07080000	0.03170000
0.07080000	0.03330000
0.05570000	0.02800000
0.03540000	0.02310000
0.04170000	0.02140000
0.04240000	0.01990000
0.04170000	0.01850000
0.04360000	0.01750000
0.04360000	0.01640000
0.05380000	0.01540000
0.03160000	0.01440000
0.05000000	0.01530000
0.04430000	0.01520000
0.04680000	0.01310000
0.04870000	0.01150000
0.04810000	0.01070000
0.04870000	0.01000000
0.05060000	0.01170000
0.05380000	0.01060000
0.05310000	0.00890000
0.05440000	0.00810000
0.05440000	0.00750000
0.05250000	0.02480000
0.05250000	0.02220000
0.05060000	0.02890000
0.04930000	0.01980000
0.04740000	0.00870000
0.04930000	0.00570000
0.05060000	0.00500000
0.05690000	0.00470000
0.06960000	0.00440000
0.06390000	0.00420000
0.06010000	0.03290000
0.05820000	0.03130000
0.06010000	0.01300000
0.05690000	0.00500000
0.06580000	0.00320000
0.05190000	0.00280000
0.05060000	0.00260000
0.05690000	0.00250000
0.05570000	0.00230000
0.05690000	0.00220000
0.05820000	0.00210000
0.05820000	0.00190000
0.05690000	0.00180000
0.06010000	0.00170000
0.05690000	0.00160000
0.05950000	0.00150000
0.06140000	0.00140000
0.05950000	0.00130000
0.05690000	0.00130000
0.05630000	0.00130000
0.05690000	0.00130000
0.05120000	0.00120000
0.05570000	0.00870000
0.07530000	0.00650000
0.07780000	0.00220000
0.06960000	0.00100000
0.06830000	0.00080000
0.05820000	0.00080000
0.05250000	0.00080000
0.04550000	0.00080000
0.04430000	0.00080000
0.04740000	0.00070000
0.05060000	0.00070000
0.05380000	0.00070000
0.05690000	0.01510000
0.05880000	0.01110000
0.06140000	0.00290000
0.06330000	0.00080000
0.06200000	0.00040000
0.05950000	0.00040000
0.05690000	0.00030000
0.05500000	0.00030000
0.05310000	0.00030000
0.05060000	0.00030000
0.04870000	0.00030000
0.04620000	0.00020000
0.04430000	0.00020000
0.04240000	0.00020000
0.04110000	0.00020000
0.04240000	0.00020000
0.04430000	0.00020000
0.04740000	0.00020000
0.05060000	0.00020000
0.06010000	0.00020000
0.07270000	0.00010000
0.08220000	0.00010000
0.09490000	0.00400000
0.10120000	0.00300000
0.10750000	0.00080000
0.10120000	0.00020000
0.09490000	0.00010000
0.09170000	0.00010000
0.08860000	0.00010000
0.08540000	0.00010000
0.08220000	0.00010000
0.07590000	0.00010000
0.07910000	0.00010000
0.08220000	0.00010000
0.07910000	0.00010000
0.07590000	0.00010000
0.07270000	0.00010000
0.06640000	0.00020000
0.06330000	0.00020000
0.06640000	0.00020000
0.06960000	0.00020000
0.06330000	0.00020000
0.05690000	0.00020000
0.05060000	0.00020000
0.04430000	0.00020000
0.05060000	0.00020000
0.05690000	0.00020000
0.06330000	0.00020000
0.06960000	0.00020000
0.07590000	0.03000000
0.08220000	0.02320000
0.08860000	0.00610000
0.10120000	0.01270000
0.11390000	0.01650000
0.12650000	0.01900000
0.12650000	0.02870000
0.12020000	0.03720000
0.11390000	0.03900000
0.10750000	0.03750000
0.10120000	0.03540000
0.09490000	0.03340000
0.09610000	0.03140000
0.09800000	0.02950000
0.10120000	0.02780000
0.10440000	0.02620000
0.10750000	0.02460000
0.11070000	0.02320000
0.11390000	0.02180000
0.11390000	0.02060000
0.12650000	0.03910000
0.15810000	0.04460000
0.18980000	0.03320000
0.22140000	0.03990000
0.25300000	0.04810000
0.21510000	0.04850000
0.18340000	0.04630000
0.15180000	0.04370000
0.12650000	0.04110000
0.11390000	0.03870000
0.12650000	0.03640000
0.14550000	0.03430000
0.17080000	0.03220000
0.18980000	0.03030000
0.22140000	0.02860000
0.20240000	0.02690000
0.21510000	0.02530000
0.23400000	0.02380000
0.25300000	0.02240000
0.22140000	0.02110000
0.18980000	0.01980000
0.17710000	0.01870000
0.18980000	0.03590000
0.21510000	0.04290000
0.23400000	0.03040000
0.25300000	0.01890000
0.23660000	0.01450000
0.20680000	0.01300000
0.14990000	0.01750000
0.15620000	0.03740000
0.20240000	0.09980000
0.19230000	0.20160000
0.13980000	0.15490000
0.14930000	0.10280000
0.12970000	0.09180000
0.12650000	0.08630000
0.12460000	0.08130000
0.11890000	0.07650000
0.12330000	0.07280000
0.12400000	0.06830000
0.11390000	0.06390000
0.11070000	0.06000000
0.11390000	0.05650000
0.10820000	0.05310000
0.11070000	0.05000000
0.11200000	0.04700000
0.11070000	0.04430000
0.10560000	0.04170000
0.10440000	0.04960000
0.11130000	0.04520000
0.10820000	0.04140000
0.10820000	0.06730000
0.11010000	0.05420000
0.11320000	0.03430000
0.11390000	0.02800000
0.10880000	0.02570000
0.10750000	0.02410000
0.11070000	0.02270000
0.11770000	0.04400000
0.11390000	0.03800000
0.11390000	0.05660000
0.14490000	0.06130000
0.12650000	0.04530000
0.11200000	0.02650000
0.11010000	0.01690000
0.10750000	0.01740000
0.11320000	0.02720000
0.10370000	0.02280000
0.09930000	0.01470000
0.09680000	0.01150000
0.09490000	0.01040000
0.09300000	0.02200000
0.10500000	0.04970000
0.11960000	0.41570000
0.13160000	0.46070000
0.12080000	0.24270000
0.10820000	0.13400000
0.10940000	0.11230000
0.11260000	0.09600000
0.10940000	0.08340000
0.11770000	0.10130000
0.12520000	0.20110000
0.11830000	0.17260000
0.11320000	0.13410000
0.11010000	0.12450000
0.11070000	0.11630000
0.10880000	0.10920000
0.10250000	0.10280000
0.10120000	0.09670000
0.09300000	0.09100000
0.09800000	0.11510000
0.09170000	0.10620000
0.09050000	0.08380000
0.07970000	0.07280000
0.08670000	0.06730000
0.08860000	0.06320000
0.23210000	0.06660000
0.14860000	0.06110000
0.11130000	0.05380000
0.09550000	0.04970000
0.08920000	0.04660000
0.08100000	0.04390000
0.07910000	0.04130000
0.07720000	0.04000000
0.08160000	0.03890000
0.06580000	0.03690000
0.07210000	0.04190000
0.07340000	0.04430000
0.07210000	0.04930000
0.07650000	0.04210000
0.06770000	0.03310000
0.06830000	0.02710000
0.06770000	0.02330000
0.06390000	0.02130000
0.06770000	0.03500000
0.06710000	0.02980000
0.06330000	0.02510000
0.07340000	0.02060000
0.05690000	0.01650000
0.05880000	0.01680000
0.06070000	0.01530000
0.07080000	0.01520000
0.06260000	0.00750000
0.06260000	0.00160000
0.06260000	0.01760000
0.07970000	0.02670000
0.07020000	0.01690000
0.10750000	0.06070000
0.15240000	0.06900000
0.09550000	0.02960000
0.08220000	0.00610000
0.07650000	0.00690000
0.07210000	0.00600000
0.06830000	0.00220000
0.06330000	0.00040000
0.06070000	0.00010000
0.05880000	0.00000000
0.06640000	0.01660000
0.11320000	0.04410000
0.08480000	0.02760000
0.06830000	0.01130000
0.06640000	0.01420000
0.06390000	0.00810000
0.04930000	0.00180000
0.04740000	0.00030000
0.04620000	0.00000000
0.04300000	0.00350000
0.04050000	0.00250000
0.04110000	0.00060000
0.04110000	0.00010000
0.03670000	0.00000000
0.04050000	0.00070000
0.03920000	0.00050000
0.03800000	0.00010000
0.03540000	0.00000000
0.03670000	0.00000000
0.03670000	0.00000000
0.03610000	0.00000000
0.03160000	0.00000000
0.03480000	0.00000000
0.03230000	0.00000000
0.03230000	0.00000000
0.03230000	0.00000000
0.04240000	0.01050000
0.04490000	0.00760000
0.03480000	0.00180000
0.03730000	0.00030000
0.03860000	0.00000000
0.03860000	0.00000000
0.03730000	0.00010000
0.03670000	0.00000000
0.03670000	0.00000000
0.04490000	0.00000000
0.03920000	0.00000000
0.02970000	0.00170000
0.04240000	0.00120000
0.03610000	0.00030000
0.03540000	0.00000000
0.02470000	0.00000000
0.02150000	0.00000000
0.02660000	0.00000000
0.02720000	0.00000000
0.03290000	0.00190000
0.03350000	0.00390000
0.03290000	0.00220000
0.04110000	0.00050000
0.04050000	0.00010000
0.04170000	0.00000000
0.03860000	0.00000000
0.03990000	0.00400000
0.04430000	0.00660000
0.04240000	0.00330000
0.04300000	0.00310000
0.03800000	0.00680000
0.04170000	0.00930000
0.06390000	0.00610000
0.04550000	0.00210000
0.03040000	0.00050000
0.03540000	0.00010000
0.03420000	0.00000000
0.03860000	0.00000000
0.04050000	0.00000000
0.03230000	0.00000000
0.03350000	0.00000000
0.03730000	0.00480000
0.03480000	0.01000000
0.03670000	0.00560000
0.03860000	0.00120000
0.03670000	0.00360000
0.03350000	0.00250000
0.03860000	0.00060000
0.04050000	0.00010000
0.04050000	0.00000000
0.04810000	0.03490000
0.05310000	0.02550000
0.05310000	0.00590000
0.04930000	0.00080000
0.05630000	0.00050000
0.04240000	0.00030000
0.04360000	0.00010000
0.02720000	0.00000000
0.04550000	0.00000000
0.03730000	0.00000000
0.03480000	0.00000000
0.06140000	0.00000000
0.06390000	0.00000000
0.08350000	0.00000000
0.08220000	0.00000000
0.04620000	0.00000000
0.04620000	0.00000000
0.05190000	0.00000000
0.06070000	0.00000000
0.06010000	0.00000000
0.04300000	0.00000000
0.03290000	0.00000000
0.04110000	0.00000000
0.05380000	0.01780000
0.05000000	0.01300000
0.05690000	0.00300000
0.05820000	0.00100000
0.06640000	0.00050000
0.06260000	0.00010000
0.08600000	0.00310000
0.05950000	0.00230000
0.04050000	0.00050000
0.05120000	0.00010000
0.05310000	0.00000000
0.05310000	0.00000000
0.05310000	0.00000000
0.04810000	0.00000000
0.04680000	0.00000000
0.05000000	0.00000000
0.05310000	0.00980000
0.05250000	0.00890000
0.05690000	0.00560000
0.06640000	0.01210000
0.05950000	0.00760000
0.07080000	0.00180000
0.07020000	0.00040000
0.07780000	0.00020000
0.08030000	0.00010000
0.07020000	0.00010000
0.04740000	0.00010000
0.05570000	0.00010000
0.05820000	0.00010000
0.07080000	0.00010000
0.08540000	0.02830000
0.09300000	0.04840000
0.08100000	0.02510000
0.07270000	0.00540000
0.05950000	0.00080000
0.06140000	0.00010000
0.07210000	0.00000000
0.06450000	0.00000000
0.07720000	0.00000000
0.06960000	0.00000000
0.07400000	0.00000000
0.07910000	0.00000000
0.07270000	0.00010000
0.03540000	0.00010000
0.02780000	0.00010000
0.03290000	0.00010000
0.11200000	0.00010000
0.07530000	0.00010000
0.07080000	0.00010000
0.06770000	0.00010000
0.08350000	0.02110000
0.08410000	0.02380000
0.08350000	0.01410000
0.08030000	0.00570000
0.07780000	0.00150000
0.07210000	0.00030000
0.06140000	0.00010000
0.06890000	0.01750000
0.09300000	0.02280000
0.09110000	0.01040000
0.08100000	0.01360000
0.07590000	0.01940000
0.06330000	0.01990000
0.06330000	0.01900000
0.06640000	0.01790000
0.06960000	0.01690000
0.07590000	0.01590000
0.08220000	0.01490000
0.08860000	0.02260000
0.09490000	0.02020000
0.10120000	0.03430000
0.10750000	0.05730000
0.11700000	0.06680000
0.12330000	0.06860000
0.12140000	0.06690000
0.10370000	0.06350000
0.10500000	0.05980000
0.10060000	0.05630000
0.09800000	0.05300000
0.09490000	0.05000000
0.09170000	0.04700000
0.08860000	0.04430000
0.08860000	0.04170000
0.08540000	0.04540000
0.07590000	0.04140000
0.06960000	0.03830000
0.06330000	0.03710000
0.05690000	0.03520000
0.05060000	0.03320000
0.06010000	0.03120000
0.06960000	0.02940000
0.07590000	0.02770000
0.08220000	0.03180000
0.08860000	0.03970000
0.09490000	0.03770000
0.08860000	0.05080000
0.08220000	0.06070000
0.07910000	0.06120000
0.06960000	0.05860000
0.06330000	0.05530000
0.06640000	0.05210000
0.06960000	0.04900000
0.06640000	0.04610000
0.06330000	0.04340000
0.06960000	0.04080000
0.06330000	0.03840000
0.06010000	0.03620000
0.05690000	0.03400000
0.05060000	0.03200000
0.04430000	0.03010000
0.04430000	0.02840000
0.04740000	0.02670000
0.05060000	0.02510000
0.05380000	0.02360000
0.05060000	0.02220000
0.04740000	0.02090000
0.04430000	0.01980000
0.04430000	0.01870000
0.04430000	0.01760000
0.04110000	0.01660000
0.03800000	0.01560000
0.04110000	0.01470000
0.04110000	0.01380000
0.04110000	0.01300000
0.04110000	0.01230000
0.03800000	0.01150000
0.04430000	0.01090000
0.05060000	0.01020000
0.05690000	0.00960000
0.06330000	0.02430000
0.06960000	0.02640000
0.07590000	0.01550000
0.08860000	0.00900000
0.10120000	0.00720000
0.11390000	0.00660000
0.12650000	0.00620000
0.13920000	0.00580000
0.15180000	0.00550000
0.15810000	0.00520000
0.16450000	0.00490000
0.16700000	0.00460000
0.16950000	0.01960000
0.16510000	0.01530000
0.13790000	0.00650000
0.09110000	0.00410000
0.06450000	0.00360000
0.10940000	0.00330000
0.10500000	0.00310000
0.10060000	0.00540000
0.11010000	0.03820000
0.11960000	0.36900000
0.11960000	0.81940000
0.12330000	0.53640000
0.11640000	0.23520000
0.11010000	0.16470000
0.13030000	0.14770000
0.13660000	0.14800000
0.13470000	0.13780000
0.13280000	0.12870000
0.12780000	0.11870000
0.12270000	0.10920000
0.12080000	0.10210000
0.10820000	0.09600000
0.09990000	0.09030000
0.09550000	0.08500000
0.09050000	0.08000000
0.08350000	0.07520000
0.07970000	0.07080000
0.09240000	0.08840000
0.10690000	0.10530000
0.09170000	0.08210000
0.08920000	0.06050000
0.08980000	0.05290000
0.09360000	0.04920000
0.08670000	0.04630000
0.08600000	0.04350000
0.09240000	0.04100000
0.08730000	0.03850000
0.08860000	0.03630000
0.08540000	0.03410000
0.08540000	0.03210000
0.08540000	0.03760000
0.08670000	0.03470000
0.07970000	0.02980000
0.07840000	0.02650000
0.09110000	0.02410000
0.07080000	0.02240000
0.07020000	0.02100000
0.06770000	0.01970000
0.06390000	0.01860000
0.05950000	0.01750000
0.06830000	0.02100000
0.05950000	0.03050000
0.06390000	0.03120000
0.06450000	0.03020000
0.06070000	0.02860000
0.05950000	0.01940000
0.06140000	0.01290000
0.07340000	0.01100000
0.09110000	0.01010000
0.06260000	0.00950000
0.06890000	0.00900000
0.07020000	0.00840000
0.07210000	0.00790000
0.07590000	0.00750000
0.07460000	0.00700000
0.07590000	0.01050000
0.07590000	0.00910000
0.07340000	0.00650000
0.07340000	0.00560000
0.06640000	0.00520000
0.06450000	0.00490000
0.05950000	0.00460000
0.06960000	0.02290000
0.08350000	0.05880000
0.08100000	0.03700000
0.06200000	0.01100000
0.06960000	0.00570000
0.06200000	0.01550000
0.06580000	0.02040000
0.06070000	0.01190000
0.05500000	0.00490000
0.05820000	0.00290000
0.05440000	0.01280000
0.06010000	0.03170000
0.10310000	0.08370000
0.12520000	0.06810000
0.09800000	0.02640000
0.08410000	0.02360000
0.07650000	0.02970000
0.07720000	0.03020000
0.07020000	0.03020000
0.06890000	0.04070000
0.06520000	0.04390000
0.06260000	0.03260000
0.07020000	0.02420000
0.07340000	0.02130000
0.06330000	0.01980000
0.05880000	0.03550000
0.05630000	0.02990000
0.04620000	0.01940000
0.04930000	0.02560000
0.06830000	0.03300000
0.06070000	0.04700000
0.06450000	0.04140000
0.05630000	0.02320000
0.05190000	0.01360000
0.05950000	0.01110000
0.05630000	0.01020000
0.06710000	0.02220000
0.05440000	0.02930000
0.04930000	0.02190000
0.05190000	0.02170000
0.05760000	0.02390000
0.05820000	0.02300000
0.05380000	0.01080000
0.05500000	0.00230000
0.05310000	0.00030000
0.05000000	0.00000000
0.04680000	0.00000000
0.04360000	0.00000000
0.04300000	0.00000000
0.04240000	0.00000000
0.03800000	0.00000000
0.04300000	0.01370000
0.04170000	0.02160000
0.04110000	0.02520000
0.05760000	0.03120000
0.05820000	0.03480000
0.05570000	0.02180000
0.05250000	0.00710000
0.04240000	0.00130000
0.04300000	0.00660000
0.04170000	0.00540000
0.03800000	0.00160000
0.04240000	0.00030000
0.03160000	0.00000000
0.03290000	0.00760000
0.02970000	0.00550000
0.03230000	0.00130000
0.03040000	0.00420000
0.02850000	0.00290000
0.02910000	0.00070000
0.03730000	0.00010000
0.03290000	0.00970000
0.02660000	0.02340000
0.03670000	0.02170000
0.03860000	0.01200000
0.03800000	0.00400000
0.03730000	0.00080000
0.03100000	0.00010000
0.03990000	0.00660000
0.03610000	0.00480000
0.03290000	0.02850000
0.03230000	0.02020000
0.03860000	0.00460000
0.03160000	0.00070000
0.03230000	0.00010000
0.03350000	0.00400000
0.03480000	0.00290000
0.03350000	0.00830000
0.03040000	0.00580000
0.03420000	0.02680000
0.03160000	0.01880000
0.03100000	0.00880000
0.03100000	0.00390000
0.03480000	0.00180000
0.03480000	0.00080000
0.03350000	0.00020000
0.06140000	0.00000000
0.05950000	0.01680000
0.04680000	0.01220000
0.04110000	0.00280000
0.03160000	0.00040000
0.03040000	0.00000000
0.03540000	0.00000000
0.03230000	0.00000000
0.03160000	0.02190000
0.03610000	0.01600000
0.03160000	0.00370000
0.03290000	0.00050000
0.03540000	0.00490000
0.04810000	0.00460000
0.02590000	0.00160000
0.04050000	0.00030000
0.04110000	0.00000000
0.03670000	0.00000000
0.03730000	0.00000000
0.03670000	0.00000000
0.03480000	0.00000000
0.06070000	0.05660000
0.04110000	0.04830000
0.05630000	0.01460000
0.04740000	0.00250000
0.05820000	0.00030000
0.05630000	0.00000000
0.04930000	0.00000000
0.04430000	0.00000000
0.04930000	0.00000000
0.05310000	0.00470000
0.06640000	0.01800000
0.05760000	0.01140000
0.05820000	0.00260000
0.06010000	0.00040000
0.05820000	0.00000000
0.06070000	0.02620000
0.06390000	0.03390000
0.07720000	0.04430000
0.10750000	0.06720000
0.10880000	0.05280000
0.08160000	0.04150000
0.06070000	0.04020000
0.07020000	0.03850000
0.03730000	0.03630000
0.05000000	0.03420000
0.05630000	0.03220000
0.18790000	0.78130000
0.15370000	0.63810000
0.09110000	0.27330000
0.07270000	0.17930000
0.07270000	0.15800000
0.07080000	0.14740000
0.06200000	0.13870000
0.06260000	0.13050000
0.05950000	0.12280000
0.06010000	0.11560000
0.06010000	0.10880000
0.05820000	0.10230000
0.05440000	0.09950000
0.05760000	0.09660000
0.05950000	0.09010000
0.06140000	0.08220000
0.05820000	0.07590000
0.05570000	0.07350000
0.05820000	0.07050000
0.06200000	0.06730000
0.05950000	0.06150000
0.05820000	0.05990000
0.05880000	0.07330000
0.05690000	0.06320000
0.05880000	0.04960000
0.05760000	0.04410000
0.08600000	0.04120000
0.05630000	0.03870000
0.06070000	0.04890000
0.08160000	0.07500000
0.08220000	0.05740000
0.07460000	0.06440000
0.07720000	0.06840000
0.06520000	0.07320000
0.06140000	0.07600000
0.06140000	0.07320000
0.06200000	0.06910000
0.06330000	0.06510000
0.06010000	0.06120000
0.06330000	0.05760000
0.06520000	0.05420000
0.06830000	0.05100000
0.06580000	0.04800000
0.06640000	0.04520000
0.06640000	0.04250000
0.06580000	0.04000000
0.06580000	0.03770000
0.06770000	0.03540000
0.08670000	0.03330000
0.06140000	0.03140000
0.07270000	0.02950000
0.07080000	0.02780000
0.07020000	0.02610000
0.06960000	0.02460000
0.06710000	0.02320000
0.06960000	0.02240000
0.07210000	0.02220000
0.07780000	0.02030000
0.07970000	0.01840000
0.08100000	0.01720000
0.07080000	0.01620000
0.06960000	0.01530000
0.07020000	0.01440000
0.08290000	0.01640000
0.08860000	0.01480000
0.08480000	0.01240000
0.08410000	0.01120000
0.08220000	0.01050000
0.07650000	0.00990000
0.07340000	0.00930000
0.07840000	0.00870000
0.07910000	0.00820000
0.07210000	0.00770000
0.06830000	0.00730000
0.06330000	0.00690000
0.06960000	0.00650000
0.08160000	0.00610000
0.10690000	0.00570000
0.08730000	0.00540000
0.09360000	0.00510000
0.07910000	0.00530000
0.06330000	0.00490000
0.05060000	0.00430000
0.03480000	0.00410000
0.02530000	0.00380000
0.01770000	0.00360000
0.02530000	0.00330000
0.03800000	0.00310000
0.06330000	0.00290000
0.10120000	0.00280000
0.14990000	0.00260000
0.17270000	0.00240000
0.15810000	0.00230000
0.12650000	0.00220000
0.11390000	0.00200000
0.10120000	0.00200000
0.09490000	0.00190000
0.10120000	0.00180000
0.10750000	0.00170000
0.11390000	0.00160000
0.12650000	0.00160000
0.11070000	0.00150000
0.10440000	0.00140000
0.09800000	0.00130000
0.09490000	0.00130000
0.08860000	0.00120000
0.08220000	0.00110000
0.07590000	0.00110000
0.07590000	0.00100000
0.07590000	0.00100000
0.07910000	0.03240000
0.09490000	0.03330000
0.12650000	0.01300000
0.17710000	0.00300000
0.17080000	0.00090000
0.17080000	0.00060000
0.20870000	0.00050000
0.24040000	0.00050000
0.22770000	0.00050000
0.21510000	0.00040000
0.20240000	0.00040000
0.18980000	0.00040000
0.18340000	0.00040000
0.18980000	0.00040000
0.22140000	0.00030000
0.37950000	0.00030000
0.31630000	0.00030000
0.25300000	0.00030000
0.22770000	0.00030000
0.20870000	0.00020000
0.18980000	0.00030000
0.18340000	0.00030000
0.17710000	0.00030000
0.18980000	0.00650000
0.20240000	0.00480000
0.15180000	0.00240000
0.12650000	0.00150000
0.11390000	0.00400000
0.12020000	0.00270000
0.11390000	0.00070000
0.10500000	0.00020000
0.09110000	0.00010000
0.08540000	0.00010000
0.10690000	0.00010000
0.08290000	0.00010000
0.06520000	0.00030000
0.06770000	0.00020000
0.06640000	0.00010000
0.06450000	0.00010000
0.06330000	0.00010000
0.05950000	0.00010000
0.06070000	0.00010000
0.05880000	0.00010000
0.05440000	0.00010000
0.05440000	0.00010000
0.06200000	0.00000000
0.06070000	0.00000000
0.08290000	0.00730000
0.06580000	0.00590000
0.06960000	0.00160000
0.05760000	0.00030000
0.05060000	0.00010000
0.04810000	0.00000000
0.05380000	0.00000000
0.06770000	0.00000000
0.05310000	0.00000000
0.05000000	0.00000000
0.03800000	0.00000000
0.06260000	0.00010000
0.03540000	0.00020000
0.04740000	0.00630000
0.06580000	0.01870000
0.08220000	0.01150000
0.07840000	0.00270000
0.09360000	0.00080000
0.12020000	0.00060000
0.08980000	0.00040000
0.09800000	0.03730000
0.08860000	0.08680000
0.09550000	0.06370000
0.09550000	0.04830000
0.09550000	0.04940000
0.08980000	0.04790000
0.08290000	0.04530000
0.08540000	0.04270000
0.07460000	0.04020000
0.08220000	0.03780000
0.08160000	0.03560000
0.07970000	0.03350000
0.08410000	0.03150000
0.07270000	0.02960000
0.07400000	0.04010000
0.11070000	0.08800000
0.12840000	0.11680000
0.12460000	0.09000000
0.11510000	0.08610000
0.10940000	0.09170000
0.10060000	0.08910000
0.09740000	0.08430000
0.09870000	0.07940000
0.09610000	0.07470000
0.12460000	0.11150000
0.33150000	1.82760000
1.09430000	4.95670000
0.50860000	4.38950000
0.32390000	1.93520000
0.22390000	0.73510000
0.18660000	0.46570000
0.17270000	0.40680000
0.16570000	0.37990000
0.16130000	0.35750000
0.15620000	0.33640000
0.15500000	0.31650000
0.15370000	0.29790000
0.15180000	0.28030000
0.14360000	0.26370000
0.14110000	0.24830000
0.13660000	0.23360000
0.13600000	0.23690000
0.13850000	0.22320000
0.13030000	0.20260000
0.12520000	0.18830000
0.14360000	0.21590000
0.36120000	0.72530000
0.36880000	0.80020000
0.21380000	0.47480000
0.18530000	0.28780000
0.16510000	0.23760000
0.16510000	0.21890000
0.15810000	0.20920000
0.13600000	0.19610000
0.14230000	0.18270000
0.13790000	0.17140000
0.13160000	0.16120000
0.12270000	0.15170000
0.11450000	0.14270000
0.12020000	0.16840000
0.12400000	0.16130000
0.11450000	0.13200000
0.10750000	0.11440000
0.10310000	0.10570000
0.10310000	0.10160000
0.11200000	0.13920000
0.11450000	0.12690000
0.11010000	0.10320000
0.11130000	0.10710000
0.13600000	0.12710000
0.18910000	0.22710000
0.15750000	0.18210000
0.14990000	0.13770000
0.15370000	0.13670000
0.11770000	0.12160000
0.10690000	0.12510000
0.22390000	0.51220000
0.34090000	0.63490000
0.23850000	1.37940000
0.45420000	2.92900000
0.24800000	2.27550000
0.17020000	0.99490000
0.14680000	0.48850000
0.12710000	0.37350000
0.11770000	0.33980000
0.10820000	0.31890000
0.10750000	0.30000000
0.11260000	0.28240000
0.09870000	0.26570000
0.07400000	0.25640000
0.09360000	0.24520000
0.08670000	0.22910000
0.07460000	0.21140000
0.07460000	0.20690000
0.07840000	0.21400000
0.08030000	0.19140000
0.06890000	0.16730000
0.07270000	0.15430000
0.06960000	0.14470000
0.05950000	0.13610000
0.05950000	0.13050000
0.06390000	0.12620000
0.06140000	0.11670000
0.05760000	0.10740000
0.05630000	0.10050000
0.05120000	0.09450000
0.06070000	0.14120000
0.06520000	0.12190000
0.06070000	0.08760000
0.05880000	0.07540000
0.04930000	0.06990000
0.04490000	0.06560000
0.03990000	0.06170000
0.04050000	0.05810000
0.03730000	0.05470000
0.03800000	0.05140000
0.04050000	0.05660000
0.04300000	0.05150000
0.03230000	0.04430000
0.04430000	0.08620000
0.07530000	0.07140000
0.05190000	0.04940000
0.04680000	0.03950000
0.03800000	0.03310000
0.03480000	0.03500000
0.03420000	0.03170000
0.03160000	0.02840000
0.03230000	0.02580000
0.02970000	0.02350000
0.03540000	0.02460000
0.03350000	0.02480000
0.03540000	0.02150000
0.03290000	0.01870000
0.02970000	0.01730000
0.02780000	0.01620000
0.02590000	0.01520000
0.02530000	0.01430000
0.03480000	0.02270000
0.03230000	0.02960000
0.03920000	0.10490000
0.06890000	0.08460000
0.06640000	0.03320000
0.05690000	0.01430000
0.05380000	0.01000000
0.05250000	0.00890000
0.04930000	0.01090000
0.04680000	0.00970000
0.04930000	0.00780000
0.04430000	0.00700000
0.03920000	0.00650000
0.03670000	0.00610000
0.03480000	0.00580000
0.03610000	0.02340000
0.03860000	0.01820000
0.03990000	0.00780000
0.03860000	0.00500000
0.03420000	0.00430000
0.02850000	0.00400000
0.03100000	0.00380000
0.02660000	0.00350000
0.02590000	0.00330000
0.02780000	0.00310000
0.02590000	0.00300000
0.02850000	0.00280000
0.02850000	0.00260000
0.02850000	0.00250000
0.03230000	0.00230000
0.03230000	0.00220000
0.02530000	0.00200000
0.02530000	0.00190000
0.02780000	0.00180000
0.03100000	0.00170000
0.03610000	0.00160000
0.02970000	0.00150000
0.03100000	0.00140000
0.02970000	0.00130000
0.03350000	0.00130000
0.04170000	0.00120000
0.02150000	0.00060000
0.02720000	0.00020000
0.04930000	0.00010000
0.03670000	0.02940000
0.04110000	0.03780000
0.04360000	0.02040000
0.04550000	0.00600000
0.04870000	0.00250000
0.04430000	0.00120000
0.05000000	0.00030000
0.05190000	0.00000000
0.03670000	0.00000000
0.03230000	0.00000000
0.04240000	0.00520000
0.05630000	0.02960000
0.04430000	0.01970000
0.03860000	0.00450000
0.04240000	0.00060000
0.04430000	0.00010000
0.04620000	0.00270000
0.04620000	0.00200000
0.05060000	0.00330000
0.05060000	0.00220000
0.04430000	0.00050000
0.04300000	0.00010000
0.04620000	0.00000000
0.04620000	0.00000000
0.04430000	0.00000000
0.06520000	0.00000000
0.03730000	0.00000000
0.04680000	0.00000000
0.04430000	0.00000000
0.04170000	0.00000000
0.03990000	0.00000000
0.04110000	0.00000000
0.06580000	0.00000000
0.03040000	0.00000000
0.04810000	0.00000000
0.05310000	0.00000000
0.05630000	0.00010000
0.07080000	0.00000000
0.06070000	0.00000000
0.05880000	0.00000000
0.05880000	0.00000000
0.06260000	0.00000000
0.06260000	0.00000000
0.06960000	0.00000000
0.06450000	0.00000000
0.06770000	0.00000000
0.06580000	0.00000000
0.07080000	0.00000000
0.06890000	0.00000000
0.07400000	0.00120000
0.07080000	0.00740000
0.07080000	0.00500000
0.07530000	0.00560000
0.06260000	0.00350000
0.07970000	0.00080000
0.11200000	0.00050000
0.07530000	0.00750000
0.07530000	0.00740000
0.07530000	0.00270000
0.08860000	0.00050000
0.08410000	0.00010000
0.08860000	0.00000000
0.08860000	0.00000000
0.10310000	0.00000000
0.11700000	0.00000000
0.08860000	0.00010000
0.07270000	0.00010000
0.06330000	0.00010000
0.05690000	0.00010000
0.05380000	0.00010000
0.05190000	0.00010000
0.05060000	0.00010000
0.04810000	0.00010000
0.04620000	0.00010000
0.04430000	0.00010000
0.04430000	0.00010000
0.04740000	0.00010000
0.05060000	0.00010000
0.05380000	0.00860000
0.05690000	0.01450000
0.05760000	0.01930000
0.05820000	0.01420000
0.05690000	0.00570000
0.05380000	0.00160000
0.05060000	0.00040000
0.05060000	0.00020000
0.05060000	0.00020000
0.05380000	0.00020000
0.05690000	0.00020000
0.06010000	0.02630000
0.06330000	0.02740000
0.06960000	0.01040000
0.07590000	0.00200000
0.07910000	0.00030000
0.08220000	0.00000000
0.08860000	0.00000000
0.09490000	0.00430000
0.10120000	0.01130000
0.09490000	0.00670000
0.09490000	0.00150000
0.09800000	0.00030000
0.10120000	0.02120000
0.09490000	0.01670000
0.09490000	0.00670000
0.09800000	0.00530000
0.10120000	0.00540000
0.09490000	0.00620000
0.09490000	0.00570000
0.10120000	0.00480000
0.10750000	0.00440000
0.11390000	0.00440000
0.12650000	0.00410000
0.16450000	0.00370000
0.15120000	0.00340000
0.13660000	0.00320000
0.13350000	0.00300000
0.13090000	0.00290000
0.12970000	0.00310000
0.13730000	0.00280000
0.14490000	0.00240000
0.14360000	0.00230000
0.14990000	0.00210000
0.15240000	0.00200000
0.13660000	0.00190000
0.13160000	0.00180000
0.12650000	0.00170000
0.12400000	0.00160000
0.11890000	0.00150000
0.11580000	0.00140000
0.11010000	0.00130000
0.09740000	0.00190000
0.08980000	0.00170000
0.08860000	0.00130000
0.08220000	0.00120000
0.08160000	0.00110000
0.09680000	0.00100000
0.06520000	0.00100000
0.07970000	0.00090000
0.09240000	0.00090000
0.08160000	0.00090000
0.06450000	0.00080000
0.06140000	0.00080000
0.07340000	0.00070000
0.08730000	0.01830000
0.08290000	0.01350000
0.06330000	0.00360000
0.05060000	0.00100000
0.03800000	0.00060000
0.02530000	0.00060000
0.02530000	0.00050000
0.06330000	0.00050000
0.12650000	0.00050000
0.09490000	0.00050000
0.10120000	0.00460000
0.10750000	0.00410000
0.09490000	0.00150000
0.09490000	0.02550000
0.11390000	0.01840000
0.11390000	0.00420000
0.10440000	0.00060000
0.09990000	0.00010000
0.09680000	0.00000000
0.08790000	0.00000000
0.08160000	0.00000000
0.07650000	0.00000000
0.07720000	0.00000000
0.07780000	0.00000000
0.07460000	0.00000000
0.07720000	0.00010000
0.07780000	0.00010000
0.08220000	0.00010000
0.09170000	0.00010000
0.07590000	0.00010000
0.06520000	0.00010000
0.07910000	0.00010000
0.07720000	0.00010000
0.06960000	0.00010000
0.06010000	0.00010000
0.05690000	0.00010000
0.05500000	0.00010000
0.05380000	0.00010000
0.05310000	0.00010000
0.06330000	0.00010000
0.07590000	0.00010000
0.08860000	0.00010000
0.10750000	0.00010000
0.12650000	0.07270000
0.13600000	1.46400000
0.12900000	2.62800000
0.11700000	2.17900000
0.11510000	1.51780000
0.11510000	0.82480000
0.10880000	0.44030000
0.11640000	0.34600000
0.13030000	0.33960000
0.18980000	1.61260000
0.20300000	2.03510000
0.15180000	1.15340000
0.14360000	0.55850000
0.13600000	0.40780000
0.12900000	0.36680000
0.11960000	0.34340000
0.11580000	0.32320000
0.13090000	0.30790000
0.11320000	0.29880000
0.11960000	0.27710000
0.10440000	0.25970000
0.10560000	0.25860000
0.09990000	0.24180000
0.09610000	0.21730000
0.09680000	0.19980000
0.09360000	0.18710000
0.10060000	0.20000000
0.11070000	0.20280000
0.10310000	0.17420000
0.10630000	0.15050000
0.10180000	0.13850000
0.10310000	0.13290000
0.10560000	0.13080000
0.10310000	0.12010000
0.10120000	0.10930000
0.09870000	0.10190000
0.09870000	0.09820000
0.09870000	0.09330000
0.09550000	0.08620000
0.09300000	0.08010000
0.09360000	0.07630000
0.09300000	0.07790000
0.09680000	0.07790000
0.09170000	0.06850000
0.08980000	0.06010000
0.08730000	0.05560000
0.08670000	0.05210000
0.08410000	0.04910000
0.08220000	0.04620000
0.07970000	0.04340000
0.07840000	0.04090000
0.07400000	0.03850000
0.09050000	0.04200000
0.07460000	0.03830000
0.05880000	0.03300000
0.06580000	0.03650000
0.06640000	0.03290000
0.06450000	0.02770000
0.06330000	0.02530000
0.06640000	0.02370000
0.06070000	0.02230000
0.05820000	0.02670000
0.05760000	0.02390000
0.05630000	0.01980000
0.05820000	0.01780000
0.05500000	0.01650000
0.05380000	0.01550000
0.05250000	0.01450000
0.05120000	0.01400000
0.04870000	0.01310000
0.05250000	0.02030000
0.05570000	0.04100000
0.05120000	0.03230000
0.04930000	0.04000000
0.04930000	0.03610000
0.04810000	0.01910000
0.04740000	0.01040000
0.04300000	0.00820000
0.05820000	0.01420000
0.03230000	0.04610000
0.05380000	0.03460000
0.05630000	0.02370000
0.05950000	0.01450000
0.05820000	0.00740000
0.05630000	0.04960000
0.07080000	0.03720000
0.05820000	0.00980000
0.05950000	0.00180000
0.05950000	0.00030000
0.05630000	0.00000000
0.04680000	0.00000000
0.04360000	0.00000000
0.04680000	0.00000000
0.04490000	0.00000000
0.03730000	0.00000000
0.03290000	0.00620000
0.03860000	0.00790000
0.05190000	0.00350000
0.05190000	0.00070000
0.04240000	0.00010000
0.03230000	0.00000000
0.03230000	0.00820000
0.03420000	0.00600000
0.03540000	0.00140000
0.03040000	0.00020000
0.03420000	0.00000000
0.03160000	0.00000000
0.03040000	0.00000000
0.02910000	0.00000000
0.02850000	0.00000000
0.03290000	0.00000000
0.03160000	0.00000000
0.02720000	0.00000000
0.02780000	0.00000000
0.02720000	0.00560000
0.03610000	0.00410000
0.03230000	0.00090000
0.02850000	0.00010000
0.01900000	0.00000000
0.03800000	0.00000000
0.01770000	0.00440000
0.02150000	0.00320000
0.02400000	0.00070000
0.02340000	0.00010000
0.02590000	0.00000000
0.01900000	0.01230000
0.03100000	0.00900000
0.02720000	0.00210000
0.02850000	0.00030000
0.02850000	0.00000000
0.02780000	0.00000000
0.02850000	0.00000000
0.02660000	0.00400000
0.03290000	0.01560000
0.03800000	0.01470000
0.03610000	0.01710000
0.03420000	0.01320000
0.04360000	0.01440000
0.03480000	0.00790000
0.03420000	0.00170000
0.03350000	0.00020000
0.03610000	0.00030000
0.03420000	0.00050000
0.03420000	0.00030000
0.03230000	0.01800000
0.03730000	0.02380000
0.03540000	0.01080000
0.03860000	0.00480000
0.03670000	0.00210000
0.03670000	0.00050000
0.03540000	0.00350000
0.03860000	0.03710000
0.07650000	0.07840000
0.06770000	0.04680000
0.05060000	0.01160000
0.04110000	0.00180000
0.03800000	0.01110000
0.03860000	0.01570000
0.03920000	0.00750000
0.04110000	0.00300000
0.04050000	0.00130000
0.04050000	0.00030000
0.03800000	0.00000000
0.03990000	0.00000000
0.04170000	0.00000000
0.04360000	0.00000000
0.04620000	0.00000000
0.04680000	0.00000000
0.04620000	0.00000000
0.04620000	0.00000000
0.04240000	0.00000000
0.03160000	0.01730000
0.02780000	0.01290000
0.03040000	0.00890000
0.03040000	0.00470000
0.03040000	0.00100000
0.04550000	0.00040000
0.07150000	0.06950000
0.11390000	0.37750000
0.08100000	0.33680000
0.05120000	0.17450000
0.03800000	0.12190000
0.03610000	0.11740000
0.04550000	0.11380000
0.05120000	0.10310000
0.05120000	0.09390000
0.05310000	0.08760000
0.05380000	0.08230000
0.05380000	0.07750000
0.05380000	0.07380000
0.05440000	0.06920000
0.04870000	0.06470000
0.04740000	0.06080000
0.04870000	0.05720000
0.03990000	0.05380000
0.03800000	0.05060000
0.05000000	0.05460000
0.05380000	0.04990000
0.05000000	0.04330000
0.04870000	0.03990000
0.04810000	0.03740000
0.04550000	0.03510000
0.03860000	0.03310000
0.04550000	0.03120000
0.05120000	0.03390000
0.05500000	0.04160000
0.06070000	0.05020000
0.06010000	0.03780000
0.04490000	0.02600000
0.04240000	0.02300000
0.06520000	0.02100000
0.06260000	0.01930000
0.06260000	0.01800000
0.05820000	0.01690000
0.05760000	0.01590000
0.05880000	0.01500000
0.05880000	0.01410000
0.06830000	0.01330000
0.07780000	0.01250000
0.07400000	0.01180000
0.07210000	0.01110000
0.06830000	0.01040000
0.08860000	0.00980000
0.05380000	0.00920000
0.05060000	0.00870000
0.05630000	0.00820000
0.05690000	0.00780000
0.04930000	0.00740000
0.06830000	0.02590000
0.07590000	0.02030000
0.07720000	0.01850000
0.08220000	0.01290000
0.07970000	0.00710000
0.08160000	0.02260000
0.08600000	0.01880000
0.09050000	0.01330000
0.08600000	0.02020000
0.10820000	0.01340000
0.07270000	0.00580000
0.09680000	0.00380000
0.09870000	0.00330000
0.10120000	0.00310000
0.09680000	0.00290000
0.08790000	0.00270000
0.07910000	0.00260000
0.06960000	0.00240000
0.06010000	0.00230000
0.05060000	0.00210000
0.04430000	0.00200000
0.03800000	0.00190000
0.04110000	0.00180000
0.04430000	0.00170000
0.03920000	0.00160000
0.03480000	0.00160000
0.03540000	0.00150000
0.03800000	0.00330000
0.04430000	0.00260000
0.05060000	0.00150000
0.05380000	0.00110000
0.05690000	0.00100000
0.06010000	0.00100000
0.06330000	0.00090000
0.06330000	0.00090000
0.06140000	0.00080000
0.05950000	0.00080000
0.05760000	0.00080000
0.05690000	0.00080000
0.05690000	0.00080000
0.05690000	0.00070000
0.06010000	0.00070000
0.05950000	0.00070000
0.05690000	0.00060000
0.05690000	0.00060000
0.06330000	0.00070000
0.06010000	0.00060000
0.05690000	0.00060000
0.05380000	0.00050000
0.05060000	0.00050000
0.05060000	0.00050000
0.05060000	0.00050000
0.05380000	0.00080000
0.05690000	0.03550000
0.05690000	0.07420000
0.05440000	0.06440000
0.05500000	0.05170000
0.05570000	0.04840000
0.05690000	0.04570000
0.05690000	0.04610000
0.05380000	0.04310000
0.05060000	0.04010000
0.04430000	0.03820000
0.04110000	0.03610000
0.04110000	0.03410000
0.04240000	0.03210000
0.04430000	0.03020000
0.04550000	0.02840000
0.04550000	0.02680000
0.04550000	0.02520000
0.04740000	0.02370000
0.04870000	0.02230000
0.05060000	0.02100000
0.05380000	0.07390000
0.05690000	0.13600000
0.05500000	0.11820000
0.05060000	0.09440000
0.04550000	0.08710000
0.04550000	0.08200000
0.04550000	0.07720000
0.04550000	0.07260000
0.04430000	0.06830000
0.04240000	0.06430000
0.04110000	0.06050000
0.04110000	0.05690000
0.04240000	0.05360000
0.04430000	0.05040000
0.04550000	0.04750000
0.04430000	0.04480000
0.04430000	0.04220000
0.04240000	0.03970000
0.04240000	0.03730000
0.04240000	0.03520000
0.04110000	0.03310000
0.04110000	0.03110000
0.04110000	0.02930000
0.04740000	0.02760000
0.05690000	0.02600000
0.07590000	0.02860000
0.11390000	0.04960000
0.11070000	0.04870000
0.10750000	0.11780000
0.10750000	0.11230000
0.10120000	0.09260000
0.09300000	0.08940000
0.09050000	0.08290000
0.08860000	0.07720000
0.08540000	0.07270000
0.08030000	0.06840000
0.07270000	0.06440000
0.06960000	0.06060000
0.06960000	0.05710000
0.07270000	0.05370000
0.07910000	0.07130000
0.09050000	0.06530000
0.10120000	0.05020000
0.11390000	0.04320000
0.12020000	0.04030000
0.13920000	0.03770000
0.12330000	0.03530000
0.12020000	0.03320000
0.12020000	0.03120000
0.11700000	0.02950000
0.11700000	0.03730000
0.11770000	0.03300000
0.11390000	0.02610000
0.10750000	0.02320000
0.10440000	0.02170000
0.10120000	0.02040000
0.10120000	0.01920000
0.09800000	0.01800000
0.09800000	0.01700000
0.10120000	0.02500000
0.10440000	0.04210000
0.09800000	0.03060000
0.09800000	0.01700000
0.09800000	0.01300000
0.11510000	0.13300000
0.12330000	0.67210000
0.11580000	0.60910000
0.11070000	0.30240000
0.10750000	0.17290000
0.11070000	0.14050000
0.10750000	0.12820000
0.10750000	0.11940000
0.10750000	0.11220000
0.10120000	0.10560000
0.09490000	0.09940000
0.09490000	0.09360000
0.09490000	0.11360000
0.09800000	0.10670000
0.09490000	0.09050000
0.09170000	0.07800000
0.08860000	0.06980000
0.08540000	0.06490000
0.08220000	0.06100000
0.08410000	0.05740000
0.08220000	0.05400000
0.08350000	0.05990000
0.08670000	0.05850000
0.08410000	0.06580000
0.10500000	0.08740000
0.10630000	0.06630000
0.10370000	0.06870000
0.10440000	0.05570000
0.10310000	0.04260000
0.10630000	0.05100000
0.10500000	0.04550000
0.10880000	0.03670000
0.10750000	0.03290000
0.10750000	0.03070000
0.11130000	0.02890000
0.10060000	0.02720000
0.12650000	0.06690000
0.17270000	0.82880000
0.19420000	0.82040000
0.12900000	0.38300000
0.11390000	0.18700000
0.10880000	0.14140000
0.12780000	0.12820000
0.12330000	0.12020000
0.10820000	0.11310000
0.13980000	0.10650000
0.13470000	0.10020000
0.12080000	0.09430000
0.10180000	0.08870000
0.08160000	0.08350000
0.07270000	0.07850000
0.06450000	0.07390000
0.05760000	0.06960000
0.08100000	0.10600000
0.10370000	0.12370000
0.08540000	0.09880000
0.05380000	0.06850000
0.06200000	0.05480000
0.07020000	0.05900000
0.06330000	0.05270000
0.05820000	0.04440000
0.05690000	0.06030000
0.06830000	0.09850000
0.07650000	0.08360000
0.06890000	0.05890000
0.07150000	0.05430000
0.07080000	0.04710000
0.07020000	0.04430000
0.06770000	0.04860000
0.06010000	0.04060000
0.06260000	0.03800000
0.05880000	0.04230000
0.05310000	0.03450000
0.05250000	0.02680000
0.04740000	0.02670000
0.05380000	0.03820000
0.14610000	0.09480000
0.18910000	0.07020000
0.16380000	0.04430000
0.10560000	0.04170000
0.07400000	0.04000000
0.06520000	0.04690000
0.05630000	0.04220000
0.05630000	0.03500000
0.07020000	0.03170000
0.05760000	0.03570000
0.06200000	0.03230000
0.05250000	0.02730000
0.05000000	0.02480000
0.05190000	0.02320000
0.04930000	0.02180000
0.04810000	0.02060000
0.04740000	0.01930000
0.04490000	0.01820000
0.04170000	0.01710000
0.03800000	0.01610000
0.03480000	0.01520000
0.03860000	0.01430000
0.03610000	0.01340000
0.03610000	0.01260000
0.03540000	0.01190000
0.03350000	0.01120000
0.03160000	0.01090000
0.03160000	0.03020000
0.03730000	0.02400000
0.03540000	0.01220000
0.03350000	0.00870000
0.03420000	0.00780000
0.02660000	0.00730000
0.03160000	0.00690000
0.03420000	0.00650000
0.03350000	0.00300000
0.02910000	0.00100000
0.03420000	0.00040000
0.03350000	0.00010000
0.02530000	0.00000000
0.02340000	0.00000000
0.02400000	0.00000000
0.02400000	0.00000000
0.01770000	0.00000000
0.02660000	0.00000000
0.02530000	0.00000000
0.02340000	0.00000000
0.02400000	0.00000000
0.02720000	0.00000000
0.02590000	0.00000000
0.02400000	0.00000000
0.03040000	0.01040000
0.09610000	0.06560000
0.07780000	0.04410000
0.05500000	0.01000000
0.04550000	0.00140000
0.03800000	0.00020000
0.03480000	0.00000000
0.02720000	0.00040000
0.03290000	0.00090000
0.03540000	0.00050000
0.03420000	0.00010000
0.03040000	0.00000000
0.02720000	0.00570000
0.04930000	0.02820000
0.06010000	0.01850000
0.04110000	0.00700000
0.03800000	0.01470000
0.03990000	0.02060000
0.03670000	0.01030000
0.03290000	0.00220000
0.03800000	0.05670000
0.03730000	0.06300000
0.04240000	0.04770000
0.04550000	0.02130000
0.04050000	0.00440000
0.03730000	0.00150000
0.03610000	0.00070000
0.04620000	0.00020000
0.03800000	0.00000000
0.03420000	0.00000000
0.03230000	0.00000000
0.03350000	0.00000000
0.03230000	0.00000000
0.03100000	0.00000000
0.03290000	0.00380000
0.03160000	0.02550000
0.02530000	0.01720000
0.03670000	0.01180000
0.03920000	0.02770000
0.03800000	0.01700000
0.03610000	0.00380000
0.03480000	0.00050000
0.03480000	0.00010000
0.03480000	0.00000000
0.03350000	0.00000000
0.03350000	0.00050000
0.03350000	0.00340000
0.03160000	0.00230000
0.03160000	0.00050000
0.03420000	0.00010000
0.03800000	0.00000000
0.03800000	0.00000000
0.05060000	0.02490000
0.08220000	0.02460000
0.06710000	0.00890000
0.05880000	0.00170000
0.05500000	0.00020000
0.05630000	0.00000000
0.04550000	0.00830000
0.04240000	0.00600000
0.02850000	0.00140000
0.04050000	0.00020000
0.03990000	0.00000000
0.03990000	0.00000000
0.04050000	0.00000000
0.04620000	0.04990000
0.06200000	0.03650000
0.04490000	0.00840000
0.04300000	0.00120000
0.04360000	0.00010000
0.04240000	0.00000000
0.04240000	0.00770000
0.05310000	0.07780000
0.08030000	0.85700000
0.06960000	0.73960000
0.05440000	0.33020000
0.05570000	0.56100000
0.07650000	0.91180000
0.06520000	0.62430000
0.05880000	0.42870000
0.06770000	0.34700000
0.05440000	0.30540000
0.04490000	0.29150000
0.05120000	0.27620000
0.05060000	0.26020000
0.05120000	0.24490000
0.05190000	0.23050000
0.05380000	0.21690000
0.05380000	0.20410000
0.05380000	0.19200000
0.05380000	0.18070000
0.05380000	0.17000000
0.05570000	0.16000000
0.05380000	0.15060000
0.05440000	0.14170000
0.05440000	0.13330000
0.05380000	0.12550000
0.05440000	0.11810000
0.06140000	0.11110000
0.05760000	0.10450000
0.05820000	0.09840000
0.05820000	0.09260000
0.05190000	0.08710000
0.05880000	0.08200000
0.05760000	0.07710000
0.05690000	0.07260000
0.05760000	0.06830000
0.05690000	0.06430000
0.05690000	0.06050000
0.05690000	0.05690000
0.05690000	0.05350000
0.05690000	0.05040000
0.05440000	0.04740000
0.05440000	0.04460000
0.05570000	0.04200000
0.05760000	0.03950000
0.05570000	0.03720000
0.05570000	0.03500000
0.05440000	0.03290000
0.05250000	0.03100000
0.05060000	0.02920000
0.04870000	0.02760000
0.04620000	0.02600000
0.05000000	0.04550000
0.05060000	0.03830000
0.05060000	0.02510000
0.05000000	0.02090000
0.04870000	0.01920000
0.04620000	0.01810000
0.04430000	0.01700000
0.04430000	0.01600000
0.04430000	0.01510000
0.04620000	0.01420000
0.04740000	0.01340000
0.04430000	0.01260000
0.04430000	0.01190000
0.04550000	0.01120000
0.04740000	0.01050000
0.05060000	0.00990000
0.05310000	0.00930000
0.05380000	0.00880000
0.05250000	0.00830000
0.05060000	0.00780000
0.05310000	0.00730000
0.05380000	0.00690000
0.05440000	0.00650000
0.05060000	0.00610000
0.05060000	0.00580000
0.05250000	0.00550000
0.05440000	0.00510000
0.05190000	0.00490000
0.04930000	0.00460000
0.05380000	0.00430000
0.06010000	0.00410000
0.06330000	0.00380000
0.06330000	0.02500000
0.05690000	0.03770000
0.05440000	0.02150000
0.05060000	0.00810000
0.05060000	0.00520000
0.05060000	0.00490000
0.05000000	0.00460000
0.04870000	0.00440000
0.05000000	0.00410000
0.04810000	0.00390000
0.05000000	0.00370000
0.04870000	0.00350000
0.04430000	0.00330000
0.04430000	0.00310000
0.04430000	0.00300000
0.04430000	0.00280000
0.04110000	0.00270000
0.04110000	0.00250000
0.04430000	0.00240000
0.04430000	0.00220000
0.04740000	0.00210000
0.05380000	0.00200000
0.06330000	0.00190000
0.07590000	0.02130000
0.07590000	0.01750000
0.06330000	0.01910000
0.06330000	0.02550000
0.06960000	0.02670000
0.06330000	0.02560000
0.06960000	0.02420000
0.06960000	0.02280000
0.06330000	0.02150000
0.05690000	0.02030000
0.06010000	0.01910000
0.06330000	0.01800000
0.06330000	0.01690000
0.06010000	0.01590000
0.05690000	0.01500000
0.05380000	0.01410000
0.05380000	0.01330000
0.05690000	0.01250000
0.05690000	0.01180000
0.06330000	0.01110000
0.07590000	0.01050000
0.09490000	0.00980000
0.08220000	0.00930000
0.07590000	0.00870000
0.07590000	0.00820000
0.08220000	0.00780000
0.08860000	0.00730000
0.10120000	0.03510000
0.09490000	0.04540000
0.09490000	0.02590000
0.09490000	0.03120000
0.10120000	0.04310000
0.12020000	0.06090000
0.13280000	0.51900000
0.13280000	0.41010000
0.12650000	0.17590000
0.12650000	0.11820000
0.12020000	0.10440000
0.11390000	0.09670000
0.10750000	0.09090000
0.12020000	0.08540000
0.12970000	0.08030000
0.15810000	0.07560000
0.18980000	0.08780000
0.17460000	0.08060000
0.16260000	0.06860000
0.17080000	0.06110000
0.16890000	0.05610000
0.16510000	0.05250000
0.14680000	0.04940000
0.12710000	0.04650000
0.11390000	0.04370000
0.11070000	0.04110000
0.10630000	0.03900000
0.09740000	0.03680000
0.09800000	0.03440000
0.08290000	0.03230000
0.08290000	0.03040000
0.08480000	0.02860000
0.08600000	0.03320000
0.08480000	0.03030000
0.08160000	0.02940000
0.05690000	0.02580000
0.10310000	0.02190000
0.08730000	0.02010000
0.08290000	0.01910000
0.08670000	0.05900000
0.09240000	0.04670000
0.09300000	0.02250000
0.08670000	0.01560000
0.08600000	0.01390000
0.08670000	0.02100000
0.06640000	0.02100000
0.10370000	0.04250000
0.13280000	0.03830000
0.14170000	0.04490000
0.15560000	0.12760000
0.13850000	0.11240000
0.11390000	0.06860000
0.12710000	0.05950000
0.11450000	0.05870000
0.10310000	0.05600000
0.09490000	0.05280000
0.08790000	0.04970000
0.09240000	0.04680000
0.08290000	0.04400000
0.08410000	0.04140000
0.07270000	0.06780000
0.09240000	0.06690000
0.10180000	0.04610000
0.08790000	0.03510000
0.06450000	0.03110000
0.07970000	0.02890000
0.07720000	0.02710000
0.08410000	0.03730000
0.09610000	0.06450000
0.10120000	0.06260000
0.10370000	0.03770000
0.09110000	0.02330000
0.08920000	0.02070000
0.09050000	0.02150000
0.09360000	0.03160000
0.09050000	0.03050000
0.09300000	0.03060000
0.09490000	0.03200000
0.08670000	0.02200000
0.08860000	0.02210000
0.08860000	0.01760000
0.08480000	0.01540000
0.08220000	0.01270000
0.07910000	0.01020000
0.07780000	0.00910000
0.09300000	0.00850000
0.08600000	0.00800000
0.10940000	0.00750000
0.09050000	0.04610000
0.28150000	0.56570000
0.30870000	1.01480000
0.13160000	0.60900000
0.09110000	0.23960000
0.07340000	0.17430000
0.06960000	0.15430000
0.07650000	0.13060000
0.10180000	0.11670000
0.09930000	0.10860000
0.08790000	0.10330000
0.12970000	0.13720000
0.13030000	0.13090000
0.13540000	0.12110000
1.15760000	1.84110000
1.47380000	4.50660000
0.65790000	3.80220000
0.22580000	1.65770000
0.22140000	0.64970000
0.20870000	0.42170000
0.18980000	0.37320000
0.18660000	0.34820000
0.18340000	0.32610000
0.17710000	0.30640000
0.16450000	0.28830000
0.15180000	0.27230000
0.12330000	0.26180000
0.11700000	0.25040000
0.11070000	0.24960000
0.10750000	0.22720000
0.10440000	0.20340000
0.10440000	0.18880000
0.10750000	0.18730000
0.11070000	0.17660000
0.11390000	0.16340000
0.11700000	0.17460000
0.11390000	0.17440000
0.10750000	0.14800000
0.10120000	0.12690000
0.09800000	0.11640000
0.09800000	0.10900000
0.09800000	0.10530000
0.09800000	0.11800000
0.10120000	0.10550000
0.09800000	0.08880000
0.09490000	0.08090000
0.09170000	0.07800000
0.08860000	0.07280000
0.08540000	0.07280000
0.08220000	0.06710000
0.07910000	0.06030000
0.07270000	0.05600000
0.06330000	0.05250000
0.06200000	0.04940000
0.06140000	0.04650000
0.06070000	0.04500000
0.06770000	0.05870000
0.08100000	0.08100000
0.09490000	0.12530000
0.10120000	0.08670000
0.09490000	0.04390000
0.07910000	0.03200000
0.06960000	0.02990000
0.06640000	0.02770000
0.06070000	0.04750000
0.05880000	0.04110000
0.05690000	0.02700000
0.05690000	0.02180000
0.06330000	0.01990000
0.06640000	0.01870000
0.06010000	0.01760000
0.05690000	0.01650000
0.05380000	0.01560000
0.05060000	0.01460000
0.04740000	0.01380000
0.04740000	0.03770000
0.04740000	0.05540000
0.04740000	0.03400000
0.04740000	0.01560000
0.04430000	0.01080000
0.04430000	0.00960000
0.04430000	0.01660000
0.04110000	0.01400000
0.04110000	0.01320000
0.04430000	0.01420000
0.04430000	0.01250000
0.04740000	0.00900000
0.04740000	0.00670000
0.04740000	0.00600000
0.05060000	0.00550000
0.04740000	0.00520000
0.04430000	0.00490000
0.04110000	0.00460000
0.03800000	0.00430000
0.03480000	0.00410000
0.03480000	0.00380000
0.03800000	0.00360000
0.03860000	0.00340000
0.04110000	0.00320000
0.04360000	0.00300000
0.04240000	0.00280000
0.04110000	0.00270000
0.03230000	0.00440000
0.05950000	0.04070000
0.07080000	0.02950000
0.04620000	0.00840000
0.04050000	0.01540000
0.04810000	0.01820000
0.04490000	0.01710000
0.04620000	0.02710000
0.04810000	0.01550000
0.04360000	0.00340000
0.04430000	0.00260000
0.04740000	0.00160000
0.05000000	0.01360000
0.04740000	0.01130000
0.04430000	0.00340000
0.03860000	0.00060000
0.04110000	0.00010000
0.04240000	0.00000000
0.03800000	0.00000000
0.03610000	0.00000000
0.03800000	0.00000000
0.04170000	0.00720000
0.07780000	0.03230000
0.05880000	0.02100000
0.04740000	0.00470000
0.04360000	0.00070000
0.04490000	0.00010000
0.04300000	0.00000000
0.03990000	0.00000000
0.03670000	0.00000000
0.03800000	0.00000000
0.04110000	0.00000000
0.04360000	0.00000000
0.04360000	0.00000000
0.04680000	0.00040000
0.03480000	0.00670000
0.04240000	0.00480000
0.04550000	0.00110000
0.04680000	0.00140000
0.04810000	0.00340000
0.04740000	0.01360000
0.05190000	0.06650000
0.06140000	0.07540000
0.06640000	0.03280000
0.05880000	0.01640000
0.05380000	0.01710000
0.05000000	0.01690000
0.05000000	0.01610000
0.05310000	0.01520000
0.05380000	0.01430000
0.05440000	0.01400000
0.05690000	0.01730000
0.05190000	0.01870000
0.07400000	0.01620000
0.04740000	0.01250000
0.05250000	0.01030000
0.05060000	0.00940000
0.04870000	0.00880000
0.05190000	0.00830000
0.05760000	0.00780000
0.05630000	0.00730000
0.06010000	0.00690000
0.06200000	0.00650000
0.06200000	0.00610000
0.06330000	0.00570000
0.06960000	0.01500000
0.08600000	0.11400000
0.07340000	0.09680000
0.05630000	0.06810000
0.05690000	0.06700000
0.05570000	0.06460000
0.05060000	0.06110000
0.05380000	0.05750000
0.06640000	0.14210000
0.07780000	0.28260000
0.09360000	0.22820000
0.08540000	0.16310000
0.08600000	0.14630000
0.07910000	0.13660000
0.08410000	0.12840000
0.10750000	0.12080000
0.08100000	0.11370000
0.08540000	0.10810000
0.08160000	0.10150000
0.08350000	0.09490000
0.08730000	0.08920000
0.08790000	0.08390000
0.08600000	0.07890000
0.07080000	0.07430000
0.08730000	0.06990000
0.08980000	0.06580000
0.09430000	0.06190000
0.09240000	0.05820000
0.07590000	0.05490000
0.06330000	0.05170000
0.06330000	0.04870000
0.06960000	0.04580000
0.08860000	0.04470000
0.10120000	0.05130000
0.07590000	0.04540000
0.06330000	0.03760000
0.06960000	0.04120000
0.08220000	0.03730000
0.08860000	0.03930000
0.08220000	0.04170000
0.06960000	0.04040000
0.05690000	0.03820000
0.05060000	0.03600000
0.05060000	0.03390000
0.05060000	0.03190000
0.04740000	0.03000000
0.04740000	0.02820000
0.04740000	0.02660000
0.05060000	0.02500000
0.05060000	0.02350000
0.05060000	0.02220000
0.05380000	0.02090000
0.05380000	0.01960000
0.05690000	0.01850000
0.05690000	0.01870000
0.05380000	0.02200000
0.05380000	0.02340000
0.05060000	0.02160000
0.04740000	0.02640000
0.04740000	0.02970000
0.04430000	0.02910000
0.04430000	0.02750000
0.04430000	0.02590000
0.04740000	0.02440000
0.04740000	0.02300000
0.05060000	0.02470000
0.05060000	0.02280000
0.05060000	0.02020000
0.04430000	0.01880000
0.04430000	0.01760000
0.04430000	0.01660000
0.04430000	0.01570000
0.04740000	0.01480000
0.04740000	0.01900000
0.05060000	0.01670000
0.05060000	0.01620000
0.05690000	0.01690000
0.06640000	0.01630000
0.07270000	0.01540000
0.07270000	0.01460000
0.06330000	0.01380000
0.05380000	0.01300000
0.04430000	0.01220000
0.04430000	0.01150000
0.04740000	0.01090000
0.05060000	0.01020000
0.06010000	0.00960000
0.06960000	0.11470000
0.07590000	0.10270000
0.08540000	0.07110000
0.08540000	0.07020000
0.08220000	0.06900000
0.08220000	0.06760000
0.08540000	0.06330000
0.08540000	0.05840000
0.08860000	0.05470000
0.12650000	0.18340000
0.94880000	1.48760000
0.56930000	1.38900000
0.44280000	0.61620000
0.31630000	0.29040000
0.25300000	0.21680000
0.22140000	0.19620000
0.18980000	0.18410000
0.17710000	0.17380000
0.17080000	0.16330000
0.16450000	0.15340000
0.16450000	0.14420000
0.16450000	0.13580000
0.17080000	0.12770000
0.17710000	0.12020000
0.18340000	0.11310000
0.18980000	0.10640000
0.18980000	0.10020000
0.14550000	0.09440000
0.10750000	0.08880000
0.11390000	0.08360000
0.13280000	0.07870000
0.22140000	0.09660000
0.37380000	0.10240000
0.41180000	0.08120000
0.35550000	0.06490000
0.30430000	0.05840000
0.27900000	0.05460000
0.25680000	0.05130000
0.19550000	0.04830000
0.16130000	0.04550000
0.15810000	0.04290000
0.25930000	0.04040000
0.27140000	0.04200000
0.28150000	0.03860000
0.21570000	0.03420000
0.22710000	0.03160000
0.21890000	0.02970000
0.19930000	0.02790000
0.20870000	0.02630000
0.20870000	0.02470000
0.20240000	0.02330000
0.22770000	0.04120000
0.22770000	0.03480000
0.18980000	0.02280000
0.18340000	0.01890000
0.18340000	0.01740000
0.22140000	0.01630000
0.25300000	0.02990000
0.25300000	0.06900000
0.22770000	0.04990000
0.15810000	0.02210000
0.15880000	0.01360000
0.17710000	0.04200000
0.20240000	1.13480000
0.19740000	1.17420000
0.13850000	0.53090000
0.11070000	0.22380000
0.21700000	0.15850000
0.39030000	0.55620000
0.34660000	0.73890000
0.34030000	1.08140000
0.47820000	1.53140000
0.47060000	1.21520000
0.34350000	0.63490000
0.33210000	0.37170000
0.32640000	0.32070000
0.35420000	0.46910000
0.34600000	0.76050000
0.36620000	0.91910000
0.33080000	0.62920000
0.29540000	0.40540000
0.27070000	0.34660000
0.24480000	0.32220000
0.22010000	0.30290000
0.20810000	0.29960000
0.20120000	0.28960000
0.18980000	0.26760000
0.18220000	0.24330000
0.17140000	0.22660000
0.15750000	0.21190000
0.15370000	0.20390000
0.14860000	0.19040000
0.13920000	0.17620000
0.13730000	0.16500000
0.13030000	0.15570000
0.12590000	0.14640000
0.12140000	0.13750000
0.12330000	0.14490000
0.12210000	0.13600000
0.12590000	0.11930000
0.11130000	0.11080000
0.10250000	0.10440000
0.10500000	0.09680000
0.09870000	0.09010000
0.09170000	0.08450000
0.08980000	0.07950000
0.09170000	0.07480000
0.08860000	0.07040000
0.06960000	0.06620000
0.08860000	0.06230000
0.06960000	0.06610000
0.07590000	0.06060000
0.07590000	0.05420000
0.06960000	0.04990000
0.07590000	0.05540000
0.07590000	0.05220000
0.07210000	0.04390000
0.06890000	0.03890000
0.06770000	0.03610000
0.06640000	0.03390000
0.06520000	0.03330000
0.06200000	0.03100000
0.06070000	0.02860000
0.06140000	0.02770000
0.06330000	0.02830000
0.06140000	0.02550000
0.06960000	0.06390000
0.07780000	0.05980000
0.09430000	0.05650000
0.08160000	0.05350000
0.08290000	0.04560000
0.06010000	0.03730000
0.07910000	0.03400000
0.07720000	0.03990000
0.07840000	0.60620000
0.09170000	0.78600000
0.09800000	0.42900000
0.10120000	0.18620000
0.10940000	0.14840000
0.10120000	0.13250000
0.11510000	0.10930000
0.11510000	0.09610000
0.09870000	0.08910000
0.08600000	0.10020000
0.07910000	0.09080000
0.07460000	0.07690000
0.07530000	0.07050000
0.07970000	0.08090000
0.07650000	0.07280000
0.07150000	0.06060000
0.07080000	0.05950000
0.06830000	0.05470000
0.07020000	0.07580000
0.07530000	0.10450000
0.09990000	0.10250000
0.09050000	0.06950000
0.08410000	0.04540000
0.08350000	0.03690000
0.08100000	0.03370000
0.08540000	0.04570000
0.07840000	0.04010000
0.08480000	0.07530000
0.12270000	0.08670000
0.10250000	0.07250000
0.16890000	0.22200000
0.16700000	0.17300000
0.11200000	0.11090000
0.09550000	0.09330000
0.08790000	0.08070000
0.08410000	0.07420000
0.08410000	0.08930000
0.08480000	0.07980000
0.08480000	0.06490000
0.08410000	0.05850000
0.08160000	0.05460000
0.07650000	0.05130000
0.06960000	0.04830000
0.06830000	0.04550000
0.06710000	0.07250000
0.07150000	0.08300000
0.07080000	0.07190000
0.06640000	0.04980000
0.06450000	0.03640000
0.06140000	0.03200000
0.05950000	0.02970000
0.05690000	0.03480000
0.06010000	0.06480000
0.06260000	0.06390000
0.06140000	0.05700000
0.05950000	0.06430000
0.06580000	0.04790000
0.06520000	0.03080000
0.07340000	0.02200000
0.07150000	0.01790000
0.07150000	0.01630000
0.06960000	0.04890000
0.06830000	0.21000000
0.08030000	0.77430000
0.07210000	0.54750000
0.06070000	0.21780000
0.07340000	0.15170000
0.07340000	0.13720000
0.07340000	0.12030000
0.06710000	0.10850000
0.06640000	0.10100000
0.06390000	0.09490000
0.06070000	0.08940000
0.06010000	0.08410000
0.05690000	0.07910000
0.05690000	0.07440000
0.05570000	0.07000000
0.05500000	0.06590000
0.05380000	0.06200000
0.05190000	0.05830000
0.04930000	0.05490000
0.05060000	0.05170000
0.05120000	0.04860000
0.05310000	0.04570000
0.05120000	0.04300000
0.04930000	0.04050000
0.04870000	0.03810000
0.07590000	0.03830000
0.05820000	0.03550000
0.04810000	0.03490000
0.04680000	0.03680000
0.05310000	0.03210000
0.04620000	0.02730000
0.04740000	0.02500000
0.04300000	0.02340000
0.03990000	0.02200000
0.04110000	0.02070000
0.04170000	0.01950000
0.02210000	0.01840000
0.04170000	0.02450000
0.04300000	0.02490000
0.04430000	0.02270000
0.05000000	0.01850000
0.04810000	0.01480000
0.04740000	0.01300000
0.04810000	0.01200000
0.04930000	0.01130000
0.05190000	0.01060000
0.05440000	0.01000000
0.05120000	0.01620000
0.04930000	0.01830000
0.04810000	0.01630000
0.05950000	0.01140000
0.06710000	0.06150000
0.06450000	0.05390000
0.05820000	0.02130000
0.07340000	0.01550000
0.06890000	0.01110000
0.06580000	0.00670000
0.06260000	0.00540000
0.07080000	0.00500000
0.07210000	0.00470000
0.06010000	0.01560000
0.06960000	0.01280000
0.06770000	0.00600000
0.07400000	0.00390000
0.07400000	0.00340000
0.07150000	0.00320000
0.06960000	0.00690000
0.07400000	0.02340000
0.06890000	0.01640000
0.06450000	0.00570000
0.06580000	0.00280000
0.06830000	0.00990000
0.07080000	0.00770000
0.06960000	0.00330000
0.07270000	0.02460000
0.08920000	0.02110000
0.09870000	0.00830000
0.09610000	0.14420000
0.10250000	1.02960000
0.09430000	0.98290000
0.09610000	0.44080000
0.10060000	0.19600000
0.07590000	0.14060000
0.10750000	0.12620000
0.06960000	0.11830000
0.08540000	0.11130000
0.08980000	0.10470000
0.08030000	0.09860000
0.08030000	0.09280000
0.08030000	0.08730000
0.08670000	0.08610000
0.09300000	0.08020000
0.08860000	0.07430000
0.10060000	0.06920000
0.08030000	0.06460000
0.06450000	0.06060000
0.07910000	0.05700000
0.08290000	0.05370000
0.08410000	0.05050000
0.08480000	0.04750000
0.08100000	0.04470000
0.08600000	0.04210000
0.08220000	0.04020000
0.08220000	0.03770000
0.08220000	0.03520000
0.08290000	0.03300000
0.08410000	0.03100000
0.08730000	0.02920000
0.08600000	0.02750000
0.07590000	0.02590000
0.07270000	0.02440000
0.07590000	0.02300000
0.07910000	0.02170000
0.07590000	0.02040000
0.07270000	0.01920000
0.06960000	0.01810000
0.06330000	0.01700000
0.06960000	0.01610000
0.07270000	0.01510000
0.07590000	0.01420000
0.07270000	0.01340000
0.06960000	0.01260000
0.06960000	0.01190000
0.07270000	0.01120000
0.07590000	0.01050000
0.07910000	0.00990000
0.08100000	0.00930000
0.08220000	0.00880000
0.08100000	0.00830000
0.07910000	0.00780000
0.07910000	0.00740000
0.07780000	0.00690000
0.07650000	0.00650000
0.07780000	0.00620000
0.07910000	0.00580000
0.08030000	0.00550000
0.07910000	0.00520000
0.08030000	0.00490000
0.07840000	0.00460000
0.07590000	0.00430000
0.07460000	0.00410000
0.07460000	0.00380000
0.07460000	0.00360000
0.07460000	0.00340000
0.07270000	0.00320000
0.06960000	0.00300000
0.06640000	0.00290000
0.06640000	0.00270000
0.06960000	0.00260000
0.07590000	0.00240000
0.08540000	0.00230000
0.09170000	0.00220000
0.10120000	0.00200000
0.11070000	0.00560000
0.12020000	0.02080000
0.13920000	0.01950000
0.12650000	0.00930000
0.11390000	0.00730000
0.10750000	0.00940000
0.10120000	0.00750000
0.11390000	0.00920000
0.10750000	0.00730000
0.10120000	0.00360000
0.09800000	0.00170000
0.09490000	0.00120000
0.09490000	0.00100000
0.09490000	0.00100000
0.09170000	0.00090000
0.09170000	0.00090000
0.08860000	0.00080000
0.08540000	0.00080000
0.08540000	0.00080000
0.08540000	0.00070000
0.08540000	0.00070000
0.08540000	0.00070000
0.08540000	0.00060000
0.08540000	0.00060000
0.08220000	0.00060000
0.07910000	0.00050000
0.07910000	0.00050000
0.08540000	0.00050000
0.09490000	0.00050000
0.09490000	0.00050000
0.09170000	0.00040000
0.08220000	0.00040000
0.07590000	0.00040000
0.08860000	0.00040000
0.10750000	0.00040000
0.10440000	0.00040000
0.10120000	0.00040000
0.10120000	0.00030000
0.10440000	0.00030000
0.09800000	0.00030000
0.09800000	0.00030000
0.09800000	0.00030000
0.10120000	0.00030000
0.10120000	0.00030000
0.10440000	0.00030000
0.10750000	0.00030000
0.11070000	0.00030000
0.11390000	0.00020000
0.15810000	0.01670000
0.25300000	0.03580000
0.44280000	0.02590000
0.56930000	0.01740000
0.63260000	0.41700000
0.75910000	2.21390000
0.94880000	2.42730000
0.68950000	1.15210000
0.37830000	0.41280000
0.24800000	0.24400000
0.23590000	0.21070000
0.26950000	0.20380000
0.28340000	0.19780000
0.28210000	0.39340000
0.30550000	1.51210000
0.31630000	1.53930000
0.26440000	0.78470000
0.22460000	0.40000000
0.22270000	0.79420000
0.24920000	1.08800000
0.25870000	0.71850000
0.21950000	0.42010000
0.20430000	0.33940000
0.19230000	0.30930000
0.17960000	0.28880000
0.16950000	0.27150000
0.16890000	0.25540000
0.17020000	0.24030000
0.17330000	0.22620000
0.17400000	0.22700000
0.17330000	0.21060000
0.16510000	0.19090000
0.16890000	0.17770000
0.16830000	0.18430000
0.16950000	0.18730000
0.13920000	0.16350000
0.13980000	0.14240000
0.12590000	0.13480000
0.11830000	0.12570000
0.11320000	0.11640000
0.11890000	0.11320000
0.13030000	0.12870000
0.12020000	0.11410000
0.11200000	0.09480000
0.10630000	0.08610000
0.08220000	0.08120000
0.10630000	0.07680000
0.11010000	0.07700000
0.08790000	0.08030000
0.09050000	0.07580000
0.10560000	0.09250000
0.74010000	1.12110000
0.88560000	2.31570000
0.43330000	1.76180000
0.26570000	0.74420000
0.22900000	0.32100000
0.19860000	0.22910000
0.19230000	0.20520000
0.18090000	0.19340000
0.17840000	0.18140000
0.16700000	0.16970000
0.13790000	0.15940000
0.14990000	0.15000000
0.14680000	0.14260000
0.15370000	0.13600000
0.15370000	0.12670000
0.15180000	0.11800000
0.16510000	0.13940000
0.17960000	0.14250000
0.20490000	0.15140000
0.34790000	0.13360000
0.29480000	0.10180000
0.23210000	0.08970000
0.21190000	0.08350000
0.20370000	0.07500000
0.19610000	0.06860000
0.19420000	0.06420000
0.18660000	0.06030000
0.17460000	0.05670000
0.16640000	0.05390000
0.14860000	0.05060000
0.13730000	0.05480000
0.13540000	0.05730000
0.14800000	0.04850000
0.14610000	0.04080000
0.13980000	0.03720000
0.13220000	0.03490000
0.13470000	0.06580000
0.13220000	0.05500000
0.12330000	0.03460000
0.12080000	0.03250000
0.12140000	0.03790000
0.11450000	0.03140000
0.11010000	0.03190000
0.10560000	0.02720000
0.10060000	0.02790000
0.09870000	0.03250000
0.09800000	0.02530000
0.10440000	0.06100000
0.14800000	0.07290000
0.16450000	0.07700000
0.15430000	0.23000000
0.21440000	1.90250000
0.21130000	2.35500000
0.16260000	1.16710000
0.14610000	0.40280000
0.13280000	0.22560000
0.12590000	0.19040000
0.12780000	0.18080000
0.12650000	0.17040000
0.11770000	0.15810000
0.24610000	0.19010000
0.18150000	0.16970000
0.14680000	0.13770000
0.14230000	0.12400000
0.13540000	0.12250000
0.15560000	0.11360000
0.12020000	0.10350000
0.11390000	0.09650000
0.10750000	0.09060000
0.10120000	0.08530000
0.09490000	0.08250000
0.13920000	0.10210000
0.12650000	0.08960000
0.09490000	0.07110000
0.09490000	0.09000000
0.09430000	0.07860000
0.08980000	0.06020000
0.08480000	0.05310000
0.08480000	0.05280000
0.08220000	0.05050000
0.08100000	0.04540000
0.07720000	0.04150000
0.07720000	0.03870000
0.07270000	0.03640000
0.06640000	0.03430000
0.06640000	0.03300000
0.07020000	0.05450000
0.07970000	0.08310000
0.09110000	0.05800000
0.07530000	0.04850000
0.07530000	0.04310000
0.07150000	0.02990000
0.06710000	0.02250000
0.06520000	0.02000000
0.06140000	0.01870000
0.05820000	0.01750000
0.06450000	0.04090000
0.07270000	0.05220000
0.06710000	0.03250000
0.06140000	0.01750000
0.06010000	0.03320000
0.07210000	0.06080000
0.09110000	0.07460000
0.06770000	0.04250000
0.06710000	0.01690000
0.04490000	0.01050000
0.05690000	0.00470000
0.05380000	0.00110000
0.05570000	0.02160000
0.05760000	0.01570000
0.07150000	0.00360000
0.03540000	0.00130000
0.06640000	0.00060000
0.03480000	0.00010000
0.04740000	0.00170000
0.05310000	0.00140000
0.05120000	0.00040000
0.04870000	0.00010000
0.04740000	0.00000000
0.04620000	0.00000000
0.04430000	0.00000000
0.04110000	0.00000000
0.03990000	0.00000000
0.04050000	0.00000000
0.03920000	0.00000000
0.03800000	0.00000000
0.03540000	0.00000000
0.03800000	0.00000000
0.02910000	0.00000000
0.03730000	0.00960000
0.04110000	0.00700000
0.03800000	0.00580000
0.03860000	0.00330000
0.04050000	0.00070000
0.03990000	0.00010000
0.03670000	0.00280000
0.04110000	0.00200000
0.03990000	0.00050000
0.03860000	0.00010000
0.04490000	0.02660000
0.04740000	0.01950000
0.04300000	0.00450000
0.04170000	0.00070000
0.04300000	0.00010000
0.04740000	0.00000000
0.04740000	0.00000000
0.04550000	0.00000000
0.04490000	0.00000000
0.04810000	0.00000000
0.06770000	0.00000000
0.04870000	0.00000000
0.04870000	0.01240000
0.05120000	0.03610000
0.05570000	0.02680000
0.04240000	0.00850000
0.05000000	0.00150000
0.05120000	0.00020000
0.05060000	0.00000000
0.05060000	0.00000000
0.04740000	0.00000000
0.04740000	0.00000000
0.05950000	0.00000000
0.04550000	0.00000000
0.06770000	0.00000000
0.03670000	0.00000000
0.05060000	0.00000000
0.05380000	0.00000000
0.05380000	0.00000000
0.06390000	0.04610000
0.08730000	0.07270000
0.08220000	0.03630000
0.07080000	0.00780000
0.06450000	0.00110000
0.05950000	0.00010000
0.06010000	0.00000000
0.06010000	0.00000000
0.06710000	0.00000000
0.07020000	0.00000000
0.06520000	0.00000000
0.06330000	0.00000000
0.05630000	0.00000000
0.05630000	0.00000000
0.06830000	0.00170000
0.07340000	0.01240000
0.07080000	0.01170000
0.06260000	0.01360000
0.06070000	0.01090000
0.06260000	0.00470000
0.08160000	0.00130000
0.07080000	0.00020000
0.06710000	0.00010000
0.06200000	0.00000000
0.06520000	0.00000000
0.05820000	0.00000000
0.05690000	0.00000000
0.06640000	0.00000000
0.07020000	0.00000000
0.07340000	0.00000000
0.07150000	0.00000000
0.07150000	0.00000000
0.07020000	0.00010000
0.06960000	0.00000000
0.07590000	0.00410000
0.07780000	0.00300000
0.07020000	0.00070000
0.07340000	0.00040000
0.07590000	0.00030000
0.07210000	0.00180000
0.07530000	0.00130000
0.07400000	0.00030000
0.06960000	0.00000000
0.06890000	0.00000000
0.06520000	0.00010000
0.07210000	0.00010000
0.07400000	0.00010000
0.07590000	0.00010000
0.07720000	0.00010000
0.08290000	0.00460000
0.08410000	0.00330000
0.08030000	0.00080000
0.07270000	0.00020000
0.07590000	0.00020000
0.07590000	0.00010000
0.07840000	0.00340000
0.07400000	0.00280000
0.07400000	0.00090000
0.07400000	0.00020000
0.07530000	0.00010000
0.07270000	0.00010000
0.08730000	0.00460000
0.07910000	0.00560000
0.07590000	0.00250000
0.06710000	0.00060000
0.07720000	0.00020000
0.07530000	0.00020000
0.07720000	0.00270000
0.07590000	0.00240000
0.07780000	0.00090000
0.06960000	0.00030000
0.07590000	0.00010000
0.08030000	0.00010000
0.07530000	0.00020000
0.07080000	0.00020000
0.07590000	0.00020000
0.07590000	0.00020000
0.08220000	0.00020000
0.08220000	0.00020000
0.08480000	0.00010000
0.08920000	0.00010000
0.09300000	0.00320000
0.09800000	0.00290000
0.07400000	0.00110000
0.07270000	0.00040000
0.07020000	0.00020000
0.06890000	0.00020000
0.07020000	0.00020000
0.07460000	0.00020000
0.08030000	0.00020000
0.08480000	0.00020000
0.07910000	0.00020000
0.07400000	0.00020000
0.07020000	0.00020000
0.06830000	0.00020000
0.06520000	0.00020000
0.07460000	0.00020000
0.07590000	0.00020000
0.07270000	0.00020000
0.07720000	0.00020000
0.07910000	0.00020000
0.07270000	0.00020000
0.06390000	0.00020000
0.06580000	0.00020000
0.07020000	0.00020000
0.06830000	0.00020000
0.07210000	0.00020000
0.07590000	0.00020000
0.07270000	0.00020000
0.08160000	0.00020000
0.08220000	0.00020000
0.08030000	0.01760000
0.07400000	0.01720000
0.06710000	0.00690000
0.06010000	0.00190000
0.05570000	0.00050000
0.05880000	0.00020000
0.06390000	0.00020000
0.07080000	0.00020000
0.07080000	0.00020000
0.06520000	0.00020000
0.06200000	0.00020000
0.06260000	0.00020000
0.07400000	0.00020000
0.09550000	0.00020000
0.11770000	0.00020000
0.13470000	0.01090000
0.14930000	0.05140000
0.15810000	0.63450000
0.16830000	1.43530000
0.16450000	2.36100000
0.16450000	2.17770000
0.14550000	1.07120000
0.12650000	0.44510000
0.12650000	0.30010000
0.14550000	0.26610000
0.14550000	0.24880000
0.12650000	0.23420000
0.12330000	0.22040000
0.12020000	0.20740000
0.11700000	0.19510000
0.12330000	0.18360000
0.12330000	0.17280000
0.12330000	0.16260000
0.12330000	0.15300000
0.12330000	0.14400000
0.11390000	0.13550000
0.11390000	0.12750000
0.11070000	0.12000000
0.10440000	0.11300000
0.10630000	0.10630000
0.12020000	0.10000000
0.12650000	0.09410000
0.17520000	0.08860000
0.20050000	0.08740000
0.25370000	0.08300000
0.33460000	0.10560000
0.43650000	0.28730000
0.54400000	1.67370000
0.55660000	2.45410000
0.46560000	1.65720000
0.39850000	0.72420000
0.35230000	0.35480000
0.28970000	0.26910000
0.26820000	0.24520000
0.26880000	0.23130000
0.25490000	0.21700000
0.24540000	0.20330000
0.22010000	0.19120000
0.20750000	0.18000000
0.18850000	0.16940000
0.17270000	0.15940000
0.16320000	0.15710000
0.16760000	0.19370000
0.16640000	0.17340000
0.15560000	0.15970000
0.16070000	0.15800000
0.16380000	0.15150000
0.14800000	0.14280000
0.16760000	0.13410000
0.15180000	0.12620000
0.15370000	0.11870000
0.15500000	0.11170000
0.16570000	0.11410000
0.11890000	0.10800000
0.16260000	0.09640000
0.16570000	0.09200000
0.17400000	0.09230000
0.21000000	0.08340000
0.23210000	0.07570000
0.33210000	0.12440000
0.30430000	0.32880000
0.33710000	0.66670000
0.34350000	0.74100000
0.29860000	0.78320000
0.26630000	0.50060000
0.25240000	0.28070000
0.23780000	0.22480000
0.22460000	0.20590000
0.20050000	0.19310000
0.19040000	0.18170000
0.18660000	0.17090000
0.18470000	0.16090000
0.18280000	0.15150000
0.18410000	0.14250000
0.18150000	0.13410000
0.18280000	0.12610000
0.14930000	0.11870000
0.17210000	0.11170000
0.16890000	0.10510000
0.17020000	0.09890000
0.17270000	0.09310000
0.20180000	0.08760000
0.16570000	0.08480000
0.17400000	0.08670000
0.20620000	0.14070000
0.24990000	0.13370000
0.21570000	0.09330000
0.19420000	0.07500000
0.18530000	0.06310000
0.17770000	0.05500000
0.17210000	0.06360000
0.19740000	0.10000000
0.44340000	1.99730000
0.62310000	3.12070000
0.37510000	1.69100000
0.34350000	0.56020000
0.32700000	0.30830000
0.58380000	0.26730000
0.42950000	0.23580000
0.40100000	0.24610000
0.38080000	0.23280000
0.30430000	0.23820000
0.27010000	0.22780000
0.25560000	0.20970000
0.22960000	0.19590000
0.22460000	0.18370000
0.20810000	0.17270000
0.16320000	0.16250000
0.17900000	0.15290000
0.21060000	0.14390000
0.22460000	0.13540000
0.20750000	0.12740000
0.21190000	0.12190000
0.20680000	0.11790000
0.23210000	0.10920000
0.21570000	0.11080000
0.26000000	0.14340000
0.20940000	0.12440000
0.19930000	0.09330000
0.21440000	0.08000000
0.31250000	0.11060000
0.29860000	0.09610000
0.31180000	0.07200000
1.11330000	0.30640000
3.71310000	2.23080000
2.70100000	2.85650000
0.88560000	1.45020000
0.48010000	0.50570000
0.36690000	0.31980000
0.33970000	0.48410000
0.33780000	1.15600000
0.30430000	0.84420000
0.27450000	0.41440000
0.22140000	0.30400000
0.33710000	0.30300000
0.35490000	0.28250000
0.28530000	0.25750000
0.26440000	0.23450000
0.39660000	0.21910000
0.39910000	0.22230000
0.56110000	0.22470000
0.39280000	0.19710000
0.31370000	0.17200000
0.24480000	0.15860000
0.21630000	0.14870000
0.22710000	0.16960000
0.22900000	0.16560000
0.21820000	0.14950000
0.20240000	0.12790000
0.19230000	0.11200000
0.18410000	0.10530000
0.17520000	0.09850000
0.16450000	0.09170000
0.15310000	0.08610000
0.14490000	0.08100000
0.14170000	0.07870000
0.25740000	0.07350000
0.16260000	0.06790000
0.13160000	0.06350000
0.14110000	0.08160000
0.13280000	0.07220000
0.22460000	0.12200000
0.20620000	0.11480000
0.16190000	0.07020000
0.13280000	0.04850000
0.11890000	0.04200000
0.11260000	0.04850000
0.10310000	0.04360000
0.09740000	0.04310000
0.09240000	0.03780000
0.09170000	0.04440000
0.08920000	0.05060000
0.13220000	0.06850000
0.12330000	0.05580000
0.10750000	0.05330000
0.10560000	0.03860000
0.11450000	0.03810000
0.11640000	0.03020000
0.11070000	0.02110000
0.10560000	0.01800000
0.09800000	0.01670000
0.15370000	0.01570000
0.19550000	0.02520000
0.10820000	0.02150000
0.09800000	0.01740000
0.09680000	0.03010000
0.09610000	0.02350000
0.08920000	0.01360000
0.08670000	0.01060000
0.08410000	0.00970000
0.07970000	0.02580000
0.07460000	0.02080000
0.07400000	0.01320000
0.07340000	0.01410000
0.07460000	0.02450000
0.07650000	0.01750000
0.07270000	0.00870000
0.07270000	0.01470000
0.07150000	0.02710000
0.08100000	0.01780000
0.07020000	0.00770000
0.06640000	0.00500000
0.06640000	0.00440000
0.06710000	0.00410000
0.07150000	0.00390000
0.07080000	0.00360000
0.06960000	0.00340000
0.06710000	0.00320000
0.06520000	0.00300000
0.06450000	0.01040000
0.06830000	0.03250000
0.07270000	0.04430000
0.06960000	0.02330000
0.06960000	0.01900000
0.07840000	0.01170000
0.07590000	0.00410000
0.07080000	0.00220000
0.06890000	0.00180000
0.07020000	0.00170000
0.06710000	0.00160000
0.06520000	0.00150000
0.06770000	0.00140000
0.06770000	0.00130000
0.06520000	0.00120000
0.06390000	0.00110000
0.06260000	0.00110000
0.06200000	0.00100000
0.06260000	0.00100000
0.06140000	0.00090000
0.06390000	0.00080000
0.06580000	0.00080000
0.06580000	0.00540000
0.06330000	0.02060000
0.06200000	0.02470000
0.07720000	0.04760000
0.08410000	0.05070000
0.08100000	0.02270000
0.07840000	0.00510000
0.07460000	0.00110000
0.07080000	0.00050000
0.07210000	0.00040000
0.07080000	0.00040000
0.07340000	0.01010000
0.07910000	0.01420000
0.07650000	0.00690000
0.07530000	0.00170000
0.07400000	0.00050000
0.07530000	0.00030000
0.07650000	0.00030000
0.07650000	0.00030000
0.07530000	0.00020000
0.07590000	0.00020000
0.07650000	0.00020000
0.07590000	0.00020000
0.07530000	0.00020000
0.07650000	0.00020000
0.07720000	0.00020000
0.07650000	0.00020000
0.08220000	0.01270000
0.08100000	0.00930000
0.07910000	0.00220000
0.08030000	0.00040000
0.08160000	0.00180000
0.08160000	0.00130000
0.08350000	0.00040000
0.08730000	0.00010000
0.08540000	0.00010000
0.09050000	0.00010000
0.09680000	0.00010000
0.09680000	0.00050000
0.09740000	0.00040000
0.09610000	0.00010000
0.09110000	0.00010000
0.08030000	0.00010000
0.09300000	0.00010000
0.09430000	0.00010000
0.08860000	0.00020000
0.09490000	0.00020000
0.09170000	0.00660000
0.09490000	0.00480000
0.10120000	0.00110000
0.09490000	0.00020000
0.09490000	0.00010000
0.09800000	0.00000000
0.09800000	0.00000000
0.09800000	0.00000000
0.09490000	0.00000000
0.09170000	0.00000000
0.09800000	0.00000000
0.09490000	0.00000000
0.09490000	0.00000000
0.09490000	0.00000000
0.06960000	0.00000000
0.06640000	0.00000000
0.09490000	0.00010000
0.09490000	0.00020000
0.10120000	0.00020000
0.10120000	0.01140000
0.09490000	0.00830000
0.10120000	0.00190000
0.10750000	0.00030000
0.10750000	0.00000000
0.10750000	0.00000000
0.11070000	0.00000000
0.11700000	0.00000000
0.11070000	0.00000000
0.11070000	0.00000000
0.10750000	0.00000000
0.10120000	0.00010000
0.10750000	0.00010000
0.10750000	0.00020000
0.11070000	0.00220000
0.11390000	0.00590000
0.10440000	0.00350000
0.11390000	0.00080000
0.11070000	0.00330000
0.11070000	0.00540000
0.11070000	0.00280000
0.10440000	0.00070000
0.10120000	0.00010000
0.10440000	0.00000000
0.09800000	0.00000000
0.10440000	0.00000000
0.10120000	0.00000000
0.10120000	0.00000000
0.10120000	0.00000000
0.10750000	0.00000000
0.10120000	0.00000000
0.09490000	0.00230000
0.09170000	0.00170000
0.09490000	0.00050000
0.09490000	0.00020000
0.10120000	0.00220000
0.09490000	0.00160000
0.08860000	0.00040000
0.09490000	0.00020000
0.08540000	0.00020000
0.08860000	0.00010000
0.09170000	0.00010000
0.09490000	0.00010000
0.09490000	0.00010000
0.09490000	0.00010000
0.09800000	0.00010000
0.09800000	0.00780000
0.09490000	0.01480000
0.09490000	0.00840000
0.10120000	0.00460000
0.10120000	0.00600000
0.09800000	0.00320000
0.09490000	0.00070000
0.09170000	0.00010000
0.09170000	0.00000000
0.09170000	0.00000000
0.09490000	0.00000000
0.09490000	0.00000000
0.09170000	0.00000000
0.09490000	0.00000000
0.09170000	0.00000000
0.09170000	0.00000000
0.08540000	0.00000000
0.09490000	0.00000000
0.09800000	0.00000000
0.09800000	0.00000000
0.10120000	0.00010000
0.10440000	0.00010000
0.10750000	0.00010000
0.11510000	0.00000000
0.11510000	0.00000000
0.12020000	0.01590000
0.12970000	0.01170000
0.12020000	0.00710000
0.10690000	0.00470000
0.10880000	0.00170000
0.10820000	0.00040000
0.08670000	0.00020000
0.09550000	0.00010000
0.09050000	0.00010000
0.07400000	0.00010000
0.06580000	0.00010000
0.07720000	0.00010000
0.09360000	0.00010000
0.11260000	0.00010000
0.12520000	0.03060000
0.15370000	0.05390000
0.16070000	0.02830000
0.15560000	0.02380000
0.14550000	0.03040000
0.14800000	0.03080000
0.16700000	0.02940000
0.16950000	0.02770000
0.16760000	0.02610000
0.16190000	0.02450000
0.15690000	0.02310000
0.17080000	0.02170000
0.18090000	0.02040000
0.18470000	0.01920000
0.17400000	0.01810000
0.15620000	0.01700000
0.14680000	0.01600000
0.14110000	0.01510000
0.15240000	0.01620000
0.15560000	0.01480000
0.14490000	0.01080000
0.12330000	0.00440000
0.13090000	0.00090000
0.11960000	0.00010000
0.12020000	0.00000000
0.13090000	0.00000000
0.12970000	0.00000000
0.13160000	0.00000000
0.12710000	0.00000000
0.11010000	0.00000000
0.10880000	0.00000000
0.10820000	0.00000000
0.10690000	0.00000000
0.10820000	0.00190000
0.10560000	0.00140000
0.10440000	0.00030000
0.10750000	0.00000000
0.10500000	0.00000000
0.10310000	0.00240000
0.11130000	0.01520000
0.11320000	0.01500000
0.16000000	0.06620000
0.14860000	0.08360000
0.14110000	0.03830000
0.12970000	0.01320000
0.13280000	0.01500000
0.12840000	0.17050000
0.12330000	0.13270000
0.12330000	0.07020000
0.12020000	0.06210000
0.11700000	0.05910000
0.11390000	0.05580000
0.10120000	0.05280000
0.11390000	0.07710000
0.11070000	0.10240000
0.10120000	0.07750000
0.10560000	0.06080000
0.10370000	0.05600000
0.10880000	0.05170000
0.11390000	0.04840000
0.24480000	0.06140000
0.18280000	0.07030000
0.07590000	0.05460000
0.09800000	0.04100000
0.09550000	0.03610000
0.09680000	0.03360000
0.09360000	0.03160000
0.09110000	0.02970000
0.08730000	0.02800000
0.08920000	0.02630000
0.09240000	0.02050000
0.09300000	0.00860000
0.06830000	0.00170000
0.09300000	0.00020000
0.09110000	0.00000000
0.08100000	0.01920000
0.10120000	0.01570000
0.09550000	0.00500000
0.10120000	0.00130000
0.08980000	0.00030000
0.09610000	0.02350000
0.11130000	0.03120000
0.12080000	0.02740000
0.11960000	0.01540000
0.11260000	0.00470000
0.10690000	0.00080000
0.10880000	0.00050000
0.11580000	0.00180000
0.10440000	0.00580000
0.09680000	0.00640000
0.09550000	0.00340000
0.09680000	0.00100000
0.09490000	0.00020000
0.08860000	0.00000000
0.08730000	0.00170000
0.08730000	0.03180000
0.08790000	0.02260000
0.08220000	0.00520000
0.07590000	0.00070000
0.07150000	0.00010000
0.07400000	0.00390000
0.06770000	0.00290000
0.06710000	0.00070000
0.06070000	0.02060000
0.05190000	0.01500000
0.04110000	0.00350000
0.05500000	0.00050000
0.07530000	0.04740000
0.12520000	0.03560000
0.09240000	0.00880000
0.09170000	0.03370000
0.08920000	0.02380000
0.09300000	0.00550000
0.08730000	0.00110000
0.08030000	0.00030000
0.06960000	0.00010000
0.06960000	0.00000000
0.06960000	0.00000000
0.06960000	0.00000000
0.06960000	0.00000000
0.06890000	0.00000000
0.06200000	0.00000000
0.05440000	0.00000000
0.06010000	0.00000000
0.05690000	0.00000000
0.05690000	0.00160000
0.06140000	0.00110000
0.05950000	0.00030000
0.05500000	0.00000000
0.04680000	0.00000000
0.04110000	0.00000000
0.05440000	0.00000000
0.04360000	0.00000000
0.03730000	0.00000000
0.03730000	0.00000000
0.06070000	0.00410000
0.06450000	0.00300000
0.02720000	0.00930000
0.04300000	0.00820000
0.08220000	0.01060000
0.04360000	0.00800000
0.03860000	0.00270000
0.03730000	0.00110000
0.03990000	0.00050000
0.03670000	0.00010000
0.03230000	0.01840000
0.03610000	0.01340000
0.04430000	0.00310000
0.04550000	0.00040000
0.03800000	0.00000000
0.03540000	0.00860000
0.03920000	0.02400000
0.04110000	0.01440000
0.03730000	0.00320000
0.04050000	0.00050000
0.03480000	0.00000000
0.03480000	0.00000000
0.03670000	0.00000000
0.03350000	0.00000000
0.03800000	0.00860000
0.03610000	0.01840000
0.03860000	0.01030000
0.04740000	0.00220000
0.03100000	0.00030000
0.01520000	0.00000000
0.02910000	0.00000000
0.03160000	0.00000000
0.03160000	0.00000000
0.02970000	0.00000000
0.03480000	0.00000000
0.02910000	0.00000000
0.03540000	0.00000000
0.03540000	0.00000000
0.03160000	0.00000000
0.03230000	0.00000000
0.05190000	0.00000000
0.03100000	0.00000000
0.03100000	0.00000000
0.03100000	0.00000000
0.03040000	0.00000000
0.03160000	0.00000000
0.02720000	0.00000000
0.03160000	0.00000000
0.03350000	0.00000000
0.03350000	0.00000000
0.03160000	0.00000000
0.03540000	0.00490000
0.03800000	0.00350000
0.03670000	0.00080000
0.03670000	0.00010000
0.03610000	0.00000000
0.04110000	0.02500000
0.04930000	0.01820000
0.05310000	0.00420000
0.05120000	0.00060000
0.05060000	0.00010000
0.04810000	0.00000000
0.04680000	0.00000000
0.04810000	0.00000000
0.04620000	0.00000000
0.04550000	0.00000000
0.05000000	0.00000000
0.04870000	0.00000000
0.04810000	0.00000000
0.04680000	0.00000000
0.04680000	0.00000000
0.04810000	0.00000000
0.04930000	0.00000000
0.05060000	0.00000000
0.05060000	0.00000000
0.05120000	0.00490000
0.05310000	0.00350000
0.05060000	0.00080000
0.04740000	0.00020000
0.05060000	0.00010000
0.05310000	0.00000000
0.05120000	0.00000000
0.05380000	0.00000000
0.05630000	0.00240000
0.05500000	0.00180000
0.05380000	0.00040000
0.05380000	0.00010000
0.05380000	0.00000000
0.05310000	0.00000000
0.05190000	0.00000000
0.05190000	0.00000000
0.05000000	0.00640000
0.05060000	0.00470000
0.04680000	0.00110000
0.04620000	0.00020000
0.04740000	0.00000000
0.04930000	0.00000000
0.05000000	0.00000000
0.05250000	0.00520000
0.05690000	0.00390000
0.05440000	0.00100000
0.05380000	0.00030000
0.05310000	0.02060000
0.05310000	0.02540000
0.05000000	0.01110000
0.05380000	0.00230000
0.05630000	0.00030000
0.05630000	0.00000000
0.05120000	0.00000000
0.05310000	0.00000000
0.05440000	0.00050000
0.05440000	0.00040000
0.05440000	0.00010000
0.05440000	0.00000000
0.05500000	0.00000000
0.05500000	0.00010000
0.05690000	0.00010000
0.05950000	0.00010000
0.06330000	0.00010000
0.06520000	0.01200000
0.06580000	0.01770000
0.06640000	0.00860000
0.06640000	0.00180000
0.06830000	0.00030000
0.06770000	0.00000000
0.06770000	0.00000000
0.06960000	0.00000000
0.07020000	0.00080000
0.06640000	0.00060000
0.06770000	0.00010000
0.07080000	0.00530000
0.07270000	0.00400000
0.06960000	0.00100000
0.07150000	0.00030000
0.07270000	0.00020000
0.07460000	0.02200000
0.07460000	0.01690000
0.07400000	0.00430000
0.07340000	0.00070000
0.07270000	0.00010000
0.07270000	0.00000000
0.07400000	0.00000000
0.07400000	0.00000000
0.07400000	0.00000000
0.06640000	0.00010000
0.06770000	0.00010000
0.07150000	0.00010000
0.07400000	0.00010000
0.07210000	0.00390000
0.07340000	0.00460000
0.07270000	0.00230000
0.07270000	0.00080000
0.07270000	0.00030000
0.07270000	0.00020000
0.07270000	0.00020000
0.07270000	0.00020000
0.07270000	0.00020000
0.07270000	0.00020000
0.07150000	0.00020000
0.07150000	0.00020000
0.07150000	0.00020000
0.07150000	0.00020000
0.07150000	0.00020000
0.07150000	0.00020000
0.07270000	0.00020000
0.07270000	0.00020000
0.07270000	0.00020000
0.07270000	0.00020000
0.07270000	0.00020000
0.07460000	0.00020000
0.07590000	0.00020000
0.07910000	0.00020000
0.08220000	0.00020000
0.08540000	0.00020000
0.08540000	0.00040000
0.08860000	0.00890000
0.08860000	0.02980000
0.08860000	0.01920000
0.08540000	0.00470000
0.07910000	0.00090000
0.06640000	0.00020000
0.08860000	0.00020000
0.09170000	0.00020000
0.09490000	0.00040000
0.09800000	0.01780000
0.09490000	0.02260000
0.09170000	0.01010000
0.08860000	0.00210000
0.08860000	0.00030000
0.08860000	0.00000000
0.09170000	0.00000000
0.09490000	0.00000000
0.09800000	0.00100000
0.10120000	0.00070000
0.09800000	0.00030000
0.09800000	0.00020000
0.09800000	0.00020000
0.09490000	0.00020000
0.08860000	0.00010000
0.07590000	0.00010000
0.10120000	0.01330000
0.10440000	0.01820000
0.10440000	0.00920000
0.10440000	0.01400000
0.10440000	0.02000000
0.11070000	0.02050000
0.10750000	0.01960000
0.10440000	0.01850000
0.06960000	0.01750000
0.09490000	0.01650000
0.05690000	0.01550000
0.10440000	0.01460000
0.10120000	0.01370000
0.10750000	0.01290000
0.11390000	0.03490000
0.11070000	0.03170000
0.10440000	0.02480000
0.10440000	0.02630000
0.10120000	0.02690000
0.10120000	0.02580000
0.10440000	0.02430000
0.10750000	0.02290000
0.10750000	0.02160000
0.10750000	0.02030000
0.10120000	0.01910000
0.09800000	0.01800000
0.09800000	0.01690000
0.10120000	0.02840000
0.09800000	0.09270000
0.09990000	0.07880000
0.09360000	0.06110000
0.08860000	0.06100000
0.09800000	0.05890000
0.10750000	0.05560000
0.10750000	0.05250000
0.10750000	0.04940000
0.10120000	0.04650000
0.10440000	0.04380000
0.10630000	0.04850000
0.11070000	0.14650000
0.11390000	0.13280000
0.11700000	0.10040000
0.11700000	0.09480000
0.11070000	0.09020000
0.10440000	0.08500000
0.09800000	0.08010000
0.09800000	0.07530000
0.10120000	0.07090000
0.10120000	0.06670000
0.09800000	0.06280000
0.09490000	0.05910000
0.08980000	0.05560000
0.09300000	0.05680000
0.09430000	0.08890000
0.09430000	0.07370000
0.09300000	0.04980000
0.09050000	0.04190000
0.09170000	0.03860000
0.08860000	0.03620000
0.08540000	0.03410000
0.08220000	0.03210000
0.08030000	0.03020000
0.08100000	0.03400000
0.08220000	0.03320000
0.08540000	0.02970000
0.08540000	0.02560000
0.05820000	0.02280000
0.07400000	0.02120000
0.11510000	0.01990000
0.12400000	0.01870000
0.16570000	0.02970000
0.16260000	0.02830000
0.15050000	0.02020000
0.13920000	0.01580000
0.12080000	0.01400000
0.11510000	0.01310000
0.12210000	0.05370000
0.12210000	0.90910000
0.14040000	1.76660000
0.13160000	1.06170000
0.13090000	0.38940000
0.12840000	0.74890000
0.12840000	0.83240000
0.13160000	0.51360000
0.12650000	0.32240000
0.12650000	0.26840000
0.12650000	0.24760000
0.12650000	0.23360000
0.12270000	0.21960000
0.11700000	0.20610000
0.11510000	0.19380000
0.11390000	0.18230000
0.11260000	0.17150000
0.11390000	0.16140000
0.12970000	0.16830000
0.11890000	0.15490000
0.11260000	0.13730000
0.11070000	0.12820000
0.10630000	0.12010000
0.10310000	0.11230000
0.10120000	0.10550000
0.09990000	0.09920000
0.09800000	0.09340000
0.12650000	0.11610000
0.27200000	0.16180000
0.26760000	0.24230000
0.22200000	0.34690000
0.21060000	0.41440000
0.19290000	0.29660000
0.17210000	0.20180000
0.15430000	0.17740000
0.14300000	0.16660000
0.13850000	0.15690000
0.13850000	0.15510000
0.14930000	0.16940000
0.18660000	0.29330000
0.18660000	0.25350000
0.17330000	0.20030000
0.15750000	0.19230000
0.15240000	0.18030000
0.14550000	0.18060000
0.12330000	0.17920000
0.11960000	0.17070000
0.11450000	0.16100000
0.11010000	0.15150000
0.11770000	0.16260000
0.12020000	0.15460000
0.11960000	0.13390000
0.11070000	0.12070000
0.10250000	0.12180000
0.09930000	0.11220000
0.09680000	0.10060000
0.09740000	0.09660000
0.09240000	0.09000000
0.09490000	0.09280000
0.09490000	0.08690000
0.09680000	0.07620000
0.09110000	0.06930000
0.08920000	0.06470000
0.08600000	0.09190000
0.08920000	0.10160000
0.08410000	0.07500000
0.08290000	0.05510000
0.08410000	0.04830000
0.07590000	0.04500000
0.07020000	0.04230000
0.06770000	0.03980000
0.06330000	0.03740000
0.06070000	0.03520000
0.05690000	0.03310000
0.05440000	0.03120000
0.05190000	0.02930000
0.05190000	0.02760000
0.05380000	0.02600000
0.05250000	0.02790000
0.05310000	0.04410000
0.05250000	0.04150000
0.04870000	0.02770000
0.04810000	0.02060000
0.04550000	0.01820000
0.04550000	0.02790000
0.04810000	0.02470000
0.04810000	0.04150000
0.04550000	0.03210000
0.04680000	0.01740000
0.04680000	0.01310000
0.04550000	0.01180000
0.04550000	0.02370000
0.04550000	0.03920000
0.04810000	0.02180000
0.04810000	0.01600000
0.05060000	0.01160000
0.05060000	0.00560000
0.04930000	0.00650000
0.05060000	0.00370000
0.05250000	0.00080000
0.05250000	0.00010000
0.05950000	0.00000000
0.35040000	0.02600000
0.11010000	0.02550000
0.14860000	0.02780000
0.09430000	0.04970000
0.08600000	0.03470000
0.07080000	0.02320000
0.11960000	0.04430000
0.12460000	0.02680000
0.10310000	0.01620000
0.06200000	0.02090000
0.05630000	0.02420000
0.07210000	0.02000000
0.05820000	0.00840000
0.05380000	0.00870000
0.08730000	0.48180000
0.10370000	0.53960000
0.05690000	0.27610000
0.06580000	0.13850000
0.06640000	0.10490000
0.06890000	0.09510000
0.06640000	0.08920000
0.06260000	0.08680000
0.05880000	0.08240000
0.05950000	0.07570000
0.05760000	0.07020000
0.05630000	0.06580000
0.05570000	0.06190000
0.05500000	0.05830000
0.05500000	0.05480000
0.05380000	0.05160000
0.05380000	0.04850000
0.05190000	0.04700000
0.05250000	0.04390000
0.05060000	0.04070000
0.04930000	0.03730000
0.04870000	0.02300000
0.04870000	0.00770000
0.04620000	0.00150000
0.04620000	0.00020000
0.04550000	0.00010000
0.04430000	0.00220000
0.04430000	0.01510000
0.04430000	0.01020000
0.04240000	0.00230000
0.04050000	0.00030000
0.03990000	0.00000000
0.03920000	0.00130000
0.04170000	0.00090000
0.04240000	0.00020000
0.03920000	0.00000000
0.03540000	0.00000000
0.03480000	0.00000000
0.03420000	0.00000000
0.03420000	0.00000000
0.03290000	0.00300000
0.05310000	0.01190000
0.04170000	0.00760000
0.03100000	0.00170000
0.02970000	0.00690000
0.03420000	0.02360000
0.03480000	0.01480000
0.03160000	0.00330000
0.02910000	0.00050000
0.02780000	0.00010000
0.03480000	0.01650000
0.06260000	0.07150000
0.10060000	0.74350000
0.13220000	1.08420000
0.17840000	0.59670000
0.12970000	0.23140000
0.10310000	0.14580000
0.08790000	0.12730000
0.09170000	0.23570000
0.09870000	0.21330000
0.08670000	0.17090000
0.08540000	0.28420000
0.09490000	0.84310000
0.11640000	0.81360000
0.09930000	0.45840000
0.09240000	0.29060000
0.08730000	0.24640000
0.08860000	0.22810000
0.09110000	0.21430000
0.09300000	0.20690000
0.09430000	0.19360000
0.09050000	0.17950000
0.09300000	0.16820000
0.09550000	0.15820000
0.09300000	0.14880000
0.09490000	0.14000000
0.09360000	0.13190000
0.08920000	0.12630000
0.09110000	0.12300000
0.09360000	0.11360000
0.09240000	0.10420000
0.08790000	0.09730000
0.08860000	0.09330000
0.08860000	0.09090000
0.08540000	0.08450000
0.08480000	0.07750000
0.08730000	0.10470000
0.08600000	0.09140000
0.08730000	0.08380000
0.08670000	0.08530000
0.07910000	0.08210000
0.08290000	0.07750000
0.08790000	0.07590000
0.09240000	0.07080000
0.09110000	0.06510000
0.09050000	0.06120000
0.09110000	0.05750000
0.09170000	0.05390000
0.09300000	0.05070000
0.08860000	0.04780000
0.07910000	0.04500000
0.05690000	0.04240000
0.08860000	0.03990000
0.10180000	0.03750000
0.09430000	0.03530000
0.08730000	0.03320000
0.08350000	0.03150000
0.08540000	0.03590000
0.08790000	0.03440000
0.08790000	0.02860000
0.08790000	0.02490000
0.09110000	0.02740000
0.05690000	0.02490000
0.10120000	0.02120000
0.08860000	0.01940000
0.08220000	0.01820000
0.08290000	0.01710000
0.08350000	0.01610000
0.08410000	0.01520000
0.08480000	0.01430000
0.08220000	0.01340000
0.08350000	0.01270000
0.08410000	0.01190000
0.08730000	0.01120000
0.08860000	0.01630000
0.08980000	0.01500000
0.09240000	0.02560000
0.09430000	0.19140000
0.08790000	0.15760000
0.08350000	0.07450000
0.08290000	0.05150000
0.08410000	0.04570000
0.08790000	0.04270000
0.09050000	0.04020000
0.09360000	0.03780000
0.09430000	0.05010000
0.09490000	0.04400000
0.09050000	0.05620000
0.08540000	0.06730000
0.08480000	0.06680000
0.08220000	0.06340000
0.08410000	0.05980000
0.08480000	0.05630000
0.08350000	0.05300000
0.08410000	0.04990000
0.06330000	0.04690000
0.02910000	0.04420000
0.03230000	0.04160000
0.04740000	0.03910000
0.08860000	0.04060000
0.10120000	0.03740000
0.09490000	0.03310000
0.09490000	0.03070000
0.08860000	0.02880000
0.08790000	0.02710000
0.08600000	0.02550000
0.08350000	0.02400000
0.08290000	0.02260000
0.09360000	0.02120000
0.09490000	0.02000000
0.09050000	0.01880000
0.08790000	0.01770000
0.08100000	0.01660000
0.07210000	0.01570000
0.08220000	0.01480000
0.08920000	0.01390000
0.09430000	0.01310000
0.07590000	0.01230000
0.06010000	0.01160000
0.07910000	0.01090000
0.08860000	0.01020000
0.09490000	0.00960000
0.09170000	0.00910000
0.08600000	0.00850000
0.08860000	0.00810000
0.08860000	0.00770000
0.07780000	0.00730000
0.07590000	0.00680000
0.08860000	0.00640000
0.08980000	0.00610000
0.09240000	0.00570000
0.09490000	0.00540000
0.09490000	0.00510000
0.09550000	0.01350000
0.09740000	0.01610000
0.10060000	0.01740000
0.10250000	0.01080000
0.10180000	0.00700000
0.10630000	0.00500000
0.10750000	0.00360000
0.10690000	0.00510000
0.11010000	0.00430000
0.10370000	0.00300000
0.10120000	0.00270000
0.10120000	0.00250000
0.09490000	0.00240000
0.09490000	0.00230000
0.09300000	0.00210000
0.10180000	0.00200000
0.10750000	0.00190000
0.10750000	0.00180000
0.08540000	0.00170000
0.09490000	0.00160000
0.11070000	0.00150000
0.13920000	0.02250000
0.15180000	0.03630000
0.17710000	0.01960000
0.20240000	0.00930000
0.17080000	0.00460000
0.20620000	0.00290000
0.21320000	0.00240000
0.18340000	0.00140000
0.18220000	0.00090000
0.17900000	0.00080000
0.17770000	0.00140000
0.17520000	0.00120000
0.18280000	0.00330000
0.16950000	0.00250000
0.16380000	0.00100000
0.15750000	0.00060000
0.13920000	0.00060000
0.12460000	0.00060000
0.12020000	0.00060000
0.11510000	0.00050000
0.11450000	0.00270000
0.11450000	0.00200000
0.10880000	0.00080000
0.10250000	0.00380000
0.10180000	0.00280000
0.10440000	0.00300000
0.10120000	0.00200000
0.09930000	0.00080000
0.09870000	0.00040000
0.09740000	0.00990000
0.09610000	0.00830000
0.09740000	0.00260000
0.09870000	0.00380000
0.09990000	0.00520000
0.09680000	0.00260000
0.09610000	0.00070000
0.09550000	0.00020000
0.09430000	0.00010000
0.09610000	0.01210000
0.09680000	0.00890000
0.09300000	0.00210000
0.09240000	0.00830000
0.09680000	0.00720000
0.09300000	0.00240000
0.09050000	0.00050000
0.09240000	0.00010000
0.09240000	0.00010000
0.09170000	0.00010000
0.08980000	0.00010000
0.09110000	0.00010000
0.09240000	0.00010000
0.09610000	0.00010000
0.09740000	0.00010000
0.14860000	0.07960000
0.22390000	0.07570000
0.26060000	0.14320000
0.21890000	0.10220000
0.18280000	0.05750000
0.16380000	0.05240000
0.14860000	0.05000000
0.14300000	0.04720000
0.13980000	0.04450000
0.14490000	0.04220000
0.25300000	0.09420000
0.54840000	0.59280000
0.30930000	0.70400000
0.26310000	0.49880000
0.59460000	1.29990000
0.41690000	1.29790000
0.27770000	0.66180000
0.24290000	0.33760000
0.22520000	0.26280000
0.21760000	0.24050000
0.20620000	0.22280000
0.19860000	0.20810000
0.18980000	0.19550000
0.17330000	0.19110000
0.16070000	0.17810000
0.15240000	0.16370000
0.14860000	0.15500000
0.15180000	0.14530000
0.15880000	0.13710000
0.14930000	0.12840000
0.14990000	0.12010000
0.14490000	0.11280000
0.14170000	0.10610000
0.20120000	0.16450000
0.23020000	0.14950000
0.20940000	0.11300000
0.22200000	0.11260000
0.48580000	0.13790000
0.35680000	0.31180000
0.28210000	0.50760000
0.22580000	0.57370000
0.23660000	1.07320000
0.26690000	2.27530000
0.29030000	1.89350000
0.25300000	0.88610000
0.22580000	0.44010000
0.20120000	0.33350000
0.43520000	0.34200000
0.72740000	0.32440000
0.31310000	0.28230000
0.24230000	0.25410000
0.21570000	0.23730000
0.20940000	0.23420000
0.19480000	0.21760000
0.18030000	0.19880000
0.17520000	0.19630000
0.17330000	0.18220000
0.15810000	0.16590000
0.15310000	0.15470000
0.16320000	0.16670000
0.17400000	0.17580000
0.17840000	0.17990000
0.17900000	0.15530000
0.16130000	0.12520000
0.14860000	0.10930000
0.13790000	0.10110000
0.13160000	0.09490000
0.12780000	0.08930000
0.12270000	0.08400000
0.12020000	0.07910000
0.12210000	0.09760000
0.12400000	0.09100000
0.11770000	0.07280000
0.11960000	0.07140000
0.11450000	0.07220000
0.11640000	0.08170000
0.12140000	0.06760000
0.11770000	0.05220000
0.11450000	0.04630000
0.11510000	0.04310000
0.11390000	0.04050000
0.11070000	0.03810000
0.10750000	0.05810000
0.10630000	0.05000000
0.10120000	0.03550000
0.09550000	0.03080000
0.09110000	0.03710000
0.08920000	0.03280000
0.08730000	0.02640000
0.08540000	0.02360000
0.08410000	0.02210000
0.08160000	0.02080000
0.08030000	0.01950000
0.08030000	0.01840000
0.07780000	0.01730000
0.07530000	0.01630000
0.07650000	0.01840000
0.07270000	0.01670000
0.07210000	0.02910000
0.08410000	0.03920000
0.12840000	0.04200000
0.09800000	0.02940000
0.08290000	0.05210000
0.13920000	0.05760000
0.09430000	0.03320000
0.08290000	0.01520000
0.07720000	0.00940000
0.07650000	0.00800000
0.07590000	0.00740000
0.07530000	0.00770000
0.08160000	0.00710000
0.08860000	0.01110000
0.07590000	0.01130000
0.07460000	0.00780000
0.07150000	0.00700000
0.07270000	0.00590000
0.07080000	0.00480000
0.10880000	0.03380000
0.20370000	0.04200000
0.09360000	0.02070000
0.08220000	0.01080000
0.07780000	0.00750000
0.29160000	0.07070000
0.16130000	0.06660000
0.11260000	0.02360000
0.08920000	0.00740000
0.12970000	0.02860000
0.12900000	0.03140000
0.09870000	0.01320000
0.09050000	0.01000000
0.08480000	0.01260000
0.08290000	0.01280000
0.08160000	0.01220000
0.07840000	0.01320000
0.08100000	0.01430000
0.09050000	0.02630000
0.08730000	0.03170000
0.08540000	0.02550000
0.08100000	0.01120000
0.07970000	0.00250000
0.07970000	0.00040000
0.08100000	0.00000000
0.08030000	0.00000000
0.08350000	0.00000000
0.08160000	0.00000000
0.08030000	0.00080000
0.07400000	0.00060000
0.07340000	0.00010000
0.07340000	0.00530000
0.07270000	0.00390000
0.07210000	0.00090000
0.07460000	0.00010000
0.07210000	0.00000000
0.06830000	0.00000000
0.06770000	0.01450000
0.07080000	0.03780000
0.08100000	0.02360000
0.08100000	0.01540000
0.07780000	0.01090000
0.07460000	0.00390000
0.07590000	0.00070000
0.07910000	0.00160000
0.07720000	0.00110000
0.07910000	0.00020000
0.07840000	0.00000000
0.08100000	0.00000000
0.07910000	0.00000000
0.07910000	0.00000000
0.08220000	0.00590000
0.08100000	0.00430000
0.08030000	0.00100000
0.08100000	0.00010000
0.07840000	0.00000000
0.07780000	0.00000000
0.07840000	0.00000000
0.07910000	0.00000000
0.08220000	0.00000000
0.08860000	0.00210000
0.08350000	0.00580000
0.07970000	0.00350000
0.07910000	0.00080000
0.07910000	0.00010000
0.08100000	0.00170000
0.07650000	0.00130000
0.07650000	0.00030000
0.08030000	0.00000000
0.07910000	0.00000000
0.07530000	0.00000000
0.07340000	0.00000000
0.07780000	0.01540000
0.07780000	0.01950000
0.07400000	0.00860000
0.07270000	0.00180000
0.06960000	0.00020000
0.07210000	0.00000000
0.06890000	0.00000000
0.00000000	0.00120000
0.00000000	0.00090000
0.00000000	0.00030000
0.00000000	0.00020000
0.00000000	0.00010000
0.00000000	0.00010000
0.00000000	0.00010000
0.00000000	0.00020000
0.00000000	0.00010000
0.00000000	0.00010000
0.00000000	0.00010000
0.00000000	0.00010000
0.00000000	0.02850000
0.00000000	0.03930000
0.00000000	0.01840000
0.00000000	0.00380000
0.00000000	0.00050000
0.00000000	0.00010000
0.00000000	0.00000000
0.00000000	0.00000000
0.00000000	0.00000000
0.00000000	0.00000000
0.00000000	0.00000000
0.00000000	0.00000000
0.00000000	0.00000000
0.00000000	0.00000000
0.00000000	0.00000000
0.00000000	0.00000000
0.00000000	0.00000000
0.00000000	0.00000000
0.00000000	0.00000000
0.00000000	0.00000000
0.00000000	0.00000000
0.00000000	0.00000000
0.00000000	0.00000000
0.00000000	0.00010000
0.00000000	0.00010000
0.00000000	0.00010000
0.00000000	0.00010000
0.00000000	0.00010000
0.00000000	0.00010000
0.00000000	0.00010000
0.00000000	0.01170000
0.00000000	0.01010000
0.00000000	0.00340000
0.00000000	0.00080000
0.00000000	0.00030000
0.00000000	0.00020000
0.00000000	0.00020000
0.00000000	0.00020000
0.00000000	0.00020000
0.00000000	0.00020000
