0.38870000	0.15640000
0.28200000	0.14940000
0.22860000	0.14280000
0.19820000	0.13680000
0.16770000	0.13120000
0.10670000	0.12590000
0.13720000	0.12100000
0.13720000	0.11640000
0.12960000	0.11210000
0.11430000	0.10810000
0.11430000	0.10430000
0.09910000	0.10070000
0.09150000	0.09730000
0.09150000	0.09410000
0.09150000	0.11700000
1.50900000	0.32480000
0.28960000	0.30090000
0.20580000	0.31610000
0.21340000	0.36180000
0.18290000	0.31230000
0.16770000	0.34010000
0.16000000	0.30530000
0.14480000	0.28210000
0.12190000	0.26110000
0.10670000	0.24220000
0.10670000	0.22510000
0.11430000	0.21620000
0.11430000	0.21430000
0.11430000	0.19930000
0.12190000	0.17160000
0.12190000	0.16920000
0.11430000	0.15890000
0.11430000	0.14960000
0.11430000	0.14110000
0.10670000	0.13330000
0.09910000	0.12610000
0.09910000	0.11960000
0.09150000	0.11360000
0.09910000	0.10810000
0.08380000	0.10300000
0.08380000	0.09830000
0.09150000	0.09400000
0.09910000	0.09000000
0.07470000	0.08620000
0.07470000	0.08280000
0.06860000	0.07950000
0.09910000	0.26670000
0.16770000	0.38360000
0.12960000	0.36090000
0.10670000	0.36100000
0.08380000	0.33110000
0.08380000	0.30420000
0.09910000	0.29180000
0.12960000	0.28890000
0.11430000	0.23880000
0.10670000	0.25430000
0.28200000	0.44910000
0.30480000	0.40680000
0.28960000	0.41220000
0.27440000	0.37830000
0.26670000	0.34780000
0.28200000	0.32040000
0.28200000	0.29580000
0.28200000	0.27360000
0.28200000	0.25350000
0.29720000	0.25020000
0.28960000	0.23040000
0.28200000	0.20440000
0.29720000	0.21830000
0.34300000	0.25860000
0.31250000	0.24580000
0.29720000	0.25620000
0.29720000	0.23770000
0.29720000	0.22100000
0.28960000	0.21230000
0.28960000	0.21510000
0.28200000	0.17990000
0.26670000	0.17960000
0.25910000	0.16830000
0.23630000	0.15810000
0.22100000	0.14880000
0.21340000	0.14030000
0.20580000	0.13250000
0.20580000	0.12540000
0.20580000	0.11890000
0.20580000	0.11290000
0.20580000	0.10740000
0.19050000	0.10240000
0.18290000	0.09770000
0.18290000	0.09340000
0.17530000	0.08940000
0.17530000	0.08570000
0.17530000	0.08220000
0.17530000	0.07900000
0.17530000	0.07590000
0.18290000	0.07310000
0.19050000	0.07040000
0.19050000	0.07630000
0.19820000	0.06560000
0.19820000	0.06340000
0.20580000	0.08380000
0.20580000	0.05930000
0.19820000	0.05740000
0.19820000	0.05560000
0.19820000	0.05380000
0.20580000	0.09430000
0.20580000	0.05060000
0.19820000	0.08650000
0.19820000	0.08150000
0.19820000	0.07690000
0.19820000	0.16260000
0.19820000	0.28580000
0.19820000	0.27020000
0.19820000	0.27620000
0.19050000	0.25310000
0.19820000	0.23230000
0.19050000	0.21360000
0.19050000	0.19680000
0.18290000	0.18160000
0.17530000	0.16800000
0.18290000	0.15570000
0.17530000	0.14460000
0.16000000	0.13460000
0.17530000	0.13900000
0.17530000	0.11730000
0.16770000	0.10990000
0.16770000	0.13410000
0.16770000	0.21580000
0.17530000	0.23460000
0.17530000	0.22880000
0.18290000	0.21880000
0.18290000	0.20170000
0.29720000	0.23060000
0.28960000	0.17230000
0.28200000	0.19910000
0.28960000	0.18400000
0.28960000	0.17040000
0.28960000	0.15810000
0.29720000	0.14700000
0.29720000	0.13700000
0.28960000	0.12790000
0.28200000	0.11970000
0.28200000	0.11220000
0.28200000	0.10540000
0.27440000	0.09930000
0.25910000	0.09360000
0.25910000	0.08850000
0.25910000	0.08400000
0.25910000	0.08750000
0.25910000	0.07550000
0.25910000	0.07180000
0.28960000	0.14060000
0.28960000	0.17120000
0.43440000	0.25560000
5.83020000	1.17460000
1.05930000	0.44160000
0.89170000	0.42470000
0.88410000	0.40880000
0.85360000	0.36640000
0.78500000	0.32530000
0.76210000	0.29870000
0.77740000	0.31700000
0.86880000	0.34170000
1.08220000	0.43290000
0.92980000	0.40170000
0.91450000	0.39610000
0.86120000	0.36350000
0.84600000	0.33420000
0.80780000	0.30780000
0.75450000	0.28410000
0.74690000	0.26280000
0.73160000	0.24350000
0.69350000	0.22620000
0.66300000	0.21050000
0.64780000	0.19630000
0.64020000	0.18340000
0.63260000	0.17170000
0.61730000	0.16110000
0.60970000	0.15150000
0.73930000	0.20020000
0.64780000	0.15780000
0.60210000	0.17140000
0.58680000	0.16050000
0.56400000	0.15060000
0.55630000	0.14160000
0.52590000	0.13990000
0.48010000	0.12590000
0.46490000	0.11910000
0.46490000	0.11280000
0.45730000	0.10700000
0.44200000	0.10180000
0.43440000	0.09690000
0.38110000	0.09240000
0.40390000	0.08830000
0.38110000	0.08440000
0.37340000	0.08090000
0.36580000	0.07750000
0.35820000	0.07440000
0.35060000	0.08190000
0.33530000	0.06890000
0.31250000	0.06630000
0.28960000	0.06390000
0.28200000	0.06170000
0.27440000	0.12950000
0.32770000	0.30300000
0.32770000	0.27610000
0.28960000	0.31630000
0.26670000	0.26360000
0.24390000	0.24630000
0.24390000	0.22680000
0.22860000	0.20910000
0.22100000	0.19320000
0.21340000	0.17890000
0.20580000	0.19280000
0.21340000	0.19110000
0.21340000	0.15410000
0.20580000	0.17710000
0.19050000	0.16440000
0.17530000	0.15290000
0.16770000	0.14240000
0.16000000	0.13300000
0.15240000	0.12450000
0.15240000	0.11670000
0.15240000	0.10960000
0.14480000	0.10320000
0.13720000	0.09730000
0.12960000	0.09200000
0.16000000	0.13370000
0.16000000	0.08260000
0.14480000	0.10560000
0.12960000	0.09920000
0.12190000	0.09340000
0.10670000	0.08810000
0.11430000	0.08320000
0.11430000	0.07880000
1.05930000	0.34760000
0.94500000	0.53330000
0.35060000	0.47820000
0.25910000	0.47130000
0.23630000	0.43010000
0.22860000	0.39320000
0.25910000	0.42500000
0.34300000	0.54240000
0.32010000	0.48850000
0.35060000	0.48050000
0.39630000	0.46190000
0.70880000	0.45890000
0.76970000	0.58840000
0.54870000	0.53700000
0.48010000	0.52710000
0.44970000	0.48320000
0.41920000	0.44380000
0.40390000	0.40830000
15.16620000	2.55550000
14.02300000	5.73660000
13.18470000	8.42530000
10.59350000	18.75940000
1.71480000	9.90120000
13.79440000	11.29590000
1.81380000	7.85280000
4.19930000	4.02010000
3.70390000	3.86840000
2.68270000	3.51730000
2.33970000	3.20300000
2.10350000	2.92140000
1.81380000	2.66900000
1.55470000	2.44270000
1.54710000	2.28720000
1.50900000	2.05720000
1.47090000	1.92310000
1.34130000	1.77230000
1.24990000	1.63870000
1.30320000	1.53590000
1.31850000	1.40520000
1.24230000	1.30590000
1.17370000	1.21610000
1.12790000	1.13490000
1.17370000	1.06130000
1.05930000	1.10900000
0.93740000	1.01450000
0.90690000	1.03730000
0.86880000	0.93120000
0.80020000	0.90160000
0.73930000	0.84830000
0.69350000	0.79980000
0.66300000	0.75550000
0.61730000	0.71490000
0.57920000	0.67780000
0.54110000	0.64370000
0.49540000	0.61230000
0.47250000	0.58340000
0.44200000	0.55680000
0.41150000	0.53210000
0.38110000	0.50920000
0.35820000	0.48790000
0.32010000	0.46820000
0.29720000	0.44970000
0.28200000	0.43250000
0.28960000	0.43240000
0.26670000	0.42990000
0.25150000	0.41330000
0.22100000	0.37840000
0.19050000	0.37510000
0.16770000	0.36170000
0.15240000	0.34910000
0.14480000	0.33720000
0.12960000	0.32600000
0.11430000	0.31530000
0.09910000	0.30520000
0.08380000	0.29560000
0.06400000	0.28640000
0.05330000	0.27770000
0.04730000	0.26930000
0.04650000	0.26130000
0.04730000	0.25370000
0.05110000	0.24640000
0.06100000	0.23930000
0.04950000	0.23260000
0.04950000	0.22600000
0.04650000	0.21980000
0.06020000	0.21370000
0.10670000	0.25230000
0.29720000	0.28450000
0.17530000	0.26540000
0.12190000	0.27730000
0.09910000	0.26410000
0.09150000	0.25180000
0.07470000	0.24050000
0.06550000	0.23010000
0.06550000	0.22030000
0.06330000	0.21130000
0.06020000	0.20290000
0.06550000	0.19500000
0.07470000	0.18770000
0.09910000	0.32070000
0.09150000	0.27920000
0.09150000	0.36600000
0.10670000	0.45290000
0.11430000	0.46220000
0.09910000	0.42730000
0.07620000	0.40750000
0.07470000	0.37870000
0.09150000	0.35280000
0.09150000	0.32920000
0.09150000	0.30790000
0.07620000	0.28860000
0.06630000	0.27100000
0.05790000	0.25500000
0.04950000	0.26250000
0.23630000	0.37810000
0.14480000	0.33930000
0.10670000	0.35870000
0.08380000	0.33370000
0.07620000	0.31110000
0.06860000	0.29070000
0.06330000	0.27210000
0.05940000	0.25530000
0.06100000	0.24000000
0.04570000	0.22600000
0.03960000	0.21330000
0.03350000	0.20170000
0.02740000	0.19100000
0.02360000	0.18120000
0.01370000	0.17230000
0.01220000	0.16400000
0.01370000	0.15640000
0.01370000	0.14940000
0.01370000	0.14280000
0.01370000	0.13680000
0.01370000	0.13120000
8.76440000	3.18590000
1.05930000	5.19590000
0.70880000	0.95780000
0.49540000	0.92220000
0.40390000	0.82300000
0.34300000	0.76800000
0.30480000	0.70250000
0.30480000	0.75550000
0.32770000	0.80110000
0.27440000	0.74040000
0.22860000	0.70880000
0.20580000	0.65170000
0.17530000	0.60040000
0.15240000	0.55420000
0.16000000	0.51260000
0.16000000	0.47510000
0.16770000	0.46620000
0.19820000	0.49480000
0.19820000	0.45200000
0.16770000	0.45530000
0.15240000	0.42330000
0.13720000	0.39440000
0.12960000	0.36820000
0.12190000	0.34440000
0.13720000	0.32290000
0.20580000	0.78320000
0.38870000	1.31960000
0.24390000	0.54540000
0.21340000	0.53810000
0.20580000	0.49780000
0.19820000	0.46140000
0.19050000	0.42860000
0.18290000	0.39890000
0.19820000	0.37210000
0.28960000	0.45270000
0.21340000	0.39760000
0.20580000	0.40730000
0.19820000	0.37940000
0.19820000	0.35410000
0.20580000	0.33120000
0.19050000	0.31050000
0.19050000	0.29160000
0.18290000	0.27440000
0.18290000	0.25870000
0.17530000	0.24440000
0.16770000	0.23130000
0.16000000	0.21930000
0.16000000	0.20830000
0.16000000	0.19820000
0.15240000	0.18890000
0.15240000	0.18020000
0.15240000	0.17230000
0.15240000	0.16490000
0.14480000	0.15800000
0.14480000	0.16170000
0.14480000	0.17160000
0.13720000	0.14010000
0.12960000	0.14030000
0.12190000	0.13490000
0.11430000	0.12980000
0.11430000	0.12500000
0.12190000	0.12380000
0.11430000	0.11860000
0.11430000	0.11240000
0.11430000	0.10860000
0.11430000	0.10500000
0.11430000	0.10160000
0.11430000	0.09840000
0.10670000	0.09540000
0.10670000	0.10800000
0.09910000	0.08970000
0.10670000	0.08700000
0.09910000	0.08450000
0.09910000	0.08200000
0.09150000	0.07970000
0.09150000	0.08150000
0.09150000	0.07520000
0.09150000	0.07310000
0.09150000	0.07110000
0.09150000	0.06920000
0.08380000	0.06730000
0.08380000	0.06550000
0.08380000	0.06370000
0.08380000	0.06200000
0.08380000	0.06040000
0.08380000	0.05880000
0.08380000	0.07910000
0.08380000	0.05580000
0.08380000	0.05460000
0.08380000	0.05290000
0.07470000	0.05150000
0.07470000	0.05020000
0.07620000	0.04890000
0.07390000	0.04770000
0.06940000	0.04640000
0.06550000	0.04520000
0.06250000	0.04410000
0.05940000	0.04300000
0.07470000	0.04340000
0.07470000	0.05610000
0.07470000	0.04450000
0.07470000	0.08890000
0.07470000	0.17800000
0.07160000	0.17120000
0.07160000	0.18630000
0.07160000	0.18160000
0.07160000	0.15350000
0.07160000	0.15130000
0.07160000	0.13780000
0.07090000	0.12750000
0.06860000	0.11830000
0.06860000	0.10990000
0.06860000	0.10230000
0.06860000	0.09550000
0.06550000	0.08930000
0.06550000	0.08370000
0.06550000	0.12020000
0.06330000	0.08240000
0.06330000	0.09090000
0.06480000	0.09570000
0.06550000	0.08080000
0.06550000	0.07580000
0.06550000	0.07120000
0.06100000	0.06710000
0.06020000	0.06340000
0.05720000	0.05990000
0.05640000	0.05680000
0.05330000	0.05390000
0.05330000	0.05120000
0.05330000	0.04880000
0.05330000	0.04650000
0.05330000	0.04440000
0.05330000	0.04250000
0.05330000	0.04070000
0.05330000	0.03900000
0.05330000	0.03750000
0.04950000	0.03600000
0.04950000	0.05790000
0.05030000	0.03930000
0.04950000	0.03220000
0.04950000	0.03110000
0.04800000	0.03000000
0.04650000	0.07180000
0.05490000	0.16330000
0.04950000	0.15560000
0.04950000	0.17860000
0.04950000	0.16330000
0.04950000	0.14960000
0.04650000	0.13730000
0.04650000	0.12630000
0.04650000	0.11640000
0.04650000	0.11740000
0.04730000	0.09940000
0.03660000	0.09210000
0.03660000	0.08560000
0.03660000	0.07970000
0.03660000	0.07430000
0.03660000	0.06950000
0.03660000	0.06510000
0.03660000	0.06110000
0.03660000	0.05740000
0.03660000	0.05410000
0.02900000	0.05110000
0.02900000	0.04830000
0.02900000	0.04580000
0.02900000	0.04350000
0.02900000	0.04130000
0.02440000	0.10520000
0.02440000	0.15680000
0.02440000	0.18860000
0.02440000	0.17720000
0.02440000	0.17910000
0.04120000	0.20690000
0.04650000	0.16020000
0.04270000	0.16540000
0.04270000	0.16970000
0.03960000	0.13970000
0.03960000	0.12880000
0.03960000	0.11900000
0.03960000	0.11010000
0.03660000	0.10220000
0.03660000	0.09490000
0.02900000	0.08840000
0.02590000	0.08250000
0.03050000	0.07720000
0.02590000	0.07230000
0.02520000	0.11800000
0.01980000	0.06390000
0.01680000	0.09340000
0.01680000	0.08690000
0.01300000	0.08100000
0.01520000	0.07570000
0.01680000	0.07080000
0.01520000	0.06640000
0.01070000	0.06240000
0.01520000	0.09400000
0.04730000	0.12050000
0.03280000	0.23540000
0.06400000	1.13760000
0.10670000	2.01100000
0.15240000	0.73580000
0.17530000	0.67020000
0.14480000	0.63780000
0.12960000	0.58070000
0.12190000	0.52950000
0.11430000	0.48360000
0.11430000	0.44250000
0.10670000	0.40870000
0.09910000	0.37240000
0.09910000	0.34270000
0.09150000	0.31590000
0.08380000	0.29180000
0.12190000	1.17450000
0.12960000	0.46390000
0.11430000	0.44970000
0.09910000	0.41320000
0.09910000	0.38030000
0.09910000	0.35800000
0.10670000	0.39740000
14.93760000	9.43430000
1.53190000	0.78010000
1.01360000	0.75040000
0.87640000	0.68620000
0.89170000	0.62870000
0.83070000	0.58630000
0.77740000	0.53060000
0.73160000	0.48890000
0.64780000	0.45130000
0.59450000	0.41750000
0.54870000	0.38690000
0.56400000	0.43950000
0.54110000	0.37750000
0.47250000	0.39390000
0.44200000	0.36570000
0.41920000	0.34020000
0.38870000	0.31720000
0.35060000	0.29630000
0.32010000	0.27730000
0.28960000	0.26010000
0.27440000	0.24450000
0.25910000	0.23030000
0.24390000	0.21730000
0.22860000	0.20540000
0.20580000	0.19450000
0.19820000	0.18460000
0.18290000	0.17540000
0.17530000	0.16700000
0.15240000	0.15920000
0.13720000	0.15210000
0.16770000	0.28210000
0.19050000	0.24050000
0.16000000	0.25970000
0.14480000	0.24240000
0.16000000	0.33570000
0.16000000	0.28710000
0.12960000	0.30490000
0.11430000	0.28310000
0.10670000	0.26340000
0.09910000	0.24550000
0.12190000	0.22940000
0.14480000	0.25460000
0.13720000	0.20140000
0.11430000	0.20470000
0.11430000	0.19220000
0.12190000	0.18090000
0.10670000	0.17050000
0.09150000	0.16100000
0.09910000	0.15240000
0.09150000	0.14440000
0.09150000	0.13720000
0.09150000	0.13050000
0.09150000	0.12430000
0.08380000	0.11860000
0.08380000	0.11330000
0.08380000	0.10850000
0.07620000	0.10390000
0.07620000	0.09970000
0.07620000	0.09580000
0.07390000	0.09210000
0.06780000	0.08860000
0.06330000	0.08540000
0.05940000	0.08240000
0.05490000	0.07950000
0.04880000	0.07680000
0.04270000	0.07420000
0.03810000	0.07180000
0.03430000	0.06950000
0.03280000	0.06730000
0.02590000	0.06520000
0.02130000	0.06330000
0.01600000	0.06140000
0.02740000	0.05950000
0.01600000	0.05780000
0.01520000	0.05610000
0.01370000	0.05450000
0.00910000	0.05300000
0.00990000	0.05150000
0.00760000	0.05010000
0.00760000	0.04870000
0.00760000	0.04740000
0.00840000	0.04610000
0.00700000	0.04480000
0.00760000	0.04360000
0.00570000	0.04250000
0.00570000	0.04140000
0.00570000	0.04030000
0.00760000	0.04730000
0.00700000	0.13620000
0.00910000	0.15490000
0.01140000	0.13830000
0.01370000	0.13710000
0.01450000	0.12660000
0.01220000	0.11720000
0.01220000	0.10870000
0.01140000	0.10100000
0.00760000	0.09400000
0.00570000	0.08770000
0.00540000	0.08200000
0.00550000	0.07690000
0.00530000	0.07220000
0.00840000	0.06790000
0.01220000	0.06400000
0.00990000	0.06040000
0.00910000	0.05720000
0.01300000	0.05420000
0.01220000	0.05150000
0.01220000	0.04890000
0.01300000	0.04660000
0.01600000	0.04450000
0.01680000	0.04250000
0.01680000	0.04070000
0.01600000	0.03900000
0.03120000	0.03740000
0.03120000	0.04860000
0.01830000	0.03450000
0.01450000	0.03320000
0.01140000	0.03200000
0.01220000	0.03090000
0.01220000	0.02980000
0.01140000	0.02880000
0.00990000	0.02780000
0.00990000	0.02690000
0.00750000	0.02610000
0.00910000	0.06110000
0.01070000	0.02450000
0.01220000	0.07010000
0.01140000	0.03050000
0.00910000	0.05180000
0.00910000	0.04830000
0.02440000	0.11960000
0.02130000	0.08090000
0.00840000	0.11330000
0.00840000	0.10390000
0.00840000	0.09550000
0.00760000	0.08790000
0.00530000	0.08110000
0.00440000	0.07500000
0.00370000	0.06950000
0.00370000	0.06450000
0.00380000	0.06000000
0.00460000	0.09310000
0.00460000	0.05220000
0.00440000	0.05950000
0.00420000	0.05550000
0.00450000	0.05180000
0.00630000	0.04850000
0.01300000	0.11340000
0.02970000	0.14930000
0.01520000	0.19400000
0.01220000	0.25890000
0.00990000	0.27090000
0.01300000	0.30490000
0.01300000	0.32900000
0.00910000	0.31070000
0.00660000	0.30840000
0.00570000	0.28140000
0.00570000	0.25730000
0.00570000	0.23560000
0.00570000	0.21610000
0.00540000	0.19870000
0.00460000	0.18300000
0.00560000	0.17180000
0.00680000	0.15610000
0.00580000	0.14460000
0.00520000	0.13430000
0.00460000	0.12490000
0.00460000	0.11640000
0.00460000	0.10880000
0.00530000	0.10180000
0.00440000	0.09550000
0.00420000	0.08980000
0.00440000	0.08460000
0.00710000	0.07980000
0.02440000	0.23370000
0.00630000	0.19320000
0.00440000	0.21960000
0.00430000	0.20180000
0.00570000	0.18580000
0.00660000	0.17140000
0.00580000	0.15850000
0.00990000	0.14680000
0.02130000	0.18150000
0.00910000	0.12680000
0.00450000	0.14670000
0.00440000	0.13620000
0.00560000	0.12670000
0.00570000	0.11810000
0.00640000	0.11070000
0.00700000	0.10320000
0.01140000	0.09990000
0.00990000	0.09100000
0.00760000	0.08570000
0.00700000	0.08080000
0.00750000	0.08190000
0.01520000	0.13710000
0.01070000	0.17070000
0.03580000	0.33680000
0.05180000	0.46940000
0.04190000	0.43700000
0.03280000	0.42830000
0.02900000	0.39100000
0.02520000	0.35760000
0.02360000	0.32760000
0.02290000	0.36190000
0.01750000	0.30830000
0.01600000	0.31530000
0.01220000	0.28990000
0.01220000	0.26720000
0.01220000	0.24670000
0.01220000	0.22820000
0.02210000	0.25730000
0.01910000	0.24630000
0.01520000	0.24220000
0.01370000	0.24810000
0.01830000	0.22960000
0.02060000	0.21290000
0.02060000	0.19790000
0.02060000	0.18420000
0.02290000	0.17190000
0.02210000	0.16080000
0.01680000	0.15060000
0.01680000	0.14140000
0.01680000	0.13310000
0.01830000	0.12540000
0.02060000	0.11850000
0.02060000	0.11210000
0.01680000	0.10670000
0.03580000	0.17420000
0.02520000	0.13420000
0.02060000	0.16420000
0.02060000	0.15300000
0.02210000	0.17030000
0.03960000	0.22190000
0.03960000	0.21320000
0.04270000	0.23150000
0.04650000	0.21380000
0.05560000	0.19790000
0.06100000	0.18360000
0.06400000	0.17060000
0.06550000	0.15890000
0.06550000	0.14830000
0.06550000	0.13870000
0.06330000	0.13000000
0.06250000	0.12210000
0.06020000	0.11480000
0.06020000	0.10830000
0.05790000	0.10230000
0.05720000	0.09680000
0.05720000	0.09180000
0.06400000	0.14780000
0.06400000	0.22410000
0.06330000	0.26550000
0.06780000	0.33660000
0.06860000	0.31800000
0.06860000	0.32080000
0.07010000	0.29440000
0.07160000	0.27060000
0.07390000	0.24930000
0.07620000	0.23010000
0.07620000	0.21280000
0.07620000	0.19730000
0.07620000	0.18320000
0.08380000	0.17050000
0.08380000	0.15900000
0.07620000	0.14860000
0.07550000	0.13910000
0.07470000	0.13050000
0.07620000	0.20050000
0.08380000	0.16060000
0.08380000	0.18790000
0.08380000	0.17450000
0.09910000	0.21010000
0.16770000	0.34000000
0.16000000	0.31500000
0.15240000	0.32230000
0.14480000	0.29610000
0.14480000	0.27260000
0.36580000	0.40420000
0.40390000	0.42800000
0.37340000	0.40140000
0.35820000	0.38730000
0.34300000	0.35570000
0.33530000	0.38100000
0.32770000	0.32610000
0.32010000	0.32510000
0.31250000	0.29990000
0.30480000	0.27730000
0.29720000	0.25680000
0.28960000	0.23840000
0.28200000	0.22170000
0.27440000	0.20670000
0.27440000	0.19300000
0.26670000	0.18070000
0.25910000	0.16940000
1.24230000	0.27600000
1.03650000	0.37490000
0.79260000	0.34970000
0.68590000	0.35470000
0.63260000	0.32680000
0.61730000	0.31340000
0.57920000	0.27900000
0.57160000	0.25850000
0.57160000	0.24010000
0.57160000	0.22340000
0.56400000	0.20840000
0.57920000	0.19470000
0.67830000	0.27540000
0.70880000	0.34710000
0.64780000	0.32370000
0.62490000	0.32650000
0.61730000	0.35800000
0.60210000	0.30570000
0.57920000	0.30960000
0.86880000	0.38260000
0.88410000	0.33630000
0.83830000	0.34610000
1.69950000	0.45390000
1.18890000	0.40260000
0.98310000	0.40740000
1.04410000	0.37530000
1.57000000	0.40720000
1.02890000	0.34760000
0.86880000	0.34880000
0.76970000	0.32270000
0.75450000	0.29910000
0.73160000	0.27780000
0.68590000	0.25850000
0.64780000	0.24110000
0.61730000	0.22530000
0.59450000	0.21100000
0.56400000	0.19800000
0.54870000	0.18620000
0.51820000	0.17550000
0.51060000	0.16560000
0.49540000	0.15660000
0.45730000	0.14840000
0.44970000	0.14090000
0.42680000	0.13390000
0.41150000	0.12760000
0.40390000	0.12170000
0.38870000	0.11620000
0.38110000	0.11120000
0.37340000	0.10650000
0.37340000	0.10210000
0.34300000	0.09810000
0.32770000	0.09430000
0.32010000	0.09070000
0.30480000	0.08740000
0.30480000	0.08430000
0.28960000	0.08130000
0.28960000	0.07850000
0.28960000	0.07590000
0.28200000	0.07340000
0.25910000	0.07100000
0.24390000	0.06910000
0.22860000	0.06660000
0.21340000	0.06460000
0.21340000	0.06270000
0.19820000	0.06080000
0.18290000	0.05900000
0.17530000	0.05730000
0.17530000	0.18930000
0.34300000	3.32970000
0.25910000	0.51890000
0.21340000	0.50380000
0.18290000	0.45970000
0.20580000	0.47660000
0.18290000	0.43630000
0.18290000	0.39670000
0.18290000	0.41160000
0.16770000	0.38910000
0.71640000	2.00790000
2.01960000	8.10050000
0.89930000	0.89000000
0.60210000	0.84260000
0.50300000	0.76880000
0.44970000	0.70260000
0.41150000	0.64320000
0.37340000	0.59000000
0.35820000	0.54210000
0.33530000	0.49910000
0.31250000	0.46040000
0.29720000	0.43300000
0.29720000	0.39410000
0.28960000	0.36580000
0.28200000	0.34020000
0.27440000	0.31700000
0.34300000	0.57230000
0.38110000	0.50500000
0.37340000	0.54590000
0.32010000	0.49670000
0.28960000	0.48670000
0.27440000	0.44970000
0.25910000	0.41630000
0.25150000	0.38620000
0.23630000	0.35900000
0.54110000	0.33450000
0.94500000	0.37540000
0.64780000	0.36190000
0.65540000	0.40300000
0.47250000	0.36140000
0.42680000	0.37280000
0.39630000	0.34660000
0.37340000	0.32300000
0.35060000	0.30160000
0.34300000	0.28210000
0.32010000	0.26450000
0.48780000	1.18240000
0.45730000	0.50240000
0.37340000	0.45970000
0.32010000	0.44180000
0.28960000	0.40880000
0.26670000	0.37900000
0.25910000	0.35210000
0.23630000	0.32780000
0.20580000	0.30580000
0.19820000	0.28590000
0.22100000	0.26780000
0.38870000	0.25140000
0.31250000	0.23650000
0.20580000	0.22290000
0.19050000	0.21040000
0.17530000	0.19910000
0.17530000	0.18870000
0.17530000	0.17910000
0.17530000	0.17040000
0.22860000	0.26710000
0.25910000	0.32570000
0.32010000	0.40250000
0.68590000	0.51560000
0.48780000	0.47240000
0.39630000	0.50420000
0.34300000	0.45570000
0.30480000	0.41020000
0.27440000	0.38200000
0.25150000	0.35380000
0.21340000	0.32840000
0.19050000	0.30550000
0.18290000	0.28470000
0.16770000	0.26600000
0.15240000	0.24890000
0.15240000	0.23350000
0.13720000	0.21940000
0.12960000	0.20660000
0.12190000	0.19490000
0.12190000	0.18420000
0.11430000	0.17450000
0.11430000	0.16550000
0.11430000	0.15730000
0.10670000	0.14970000
0.12190000	0.14270000
0.12960000	0.15380000
0.12190000	0.35740000
0.14480000	0.31620000
0.12190000	0.33230000
0.10670000	0.30740000
0.10670000	0.29700000
0.09910000	0.26460000
0.10670000	0.24620000
0.09150000	0.22960000
0.08380000	0.21450000
0.08380000	0.20090000
0.08380000	0.19070000
0.07620000	0.17720000
0.08380000	0.16700000
0.08380000	0.15760000
0.07320000	0.14900000
0.07240000	0.14120000
0.07470000	0.13400000
0.07160000	0.12740000
0.06550000	0.12130000
0.06020000	0.11570000
0.06480000	0.11050000
0.05560000	0.10570000
0.04880000	0.10120000
0.04500000	0.09710000
0.04190000	0.09320000
0.03280000	0.08960000
0.03120000	0.08620000
0.02900000	0.08300000
0.02440000	0.08010000
0.01980000	0.07730000
0.03120000	0.11040000
0.04730000	0.15700000
0.03960000	0.17970000
0.03200000	0.17690000
0.02360000	0.16650000
0.01370000	0.15500000
0.01220000	0.14450000
0.01220000	0.13510000
0.01220000	0.12650000
0.01220000	0.11870000
0.05180000	0.16770000
0.65540000	0.38090000
0.31250000	0.38920000
0.16770000	0.35820000
0.15240000	0.33540000
0.13720000	0.30780000
0.12960000	0.28310000
0.11430000	0.26080000
0.10670000	0.24080000
0.09910000	0.22280000
0.09150000	0.20650000
0.08380000	0.19180000
0.07470000	0.17850000
0.07010000	0.16650000
0.06630000	0.15560000
0.06550000	0.14580000
0.06250000	0.13680000
0.05940000	0.12860000
0.05720000	0.12120000
0.05720000	0.11440000
0.05940000	0.10820000
0.19820000	0.38790000
0.16000000	0.39030000
0.10670000	0.44690000
0.10670000	0.44790000
0.09910000	0.40820000
0.09150000	0.38770000
0.08380000	0.35590000
0.08380000	0.32740000
0.07620000	0.30170000
0.07470000	0.27860000
0.06860000	0.25780000
0.09910000	0.24190000
0.09150000	0.32110000
0.07620000	0.27370000
0.07620000	0.28750000
0.07620000	0.26590000
0.06940000	0.24650000
0.06860000	0.22890000
0.06860000	0.21310000
0.06550000	0.19870000
0.06550000	0.18570000
0.06330000	0.17400000
0.06250000	0.16330000
0.06020000	0.15350000
0.05790000	0.14460000
0.05720000	0.13650000
0.05720000	0.15310000
0.06100000	0.16280000
0.06020000	0.34450000
0.06020000	0.32260000
0.05790000	0.33060000
0.05640000	0.30440000
0.05260000	0.28090000
0.04950000	0.25970000
0.05330000	0.24050000
0.05110000	0.22330000
0.05260000	0.20770000
0.04270000	0.19360000
0.03960000	0.18080000
0.03960000	0.16920000
0.03960000	0.15870000
0.03730000	0.14930000
0.03280000	0.14050000
0.03280000	0.13250000
0.03510000	0.12530000
0.03960000	0.19210000
0.02900000	0.14980000
0.02900000	0.17790000
0.03120000	0.16600000
0.03810000	0.19390000
0.03200000	0.14540000
0.02900000	0.16950000
0.03580000	0.15820000
0.03280000	0.14800000
0.03510000	0.15720000
0.06400000	0.17380000
0.06020000	0.15510000
0.05790000	0.17740000
0.04950000	0.16520000
0.04650000	0.15400000
0.04270000	0.14400000
0.04500000	0.13480000
0.04650000	0.12660000
0.04500000	0.11900000
0.03890000	0.11210000
0.04190000	0.10590000
0.03960000	0.10010000
0.03960000	0.09490000
0.03960000	0.10450000
0.03960000	0.08560000
0.03960000	0.08150000
0.03960000	0.07780000
0.03960000	0.07430000
0.03960000	0.07260000
0.03810000	0.06950000
0.03660000	0.06670000
0.03430000	0.06400000
0.03280000	0.06160000
0.03280000	0.05920000
0.03660000	0.05710000
0.03890000	0.05900000
0.03200000	0.05200000
0.02900000	0.05020000
0.03120000	0.04850000
0.03350000	0.04690000
0.03510000	0.05590000
0.03280000	0.05050000
0.03280000	0.04260000
0.03730000	0.04130000
0.03660000	0.04010000
0.03280000	0.03890000
0.03580000	0.06220000
0.05940000	0.21910000
0.03660000	0.20320000
0.03280000	0.22930000
0.03960000	0.20990000
0.03730000	0.19240000
0.03660000	0.17680000
0.03660000	0.16270000
0.03960000	0.15000000
0.03960000	0.13860000
0.03960000	0.12840000
0.03660000	0.11910000
0.03660000	0.11070000
0.03660000	0.10320000
0.04040000	0.09780000
0.04730000	0.19480000
0.04270000	0.15900000
0.03960000	0.18470000
0.03890000	0.17000000
0.03660000	0.15680000
0.03810000	0.14490000
0.03660000	0.13420000
0.03660000	0.12450000
0.03660000	0.11580000
0.03660000	0.10900000
0.03890000	0.10260000
0.03730000	0.09420000
0.03660000	0.08840000
0.03510000	0.08300000
0.03280000	0.07810000
0.03280000	0.07370000
0.03350000	0.06960000
0.03960000	0.09400000
0.03730000	0.06250000
0.03810000	0.05940000
0.03660000	0.08460000
0.03120000	0.05390000
0.02900000	0.06060000
0.03200000	0.05750000
0.03200000	0.05460000
0.03050000	0.05190000
0.03430000	0.05930000
0.03200000	0.04720000
0.02900000	0.06660000
0.02900000	0.04320000
0.02900000	0.04140000
0.03280000	0.03970000
0.02900000	0.03820000
0.02440000	0.03670000
0.04650000	0.06270000
0.02440000	0.03400000
0.02060000	0.03280000
0.02440000	0.03170000
0.03280000	0.03060000
0.03280000	0.02960000
0.03280000	0.02860000
0.03280000	0.02770000
0.10670000	0.05350000
0.07470000	0.02600000
0.06250000	0.02520000
0.06020000	0.02450000
0.04950000	0.02370000
0.04950000	0.02300000
0.04650000	0.02760000
0.04650000	0.07950000
0.04270000	0.04830000
0.04270000	0.07220000
0.03960000	0.06670000
0.03960000	0.06180000
0.03960000	0.05730000
0.03960000	0.05330000
0.04650000	0.09120000
0.03960000	0.04630000
0.03660000	0.06220000
0.03960000	0.05770000
0.04270000	0.07460000
0.03660000	0.04990000
0.03660000	0.04660000
0.03660000	0.04350000
0.03660000	0.04080000
0.03660000	0.03830000
0.03280000	0.03600000
0.03280000	0.03390000
0.03660000	0.03210000
0.03660000	0.03030000
0.03660000	0.02970000
0.03280000	0.02730000
0.02440000	0.02590000
0.02440000	0.02470000
0.02900000	0.02360000
0.03580000	0.02250000
0.03580000	0.02160000
0.02900000	0.02070000
0.03280000	0.01980000
0.02900000	0.01900000
0.02440000	0.01830000
0.02060000	0.01760000
0.01980000	0.01700000
0.02060000	0.01640000
0.01680000	0.01580000
0.01680000	0.01520000
0.02130000	0.01470000
0.02900000	0.01430000
0.03050000	0.01380000
0.02820000	0.01340000
0.02060000	0.01300000
0.01680000	0.01260000
0.01980000	0.01220000
0.02060000	0.01180000
0.01300000	0.01680000
0.01370000	0.01110000
0.01300000	0.01080000
0.01520000	0.01050000
0.00760000	0.01020000
0.01140000	0.00990000
0.02060000	0.02970000
0.02210000	0.00940000
0.01370000	0.00910000
0.01370000	0.00890000
0.01750000	0.00870000
0.02290000	0.00840000
0.01370000	0.00820000
0.00990000	0.00800000
0.01140000	0.00780000
0.01140000	0.00760000
0.01220000	0.00740000
0.01220000	0.00720000
0.01220000	0.00700000
0.01520000	0.00680000
0.01980000	0.00660000
0.02820000	0.05750000
0.03120000	0.12210000
0.04420000	0.22640000
0.03120000	0.23460000
0.02440000	0.21390000
0.02590000	0.20770000
0.02440000	0.18870000
0.01750000	0.17180000
0.01680000	0.15660000
0.02060000	0.14300000
0.01910000	0.13080000
0.03810000	0.11990000
0.02820000	0.11330000
0.02290000	0.10120000
0.01750000	0.09320000
0.01980000	0.08610000
0.01680000	0.07970000
0.02130000	0.07390000
0.02900000	0.08370000
0.05720000	0.21460000
0.04500000	0.27400000
0.05940000	0.24560000
0.08380000	0.24600000
0.07620000	0.22450000
0.07010000	0.20530000
0.06020000	0.18810000
0.06250000	0.17260000
0.05640000	0.15870000
0.04570000	0.14620000
0.04270000	0.13500000
0.03810000	0.12490000
0.03430000	0.11570000
0.03510000	0.10750000
0.02820000	0.10000000
0.02360000	0.09330000
0.01830000	0.08720000
0.01910000	0.08170000
0.01680000	0.07660000
0.01750000	0.07200000
0.01140000	0.06790000
0.00990000	0.06410000
0.01220000	0.06060000
0.01300000	0.05740000
0.01600000	0.06500000
0.02060000	0.05180000
0.01750000	0.04930000
0.01140000	0.04710000
0.01140000	0.04500000
0.01140000	0.04300000
0.01220000	0.04120000
0.01220000	0.03950000
0.01220000	0.03790000
0.01370000	0.03650000
0.01220000	0.03510000
0.01220000	0.03380000
0.00990000	0.03260000
0.00840000	0.03140000
0.00910000	0.03040000
0.00700000	0.02930000
0.00660000	0.02840000
0.00460000	0.02750000
0.00310000	0.02660000
0.00270000	0.02580000
0.00230000	0.02500000
0.00150000	0.02420000
0.00110000	0.02350000
0.00110000	0.02280000
0.00100000	0.02220000
0.00110000	0.02270000
0.00510000	0.09530000
0.00620000	0.05870000
0.01600000	0.09280000
0.00590000	0.08530000
0.00280000	0.07850000
0.00270000	0.07240000
0.00210000	0.06700000
0.00180000	0.06200000
0.00150000	0.05760000
0.00110000	0.05360000
0.00110000	0.04990000
0.00110000	0.04660000
0.00080000	0.04370000
0.00070000	0.04090000
0.00080000	0.03850000
0.00080000	0.03620000
0.00070000	0.03420000
0.00080000	0.03230000
0.00060000	0.03060000
0.00080000	0.02900000
0.00080000	0.02760000
0.00140000	0.06390000
0.00110000	0.02500000
0.00080000	0.03530000
0.00080000	0.03310000
0.00080000	0.03120000
0.00020000	0.02940000
0.00000000	0.02780000
0.00020000	0.02630000
0.00000000	0.02500000
0.00000000	0.02370000
0.00040000	0.02260000
0.00040000	0.02150000
0.00040000	0.02050000
0.00110000	0.01960000
0.00110000	0.01880000
0.00110000	0.01800000
0.00110000	0.02140000
0.00110000	0.01660000
0.00140000	0.05590000
0.00150000	0.09830000
0.00140000	0.08290000
0.00100000	0.10280000
0.00080000	0.09390000
0.00080000	0.08590000
0.00080000	0.07880000
0.00070000	0.07230000
0.00040000	0.06660000
0.00040000	0.06140000
0.00040000	0.05670000
0.00040000	0.05250000
0.00000000	0.04870000
0.00000000	0.04520000
0.00000000	0.04210000
0.00000000	0.03930000
0.00000000	0.03680000
0.00000000	0.03450000
0.00000000	0.03240000
0.00000000	0.08890000
0.00000000	0.05570000
0.00000000	0.07260000
0.00000000	0.06680000
0.00000000	0.06160000
0.00000000	0.05690000
0.00000000	0.05270000
0.00000000	0.04890000
0.00000000	0.04540000
0.00000000	0.04230000
0.00000000	0.03950000
0.00000000	0.03690000
0.00000000	0.03460000
0.00000000	0.03250000
0.00000000	0.03060000
0.00000000	0.05660000
0.00000000	0.31190000
0.00000000	0.35900000
0.00000000	0.33740000
0.00000000	0.40050000
0.57160000	0.50950000
0.20580000	0.46330000
0.13720000	0.58260000
0.19820000	0.77720000
0.22860000	0.70850000
0.11430000	0.67870000
0.07160000	0.61780000
0.06330000	0.56320000
0.03120000	0.51430000
0.02590000	0.47040000
1.28800000	0.67470000
0.41920000	0.67440000
0.42680000	0.78860000
0.43440000	0.89250000
0.59450000	0.93830000
0.35060000	0.93890000
0.32770000	0.87100000
0.62490000	0.83290000
1.57000000	0.74410000
0.44200000	0.70020000
0.33530000	0.64300000
0.28960000	0.59170000
0.26670000	0.54550000
0.24390000	0.50390000
0.22860000	0.46640000
0.19820000	0.43260000
0.17530000	0.40210000
0.16770000	0.37450000
0.16000000	0.34950000
0.15240000	0.32690000
0.13720000	0.30640000
0.12190000	0.28770000
0.12190000	0.27070000
0.12190000	0.25530000
0.11430000	0.24110000
0.11430000	0.22820000
0.10670000	0.21630000
0.10670000	0.22470000
0.12960000	0.23840000
0.11430000	0.20990000
0.09910000	0.22280000
0.09910000	0.21060000
0.09150000	0.19950000
0.07620000	0.18930000
0.10670000	0.17990000
0.26670000	0.30160000
0.21340000	0.26540000
0.15240000	0.28200000
0.13720000	0.26320000
0.13720000	0.24620000
0.14480000	0.23070000
0.14480000	0.21660000
0.13720000	0.20390000
0.13720000	0.19220000
0.13720000	0.21850000
0.14480000	0.25650000
0.15240000	0.24540000
0.14480000	0.26350000
0.14480000	0.24560000
0.14480000	0.22940000
0.14480000	0.21470000
0.15240000	0.20140000
0.15240000	0.18930000
0.23630000	0.24190000
0.32010000	0.20370000
0.22860000	0.33330000
1.59280000	2.26450000
1.12790000	0.59690000
1.13560000	0.57210000
1.02120000	0.53960000
0.93740000	0.50230000
0.85360000	0.46180000
0.76970000	0.42550000
0.73930000	0.39270000
0.71640000	0.36330000
0.63260000	0.33670000
0.59450000	0.31470000
0.61730000	0.32170000
0.65540000	0.30830000
0.59450000	0.28590000
0.60210000	0.29000000
3.35330000	0.27030000
1.67670000	0.25260000
1.50900000	0.25590000
1.47090000	0.22330000
1.50140000	0.21000000
1.42520000	0.25170000
1.34900000	0.31160000
1.23460000	0.33250000
1.13560000	0.31480000
1.11270000	0.30340000
1.08220000	0.28200000
1.05170000	0.26260000
1.06700000	0.24650000
1.10510000	0.23060000
1.12030000	0.21610000
1.34900000	0.20300000
1.58520000	0.25360000
1.71480000	1.56480000
1.59280000	1.15810000
1.50900000	1.70870000
1.39470000	0.84340000
1.31850000	0.54460000
1.31850000	0.52150000
1.28800000	0.48780000
1.22700000	0.47940000
1.12790000	1.09170000
1.08980000	0.78010000
1.09750000	1.06200000
1.06700000	1.13620000
1.04410000	1.15800000
1.04410000	1.05780000
0.96790000	0.96680000
0.92220000	0.88570000
0.91450000	0.81290000
0.87640000	0.74750000
0.87640000	0.68880000
0.91450000	0.64350000
0.85360000	0.58800000
0.79260000	0.54500000
0.75450000	0.50620000
0.73930000	0.47110000
0.74690000	0.43940000
0.70880000	0.42360000
0.64780000	0.38460000
0.63260000	0.36090000
0.60210000	0.33940000
0.57160000	0.31980000
0.56400000	0.30180000
0.53350000	0.28550000
0.52590000	0.27050000
0.51060000	0.25670000
0.50300000	0.24410000
0.51060000	0.23380000
0.51060000	1.39190000
13.03230000	12.95310000
2.31680000	4.83770000
1.92820000	2.11780000
1.75290000	1.92920000
1.61570000	1.76790000
1.70720000	1.65310000
1.90530000	2.59260000
1.66140000	1.72430000
1.61570000	1.88490000
1.52420000	1.72530000
1.40990000	1.57830000
1.37940000	1.44820000
1.37180000	1.34220000
1.32610000	1.22610000
1.28040000	1.13160000
1.23460000	1.04640000
1.25750000	0.96960000
1.19650000	0.90020000
1.16600000	0.84250000
1.50900000	2.26070000
1.50900000	0.87000000
1.48610000	0.84660000
1.40990000	0.77900000
1.37180000	0.74980000
1.34900000	0.70110000
1.60810000	1.09960000
1.44040000	0.67010000
1.38710000	0.66230000
1.33370000	0.62110000
1.27270000	0.58360000
1.21940000	0.54950000
1.16600000	0.51840000
1.40990000	0.56380000
1.26510000	0.50170000
1.18130000	0.51210000
1.15080000	0.50820000
1.07460000	0.45690000
1.05930000	0.43290000
1.03650000	0.41080000
0.97550000	0.39040000
0.93740000	0.37170000
0.80020000	0.35450000
0.79260000	0.33860000
0.77740000	0.32380000
0.69350000	0.31010000
0.64780000	0.29740000
0.74690000	0.30230000
0.79260000	0.33630000
0.73160000	0.30420000
0.75450000	0.32600000
0.93740000	0.38420000
0.72400000	0.33500000
0.60210000	0.35740000
0.53350000	0.33750000
0.49540000	0.31940000
0.53350000	0.30280000
0.46490000	0.28760000
0.43440000	0.29730000
0.41150000	0.27210000
0.38870000	0.24870000
0.32770000	0.23770000
0.31250000	0.22750000
0.34300000	0.25440000
0.32010000	0.20910000
0.30480000	0.21230000
0.31250000	0.21340000
0.29720000	0.23230000
0.30480000	0.23960000
0.28200000	0.22200000
0.23630000	0.22840000
0.21340000	0.21690000
0.20580000	0.20630000
0.20580000	0.19660000
0.19050000	0.18760000
0.19050000	0.17930000
0.19050000	0.17160000
0.19050000	0.16440000
0.18290000	0.15770000
0.19050000	0.15150000
0.19820000	0.14570000
0.24390000	0.24580000
0.19820000	0.20650000
0.16770000	0.23110000
0.18290000	0.28090000
0.16770000	0.23320000
0.14480000	0.24780000
0.14480000	0.23180000
0.15240000	0.25540000
0.16000000	0.20410000
0.16770000	0.21360000
0.13720000	0.19230000
0.12190000	0.18130000
0.11430000	0.17120000
0.10670000	0.16200000
0.10670000	0.15350000
0.09150000	0.14570000
0.09150000	0.13860000
0.08380000	0.13200000
0.07620000	0.12600000
0.07620000	0.12040000
0.07090000	0.11520000
0.07010000	0.11030000
0.10670000	0.10580000
21.72050000	9.99600000
2.01200000	11.66880000
1.57760000	1.12650000
1.41750000	1.06130000
1.10510000	0.96700000
0.88410000	0.88240000
0.70880000	0.80660000
0.63260000	0.73860000
0.56400000	0.67760000
0.44970000	0.62280000
0.33530000	0.57350000
0.28960000	0.52910000
0.32770000	0.50130000
0.62490000	0.45320000
0.32010000	0.42070000
0.28960000	0.39140000
0.28960000	0.44310000
2.28640000	0.51250000
1.52420000	0.47460000
1.14320000	0.49520000
0.91450000	0.43330000
0.76210000	0.40270000
0.68590000	0.37500000
0.64780000	0.35000000
0.60970000	0.32730000
0.53350000	0.30670000
0.49540000	0.28800000
0.45730000	0.38300000
0.76210000	1.46780000
0.68590000	0.48170000
0.60970000	0.48420000
0.57160000	0.44810000
0.53350000	0.41560000
0.49540000	0.39240000
0.45730000	0.35970000
0.57160000	0.33570000
0.67830000	1.26860000
0.57160000	0.48120000
0.48780000	0.46700000
0.40390000	0.43250000
0.35060000	0.40150000
0.31250000	0.37340000
0.27440000	0.34810000
0.26670000	0.32510000
0.25150000	0.30430000
0.25150000	0.28540000
0.23630000	0.26820000
0.22100000	0.25250000
0.19820000	0.23820000
0.18290000	0.22520000
0.16000000	0.21320000
0.14480000	0.20230000
0.12960000	0.19220000
0.12190000	0.18300000
0.11430000	0.17440000
0.11430000	0.16660000
0.09910000	0.15930000
0.09150000	0.15250000
0.08380000	0.14620000
0.07620000	0.14030000
0.08380000	0.13480000
0.08380000	0.12970000
0.07620000	0.12490000
0.07320000	0.12040000
0.07470000	0.11620000
0.06630000	0.11220000
0.06250000	0.10840000
0.05790000	0.10480000
0.06550000	0.10140000
0.08380000	0.09820000
0.07010000	0.09510000
0.06100000	0.09220000
0.04340000	0.08940000
0.03430000	0.08670000
0.02670000	0.08420000
0.02290000	0.08170000
0.02740000	0.07940000
0.03120000	0.07710000
0.02820000	0.07500000
0.02820000	0.07290000
0.02520000	0.07640000
0.02360000	0.06890000
0.02360000	0.06700000
0.02210000	0.06520000
0.02440000	0.06350000
0.02590000	0.06180000
0.02670000	0.06010000
0.01680000	0.05860000
0.02590000	0.05700000
0.02590000	0.05550000
0.02130000	0.05410000
0.02360000	0.05270000
0.03580000	0.22750000
0.02210000	0.18780000
0.01520000	0.20890000
0.02590000	0.19240000
0.02440000	0.17760000
0.03050000	0.23470000
0.03200000	0.26960000
0.06710000	0.31150000
0.07620000	0.40850000
0.04800000	0.41520000
0.03050000	0.37930000
0.02590000	0.35790000
0.02290000	0.32810000
0.02440000	0.30140000
0.01830000	0.27730000
0.01520000	0.25570000
0.01450000	0.23620000
0.01520000	0.21870000
0.00990000	0.20290000
0.01600000	0.18860000
0.00990000	0.19730000
0.00910000	0.16400000
0.01910000	0.15340000
0.06780000	0.28500000
0.03510000	0.56030000
0.02740000	0.50030000
0.02820000	0.49410000
0.02740000	0.45220000
0.02520000	0.41460000
0.02290000	0.38080000
0.02520000	0.35040000
0.02670000	0.32310000
0.02590000	0.29850000
0.02670000	0.27630000
0.02820000	0.26780000
0.02670000	0.23830000
0.02440000	0.22200000
0.02210000	0.20720000
0.02440000	0.19380000
0.16000000	1.33990000
0.23630000	0.51460000
0.15240000	0.49770000
0.13720000	0.49600000
0.93740000	0.53400000
0.91450000	1.75340000
0.37340000	0.74060000
0.31250000	0.77490000
0.29720000	0.71110000
0.26670000	0.68090000
0.22860000	0.62440000
0.22100000	0.57360000
0.22860000	0.52790000
0.19820000	0.48680000
0.19050000	0.44980000
0.25910000	0.41650000
0.22860000	0.38640000
0.19050000	0.35930000
0.22100000	0.44550000
0.21340000	0.38900000
0.19050000	0.40040000
0.18290000	0.37180000
0.19050000	0.34600000
0.19820000	0.32270000
0.19820000	0.30150000
0.19820000	0.28230000
0.19820000	0.26490000
0.20580000	0.31460000
0.19050000	0.28000000
0.15240000	0.28040000
0.16000000	0.27280000
0.19050000	0.26770000
0.19050000	0.26240000
0.23630000	0.24390000
0.22860000	0.22940000
0.22860000	0.25660000
0.30480000	0.29290000
0.20580000	0.27540000
0.19050000	0.28320000
0.18290000	0.26880000
0.81550000	0.38680000
1.01360000	1.52570000
0.85360000	0.48280000
5.99790000	5.19800000
2.48450000	0.77640000
2.00440000	0.69200000
1.81380000	0.64820000
1.61570000	0.59480000
1.44800000	0.54730000
1.31850000	0.50460000
1.22700000	0.47000000
1.42520000	0.43160000
1.08980000	0.40030000
1.06700000	0.37210000
1.00600000	0.34660000
0.97550000	0.32350000
1.60810000	0.30260000
3.11710000	2.39620000
1.85960000	0.41530000
1.66140000	0.41150000
1.49380000	0.38190000
1.41750000	0.35520000
1.31080000	0.33100000
1.27270000	0.30910000
1.19650000	0.28930000
1.10510000	0.27130000
1.07460000	0.25490000
1.02890000	0.24000000
1.04410000	0.22640000
1.00600000	0.21400000
0.94500000	0.20260000
0.88410000	0.19220000
0.77740000	0.18260000
0.75450000	0.17380000
0.72400000	0.16570000
0.67830000	0.15820000
0.61730000	0.15120000
0.58680000	0.14480000
0.54110000	0.13950000
0.54870000	0.13320000
0.50300000	0.12800000
0.46490000	0.12320000
0.41150000	0.11860000
0.40390000	0.11430000
0.39630000	0.11030000
0.40390000	0.14480000
0.41150000	0.13570000
0.37340000	0.13190000
0.33530000	0.14550000
0.31250000	0.13780000
0.28200000	0.13070000
0.27440000	0.12410000
0.26670000	0.11810000
0.25150000	0.11260000
0.25910000	0.12580000
0.24390000	0.10270000
0.22100000	0.09830000
0.19820000	0.09430000
0.19820000	0.09050000
0.18290000	0.08690000
0.16000000	0.08360000
0.16770000	0.08050000
0.16000000	0.07760000
0.13720000	0.07480000
0.12190000	0.07230000
0.12190000	0.06980000
0.12190000	0.06750000
0.10670000	0.06530000
0.11430000	0.06320000
0.11430000	0.06120000
0.11430000	0.05940000
1.69950000	0.57270000
1.62330000	6.35150000
0.92220000	0.42100000
0.79260000	0.42500000
0.71640000	0.38830000
0.67830000	0.35550000
0.66300000	0.34130000
0.66300000	0.29950000
0.62490000	0.27560000
0.60970000	0.25420000
0.58680000	0.23490000
0.60210000	0.21760000
0.58680000	0.20190000
0.57160000	0.18770000
0.55630000	0.17490000
0.53350000	0.16330000
0.49540000	0.15280000
0.47250000	0.14330000
0.44200000	0.13460000
0.42680000	0.12670000
0.41920000	0.11950000
0.41150000	0.11290000
0.40390000	0.10690000
0.38870000	0.10140000
0.38110000	0.09630000
0.35060000	0.09170000
0.34300000	0.08740000
0.34300000	0.08340000
0.36580000	0.07970000
0.33530000	0.07630000
0.32010000	0.07320000
0.32010000	0.07020000
0.31250000	0.06750000
0.31250000	0.06490000
0.29720000	0.06250000
0.28960000	0.06020000
0.27440000	0.05810000
0.29720000	0.07800000
0.27440000	0.05420000
0.26670000	0.05670000
0.25910000	0.06170000
0.24390000	0.04910000
0.23630000	0.04750000
0.24390000	0.06930000
0.22100000	0.04470000
0.20580000	0.04330000
0.19820000	0.04200000
0.22100000	0.04080000
0.19820000	0.03960000
0.19820000	0.03850000
0.19820000	0.03740000
0.18290000	0.03640000
0.17530000	0.03540000
0.16000000	0.03440000
0.15240000	0.03350000
0.14480000	0.03260000
0.13720000	0.03170000
0.11430000	0.03080000
0.10670000	0.03000000
0.09910000	0.02920000
0.10670000	0.04500000
0.09150000	0.02770000
0.09150000	0.03010000
0.07620000	0.02630000
0.07160000	0.02560000
0.08380000	0.02970000
0.08380000	0.08410000
0.08380000	0.05390000
0.09150000	0.07680000
0.09150000	0.07100000
0.07620000	0.06590000
0.07620000	0.06120000
0.08380000	0.05700000
0.07620000	0.05820000
0.07320000	0.05160000
0.07160000	0.05540000
0.08380000	0.04380000
0.07620000	0.04120000
0.09150000	0.03890000
0.09150000	0.03670000
0.11430000	0.03470000
0.08380000	0.03290000
0.08380000	0.03130000
0.07620000	0.02980000
0.08380000	0.02830000
0.08380000	0.02710000
0.08380000	0.06480000
0.19820000	0.28590000
0.28960000	0.33200000
0.16000000	0.31310000
0.12960000	0.29650000
0.12190000	0.27260000
0.11430000	0.24610000
0.11430000	0.22480000
0.10670000	0.21680000
1.84430000	0.43190000
11.43180000	8.04990000
1.08980000	0.82660000
0.80020000	0.78420000
0.57920000	0.71290000
0.51820000	0.64910000
0.64020000	0.70330000
0.59450000	0.61760000
4.16120000	0.64760000
2.00440000	3.50190000
1.21940000	0.71350000
1.07460000	0.67880000
1.00600000	0.62110000
0.88410000	0.56940000
0.85360000	0.52300000
0.77740000	0.48120000
0.72400000	0.45540000
0.92220000	0.44440000
0.90690000	0.43670000
0.77740000	0.41480000
0.76970000	0.39320000
0.87640000	0.36450000
0.78500000	0.41580000
0.83070000	0.46100000
0.85360000	0.44590000
0.76970000	0.45670000
0.79260000	0.45030000
0.78500000	0.45940000
0.67830000	0.41500000
1.01360000	0.41490000
1.04410000	0.42490000
1.05170000	0.40020000
0.86880000	0.36560000
0.92980000	0.35790000
2.66740000	0.34810000
1.52420000	0.37390000
1.08980000	0.32120000
1.05930000	0.33100000
0.98310000	0.30850000
1.64620000	0.36400000
1.16600000	0.37640000
1.08220000	0.40540000
0.96790000	0.36790000
0.88410000	0.36130000
0.80780000	0.33570000
0.71640000	0.31260000
0.64020000	0.29160000
0.59450000	0.27260000
0.55630000	0.25540000
0.53350000	0.23980000
0.48780000	0.22550000
0.46490000	0.21250000
0.42680000	0.20070000
0.40390000	0.18990000
0.36580000	0.18000000
0.33530000	0.17090000
0.31250000	0.16250000
0.29720000	0.15480000
0.28200000	0.14770000
0.27440000	0.14110000
0.26670000	0.13500000
0.25150000	0.12930000
0.23630000	0.12410000
0.22100000	0.11910000
0.20580000	0.11460000
0.19820000	0.11030000
0.19050000	0.10620000
0.18290000	0.10240000
0.17530000	0.09890000
0.16000000	0.09550000
0.16770000	0.09230000
0.16770000	0.08930000
0.15240000	0.08640000
0.14480000	0.08370000
0.13720000	0.08110000
0.12960000	0.07860000
0.12190000	0.07630000
0.11430000	0.07400000
0.10670000	0.07180000
0.09910000	0.06970000
0.09150000	0.06780000
0.09150000	0.06580000
0.09150000	0.06400000
0.08380000	0.06220000
0.07620000	0.06050000
0.07240000	0.05890000
0.07240000	0.05730000
0.06710000	0.06590000
0.06550000	0.05420000
0.06480000	0.05280000
0.05940000	0.05140000
0.06250000	0.05000000
0.06400000	0.04870000
0.05260000	0.04740000
0.06020000	0.05220000
0.06710000	0.04500000
0.05720000	0.04380000
0.05180000	0.04270000
0.04730000	0.04160000
0.04270000	0.04060000
0.04270000	0.03950000
0.03730000	0.03850000
0.03200000	0.03750000
0.02970000	0.03660000
0.03350000	0.03560000
0.03350000	0.03470000
0.03580000	0.03390000
0.03960000	0.06070000
0.04420000	0.06340000
0.03280000	0.03130000
0.02740000	0.05280000
0.02590000	0.04990000
0.02590000	0.05480000
0.02130000	0.04480000
0.02060000	0.04260000
0.02210000	0.09240000
0.02740000	0.09890000
0.01980000	0.09540000
0.01680000	0.11190000
0.01750000	0.14190000
0.16000000	2.86830000
0.04420000	0.77170000
0.05640000	0.70740000
0.06100000	0.66740000
0.05410000	0.60680000
0.09910000	0.55260000
0.06480000	0.66860000
0.04880000	0.58870000
0.04120000	0.58120000
0.03510000	0.53100000
0.03510000	0.48600000
0.03510000	0.44560000
0.03280000	0.40930000
0.03280000	0.37670000
0.03350000	0.34800000
0.03350000	0.34140000
0.03200000	0.33220000
0.03050000	0.27560000
0.02740000	0.28090000
0.02590000	0.26100000
0.02590000	0.24890000
0.02590000	0.22680000
0.02670000	0.21200000
0.02740000	0.24080000
0.02590000	0.18650000
0.02590000	0.19560000
0.03120000	0.21160000
0.02670000	0.17260000
0.02590000	0.16270000
0.02740000	0.18010000
0.03280000	0.24610000
0.03430000	0.37320000
0.03120000	0.36740000
0.02590000	0.34990000
0.02590000	0.33710000
0.05870000	0.77130000
3.00280000	3.57440000
1.18890000	1.14400000
0.63260000	0.83050000
0.43440000	0.78340000
0.34300000	0.71630000
0.28960000	0.65610000
0.25910000	0.60210000
0.23630000	0.55360000
0.21340000	0.51000000
0.21340000	0.47070000
0.26670000	0.57950000
8.07850000	4.98260000
2.21780000	1.22990000
1.66140000	0.77000000
1.38710000	0.72790000
1.18890000	0.66890000
1.08220000	0.61590000
1.01360000	0.56820000
0.92220000	0.52530000
0.84600000	0.48650000
0.79260000	0.45160000
0.74690000	0.42010000
0.70120000	0.39150000
0.79260000	0.41120000
0.80780000	0.42660000
0.68590000	0.40090000
0.67830000	0.42630000
0.64020000	0.38740000
0.57920000	0.36830000
0.53350000	0.34930000
0.50300000	0.32700000
0.48780000	0.30680000
0.46490000	0.30910000
0.44970000	0.27160000
0.44200000	0.25630000
0.42680000	0.24230000
0.41150000	0.22950000
0.38870000	0.21780000
0.35820000	0.20700000
0.34300000	0.19710000
0.32770000	0.18790000
0.33530000	0.18710000
0.32770000	0.17160000
0.35060000	0.22080000
0.74690000	2.44490000
0.54870000	0.35610000
0.45730000	0.35530000
0.43440000	0.33610000
0.41150000	0.30700000
0.40390000	0.28630000
0.38110000	0.26750000
0.35820000	0.25040000
0.35060000	0.23500000
0.34300000	0.22090000
0.32770000	0.20810000
0.33530000	0.19640000
0.35820000	0.21460000
0.35820000	0.20070000
0.37340000	0.23930000
0.61730000	0.97950000
1.27270000	1.41840000
1.05170000	0.41760000
0.99840000	0.39900000
1.18130000	0.67940000
1.98910000	3.37000000
1.81380000	0.95380000
1.76050000	1.09370000
1.92050000	1.04820000
1.87480000	1.22800000
1.78340000	1.42180000
1.70720000	1.29610000
14.17550000	8.69840000
11.27940000	14.77500000
6.14270000	6.57540000
4.68700000	4.04280000
3.84870000	3.68110000
3.12470000	3.35010000
2.57600000	3.05370000
2.37020000	2.79360000
2.17200000	2.55000000
2.08060000	2.33640000
1.98150000	2.14460000
1.90530000	1.97220000
1.79860000	1.81730000
1.65380000	1.67780000
1.57000000	1.55210000
1.50900000	1.43880000
1.44040000	1.33660000
1.37940000	1.24410000
1.36420000	1.19230000
1.24990000	1.08480000
1.15840000	1.01980000
1.12030000	0.95700000
1.09750000	0.89990000
1.08980000	0.84790000
1.06700000	0.80040000
1.04410000	0.76420000
1.09750000	0.76510000
1.08220000	0.75620000
1.02890000	0.72400000
0.96790000	0.71420000
0.95270000	0.68570000
0.92220000	0.64180000
0.86880000	0.60990000
0.84600000	0.58060000
0.79260000	0.55360000
0.75450000	0.52860000
0.73160000	0.50550000
0.71640000	0.48400000
0.69350000	0.46410000
0.64020000	0.44550000
0.60970000	0.42810000
0.61730000	0.41360000
0.57920000	0.39670000
0.55630000	0.38240000
0.54110000	0.36890000
0.51820000	0.35620000
0.53350000	0.37480000
0.50300000	0.33290000
0.47250000	0.32210000
0.44200000	0.31190000
0.42680000	0.30210000
0.42680000	0.29280000
0.41150000	0.28400000
0.39630000	0.27550000
0.38870000	0.26740000
0.40390000	0.29100000
0.35820000	0.25220000
0.33530000	0.24730000
0.32770000	0.24020000
0.32770000	0.23340000
0.48780000	0.31470000
0.48010000	0.28220000
0.39630000	0.30150000
0.35820000	0.28730000
0.57920000	1.28520000
0.70120000	0.37350000
2.66740000	5.63380000
2.04250000	2.00630000
1.97390000	1.33520000
1.77570000	1.38110000
1.66900000	1.39210000
1.55470000	1.27390000
1.43280000	1.16780000
1.31850000	1.07250000
1.24990000	0.98690000
1.18130000	0.90990000
1.12790000	0.84060000
1.10510000	0.77810000
1.08980000	0.72180000
1.18130000	0.72890000
1.09750000	0.64870000
1.06700000	0.62850000
1.05170000	0.58640000
1.02890000	0.54830000
1.00600000	0.51380000
1.88240000	0.55600000
1.42520000	0.49230000
1.25750000	0.50110000
1.20420000	0.47030000
1.15840000	0.44220000
1.12790000	0.41670000
1.11270000	0.40720000
1.08220000	0.37210000
1.06700000	0.35260000
1.05170000	0.33470000
1.01360000	0.31820000
0.98310000	0.30310000
0.90690000	0.28920000
0.86880000	0.27620000
0.83830000	0.26420000
0.80780000	0.25310000
0.76970000	0.24270000
0.72400000	0.23310000
0.69350000	0.22410000
0.67070000	0.21560000
0.70120000	0.23420000
0.64780000	0.20030000
0.59450000	0.19330000
0.55630000	0.18670000
0.54110000	0.18040000
0.53350000	0.17450000
0.49540000	0.16890000
0.47250000	0.17360000
0.41920000	0.16530000
0.39630000	0.15360000
0.38110000	0.14900000
0.36580000	0.14460000
0.36580000	0.14030000
0.35060000	0.13630000
0.32770000	0.13240000
0.31250000	0.12860000
0.30480000	0.12500000
0.30480000	0.12160000
0.29720000	0.11820000
0.28200000	0.11500000
0.26670000	0.11190000
0.25150000	0.10880000
0.23630000	0.10590000
0.22860000	0.10310000
0.22100000	0.10040000
0.21340000	0.09770000
0.21340000	0.09520000
0.21340000	0.09470000
0.22860000	0.13620000
0.22860000	0.13410000
0.21340000	0.12890000
0.19820000	0.13040000
0.21340000	0.12380000
0.22100000	0.11770000
0.19050000	0.11210000
0.19050000	0.10700000
0.18290000	0.10220000
0.16000000	0.09780000
0.15240000	0.09370000
0.16000000	0.08990000
0.16770000	0.14070000
0.28960000	0.29600000
0.22860000	0.26890000
0.24390000	0.27930000
0.26670000	0.37470000
0.22860000	0.33050000
0.21340000	0.33730000
0.17530000	0.31020000
0.15240000	0.28570000
0.14480000	0.26370000
0.13720000	0.24390000
0.12960000	0.22600000
0.12190000	0.39320000
1.58520000	5.79780000
1.52420000	5.11020000
2.98750000	2.24340000
2.94180000	4.76740000
10.89830000	3.53570000
10.51730000	7.51820000
19.12920000	11.75530000
8.38330000	7.09460000
5.63970000	3.03920000
4.32880000	2.99040000
3.85630000	2.78270000
6.47040000	6.01090000
8.91680000	7.28750000
16.30940000	9.93760000
12.04150000	13.49370000
19.89140000	12.50150000
10.06000000	6.53410000
6.60000000	5.13230000
5.03760000	4.67560000
3.99350000	4.26630000
4.03920000	3.89950000
2.86560000	3.57040000
2.41590000	3.27510000
2.17970000	3.00980000
2.08060000	2.77130000
1.97390000	2.55670000
1.86720000	2.36350000
1.73760000	2.18930000
1.61570000	2.03220000
1.48610000	1.89020000
1.37940000	1.76180000
1.28040000	1.64560000
1.18130000	1.54020000
1.12790000	1.45050000
1.67670000	1.39530000
1.10510000	1.27820000
1.02890000	1.22010000
0.92980000	1.15270000
0.84600000	1.09100000
0.77740000	1.03450000
0.73160000	0.98260000
0.76970000	0.98690000
0.97550000	0.98610000
0.70880000	0.93340000
0.63260000	0.91230000
0.55630000	0.86800000
0.53350000	0.82710000
0.54110000	0.78960000
0.51060000	0.75440000
2.56070000	3.89830000
1.16600000	0.97670000
0.73160000	0.95650000
0.55630000	0.90250000
0.51060000	0.85310000
0.53350000	0.82370000
0.42680000	0.76650000
0.38110000	0.73020000
0.51060000	0.69760000
0.45730000	0.66110000
0.40390000	0.63130000
0.37340000	0.60360000
0.34300000	0.57800000
0.32770000	0.55420000
0.31250000	0.53190000
0.30480000	0.51120000
0.32770000	0.49180000
0.26670000	0.47360000
0.24390000	0.45650000
0.22860000	0.44050000
0.22860000	0.42530000
0.27440000	0.41100000
0.25910000	0.39740000
0.25910000	0.38450000
0.25150000	0.37230000
0.22860000	0.36070000
0.22100000	0.34960000
0.21340000	0.33900000
0.19820000	0.32890000
0.18290000	0.31920000
0.17530000	0.31000000
0.16000000	0.30110000
0.15240000	0.29250000
0.13720000	0.28430000
0.10670000	0.27640000
0.08380000	0.26870000
0.06940000	0.26140000
0.06330000	0.25430000
0.05940000	0.24740000
0.05640000	0.24080000
0.05490000	0.23430000
0.04730000	0.22810000
0.05790000	0.30180000
0.05720000	0.25930000
0.09150000	0.31330000
0.14480000	0.34040000
0.14480000	0.32060000
0.11430000	0.33440000
0.09910000	0.31620000
0.07620000	0.29960000
0.05560000	0.28430000
0.03960000	0.27030000
0.04730000	0.25740000
0.04570000	0.29960000
0.05110000	0.23450000
0.05490000	0.26850000
0.13720000	0.38870000
0.09150000	0.34320000
0.07620000	0.35750000
0.06550000	0.33470000
0.06330000	0.31400000
0.06860000	0.29520000
0.05330000	0.27810000
0.03810000	0.32580000
0.02820000	0.32730000
0.02290000	0.30740000
0.01980000	0.30820000
0.02060000	0.28910000
0.02060000	0.27170000
0.02210000	0.25590000
0.01520000	0.24150000
0.00750000	0.22830000
0.01140000	0.21620000
0.01300000	0.20760000
0.00600000	0.19500000
0.00390000	0.18560000
0.00330000	0.17700000
0.00400000	0.16900000
0.00320000	0.16160000
0.00380000	0.15480000
0.00400000	0.14840000
0.00390000	0.14250000
0.00270000	0.13690000
0.00340000	0.13170000
0.00440000	0.12690000
0.00340000	0.12230000
0.00070000	0.11800000
0.00080000	0.11390000
0.00110000	0.11010000
0.00180000	0.10650000
0.00180000	0.10300000
0.00160000	0.09980000
0.00210000	0.09670000
0.00230000	0.09370000
0.00370000	0.09090000
0.00270000	0.08810000
0.00150000	0.08560000
0.00590000	0.08310000
0.00700000	0.11270000
0.00760000	0.09260000
0.00840000	0.07780000
0.00760000	0.08770000
0.00530000	0.08440000
0.00760000	0.08120000
0.01450000	0.07830000
0.01750000	0.07550000
0.02360000	0.07290000
0.02440000	0.07040000
0.02520000	0.06810000
0.02520000	0.06590000
0.02520000	0.06380000
0.02060000	0.06180000
0.01910000	0.05990000
0.02520000	0.05800000
0.13720000	0.05630000
0.07010000	0.88300000
0.04800000	0.48510000
0.06860000	0.46690000
0.07620000	0.42620000
0.07390000	0.38970000
0.06940000	0.35690000
0.09150000	0.36890000
0.05790000	0.46650000
0.06860000	0.43160000
0.08380000	0.42850000
0.08380000	0.39290000
0.07620000	0.36090000
0.09910000	0.33220000
0.04270000	0.30640000
0.06780000	0.28310000
0.06860000	0.26210000
2.40830000	4.58330000
0.21340000	0.69260000
0.15240000	0.72000000
0.12960000	0.64760000
0.11430000	0.62560000
0.09150000	0.58180000
0.07320000	0.52610000
0.06250000	0.48380000
0.04880000	0.44580000
0.04270000	0.41160000
0.04040000	0.38080000
0.03890000	0.35300000
0.03430000	0.32790000
0.03120000	0.30520000
0.02360000	0.28470000
0.02210000	0.26610000
0.02210000	0.24920000
0.01680000	0.23390000
0.01750000	0.22000000
0.01910000	0.20730000
0.00990000	0.19570000
0.00760000	0.18510000
0.00910000	0.17540000
0.01450000	0.20670000
0.07160000	0.27620000
0.08380000	0.42500000
0.10670000	0.43170000
0.09910000	0.40990000
0.09910000	0.38680000
0.09910000	0.37040000
0.09150000	0.35710000
0.08380000	0.75550000
0.08380000	0.42840000
0.08380000	0.42860000
0.08380000	0.39550000
0.08380000	0.36580000
0.08380000	0.34220000
0.07620000	0.31480000
0.07620000	0.29290000
0.08380000	0.28770000
0.07620000	0.25520000
0.07320000	0.23900000
0.08380000	0.23920000
0.08380000	0.24000000
0.07240000	0.22150000
0.07240000	0.23100000
0.07390000	0.21670000
0.07620000	0.20360000
0.07620000	0.19170000
0.06940000	0.18090000
0.07320000	0.17100000
0.07470000	0.16190000
0.07470000	0.15360000
0.07160000	0.14700000
0.07010000	0.13890000
0.06710000	0.13240000
0.06100000	0.12640000
0.06020000	0.12090000
0.06020000	0.11580000
0.05180000	0.11100000
0.05110000	0.10650000
0.04950000	0.10240000
0.05180000	0.09850000
0.05180000	0.09480000
0.05410000	0.09140000
0.05720000	0.08820000
0.05720000	0.08510000
0.05720000	0.08230000
0.06170000	0.07960000
0.05790000	0.07700000
0.05180000	0.07450000
0.04800000	0.07220000
0.05410000	0.08000000
0.05560000	0.06790000
0.05180000	0.06700000
0.05410000	0.06390000
0.05720000	0.06200000
0.05720000	0.06030000
0.05410000	0.05850000
0.04950000	0.05690000
0.05180000	0.05530000
0.05180000	0.05380000
0.04570000	0.05230000
0.04800000	0.05090000
0.05870000	0.04950000
0.06550000	0.09000000
0.05940000	0.07830000
0.06020000	0.07630000
0.06480000	0.08450000
0.06400000	0.07950000
0.05870000	0.07500000
0.04420000	0.07090000
0.03890000	0.06710000
0.03890000	0.06360000
0.04570000	0.06040000
0.04570000	0.05750000
0.04800000	0.05980000
0.04730000	0.05230000
0.05940000	0.06950000
0.05110000	0.05920000
0.04730000	0.04580000
0.04500000	0.04400000
0.04040000	0.04230000
0.04120000	0.04060000
0.04950000	0.03910000
0.03510000	0.03770000
0.03430000	0.03640000
0.03810000	0.03510000
0.03510000	0.03390000
0.03120000	0.03280000
0.03430000	0.03170000
0.03200000	0.03070000
0.03200000	0.02980000
0.06170000	0.16720000
0.09910000	2.18480000
0.12190000	0.40270000
0.09910000	0.39210000
0.08380000	0.35680000
0.07620000	0.32520000
0.07320000	0.29700000
0.06860000	0.27160000
0.06400000	0.24890000
0.06100000	0.22840000
0.05940000	0.21010000
0.05790000	0.19360000
0.05640000	0.17870000
0.04650000	0.18030000
0.04730000	0.15830000
0.04500000	0.14680000
0.04340000	0.13250000
0.05790000	0.12360000
0.05870000	0.11560000
0.05410000	0.10820000
0.04730000	0.10160000
0.04270000	0.09550000
0.03960000	0.09000000
0.04340000	0.10460000
0.05640000	0.11000000
0.04190000	0.07620000
0.04730000	0.09070000
0.04270000	0.08540000
0.04500000	0.08060000
0.04730000	0.07610000
0.04730000	0.07210000
0.04730000	0.06840000
0.03890000	0.06500000
0.02970000	0.06180000
0.03200000	0.05890000
0.03280000	0.05630000
0.03510000	0.05380000
0.03510000	0.05150000
0.02900000	0.04930000
0.03120000	0.05010000
0.02740000	0.04550000
0.02670000	0.04380000
0.02740000	0.04210000
0.04120000	0.08210000
0.05940000	0.13240000
0.03580000	0.11740000
0.02900000	0.14030000
0.03050000	0.12920000
0.02590000	0.11930000
0.02520000	0.11030000
0.02900000	0.10220000
0.03200000	0.09490000
0.03350000	0.08900000
0.02970000	0.08240000
0.02970000	0.07700000
0.04190000	0.07210000
0.04650000	0.29350000
0.02440000	0.24700000
0.02360000	0.26370000
0.02440000	0.24100000
0.04880000	0.22070000
0.03350000	0.20240000
0.02820000	0.18600000
0.02520000	0.17130000
0.02670000	0.15800000
0.13720000	0.64880000
0.05410000	0.44850000
0.04270000	0.43190000
0.03890000	0.39420000
0.03890000	0.36030000
0.02970000	0.33000000
0.00910000	0.30280000
0.02670000	0.27830000
0.03050000	0.25630000
0.05260000	0.43970000
0.02590000	0.39240000
0.03430000	0.41830000
0.02900000	0.38480000
0.02820000	0.47380000
0.02820000	0.42560000
0.02820000	0.42610000
0.02820000	0.39080000
0.02590000	0.35940000
0.02590000	0.33110000
0.02440000	0.30560000
0.02290000	0.28270000
0.02360000	0.26200000
0.01910000	0.24330000
0.01980000	0.22640000
0.02060000	0.21120000
0.02060000	0.19740000
0.02060000	0.18480000
0.01680000	0.17340000
0.01680000	0.16310000
0.02060000	0.15370000
0.02060000	0.14500000
0.01300000	0.13720000
0.00840000	0.13000000
0.00840000	0.12340000
0.00840000	0.11730000
0.00760000	0.11170000
0.05110000	0.37450000
0.04040000	0.38240000
0.02740000	0.35180000
0.02290000	0.34120000
0.02060000	0.31410000
0.01980000	0.28980000
0.01680000	0.26790000
0.01680000	0.24810000
0.01680000	0.23030000
0.01680000	0.21420000
0.01680000	0.19960000
0.01680000	0.22430000
0.01680000	0.17450000
0.01520000	0.17550000
0.01370000	0.16450000
0.01370000	0.18720000
0.05720000	0.29270000
0.01830000	0.26370000
0.00840000	0.28640000
0.00730000	0.26450000
0.00620000	0.24490000
0.00650000	0.22710000
0.00430000	0.21110000
0.00400000	0.19660000
0.00460000	0.20630000
0.00670000	0.22730000
0.00530000	0.19040000
0.00340000	0.20740000
0.00340000	0.19310000
0.00340000	0.18020000
0.00330000	0.16850000
0.01220000	0.15780000
0.03960000	0.19130000
0.00680000	0.13940000
0.00910000	0.18880000
0.00910000	0.19770000
0.00690000	0.16980000
0.03510000	0.24570000
0.08380000	0.37280000
0.01830000	0.33440000
0.01520000	0.33880000
0.01600000	0.31160000
0.01370000	0.28710000
0.01220000	0.26510000
0.01070000	0.24530000
0.01070000	0.22740000
0.00990000	0.21120000
0.02440000	0.20990000
0.01220000	0.18350000
0.00840000	0.17150000
0.00680000	0.16070000
0.00680000	0.15080000
0.00680000	0.14180000
0.00680000	0.13370000
0.00840000	0.12620000
0.00840000	0.11940000
0.00840000	0.11310000
0.00680000	0.10740000
0.00510000	0.10210000
0.00460000	0.09730000
0.00460000	0.09280000
0.00460000	0.08870000
0.00440000	0.08480000
0.00400000	0.08130000
0.00400000	0.07800000
0.00400000	0.07490000
0.00360000	0.07200000
0.00340000	0.06930000
0.00370000	0.06670000
0.00300000	0.06430000
0.00240000	0.06210000
0.00140000	0.06000000
0.00140000	0.05800000
0.00150000	0.05610000
0.00140000	0.05430000
0.00110000	0.05260000
0.00110000	0.05090000
0.00110000	0.04940000
0.00110000	0.04790000
0.00110000	0.04650000
0.00110000	0.04510000
0.00110000	0.04380000
0.00110000	0.04250000
0.00910000	0.12000000
0.01520000	0.34230000
0.00580000	0.31470000
0.00440000	0.32180000
0.00340000	0.29400000
0.00210000	0.26900000
0.00170000	0.24660000
0.00170000	0.22650000
0.00140000	0.20840000
0.00110000	0.19210000
0.00110000	0.17750000
0.00110000	0.16430000
0.00110000	0.15240000
0.00210000	0.23420000
0.00210000	0.40450000
0.00240000	0.42090000
0.00240000	0.38890000
0.00240000	0.37000000
0.00240000	0.33900000
0.00240000	0.31110000
0.00240000	0.28600000
0.00240000	0.26350000
0.00240000	0.24320000
0.00240000	0.22500000
0.00240000	0.20850000
0.00240000	0.19370000
0.00240000	0.18030000
0.00240000	0.16810000
0.00240000	0.15710000
0.00240000	0.14710000
0.00180000	0.13810000
0.00170000	0.12980000
0.00170000	0.12230000
0.00170000	0.11550000
0.00170000	0.10920000
0.00170000	0.10350000
0.00150000	0.09820000
0.00140000	0.09340000
0.00100000	0.08890000
0.00090000	0.08480000
0.00090000	0.08100000
0.00090000	0.07750000
0.00090000	0.08170000
0.00080000	0.07840000
0.00140000	0.12910000
0.00140000	0.10000000
0.00110000	0.12850000
0.00110000	0.12000000
0.00090000	0.11220000
0.00080000	0.10520000
0.00080000	0.09880000
0.00080000	0.09300000
0.00080000	0.08760000
0.00080000	0.08280000
0.00060000	0.07840000
0.00060000	0.07430000
0.00060000	0.07060000
0.00050000	0.06710000
0.00060000	0.06400000
0.00070000	0.06110000
0.00080000	0.05840000
0.00080000	0.05590000
0.00080000	0.05350000
0.00080000	0.05140000
0.00080000	0.04930000
0.00080000	0.04750000
0.00080000	0.04570000
0.00080000	0.04400000
0.00080000	0.04250000
0.00080000	0.04100000
0.00070000	0.03960000
0.00070000	0.03830000
0.00070000	0.03700000
0.00070000	0.03580000
0.00070000	0.03470000
0.00070000	0.03370000
0.00070000	0.03260000
0.00070000	0.03160000
0.00070000	0.03070000
0.00070000	0.02980000
0.00070000	0.02900000
0.00070000	0.02810000
0.00080000	0.04860000
0.00080000	0.05820000
0.00080000	0.07540000
0.00080000	0.12070000
0.00080000	0.11940000
0.00080000	0.12870000
0.00080000	0.11820000
0.00080000	0.10870000
0.00080000	0.10020000
0.00080000	0.09250000
0.00080000	0.08560000
0.00080000	0.07940000
0.00080000	0.07380000
0.00080000	0.06870000
0.00080000	0.06410000
0.00080000	0.06000000
0.00090000	0.05620000
0.00090000	0.05280000
0.00090000	0.04960000
0.00090000	0.04680000
0.00090000	0.04420000
0.00090000	0.04180000
0.00090000	0.04460000
0.00090000	0.04010000
0.00090000	0.03580000
0.00090000	0.03410000
0.00080000	0.03250000
0.00080000	0.03110000
0.00080000	0.02980000
0.00090000	0.02850000
0.00090000	0.02740000
0.00090000	0.02630000
0.00110000	0.02530000
0.00110000	0.03420000
0.00110000	0.02340000
0.00110000	0.03510000
0.00110000	0.07960000
0.00110000	0.10630000
0.00110000	0.11140000
0.00110000	0.12360000
0.00110000	0.11320000
0.00110000	0.10380000
0.00140000	0.12530000
0.00130000	0.20450000
0.00110000	0.19120000
0.00110000	0.20740000
0.00110000	0.18930000
0.00110000	0.22670000
0.00120000	0.23560000
0.01220000	0.35020000
0.01910000	0.43250000
0.00910000	0.53140000
0.06100000	0.66030000
0.05640000	0.76630000
0.02900000	0.70300000
0.02060000	0.67040000
0.02060000	0.61060000
0.04800000	0.59400000
0.04120000	0.50910000
0.03810000	0.49130000
0.03280000	0.45020000
0.02740000	0.41310000
0.02360000	0.37920000
0.01980000	0.34950000
0.01680000	0.32280000
0.01370000	0.29870000
0.01220000	0.28700000
0.01830000	0.26780000
0.00910000	0.24030000
0.00680000	0.23060000
0.00680000	0.24600000
0.00840000	0.22480000
0.01070000	0.25200000
0.01070000	0.23320000
0.00990000	0.23680000
0.00840000	0.22070000
0.00840000	0.20620000
0.00840000	0.19310000
0.00990000	0.18110000
0.01450000	0.17020000
0.01830000	0.16030000
0.01680000	0.15130000
0.01220000	0.14310000
0.01370000	0.14710000
0.01680000	0.18240000
0.01750000	0.19150000
0.02060000	0.18310000
0.01750000	0.19040000
0.01070000	0.17420000
0.01450000	0.16320000
0.00840000	0.15320000
0.00910000	0.14410000
0.01070000	0.13580000
0.01070000	0.12830000
0.00910000	0.12130000
0.00910000	0.11500000
0.01140000	0.10920000
0.01370000	0.10380000
0.01140000	0.09890000
0.01070000	0.09440000
0.01070000	0.09020000
0.01070000	0.08630000
0.02060000	0.13920000
0.01520000	0.12220000
0.01070000	0.14360000
0.00840000	0.12180000
0.00990000	0.14730000
0.01370000	0.13740000
0.01680000	0.13470000
0.01680000	0.17640000
0.05110000	0.34270000
0.04650000	0.32060000
0.05180000	0.31850000
0.04270000	0.29230000
0.03890000	0.26870000
0.03660000	0.24760000
0.03430000	0.22850000
0.03280000	0.21140000
0.03120000	0.19590000
0.02900000	0.18190000
0.02820000	0.16930000
0.02820000	0.15790000
0.02820000	0.14760000
0.02740000	0.13820000
0.02590000	0.12970000
0.02590000	0.12190000
0.02590000	0.15220000
0.03350000	0.20200000
0.02900000	0.18630000
0.02820000	0.21040000
0.02820000	0.19470000
0.02820000	0.18050000
0.08380000	0.38620000
0.06630000	0.35500000
0.06400000	0.34200000
0.05560000	0.31500000
0.04270000	0.28970000
0.03510000	0.26690000
0.03730000	0.24640000
0.04120000	0.22790000
0.03890000	0.21130000
0.03510000	0.19620000
0.03510000	0.23010000
0.03200000	0.22300000
0.02740000	0.20150000
0.03200000	0.20240000
0.02290000	0.18820000
0.02290000	0.20210000
0.06480000	0.29930000
0.03580000	0.30870000
0.03120000	0.28140000
0.02210000	0.26430000
0.02290000	0.24430000
3.65820000	1.55410000
0.64780000	0.47550000
0.35820000	0.46920000
0.28200000	0.42110000
0.27440000	0.44260000
0.77740000	0.52600000
0.63260000	0.49170000
10.89830000	0.74670000
2.26350000	3.31920000
1.41750000	0.76050000
1.12030000	0.72260000
1.91290000	0.70890000
1.19650000	0.60580000
1.04410000	0.58570000
0.91450000	0.53830000
0.80020000	0.49570000
0.67070000	0.45740000
0.56400000	0.42290000
0.52590000	0.39170000
0.46490000	0.36360000
0.42680000	0.33830000
0.38110000	0.31530000
0.34300000	0.29460000
0.32010000	0.27570000
0.28960000	0.25860000
0.25910000	0.24310000
0.24390000	0.25410000
0.22100000	0.21600000
0.19050000	0.20420000
0.16770000	0.19340000
0.14480000	0.18340000
0.13720000	0.17430000
0.18290000	0.27310000
0.17530000	0.23100000
0.14480000	0.25390000
0.87640000	2.97410000
0.42680000	0.62130000
0.24390000	0.57550000
0.20580000	0.54950000
0.18290000	0.50520000
0.18290000	0.46540000
0.17530000	0.42960000
0.16000000	0.39730000
0.15240000	0.36820000
0.15240000	0.34190000
0.14480000	0.34110000
0.15240000	0.35530000
0.15240000	0.31320000
0.14480000	0.37440000
0.14480000	0.30550000
0.13720000	0.32370000
0.12960000	0.30150000
0.12960000	0.28140000
0.12190000	0.26320000
0.11430000	0.24670000
0.11430000	0.23160000
0.10670000	0.21790000
0.09910000	0.20550000
0.09910000	0.19410000
0.09150000	0.18370000
0.08380000	0.17410000
0.07620000	0.16540000
0.06940000	0.15730000
0.05870000	0.14990000
0.05110000	0.14310000
0.04570000	0.13670000
0.03810000	0.13080000
0.03810000	0.12540000
0.03810000	0.12030000
0.03200000	0.11560000
0.02900000	0.11110000
0.02290000	0.10700000
0.02210000	0.10310000
0.02590000	0.09940000
0.02670000	0.09600000
0.03810000	0.15560000
0.04190000	0.20380000
0.03280000	0.18080000
0.03050000	0.19890000
0.03200000	0.17810000
0.02520000	0.16650000
0.02290000	0.15600000
0.02290000	0.14650000
0.02130000	0.13780000
0.07240000	0.19870000
0.02900000	0.15570000
0.02290000	0.17890000
0.01910000	0.16690000
0.01680000	0.15600000
0.01370000	0.14610000
0.01910000	0.15780000
0.01680000	0.12890000
0.01070000	0.12150000
0.01220000	0.11470000
0.01140000	0.10850000
0.00840000	0.10280000
0.00750000	0.09750000
0.00840000	0.09440000
0.01140000	0.08830000
0.01830000	0.08420000
0.02360000	0.08050000
0.02670000	0.07700000
0.02060000	0.07370000
0.02060000	0.07070000
0.01830000	0.06790000
0.01520000	0.06530000
0.01220000	0.06280000
0.01140000	0.06050000
0.00840000	0.05830000
0.00440000	0.05630000
0.00400000	0.05440000
0.00370000	0.05260000
0.00330000	0.05080000
0.00280000	0.04920000
0.00310000	0.04760000
0.00240000	0.04620000
0.00240000	0.04470000
0.00210000	0.04340000
0.00220000	0.04210000
0.00300000	0.04090000
0.00190000	0.05790000
0.00140000	0.03860000
0.00140000	0.03750000
0.00120000	0.03640000
0.00090000	0.05600000
0.00090000	0.03440000
0.00110000	0.03350000
0.00140000	0.05580000
0.00200000	0.03170000
0.00240000	0.03090000
0.00300000	0.03000000
0.00340000	0.02920000
0.00340000	0.02850000
0.00400000	0.02770000
0.00330000	0.02700000
0.00240000	0.02630000
0.00230000	0.02560000
0.00210000	0.02490000
0.00210000	0.02430000
0.00210000	0.02370000
0.00210000	0.02310000
0.00190000	0.02250000
0.00170000	0.02190000
0.00170000	0.02130000
0.00170000	0.02080000
0.00170000	0.02030000
0.00170000	0.01980000
0.00140000	0.01930000
0.00140000	0.01880000
0.00140000	0.01830000
0.00990000	0.20450000
0.00270000	0.29290000
0.00240000	0.26960000
0.00260000	0.27390000
0.00240000	0.24930000
0.00230000	0.22720000
0.00170000	0.20750000
0.00180000	0.18980000
0.00140000	0.17390000
0.00120000	0.15960000
0.00090000	0.14680000
0.00090000	0.13520000
0.00090000	0.12490000
0.00090000	0.11550000
0.00090000	0.10710000
0.00090000	0.09950000
0.00090000	0.09260000
0.00090000	0.08640000
0.00080000	0.08080000
0.00080000	0.07560000
0.00080000	0.08070000
0.00110000	0.15360000
0.00130000	0.16830000
0.00190000	0.16510000
0.00150000	0.28420000
0.00110000	0.25380000
0.00110000	0.26630000
0.00110000	0.24360000
0.00100000	0.22320000
0.00090000	0.20500000
0.00090000	0.18860000
0.00120000	0.17380000
0.00140000	0.16050000
0.00180000	0.14850000
0.00210000	0.13770000
0.00210000	0.12800000
0.00210000	0.11920000
0.00240000	0.13950000
0.00240000	0.10400000
0.00240000	0.09740000
0.00240000	0.09150000
0.00230000	0.08600000
0.00210000	0.08410000
0.00210000	0.07730000
0.00210000	0.08610000
0.00210000	0.06870000
0.00270000	0.20010000
0.00210000	0.17220000
0.00210000	0.19640000
0.00210000	0.18070000
0.00210000	0.16650000
0.00210000	0.15380000
0.00210000	0.14230000
0.00210000	0.13190000
0.00230000	0.14230000
0.00240000	0.12440000
0.00240000	0.11650000
0.00240000	0.09960000
0.00210000	0.10350000
0.00210000	0.09680000
0.00230000	0.09070000
0.00240000	0.08520000
0.00240000	0.08020000
0.00240000	0.07560000
0.00240000	0.07140000
0.00240000	0.06760000
0.00240000	0.06410000
0.00240000	0.06090000
0.00240000	0.05790000
0.00240000	0.05520000
0.00240000	0.05270000
0.00240000	0.05030000
0.00240000	0.04820000
0.00240000	0.04620000
0.00240000	0.04430000
0.00240000	0.04260000
0.00240000	0.04090000
0.00270000	0.03940000
0.00270000	0.03800000
0.00280000	0.03660000
0.00230000	0.03530000
0.00170000	0.03410000
0.00210000	0.03300000
0.00210000	0.03190000
0.00230000	0.03590000
0.00210000	0.02990000
0.00240000	0.02900000
0.00270000	0.02810000
0.00350000	0.04090000
0.00340000	0.02650000
0.00340000	0.02570000
0.00420000	0.06770000
0.00400000	0.05950000
0.00460000	0.06910000
0.00440000	0.07450000
0.00400000	0.06900000
0.00400000	0.06400000
0.00370000	0.05950000
0.00290000	0.05550000
0.00290000	0.05180000
0.00290000	0.04840000
0.00340000	0.06620000
0.00290000	0.05880000
0.00310000	0.05110000
0.00350000	0.05620000
0.00340000	0.06400000
0.00340000	0.05250000
0.00340000	0.06170000
0.00340000	0.05730000
0.00310000	0.05690000
0.00240000	0.04970000
0.00270000	0.04640000
0.00300000	0.04350000
0.00340000	0.06200000
0.00290000	0.05820000
0.00290000	0.03610000
0.00310000	0.04980000
0.00600000	0.17260000
0.01140000	0.21730000
0.00590000	0.21530000
0.00470000	0.20560000
0.00310000	0.19140000
0.00290000	0.17490000
0.00290000	0.16000000
0.00250000	0.14670000
0.00370000	0.13480000
0.00510000	0.16090000
0.00430000	0.11440000
0.00330000	0.11980000
0.00290000	0.11070000
0.00290000	0.10240000
0.00280000	0.10010000
0.00350000	0.08820000
0.00400000	0.08210000
0.00550000	0.11100000
0.00760000	0.07160000
0.00680000	0.07860000
0.02590000	0.17760000
0.02130000	0.20200000
0.00760000	0.19790000
0.00620000	0.19850000
0.00500000	0.18200000
0.00430000	0.16710000
0.00530000	0.15370000
0.01830000	0.20690000
0.02670000	0.28690000
0.02440000	0.32050000
0.01680000	0.30040000
0.01140000	0.30130000
0.00840000	0.27560000
0.00840000	0.27190000
0.01520000	0.25640000
0.01980000	0.25550000
0.01680000	0.23750000
0.01370000	0.23600000
0.01370000	0.25010000
0.01300000	0.21870000
0.01370000	0.33660000
0.86880000	1.40870000
0.40390000	0.62030000
0.14480000	0.56910000
0.09150000	0.53880000
0.07620000	0.49240000
0.06710000	0.45070000
0.06100000	0.41330000
0.06100000	0.37970000
0.06100000	0.34950000
0.05790000	0.32230000
0.05410000	0.29790000
0.05180000	0.27580000
0.05640000	0.26890000
0.04950000	0.24010000
0.05560000	0.25050000
0.05410000	0.20700000
0.06250000	0.28630000
0.06710000	0.24980000
0.07620000	0.26380000
0.07390000	0.27970000
0.06780000	0.22790000
0.06860000	0.22510000
0.06780000	0.20990000
0.06710000	0.24830000
0.06100000	0.18370000
0.06100000	0.20980000
0.09150000	0.22340000
0.07240000	0.19430000
0.06480000	0.17200000
0.06480000	0.16160000
0.06780000	0.16230000
0.07010000	0.15900000
0.06480000	0.13560000
0.06480000	0.12840000
0.06480000	0.12200000
0.06480000	0.12600000
0.06480000	0.11010000
0.06480000	0.10490000
0.06780000	0.10010000
0.07240000	0.09570000
0.07240000	0.09160000
0.07240000	0.08780000
0.07240000	0.13060000
0.59450000	0.92930000
0.77740000	0.51310000
0.28200000	0.46700000
0.22860000	0.45460000
0.20580000	0.41620000
0.18290000	0.38170000
0.19050000	0.45220000
4.63370000	5.23950000
1.65380000	0.72620000
1.11270000	0.70080000
0.95270000	0.64030000
0.75450000	0.58600000
0.60970000	0.53730000
0.55630000	0.49350000
0.48010000	0.45420000
0.44200000	0.41880000
0.46490000	0.38690000
0.44970000	0.35820000
0.41150000	0.33240000
0.38870000	0.30900000
0.35820000	0.28780000
0.33530000	0.26870000
0.32770000	0.29120000
0.32010000	0.29710000
0.28200000	0.26700000
0.25910000	0.28080000
0.24390000	0.26200000
0.23630000	0.24500000
0.22860000	0.22950000
0.21340000	0.21550000
0.19050000	0.20270000
0.22100000	0.19110000
0.28200000	0.20380000
0.28200000	0.17080000
0.28200000	0.16190000
0.25910000	0.15370000
0.24390000	0.14620000
0.19820000	0.13930000
0.12190000	0.13290000
0.60970000	0.32920000
0.22860000	0.28420000
0.19050000	0.30550000
0.15240000	0.28280000
0.13720000	0.26240000
0.12190000	0.24390000
0.12190000	0.22720000
0.11430000	0.21210000
0.10670000	0.19840000
0.10670000	0.18600000
0.10670000	0.17460000
0.10670000	0.16440000
0.09910000	0.15500000
0.09150000	0.14640000
0.09910000	0.13860000
0.09150000	0.13140000
0.09150000	0.12480000
0.09150000	0.11880000
0.09150000	0.11320000
0.08380000	0.10800000
0.10670000	0.10320000
0.09910000	0.09880000
0.08380000	0.09470000
0.07320000	0.09090000
0.05870000	0.08730000
0.04730000	0.08390000
0.04420000	0.08080000
0.04570000	0.08060000
0.03810000	0.07510000
0.03730000	0.07250000
0.03960000	0.07010000
0.04730000	0.06770000
0.03890000	0.06550000
0.03200000	0.08780000
0.02520000	0.06140000
0.01910000	0.05950000
0.01370000	0.05770000
0.00990000	0.05600000
0.00760000	0.05430000
0.00680000	0.05280000
0.00500000	0.05120000
0.02520000	0.04980000
0.04950000	0.41860000
0.02900000	0.50170000
0.02440000	0.50020000
0.02290000	0.50860000
0.03050000	0.51900000
0.01680000	0.47010000
0.01370000	0.45830000
0.02440000	0.41920000
0.03200000	0.44380000
0.02440000	0.40410000
0.02060000	0.37200000
0.01680000	0.35700000
0.01370000	0.32850000
0.01220000	0.30300000
0.00840000	0.27990000
0.00760000	0.28790000
0.00540000	0.24050000
0.00530000	0.22350000
0.00690000	0.22910000
0.00840000	0.19440000
0.00840000	0.18190000
0.00840000	0.17050000
0.00910000	0.16020000
0.01070000	0.15070000
0.01070000	0.14220000
0.01600000	0.13430000
0.01600000	0.12790000
0.01600000	0.12060000
0.01680000	0.11450000
0.01680000	0.10900000
0.01450000	0.10380000
0.01450000	0.09910000
0.01520000	0.09470000
0.01070000	0.09070000
0.01070000	0.08690000
0.01140000	0.08340000
0.01370000	0.08010000
0.01370000	0.07710000
0.01370000	0.07420000
0.01300000	0.07150000
0.01300000	0.06900000
0.01300000	0.06660000
0.01070000	0.06430000
0.01370000	0.06220000
0.01300000	0.06020000
0.01070000	0.05820000
0.00910000	0.05640000
0.00630000	0.05520000
0.01070000	0.09580000
0.01140000	0.07140000
0.01220000	0.09350000
0.02210000	0.07170000
0.02210000	0.07520000
0.02060000	0.07120000
0.01910000	0.06750000
0.02060000	0.06420000
0.03890000	0.15550000
0.02670000	0.13270000
0.02520000	0.14120000
0.02290000	0.13060000
0.02130000	0.12100000
0.01450000	0.11240000
0.01300000	0.12050000
0.01070000	0.09800000
0.00990000	0.09120000
0.00840000	0.08540000
0.00840000	0.11120000
0.00760000	0.07540000
0.00680000	0.07190000
0.00680000	0.06780000
0.00550000	0.06410000
0.00460000	0.06070000
0.00460000	0.05760000
0.00430000	0.05480000
0.00370000	0.05210000
0.00340000	0.04970000
0.00340000	0.04750000
0.00080000	0.04540000
0.00080000	0.04350000
0.00080000	0.04170000
0.00080000	0.04000000
0.00080000	0.03840000
0.00080000	0.03700000
0.00080000	0.03560000
0.00080000	0.03430000
0.01300000	0.46020000
0.00560000	0.39660000
0.00210000	0.40290000
0.00180000	0.36670000
0.00170000	0.33430000
0.00140000	0.30520000
0.00140000	0.27920000
0.00140000	0.25580000
0.00150000	0.26450000
0.00110000	0.21600000
0.00090000	0.19900000
0.00090000	0.18380000
0.00140000	0.29980000
0.00140000	0.42450000
0.00140000	0.39400000
0.00140000	0.39330000
0.00140000	0.35990000
0.00140000	0.33000000
0.00110000	0.30310000
0.00110000	0.27890000
0.00110000	0.25710000
0.00110000	0.23760000
0.00110000	0.21990000
0.00110000	0.20400000
0.00110000	0.18960000
0.00110000	0.17660000
0.00140000	0.26570000
0.00140000	0.26520000
0.00140000	0.25520000
0.00140000	0.25390000
0.01450000	0.39790000
0.01980000	0.59650000
0.00610000	0.55170000
0.00760000	0.53760000
0.00760000	0.49190000
0.00730000	0.45090000
0.00700000	0.41410000
0.00730000	0.38100000
0.00730000	0.35130000
0.00730000	0.32450000
0.00700000	0.30040000
0.00610000	0.27860000
0.00610000	0.25900000
0.00610000	0.24120000
0.00610000	0.24760000
0.00610000	0.25090000
0.00610000	0.22090000
0.00610000	0.23010000
0.00500000	0.21490000
0.00500000	0.20110000
0.00500000	0.18860000
0.00420000	0.17720000
0.00340000	0.16680000
0.00340000	0.15740000
0.00340000	0.14870000
0.00480000	0.14080000
0.00500000	0.13360000
0.00500000	0.12690000
0.00500000	0.12080000
0.00500000	0.11520000
0.00480000	0.10990000
0.00410000	0.10510000
0.00410000	0.10060000
0.00410000	0.09650000
0.00430000	0.09260000
0.00500000	0.08900000
0.00610000	0.08560000
0.00910000	0.08240000
0.00750000	0.07940000
0.00580000	0.07660000
0.00410000	0.07400000
0.00410000	0.07150000
0.00410000	0.06910000
0.00410000	0.06690000
0.00410000	0.06470000
0.00410000	0.06270000
0.00410000	0.06080000
0.00470000	0.05890000
0.00660000	0.07410000
0.00730000	0.07580000
0.00730000	0.05390000
0.00760000	0.07050000
0.00760000	0.07390000
0.00610000	0.05670000
0.00520000	0.07370000
0.04880000	0.23420000
0.06020000	1.22940000
0.05330000	0.52530000
0.06710000	0.52810000
0.08380000	0.52270000
0.08380000	0.51930000
0.08380000	0.47850000
2.59120000	1.30290000
1.66140000	3.06280000
0.88410000	0.77810000
0.63260000	0.73010000
0.48780000	0.67240000
0.41150000	0.61480000
0.33530000	0.56310000
0.27440000	0.51660000
0.24390000	0.47490000
1.28800000	1.49130000
1.11270000	0.55200000
0.86880000	0.52930000
0.69350000	0.48710000
0.67830000	0.44910000
0.62490000	0.41500000
0.79260000	0.44960000
0.70880000	0.39450000
0.66300000	0.40390000
0.66300000	0.37430000
0.64020000	0.34760000
0.60970000	0.32340000
0.53350000	0.32670000
0.48780000	0.28180000
0.46490000	0.26390000
0.47250000	0.24760000
0.48780000	0.23360000
1.65380000	1.75280000
1.53950000	0.38340000
1.24230000	0.37530000
1.11270000	0.35740000
1.02890000	0.33180000
0.96030000	0.30870000
0.89930000	0.28780000
0.81550000	0.26880000
0.78500000	0.25160000
0.76970000	0.23600000
0.70880000	0.22180000
0.65540000	0.20890000
0.62490000	0.19710000
0.64780000	0.19880000
0.64780000	0.20410000
0.89930000	0.25460000
0.73160000	0.23500000
0.68590000	0.27630000
0.68590000	0.28730000
0.63260000	0.26580000
0.62490000	0.27890000
0.61730000	0.25960000
0.60970000	0.24210000
0.58680000	0.22630000
0.57160000	0.21190000
0.60970000	0.23240000
0.57160000	0.18700000
0.51060000	0.18340000
0.48780000	0.17290000
0.49540000	0.16320000
0.48010000	0.15440000
0.45730000	0.14640000
0.44200000	0.13900000
0.42680000	0.13210000
0.41920000	0.12590000
0.41150000	0.12010000
0.41150000	0.11470000
0.38110000	0.10980000
0.36580000	0.10520000
0.38870000	0.10090000
0.44200000	0.14050000
0.51820000	0.18190000
0.44970000	0.17110000
0.41920000	0.19100000
0.39630000	0.17800000
0.38870000	0.16620000
0.37340000	0.15550000
0.34300000	0.14580000
0.33530000	0.13700000
0.32770000	0.12890000
0.34300000	0.12160000
0.33530000	0.11490000
0.30480000	0.10880000
0.30480000	0.12060000
0.28960000	0.09800000
0.27440000	0.10600000
0.26670000	0.08890000
0.26670000	0.08490000
0.26670000	0.08120000
0.26670000	0.07770000
1.60810000	5.10250000
1.30320000	0.44520000
1.57760000	0.51280000
1.42520000	0.46190000
1.20420000	0.45550000
1.08220000	0.41670000
1.05170000	0.39200000
0.99080000	0.35370000
0.96790000	0.32270000
4.48130000	1.60140000
2.08060000	0.43220000
1.70720000	0.42100000
1.69950000	0.38680000
2.15680000	0.36530000
1.69950000	0.39760000
1.51660000	0.34020000
1.43280000	0.35100000
1.37940000	0.32400000
1.24990000	0.29970000
1.16600000	0.27780000
1.12030000	0.25800000
1.05170000	0.24020000
1.02120000	0.22400000
0.99080000	0.20940000
0.99080000	0.24920000
0.83070000	0.18400000
0.76970000	0.21160000
0.77740000	0.23970000
0.83830000	0.24360000
0.79260000	0.26700000
1.15080000	0.34200000
0.78500000	0.30760000
0.69350000	0.31730000
1.65380000	2.23790000
1.66140000	4.33720000
1.28040000	0.60140000
1.18890000	0.58010000
1.08980000	0.53160000
1.02890000	0.48810000
0.96030000	0.44900000
0.92220000	0.41380000
0.90690000	0.38930000
0.91450000	0.37840000
0.82310000	0.32790000
0.77740000	0.30470000
0.76210000	0.30200000
0.70880000	0.26470000
0.67070000	0.24750000
0.62490000	0.23180000
0.58680000	0.21770000
0.56400000	0.22220000
0.51820000	0.19300000
0.47250000	0.18220000
0.43440000	0.17240000
0.41150000	0.16340000
0.40390000	0.15640000
0.37340000	0.14760000
0.35060000	0.14060000
0.32770000	0.13410000
0.35060000	0.12820000
0.44200000	0.21520000
0.34300000	0.17630000
0.31250000	0.19580000
0.35820000	0.18580000
0.38870000	0.17220000
0.32010000	0.16200000
0.31250000	0.17520000
0.30480000	0.14410000
0.49540000	0.34450000
0.42680000	0.29780000
0.34300000	0.31770000
0.31250000	0.32140000
0.32010000	0.27110000
0.51060000	0.34490000
0.41920000	0.29330000
0.33530000	0.30090000
0.28960000	0.27830000
0.26670000	0.25780000
0.25910000	0.23940000
0.32770000	0.33270000
0.32770000	0.28310000
0.30480000	0.30060000
0.31250000	0.27810000
0.25910000	0.25780000
0.23630000	0.23940000
0.24390000	0.22290000
0.26670000	0.27060000
0.25150000	0.22210000
0.22860000	0.23480000
0.22100000	0.21860000
0.22100000	0.25500000
0.23630000	0.19070000
0.19820000	0.21350000
0.17530000	0.19920000
0.18290000	0.21880000
0.20580000	0.19300000
0.19820000	0.16630000
0.16770000	0.15630000
0.15240000	0.14720000
0.16000000	0.13900000
0.14480000	0.13140000
0.16000000	0.12440000
0.14480000	0.11810000
0.12960000	0.11220000
0.12190000	0.10690000
0.11430000	0.10190000
0.10670000	0.09730000
0.11430000	0.09310000
0.09150000	0.08910000
0.09910000	0.11670000
0.09150000	0.08200000
0.08380000	0.07910000
0.08380000	0.07610000
0.08380000	0.07330000
0.07470000	0.07060000
0.08380000	0.06810000
0.10670000	0.06580000
0.06710000	0.06360000
0.05560000	0.06150000
0.05260000	0.05950000
0.05110000	0.05760000
0.04040000	0.05580000
0.03730000	0.05410000
0.03730000	0.05910000
0.03960000	0.05090000
0.03960000	0.04940000
0.04950000	0.04790000
0.04650000	0.04650000
0.04340000	0.04520000
0.03960000	0.04400000
0.03660000	0.04270000
0.03810000	0.06100000
0.44200000	0.51890000
0.10670000	0.39850000
0.10670000	0.39090000
0.10670000	0.35650000
0.10670000	0.32570000
0.09150000	0.29810000
0.09150000	0.27330000
0.08380000	0.26210000
0.08380000	0.39160000
0.07620000	0.34070000
0.07010000	0.35590000
0.06330000	0.32620000
0.05720000	0.29950000
0.05330000	0.27550000
0.05260000	0.25390000
0.04950000	0.23450000
0.04650000	0.26220000
0.06710000	0.20920000
0.67070000	0.30240000
0.17530000	1.15430000
0.10670000	0.56550000
0.08380000	0.53800000
0.07620000	0.51590000
0.06330000	0.47290000
0.05490000	0.41370000
0.04650000	0.39290000
0.03430000	0.36180000
0.04120000	0.34290000
0.03810000	0.30860000
0.03510000	0.34520000
0.08380000	0.37710000
0.08380000	0.37240000
0.08380000	0.34540000
0.08380000	0.35170000
0.09150000	0.30930000
1.63860000	0.87880000
0.40390000	0.52860000
0.28200000	0.49950000
0.24390000	0.45900000
0.72400000	0.43010000
0.61730000	0.48320000
0.49540000	0.43890000
0.38870000	0.42560000
0.34300000	0.39300000
0.30480000	0.36350000
0.28200000	0.33700000
0.26670000	0.31300000
0.25150000	0.29140000
0.23630000	0.27180000
0.22100000	0.25410000
0.21340000	0.23800000
0.19050000	0.22330000
0.17530000	0.21000000
0.17530000	0.19790000
0.16770000	0.18690000
0.16000000	0.17680000
0.15240000	0.16750000
0.15240000	0.15900000
0.14480000	0.15120000
0.13720000	0.14400000
0.12960000	0.13740000
0.12190000	0.13120000
0.11430000	0.12550000
0.11430000	0.12020000
0.10670000	0.11530000
0.11430000	0.11080000
0.10670000	0.10650000
0.10670000	0.10250000
0.09910000	0.09870000
0.09910000	0.09520000
0.09910000	0.09190000
0.09150000	0.08870000
0.09150000	0.08570000
0.09150000	0.08290000
0.09150000	0.08030000
0.13720000	0.13620000
0.11430000	0.21570000
0.09910000	0.28280000
0.09910000	0.30800000
0.09150000	0.29100000
0.09150000	0.28550000
0.08380000	0.26320000
0.09150000	0.24310000
0.09150000	0.22500000
0.09150000	0.20870000
0.08380000	0.19400000
0.08380000	0.18070000
0.08380000	0.16860000
0.08380000	0.15770000
0.07620000	0.14780000
0.07620000	0.13880000
0.07620000	0.13060000
0.07620000	0.14090000
0.07620000	0.12310000
0.09910000	0.26900000
0.09910000	0.28530000
0.09150000	0.27260000
0.09150000	0.26770000
0.09150000	0.24700000
0.09150000	0.22830000
0.08380000	0.21150000
0.08380000	0.19630000
0.08380000	0.18260000
0.08380000	0.17010000
0.08380000	0.15890000
0.07620000	0.14870000
0.07620000	0.13950000
0.07620000	0.13110000
0.07320000	0.12340000
0.07010000	0.12730000
0.06940000	0.11010000
0.06710000	0.10420000
0.06710000	0.09890000
0.06710000	0.09390000
0.06710000	0.08940000
0.06710000	0.15040000
0.14480000	0.27230000
0.12190000	0.25700000
0.12190000	0.27730000
0.12190000	0.26360000
0.15240000	0.30470000
0.16000000	0.28390000
0.16000000	0.29030000
0.16000000	0.26720000
0.16770000	0.25550000
0.21340000	0.38600000
2.81980000	7.01720000
16.15700000	12.84710000
38.56330000	26.35740000
23.16850000	27.09700000
10.97450000	14.09470000
8.07850000	5.63530000
6.58470000	5.44240000
5.33480000	5.39310000
4.11550000	5.55430000
3.41430000	4.61110000
3.00280000	4.37340000
2.72840000	3.98960000
2.53790000	3.64550000
2.42350000	3.33700000
2.86560000	4.38160000
2.40830000	3.55830000
2.23300000	3.11590000
2.36260000	2.89780000
2.17970000	2.63790000
2.11870000	2.65060000
2.08060000	2.45660000
1.90530000	2.25790000
1.80620000	2.11010000
1.75290000	1.95890000
1.85960000	1.85750000
1.67670000	1.69880000
1.54710000	1.74540000
1.48610000	1.62860000
1.39470000	1.52280000
1.41750000	1.42680000
1.81380000	2.44130000
1.73000000	1.81760000
1.61570000	1.86840000
1.69950000	1.77320000
1.96630000	1.73180000
1.72240000	1.82690000
1.65380000	2.03970000
1.62330000	1.89100000
5.31200000	1.80160000
7.19440000	11.62040000
4.35170000	5.77030000
3.87920000	3.29580000
3.51340000	3.04000000
3.04850000	2.79690000
2.75890000	2.57830000
2.99510000	2.50610000
5.34250000	6.79330000
17.60500000	19.53320000
10.66970000	16.38850000
6.82860000	6.82260000
5.55590000	5.18990000
4.76330000	4.75020000
4.24500000	4.35330000
3.81820000	3.99680000
3.52860000	3.67840000
3.14760000	3.39640000
2.78940000	3.12920000
2.58360000	2.89560000
2.40830000	2.68490000
2.24830000	2.49480000
2.19490000	2.33980000
2.02720000	2.16730000
1.89010000	2.02640000
1.79100000	1.89850000
1.69950000	1.78230000
2.23300000	2.70450000
1.89770000	1.67790000
3.69630000	1.60710000
3.54390000	5.97980000
2.60650000	1.84930000
2.43120000	1.86540000
2.32450000	1.74630000
2.21020000	1.63810000
2.11870000	1.53970000
2.08060000	1.45010000
2.14920000	1.41490000
19.35790000	14.97950000
5.98270000	7.54510000
4.68700000	3.15210000
4.00110000	2.90910000
3.65820000	2.68500000
3.38380000	2.50260000
2.81220000	2.31290000
2.59120000	2.13700000
2.43880000	1.98860000
2.27870000	1.85430000
2.17200000	1.73280000
2.05770000	1.62250000
1.86720000	1.52230000
1.73760000	1.43130000
1.86720000	1.34910000
1.53950000	1.27260000
1.40990000	1.20340000
1.37940000	1.14000000
1.34130000	1.09000000
1.18890000	1.02850000
1.12790000	0.97930000
1.06700000	0.93400000
0.99840000	0.89200000
1.02120000	0.85320000
1.96630000	1.92580000
1.59280000	2.23370000
1.20420000	0.94680000
1.09750000	0.92910000
1.05930000	0.88220000
1.01360000	0.83910000
0.98310000	0.79940000
0.92220000	0.76280000
1.25750000	0.80010000
1.24230000	0.77650000
1.02890000	0.74380000
0.95270000	0.71840000
0.91450000	0.68570000
0.88410000	0.65550000
0.85360000	0.62750000
0.80780000	0.60140000
0.76210000	0.57710000
0.72400000	0.55450000
0.70880000	0.53330000
0.67830000	0.51350000
0.82310000	0.90490000
0.93740000	3.46040000
0.74690000	0.73410000
0.68590000	0.73490000
0.61730000	0.67840000
0.57160000	0.64120000
0.54870000	0.60710000
0.53350000	0.57590000
0.50300000	0.54720000
0.48780000	0.52090000
0.45730000	0.49650000
0.43440000	0.47400000
0.41150000	0.45320000
0.38870000	0.43390000
0.37340000	0.41600000
0.35820000	0.39930000
0.35060000	0.38370000
0.32770000	0.36910000
0.31250000	0.35540000
0.28960000	0.34260000
0.27440000	0.33050000
0.27440000	0.31910000
0.27440000	0.30830000
0.27440000	0.29810000
0.27440000	0.28840000
0.24390000	0.27930000
0.28200000	0.27050000
1.10510000	0.26980000
1.35660000	0.43190000
0.68590000	0.52880000
1.04410000	0.62130000
0.73160000	0.67390000
0.78500000	0.71060000
1.40990000	0.70070000
10.97450000	4.40730000
5.03760000	8.05580000
2.89610000	1.42270000
2.38540000	0.97410000
2.15680000	0.89730000
2.00440000	0.85690000
2.21020000	0.81090000
3.12470000	3.28430000
2.11870000	0.79980000
1.92050000	0.76330000
1.89010000	0.75790000
1.93580000	1.11700000
10.36490000	6.20340000
3.87160000	1.51790000
3.07130000	1.72090000
2.64460000	1.57400000
2.42350000	1.44230000
2.56070000	1.79880000
2.20250000	1.27160000
2.26350000	1.22330000
2.17200000	1.14770000
2.59880000	1.05460000
2.32450000	2.47580000
1.99680000	0.99800000
1.83670000	0.94760000
1.68430000	0.87930000
1.53190000	0.81760000
1.41750000	0.76180000
1.31080000	0.71130000
1.21940000	0.66550000
1.13560000	0.62390000
1.04410000	0.58610000
0.80780000	0.55180000
0.74690000	0.52040000
0.68590000	0.49170000
0.62490000	0.46550000
0.67070000	0.44150000
0.57920000	0.41950000
0.53350000	0.39920000
0.55630000	0.44690000
0.47250000	0.39430000
0.46490000	0.40650000
0.41920000	0.38600000
0.41920000	0.36710000
0.38110000	0.34980000
0.35820000	0.33370000
0.32770000	0.31890000
0.28960000	0.30510000
0.26670000	0.29240000
0.26670000	0.28050000
0.23630000	0.26940000
0.21340000	0.25900000
0.19820000	0.24930000
0.17530000	0.24020000
0.16000000	0.23160000
0.15240000	0.22360000
0.13720000	0.21600000
0.12960000	0.20880000
0.12190000	0.20190000
0.19050000	0.31470000
0.36580000	0.63820000
0.28200000	0.56560000
0.28960000	0.54950000
0.23630000	0.51170000
0.18290000	0.48970000
0.16000000	0.45490000
0.13720000	0.42350000
0.13720000	0.39510000
0.12960000	0.36940000
0.11430000	0.34600000
0.10670000	0.32480000
0.10670000	0.30550000
0.10670000	0.28790000
0.09910000	0.27190000
0.09910000	0.29260000
0.09910000	0.24370000
0.09910000	0.23890000
0.09150000	0.22690000
0.08380000	0.21580000
0.07620000	0.20560000
0.07320000	0.19610000
0.06860000	0.18740000
0.07010000	0.17930000
0.09910000	0.28130000
0.08380000	0.23990000
0.08380000	0.26440000
0.08380000	0.24820000
0.08380000	0.23350000
0.07620000	0.22000000
0.07620000	0.20780000
0.07240000	0.19660000
0.07240000	0.18630000
0.07090000	0.17690000
0.06630000	0.16820000
0.06480000	0.16020000
0.06100000	0.15290000
0.06020000	0.14610000
0.05560000	0.13970000
0.04500000	0.19240000
0.03810000	0.15250000
0.02970000	0.16920000
0.02670000	0.16010000
0.02590000	0.15170000
0.01980000	0.14400000
0.01600000	0.13700000
0.02820000	0.13050000
0.10670000	0.20460000
0.07620000	0.16190000
0.07160000	0.19560000
0.05940000	0.18300000
0.05110000	0.17160000
0.04190000	0.16120000
0.03660000	0.15170000
0.04800000	0.26280000
0.04500000	0.22000000
0.04730000	0.24770000
0.05260000	0.22970000
0.05260000	0.21350000
0.04340000	0.19880000
0.04880000	0.18550000
0.05720000	0.17350000
0.04730000	0.16250000
0.04190000	0.15260000
0.03730000	0.14360000
0.03510000	0.13530000
0.02670000	0.12780000
0.02670000	0.12090000
0.02670000	0.11460000
0.02670000	0.10890000
0.02670000	0.10350000
0.02670000	0.09860000
0.02130000	0.09410000
0.01300000	0.08990000
0.01300000	0.08610000
0.01300000	0.08250000
0.01220000	0.07910000
0.01140000	0.07600000
0.00840000	0.07310000
0.00760000	0.07030000
0.00990000	0.06780000
0.00910000	0.06910000
0.01300000	0.06310000
0.01830000	0.06090000
0.01300000	0.05890000
0.01450000	0.05700000
0.01600000	0.05510000
0.01830000	0.05340000
0.02520000	0.05180000
0.02360000	0.05020000
0.01140000	0.04870000
0.01520000	0.04720000
0.01750000	0.04580000
0.02290000	0.04450000
0.02360000	0.04330000
0.01830000	0.04200000
0.01600000	0.04090000
0.01520000	0.03970000
0.01300000	0.03860000
0.01370000	0.03760000
0.01450000	0.03660000
0.01600000	0.03560000
0.01980000	0.03460000
0.02590000	0.07710000
0.02290000	0.03280000
0.04120000	0.24530000
0.01910000	0.21610000
0.01520000	0.24030000
0.01070000	0.21960000
0.01370000	0.20100000
0.02290000	0.18440000
0.02290000	0.16940000
0.02900000	0.15600000
0.02970000	0.17090000
0.03050000	0.16940000
0.02970000	0.18150000
0.02670000	0.22030000
0.02520000	0.20050000
0.02440000	0.21260000
0.02210000	0.19530000
0.03200000	0.17980000
0.02210000	0.16590000
0.02060000	0.15330000
0.92220000	0.42520000
0.60970000	1.41930000
0.22860000	0.66200000
0.13720000	0.62720000
0.10670000	0.56840000
0.09910000	0.54370000
0.08380000	0.47410000
0.08380000	0.44760000
0.07620000	0.41050000
0.07390000	0.37710000
0.07240000	0.34710000
0.07240000	0.32010000
0.06860000	0.29580000
0.06710000	0.27390000
0.06710000	0.25420000
0.06550000	0.23630000
0.06480000	0.23290000
0.06710000	0.22750000
0.06480000	0.19240000
0.06480000	0.18850000
0.07240000	0.23350000
0.06400000	0.20330000
0.06480000	0.22720000
0.06860000	0.21160000
0.07240000	0.19750000
0.10670000	0.28590000
1.34130000	2.74890000
0.81550000	0.53710000
0.53350000	0.51860000
0.44200000	0.47540000
0.42680000	0.43650000
0.37340000	0.40160000
0.35820000	0.38590000
0.33530000	0.34190000
0.32770000	0.31640000
0.31250000	0.29350000
0.29720000	0.27270000
0.28960000	0.25400000
0.28200000	0.23700000
0.27440000	0.23150000
0.27440000	0.21600000
0.26670000	0.19500000
0.25910000	0.18760000
0.25150000	0.19430000
0.24390000	0.16330000
0.24390000	0.18490000
0.25150000	0.19220000
0.24390000	0.18770000
0.22100000	0.19440000
0.22100000	0.18350000
0.22860000	0.19030000
0.24390000	0.18210000
0.23630000	0.16020000
0.23630000	0.19630000
0.24390000	0.16520000
0.25150000	0.17750000
0.25150000	0.16640000
0.25150000	0.15640000
0.25150000	0.14730000
0.24390000	0.13890000
0.24390000	0.13130000
1.37940000	0.28130000
1.76050000	0.37440000
1.22700000	0.35500000
1.02120000	0.35710000
0.92980000	0.32850000
0.80020000	0.30280000
0.73160000	0.27970000
0.70120000	0.25880000
0.67070000	0.24010000
0.64020000	0.22310000
0.67830000	0.23220000
0.68590000	0.20800000
0.63260000	0.18130000
0.60970000	0.17790000
0.58680000	0.16670000
0.59450000	0.19270000
0.60210000	0.21430000
0.72400000	0.27940000
0.82310000	0.29870000
0.76970000	0.28240000
0.74690000	0.27420000
0.79260000	0.25370000
2.31680000	0.58790000
1.65380000	0.35860000
1.44040000	0.35170000
1.35660000	0.32400000
1.28040000	0.29900000
1.26510000	0.27710000
1.17370000	0.27720000
1.05170000	0.23800000
0.98310000	0.22150000
0.96030000	0.20660000
0.94500000	0.19300000
0.89170000	0.18070000
0.81550000	0.16960000
0.77740000	0.15950000
0.76210000	0.15020000
0.74690000	0.20060000
0.68590000	0.15890000
0.64780000	0.17430000
0.67830000	0.16330000
0.84600000	0.25000000
0.82310000	0.25490000
0.70880000	0.24460000
0.64780000	0.23860000
0.61730000	0.22130000
0.59450000	0.20570000
0.57920000	0.19160000
0.54870000	0.17880000
0.53350000	0.16720000
0.52590000	0.15670000
0.50300000	0.14720000
0.56400000	0.21350000
0.52590000	0.16910000
0.49540000	0.19670000
0.50300000	0.18310000
0.51060000	0.18620000
0.46490000	0.15960000
0.44970000	0.14950000
0.47250000	0.14930000
0.51060000	0.18750000
0.46490000	0.15270000
0.47250000	0.17140000
0.48780000	0.20510000
0.45730000	0.14940000
0.45730000	0.17680000
0.45730000	0.19120000
0.42680000	0.15370000
0.42680000	0.14380000
0.41920000	0.13470000
0.46490000	0.16760000
0.44200000	0.11900000
0.40390000	0.13190000
0.38870000	0.12380000
0.39630000	0.11640000
0.41920000	0.14960000
0.38870000	0.10350000
0.38110000	0.11420000
0.66300000	0.11760000
0.72400000	0.90900000
0.48010000	0.26520000
0.41920000	0.26680000
0.40390000	0.24540000
0.41150000	0.22620000
0.40390000	0.20890000
0.46490000	0.22880000
0.44200000	0.22400000
0.38870000	0.19460000
0.36580000	0.20110000
0.35820000	0.18630000
0.34300000	0.17300000
0.32770000	0.16100000
0.29720000	0.15010000
0.28960000	0.14030000
0.28960000	0.13130000
0.28960000	0.12320000
0.26670000	0.11580000
0.25150000	0.10910000
0.23630000	0.10300000
0.23630000	0.09780000
0.30480000	0.23000000
0.31250000	0.23280000
0.26670000	0.23790000
0.25910000	0.26350000
0.23630000	0.22650000
0.21340000	0.23620000
0.39630000	0.26400000
0.55630000	3.29360000
0.39630000	0.43710000
0.33530000	0.42890000
0.32010000	0.39250000
0.34300000	0.38540000
0.29720000	0.33060000
0.26670000	0.30430000
0.25150000	0.28060000
0.24390000	0.25920000
0.22860000	0.24000000
0.21340000	0.22270000
0.19820000	0.20700000
0.19050000	0.23370000
0.18290000	0.18010000
0.17530000	0.18550000
0.16770000	0.17330000
0.16000000	0.16230000
0.22860000	0.26000000
0.24390000	0.27630000
0.19820000	0.25890000
0.18290000	0.26180000
0.16770000	0.24220000
0.16770000	0.22490000
0.17530000	0.24130000
0.17530000	0.24310000
0.16770000	0.20750000
0.14480000	0.21640000
0.13720000	0.20120000
0.12960000	0.18740000
0.12190000	0.17490000
0.11430000	0.16360000
0.10670000	0.15340000
0.10670000	0.14410000
0.09910000	0.13560000
0.09910000	0.12780000
0.09910000	0.15480000
0.12190000	0.11430000
0.11430000	0.15380000
0.13720000	0.10790000
0.12960000	0.17810000
0.12190000	0.16330000
0.10670000	0.15290000
0.09910000	0.14390000
0.10670000	0.16720000
0.11430000	0.15520000
0.14480000	0.25520000
0.19050000	0.83360000
0.23630000	0.41960000
0.19050000	0.41330000
0.17530000	0.37870000
0.16770000	0.39760000
0.35060000	0.57150000
1.03650000	0.44570000
0.49540000	0.44140000
0.36580000	0.40480000
0.34300000	0.37200000
0.29720000	0.34250000
0.25150000	0.31590000
0.22860000	0.29200000
0.21340000	0.27050000
0.19820000	0.25100000
0.18290000	0.23350000
0.16770000	0.21760000
0.16000000	0.20320000
0.15240000	0.19020000
0.14480000	0.17830000
0.13720000	0.16760000
0.12960000	0.15780000
0.12190000	0.14880000
0.11430000	0.14070000
0.09910000	0.13320000
0.09910000	0.12630000
0.09150000	0.12010000
0.08380000	0.11430000
0.07620000	0.10890000
0.07620000	0.10400000
0.07240000	0.09940000
0.06710000	0.09520000
0.06400000	0.09130000
0.06020000	0.08760000
0.05640000	0.08420000
0.05330000	0.08100000
0.04880000	0.07800000
0.04120000	0.07510000
0.03350000	0.07250000
0.02210000	0.07000000
0.01140000	0.06760000
0.00910000	0.06540000
0.00550000	0.06330000
0.00410000	0.06130000
0.00310000	0.05930000
0.00250000	0.05750000
0.00180000	0.05580000
0.00240000	0.05410000
0.00380000	0.05250000
0.00410000	0.05100000
0.00240000	0.04950000
0.00230000	0.04810000
0.00180000	0.04680000
0.00180000	0.04550000
0.00140000	0.04420000
0.00140000	0.04300000
0.00110000	0.04180000
0.00100000	0.04070000
0.00100000	0.03960000
0.00100000	0.03850000
0.00110000	0.03750000
0.00100000	0.03650000
0.00110000	0.03560000
0.00140000	0.03460000
0.00160000	0.03370000
0.00140000	0.03290000
0.00180000	0.03200000
0.00180000	0.03120000
0.00180000	0.03040000
0.00230000	0.02960000
0.00270000	0.02880000
0.00310000	0.02810000
0.00290000	0.10310000
0.00300000	0.06570000
0.00290000	0.10030000
0.00280000	0.09260000
0.00310000	0.08560000
0.00370000	0.07930000
0.00430000	0.07360000
0.00570000	0.06850000
0.00910000	0.06960000
0.00910000	0.05960000
0.00840000	0.05580000
0.00990000	0.05240000
0.01140000	0.09850000
0.01300000	0.20750000
0.00910000	0.18580000
0.00670000	0.19890000
0.00610000	0.18180000
0.00610000	0.16650000
0.00580000	0.15270000
0.00500000	0.14030000
0.00500000	0.12920000
0.00500000	0.11920000
0.00500000	0.11020000
0.00340000	0.10210000
0.00270000	0.09480000
0.00270000	0.08810000
0.00270000	0.08330000
0.00270000	0.07670000
0.00230000	0.07180000
0.00230000	0.06740000
0.00250000	0.06330000
0.00230000	0.05960000
0.00250000	0.05630000
0.00250000	0.06150000
0.00230000	0.05040000
0.00230000	0.04780000
0.00230000	0.04540000
0.00210000	0.04320000
0.00180000	0.04120000
0.00180000	0.03930000
0.00180000	0.03760000
0.00180000	0.03600000
0.01300000	0.19850000
0.00240000	0.16030000
0.00160000	0.19040000
0.00140000	0.17410000
0.00110000	0.15950000
0.00110000	0.14640000
0.00110000	0.13470000
0.09910000	1.04860000
0.02130000	0.60180000
0.04040000	0.56450000
0.04420000	0.51800000
0.03960000	0.47180000
0.03350000	0.43050000
0.02970000	0.39340000
0.02360000	0.36020000
0.02360000	0.33030000
0.02670000	0.30350000
0.02130000	0.31370000
0.02290000	0.25780000
0.02520000	0.24500000
0.02670000	0.22680000
0.03580000	0.26750000
0.03120000	0.22680000
0.02820000	0.24160000
0.02670000	0.22380000
0.02670000	0.20770000
0.03350000	0.19320000
0.03050000	0.18580000
0.03050000	0.16810000
0.03050000	0.15880000
0.03050000	0.15900000
0.03120000	0.15280000
0.02670000	0.14410000
0.02290000	0.12310000
0.02290000	0.17010000
0.02290000	0.14590000
0.02210000	0.16900000
0.02360000	0.15770000
0.02210000	0.14740000
0.02130000	0.13800000
0.02360000	0.12960000
0.02440000	0.12180000
0.02360000	0.11480000
0.02290000	0.12280000
0.01980000	0.10250000
0.02210000	0.09720000
0.02210000	0.09220000
0.01980000	0.08770000
0.01600000	0.08350000
0.01600000	0.07970000
0.01750000	0.07610000
0.01830000	0.07280000
0.01520000	0.06980000
0.01300000	0.06690000
0.01370000	0.06430000
0.01600000	0.06180000
0.01830000	0.05940000
0.01980000	0.05850000
0.01910000	0.05520000
0.01600000	0.05330000
0.01680000	0.05150000
0.01910000	0.06950000
0.01300000	0.04810000
0.01300000	0.04660000
0.01600000	0.04510000
0.01980000	0.04930000
0.01830000	0.06920000
0.01600000	0.04110000
0.01600000	0.05510000
0.01750000	0.05250000
0.03200000	0.13280000
0.02290000	0.15950000
0.01910000	0.15820000
0.01600000	0.16830000
0.01600000	0.15480000
0.01600000	0.14260000
0.01600000	0.13170000
0.01600000	0.12180000
0.01370000	0.11290000
0.01300000	0.10480000
0.01600000	0.09760000
0.01910000	0.09100000
0.02360000	0.08510000
0.01980000	0.07970000
0.01600000	0.07480000
0.01750000	0.07030000
0.01600000	0.06630000
0.01600000	0.06250000
0.01370000	0.05920000
0.01520000	0.05610000
0.01520000	0.05320000
0.01300000	0.05060000
0.01370000	0.07010000
0.01300000	0.04600000
0.01450000	0.04390000
0.01300000	0.04200000
0.01220000	0.04020000
0.01070000	0.03860000
0.01070000	0.03700000
0.01370000	0.06390000
0.01600000	0.08260000
0.01750000	0.14050000
0.01600000	0.16780000
0.02210000	0.20520000
0.01750000	0.19750000
0.01370000	0.20140000
0.01370000	0.19380000
0.01070000	0.17760000
0.01220000	0.18030000
0.01070000	0.14990000
0.01070000	0.13820000
0.01070000	0.12760000
0.01070000	0.11810000
0.00990000	0.10950000
0.00840000	0.10170000
0.00840000	0.09470000
0.00840000	0.08830000
0.00840000	0.08260000
0.00840000	0.07740000
0.00990000	0.08550000
0.01220000	0.10970000
0.01140000	0.11270000
0.01070000	0.11700000
0.00910000	0.12880000
0.00760000	0.11910000
0.00840000	0.11030000
0.00840000	0.10230000
0.00840000	0.09510000
0.00990000	0.08860000
0.01070000	0.08280000
0.01370000	0.09610000
0.01370000	0.07570000
0.13720000	0.29440000
0.07010000	0.25770000
0.05330000	0.27560000
0.04650000	0.25190000
0.04120000	0.23060000
0.04040000	0.21150000
0.04190000	0.19500000
0.04730000	0.25460000
0.04270000	0.20600000
0.03660000	0.23050000
0.03510000	0.21180000
0.03350000	0.19500000
0.03350000	0.17990000
0.03350000	0.16630000
0.03430000	0.15400000
0.03960000	0.20330000
0.03350000	0.15870000
0.03350000	0.17290000
0.03730000	0.16010000
0.04340000	0.19110000
0.04570000	0.13800000
0.05490000	0.18220000
0.06780000	0.33390000
0.07090000	0.30610000
0.07620000	0.32280000
0.07620000	0.29580000
0.08380000	0.27160000
0.07620000	0.24980000
0.07550000	0.23020000
0.07620000	0.21260000
0.07620000	0.19670000
0.07090000	0.19280000
0.07010000	0.16950000
0.07160000	0.18360000
0.06780000	0.14720000
0.06710000	0.13760000
0.06550000	0.12890000
0.06330000	0.12100000
0.06330000	0.11380000
0.06330000	0.10730000
0.06250000	0.10130000
0.06330000	0.09590000
0.07240000	0.09090000
0.06400000	0.11280000
0.06330000	0.08200000
0.06330000	0.07810000
0.06250000	0.07460000
0.06100000	0.07120000
0.06170000	0.06820000
0.06100000	0.07530000
0.06020000	0.06260000
0.06020000	0.06020000
0.06170000	0.05780000
0.05870000	0.09490000
0.05940000	0.05360000
0.05720000	0.06620000
0.05940000	0.06300000
0.06020000	0.06000000
0.05940000	0.05730000
0.05790000	0.05480000
0.05720000	0.07370000
0.05720000	0.05030000
0.05720000	0.04830000
0.05560000	0.04640000
0.05330000	0.04460000
0.05490000	0.04300000
0.05870000	0.18710000
0.05560000	0.20030000
0.05410000	0.18390000
0.05720000	0.24710000
0.05490000	0.21890000
0.05330000	0.22910000
0.05790000	0.20990000
0.05940000	0.19270000
0.05790000	0.17730000
0.05560000	0.16340000
0.05110000	0.15080000
0.04650000	0.13960000
0.04500000	0.12940000
0.04420000	0.12020000
0.21340000	0.11190000
0.19820000	0.43950000
0.35060000	0.59730000
0.26670000	0.62100000
0.22860000	0.60280000
0.19820000	0.54300000
0.20580000	0.50790000
0.17530000	0.46400000
0.15240000	0.42470000
0.12960000	0.38930000
0.12190000	0.35760000
0.11430000	0.32910000
0.10670000	0.30350000
0.10670000	0.28040000
0.09150000	0.25960000
0.08380000	0.24080000
0.08380000	0.22380000
0.12960000	0.32760000
0.09150000	0.27890000
0.07620000	0.29830000
0.07240000	0.27580000
0.07090000	0.25560000
0.07090000	0.23730000
0.06940000	0.22080000
0.06780000	0.20590000
0.06400000	0.19230000
0.06250000	0.18010000
0.06100000	0.16890000
0.04650000	0.18440000
0.04800000	0.14960000
0.04800000	0.14110000
0.05110000	0.13340000
0.05030000	0.17330000
0.05640000	0.13480000
0.05330000	0.14740000
0.04730000	0.13360000
0.04190000	0.12610000
0.03730000	0.11980000
0.04120000	0.13110000
0.04650000	0.10750000
0.04880000	0.10660000
0.03960000	0.11320000
0.03350000	0.15260000
0.03200000	0.11670000
0.02670000	0.13590000
0.02360000	0.12750000
0.02820000	0.11980000
0.02590000	0.11290000
0.01370000	0.10650000
0.01750000	0.10070000
0.01600000	0.09540000
0.01600000	0.09050000
0.01600000	0.08600000
0.01600000	0.08190000
0.01600000	0.07810000
0.01520000	0.07460000
0.01300000	0.07130000
0.01070000	0.06830000
0.01600000	0.06550000
0.01140000	0.06290000
0.00760000	0.06040000
0.00700000	0.05810000
0.00680000	0.05600000
0.00580000	0.05400000
0.00400000	0.05210000
0.00380000	0.05030000
0.00270000	0.04860000
0.00260000	0.04700000
0.00340000	0.04550000
0.00340000	0.04400000
0.00510000	0.04270000
0.00420000	0.04140000
0.00220000	0.04010000
0.00140000	0.03890000
0.00270000	0.03780000
0.00260000	0.03670000
0.00180000	0.03560000
0.00110000	0.03460000
0.00220000	0.03360000
0.00210000	0.03270000
0.00190000	0.03180000
0.00380000	0.03090000
0.00180000	0.03010000
0.00300000	0.02930000
0.00430000	0.02850000
0.01450000	0.02770000
0.00290000	0.02700000
0.00530000	0.02630000
0.00990000	0.41670000
0.01520000	0.59500000
0.00090000	0.53780000
0.00020000	0.52420000
0.00010000	0.47670000
0.00020000	0.43410000
0.00020000	0.39590000
0.00020000	0.42560000
0.00020000	0.35980000
0.00010000	0.35820000
0.00000000	0.32830000
0.00000000	0.30140000
0.00030000	0.27720000
0.00020000	0.29760000
0.00010000	0.28480000
0.00000000	0.25570000
0.00000000	0.25520000
0.00000000	0.23590000
0.00000000	0.21840000
0.00000000	0.20270000
0.00000000	0.18850000
0.00000000	0.17560000
0.00000000	0.16400000
0.00000000	0.16490000
0.00000000	0.16850000
0.00000000	0.13510000
0.00000000	0.12720000
0.00000000	0.12000000
0.00000000	0.11340000
0.00000000	0.10730000
0.00000000	0.16190000
0.00000000	0.39190000
0.00000000	0.49020000
0.00000000	0.44850000
0.00000000	0.43870000
0.00020000	0.41160000
0.00010000	0.41050000
0.00010000	0.38210000
0.00010000	0.40880000
0.00000000	0.36670000
0.00000000	0.36530000
0.00010000	0.33630000
0.00010000	0.31030000
0.00010000	0.28680000
0.00010000	0.26570000
0.00010000	0.24660000
0.00010000	0.22940000
0.00010000	0.21380000
0.00010000	0.19970000
0.00010000	0.18690000
0.00010000	0.17520000
0.00010000	0.16470000
0.00010000	0.15510000
0.00010000	0.14630000
0.00010000	0.13830000
0.00010000	0.13090000
0.00010000	0.12420000
0.00010000	0.11800000
0.00010000	0.11230000
0.00240000	0.10710000
0.22860000	6.17620000
0.21340000	0.78990000
0.09910000	0.75130000
0.06780000	0.68520000
0.04800000	0.62610000
0.04190000	0.57300000
0.03810000	0.52540000
0.05560000	0.58490000
0.05560000	0.55320000
0.04340000	0.55680000
0.06330000	0.55490000
0.12190000	0.65260000
0.09150000	0.60330000
0.08380000	0.59250000
0.07620000	0.54470000
0.07090000	0.50180000
0.06630000	0.46310000
6.03600000	3.73200000
1.32610000	0.70610000
0.50300000	0.68530000
0.42680000	0.62650000
0.35820000	0.57680000
0.30480000	0.53210000
0.28200000	0.49190000
0.25910000	0.45560000
0.24390000	0.42290000
0.22860000	0.39330000
0.22100000	0.36660000
0.72400000	1.69530000
0.51060000	0.52320000
0.37340000	0.50910000
0.33530000	0.47120000
0.31250000	0.43700000
0.28200000	0.40620000
0.26670000	0.37830000
0.25910000	0.35300000
0.25150000	0.33010000
0.25150000	0.30940000
0.23630000	0.33500000
0.25150000	0.31250000
0.25150000	0.29970000
0.23630000	0.29960000
0.24390000	0.32280000
0.23630000	0.26450000
0.22100000	0.29160000
0.20580000	0.27360000
0.19820000	0.25720000
0.19050000	0.24230000
0.19050000	0.22870000
0.18290000	0.21620000
0.18290000	0.20480000
0.17530000	0.19440000
0.16000000	0.18480000
0.16000000	0.17590000
0.15240000	0.16780000
0.15240000	0.16020000
0.16770000	0.18100000
0.16000000	0.14680000
0.15240000	0.14080000
0.15240000	0.13510000
0.16000000	0.12990000
0.16770000	0.12500000
0.19050000	0.18100000
0.21340000	0.21070000
0.19820000	0.20590000
0.19050000	0.21240000
0.19820000	0.19890000
0.20580000	0.20230000
0.43440000	0.30560000
1.59280000	4.43200000
1.05170000	0.50360000
0.86880000	0.49400000
0.76970000	0.45360000
0.70880000	0.41720000
0.64020000	0.38460000
0.57920000	0.35510000
0.53350000	0.32860000
0.51820000	0.30470000
0.48010000	0.28320000
0.44970000	0.26360000
0.44200000	0.24600000
2.81980000	5.18120000
2.38540000	2.99720000
1.79100000	0.50840000
1.57760000	0.49950000
1.35660000	0.45950000
1.22700000	0.42350000
1.15080000	0.39610000
1.04410000	0.36200000
0.94500000	0.33560000
0.93740000	0.32190000
0.80780000	0.29040000
0.76970000	0.27100000
0.73160000	0.25340000
0.70880000	0.23740000
0.68590000	0.22290000
0.67070000	0.20970000
0.67830000	0.26300000
0.61730000	0.21970000
0.58680000	0.23950000
0.57920000	0.22430000
0.57160000	0.22050000
0.54870000	0.19790000
0.51820000	0.18650000
0.50300000	0.17600000
0.47250000	0.16650000
0.47250000	0.15770000
0.44970000	0.14970000
0.44200000	0.14230000
0.44970000	0.13940000
0.47250000	0.15510000
0.46490000	0.12350000
0.41920000	0.11810000
0.38110000	0.11310000
0.36580000	0.10850000
0.35820000	0.10420000
0.35060000	0.10010000
0.33530000	0.09640000
0.32010000	0.09280000
0.30480000	0.08950000
0.29720000	0.08640000
0.27440000	0.08340000
0.27440000	0.08060000
0.25150000	0.07800000
0.23630000	0.07550000
0.24390000	0.07310000
0.23630000	0.07080000
0.22100000	0.06860000
0.22100000	0.08720000
0.22100000	0.07460000
0.22860000	0.06520000
0.22860000	0.06090000
0.21340000	0.05910000
0.19820000	0.05750000
0.19820000	0.05580000
0.18290000	0.05430000
0.18290000	0.05280000
0.18290000	0.05130000
0.18290000	0.05000000
0.16770000	0.04860000
0.16770000	0.08060000
0.18290000	0.13360000
0.22860000	0.12890000
0.21340000	0.17160000
0.19820000	0.14010000
0.19050000	0.16220000
0.19050000	0.16000000
0.19820000	0.13780000
0.19820000	0.15690000
0.19050000	0.14510000
0.20580000	0.19550000
0.20580000	0.15600000
0.19820000	0.17540000
0.20580000	0.16190000
0.21340000	0.14970000
0.22100000	0.13870000
0.67070000	1.68130000
0.58680000	0.26280000
0.45730000	0.27390000
0.46490000	0.26520000
0.44970000	0.22370000
0.43440000	0.20750000
0.42680000	0.19150000
0.41150000	0.17700000
0.39630000	0.16400000
0.38870000	0.15220000
0.37340000	0.14160000
0.35820000	0.13200000
0.36580000	0.12330000
0.35820000	0.11540000
0.32770000	0.10820000
0.31250000	0.10170000
0.32010000	0.09770000
0.31250000	0.09060000
0.30480000	0.10790000
0.31250000	0.08090000
0.29720000	0.07680000
0.29720000	0.07300000
0.35820000	0.12100000
3.50580000	3.02180000
2.05770000	0.82210000
1.29560000	0.35020000
0.96790000	0.34520000
0.89930000	0.31580000
0.86120000	0.28950000
0.68590000	0.28810000
0.57160000	0.24460000
0.51820000	0.22550000
0.48010000	0.20830000
0.45730000	0.19280000
0.45730000	0.17880000
0.44970000	0.16620000
0.44200000	0.23350000
0.44200000	0.22900000
0.44200000	0.42980000
0.44970000	0.29380000
0.44200000	0.30460000
0.40390000	0.29350000
0.38110000	0.25800000
0.36580000	0.23820000
0.35820000	0.22030000
0.34300000	0.20420000
0.32770000	0.18960000
0.32010000	0.17650000
0.30480000	0.16460000
0.28960000	0.15380000
0.26670000	0.14410000
0.25910000	0.13520000
0.25910000	0.12710000
0.25150000	0.11980000
0.24390000	0.11300000
0.24390000	0.13230000
0.67830000	1.26340000
0.50300000	0.31740000
0.32010000	0.31760000
0.28200000	0.29180000
0.26670000	0.26860000
0.26670000	0.24780000
0.25150000	0.22900000
0.23630000	0.21210000
0.22100000	0.19680000
0.21340000	0.18300000
0.25910000	0.21560000
0.22100000	0.15930000
0.19050000	0.17340000
0.17530000	0.16180000
0.16770000	0.15120000
0.16770000	0.14170000
0.17530000	0.19230000
0.18290000	0.14980000
0.16770000	0.16490000
0.19050000	0.24660000
0.22100000	0.20310000
0.55630000	0.40450000
25.91210000	8.34810000
10.66970000	3.42100000
19.05300000	3.86990000
3.92490000	0.89430000
2.85030000	0.84200000
2.48450000	0.76820000
2.24060000	0.70200000
2.03490000	0.64270000
1.82150000	0.58940000
1.60810000	0.54150000
1.35660000	0.49850000
1.24990000	0.45980000
1.21940000	2.70670000
1.31080000	0.57290000
1.17370000	0.55570000
1.06700000	0.51200000
0.90690000	0.47270000
0.83070000	0.43730000
0.76210000	0.40540000
0.73160000	0.37660000
0.72400000	0.35060000
0.67070000	0.32700000
0.60210000	0.30570000
0.54110000	0.28630000
0.49540000	0.26870000
0.45730000	0.25270000
0.41920000	0.23810000
0.38110000	0.22480000
0.36580000	0.21290000
0.34300000	0.20150000
0.39630000	3.61910000
0.43440000	0.49200000
0.35820000	0.48890000
0.32010000	0.45100000
0.30480000	0.41690000
0.28960000	0.40800000
0.27440000	0.35840000
0.25910000	0.33330000
0.35060000	0.31070000
0.28200000	0.29010000
0.23630000	0.27150000
0.21340000	0.25460000
0.19050000	0.23930000
0.17530000	0.22530000
0.16000000	0.21250000
0.15240000	0.20090000
0.14480000	0.24730000
0.13720000	0.20330000
0.12960000	0.21490000
0.12190000	0.20250000
0.11430000	0.19120000
0.10670000	0.18080000
0.09910000	0.17130000
0.09910000	0.16260000
0.09150000	0.15460000
0.08380000	0.14720000
0.07620000	0.14050000
0.07620000	0.13420000
0.07620000	0.12830000
0.07320000	0.12290000
0.06710000	0.11790000
0.06330000	0.11320000
0.07550000	0.18350000
0.07160000	0.20580000
0.07550000	0.20690000
0.07620000	0.23630000
0.09910000	0.18810000
0.09150000	0.19850000
0.08380000	0.18540000
0.07390000	0.17360000
0.07010000	0.16280000
0.06100000	0.15300000
0.05490000	0.14410000
0.04800000	0.13600000
0.04650000	0.12860000
0.04730000	0.14050000
0.04040000	0.11560000
0.03580000	0.10980000
0.03580000	0.12480000
0.03050000	0.09970000
0.02740000	0.09520000
0.02590000	0.09110000
0.02360000	0.08720000
0.02060000	0.08360000
0.02130000	0.08030000
0.01980000	0.07710000
0.01980000	0.07420000
0.02130000	0.07150000
0.01910000	0.06890000
0.01830000	0.06650000
0.02210000	0.08330000
0.01980000	0.07250000
0.01680000	0.06000000
0.09910000	0.09650000
0.17530000	0.10440000
0.09910000	0.08710000
0.07470000	0.10160000
0.06020000	0.09540000
0.05260000	0.08970000
0.04500000	0.08450000
0.04420000	0.07980000
0.05330000	0.21590000
0.04040000	0.17620000
0.03960000	0.19850000
0.04040000	0.18260000
0.03660000	0.16850000
0.03350000	0.15570000
0.04340000	0.17340000
0.04950000	0.13390000
0.04500000	0.12450000
0.04270000	0.11610000
0.02900000	0.10840000
0.02820000	0.10150000
0.04120000	0.29410000
0.04340000	0.30590000
0.04040000	0.50290000
0.02670000	0.45660000
0.02820000	0.45150000
0.02900000	0.41230000
0.02820000	0.37710000
0.02820000	0.34550000
0.03050000	0.31720000
0.02590000	0.29170000
0.02360000	0.26880000
0.02520000	0.24880000
0.02440000	0.28320000
0.02440000	0.21950000
0.02520000	0.24170000
0.02360000	0.22660000
0.01750000	0.21290000
0.01750000	0.20040000
0.01750000	0.18900000
0.01520000	0.17860000
0.01910000	0.16910000
0.01600000	0.16040000
0.01220000	0.15230000
0.01520000	0.14500000
0.01450000	0.13820000
0.01220000	0.13190000
0.01520000	0.12610000
0.01450000	0.12070000
0.01680000	0.11570000
0.01680000	0.11100000
0.01220000	0.10670000
0.00840000	0.10260000
0.01140000	0.09880000
0.01140000	0.09520000
0.01140000	0.09180000
0.01300000	0.08870000
0.01450000	0.08570000
0.01600000	0.08280000
0.01220000	0.08010000
0.01600000	0.07760000
0.01910000	0.09620000
0.04880000	0.23060000
0.18290000	4.67330000
0.04950000	0.69030000
0.02740000	0.66670000
0.02820000	0.62280000
0.03660000	0.56870000
0.03510000	0.51850000
0.03120000	0.47560000
0.02520000	0.44300000
0.02360000	0.40750000
0.02740000	0.37560000
0.02060000	0.34690000
0.01910000	0.32100000
0.01980000	0.29770000
0.01980000	0.27660000
0.01980000	0.25750000
0.02740000	0.24030000
0.03200000	0.27100000
0.03510000	0.32350000
0.02970000	0.30620000
0.02970000	0.31230000
0.02970000	0.28960000
0.03120000	0.26920000
0.02970000	0.25070000
0.02970000	0.23390000
0.02970000	0.21880000
0.03050000	0.20500000
0.03350000	0.19250000
0.03050000	0.18110000
0.03120000	0.17070000
0.03430000	0.16130000
0.04420000	0.15260000
0.04270000	0.14470000
0.04730000	0.13740000
0.04340000	0.13070000
0.04500000	0.12450000
0.04420000	0.11880000
0.04040000	0.11350000
0.04190000	0.11140000
0.03960000	0.12690000
0.03730000	0.09990000
0.03810000	0.09590000
0.04270000	0.09230000
0.04270000	0.08880000
0.04270000	0.08560000
0.04270000	0.08250000
0.04040000	0.07970000
0.04120000	0.09730000
0.04190000	0.10800000
0.03510000	0.07200000
0.03510000	0.10900000
0.03510000	0.10310000
0.03580000	0.09760000
0.03510000	0.09260000
0.03510000	0.08800000
0.03580000	0.08370000
0.03510000	0.07980000
0.03510000	0.07620000
0.03510000	0.07290000
0.03510000	0.06980000
0.03510000	0.07700000
0.03510000	0.06420000
0.03430000	0.06170000
0.02970000	0.05940000
0.02970000	0.05720000
0.03050000	0.05510000
0.03200000	0.05320000
0.02970000	0.05130000
0.02970000	0.04960000
0.02970000	0.04800000
0.02970000	0.04640000
0.02970000	0.04490000
0.02900000	0.04350000
0.02590000	0.04220000
0.02440000	0.04090000
0.02440000	0.03970000
0.02520000	0.03850000
0.02290000	0.03740000
0.02520000	0.03630000
0.02440000	0.03530000
0.01980000	0.03430000
0.01980000	0.03340000
0.02360000	0.03240000
0.02590000	0.03150000
0.02590000	0.03070000
0.02820000	0.02990000
0.02520000	0.02910000
0.02820000	0.02830000
0.02740000	0.02750000
0.02440000	0.02680000
0.02670000	0.02610000
0.02970000	0.02540000
0.02820000	0.02480000
0.02740000	0.02410000
0.02670000	0.02500000
0.01980000	0.02440000
0.02060000	0.02370000
0.02290000	0.02310000
0.02590000	0.05320000
0.02970000	0.02060000
0.02970000	0.02760000
0.02970000	0.02640000
0.02970000	0.02520000
0.02970000	0.02420000
0.02820000	0.02320000
0.02740000	0.02230000
0.02740000	0.02140000
0.02740000	0.02060000
0.02670000	0.01990000
0.02670000	0.01910000
0.02740000	0.01850000
0.02740000	0.01780000
0.02740000	0.01720000
0.02670000	0.01670000
0.02670000	0.01610000
0.02670000	0.01560000
0.02360000	0.01510000
0.02670000	0.01470000
0.02740000	0.01420000
0.02740000	0.01380000
0.02520000	0.01340000
0.02670000	0.04380000
0.02970000	0.10460000
0.02740000	0.09520000
0.02520000	0.12900000
0.02440000	0.11760000
0.02740000	0.12600000
0.02740000	0.09810000
0.02360000	0.08980000
0.02060000	0.08240000
0.01980000	0.07570000
0.01830000	0.06980000
0.01750000	0.06440000
0.01830000	0.05950000
0.02130000	0.05510000
0.02210000	0.05120000
0.02360000	0.04760000
0.02440000	0.04440000
0.02520000	0.07490000
0.02210000	0.03880000
0.01750000	0.04050000
0.01830000	0.03790000
0.01830000	0.03560000
0.01910000	0.03340000
0.02060000	0.03150000
0.02060000	0.02970000
0.01980000	0.02810000
0.01830000	0.02660000
0.01680000	0.07640000
0.01600000	0.07040000
0.01750000	0.07530000
0.01910000	0.08820000
0.01980000	0.08090000
0.01980000	0.07440000
0.01830000	0.06850000
0.01750000	0.06320000
0.01910000	0.05850000
0.01980000	0.05420000
0.01980000	0.20620000
0.01220000	0.16630000
0.01070000	0.19250000
0.00910000	0.17550000
0.00750000	0.16030000
0.00840000	0.14660000
0.00840000	0.13440000
0.00760000	0.12340000
0.00740000	0.11350000
0.00760000	0.10460000
0.00690000	0.09660000
0.00690000	0.08940000
0.00610000	0.08290000
0.00610000	0.07700000
0.00530000	0.07170000
0.00460000	0.06690000
0.00450000	0.06250000
0.00480000	0.09550000
0.00430000	0.05500000
0.00430000	0.06190000
0.00370000	0.05800000
0.00370000	0.05440000
0.00360000	0.05110000
0.00400000	0.14600000
0.00350000	0.10920000
0.00180000	0.13300000
0.00280000	0.12220000
0.00270000	0.11250000
0.00270000	0.10370000
0.00260000	0.09580000
0.00250000	0.08870000
0.00250000	0.08230000
0.00210000	0.07650000
0.00210000	0.10910000
0.00210000	0.06650000
0.00210000	0.10640000
0.00210000	0.06900000
0.00210000	0.07330000
0.00210000	0.06830000
0.00210000	0.06380000
0.00210000	0.05970000
0.00200000	0.05600000
0.00190000	0.05270000
0.00180000	0.04960000
0.00190000	0.04680000
0.00200000	0.04420000
0.00200000	0.04190000
0.00200000	0.03970000
0.00180000	0.03780000
0.00180000	0.03590000
0.00180000	0.03430000
0.00150000	0.03270000
0.00150000	0.21580000
0.00150000	0.17550000
0.00140000	0.27390000
0.00140000	0.22100000
0.00110000	0.27150000
0.00100000	0.22090000
0.00090000	0.25200000
0.00100000	0.24360000
0.00080000	0.21700000
0.00070000	0.21360000
0.00090000	0.19580000
0.00070000	0.22220000
0.00040000	0.16550000
0.00020000	0.17220000
0.00050000	0.15870000
0.00040000	0.14660000
0.00050000	0.13560000
0.00050000	0.12570000
0.00050000	0.11680000
0.00060000	0.10870000
0.00060000	0.10140000
0.00070000	0.09480000
0.00070000	0.08880000
0.00060000	0.08340000
0.00080000	0.07840000
0.00090000	0.07390000
0.00090000	0.06980000
0.00080000	0.06600000
0.00100000	0.09580000
0.00100000	0.22080000
0.00070000	0.32320000
0.00050000	0.29280000
0.00040000	0.29480000
0.00020000	0.26960000
0.00020000	0.24700000
0.00020000	0.22670000
0.00020000	0.20850000
0.00010000	0.19210000
0.00010000	0.17730000
0.00010000	0.16410000
0.00010000	0.15210000
0.00010000	0.14130000
0.00020000	0.13150000
0.00020000	0.12260000
0.00020000	0.13660000
0.00060000	0.10740000
0.00040000	0.10080000
0.00050000	0.09480000
0.00050000	0.08930000
0.00050000	0.08430000
0.00070000	0.07970000
0.00080000	0.07550000
0.00080000	0.07170000
0.00080000	0.06820000
0.00100000	0.06490000
0.00140000	0.06190000
0.00200000	0.05920000
0.00240000	0.05660000
0.00240000	0.05420000
0.00280000	0.05200000
0.00270000	0.04990000
0.00170000	0.04800000
0.00320000	0.04620000
0.00190000	0.04450000
0.00120000	0.04290000
0.00040000	0.04140000
0.00010000	0.04000000
0.00010000	0.03870000
0.00010000	0.03740000
0.00020000	0.03620000
0.00020000	0.03500000
0.00000000	0.03400000
0.00000000	0.03290000
0.00000000	0.03190000
0.00000000	0.03100000
0.00000000	0.03010000
0.00000000	0.07410000
0.00000000	0.02840000
0.00010000	0.05170000
0.00000000	0.19010000
0.00000000	0.15150000
0.00000000	0.17500000
0.00000000	0.16010000
0.00000000	0.14680000
0.00000000	0.13480000
0.00000000	0.12410000
0.00000000	0.11440000
0.00000000	0.23870000
0.00020000	0.47200000
0.00000000	0.56070000
0.00000000	0.56580000
0.00000000	0.51740000
0.00000000	0.50540000
0.00010000	0.48230000
0.00020000	0.49500000
0.01140000	0.62480000
0.04570000	0.70230000
0.01370000	0.63730000
0.00670000	0.61110000
0.00500000	0.66670000
0.00470000	0.58580000
0.00430000	0.57420000
0.00430000	0.52600000
0.00430000	0.48260000
0.00490000	0.50930000
0.00490000	0.52090000
0.00530000	0.47150000
0.00540000	0.45370000
0.00550000	0.41820000
0.00550000	0.38630000
0.00740000	0.38820000
0.00720000	0.33150000
0.00640000	0.30810000
0.00690000	0.28690000
0.00840000	0.30190000
0.02130000	0.39110000
0.02060000	0.45240000
0.01680000	0.41830000
0.01300000	0.41370000
0.01220000	0.38230000
0.01220000	0.37680000
0.01140000	0.32860000
0.01300000	0.31480000
0.01070000	0.29150000
0.00990000	0.26590000
0.00910000	0.24880000
0.00910000	0.23330000
0.00840000	0.21920000
0.00760000	0.20640000
0.00910000	0.19470000
0.01300000	0.18400000
0.00910000	0.20250000
0.00910000	0.16520000
0.00840000	0.15700000
0.00710000	0.14940000
0.00660000	0.14240000
0.00650000	0.13600000
0.00600000	0.13000000
0.00550000	0.12450000
0.00480000	0.11930000
0.00410000	0.11450000
0.00430000	0.11000000
0.00430000	0.10580000
0.00480000	0.10190000
0.00440000	0.09820000
0.00430000	0.09470000
0.00430000	0.09150000
0.00340000	0.10340000
0.00270000	0.08550000
0.00240000	0.08270000
0.00230000	0.09700000
0.00220000	0.07750000
0.00220000	0.07520000
0.00240000	0.22590000
0.00240000	0.19620000
0.00240000	0.22200000
0.00250000	0.20540000
0.00280000	0.19050000
0.00240000	0.17700000
0.00240000	0.16480000
0.00240000	0.15380000
0.00240000	0.14380000
0.00240000	0.13470000
0.00280000	0.23400000
0.00260000	0.19260000
0.00240000	0.21610000
0.00200000	0.20000000
0.00190000	0.18540000
0.00180000	0.17230000
0.00180000	0.16040000
0.00180000	0.14970000
0.00180000	0.14000000
0.00180000	0.17110000
0.00150000	0.13700000
0.00140000	0.13420000
0.00140000	0.13570000
0.00130000	0.12710000
0.00110000	0.11930000
0.00110000	0.11220000
0.00110000	0.10570000
0.00150000	0.30120000
0.00130000	0.33080000
0.00140000	0.31490000
0.00140000	0.30740000
0.00150000	0.30940000
0.00180000	0.47290000
0.00220000	0.44900000
0.00210000	0.43770000
0.00210000	0.40690000
0.00190000	0.37310000
0.00200000	0.34280000
0.00210000	0.36850000
0.00210000	0.31940000
0.00220000	0.32300000
0.00340000	0.29790000
0.00360000	0.27540000
0.00340000	0.25510000
0.00310000	0.23680000
0.00300000	0.22020000
0.00310000	0.20520000
0.00320000	0.19170000
0.00390000	0.55240000
0.00660000	0.52350000
0.00990000	0.47590000
0.01450000	0.46400000
0.01520000	0.42600000
0.01220000	0.39180000
0.01070000	0.36100000
0.01140000	0.33340000
0.01140000	0.30840000
0.01300000	0.28590000
0.01370000	0.26560000
0.01520000	0.25760000
0.01680000	0.23070000
0.01520000	0.21570000
0.01370000	0.20200000
0.01300000	0.18960000
0.01520000	0.17830000
0.01520000	0.16810000
0.01600000	0.15870000
0.01680000	0.15010000
0.01910000	0.14230000
0.01910000	0.13510000
0.02520000	0.12840000
0.03730000	0.17520000
0.03960000	0.11820000
0.03580000	0.15240000
0.04190000	0.17170000
0.04340000	0.18190000
0.04650000	0.18810000
0.04340000	0.19300000
0.04420000	0.18360000
0.04650000	0.18520000
0.04650000	0.23220000
0.04730000	0.24930000
0.04570000	0.25540000
0.04880000	0.30920000
0.05490000	0.35980000
0.05410000	0.35180000
0.05260000	0.33190000
0.05410000	0.32210000
0.05490000	0.29700000
0.05110000	0.27440000
0.05330000	0.25410000
0.05490000	0.23580000
0.04570000	0.21920000
0.04570000	0.20420000
0.05110000	0.19070000
0.04650000	0.17840000
0.04420000	0.16720000
0.04500000	0.15710000
0.04420000	0.14780000
0.04420000	0.13940000
0.04270000	0.13170000
0.04800000	0.12470000
0.05260000	0.18760000
0.04190000	0.15500000
0.04800000	0.18160000
0.04880000	0.16430000
0.04950000	0.16320000
0.08380000	0.27710000
0.16000000	1.55150000
0.19820000	0.40390000
0.18290000	0.40180000
0.16770000	0.35840000
0.16000000	0.34350000
0.16000000	0.31620000
0.16770000	0.29510000
0.42680000	0.86970000
0.47250000	0.39220000
0.36580000	0.37110000
0.32010000	0.35630000
0.31250000	0.33370000
0.33530000	0.34150000
0.43440000	0.37380000
0.45730000	0.35440000
0.43440000	0.35790000
0.42680000	0.33020000
0.44970000	0.33810000
0.42680000	0.28290000
0.41150000	0.27130000
0.41150000	0.25210000
0.38110000	0.23480000
0.37340000	0.21920000
0.41150000	0.23460000
0.44970000	0.22980000
0.41920000	0.21480000
0.44200000	0.21910000
0.90690000	1.31910000
0.82310000	0.31800000
0.72400000	0.31850000
0.65540000	0.29460000
0.65540000	0.27290000
0.68590000	0.28020000
0.65540000	0.24560000
0.59450000	0.21990000
0.56400000	0.20540000
0.54870000	0.19230000
0.51820000	0.18040000
0.49540000	0.16960000
0.48010000	0.15980000
0.50300000	0.15180000
0.57160000	0.24020000
0.49540000	0.19930000
0.47250000	0.21890000
0.44200000	0.20390000
0.42680000	0.19040000
0.40390000	0.17910000
0.41920000	0.18780000
0.42680000	0.21370000
0.57920000	2.20930000
6.20370000	7.56670000
5.85310000	5.60930000
2.86560000	1.49200000
2.29400000	1.56290000
2.09580000	1.42060000
1.94340000	1.29410000
1.82150000	1.17910000
1.75290000	1.08570000
1.54710000	0.98670000
1.40230000	0.90290000
1.31850000	0.82900000
1.23460000	0.76260000
1.12790000	0.70290000
1.02890000	0.64920000
0.95270000	0.60080000
0.90690000	0.55730000
0.82310000	0.52460000
0.79260000	0.50780000
0.72400000	0.44980000
0.65540000	0.42060000
0.62490000	0.39410000
0.86120000	0.42360000
5.04520000	8.44260000
2.37020000	3.17830000
1.90530000	0.70730000
1.67670000	0.66310000
1.59280000	0.61310000
1.53950000	0.56800000
1.49380000	0.52730000
1.40230000	0.49060000
1.34130000	0.45730000
1.28800000	0.42720000
1.23460000	0.39990000
1.21180000	0.37520000
1.15840000	0.35260000
1.31080000	0.36320000
1.28800000	1.63930000
1.03650000	0.43670000
0.92980000	0.43020000
0.86120000	0.40390000
0.77740000	0.37570000
0.72400000	0.35220000
1.41750000	0.44640000
0.71640000	0.39240000
0.59450000	0.40810000
0.53350000	0.38100000
1.62330000	3.00360000
0.83830000	0.53030000
0.69350000	0.52920000
0.85360000	1.40480000
1.02890000	3.09460000
0.78500000	0.65450000
0.70120000	0.62740000
1.95100000	0.57940000
7.01150000	4.09830000
2.06530000	0.67010000
1.73000000	0.65370000
1.48610000	0.60600000
1.24230000	0.55870000
1.10510000	0.51800000
1.00600000	0.48140000
0.85360000	0.44820000
0.76210000	0.41820000
3.50580000	0.39100000
5.33480000	9.77480000
2.55310000	1.23710000
23.62580000	12.31470000
19.89140000	5.94540000
8.07850000	14.87690000
5.41110000	8.86180000
4.35170000	4.29030000
3.71150000	3.90490000
3.42190000	3.60160000
2.85800000	3.24040000
2.47690000	2.98770000
2.21780000	2.73260000
2.02720000	2.50370000
1.82910000	2.29830000
4.77090000	2.18100000
27.51260000	22.39730000
11.43180000	20.28650000
7.26300000	7.55080000
6.05890000	4.51290000
5.38820000	4.15690000
4.75560000	3.80210000
4.29840000	3.48380000
3.88680000	3.19800000
3.46770000	2.94110000
2.97230000	2.71020000
2.53020000	2.50230000
2.32450000	2.31510000
2.11870000	2.14620000
1.93580000	1.99380000
1.73760000	1.85610000
1.49380000	1.73140000
1.21940000	1.61850000
0.99080000	1.51610000
0.86880000	1.42300000
0.76970000	1.33840000
0.67830000	1.26120000
0.60970000	1.19080000
0.57920000	1.12640000
0.52590000	1.06750000
0.48010000	1.01340000
0.42680000	0.96360000
0.37340000	0.91780000
0.34300000	0.87560000
0.32770000	0.83650000
0.29720000	0.80030000
0.28200000	0.78710000
0.25910000	0.73540000
0.24390000	0.70620000
0.22100000	0.67890000
0.21340000	0.65340000
0.20580000	0.62950000
0.19050000	0.60700000
0.18290000	0.58580000
0.16770000	0.56570000
0.18290000	0.64050000
0.17530000	0.58940000
0.16000000	0.59730000
0.16000000	0.57300000
0.15240000	0.55030000
0.13720000	0.52910000
0.12960000	0.50920000
0.12960000	0.49060000
0.15240000	0.64940000
0.16770000	2.30140000
0.15240000	0.83850000
0.13720000	0.80930000
0.12190000	0.75910000
0.11430000	0.71340000
0.09910000	0.67180000
0.09150000	0.63390000
0.09150000	0.59920000
0.08380000	0.56750000
0.07550000	0.53840000
0.07090000	0.51170000
0.06630000	0.48710000
0.06250000	0.46450000
0.06100000	0.44350000
0.05940000	0.42410000
0.05720000	0.40610000
0.05410000	0.38930000
0.05110000	0.37380000
0.05030000	0.35920000
0.04570000	0.34560000
0.04120000	0.33280000
0.03660000	0.32080000
0.03350000	0.30950000
0.03120000	0.29880000
0.03050000	0.28880000
0.02820000	0.27930000
0.02820000	0.34190000
0.02970000	0.29740000
0.02900000	0.32160000
0.02900000	0.30730000
0.02670000	0.29400000
0.02360000	0.28170000
0.02360000	0.27020000
0.02360000	0.25960000
0.01980000	0.24960000
0.01450000	0.24020000
0.01070000	0.23140000
0.00760000	0.22320000
0.00570000	0.21540000
0.00470000	0.20810000
0.00400000	0.20110000
0.00390000	0.19460000
0.00370000	0.18830000
0.00400000	0.18240000
0.01450000	0.19780000
0.03430000	0.27790000
0.01980000	0.29800000
0.01980000	0.28900000
0.01980000	0.28040000
0.01910000	0.26420000
0.01980000	0.24950000
0.01980000	0.23600000
0.01750000	0.22360000
0.01300000	0.21230000
0.01140000	0.20180000
0.01300000	0.19220000
0.01370000	0.18340000
0.01300000	0.17520000
0.01220000	0.16860000
0.01520000	0.21840000
0.01750000	0.34530000
0.02060000	0.48040000
0.01980000	0.64830000
0.01980000	0.81500000
0.01980000	0.88790000
0.02290000	0.91420000
0.02130000	0.83950000
0.01910000	0.79810000
0.01600000	0.73200000
0.01600000	0.67260000
0.01450000	0.61910000
0.01300000	0.57110000
0.01140000	0.52780000
0.01220000	0.48880000
0.01220000	0.45360000
0.01370000	0.42290000
0.01300000	0.39590000
0.01370000	0.36710000
0.01140000	0.34350000
0.01300000	0.32210000
0.01520000	0.30270000
0.01680000	0.28490000
0.01680000	0.26880000
0.01600000	0.25400000
0.01450000	0.24050000
0.01680000	0.22810000
0.01910000	0.21670000
0.02130000	0.20630000
0.02360000	0.19660000
0.02290000	0.18770000
0.02440000	0.17950000
0.02440000	0.17180000
0.02740000	0.16470000
0.03510000	0.27170000
0.02590000	0.23100000
0.04650000	0.44330000
0.04040000	0.49610000
0.03350000	0.47890000
0.03660000	0.46950000
0.05110000	0.43890000
0.05490000	0.40160000
0.05870000	0.38170000
0.06020000	0.35420000
0.07090000	0.32930000
0.08380000	0.30680000
0.07620000	0.28650000
0.08380000	0.26800000
0.07620000	0.25130000
0.09150000	0.23610000
0.09150000	0.22220000
0.09150000	0.20960000
0.09910000	0.19800000
0.07470000	0.22590000
0.09150000	0.17780000
0.09910000	0.18370000
0.09910000	0.17410000
0.10670000	0.21000000
0.10670000	0.18070000
0.09150000	0.19440000
0.09150000	0.18320000
0.10670000	0.17310000
0.10670000	0.18640000
0.10670000	0.15520000
0.12190000	0.15130000
0.12190000	0.14370000
0.12190000	0.13670000
0.12960000	0.13030000
0.12960000	0.12440000
0.12960000	0.11890000
0.13720000	0.11380000
0.12960000	0.10910000
0.12190000	0.10470000
0.12960000	0.10060000
0.60970000	0.24700000
1.30320000	7.05230000
0.56400000	0.61210000
0.43440000	0.62360000
0.37340000	0.58770000
0.31250000	0.55240000
0.31250000	0.56010000
0.30480000	0.50470000
0.29720000	0.48610000
0.26670000	0.44700000
0.25150000	0.41180000
0.22860000	0.38010000
0.22100000	0.35160000
0.22860000	0.33520000
0.22860000	0.30840000
0.22100000	0.28900000
0.21340000	0.28210000
6.08170000	0.86670000
2.59880000	10.00750000
1.53950000	1.32720000
1.24990000	0.69840000
1.07460000	0.64000000
0.97550000	0.58730000
0.87640000	0.54000000
0.78500000	0.49750000
0.73930000	0.45920000
0.70120000	0.42480000
0.63260000	0.39370000
0.58680000	0.36560000
0.53350000	0.34030000
0.50300000	0.31730000
0.49540000	0.29660000
0.51060000	0.27770000
0.48010000	0.26060000
0.45730000	0.24500000
0.43440000	0.23090000
0.41920000	0.21790000
0.40390000	0.20610000
0.37340000	0.19530000
0.35820000	0.18530000
0.35820000	0.17620000
0.34300000	0.16780000
0.96790000	1.39170000
1.37940000	9.04380000
0.86880000	2.45490000
0.72400000	1.57590000
0.67830000	1.43420000
0.72400000	1.35360000
0.84600000	1.32790000
0.74690000	1.43050000
0.72400000	1.44480000
0.70120000	1.32000000
0.79260000	1.24890000
0.79260000	1.17230000
0.75450000	1.27360000
0.81550000	1.39920000
1.13560000	1.26110000
1.82150000	3.40070000
1.77570000	4.39630000
1.67670000	2.24250000
1.56230000	2.29590000
1.49380000	2.09690000
1.38710000	1.91850000
2.77410000	1.75840000
2.72840000	5.07270000
1.83670000	2.14380000
1.70720000	2.25190000
1.67670000	2.06290000
3.63530000	2.93900000
2.08060000	2.06080000
1.91290000	2.07750000
1.80620000	1.90880000
1.71480000	1.75710000
1.62330000	1.62070000
1.56230000	1.49790000
1.47850000	1.38720000
1.34900000	1.28730000
1.34900000	1.20410000
1.40230000	1.13980000
1.18890000	1.04170000
1.04410000	0.97470000
0.99080000	0.91390000
0.96030000	0.85870000
0.96030000	0.82660000
1.02890000	0.79640000
1.10510000	3.36890000
7.92610000	12.96400000
2.82750000	5.67560000
2.29400000	2.54860000
2.13390000	2.33760000
1.96630000	2.14510000
1.85200000	1.97220000
1.76050000	1.81680000
1.67670000	1.67690000
1.59280000	1.55090000
1.50900000	1.43720000
1.43280000	1.33470000
1.37180000	1.24210000
1.29560000	1.15830000
1.22700000	1.08230000
1.18130000	1.01350000
1.69950000	1.99140000
1.24990000	0.97640000
1.12790000	0.95910000
1.04410000	0.90070000
0.97550000	0.84750000
0.93740000	0.79900000
0.90690000	0.75470000
0.87640000	0.71420000
1.04410000	0.73450000
0.89170000	0.66640000
0.79260000	0.65610000
0.75450000	0.62300000
0.73160000	0.59250000
0.70880000	0.56550000
0.68590000	0.53860000
0.65540000	0.51460000
0.62490000	0.49240000
0.57920000	0.47180000
0.56400000	0.45260000
0.54870000	0.43470000
0.52590000	0.41800000
0.49540000	0.40260000
0.47250000	0.38760000
0.45730000	0.37380000
0.43440000	0.36080000
0.41920000	0.34850000
0.42680000	0.33690000
0.43440000	0.36050000
0.41150000	0.31540000
0.37340000	0.31170000
0.35060000	0.30160000
0.32770000	0.29210000
0.31250000	0.30810000
0.30480000	0.27430000
0.30480000	0.26600000
0.28960000	0.25810000
0.27440000	0.25050000
0.25910000	0.24330000
0.23630000	0.23630000
0.22860000	0.22960000
0.19050000	0.22310000
0.16000000	0.21690000
0.15240000	0.21090000
0.14480000	0.20520000
0.13720000	0.19960000
0.14480000	0.19420000
0.14480000	0.18900000
0.13720000	0.18400000
0.12960000	0.17910000
0.12960000	0.17440000
0.12190000	0.16980000
0.12190000	0.16530000
0.11430000	0.16100000
0.10670000	0.15680000
0.10670000	0.15280000
0.09910000	0.14880000
0.09910000	0.14500000
0.09150000	0.21750000
0.09150000	0.17730000
0.08380000	0.20960000
0.07620000	0.19900000
0.07320000	0.18920000
0.06100000	0.18020000
0.05410000	0.17190000
0.05030000	0.16420000
0.04880000	0.15710000
0.04570000	0.15050000
0.04190000	0.16640000
0.03890000	0.13860000
0.03810000	0.13330000
0.03200000	0.12830000
0.02820000	0.12360000
0.03510000	0.22930000
0.03280000	0.19070000
0.03120000	0.21800000
0.03120000	0.20410000
0.02820000	0.19140000
0.02670000	0.18000000
0.02590000	0.16950000
0.02520000	0.16000000
0.02440000	0.15130000
0.02290000	0.14330000
0.02130000	0.13600000
0.02060000	0.12920000
0.01830000	0.12310000
0.02060000	0.11730000
0.02130000	0.11210000
0.02060000	0.10720000
0.02060000	0.10260000
0.01980000	0.09840000
0.02290000	0.10340000
0.02290000	0.13190000
0.01750000	0.08740000
0.01450000	0.10680000
0.01750000	0.10160000
2.85800000	0.48910000
0.56400000	0.48760000
0.18290000	0.45130000
0.09150000	0.43260000
0.06250000	0.39650000
0.05560000	0.36410000
0.04500000	0.33500000
0.03890000	0.30880000
0.03350000	0.28520000
0.03200000	0.26390000
0.02970000	0.24680000
0.02670000	0.22740000
0.02360000	0.21180000
0.02060000	0.19760000
0.02060000	0.18480000
0.02130000	0.17320000
0.01980000	0.16260000
0.01910000	0.15300000
0.01980000	0.14420000
0.01910000	0.13620000
0.01750000	0.12890000
0.01600000	0.12220000
0.01520000	0.11600000
0.01600000	0.11030000
0.01520000	0.10510000
0.01450000	0.10030000
0.01370000	0.09580000
0.01220000	0.09170000
0.01140000	0.08790000
0.01070000	0.08430000
0.01070000	0.08100000
0.01070000	0.07790000
0.01070000	0.07500000
0.01680000	0.18960000
0.01520000	0.16300000
0.01450000	0.18380000
0.01300000	0.17040000
0.01220000	0.15840000
0.01070000	0.14740000
0.00990000	0.13760000
0.00990000	0.12860000
0.00840000	0.12050000
0.01070000	0.12510000
0.00990000	0.10640000
0.01220000	0.11880000
0.01370000	0.11570000
0.01450000	0.10240000
0.01140000	0.08490000
0.00990000	0.08060000
0.02520000	0.34080000
0.03430000	0.74620000
0.05330000	0.79270000
0.10670000	0.72130000
0.05870000	0.68930000
0.04950000	0.62830000
0.04500000	0.57360000
0.04040000	0.52450000
0.03810000	0.48060000
0.03730000	0.44110000
0.03660000	0.40560000
0.03430000	0.37370000
0.03200000	0.34490000
0.02970000	0.31910000
0.02970000	0.30500000
0.02740000	0.27470000
0.02520000	0.25570000
0.02440000	0.23850000
0.02290000	0.22290000
0.02210000	0.20870000
0.05330000	0.41720000
0.55630000	1.31550000
0.49540000	0.77890000
0.32770000	0.71890000
0.61730000	0.72720000
1.08220000	0.78500000
1.53190000	0.89160000
1.02890000	0.81780000
0.80780000	0.78250000
0.67830000	0.71720000
0.57920000	0.65850000
0.51820000	0.60570000
0.47250000	0.55830000
0.42680000	0.51560000
0.38870000	0.47710000
0.35820000	0.44240000
0.33530000	0.41110000
0.31250000	0.38270000
0.28200000	0.35710000
0.25910000	0.33390000
0.24390000	0.31290000
0.22860000	0.29370000
0.22100000	0.27630000
0.20580000	0.26040000
0.19820000	0.24590000
1.32610000	4.68080000
0.73160000	0.63250000
0.48010000	0.62150000
0.40390000	0.57220000
0.37340000	0.52790000
0.35060000	0.48800000
0.32770000	0.45200000
0.30480000	0.41950000
0.28960000	0.39020000
0.27440000	0.36370000
0.25150000	0.33970000
31.24700000	18.24810000
14.48030000	37.99030000
6.53900000	20.01220000
4.90810000	8.70600000
3.97070000	5.86220000
3.59720000	4.80080000
3.32280000	4.44410000
3.12470000	4.04480000
2.73600000	3.68710000
2.43120000	3.36660000
2.20250000	3.07940000
2.08060000	2.82810000
1.94340000	2.58990000
1.80620000	2.38190000
1.69950000	2.19480000
6.85150000	8.14330000
3.23140000	5.49360000
2.70550000	2.48140000
2.40830000	2.45540000
2.68270000	2.42570000
2.34730000	2.27480000
2.38540000	2.44370000
2.31680000	2.56810000
2.23300000	2.40760000
2.10350000	2.32050000
1.92820000	2.14020000
2.02720000	2.01060000
2.33970000	5.39020000
3.26950000	7.03970000
3.48290000	6.11990000
3.21620000	3.24210000
3.01040000	3.28560000
2.66740000	3.01960000
2.43120000	2.78040000
2.26350000	2.57970000
2.13390000	2.37150000
2.02720000	2.19690000
1.94340000	2.03930000
1.85200000	1.89690000
1.75290000	1.76810000
1.63860000	1.65160000
1.57760000	1.54580000
1.51660000	1.44990000
1.44040000	1.36260000
1.32610000	1.28310000
1.21940000	1.21060000
1.15840000	1.14440000
1.13560000	1.08370000
1.11270000	1.06100000
1.01360000	0.97710000
0.94500000	0.93370000
0.86880000	0.89000000
0.78500000	0.84960000
0.73930000	0.81230000
0.92980000	1.20770000
1.07460000	2.56080000
0.92980000	0.85630000
0.80780000	0.85260000
0.74690000	0.81070000
0.70880000	0.77210000
0.67830000	0.73650000
0.64780000	0.70350000
0.64020000	0.67300000
0.63260000	0.64470000
0.60210000	0.61830000
0.59450000	0.59380000
0.54870000	0.57080000
0.54870000	0.55080000
0.54110000	0.53050000
0.52590000	0.51150000
0.51060000	0.49240000
0.51060000	0.47550000
0.50300000	0.45960000
0.48780000	0.44450000
0.46490000	0.43020000
0.46490000	0.41660000
0.46490000	0.40370000
0.44970000	0.39130000
0.41920000	0.37960000
0.40390000	0.36830000
0.40390000	0.35750000
0.40390000	0.34710000
0.38870000	0.33720000
0.39630000	0.32770000
0.36580000	0.31850000
0.35060000	0.30960000
0.35060000	0.30110000
0.35060000	0.29290000
0.34300000	0.28490000
0.32010000	0.27720000
0.30480000	0.26980000
0.31250000	0.26260000
0.30480000	0.25570000
0.28960000	0.24890000
0.28200000	0.24240000
0.28200000	0.23610000
0.28960000	0.22990000
0.27440000	0.22400000
0.25910000	0.21820000
0.24390000	0.21250000
0.24390000	0.20710000
0.24390000	0.20170000
0.24390000	0.19660000
0.24390000	0.19160000
0.24390000	0.18920000
0.23630000	0.20740000
0.22100000	0.17730000
0.21340000	0.17280000
0.21340000	0.16840000
0.21340000	0.16420000
0.20580000	0.16000000
0.21340000	0.15600000
0.21340000	0.15200000
0.20580000	0.14820000
0.19050000	0.14440000
0.19050000	0.14080000
0.18290000	0.13730000
0.18290000	0.13380000
0.16770000	0.13050000
0.16000000	0.12720000
0.16000000	0.12400000
0.16000000	0.12090000
0.16000000	0.11780000
0.16000000	0.11490000
0.15240000	0.11200000
0.14480000	0.10920000
0.14480000	0.10640000
0.13720000	0.10380000
0.13720000	0.10120000
0.13720000	0.09860000
0.13720000	0.09620000
0.13720000	0.09380000
0.13720000	0.09140000
0.13720000	0.08910000
0.12960000	0.08690000
0.12190000	0.08470000
0.12190000	0.08260000
0.11430000	0.08050000
0.12190000	0.07850000
0.12190000	0.07660000
0.12190000	0.07460000
0.11430000	0.07280000
0.12190000	0.07630000
0.11430000	0.06990000
0.12960000	0.06740000
0.12190000	0.06580000
0.12190000	0.10360000
0.13720000	0.15450000
0.13720000	0.14270000
0.12190000	0.16720000
0.11430000	0.15550000
0.11430000	0.14490000
0.12960000	0.13910000
0.19820000	0.32980000
0.19050000	0.27230000
0.14480000	0.29060000
0.12960000	0.26710000
0.12960000	0.24590000
0.11430000	0.22690000
0.11430000	0.20980000
0.10670000	0.19430000
0.10670000	0.18040000
0.13720000	0.31240000
0.16770000	0.26520000
0.14480000	0.28170000
0.12960000	0.25950000
0.12960000	0.23950000
0.12190000	0.22150000
0.12190000	0.20520000
0.11430000	0.19060000
0.11430000	0.17730000
0.10670000	0.16530000
0.10670000	0.15450000
0.09910000	0.14460000
0.09910000	0.13570000
0.09150000	0.12760000
0.07620000	0.12020000
0.07620000	0.11340000
0.07470000	0.10720000
0.07320000	0.12990000
0.06330000	0.09640000
0.06170000	0.09160000
0.05870000	0.08730000
0.05560000	0.08320000
0.05560000	0.07950000
0.05490000	0.07600000
0.05490000	0.07280000
0.05410000	0.06980000
0.05180000	0.06700000
0.04730000	0.06440000
0.05490000	0.10130000
0.05870000	0.10500000
0.04950000	0.14330000
0.04650000	0.12260000
0.04730000	0.13500000
0.04650000	0.12550000
0.04730000	0.11690000
0.04650000	0.10920000
0.04650000	0.11710000
0.04500000	0.10260000
0.03810000	0.08990000
0.03280000	0.08460000
0.03200000	0.07980000
0.03350000	0.07540000
0.03280000	0.07130000
0.06550000	0.27160000
0.05110000	0.32640000
0.04800000	0.29940000
0.04570000	0.29870000
0.04270000	0.27340000
0.04270000	0.25080000
0.04120000	0.23040000
0.03890000	0.21210000
0.04120000	0.26620000
0.03660000	0.21540000
0.03510000	0.23320000
0.03350000	0.21490000
0.03120000	0.19840000
0.02970000	0.18360000
0.02970000	0.17020000
0.07470000	0.15810000
0.03510000	0.14710000
0.06250000	0.24990000
0.05940000	0.20670000
0.05640000	0.32100000
0.05180000	0.28070000
0.04040000	0.27800000
0.03810000	0.25580000
0.03730000	0.23570000
0.03510000	0.21770000
0.03280000	0.20150000
0.03200000	0.18680000
0.02900000	0.17360000
0.02900000	0.16170000
0.02670000	0.15080000
0.02590000	0.14100000
0.02590000	0.13210000
0.02520000	0.12410000
0.02440000	0.11670000
0.02440000	0.12210000
0.02590000	0.14480000
0.02520000	0.10240000
0.02520000	0.11990000
0.02360000	0.10880000
0.02360000	0.10260000
0.02440000	0.09690000
0.10670000	0.24670000
0.08380000	1.26090000
0.25910000	0.62640000
0.19820000	0.57250000
0.15240000	0.54540000
0.14480000	0.51850000
0.12960000	0.45560000
0.11430000	0.41740000
0.09910000	0.38320000
0.08380000	0.35250000
0.07390000	0.32480000
0.06100000	0.29990000
0.05110000	0.27750000
0.04500000	0.25730000
0.04880000	0.25770000
0.05110000	0.25040000
0.04340000	0.20800000
0.03960000	0.22450000
0.03810000	0.18600000
0.03430000	0.17440000
0.03960000	0.16560000
0.38870000	0.25400000
0.54110000	0.36140000
0.29720000	0.32630000
0.22860000	0.33440000
0.19820000	0.30850000
0.17530000	0.28510000
0.16770000	0.26400000
0.16000000	0.28070000
0.15240000	0.22780000
0.14480000	0.22520000
0.13720000	0.20620000
0.16770000	0.23070000
0.15240000	0.17990000
0.13720000	0.18270000
0.12190000	0.17130000
0.11430000	0.16100000
0.10670000	0.15150000
0.09150000	0.14290000
0.08380000	0.13510000
0.07620000	0.12790000
0.06780000	0.12130000
0.05640000	0.11520000
0.04730000	0.10970000
0.04420000	0.10450000
0.04040000	0.09980000
0.03810000	0.09540000
0.03350000	0.09130000
0.03280000	0.08750000
0.02820000	0.08400000
0.02740000	0.08070000
0.02590000	0.07760000
0.02590000	0.07480000
0.02520000	0.07200000
0.02440000	0.06950000
0.02290000	0.06710000
0.02210000	0.06480000
0.02210000	0.06270000
0.02130000	0.06060000
0.02130000	0.05870000
0.02130000	0.05690000
0.01980000	0.05510000
0.01910000	0.05340000
0.01830000	0.05190000
0.01910000	0.05030000
0.02130000	0.04890000
0.01830000	0.04750000
0.01520000	0.04610000
0.01600000	0.04480000
0.01450000	0.04360000
0.01450000	0.04230000
0.01450000	0.04120000
0.01370000	0.04010000
0.01300000	0.03900000
0.01300000	0.03790000
0.01520000	0.03690000
0.01450000	0.03590000
0.01450000	0.03500000
0.01600000	0.03410000
0.01680000	0.03320000
0.01600000	0.03230000
0.01750000	0.03150000
0.01910000	0.03070000
0.01910000	0.02990000
0.01750000	0.02910000
0.01680000	0.02830000
0.01520000	0.02760000
0.01300000	0.02690000
0.01140000	0.02620000
0.00990000	0.02560000
0.00990000	0.02490000
0.00910000	0.02430000
0.00910000	0.02370000
0.00910000	0.02310000
0.00760000	0.02250000
0.00730000	0.02190000
0.00760000	0.02140000
0.00840000	0.02080000
0.00910000	0.02030000
0.00990000	0.01980000
0.00990000	0.01930000
0.00990000	0.02140000
0.01140000	0.01830000
0.00180000	0.01790000
0.00180000	0.01740000
0.00170000	0.01700000
0.00170000	0.01660000
0.00170000	0.01610000
0.00160000	0.01570000
0.00150000	0.01530000
0.00150000	0.01500000
0.00150000	0.01460000
0.00150000	0.01420000
0.00150000	0.01380000
0.00190000	0.01350000
0.00180000	0.01320000
0.00180000	0.01280000
0.00170000	0.01250000
0.00170000	0.01220000
0.00180000	0.08430000
0.00170000	0.09400000
0.00170000	0.17470000
0.00170000	0.16210000
0.00160000	0.17600000
0.00150000	0.16020000
0.00150000	0.14610000
0.00150000	0.13340000
0.00140000	0.12200000
0.00140000	0.11180000
0.00140000	0.10260000
0.00140000	0.09440000
0.00140000	0.08700000
0.00140000	0.19410000
0.00150000	0.28460000
0.00150000	0.26670000
0.00150000	0.27320000
0.00160000	0.24910000
0.00160000	0.22740000
0.00160000	0.20800000
0.00160000	0.19060000
0.00160000	0.17500000
0.00160000	0.16090000
0.00160000	0.14830000
0.00160000	0.13690000
0.00150000	0.12670000
0.00150000	0.11750000
0.00150000	0.10910000
0.00140000	0.10160000
0.00150000	0.09480000
0.00150000	0.08860000
0.00150000	0.08300000
0.00150000	0.07790000
0.00150000	0.07330000
0.00150000	0.06900000
0.00150000	0.06520000
0.00150000	0.06170000
0.00160000	0.05840000
0.00160000	0.05600000
0.00160000	0.06470000
0.00170000	0.05030000
0.00160000	0.04790000
0.00160000	0.04580000
0.00160000	0.04380000
0.00160000	0.04200000
0.00170000	0.04030000
0.00170000	0.03870000
0.00170000	0.03720000
0.00160000	0.03580000
0.00160000	0.03450000
0.00170000	0.03320000
0.00160000	0.03210000
0.00160000	0.03100000
0.00160000	0.02990000
0.00160000	0.02900000
0.00160000	0.02800000
0.00160000	0.08320000
0.00160000	0.04830000
0.00160000	0.06740000
0.00150000	0.06270000
0.00150000	0.05840000
0.00150000	0.05450000
0.00150000	0.05090000
0.00150000	0.04770000
0.00150000	0.04870000
0.00160000	0.06870000
0.00160000	0.03970000
0.00160000	0.04540000
0.00150000	0.04270000
0.00150000	0.04010000
0.00150000	0.03780000
0.00150000	0.03570000
0.00150000	0.03380000
0.00150000	0.03200000
0.00150000	0.03040000
0.00160000	0.02890000
0.00160000	0.02760000
0.00160000	0.02630000
0.00160000	0.02510000
0.00160000	0.02410000
0.00160000	0.02300000
0.00160000	0.02210000
0.00170000	0.09100000
0.00220000	0.30940000
0.00260000	0.28860000
0.00210000	0.29790000
0.00200000	0.27080000
0.00190000	0.24670000
0.00190000	0.22500000
0.00180000	0.20560000
0.00180000	0.18810000
0.00190000	0.17250000
0.00190000	0.15850000
0.00190000	0.14580000
0.00190000	0.13450000
0.00190000	0.12430000
0.00190000	0.11510000
0.00190000	0.10670000
0.00190000	0.09920000
0.00190000	0.09250000
0.00190000	0.08630000
0.00190000	0.08070000
0.00190000	0.13470000
0.00190000	0.22270000
0.00190000	0.21200000
0.00190000	0.22860000
0.00190000	0.20950000
0.00190000	0.19230000
0.00190000	0.27600000
0.00190000	0.23950000
0.00190000	0.25860000
0.00190000	0.23710000
0.00190000	0.21770000
0.00190000	0.20030000
0.00190000	0.18470000
0.00190000	0.17060000
0.00190000	0.15790000
0.00190000	0.14650000
0.00190000	0.13610000
0.00190000	0.12680000
0.00190000	0.11830000
0.00190000	0.11070000
0.00190000	0.10370000
0.00180000	0.09740000
0.00180000	0.09160000
0.00180000	0.08640000
0.00170000	0.08160000
0.00170000	0.07720000
0.00170000	0.07320000
0.00210000	0.25130000
0.00240000	0.20930000
0.00210000	0.22930000
0.00210000	0.26660000
0.00210000	0.22110000
0.00260000	0.23060000
0.00300000	0.21210000
0.00230000	0.19540000
0.00220000	0.18040000
0.00220000	0.16690000
0.00210000	0.15480000
0.00220000	0.14380000
0.00230000	0.13380000
0.00250000	0.12480000
0.00270000	0.13950000
0.00270000	0.10930000
0.00300000	0.10260000
0.00290000	0.09650000
0.00270000	0.09090000
0.00220000	0.08590000
0.00220000	0.08590000
0.00220000	0.07700000
0.00230000	0.07310000
0.00300000	0.18340000
0.00230000	0.14590000
0.00240000	0.17570000
0.00220000	0.16220000
0.00430000	0.15930000
0.00910000	0.14670000
0.00910000	0.12910000
0.00380000	0.12010000
0.00250000	0.11200000
0.00230000	0.10800000
0.00220000	0.12640000
0.00210000	0.09200000
0.00330000	0.10870000
0.00410000	0.08150000
0.00260000	0.07690000
0.00210000	0.08120000
0.00210000	0.13480000
0.00260000	0.23730000
0.00270000	0.22260000
0.00210000	0.23650000
0.00210000	0.21700000
0.00210000	0.19950000
0.00210000	0.18370000
0.00210000	0.16950000
0.00210000	0.15680000
0.00210000	0.15270000
0.00210000	0.24830000
0.00200000	0.21380000
0.00190000	0.23350000
0.00190000	0.21470000
0.00190000	0.19790000
0.00180000	0.18270000
0.00180000	0.16900000
0.00190000	0.15660000
0.00180000	0.14550000
0.00180000	0.13540000
0.00170000	0.12630000
0.00170000	0.11810000
0.00160000	0.11060000
0.00150000	0.10380000
0.00150000	0.09760000
0.00150000	0.09200000
0.00150000	0.08680000
0.00140000	0.08210000
0.00150000	0.07780000
0.00230000	0.39490000
0.01070000	0.63720000
0.00500000	0.57800000
0.00270000	0.56060000
0.00220000	0.51110000
0.00210000	0.46670000
0.00440000	0.42690000
0.01070000	0.39120000
0.01140000	0.35910000
0.01140000	0.33030000
0.01070000	0.30440000
0.01300000	0.28110000
0.01370000	0.31110000
0.01070000	0.24110000
0.01070000	0.25900000
0.01140000	0.24020000
0.01070000	0.22320000
0.01070000	0.20780000
0.01070000	0.19390000
0.01370000	0.25940000
0.01220000	0.21110000
0.01070000	0.23800000
0.01070000	0.22100000
0.00910000	0.20570000
0.00590000	0.19190000
0.00500000	0.17940000
0.00580000	0.16800000
0.00660000	0.16410000
0.00620000	0.14820000
0.00610000	0.13970000
0.00500000	0.13190000
0.00360000	0.12470000
0.00320000	0.11820000
0.00300000	0.11220000
0.00420000	0.10810000
0.01070000	0.27880000
0.00840000	0.23620000
0.00510000	0.25450000
0.00430000	0.23510000
0.21340000	0.31390000
0.30480000	4.01410000
0.52590000	0.95180000
0.27440000	0.86990000
0.19050000	0.81970000
0.13720000	0.74770000
0.10670000	0.68310000
0.08380000	0.62530000
0.06400000	0.57360000
0.05260000	0.55980000
0.05030000	0.55130000
0.03960000	0.48920000
0.03200000	0.48990000
0.02740000	0.45200000
0.02360000	0.41780000
0.02210000	0.38700000
0.02060000	0.35920000
0.01980000	0.33410000
0.01750000	0.31140000
0.01750000	0.29090000
0.01680000	0.27230000
0.01600000	0.25530000
0.00910000	0.24000000
0.00840000	0.22600000
0.00650000	0.21320000
0.00590000	0.20150000
0.00550000	0.19080000
0.00480000	0.18100000
0.00500000	0.17200000
0.00470000	0.16370000
0.00460000	0.15610000
0.00400000	0.14910000
0.00240000	0.14250000
0.00220000	0.13650000
0.00210000	0.13080000
0.00210000	0.12560000
0.00210000	0.12070000
0.00210000	0.11610000
0.00210000	0.11180000
0.00200000	0.10780000
0.00190000	0.10400000
0.00180000	0.10040000
0.00180000	0.09700000
0.00160000	0.09380000
0.00160000	0.09080000
0.00170000	0.10270000
0.00170000	0.08510000
0.00150000	0.08250000
0.00140000	0.08000000
0.00140000	0.07760000
0.00140000	0.07530000
0.00140000	0.09960000
0.00120000	0.07110000
0.00120000	0.09650000
0.00110000	0.06710000
0.00110000	0.06520000
0.00110000	0.06340000
0.00110000	0.06170000
0.00110000	0.06000000
0.00110000	0.05840000
0.00110000	0.05680000
0.00110000	0.05530000
0.00100000	0.05380000
0.00100000	0.05240000
0.00100000	0.05100000
0.00100000	0.04970000
0.00100000	0.04840000
0.00100000	0.04710000
0.00090000	0.04590000
0.00100000	0.04470000
0.00090000	0.04360000
0.00090000	0.04250000
0.00090000	0.04140000
0.00100000	0.04030000
0.00100000	0.03930000
0.00090000	0.03830000
0.00090000	0.03730000
0.00090000	0.03640000
0.00080000	0.03540000
0.00080000	0.03450000
0.00070000	0.03370000
0.00060000	0.03280000
0.00060000	0.03200000
0.00050000	0.03120000
0.00050000	0.03040000
0.00040000	0.02960000
0.00030000	0.02890000
0.00020000	0.02820000
0.00010000	0.02750000
0.00000000	0.02680000
0.00000000	0.02610000
0.00000000	0.02540000
0.00000000	0.02480000
0.00000000	0.02420000
0.00000000	0.02360000
0.00000000	0.02300000
0.00000000	0.06840000
0.00000000	0.04400000
0.00000000	0.09630000
0.00000000	0.07800000
0.00000000	0.09720000
0.00000000	0.08940000
0.00000000	0.08240000
0.00000000	0.07610000
0.00000000	0.07040000
0.00000000	0.07640000
0.00000000	0.06060000
0.00000000	0.05640000
0.00000000	0.18990000
0.00000000	0.15210000
0.00000000	0.17430000
0.00000000	0.15930000
0.00000000	0.14580000
0.00000000	0.13370000
0.00000000	0.12290000
0.00000000	0.11320000
0.00000000	0.10440000
0.00000000	0.09650000
0.00000000	0.08940000
0.00000000	0.08300000
0.00000000	0.14170000
0.00000000	0.28010000
0.00000000	0.37690000
0.00000000	0.36580000
0.00000000	0.34730000
0.00000000	0.33090000
0.00000000	0.30210000
0.00000000	0.27630000
0.00000000	0.25310000
0.00000000	0.25210000
0.00000000	0.23110000
0.00000000	0.22420000
0.00000000	0.18230000
0.00000000	0.20020000
0.00000000	0.19050000
0.00030000	0.44470000
0.00010000	0.60420000
0.00020000	0.71990000
0.00020000	0.69980000
0.00040000	0.64520000
0.00050000	0.60150000
0.00070000	0.54950000
0.00080000	0.50290000
0.00080000	0.46100000
0.00080000	0.42350000
0.00080000	0.38970000
4.19930000	0.51330000
4.68700000	12.45450000
0.98310000	3.78680000
0.78500000	1.24420000
2.85030000	5.49520000
1.12790000	1.28140000
1.06700000	1.30830000
0.80780000	1.18540000
0.68590000	1.12690000
0.60970000	1.03140000
0.56400000	0.94570000
0.50300000	0.86870000
0.45730000	0.79950000
0.44200000	0.73730000
0.42680000	0.68590000
0.39630000	0.64580000
0.51060000	0.67020000
0.71640000	1.82270000
0.61730000	0.66760000
0.57160000	0.65430000
0.56400000	0.60670000
0.58680000	0.57920000
0.76970000	1.97360000
0.72400000	0.61130000
0.66300000	0.59360000
0.62490000	0.55180000
0.60210000	0.51390000
0.57160000	0.47970000
0.54110000	0.44870000
0.53350000	0.42050000
0.49540000	0.39490000
0.48010000	0.37160000
0.48010000	0.36770000
0.46490000	0.33100000
0.45730000	0.31320000
0.43440000	0.29700000
0.41150000	0.28200000
0.39630000	0.26830000
0.39630000	0.25570000
0.38110000	0.24410000
0.33530000	0.23360000
0.50300000	0.22470000
0.49540000	0.22610000
0.44970000	0.41780000
0.43440000	2.79020000
0.38110000	0.46980000
0.38110000	0.63320000
0.35820000	0.69200000
0.36580000	0.73400000
0.34300000	0.67520000
0.32010000	0.62230000
0.32770000	0.57460000
0.33530000	0.54260000
0.47250000	1.02170000
1.19650000	5.76110000
1.18130000	4.90660000
0.93740000	2.35280000
0.83070000	2.43830000
0.77740000	2.22030000
0.75450000	2.02500000
0.72400000	1.85180000
0.68590000	1.69300000
0.66300000	1.55220000
0.64780000	1.42570000
0.62490000	1.31200000
0.60210000	1.20970000
0.58680000	1.12250000
0.54870000	1.03470000
0.52590000	0.95990000
1.63090000	2.46460000
1.82150000	9.75770000
1.13560000	4.27600000
1.04410000	2.64710000
0.97550000	2.43330000
0.90690000	2.21230000
0.87640000	2.08620000
1.02890000	1.95650000
1.21180000	2.05900000
1.09750000	2.29850000
0.97550000	2.22690000
0.95270000	2.13180000
0.90690000	1.96090000
0.88410000	1.80720000
0.83830000	1.66880000
0.80020000	1.54420000
0.79260000	1.43180000
0.82310000	1.35090000
0.96790000	1.29160000
1.05170000	2.45050000
0.94500000	1.52910000
0.86880000	1.68420000
0.83830000	1.55790000
0.80780000	1.44410000
0.79260000	1.34130000
0.76210000	1.24840000
0.73930000	1.16440000
0.72400000	1.08820000
0.70880000	1.01920000
0.70880000	0.95650000
0.68590000	0.91920000
0.64020000	0.84740000
0.63260000	0.80160000
0.61730000	0.76160000
0.60970000	0.71940000
0.60210000	0.68810000
0.59450000	0.64700000
0.79260000	2.03930000
0.65540000	0.69060000
0.60970000	0.67750000
0.60210000	0.64210000
0.58680000	0.60960000
0.57920000	0.57970000
0.55630000	0.55210000
0.55630000	0.53070000
0.59450000	0.52370000
0.54110000	0.48140000
0.51060000	0.46120000
0.51060000	0.45050000
0.49540000	0.42920000
0.52590000	0.42850000
0.54110000	0.41920000
0.84600000	1.98140000
0.86120000	1.01380000
0.74690000	0.51490000
0.72400000	0.50550000
0.71640000	0.47860000
0.71640000	0.45390000
0.70880000	0.44930000
0.69350000	0.41030000
0.68590000	0.39110000
2.04250000	0.83800000
1.71480000	0.45340000
1.73760000	0.48920000
1.73000000	0.47360000
1.56230000	0.44970000
1.47850000	0.53190000
1.50140000	0.51940000
1.47850000	0.51710000
1.30320000	0.52140000
1.19650000	0.75390000
1.14320000	0.69860000
1.08980000	0.64870000
1.03650000	0.60650000
0.94500000	0.56270000
0.89930000	0.52580000
0.96030000	0.49230000
1.17370000	1.80240000
1.01360000	0.56130000
0.89930000	0.53900000
0.84600000	0.51970000
0.80020000	0.47800000
0.79260000	0.44830000
0.76970000	0.42120000
0.73930000	0.39660000
0.70880000	0.37410000
0.67830000	0.35360000
0.64020000	0.33480000
0.60970000	0.31760000
0.57160000	0.30170000
0.53350000	0.28720000
0.50300000	0.27780000
0.47250000	0.26280000
0.46490000	0.25120000
0.43440000	0.23920000
0.39630000	0.22930000
0.37340000	0.22010000
0.35060000	0.22500000
0.34300000	0.22780000
0.32770000	0.19590000
0.32010000	0.18960000
0.29720000	0.18280000
0.27440000	0.17650000
0.41920000	1.25410000
0.40390000	0.35740000
0.28960000	0.34890000
0.25150000	0.32580000
0.22860000	0.30490000
0.20580000	0.28590000
0.19050000	0.26860000
0.18290000	0.25290000
0.17530000	0.23860000
0.16000000	0.22550000
0.14480000	0.21350000
0.12960000	0.20250000
0.25150000	0.68620000
0.40390000	0.42310000
7.92610000	0.49980000
1.63860000	0.45240000
1.48610000	0.54410000
1.23460000	0.47790000
1.12030000	0.47140000
1.21180000	0.43550000
1.33370000	0.40320000
1.02890000	0.37410000
0.95270000	0.34780000
0.88410000	0.32400000
0.85360000	0.30250000
0.80780000	0.28300000
0.78500000	0.26520000
0.76970000	0.24910000
0.73160000	0.27590000
0.66300000	0.22110000
0.57920000	0.22710000
0.54870000	0.21420000
0.67070000	0.23340000
0.60210000	0.19200000
0.54110000	0.18170000
0.48780000	0.17260000
0.44200000	0.16430000
0.41920000	0.15660000
0.40390000	0.18090000
0.40390000	0.14290000
0.38870000	0.14030000
0.31250000	0.13160000
0.27440000	0.12630000
0.25150000	0.12130000
0.25150000	0.11670000
0.22860000	0.11230000
0.22100000	0.10820000
0.23630000	0.14230000
0.22100000	0.10070000
0.19820000	0.10930000
0.18290000	0.10490000
0.17530000	0.10080000
0.16000000	0.09700000
0.15240000	0.11460000
0.15240000	0.09000000
0.13720000	0.08680000
0.12960000	0.08390000
0.12190000	0.08100000
0.11430000	0.07830000
0.10670000	0.07580000
0.10670000	0.07340000
0.09910000	0.07110000
0.09150000	0.07100000
0.09150000	0.06680000
0.08380000	0.06480000
0.07090000	0.06290000
0.06400000	0.06110000
0.05940000	0.05930000
0.05560000	0.05770000
0.05720000	0.05600000
0.05330000	0.07960000
0.04950000	0.05300000
0.04570000	0.05150000
0.04270000	0.05010000
0.03890000	0.04880000
0.03510000	0.04740000
0.03280000	0.04620000
0.03200000	0.04500000
0.03280000	0.04380000
0.03350000	0.04260000
0.03200000	0.04150000
0.03050000	0.04040000
0.02740000	0.03940000
0.02520000	0.03830000
0.02290000	0.03740000
0.02290000	0.03640000
0.02130000	0.03550000
0.02060000	0.03460000
0.02060000	0.03370000
0.01910000	0.03280000
0.01750000	0.03200000
0.01600000	0.03120000
0.01520000	0.03040000
0.01520000	0.02960000
0.01370000	0.02890000
0.01370000	0.02810000
0.01370000	0.02740000
0.01140000	0.02670000
0.00910000	0.02600000
0.00990000	0.02540000
0.00990000	0.02470000
0.01070000	0.02410000
0.00990000	0.02350000
0.00910000	0.02290000
0.00910000	0.02230000
0.00910000	0.02180000
0.00910000	0.02120000
0.00750000	0.02070000
0.00720000	0.02020000
0.00630000	0.01970000
0.00530000	0.01920000
0.00430000	0.01870000
0.00350000	0.01820000
0.00290000	0.01790000
0.00270000	0.01730000
0.00280000	0.01690000
0.00410000	0.01650000
0.00360000	0.01610000
0.00300000	0.01570000
0.00270000	0.01690000
0.00250000	0.01490000
0.00250000	0.01450000
0.00220000	0.01410000
0.00210000	0.01380000
0.00210000	0.01350000
0.02290000	0.01310000
0.03810000	0.39670000
0.01070000	0.43390000
0.01070000	0.49790000
0.02440000	0.67450000
0.45730000	2.24610000
0.48780000	1.11830000
0.19820000	1.01620000
0.09910000	0.95360000
0.09910000	0.94410000
0.15240000	0.83040000
0.11430000	0.90890000
0.09150000	0.80870000
0.07620000	0.77930000
0.07390000	0.75920000
0.06100000	0.65210000
0.05870000	0.62930000
0.05790000	0.57780000
0.05330000	0.53160000
0.04880000	0.49000000
0.04500000	0.45260000
0.04120000	0.41890000
0.03890000	0.38840000
0.03510000	0.36100000
0.03350000	0.33620000
0.03350000	0.31370000
0.03280000	0.29340000
0.03120000	0.30630000
0.02820000	0.32290000
0.02900000	0.28520000
0.02740000	0.30910000
0.02820000	0.28870000
0.02970000	0.27020000
0.02900000	0.25350000
0.02740000	0.23820000
0.02440000	0.22430000
0.02440000	0.21170000
0.02440000	0.20010000
0.02440000	0.18950000
0.02520000	0.17980000
0.02590000	0.17090000
0.02670000	0.16260000
0.02590000	0.15510000
0.02590000	0.14810000
0.02820000	0.14160000
0.02820000	0.13560000
0.03960000	1.20920000
0.03510000	0.54630000
0.43440000	3.24190000
0.28200000	0.77810000
0.15240000	0.74080000
0.10670000	0.67790000
0.09910000	0.62150000
0.09150000	0.57080000
0.09150000	0.52520000
0.08380000	0.48420000
0.08380000	0.44740000
0.07620000	0.41410000
0.07620000	0.38410000
0.07390000	0.35710000
0.06100000	0.33260000
0.05940000	0.31040000
0.05330000	0.29040000
0.05110000	0.27210000
0.04800000	0.25560000
0.04270000	0.24050000
0.04270000	0.22680000
0.03960000	0.21420000
0.03660000	0.20270000
0.03510000	0.19220000
0.03730000	0.18260000
0.03350000	0.17370000
0.03350000	0.16550000
0.03350000	0.15800000
0.03350000	0.15100000
0.03510000	0.18390000
0.03350000	0.13850000
0.03660000	0.14740000
0.03890000	0.14080000
0.03730000	0.13460000
0.03960000	0.12890000
27.05530000	2.44950000
6.21130000	16.81610000
2.27110000	3.38310000
1.49380000	1.03840000
1.12790000	0.95020000
0.99080000	0.86780000
0.87640000	0.79390000
0.80780000	0.72760000
0.75450000	0.66800000
0.67830000	0.61450000
0.60210000	0.56640000
0.57160000	0.52310000
0.52590000	0.48400000
0.71640000	1.22210000
0.63260000	0.54090000
0.56400000	0.51590000
0.52590000	0.48800000
0.90690000	1.52600000
1.09750000	0.98180000
0.96030000	0.56120000
0.86880000	0.55030000
0.80780000	0.50910000
0.77740000	0.47200000
3.18570000	5.24420000
1.63860000	1.27400000
1.39470000	1.48870000
1.40230000	1.37790000
1.50140000	2.14190000
1.42520000	1.58920000
1.33370000	1.82460000
2.20250000	1.64470000
2.44640000	4.91630000
1.82910000	2.48430000
1.63090000	2.53160000
1.47850000	2.33900000
1.33370000	2.13680000
1.25750000	1.95540000
1.17370000	1.79270000
1.01360000	1.64660000
0.91450000	1.51520000
0.86880000	1.39710000
0.83070000	1.29070000
0.80780000	1.19490000
0.79260000	1.10840000
0.75450000	1.03040000
0.72400000	0.95980000
0.70120000	0.89590000
0.67830000	0.83800000
0.65540000	0.78550000
0.63260000	0.73770000
0.61730000	0.69420000
1.05170000	2.16630000
0.78500000	0.72060000
0.70120000	0.70130000
0.67070000	0.65990000
0.64780000	0.62220000
0.63260000	0.58770000
0.59450000	0.55620000
0.57920000	0.52730000
0.56400000	0.50080000
0.54110000	0.47640000
0.51820000	0.45400000
0.51820000	0.43320000
0.50300000	0.41400000
0.48780000	0.39620000
0.48780000	0.37970000
0.46490000	0.36430000
0.44970000	0.35000000
0.44200000	0.33660000
0.44200000	0.32400000
0.42680000	0.31450000
0.41150000	0.30110000
0.38870000	0.29060000
0.38110000	0.28080000
0.37340000	0.27140000
0.37340000	0.26260000
0.36580000	0.25420000
0.37340000	0.27740000
0.34300000	0.23860000
0.32010000	0.23210000
0.32770000	0.22510000
0.31250000	0.21840000
0.35060000	0.23860000
0.42680000	1.16810000
0.36580000	0.29070000
0.32770000	0.31700000
0.32770000	0.29980000
0.28960000	0.28410000
0.26670000	0.26970000
0.25910000	0.25650000
0.26670000	0.24430000
0.25910000	0.23310000
0.25150000	0.22260000
0.23630000	0.21300000
0.23630000	0.20400000
0.23630000	0.19570000
0.24390000	0.19450000
0.22860000	0.18070000
0.22100000	0.17390000
0.20580000	0.16750000
0.20580000	0.16150000
0.20580000	0.15590000
0.19820000	0.15060000
0.17530000	0.14550000
0.16770000	0.14080000
0.18290000	0.13620000
0.19820000	0.13190000
0.20580000	0.13710000
0.17530000	0.12390000
0.16770000	0.12020000
0.16770000	0.11660000
0.16770000	0.11320000
0.17530000	0.10990000
0.17530000	0.10680000
0.16770000	0.10390000
0.15240000	0.10090000
0.16000000	0.09810000
0.16000000	0.09540000
0.14480000	0.09280000
0.14480000	0.09020000
0.14480000	0.08780000
0.12960000	0.08550000
0.12960000	0.08320000
0.13720000	0.08360000
0.14480000	0.07910000
0.20580000	0.18140000
0.16770000	0.14640000
0.14480000	0.17400000
0.13720000	0.16240000
0.13720000	0.15200000
0.13720000	0.14250000
0.12960000	0.13390000
0.12960000	0.12610000
0.12190000	0.11890000
0.12960000	0.11240000
0.15240000	0.15500000
0.27440000	0.18340000
0.18290000	0.16850000
0.15240000	0.17920000
0.14480000	0.16660000
0.13720000	0.15520000
0.13720000	0.14490000
0.13720000	0.13550000
0.14480000	0.16560000
0.20580000	0.23970000
0.18290000	0.21420000
0.14480000	0.22860000
0.12960000	0.21110000
0.12960000	0.19540000
0.12190000	0.18120000
0.12190000	0.16830000
0.12190000	0.15670000
0.12190000	0.15470000
0.11430000	0.13730000
0.11430000	0.12810000
0.11430000	0.12030000
0.10670000	0.11310000
0.10670000	0.10660000
0.10670000	0.10070000
0.09910000	0.09530000
0.09910000	0.09030000
0.09150000	0.09420000
0.09150000	0.08170000
0.09150000	0.07770000
0.09150000	0.07410000
0.08380000	0.07080000
0.07620000	0.06780000
0.07320000	0.06490000
0.06940000	0.06230000
0.06710000	0.05980000
0.06550000	0.05750000
0.06100000	0.05530000
0.05870000	0.05330000
0.05640000	0.05140000
0.05410000	0.04960000
0.05180000	0.04790000
0.04800000	0.04630000
0.04340000	0.04480000
0.03960000	0.04340000
0.03960000	0.04870000
0.03200000	0.04070000
0.02970000	0.03950000
0.03050000	0.03830000
0.02970000	0.03720000
0.02820000	0.03610000
0.02820000	0.03500000
0.02590000	0.03400000
0.02590000	0.03310000
0.02590000	0.03210000
0.02740000	0.03120000
0.02740000	0.03040000
0.02820000	0.02960000
0.02590000	0.07900000
0.02590000	0.02800000
0.02900000	0.25710000
0.02670000	0.21470000
0.02670000	0.23670000
0.02290000	0.21600000
0.02210000	0.19750000
0.02060000	0.18090000
0.01980000	0.16600000
0.01910000	0.15260000
0.01750000	0.14060000
0.01680000	0.12980000
0.01680000	0.12000000
0.01680000	0.11120000
0.01680000	0.10480000
0.01750000	0.09610000
0.01680000	0.08960000
0.01600000	0.08370000
0.01520000	0.07840000
0.01450000	0.07360000
0.01370000	0.06920000
0.01450000	0.17850000
0.01680000	0.14010000
0.01520000	0.16920000
0.01370000	0.15560000
0.01300000	0.14340000
0.01300000	0.13230000
0.01140000	0.12240000
0.00910000	0.11340000
0.00840000	0.10540000
0.00760000	0.09810000
0.00910000	0.09140000
0.01680000	0.15150000
0.01680000	0.11060000
0.01450000	0.27380000
5.28910000	10.01280000
3.32280000	5.94000000
28.88440000	17.28340000
14.70890000	23.04510000
4.54990000	10.27080000
24.38790000	14.04350000
6.98100000	10.30760000
5.06050000	4.62700000
3.72680000	4.45250000
3.31520000	4.04340000
3.04850000	3.68280000
2.69030000	3.34660000
2.27870000	3.05520000
2.27870000	2.79390000
2.03490000	2.58280000
1.86720000	2.36620000
2.37780000	2.86640000
2.98750000	4.10440000
2.83510000	2.02250000
2.10350000	1.86950000
1.85960000	1.75090000
1.69190000	1.62210000
1.55470000	1.50590000
1.42520000	1.40090000
1.30320000	1.30600000
1.20420000	1.22000000
1.10510000	1.14200000
1.02120000	1.07120000
0.92980000	1.00690000
0.84600000	0.94820000
0.80780000	0.89470000
0.74690000	0.84590000
0.70880000	0.80110000
0.67070000	0.76010000
0.60970000	0.72240000
0.55630000	0.68770000
0.52590000	0.65570000
0.49540000	0.62620000
0.47250000	0.59880000
0.44970000	0.57340000
0.50300000	0.55520000
0.44970000	0.52780000
0.48010000	0.58380000
0.44200000	0.52850000
0.37340000	0.54710000
0.33530000	0.52280000
0.31250000	0.50020000
0.29720000	0.47930000
0.27440000	0.45980000
0.25910000	0.44160000
0.24390000	0.42460000
0.22860000	0.40870000
0.20580000	0.39380000
0.19820000	0.37970000
0.18290000	0.36650000
0.17530000	0.35400000
0.16000000	0.34220000
0.13720000	0.33100000
0.12190000	0.32040000
0.11430000	0.31030000
0.14480000	0.30070000
0.19050000	0.34530000
0.17530000	0.28280000
0.13720000	0.31430000
0.11430000	0.30250000
0.09910000	0.29130000
0.09150000	0.28090000
0.08380000	0.27100000
0.08380000	0.26170000
0.17530000	0.39590000
0.33530000	0.58230000
0.31250000	0.68570000
0.23630000	0.72650000
0.17530000	0.67260000
0.15240000	0.64720000
0.13720000	0.60050000
0.12190000	0.55840000
0.11430000	0.52030000
0.12190000	0.49840000
0.13720000	0.45460000
0.12960000	0.42620000
0.32770000	0.40040000
0.35820000	0.55130000
0.21340000	0.49270000
0.16000000	0.49540000
0.13720000	0.46230000
0.12190000	0.43240000
0.12190000	0.40520000
0.12190000	0.38050000
0.10670000	0.35800000
0.09910000	0.33750000
0.09150000	0.31880000
0.09150000	0.30170000
0.08380000	0.28760000
0.07320000	0.27170000
0.07090000	0.25840000
0.07160000	0.24620000
0.06400000	0.23500000
0.06400000	0.22460000
0.06170000	0.21490000
0.28960000	0.30080000
0.55630000	1.15510000
0.29720000	0.50390000
0.18290000	0.48840000
0.14480000	0.45270000
0.13720000	0.42040000
0.13720000	0.40700000
0.13720000	0.39260000
0.11430000	0.34100000
0.10670000	0.33620000
0.10670000	0.31490000
1.39470000	1.87660000
0.77740000	0.64270000
0.35820000	0.61880000
0.54870000	1.50390000
0.70880000	1.05960000
2.35500000	3.33450000
2.45400000	3.08730000
1.85960000	0.92250000
1.75290000	0.88100000
1.62330000	0.81140000
1.50900000	0.75990000
1.36420000	0.70130000
1.24230000	0.64750000
1.18130000	0.59900000
1.21940000	0.56420000
1.52420000	0.80540000
1.95870000	2.18020000
2.27110000	3.99360000
1.85200000	1.33030000
1.72240000	1.44930000
1.63090000	1.32480000
1.54710000	1.21320000
1.45570000	1.11300000
1.32610000	1.02300000
1.22700000	0.94200000
1.17370000	0.86920000
1.12790000	0.80370000
1.06700000	0.74450000
0.99840000	0.69120000
0.94500000	0.64300000
0.90690000	0.59940000
0.84600000	0.56000000
0.81550000	0.52420000
0.78500000	0.49170000
0.75450000	0.46210000
0.72400000	0.43520000
0.71640000	0.41070000
0.67070000	0.38820000
0.89170000	0.43700000
0.90690000	0.62790000
0.73160000	0.44390000
0.68590000	0.44560000
0.65540000	0.41860000
0.60970000	0.39400000
0.59450000	0.37150000
0.63260000	0.37470000
0.68590000	0.60280000
0.62490000	0.37130000
0.60210000	0.38190000
0.59450000	0.35960000
0.60970000	0.33920000
2.79700000	6.69040000
2.12630000	3.86520000
1.86720000	1.71020000
1.87480000	1.68850000
1.87480000	1.59590000
1.74530000	1.66630000
1.69190000	1.81420000
1.65380000	1.65830000
1.61570000	1.51850000
1.57000000	1.39300000
1.47850000	1.28030000
1.40230000	1.17900000
1.37180000	1.08780000
1.31850000	1.00570000
1.50900000	1.59030000
1.43280000	1.04850000
1.28800000	1.18550000
1.23460000	1.23500000
1.18890000	1.13940000
1.14320000	1.05340000
1.13560000	0.97580000
1.16600000	0.93590000
1.69190000	0.88920000
1.29560000	0.97270000
1.17370000	1.13470000
1.12790000	1.04930000
1.09750000	0.97230000
1.06700000	0.90280000
1.02890000	0.84000000
0.99080000	0.78320000
0.98310000	0.73180000
0.96030000	0.68510000
0.88410000	0.64280000
0.88410000	0.60420000
1.37940000	2.48040000
1.39470000	3.17430000
1.24230000	1.36240000
1.21180000	1.50850000
1.18890000	1.38630000
1.12030000	1.27650000
1.12030000	1.17770000
1.08980000	1.08870000
1.07460000	1.00850000
1.05930000	0.93610000
0.99080000	0.87070000
0.92980000	0.81160000
0.90690000	0.75800000
0.91450000	0.71100000
0.91450000	0.68950000
0.86880000	0.62530000
0.86120000	0.59630000
0.83070000	0.55550000
0.79260000	0.52510000
0.77740000	0.49730000
0.75450000	0.47180000
0.74690000	0.44830000
0.73160000	0.42680000
0.68590000	0.40690000
0.67830000	0.38850000
0.74690000	0.40660000
0.69350000	0.35760000
0.67070000	0.36600000
0.68590000	0.34980000
0.64780000	0.33350000
0.62490000	0.33170000
0.61730000	0.31770000
0.61730000	0.31710000
0.63260000	0.31230000
0.61730000	0.30250000
0.56400000	0.27720000
0.54870000	0.28790000
0.56400000	0.27600000
0.56400000	0.26490000
4.80140000	3.89510000
2.93420000	12.05140000
2.39310000	5.79210000
2.04250000	2.61240000
1.92050000	2.53090000
1.91290000	2.30760000
1.87480000	2.10620000
1.87480000	1.92560000
1.79860000	1.82830000
1.76050000	3.10870000
1.71480000	2.02700000
1.70720000	2.17650000
1.69190000	2.01390000
1.62330000	2.03500000
1.56230000	2.01520000
1.50140000	1.85070000
1.46330000	1.70280000
1.43280000	1.56980000
1.37940000	1.45010000
1.34130000	1.34230000
1.32610000	1.25370000
1.27270000	1.15710000
1.21940000	1.07770000
1.18130000	1.00580000
1.15080000	0.94070000
1.11270000	0.88160000
1.09750000	0.83320000
1.03650000	0.79580000
0.96030000	0.73440000
0.90690000	0.69370000
0.89170000	0.65780000
0.87640000	0.63270000
0.83070000	0.59110000
0.80780000	0.56230000
0.79260000	0.56090000
0.76210000	0.51130000
0.72400000	0.48860000
0.67070000	0.46760000
0.65540000	0.44810000
0.64020000	0.42990000
0.61730000	0.41300000
0.60970000	0.39710000
0.59450000	0.38230000
0.57160000	0.36840000
0.54870000	0.35530000
0.52590000	0.34290000
0.51060000	0.33360000
0.46490000	0.32390000
0.44200000	0.30980000
0.42680000	0.29990000
0.42680000	0.29050000
0.40390000	0.28150000
0.38870000	0.27290000
0.37340000	0.26470000
0.35060000	0.25690000
0.34300000	0.24940000
0.32010000	0.24220000
0.32010000	0.23530000
0.32010000	0.22860000
0.31250000	0.22230000
0.28200000	0.21610000
0.26670000	0.21020000
0.27440000	0.21520000
0.26670000	0.19890000
0.23630000	0.19350000
0.21340000	0.18840000
0.19820000	0.18340000
0.19050000	0.17850000
0.18290000	0.17380000
0.18290000	0.16930000
0.17530000	0.16480000
0.16000000	0.16050000
0.15240000	0.15640000
0.16000000	0.15230000
0.15240000	0.14840000
0.13720000	0.14460000
0.13720000	0.15810000
0.12960000	0.13730000
0.11430000	0.13380000
0.09910000	0.13040000
0.09150000	0.12950000
0.09150000	0.12410000
0.09150000	0.14070000
0.08380000	0.11760000
0.07550000	0.11460000
0.06630000	0.11170000
0.05720000	0.10890000
0.05490000	0.10620000
0.05490000	0.10350000
0.05110000	0.10090000
0.04650000	0.09830000
0.04500000	0.09590000
0.04270000	0.09350000
0.04120000	0.09110000
0.03960000	0.08880000
0.04570000	0.09900000
0.04270000	0.08440000
0.04190000	0.08230000
0.03960000	0.08020000
0.03810000	0.07820000
0.03510000	0.07630000
0.03430000	0.07430000
0.04500000	0.07250000
0.04420000	0.17110000
0.04880000	0.36750000
0.11430000	0.32940000
0.17530000	0.48480000
0.09910000	0.42340000
0.07470000	0.42650000
0.06710000	0.39100000
0.06550000	0.37830000
0.05720000	0.33490000
0.05260000	0.30480000
0.07620000	0.28160000
0.12190000	0.48290000
0.11430000	0.47570000
0.09150000	0.43480000
0.07620000	0.41120000
0.06550000	0.37830000
0.06170000	0.34880000
0.05560000	0.32220000
0.05030000	0.29820000
0.04730000	0.27660000
0.04340000	0.25710000
0.04420000	0.23950000
0.03810000	0.22350000
0.03580000	0.20900000
0.03580000	0.19590000
0.03350000	0.18400000
0.03430000	0.17840000
0.03200000	0.16320000
0.03200000	0.15410000
0.03280000	0.14590000
0.03050000	0.13830000
0.04800000	0.16890000
0.03890000	0.22380000
0.03510000	0.28160000
0.03120000	0.29100000
0.03050000	0.31060000
0.02820000	0.28860000
0.02670000	0.27860000
0.02520000	0.25800000
0.02520000	0.23940000
0.02360000	0.22260000
0.02360000	0.20740000
0.02290000	0.19360000
0.03200000	0.20320000
0.03660000	0.21030000
0.02440000	0.15950000
0.02290000	0.18140000
0.02210000	0.16980000
0.01980000	0.15930000
0.01830000	0.14980000
0.01830000	0.14110000
0.02060000	0.13770000
0.01830000	0.12590000
0.01750000	0.11930000
0.01680000	0.11320000
0.01830000	0.10990000
0.01680000	0.10250000
0.01450000	0.09770000
0.01300000	0.09330000
0.01300000	0.08930000
0.01300000	0.08550000
0.01220000	0.08200000
0.01220000	0.07870000
0.01140000	0.07570000
0.01070000	0.07280000
0.01070000	0.07010000
0.00990000	0.06760000
0.00990000	0.12060000
0.01140000	0.12260000
0.01220000	0.11460000
0.01220000	0.18120000
0.01140000	0.13960000
0.01830000	0.19010000
0.01680000	0.14530000
0.01370000	0.14370000
0.01140000	0.13370000
0.00990000	0.12460000
0.00910000	0.11640000
0.00840000	0.10900000
0.00750000	0.10230000
0.00760000	0.09610000
0.00600000	0.09060000
0.00580000	0.08550000
0.00530000	0.08080000
0.00490000	0.07650000
0.00440000	0.07260000
0.00360000	0.06900000
0.00340000	0.06570000
0.00350000	0.06270000
0.00300000	0.05990000
0.00300000	0.14940000
0.00270000	0.11320000
0.00270000	0.13500000
0.00230000	0.12500000
0.00220000	0.11610000
0.00220000	0.10860000
0.00210000	0.10060000
0.00210000	0.09400000
0.00210000	0.08800000
0.00210000	0.08250000
0.00210000	0.17700000
0.00220000	0.40320000
0.00310000	0.36250000
0.00400000	0.40200000
0.00420000	0.54060000
0.00320000	0.48800000
0.00300000	0.47970000
0.00270000	0.45410000
0.00230000	0.41110000
0.00230000	0.36650000
0.00270000	0.40500000
0.00380000	0.34860000
0.00370000	0.36000000
0.00300000	0.33080000
0.00280000	0.30460000
0.00240000	0.28100000
0.00230000	0.26180000
0.00230000	0.24060000
0.00230000	0.22330000
0.00220000	0.20770000
0.00220000	0.19360000
0.00210000	0.18080000
0.00210000	0.16920000
0.00210000	0.15870000
0.00210000	0.14910000
0.00210000	0.14040000
0.00210000	0.16450000
0.00210000	0.12520000
0.00210000	0.22030000
0.00200000	0.20460000
0.00210000	0.21860000
0.00200000	0.31930000
0.00200000	0.28540000
0.00200000	0.29640000
0.00200000	0.27320000
0.00200000	0.25240000
0.00200000	0.23360000
0.00190000	0.21670000
0.00180000	0.20140000
0.00180000	0.18760000
0.00180000	0.17510000
0.00180000	0.16380000
0.00170000	0.15350000
0.00170000	0.14420000
0.00160000	0.13570000
0.00160000	0.12790000
0.00160000	0.14430000
0.00150000	0.11440000
0.00150000	0.10840000
0.00140000	0.10300000
0.00140000	0.09800000
0.00140000	0.11340000
0.00140000	0.08910000
0.00140000	0.09800000
0.00140000	0.08150000
0.00130000	0.07810000
0.00130000	0.07490000
0.00120000	0.07200000
0.00120000	0.06920000
0.00110000	0.07890000
0.00110000	0.06420000
0.00110000	0.06190000
0.00110000	0.05980000
0.00110000	0.05770000
0.00110000	0.05580000
0.00120000	0.05480000
0.00120000	0.05270000
0.00120000	0.09210000
0.00130000	0.09860000
0.00140000	0.09520000
0.00140000	0.11600000
0.00140000	0.10800000
0.00150000	0.10080000
0.00160000	0.09430000
0.00160000	0.08830000
0.00170000	0.08280000
0.00170000	0.07790000
0.00160000	0.07340000
0.00160000	0.06930000
0.00160000	0.06560000
0.00160000	0.06220000
0.00160000	0.05900000
0.00160000	0.05610000
0.00160000	0.05340000
0.00160000	0.05100000
0.00160000	0.04870000
0.00160000	0.04660000
0.00170000	0.04460000
0.00170000	0.04280000
0.00170000	0.04190000
0.00170000	0.03950000
0.00170000	0.03810000
0.00170000	0.03670000
0.00170000	0.08520000
0.00170000	0.03410000
0.00180000	0.06650000
0.00180000	0.06220000
0.00180000	0.05820000
0.00180000	0.05470000
0.00180000	0.05140000
0.00180000	0.04850000
0.00180000	0.04580000
0.00190000	0.04330000
0.00200000	0.04110000
0.00200000	0.03900000
0.00200000	0.03710000
0.00200000	0.03530000
0.00210000	0.03370000
0.00210000	0.04410000
0.00210000	0.03080000
0.00210000	0.02950000
0.00210000	0.02830000
0.00210000	0.03830000
0.00210000	0.02620000
0.00210000	0.02520000
0.00220000	0.02430000
0.00220000	0.02340000
0.00210000	0.02260000
0.00210000	0.02180000
0.00210000	0.02610000
0.00210000	0.02040000
0.00200000	0.01980000
0.00200000	0.01910000
0.00200000	0.01850000
0.00200000	0.01800000
0.00210000	0.01740000
0.00220000	0.10890000
0.01680000	0.24290000
0.03890000	1.88420000
0.00750000	0.59630000
0.00210000	0.56520000
0.00180000	0.51310000
0.00170000	0.46650000
0.00170000	0.42470000
0.00180000	0.38730000
0.00200000	0.39800000
0.00220000	0.37410000
0.00200000	0.35140000
0.00180000	0.34490000
0.00170000	0.31620000
0.00180000	0.29050000
0.00210000	0.27690000
0.00210000	0.24660000
0.00260000	0.22790000
0.00280000	0.21100000
0.00220000	0.19580000
0.00490000	0.20840000
0.01300000	0.28560000
0.00760000	0.26310000
0.00660000	0.27870000
0.00660000	0.25710000
0.00750000	0.25540000
0.01450000	0.26030000
0.04500000	0.44920000
0.03510000	0.48920000
0.02590000	0.45750000
0.02670000	0.48140000
0.02130000	0.43120000
0.02060000	0.41900000
0.02060000	0.38500000
0.01910000	0.35450000
0.02130000	0.32700000
0.02740000	0.30230000
0.03200000	0.28000000
0.03510000	0.25990000
0.03660000	0.24170000
0.05720000	0.32360000
0.03960000	0.30990000
0.04730000	0.29450000
0.05180000	0.28070000
0.05330000	0.26060000
0.05940000	0.26840000
0.05560000	0.22590000
0.06480000	0.21190000
0.07010000	0.22700000
0.09150000	0.23590000
0.09910000	0.27290000
0.11430000	0.25760000
0.12190000	0.26450000
0.11430000	0.24570000
0.09910000	0.22860000
0.09910000	0.21320000
0.09910000	0.19920000
0.10670000	0.19000000
0.12190000	0.23930000
0.12190000	0.23430000
0.13720000	0.23950000
0.14480000	0.23990000
0.14480000	0.20810000
0.14480000	0.20040000
0.14480000	0.18730000
0.13720000	0.18620000
0.15240000	0.18240000
0.18290000	0.15490000
0.16770000	0.14590000
0.15240000	0.15350000
0.15240000	0.13460000
0.15240000	0.12350000
0.14480000	0.11720000
0.14480000	0.11140000
0.14480000	0.10610000
0.13720000	0.10120000
0.12960000	0.09670000
0.12190000	0.09250000
0.12960000	0.08860000
0.12190000	0.16580000
0.12960000	0.12520000
0.14480000	0.22340000
0.46490000	0.77340000
0.67830000	0.46500000
0.41150000	0.42270000
0.34300000	0.41210000
0.32770000	0.37760000
1.03650000	0.76200000
1.12790000	0.54340000
0.80020000	0.50430000
0.71640000	0.48710000
0.66300000	0.44650000
0.61730000	0.41010000
0.57920000	0.37740000
0.54870000	0.34800000
0.51060000	0.32150000
0.49540000	0.29760000
0.48780000	0.27610000
0.46490000	0.25660000
0.42680000	0.23900000
0.62490000	0.36500000
0.63260000	0.32520000
0.51820000	0.34620000
0.45730000	0.30340000
0.44200000	0.28750000
0.64780000	0.33920000
0.63260000	0.28510000
0.57920000	0.33410000
0.57920000	0.29000000
0.52590000	0.26810000
0.49540000	0.24950000
0.48010000	0.23260000
0.46490000	0.21740000
0.44200000	0.20350000
0.45730000	0.21000000
0.43440000	0.17950000
0.39630000	0.16910000
0.38870000	0.15960000
0.38110000	0.17560000
0.38870000	0.17960000
1.06700000	2.02970000
0.66300000	0.38170000
0.58680000	0.37720000
0.56400000	0.34750000
0.49540000	0.32070000
0.44970000	0.29660000
0.41150000	0.27480000
0.37340000	0.25520000
0.34300000	0.23740000
0.32010000	0.22140000
0.32010000	0.20690000
0.32770000	0.19370000
0.28960000	0.18170000
0.25150000	0.17080000
0.22860000	0.16670000
0.22860000	0.15190000
0.21340000	0.14360000
0.20580000	0.13680000
0.18290000	0.12910000
0.16000000	0.12270000
0.17530000	0.14230000
0.15240000	0.11140000
0.22100000	0.24550000
0.13720000	0.20520000
0.13720000	0.22630000
0.45730000	0.32010000
4.40510000	4.42960000
3.10180000	9.70890000
1.76810000	0.99090000
1.44800000	0.93780000
1.22700000	0.85610000
1.07460000	0.78030000
1.05170000	0.71360000
1.06700000	0.76510000
0.92220000	0.67700000
0.82310000	0.66040000
0.73930000	0.60670000
0.68590000	0.55830000
0.64020000	0.51490000
0.64020000	0.51530000
0.62490000	0.45120000
0.59450000	0.42340000
1.85200000	0.39830000
3.94020000	0.42560000
3.41430000	0.46840000
2.55310000	0.63730000
2.57600000	0.61480000
11.43180000	7.63790000
3.89440000	2.46230000
3.13990000	0.82470000
2.67500000	0.77770000
2.28640000	0.71470000
1.96630000	0.65800000
1.79860000	0.60700000
1.60810000	0.56110000
1.48610000	0.51980000
1.35660000	0.48240000
1.20420000	0.44870000
1.13560000	0.41820000
1.05170000	0.39060000
0.93740000	0.36560000
0.83070000	0.34290000
0.73930000	0.32220000
0.72400000	0.30340000
0.67070000	0.28620000
0.62490000	0.27050000
0.59450000	0.25620000
0.55630000	0.24300000
0.51820000	0.23090000
0.48780000	0.21980000
0.45730000	0.20950000
0.59450000	0.27070000
0.51820000	0.22600000
2.11870000	0.40410000
0.73160000	0.35420000
0.59450000	0.37080000
0.52590000	0.36240000
0.50300000	0.32180000
0.48780000	0.30080000
0.44200000	0.28160000
0.40390000	0.26430000
0.37340000	0.24850000
0.33530000	0.23410000
0.30480000	0.22100000
0.28960000	0.20900000
0.28960000	0.19800000
0.27440000	0.18790000
0.25910000	0.17870000
0.25150000	0.17020000
0.23630000	0.16230000
0.21340000	0.15500000
0.19820000	0.14830000
0.19050000	0.14200000
0.17530000	0.13620000
0.15240000	0.13080000
0.13720000	0.12570000
0.12960000	0.12100000
0.12960000	0.11650000
0.12190000	0.11240000
0.15240000	0.13940000
0.14480000	0.11530000
0.17530000	0.19100000
0.16770000	0.16590000
0.14480000	0.19080000
0.12960000	0.17870000
0.12190000	0.16770000
0.10670000	0.15760000
0.09910000	0.19510000
0.09150000	0.14020000
0.08380000	0.15970000
0.07240000	0.15010000
0.07090000	0.14140000
0.06330000	0.13340000
0.06100000	0.12610000
0.06020000	0.12280000
0.06860000	0.11340000
0.05940000	0.10780000
0.04950000	0.10260000
0.04730000	0.09780000
0.04500000	0.09340000
0.04040000	0.08930000
0.03890000	0.08550000
0.03660000	0.08200000
0.05640000	0.15830000
0.04650000	0.17260000
0.03730000	0.16830000
0.03350000	0.17330000
0.03200000	0.16100000
0.03050000	0.14990000
0.02970000	0.13990000
0.02740000	0.13080000
0.02670000	0.12320000
0.02440000	0.11510000
0.02440000	0.10820000
0.02590000	0.10200000
0.02670000	0.09630000
0.02360000	0.09120000
0.02360000	0.08640000
0.02210000	0.08200000
0.02210000	0.07800000
0.02290000	0.07430000
0.17530000	2.08550000
0.03810000	0.57350000
0.02740000	0.55540000
0.03510000	0.50750000
0.04880000	0.47460000
0.05110000	0.43390000
0.05720000	0.39740000
0.05110000	0.36460000
0.05260000	0.33520000
0.05330000	0.30870000
0.04570000	0.28490000
0.06020000	0.26340000
0.08380000	0.40380000
0.06630000	0.34990000
0.06250000	0.36450000
0.06480000	0.33560000
0.06170000	0.30970000
0.05410000	0.28630000
0.05410000	0.26520000
0.05490000	0.24620000
0.05110000	0.22900000
7.46880000	8.13760000
1.37180000	0.79510000
1.29560000	0.82930000
0.75450000	0.74020000
0.73930000	0.72120000
0.77740000	0.72070000
0.63260000	0.63880000
0.55630000	0.62050000
0.51060000	0.57110000
2.46170000	4.06210000
1.66140000	0.73500000
1.31850000	0.70610000
1.12030000	0.64840000
0.96790000	0.59660000
0.87640000	0.54990000
0.79260000	0.50800000
0.73160000	0.47010000
0.68590000	0.43600000
0.64780000	0.40520000
0.59450000	0.37740000
0.54870000	0.35220000
0.53350000	0.32940000
1.63860000	0.41860000
2.50740000	4.90600000
2.24830000	2.74770000
39.32550000	20.87230000
6.59230000	11.88100000
3.81060000	3.33760000
4.31360000	3.31430000
3.49810000	6.77110000
17.90990000	17.37430000
9.52650000	18.07450000
4.54990000	9.12560000
3.84870000	5.62280000
3.52860000	5.17680000
3.25430000	4.71640000
3.04850000	4.30390000
2.89610000	3.93420000
2.82750000	3.63960000
2.52260000	3.30480000
2.23300000	3.05910000
2.08060000	2.81660000
1.96630000	2.59840000
1.88240000	2.41240000
1.82910000	2.23470000
1.74530000	2.08240000
1.62330000	1.92060000
1.55470000	1.80380000
1.44040000	1.68430000
1.35660000	1.57590000
1.29560000	1.47760000
1.18890000	1.38810000
1.10510000	1.30670000
1.05930000	1.23250000
1.04410000	1.16470000
1.00600000	1.10270000
0.96030000	1.04580000
0.91450000	0.99360000
0.89170000	0.94550000
0.86120000	0.90120000
0.83070000	0.87100000
0.80020000	0.82240000
0.78500000	0.78730000
0.77740000	0.75470000
0.76970000	0.72430000
0.73930000	0.69590000
0.73160000	0.66940000
0.73160000	0.64450000
0.73160000	0.62110000
0.72400000	0.59920000
0.70880000	0.57850000
0.71640000	0.56460000
0.76210000	0.58310000
0.72400000	0.52410000
0.70120000	0.53830000
0.65540000	0.53460000
0.64020000	0.50090000
0.60970000	0.48690000
0.58680000	0.47070000
0.57160000	0.45530000
0.57160000	0.44070000
0.55630000	0.42680000
0.54110000	0.41360000
0.49540000	0.40100000
0.47250000	0.38900000
0.45730000	0.37750000
0.45730000	0.36650000
0.46490000	0.35590000
0.43440000	0.34570000
0.41150000	0.33600000
0.39630000	0.32660000
0.36580000	0.31750000
0.34300000	0.30880000
0.32010000	0.30040000
0.32010000	0.29220000
0.27440000	0.28440000
0.54110000	0.35400000
1.06700000	5.73810000
0.69350000	0.52540000
0.61730000	0.53080000
0.60210000	0.52040000
0.60210000	0.51790000
0.64020000	0.53390000
0.61730000	0.51190000
0.61730000	0.63450000
0.60970000	0.59080000
0.64780000	0.58180000
0.66300000	0.56550000
0.64780000	0.67990000
0.64780000	0.79740000
0.61730000	0.73270000
0.60970000	0.67920000
0.62490000	0.63100000
0.66300000	0.62380000
0.64780000	0.54790000
0.60210000	0.53320000
0.58680000	0.49870000
0.56400000	0.46750000
0.57160000	0.44870000
0.57160000	0.42110000
0.58680000	0.40230000
0.57160000	0.36800000
0.54870000	0.34830000
0.54870000	0.33030000
0.60210000	0.38170000
0.61730000	0.33330000
0.67830000	0.39840000
0.92980000	2.18580000
0.81550000	0.68250000
0.77740000	0.98040000
1.36420000	2.80200000
1.38710000	1.52620000
1.24230000	1.66870000
1.23460000	1.60040000
1.97390000	3.88240000
1.94340000	2.20530000
1.77570000	2.32420000
1.69190000	2.20430000
1.60810000	2.01390000
1.52420000	1.84310000
1.46330000	1.68980000
1.40230000	1.55210000
1.30320000	1.42840000
1.26510000	1.31710000
1.23460000	1.22700000
1.18890000	1.12740000
1.14320000	1.04520000
1.08220000	0.97160000
1.02120000	0.90520000
1.98150000	0.84500000
1.66140000	0.84530000
1.29560000	0.74090000
1.20420000	0.73810000
1.14320000	0.69300000
1.12030000	0.65210000
1.23460000	0.68910000
1.07460000	0.61930000
1.01360000	0.62310000
0.96790000	0.58750000
0.89930000	0.55490000
0.81550000	0.52520000
0.76970000	0.49790000
0.74690000	0.47290000
0.73930000	0.44980000
0.72400000	0.42860000
0.70880000	0.42620000
0.64020000	0.39090000
0.60210000	0.37410000
0.58680000	0.35850000
0.56400000	0.34400000
0.60210000	0.34460000
0.55630000	0.31780000
0.50300000	0.30590000
0.46490000	0.29480000
0.43440000	0.28430000
0.41920000	0.27440000
0.39630000	0.26510000
0.41150000	0.25630000
0.42680000	0.25860000
0.39630000	0.24000000
0.37340000	0.23240000
0.35060000	0.22520000
0.31250000	0.21840000
0.28200000	0.21180000
0.29720000	0.23080000
0.29720000	0.19960000
0.25910000	0.19380000
0.23630000	0.18830000
0.22860000	0.18300000
0.25150000	0.22190000
0.25150000	0.17290000
0.22100000	0.19100000
0.20580000	0.18420000
0.20580000	0.19560000
0.19820000	0.17180000
0.18290000	0.16610000
0.18290000	0.16070000
0.25150000	0.15560000
0.32010000	0.35330000
0.25150000	0.30930000
0.21340000	0.33130000
0.19050000	0.30900000
0.18290000	0.28890000
0.19050000	0.29690000
0.17530000	0.25400000
0.16000000	0.23890000
0.15240000	0.22510000
0.14480000	0.21250000
0.13720000	0.20100000
0.12190000	0.19050000
0.11430000	0.18080000
0.09910000	0.17200000
0.09150000	0.16380000
0.09150000	0.15620000
0.08380000	0.14930000
0.08380000	0.14280000
0.07620000	0.13680000
0.08380000	0.19040000
0.18290000	0.32660000
0.16770000	0.40390000
0.11430000	0.36830000
0.09910000	0.47240000
0.09150000	0.41110000
0.09150000	0.41280000
0.08380000	0.38070000
0.07470000	0.35170000
0.06860000	0.32570000
0.06630000	0.30220000
0.06020000	0.28090000
0.05560000	0.26170000
0.05030000	0.24430000
0.04650000	0.22860000
0.04120000	0.21430000
0.04120000	0.20130000
0.04040000	0.18950000
0.03660000	0.17870000
0.03510000	0.16880000
0.03200000	0.15980000
0.03120000	0.15150000
0.02970000	0.14400000
0.02740000	0.13700000
0.02520000	0.13050000
0.02440000	0.12460000
0.02360000	0.11910000
0.02290000	0.11400000
0.02210000	0.10930000
0.02210000	0.10490000
0.02060000	0.10070000
0.02130000	0.09690000
0.02060000	0.09330000
0.01980000	0.08990000
0.01980000	0.08670000
0.01980000	0.08370000
0.02060000	0.08090000
0.01980000	0.07820000
0.01910000	0.07570000
0.01980000	0.07320000
0.01910000	0.07090000
0.01980000	0.10920000
0.02060000	0.06670000
0.01910000	0.08100000
0.01910000	0.07750000
0.01980000	0.07430000
0.01910000	0.07130000
0.02900000	0.06850000
0.02740000	0.20660000
0.02210000	0.26050000
0.03430000	0.25310000
0.02820000	0.36970000
0.02130000	0.33980000
0.01910000	0.33640000
0.01910000	0.35170000
0.01680000	0.28340000
0.01680000	0.28690000
0.01520000	0.26400000
0.01370000	0.27250000
0.01140000	0.22480000
0.01070000	0.20810000
0.01830000	0.19310000
0.01830000	0.22680000
0.01220000	0.16720000
0.00910000	0.18460000
0.00750000	0.17180000
0.00760000	0.16020000
0.00660000	0.14970000
0.00660000	0.14010000
0.00650000	0.23290000
0.00620000	0.19090000
0.00520000	0.21150000
0.00460000	0.19590000
0.00460000	0.24970000
0.00760000	0.25170000
0.01140000	0.40330000
0.00720000	0.36260000
0.00600000	0.36790000
0.00350000	0.33760000
0.00220000	0.31040000
0.00210000	0.28600000
0.00210000	0.26400000
0.00200000	0.24420000
0.00180000	0.22630000
0.00180000	0.21130000
0.00180000	0.19560000
0.00170000	0.18240000
0.00150000	0.17050000
0.00140000	0.15960000
0.00130000	0.14980000
0.00120000	0.14080000
0.00110000	0.13270000
0.00110000	0.12530000
0.00110000	0.11850000
0.00110000	0.11220000
0.00110000	0.10650000
0.00090000	0.10130000
0.00090000	0.09640000
0.00080000	0.09200000
0.00080000	0.10410000
0.00070000	0.08400000
0.00070000	0.08050000
0.00080000	0.07720000
0.00080000	0.07410000
0.00080000	0.07120000
0.00080000	0.06860000
0.00090000	0.11880000
0.00080000	0.14170000
0.00080000	0.13720000
0.00080000	0.14830000
0.00090000	0.13790000
0.00100000	0.12840000
0.00110000	0.11990000
0.00100000	0.11220000
0.00100000	0.10520000
0.00100000	0.09880000
0.00100000	0.09300000
0.00100000	0.08770000
0.00100000	0.08290000
0.00080000	0.07840000
0.00080000	0.07440000
0.00080000	0.07070000
0.00080000	0.06720000
0.00080000	0.06410000
0.00080000	0.06120000
0.00080000	0.05850000
0.00080000	0.05600000
0.00070000	0.05360000
0.00070000	0.05150000
0.00070000	0.04950000
0.00060000	0.04760000
0.00060000	0.04580000
0.00060000	0.04410000
0.00060000	0.06380000
0.00050000	0.04110000
0.00080000	0.18970000
0.00070000	0.20590000
0.00070000	0.24200000
0.00060000	0.22000000
0.00060000	0.21910000
0.00050000	0.20080000
0.00050000	0.18450000
0.00040000	0.16970000
0.00040000	0.15650000
0.00040000	0.14460000
0.00030000	0.13380000
0.00030000	0.12410000
0.00030000	0.11540000
0.00020000	0.10750000
0.00020000	0.10270000
0.00020000	0.09380000
0.00020000	0.08790000
0.00020000	0.08260000
0.00010000	0.07770000
0.00010000	0.07330000
0.00010000	0.06920000
0.00000000	0.06550000
0.00000000	0.10210000
0.00010000	0.05900000
0.00010000	0.07170000
0.00000000	0.06760000
0.00000000	0.06380000
0.00000000	0.06040000
0.00000000	0.05720000
0.00000000	0.05430000
0.00000000	0.05160000
0.00000000	0.04920000
0.00000000	0.04690000
0.00000000	0.04480000
0.00010000	0.04290000
0.00000000	0.04110000
0.00000000	0.03940000
0.00000000	0.03780000
0.00000000	0.03630000
0.00000000	0.03500000
0.00000000	0.03370000
0.00000000	0.03250000
0.00000000	0.03140000
0.00000000	0.03030000
0.00000000	0.02930000
0.00000000	0.02830000
0.00000000	0.02740000
0.00000000	0.08670000
0.00000000	0.06130000
0.00000000	0.07340000
0.00000000	0.07260000
0.00000000	0.06730000
0.00000000	0.06250000
0.00000000	0.05820000
0.00000000	0.05430000
0.00000000	0.05080000
0.00000000	0.04760000
0.00000000	0.04460000
0.00000000	0.04200000
0.00000000	0.04730000
0.00000000	0.03740000
0.00000000	0.03530000
0.00000000	0.03350000
0.00000000	0.03180000
0.00000000	0.03020000
0.00000000	0.02880000
0.00000000	0.02750000
0.00000000	0.02630000
0.00000000	0.03070000
0.00000000	0.02410000
0.00000000	0.02310000
0.00000000	0.02220000
0.00000000	0.02130000
0.00000000	0.02050000
0.00000000	0.01980000
0.00000000	0.01910000
0.00000000	0.01840000
0.00000000	0.01780000
0.00000000	0.01720000
0.00000000	0.01660000
0.00000000	0.01610000
0.00000000	0.01560000
0.00000000	0.01510000
0.00000000	0.01460000
0.00000000	0.01420000
0.00000000	0.01380000
0.00000000	0.01340000
0.00000000	0.01300000
0.00000000	0.01260000
0.00000000	0.01220000
0.00000000	0.01190000
0.00000000	0.01160000
0.00000000	0.01130000
0.00000000	0.01090000
0.00000000	0.01070000
0.00000000	0.01040000
0.00000000	0.01010000
0.00000000	0.00980000
0.00000000	0.00960000
0.00000000	0.00930000
0.00000000	0.00910000
0.00000000	0.00880000
0.00000000	0.00860000
0.00000000	0.00840000
0.00000000	0.02990000
0.00000000	0.02390000
0.00000000	0.00770000
0.00000000	0.01340000
0.00000000	0.01260000
0.00000000	0.01190000
0.00000000	0.09490000
0.00000000	0.08380000
0.00000000	0.09260000
0.00000000	0.09580000
0.00000000	0.08720000
0.00000000	0.09310000
0.00000000	0.07270000
0.00000000	0.06650000
0.00000000	0.06100000
0.00000000	0.05600000
0.00000000	0.05160000
0.00000000	0.04760000
0.00000000	0.04390000
0.00000000	0.04070000
0.00000000	0.07280000
0.00000000	0.03510000
0.00000000	0.04120000
0.00000000	0.03820000
0.00000000	0.03550000
0.00000000	0.03310000
0.00000000	0.03130000
0.00000000	0.03390000
0.00000000	0.02840000
0.00000000	0.02850000
0.00000000	0.03060000
0.00000000	0.03480000
0.00000000	0.02130000
0.00000000	0.02020000
0.00000000	0.06100000
0.00000000	0.07110000
0.00000000	0.07080000
0.00000000	0.08860000
0.00000000	0.08100000
0.00000000	0.07420000
0.00000000	0.06800000
0.00000000	0.06250000
0.00000000	0.05760000
0.00000000	0.05310000
0.00000000	0.04910000
0.00000000	0.04550000
0.00000000	0.07890000
0.00000000	0.03930000
0.00000000	0.04640000
0.00000000	0.04310000
0.00000000	0.04020000
0.00000000	0.03730000
0.00000000	0.03480000
0.00000000	0.03300000
0.00000000	0.03060000
0.00000000	0.03390000
0.00000000	0.05050000
0.00040000	0.40330000
0.00010000	0.35820000
0.00010000	0.36840000
0.00020000	0.34870000
0.00020000	0.30430000
0.00020000	0.27710000
0.00030000	0.25280000
0.00040000	0.23100000
0.00070000	0.27490000
0.00070000	0.34970000
0.00070000	0.32010000
0.00080000	0.32270000
0.00080000	0.29500000
0.00090000	0.27010000
0.00090000	0.24780000
0.00090000	0.22770000
0.00090000	0.20960000
0.00100000	0.19340000
0.00090000	0.17880000
0.00080000	0.16560000
0.00080000	0.15370000
0.00080000	0.14300000
0.00080000	0.13330000
0.00070000	0.12450000
0.00050000	0.11650000
0.00050000	0.10930000
0.00040000	0.10270000
0.00020000	0.09670000
0.00010000	0.09120000
0.00000000	0.08620000
0.00000000	0.10890000
0.00000000	0.08020000
0.00020000	0.31980000
0.00000000	0.27730000
0.00000000	0.29710000
0.00000000	0.27220000
0.00000000	0.24990000
0.00000000	0.22990000
0.00000000	0.21190000
0.00000000	0.19570000
0.00000000	0.35570000
0.00000000	0.30420000
0.00000000	0.31440000
0.00000000	0.28870000
0.00000000	0.26550000
0.00000000	0.24470000
0.00000000	0.38110000
0.00020000	0.60670000
0.00000000	0.67120000
0.00020000	0.71670000
0.00020000	0.64930000
0.00010000	0.62720000
0.00010000	0.57330000
0.00000000	0.52500000
0.00000000	0.48170000
0.00000000	0.44270000
0.00000000	0.40770000
0.00000000	0.37620000
0.00000000	0.34780000
0.00000000	0.32220000
0.00000000	0.29910000
0.00000000	0.27830000
0.00000000	0.25940000
0.00000000	0.24230000
0.00000000	0.22680000
0.00000000	0.21280000
0.00000000	0.20000000
0.00000000	0.18830000
0.00000000	0.17770000
0.00000000	0.21380000
0.00000000	0.15910000
0.00000000	0.17670000
0.00000000	0.16680000
0.00000000	0.20050000
0.00000000	0.24920000
0.00000000	0.22370000
0.00000000	0.24080000
0.00000000	0.22430000
0.00000000	0.20930000
0.00000000	0.19570000
0.00000000	0.18340000
0.00000000	0.17220000
0.00000000	0.16200000
0.00000000	0.15280000
0.00000000	0.14430000
0.00000000	0.13650000
0.00000000	0.12940000
0.00000000	0.12290000
0.00000000	0.11690000
0.00000000	0.33440000
0.00000000	0.51760000
0.00000000	0.46580000
0.00000000	0.46120000
0.00000000	0.42290000
0.00000000	0.38850000
0.00000000	0.35750000
0.00000000	0.32970000
0.00000000	0.31120000
0.00000000	0.28210000
0.00000000	0.26170000
0.00000000	0.24330000
0.00000000	0.22670000
0.00000000	0.21160000
0.00000000	0.19800000
0.00000000	0.19680000
0.00000000	0.17430000
0.00000000	0.16410000
0.00000000	0.19890000
0.00000000	0.15400000
0.00000000	0.16810000
0.00000000	0.15210000
0.00000000	0.14360000
0.00000000	0.13580000
0.00000000	0.12860000
0.00000000	0.12200000
0.00000000	0.11600000
0.00000000	0.11050000
0.00000000	0.10530000
0.00000000	0.10060000
0.00000000	0.09620000
0.00000000	0.09220000
0.00000000	0.08840000
0.00000000	0.08480000
0.00000000	0.08160000
0.00000000	0.07850000
0.00000000	0.08360000
0.00000000	0.07290000
0.00000000	0.07030000
0.00000000	0.06790000
0.00000000	0.06560000
0.00000000	0.06350000
0.00000000	0.06140000
0.00000000	0.05950000
0.00000000	0.05760000
0.00000000	0.05580000
0.00000000	0.05420000
0.00000000	0.05250000
0.00000000	0.05100000
0.00000000	0.04950000
0.00000000	0.04810000
0.00000000	0.06600000
0.00000000	0.04540000
0.00000000	0.04420000
0.00000000	0.04290000
0.00000000	0.04180000
0.00000000	0.04060000
0.00000000	0.03950000
0.00000000	0.03850000
0.00000000	0.03750000
0.00000000	0.03650000
0.00000000	0.03550000
0.00000000	0.03460000
0.00000000	0.03370000
0.00000000	0.03280000
0.00000000	0.03190000
0.00000000	0.03110000
0.00000000	0.03030000
0.00000000	0.02950000
0.00000000	0.02880000
0.00000000	0.02800000
0.00000000	0.02730000
0.00000000	0.02660000
0.00000000	0.05240000
0.00000000	0.03500000
0.00000000	0.02460000
0.00000000	0.02400000
0.00000000	0.02340000
0.00000000	0.02280000
0.00000000	0.02220000
0.00000000	0.08740000
0.00000000	0.12890000
0.00000000	0.11650000
0.00000000	0.12740000
0.00000000	0.14320000
0.00000000	0.10720000
0.00000000	0.09860000
0.00000000	0.15420000
0.00000000	0.11380000
0.00000000	0.13470000
0.00000000	0.12360000
0.00000000	0.11360000
0.00000000	0.10460000
0.00000000	0.25200000
0.00000000	0.20840000
0.00000000	0.23110000
0.00000000	0.21110000
0.00000000	0.19320000
0.00000000	0.17710000
0.00000000	0.16960000
0.00000000	0.14970000
0.00000000	0.13800000
0.00000000	0.12750000
0.00000000	0.11800000
0.00000000	0.10950000
0.00000000	0.10180000
0.00000000	0.09480000
0.00000000	0.08850000
0.00000000	0.08280000
0.00000000	0.07760000
0.00000000	0.07280000
0.00000000	0.06850000
0.00000000	0.06460000
0.00000000	0.06110000
0.00000000	0.05780000
0.00000000	0.08850000
0.00000000	0.28020000
0.00000000	0.25440000
0.00000000	0.27400000
0.00000000	0.25040000
0.00000000	0.24420000
0.00000000	0.24520000
0.00000000	0.21100000
0.00000000	0.20760000
0.00000000	0.26640000
0.00000000	0.22320000
0.00000000	0.24360000
0.00000000	0.22370000
0.00000000	0.20580000
0.00000000	0.18970000
0.00000000	0.17520000
0.00000000	0.29690000
0.00000000	0.25110000
0.00000000	0.26520000
0.00000000	0.24370000
0.00000000	0.22440000
0.00000000	0.20700000
0.00000000	0.19130000
0.00000000	0.17720000
0.00000000	0.16450000
0.00000000	0.15290000
0.00000000	0.14250000
0.00000000	0.13970000
0.00000000	0.12460000
0.00000000	0.11680000
0.00000000	0.10980000
0.00000000	0.10330000
0.00000000	0.09750000
0.00000000	0.09210000
0.00000000	0.08730000
0.00000000	0.08280000
0.00000000	0.07860000
0.00000000	0.07480000
0.00000000	0.07140000
0.00000000	0.06810000
0.00000000	0.06510000
0.00000000	0.06240000
0.00000000	0.05980000
0.00000000	0.05740000
0.00000000	0.05510000
0.00000000	0.05300000
0.00000000	0.05110000
0.00000000	0.04920000
0.00000000	0.04750000
0.00000000	0.04580000
0.00000000	0.04430000
0.00000000	0.17600000
0.00000000	0.13920000
0.00000000	0.16190000
0.00000000	0.14910000
0.00000000	0.13760000
0.00000000	0.12720000
0.00000000	0.11780000
0.00000000	0.10940000
0.00000000	0.10170000
0.00000000	0.09480000
0.00000000	0.08860000
0.00000000	0.09180000
0.00000000	0.07780000
0.00000000	0.07310000
0.00000000	0.06880000
0.00000000	0.06490000
0.00000000	0.06140000
0.00000000	0.05810000
0.00000000	0.05520000
0.00000000	0.05240000
0.00000000	0.06160000
0.00000000	0.04760000
0.00000000	0.04540000
0.00000000	0.04340000
0.00000000	0.30460000
0.00000000	0.34150000
0.00000000	0.32250000
0.00000000	0.31800000
0.00000000	0.29020000
0.00000000	0.26530000
0.00000000	0.41180000
0.00000000	0.36380000
0.00000000	0.36860000
0.00000000	0.33690000
0.00000000	0.30850000
0.00000000	0.47530000
0.00000000	0.42450000
0.00000000	0.43100000
0.00000000	0.40330000
0.00000000	0.36090000
0.00000000	0.33140000
0.00000000	0.30480000
0.00000000	0.28100000
0.00000000	0.25950000
0.39630000	0.53790000
0.33530000	2.75070000
0.25910000	0.89710000
0.24390000	0.81370000
0.22860000	0.77430000
0.21340000	0.70730000
0.19820000	0.64720000
0.19050000	0.63110000
0.16770000	0.65250000
0.12960000	0.72720000
0.10670000	0.72360000
0.16000000	2.99100000
0.19820000	1.63570000
0.18290000	0.90420000
0.16770000	0.88470000
0.13720000	0.82470000
0.12190000	0.77470000
0.11430000	0.71800000
0.09150000	0.66090000
0.09150000	0.60960000
0.07390000	0.56330000
0.06020000	0.52170000
0.05940000	0.48410000
0.05260000	0.45010000
0.04950000	0.41940000
0.05180000	0.39160000
0.04800000	0.36640000
0.04420000	0.34850000
0.04120000	0.32280000
0.04040000	0.30390000
0.04270000	0.28890000
0.04420000	0.27080000
0.04040000	0.25640000
0.04120000	0.24320000
0.04120000	0.23100000
0.04120000	0.21990000
0.04040000	0.20960000
0.04190000	0.20010000
0.03960000	0.19130000
0.03810000	0.18310000
0.03660000	0.17550000
0.03580000	0.16840000
0.03350000	0.16180000
0.02670000	0.15570000
0.02670000	0.14990000
0.02440000	0.14440000
0.02440000	0.13930000
0.02290000	0.14050000
0.01750000	0.13000000
0.01450000	0.12570000
0.01300000	0.12160000
0.01220000	0.11770000
0.01220000	0.11400000
0.01070000	0.11050000
0.00910000	0.10720000
0.00840000	0.10400000
0.00650000	0.10090000
0.00650000	0.09790000
6.97340000	9.08090000
1.28800000	1.08480000
1.66140000	2.65600000
0.99080000	0.68570000
0.74690000	0.64820000
0.64020000	0.59340000
0.57920000	0.54430000
0.50300000	0.50010000
0.44970000	0.46240000
0.41150000	0.43480000
0.37340000	0.40280000
0.35060000	0.37680000
0.31250000	0.33750000
0.27440000	0.31560000
2.01200000	0.29250000
4.04690000	9.04630000
1.79860000	1.23510000
1.47850000	0.63090000
7.84990000	0.62690000
3.25430000	4.83950000
2.16440000	1.54210000
1.89010000	1.64170000
1.69950000	1.49500000
1.52420000	1.36360000
1.35660000	1.24590000
1.24230000	1.14030000
1.19650000	1.06810000
1.63090000	2.33640000
1.43280000	0.98980000
1.31080000	0.93600000
1.18130000	0.86080000
1.01360000	0.79480000
0.96030000	0.73540000
0.99080000	0.71480000
0.83070000	0.63350000
0.77740000	0.59310000
0.78500000	0.55320000
0.83830000	0.55970000
0.73160000	0.48430000
0.67830000	0.47550000
0.61730000	0.44640000
0.60210000	0.42000000
0.59450000	0.40960000
0.58680000	0.37380000
0.63260000	0.41320000
0.52590000	0.36370000
0.45730000	0.37250000
0.42680000	0.35170000
0.41920000	0.33280000
0.42680000	0.34610000
0.45730000	0.34250000
0.54870000	0.32480000
6.23420000	4.86700000
1.89770000	0.52970000
1.58520000	0.53110000
1.42520000	0.49360000
1.28800000	0.45960000
1.15840000	0.42890000
1.05170000	0.40100000
1.04410000	0.40180000
0.92220000	0.35280000
0.82310000	0.33190000
0.76970000	0.31280000
0.76970000	0.29550000
0.68590000	0.27960000
2.96470000	1.45590000
1.28800000	0.40730000
1.00600000	0.40350000
0.87640000	0.37660000
0.81550000	0.35220000
0.80780000	0.33530000
0.90690000	0.37560000
0.78500000	0.32380000
0.73160000	0.33610000
1.29560000	0.42660000
1.37180000	0.46100000
1.06700000	0.53010000
2.93420000	2.39890000
1.72240000	0.56820000
1.52420000	0.56790000
5.25860000	0.52450000
2.19490000	0.48550000
1.85960000	0.45030000
1.69950000	0.41850000
1.98910000	1.09500000
1.65380000	0.50210000
1.50140000	0.48870000
1.36420000	0.45320000
1.21940000	0.42110000
1.09750000	0.39220000
0.99840000	0.36600000
0.90690000	0.34220000
0.82310000	0.32060000
0.75450000	0.30110000
0.69350000	0.28320000
0.64780000	0.27480000
0.73160000	0.34620000
0.72400000	0.36640000
0.62490000	0.33700000
0.53350000	0.33940000
0.65540000	0.31710000
0.95270000	0.40180000
1.10510000	0.43640000
0.67830000	0.41160000
0.59450000	0.39300000
0.66300000	0.38330000
0.68590000	2.40540000
0.60210000	0.53780000
0.60210000	0.60150000
0.68590000	1.52070000
0.57920000	0.60010000
0.54110000	0.58560000
1.18130000	0.55670000
4.42790000	0.55430000
2.30920000	0.62190000
1.66900000	1.81880000
1.52420000	0.61130000
1.90530000	1.11680000
1.56230000	0.60160000
1.41750000	0.61810000
1.24990000	0.55920000
1.08980000	0.51730000
0.99080000	0.47950000
0.90690000	0.44540000
0.98310000	0.41450000
0.89930000	0.42010000
0.78500000	0.36130000
0.76210000	0.35720000
0.84600000	0.36700000
0.85360000	0.38090000
2.56070000	8.05540000
11.20320000	9.76560000
3.51340000	3.23840000
4.16120000	2.11720000
3.42190000	2.82770000
3.01040000	3.34680000
2.78170000	3.48160000
2.40070000	2.64470000
2.30920000	2.61200000
3.43720000	4.88980000
2.47690000	3.08430000
2.11870000	2.87650000
1.98150000	2.62600000
1.85960000	2.40150000
1.88240000	2.22210000
1.69950000	2.01920000
1.57000000	1.85680000
1.45570000	1.71070000
1.33370000	1.57920000
1.23460000	1.46070000
1.12030000	1.35390000
1.02890000	1.25760000
0.92220000	1.17050000
0.82310000	1.09170000
0.76210000	1.02030000
0.69350000	0.95550000
0.64020000	0.89670000
0.96790000	0.84320000
2.08060000	7.23690000
1.37180000	2.22630000
1.02890000	1.06950000
0.83070000	1.01630000
0.71640000	0.94970000
0.66300000	0.91740000
0.63260000	0.83440000
0.56400000	0.78450000
0.51820000	0.73900000
0.52590000	0.69760000
0.47250000	0.65970000
0.41150000	0.62490000
0.39630000	0.59310000
0.91450000	0.60800000
0.55630000	0.53940000
0.50300000	0.59290000
0.48010000	0.56160000
0.68590000	0.56670000
0.53350000	0.56810000
0.95270000	2.06230000
0.82310000	0.67020000
0.64780000	0.65270000
0.53350000	0.61360000
0.55630000	0.57810000
0.49540000	0.54560000
0.57160000	0.51590000
0.55630000	0.85340000
0.46490000	0.55680000
0.44200000	0.56080000
0.41150000	0.52830000
0.38870000	0.49860000
0.36580000	0.47150000
0.35820000	0.44670000
0.32770000	0.42400000
0.33530000	0.40300000
0.31250000	0.38380000
0.28960000	0.36600000
0.25910000	0.34960000
0.24390000	0.33440000
0.22860000	0.32020000
0.21340000	0.30710000
0.20580000	0.29490000
0.16770000	0.28340000
0.18290000	0.27270000
0.18290000	0.28180000
0.16770000	0.25330000
0.16000000	0.24440000
0.14480000	0.23600000
0.13720000	0.22810000
0.12960000	0.22060000
0.12190000	0.21350000
0.11430000	0.20670000
0.11430000	0.23140000
0.12190000	0.19410000
0.11430000	0.18840000
0.11430000	0.18280000
0.11430000	0.17740000
0.09910000	0.17230000
0.09910000	0.16730000
0.09150000	0.16260000
0.07620000	0.15800000
0.08380000	0.15360000
0.06940000	0.14940000
0.05560000	0.14530000
0.05330000	0.14130000
0.05260000	0.13750000
0.08380000	0.24590000
0.06780000	0.29240000
0.06940000	0.28100000
0.06400000	0.28690000
0.05790000	0.26830000
0.05330000	0.25130000
0.05180000	0.23590000
0.04650000	0.22190000
0.04650000	0.20920000
0.04500000	0.19750000
0.04270000	0.18690000
0.04340000	0.17710000
0.04420000	0.16810000
0.04270000	0.15990000
0.04500000	0.15230000
0.04420000	0.14530000
0.04420000	0.13890000
0.04800000	0.13290000
0.04800000	0.12730000
0.04420000	0.12210000
0.04120000	0.11730000
0.04040000	0.11270000
0.04120000	0.10850000
0.03960000	0.10450000
0.03050000	0.10080000
0.03510000	0.09730000
0.04420000	0.09400000
0.04570000	0.09080000
0.04650000	0.08790000
0.04800000	0.08510000
0.04500000	0.08240000
0.03660000	0.07980000
0.03890000	0.07740000
0.05640000	0.13980000
0.06170000	0.23770000
0.05410000	0.23910000
0.05110000	0.24870000
0.05640000	0.23700000
0.06020000	0.21920000
0.06250000	0.20310000
0.07320000	0.19910000
0.05560000	0.17550000
0.04040000	0.16370000
0.04880000	0.15290000
0.05330000	0.14320000
0.04730000	0.13430000
0.05110000	0.12630000
0.05110000	0.11900000
0.04570000	0.11230000
0.04190000	0.10680000
0.04650000	0.11060000
0.04340000	0.11480000
0.04270000	0.09290000
0.04420000	0.10610000
0.04570000	0.12030000
0.04120000	0.11780000
0.04270000	0.13080000
0.04880000	0.12230000
0.05410000	0.11460000
0.05410000	0.10760000
0.05330000	0.10130000
0.05720000	0.09550000
0.04650000	0.09020000
0.04730000	0.08540000
0.04880000	0.08100000
0.04650000	0.07690000
0.04190000	0.07330000
0.04190000	0.07120000
0.03890000	0.06650000
0.04120000	0.06360000
0.03890000	0.06080000
0.03580000	0.05830000
0.03430000	0.05590000
0.03510000	0.05370000
0.03810000	0.05170000
0.03960000	0.04970000
0.04040000	0.04790000
0.04120000	0.04620000
0.03960000	0.04460000
0.03810000	0.04310000
0.03960000	0.04170000
0.03960000	0.04030000
0.03960000	0.03900000
0.03730000	0.03780000
0.03660000	0.03660000
0.03730000	0.03550000
0.03960000	0.04450000
0.03730000	0.03340000
0.03730000	0.04800000
0.03510000	0.05300000
0.03120000	0.03060000
0.03350000	0.06010000
0.03580000	0.06640000
0.03200000	0.05160000
0.03120000	0.07620000
0.03200000	0.07200000
0.03350000	0.06710000
0.03200000	0.06130000
0.03350000	0.05760000
0.03280000	0.05400000
0.02670000	0.05070000
0.02970000	0.05160000
0.02590000	0.04490000
0.02590000	0.04240000
0.02740000	0.04010000
0.03050000	0.03800000
0.02820000	0.03610000
0.02290000	0.03440000
0.02360000	0.03270000
0.02360000	0.03120000
0.02520000	0.02980000
0.02520000	0.02850000
0.02740000	0.02730000
0.02820000	0.02620000
0.02440000	0.02520000
0.02520000	0.02420000
0.02970000	0.02330000
0.03280000	0.04650000
0.02900000	0.03680000
0.02360000	0.02090000
0.02290000	0.02500000
0.02520000	0.02390000
0.02590000	0.02350000
0.02360000	0.02190000
0.02210000	0.02100000
0.02440000	0.02010000
0.02210000	0.01930000
0.02290000	0.01860000
0.01750000	0.01790000
0.01980000	0.01720000
0.02130000	0.01660000
0.02210000	0.01610000
0.02290000	0.01550000
0.02590000	0.05060000
0.02060000	0.03050000
0.01980000	0.02190000
0.02210000	0.03270000
0.01910000	0.09140000
0.01910000	0.06190000
0.02130000	0.09040000
0.04270000	0.13720000
0.02820000	0.27780000
0.02130000	0.25520000
0.02210000	0.26670000
0.02210000	0.24250000
0.01980000	0.22080000
0.01910000	0.20140000
0.02210000	0.18390000
0.03280000	0.18590000
0.02900000	0.24070000
0.02060000	0.20450000
0.02290000	0.21910000
0.02210000	0.20050000
0.02130000	0.18380000
0.01980000	0.16880000
0.02130000	0.15540000
0.02290000	0.14320000
0.02440000	0.13230000
0.02440000	0.12250000
0.02290000	0.11870000
0.02440000	0.11010000
0.02290000	0.10340000
0.02210000	0.09880000
0.01980000	0.08590000
0.02130000	0.08050000
0.01980000	0.07560000
0.01830000	0.07500000
0.01830000	0.06710000
0.01980000	0.06330000
0.02130000	0.05990000
0.02130000	0.05680000
0.02440000	0.07970000
0.01830000	0.05140000
0.01600000	0.04890000
0.01750000	0.04670000
0.01830000	0.04460000
0.01980000	0.04270000
0.01980000	0.04090000
0.02130000	0.03930000
0.03120000	0.15880000
0.01980000	0.12230000
0.01980000	0.15640000
0.02130000	0.14360000
0.02130000	0.13200000
0.02060000	0.12170000
0.01980000	0.11230000
0.02060000	0.10390000
0.03890000	0.28720000
0.02900000	0.29140000
0.02670000	0.26470000
0.02520000	0.24890000
0.02440000	0.22780000
0.02520000	0.20890000
0.02360000	0.19190000
0.02210000	0.17660000
0.02210000	0.16290000
0.02900000	0.17530000
0.02820000	0.14410000
0.02590000	0.12930000
0.02360000	0.12020000
0.02210000	0.11200000
0.01910000	0.10450000
0.01300000	0.09780000
0.01450000	0.09170000
0.01750000	0.08610000
0.02440000	0.13730000
0.01980000	0.16410000
0.01750000	0.14860000
0.01520000	0.16090000
0.01600000	0.14860000
0.01520000	0.13750000
0.01140000	0.12750000
0.00760000	0.11850000
0.00840000	0.11030000
0.00760000	0.10290000
0.00720000	0.09620000
0.00640000	0.09010000
0.00540000	0.08460000
0.00450000	0.07960000
0.00370000	0.07500000
0.00290000	0.07090000
0.00250000	0.06700000
0.00160000	0.06350000
0.00140000	0.06030000
0.00100000	0.05740000
0.00100000	0.05470000
0.00040000	0.05210000
0.00010000	0.04980000
0.00000000	0.04770000
0.00000000	0.04570000
0.00020000	0.05730000
0.00010000	0.04210000
0.00000000	0.04050000
0.00000000	0.03890000
0.00000000	0.03750000
0.00000000	0.03620000
0.00000000	0.03490000
0.00000000	0.03370000
0.00000000	0.03260000
0.00000000	0.03150000
0.00000000	0.03050000
0.00000000	0.02960000
0.00000000	0.02860000
0.00000000	0.02780000
0.00000000	0.02690000
0.00000000	0.02610000
0.00000000	0.02540000
0.00000000	0.02460000
0.00000000	0.02390000
0.00000000	0.02330000
0.00000000	0.02260000
0.00000000	0.02200000
0.00000000	0.04050000
0.00000000	0.04480000
0.00000000	0.02020000
0.00000000	0.01970000
0.00000000	0.01920000
0.00000000	0.01870000
0.00000000	0.01820000
0.00000000	0.03230000
0.00020000	0.04570000
0.00010000	0.07500000
0.00020000	0.05080000
0.00010000	0.07860000
0.00000000	0.07220000
0.00000000	0.06650000
0.00000000	0.06130000
0.00000000	0.05660000
0.00000000	0.05250000
0.00000000	0.04870000
0.00000000	0.04530000
0.00000000	0.04220000
0.00000000	0.03940000
0.00000000	0.03680000
0.00000000	0.03450000
0.00000000	0.03250000
0.00000000	0.07960000
0.00000000	0.35030000
0.00000000	0.31540000
0.00000000	0.32500000
0.00000000	0.29530000
0.00000000	0.26880000
0.00000000	0.24510000
0.00000000	0.22380000
0.00000000	0.20470000
0.00000000	0.18760000
0.00000000	0.17230000
0.00000000	0.15840000
0.00000000	0.14600000
0.00000000	0.14980000
0.00000000	0.12480000
0.00000000	0.11570000
0.00000000	0.10750000
0.00000000	0.10010000
0.00000000	0.09340000
0.00000000	0.08740000
0.00000000	0.14710000
0.00000000	0.10680000
0.00000000	0.12940000
0.00000000	0.11980000
0.00000000	0.16340000
0.00000000	0.24010000
0.00000000	0.31990000
0.00000000	0.48500000
0.00000000	0.43880000
0.00000000	0.43590000
0.00000000	0.41390000
0.00000000	0.36340000
0.00000000	0.36280000
0.00000000	0.35940000
0.00000000	0.31160000
0.00000000	0.31390000
0.00000000	0.30580000
0.00000000	0.26570000
0.00000000	0.24520000
0.00000000	0.22670000
0.00000000	0.21000000
0.00000000	0.19500000
0.00000000	0.18140000
0.00000000	0.16910000
0.00000000	0.15800000
0.00000000	0.14790000
0.00000000	0.13870000
0.00000000	0.13040000
0.00000000	0.12280000
0.00000000	0.11590000
0.00000000	0.10950000
0.00000000	0.10370000
0.00000000	0.09840000
0.00000000	0.09360000
0.00000000	0.08910000
0.00000000	0.08490000
0.00000000	0.08110000
0.00000000	0.07760000
0.00000000	0.07430000
0.00000000	0.07120000
0.00000000	0.06840000
0.00000000	0.06570000
0.00000000	0.06320000
0.00000000	0.06090000
0.00000000	0.05870000
0.00000000	0.05660000
0.00000000	0.05470000
0.00000000	0.05280000
0.00000000	0.05110000
0.00000000	0.04940000
0.00000000	0.04790000
0.00000000	0.04640000
0.00000000	0.04490000
0.00000000	0.04360000
0.00000000	0.04230000
0.00000000	0.10060000
0.00000000	0.06480000
0.00000000	0.08620000
0.00000000	0.08060000
0.00000000	0.07550000
0.00000000	0.07080000
0.00000000	0.07920000
0.00000000	0.07890000
0.00000000	0.11540000
0.00000000	0.34720000
0.00000000	0.31980000
0.00000000	0.32600000
0.00000000	0.29750000
0.00000000	0.27200000
0.00000000	0.24900000
0.00000000	0.22840000
0.00000000	0.21000000
0.00000000	0.19330000
0.00000000	0.17840000
0.00000000	0.16490000
0.00000000	0.15280000
0.00000000	0.14180000
0.00000000	0.13190000
0.00000000	0.12300000
0.00000000	0.11490000
0.00000000	0.10750000
0.00000000	0.10080000
0.00000000	0.09480000
0.00000000	0.08930000
0.00000000	0.08420000
0.00000000	0.08310000
0.00000000	0.07540000
0.00000000	0.07150000
0.00000000	0.06800000
0.00000000	0.06470000
0.00000000	0.06170000
0.00000000	0.05890000
0.00000000	0.05630000
0.00000000	0.05390000
0.00000000	0.05170000
0.00000000	0.04960000
0.00000000	0.04770000
0.00000000	0.04590000
0.00000000	0.04420000
0.00000000	0.04260000
0.00000000	0.04110000
0.00000000	0.03970000
0.00000000	0.03840000
0.00000000	0.03710000
0.00000000	0.03590000
0.00000000	0.03470000
0.00000000	0.03370000
0.00000000	0.03460000
0.00000000	0.03750000
0.00000000	0.03070000
0.00000000	0.02980000
0.00000000	0.02890000
0.00000000	0.02810000
0.00000000	0.02730000
0.00000000	0.02650000
0.00000000	0.02580000
0.00000000	0.02510000
0.00000000	0.02440000
0.00000000	0.02570000
0.00000000	0.05070000
0.00000000	0.02250000
0.00000000	0.02190000
0.00000000	0.02130000
0.00000000	0.02070000
0.00000000	0.02200000
0.00000000	0.01970000
0.00000000	0.01910000
0.00000000	0.02000000
0.00000000	0.02280000
0.00000000	0.01770000
0.00000000	0.01720000
0.00000000	0.01680000
0.00000000	0.01840000
0.00000000	0.01610000
0.00000000	0.01550000
0.00000000	0.01510000
0.00000000	0.01480000
0.00000000	0.01440000
0.00000000	0.01400000
0.00000000	0.01370000
0.00000000	0.01330000
0.00000000	0.01300000
0.00000000	0.01270000
0.00000000	0.01230000
0.00000000	0.01200000
0.00000000	0.03240000
0.00000000	0.06290000
0.00000000	0.04760000
0.00000000	0.07510000
0.00000000	0.06870000
0.00000000	0.06290000
0.00000000	0.05780000
0.00000000	0.05310000
0.00000000	0.04900000
0.00000000	0.04520000
0.00000000	0.04180000
0.00000000	0.03880000
0.00000000	0.03610000
0.00000000	0.03360000
0.00000000	0.03130000
0.00000000	0.02930000
0.00000000	0.02740000
0.00000000	0.02580000
0.00000000	0.02420000
0.00000000	0.02280000
0.00000000	0.02160000
0.00000000	0.02040000
0.00000000	0.02230000
0.00000000	0.04320000
0.00000000	0.01750000
0.00000000	0.01660000
0.00000000	0.01590000
0.00000000	0.01520000
0.00000000	0.01450000
0.00000000	0.01390000
0.00000000	0.01330000
0.00000000	0.01280000
0.00000000	0.01230000
0.00000000	0.01180000
0.00000000	0.01140000
0.00000000	0.05380000
0.00000000	0.02140000
0.00000000	0.07910000
0.00000000	0.06390000
0.00000000	0.09110000
0.00000000	0.08310000
0.00000000	0.07590000
0.00000000	0.06940000
0.00000000	0.06860000
0.00000000	0.06540000
0.00000000	0.05370000
0.00000000	0.04950000
0.00000000	0.04570000
0.00000000	0.04230000
0.00000000	0.03920000
0.00000000	0.03640000
0.00000000	0.03390000
0.00000000	0.03160000
0.00000000	0.02960000
0.00000000	0.02770000
0.00000000	0.02600000
0.00000000	0.02450000
0.00000000	0.02310000
0.00000000	0.02180000
0.00000000	0.02060000
0.00000000	0.01950000
0.00000000	0.01850000
0.00000000	0.01760000
0.00000000	0.01680000
0.00000000	0.01600000
0.00000000	0.03230000
0.00000000	0.46080000
0.00000000	0.47360000
0.00000000	0.48300000
0.00000000	0.44040000
0.00000000	0.42580000
0.00000000	0.38680000
0.00000000	0.35220000
0.00000000	0.32120000
0.00000000	0.29340000
0.00000000	0.26840000
0.00000000	0.24600000
0.00000000	0.22590000
0.00000000	0.20790000
0.00000000	0.19160000
0.00000000	0.20470000
0.00000000	0.20760000
0.00000000	0.17500000
0.00000000	0.18500000
0.00000000	0.17120000
0.00000000	0.16100000
0.00000000	0.14730000
0.00000000	0.18250000
0.00000000	0.12790000
0.00000000	0.14560000
0.00000000	0.13550000
0.00000000	0.12640000
0.00000000	0.11810000
0.00000000	0.11060000
0.00000000	0.10380000
0.00000000	0.09760000
0.00000000	0.09200000
0.00000000	0.12330000
0.00000000	0.08210000
0.00000000	0.08710000
0.00000000	0.08230000
0.00000000	0.07780000
0.00000000	0.10230000
0.00000000	0.32800000
0.00000000	0.29720000
0.00000000	0.31080000
0.00000000	0.28450000
0.00000000	0.26090000
0.00000000	0.23960000
0.00000000	0.22050000
0.00000000	0.20340000
0.00000000	0.20980000
0.00000000	0.23610000
0.00000000	0.45850000
0.00000000	0.42040000
0.00000000	0.41930000
0.00000000	0.37970000
0.00000000	0.34810000
0.00000000	0.33300000
0.00000000	0.29410000
0.00000000	0.27110000
0.00000000	0.25040000
0.00000000	0.23180000
0.00000000	0.21500000
0.00000000	0.19980000
0.00000000	0.18600000
0.00000000	0.17360000
0.00000000	0.16240000
0.00000000	0.15220000
0.00000000	0.14290000
0.00000000	0.13440000
0.00000000	0.12670000
0.00000000	0.19830000
0.00000000	0.15490000
0.00000000	0.18660000
0.00000000	0.17360000
0.00000000	0.16190000
0.00000000	0.15120000
0.00000000	0.14160000
0.00000000	0.19120000
0.00000000	0.17410000
0.00000000	0.16310000
0.00000000	0.15250000
0.00000000	0.14220000
0.00000000	0.13320000
0.00000000	0.12510000
0.00000000	0.11760000
0.00000000	0.11080000
0.00000000	0.10470000
0.00000000	0.16780000
0.00000000	0.12680000
0.00000000	0.15190000
0.00000000	0.14150000
0.00000000	0.13210000
0.00000000	0.12360000
0.00000000	0.11590000
0.00000000	0.10890000
0.00000000	0.10250000
0.00000000	0.15690000
0.00000000	0.11680000
0.00000000	0.13500000
0.00000000	0.12590000
0.00000000	0.11770000
0.00000000	0.11020000
0.00000000	0.10340000
0.00000000	0.09720000
0.00000000	0.09160000
0.00000000	0.08650000
0.00000000	0.08180000
0.00000000	0.07750000
0.00000000	0.07350000
0.00000000	0.06990000
0.00000000	0.06660000
0.00000000	0.06350000
0.00000000	0.06070000
0.00000000	0.05800000
0.00000000	0.05560000
0.00000000	0.06660000
0.00000000	0.05250000
0.00000000	0.04920000
0.00000000	0.04740000
0.00000000	0.04560000
0.00000000	0.04400000
0.00000000	0.04820000
0.00000000	0.04100000
0.00000000	0.03960000
0.00000000	0.03830000
0.00000000	0.03710000
0.00000000	0.03590000
0.00000000	0.03480000
0.00000000	0.03370000
0.00000000	0.03270000
0.00000000	0.03170000
0.00000000	0.03080000
0.00000000	0.02990000
0.00000000	0.02910000
0.00000000	0.02820000
0.00000000	0.02740000
0.00000000	0.02670000
0.00000000	0.15870000
0.00000000	0.12250000
0.00000000	0.14570000
0.00000000	0.13360000
0.00000000	0.12260000
0.00000000	0.11280000
0.00000000	0.10400000
0.00000000	0.09600000
0.00000000	0.12390000
0.00000000	0.08240000
0.00000000	0.08350000
0.00000000	0.07760000
0.00000000	0.07220000
0.00000000	0.06740000
0.00000000	0.06300000
0.00000000	0.05900000
0.00000000	0.05540000
0.00000000	0.05210000
0.00000000	0.04910000
0.00000000	0.04630000
0.00000000	0.04380000
0.00000000	0.08360000
0.00000000	0.03940000
0.00000000	0.05660000
0.00000000	0.05300000
0.00000000	0.04970000
0.00000000	0.04670000
0.00000000	0.04400000
0.00000000	0.04150000
0.00000000	0.03930000
0.00000000	0.03720000
0.00000000	0.03530000
0.00000000	0.03350000
0.00000000	0.03190000
0.00000000	0.03040000
0.00000000	0.03240000
0.00000000	0.06590000
0.00000000	0.02660000
0.00000000	0.03980000
0.00000000	0.03740000
0.00000000	0.03520000
0.00000000	0.03320000
0.00000000	0.03140000
0.00000000	0.02970000
0.00000000	0.06120000
0.00000000	0.04140000
0.00000000	0.02880000
0.00000000	0.02730000
0.00000000	0.34460000
0.00000000	0.36690000
0.00000000	0.64280000
0.00000000	0.87640000
0.00000000	0.93050000
0.00000000	0.88700000
0.00000000	0.80980000
0.00000000	0.74710000
0.00000000	0.68020000
0.00000000	0.62020000
0.00000000	0.56650000
0.00000000	0.51830000
0.00000000	0.47510000
0.00000000	0.70810000
0.00000000	0.76790000
0.00000000	0.76010000
0.00000000	0.72030000
0.00000000	0.66540000
0.00000000	0.61800000
0.00000000	0.56750000
0.00000000	0.57320000
0.00000000	0.62610000
0.00000000	0.57620000
0.00000000	0.56400000
0.00000000	0.51960000
0.00000000	1.22140000
0.00000000	0.70500000
0.00000000	0.65880000
0.00000000	0.61220000
0.00000000	0.55860000
0.00990000	0.67140000
0.07470000	0.78830000
0.06710000	0.70080000
0.07240000	0.72600000
0.06940000	0.71000000
0.06250000	0.70660000
0.06020000	0.65100000
0.05410000	0.62070000
0.05110000	0.57360000
0.04730000	0.53100000
0.04650000	0.49270000
0.04880000	0.45800000
0.05330000	0.42670000
0.14480000	4.88430000
0.15240000	0.67300000
0.25150000	0.66120000
0.22100000	0.61050000
1.66140000	2.87840000
1.26510000	4.67200000
0.65540000	0.81520000
0.46490000	0.79220000
0.32010000	0.71670000
0.23630000	0.66160000
0.19820000	0.61210000
0.16000000	0.56740000
0.12190000	0.52710000
0.09910000	0.49060000
0.07620000	0.45770000
0.06940000	0.42780000
0.06860000	0.40070000
0.12190000	0.37610000
0.46490000	2.44670000
0.34300000	0.49500000
0.24390000	0.49040000
0.20580000	0.45670000
0.17530000	0.42620000
0.16770000	0.39850000
0.16770000	0.37340000
0.16000000	0.36900000
0.14480000	0.32990000
0.13720000	0.31100000
0.12190000	0.29370000
0.61730000	1.22690000
1.11270000	4.29630000
0.71640000	0.50840000
0.59450000	0.50290000
0.52590000	0.46660000
0.45730000	0.43380000
0.40390000	0.40410000
0.37340000	0.37730000
0.35820000	0.35300000
0.35820000	0.33090000
0.35060000	0.33390000
0.41150000	0.30720000
0.71640000	3.17030000
0.55630000	0.95240000
0.49540000	1.11780000
0.46490000	1.02210000
0.47250000	0.94120000
0.46490000	0.86410000
0.45730000	0.80010000
0.43440000	0.72760000
0.39630000	0.67160000
0.36580000	0.62110000
0.38870000	0.60060000
0.38110000	0.53830000
0.35820000	0.51340000
0.35060000	0.48120000
0.31250000	0.44660000
0.35820000	0.47710000
0.34300000	0.73400000
0.35060000	0.86060000
0.32770000	0.83810000
0.32010000	0.77190000
0.34300000	0.71230000
0.32010000	0.65860000
0.34300000	0.64910000
0.30480000	0.56660000
0.28200000	0.55690000
0.26670000	0.51840000
0.25150000	0.48350000
0.27440000	0.45190000
0.32770000	0.48270000
0.33530000	0.53820000
0.30480000	0.77670000
0.29720000	0.71650000
0.29720000	0.66230000
0.28200000	0.61350000
0.27440000	0.56940000
0.28200000	0.52960000
0.26670000	0.49360000
0.24390000	0.46100000
0.23630000	0.43140000
0.22100000	0.40460000
0.22100000	0.38020000
0.21340000	0.35800000
0.22100000	0.33770000
0.24390000	0.33690000
0.80780000	4.43480000
3.13990000	10.23900000
1.68430000	4.11290000
1.47090000	2.64440000
1.34900000	2.40760000
1.25750000	2.19450000
1.15840000	2.00340000
1.05930000	1.83220000
1.00600000	1.67850000
0.90690000	1.54060000
0.83830000	1.41660000
0.79260000	1.30520000
0.76970000	1.20490000
0.80780000	1.13450000
3.91730000	7.71700000
2.04250000	4.57430000
1.66900000	2.06360000
1.58520000	2.01620000
1.50900000	1.84970000
1.98910000	2.82640000
3.56670000	7.95670000
3.43720000	6.67460000
2.79700000	3.31260000
2.34730000	3.35040000
2.59120000	3.09380000
2.24830000	3.07440000
1.92050000	2.78960000
2.05770000	2.76040000
2.72840000	4.15660000
2.09580000	2.75990000
1.90530000	2.75120000
1.74530000	2.52970000
1.66140000	2.33050000
1.59280000	2.15120000
1.53190000	1.98970000
1.47850000	1.84410000
1.41750000	1.71270000
1.37940000	1.59400000
1.27270000	1.48660000
1.32610000	1.42270000
1.36420000	1.34990000
1.23460000	1.26130000
1.15080000	1.22030000
1.07460000	1.14690000
1.02890000	1.08010000
1.35660000	1.63280000
1.20420000	1.02260000
1.10510000	0.99190000
1.02890000	0.93760000
0.99840000	0.88780000
0.96790000	0.84220000
0.96030000	0.80020000
0.99840000	0.79150000
0.98310000	0.74230000
0.91450000	0.69420000
0.84600000	0.67020000
0.80020000	0.64130000
0.76970000	0.61440000
0.75450000	0.58940000
0.73160000	0.56610000
0.86880000	0.60260000
0.96790000	1.00410000
0.82310000	0.60810000
0.74690000	0.61590000
1.28040000	2.13550000
1.22700000	0.66920000
0.99840000	0.65860000
0.97550000	0.62360000
0.93740000	0.59160000
1.04410000	0.61620000
0.92220000	0.53500000
0.88410000	0.55250000
0.80780000	0.52530000
0.77740000	0.50030000
0.76210000	0.47720000
0.73930000	0.45590000
0.71640000	0.43610000
0.70120000	0.41770000
0.65540000	0.40060000
0.64780000	0.38530000
0.62490000	0.36980000
0.59450000	0.35590000
0.57160000	0.34280000
0.53350000	0.33060000
0.50300000	0.31900000
0.48780000	0.30810000
0.47250000	0.29780000
0.47250000	0.28800000
0.45730000	0.27870000
0.44970000	0.26990000
0.50300000	0.28960000
0.70120000	0.34760000
0.60210000	0.37630000
1.37940000	0.41260000
0.79260000	0.38280000
0.69350000	0.38180000
0.64020000	0.36070000
0.60970000	0.34130000
0.61730000	0.33780000
0.57920000	0.33400000
0.53350000	0.29240000
0.48780000	0.27860000
0.45730000	0.26590000
0.43440000	0.25410000
0.41920000	0.24320000
0.41920000	0.23300000
0.38870000	0.22360000
0.35060000	0.21480000
0.32010000	0.20650000
0.28960000	0.19880000
0.26670000	0.19160000
0.24390000	0.18480000
0.22860000	0.17830000
0.20580000	0.17230000
0.19820000	0.16660000
0.21340000	0.16110000
0.19820000	0.15600000
0.18290000	0.15110000
0.16770000	0.14640000
0.21340000	0.15750000
0.57160000	2.99310000
0.44200000	0.44410000
0.35060000	0.44290000
1.74530000	2.57610000
0.70880000	0.60870000
0.55630000	0.58810000
0.50300000	0.54120000
0.45730000	0.49900000
0.41920000	0.46100000
0.38110000	0.42670000
0.36580000	0.39680000
0.36580000	0.38950000
0.32770000	0.34280000
0.31250000	0.32030000
0.28200000	0.29930000
0.25910000	0.28050000
0.23630000	0.26340000
0.21340000	0.24790000
0.21340000	0.23380000
0.31250000	0.34180000
0.28960000	0.30970000
0.23630000	0.31980000
0.20580000	0.29830000
0.18290000	0.27880000
0.17530000	0.26110000
0.37340000	0.90270000
0.28200000	0.45100000
0.22860000	0.43940000
0.20580000	0.40620000
0.18290000	0.37630000
0.16000000	0.34920000
0.13720000	0.32480000
0.12190000	0.30280000
0.10670000	0.28280000
0.10670000	0.26460000
0.09150000	0.24820000
0.08380000	0.23320000
0.07010000	0.21960000
0.06250000	0.20720000
0.05640000	0.19580000
0.05720000	0.18540000
0.05260000	0.17590000
0.04730000	0.16720000
0.04270000	0.15910000
0.04040000	0.15170000
0.09910000	0.23990000
0.24390000	0.67210000
0.20580000	0.50720000
0.68590000	0.65530000
0.79260000	1.84140000
0.46490000	0.73540000
0.35060000	0.71600000
0.28200000	0.65580000
0.25150000	0.60180000
0.24390000	0.55330000
0.28200000	0.64300000
0.44200000	0.58210000
0.41920000	0.55730000
0.31250000	0.51380000
0.26670000	0.47460000
0.23630000	0.43930000
0.22100000	0.40750000
0.19820000	0.37880000
0.17530000	0.35280000
0.16000000	0.32930000
0.13720000	0.30800000
0.12960000	0.28870000
0.12190000	0.27110000
0.12190000	0.25510000
0.11430000	0.25090000
0.10670000	0.26780000
0.09150000	0.21500000
0.09150000	0.22430000
0.09150000	0.22100000
0.10670000	0.21160000
0.10670000	0.24220000
0.08380000	0.18130000
0.07620000	0.21630000
0.07550000	0.20410000
0.06710000	0.19300000
0.06020000	0.18280000
0.05870000	0.17340000
0.05110000	0.16480000
0.04730000	0.15690000
0.04340000	0.14960000
0.03960000	0.14290000
0.03660000	0.13660000
0.03120000	0.13080000
0.02900000	0.12540000
0.02820000	0.12090000
0.02440000	0.11570000
0.02360000	0.11130000
0.02210000	0.10720000
0.01980000	0.10340000
0.01750000	0.09970000
0.01680000	0.09630000
0.01600000	0.09310000
0.01450000	0.09000000
0.01450000	0.08710000
0.01450000	0.08430000
0.01300000	0.08170000
0.01300000	0.07920000
0.01300000	0.07870000
0.01370000	0.07450000
0.01520000	0.07230000
0.01370000	0.07020000
0.01300000	0.06820000
0.01450000	0.06630000
0.01370000	0.06440000
0.01370000	0.06260000
0.01370000	0.06090000
0.01910000	0.35980000
0.02970000	0.32500000
0.01220000	0.32760000
0.01220000	0.30040000
1.16600000	0.46330000
19.28170000	14.59230000
4.40510000	10.44750000
2.25590000	1.49690000
1.68430000	1.38800000
1.15840000	1.26240000
0.79260000	1.15000000
0.68590000	1.04930000
0.60970000	0.95900000
0.56400000	0.87800000
0.54110000	0.80530000
0.54870000	0.78450000
0.64020000	0.69920000
0.66300000	0.68210000
0.74690000	0.69340000
0.71640000	0.68350000
0.67830000	0.64460000
0.61730000	0.60290000
0.57160000	0.55360000
0.54110000	0.51420000
0.49540000	0.47790000
0.45730000	0.44540000
0.42680000	0.41600000
0.38110000	0.38940000
0.35060000	0.36510000
0.32770000	0.34310000
0.29720000	0.32310000
0.27440000	0.30480000
0.25910000	0.28810000
0.25150000	0.27280000
0.23630000	0.25880000
0.22100000	0.24590000
0.20580000	0.23410000
0.19820000	0.22310000
0.19820000	0.21310000
0.19050000	0.20380000
0.17530000	0.19500000
0.16770000	0.18700000
0.15240000	0.17950000
0.15240000	0.17250000
0.14480000	0.16590000
0.13720000	0.15980000
0.12960000	0.15400000
0.12190000	0.14860000
0.11430000	0.14340000
0.11430000	0.13870000
0.11430000	0.13400000
0.11430000	0.12970000
0.10670000	0.12560000
0.09910000	0.12160000
0.09150000	0.11790000
0.08380000	0.11430000
0.08380000	0.11090000
0.08380000	0.10760000
0.08380000	0.10450000
0.07620000	0.10150000
0.09150000	0.14250000
0.09150000	0.11370000
0.09150000	0.11550000
0.09150000	0.13040000
0.08380000	0.12410000
0.08380000	0.11830000
0.08380000	0.11300000
0.08380000	0.10800000
0.08380000	0.10340000
0.07620000	0.09910000
0.08380000	0.10140000
0.07160000	0.09150000
0.07320000	0.08800000
0.07320000	0.08470000
0.07160000	0.08170000
0.07090000	0.07880000
0.07160000	0.07610000
0.07550000	0.07350000
0.07620000	0.07110000
0.08380000	0.06880000
0.07620000	0.06660000
0.07620000	0.06450000
0.08380000	0.06250000
0.08380000	0.06060000
0.07320000	0.05880000
0.07620000	0.05710000
0.07620000	0.05540000
0.08380000	0.05380000
0.07010000	0.05230000
0.07090000	0.05080000
0.07320000	0.04940000
0.07010000	0.04800000
0.07010000	0.04670000
0.06170000	0.04550000
0.05640000	0.04420000
0.05640000	0.04300000
0.05640000	0.04190000
0.05490000	0.04080000
0.05560000	0.03970000
0.05560000	0.03870000
0.05260000	0.03760000
0.04950000	0.03670000
0.05260000	0.03570000
0.05180000	0.03480000
0.04800000	0.03390000
0.04800000	0.03300000
0.04500000	0.03220000
0.04420000	0.03130000
0.04570000	0.03050000
0.04570000	0.02980000
0.04420000	0.02900000
0.04270000	0.02830000
0.04880000	0.02750000
0.05110000	0.12970000
0.04120000	0.09470000
0.04120000	0.12240000
0.04500000	0.11250000
0.05260000	0.14230000
0.04650000	0.09570000
0.04650000	0.13000000
0.04120000	0.11950000
0.04040000	0.11010000
0.04190000	0.10170000
0.04340000	0.09400000
0.04120000	0.09550000
0.04040000	0.08100000
0.03960000	0.07540000
0.04040000	0.07030000
0.10670000	0.29930000
0.05180000	0.25820000
0.04570000	0.27620000
0.04340000	0.25210000
0.04340000	0.23040000
0.04650000	0.21100000
0.06630000	0.25050000
0.08380000	0.37660000
0.07240000	0.35450000
0.07320000	0.35430000
0.07090000	0.32370000
0.07090000	0.29620000
0.06480000	0.27160000
0.06330000	0.24950000
0.06100000	0.22960000
0.05940000	0.21170000
0.05640000	0.19560000
0.05330000	0.18110000
0.05490000	0.16800000
0.05260000	0.15620000
0.05030000	0.14550000
0.05110000	0.13580000
0.04880000	0.12710000
0.04800000	0.14660000
0.04340000	0.11190000
0.04570000	0.10530000
0.04950000	0.10080000
0.05030000	0.09530000
0.05180000	0.15300000
0.05110000	0.12350000
0.04800000	0.15480000
0.05180000	0.17470000
0.04800000	0.13380000
0.05030000	0.14470000
0.05030000	0.13460000
0.05110000	0.12550000
0.05260000	0.11720000
0.05110000	0.10980000
0.05260000	0.10300000
0.05110000	0.09680000
0.05180000	0.09120000
0.05180000	0.08600000
0.05180000	0.08140000
0.05110000	0.07710000
0.04730000	0.07310000
0.04880000	0.07130000
0.05180000	0.06620000
0.04800000	0.07780000
0.05110000	0.06030000
0.05560000	0.05760000
0.05110000	0.05520000
0.04800000	0.05290000
0.04950000	0.05080000
0.04950000	0.04880000
0.05180000	0.04700000
0.05110000	0.04530000
0.04650000	0.04370000
0.04880000	0.04210000
0.04950000	0.04060000
0.04500000	0.03930000
0.04040000	0.03800000
0.04270000	0.03680000
0.04340000	0.03560000
0.04340000	0.03450000
0.04340000	0.03360000
0.04420000	0.03240000
0.04570000	0.03140000
0.04420000	0.03050000
0.04420000	0.02960000
0.04570000	0.02880000
0.04270000	0.02800000
0.04340000	0.02720000
0.04190000	0.02640000
0.04190000	0.02570000
0.03580000	0.02500000
0.03810000	0.02430000
0.03960000	0.02370000
0.03890000	0.02300000
0.03580000	0.02240000
0.03890000	0.02180000
0.03580000	0.02210000
0.03660000	0.02070000
0.03960000	0.02010000
0.04040000	0.01960000
0.03890000	0.01910000
0.03730000	0.01860000
0.03430000	0.01810000
0.03580000	0.01770000
0.03730000	0.01720000
0.03510000	0.01680000
0.03200000	0.01630000
0.02900000	0.01590000
0.02670000	0.04480000
0.02440000	0.01510000
0.02440000	0.01470000
0.02590000	0.01440000
0.02440000	0.01400000
0.02360000	0.01370000
0.02290000	0.01330000
0.02360000	0.01300000
0.02440000	0.01260000
0.02290000	0.01230000
0.02210000	0.01200000
0.01910000	0.01170000
0.01750000	0.01140000
0.01750000	0.01110000
0.01750000	0.01080000
0.01520000	0.01560000
0.01450000	0.01040000
0.01300000	0.01000000
0.01140000	0.00980000
0.01140000	0.00950000
0.01140000	0.00930000
0.01140000	0.01060000
0.01220000	0.01330000
0.01140000	0.00860000
0.00990000	0.00840000
0.01070000	0.00820000
0.00990000	0.00800000
0.00910000	0.00780000
0.00840000	0.00760000
0.00700000	0.00740000
0.00760000	0.01440000
0.01370000	0.07140000
0.01450000	0.16890000
0.00990000	0.14900000
0.00840000	0.16390000
0.00760000	0.14890000
0.00750000	0.13540000
0.00660000	0.12330000
0.00760000	0.11250000
0.00910000	0.10910000
0.01520000	0.11670000
0.01140000	0.08640000
0.00760000	0.07940000
0.00690000	0.07310000
0.00590000	0.06740000
0.00490000	0.06230000
0.00390000	0.05780000
0.00400000	0.05360000
0.00370000	0.04990000
0.00300000	0.04650000
0.00240000	0.04340000
0.00280000	0.04060000
0.00250000	0.03810000
0.00160000	0.03580000
0.00140000	0.03370000
0.00130000	0.03180000
0.00150000	0.03010000
0.00060000	0.02850000
0.00080000	0.02700000
0.00080000	0.02570000
0.00070000	0.02440000
0.00030000	0.02330000
0.00020000	0.02220000
0.00020000	0.02130000
0.00000000	0.02040000
0.00000000	0.01950000
0.00000000	0.01870000
0.00000000	0.01800000
0.00000000	0.01730000
0.00000000	0.01670000
0.00000000	0.01610000
0.00000000	0.01550000
0.00000000	0.22410000
0.00000000	0.18340000
0.00000000	0.21030000
0.00000000	0.19120000
0.00000000	0.17420000
0.00000000	0.15890000
0.00000000	0.14520000
0.00000000	0.13290000
0.00000000	0.12190000
0.00000000	0.11200000
0.00000000	0.10300000
0.00000000	0.09500000
0.00000000	0.08780000
0.00000000	0.08130000
0.00000000	0.07550000
0.00000000	0.07020000
0.00000000	0.06540000
0.00000000	0.06100000
0.00000000	0.05710000
0.00000000	0.05350000
0.00000000	0.05030000
0.00000000	0.04740000
0.00000000	0.04470000
0.00000000	0.04220000
0.00000000	0.04000000
0.00000000	0.03790000
0.00000000	0.03600000
0.00000000	0.03430000
0.00000000	0.06450000
0.00000000	0.03120000
0.00000000	0.03110000
0.00000000	0.02970000
0.00000000	0.02840000
0.00000000	0.02720000
0.00000000	0.02610000
0.00000000	0.02500000
0.00000000	0.02410000
0.00000000	0.02320000
0.00000000	0.02230000
0.00000000	0.02150000
0.00000000	0.02070000
0.00000000	0.02000000
0.00000000	0.01940000
0.00000000	0.01870000
0.00000000	0.01810000
0.00000000	0.01750000
0.00000000	0.01700000
0.00000000	0.01650000
0.00000000	0.01600000
0.00000000	0.01550000
0.00000000	0.01500000
0.00000000	0.01460000
0.00000000	0.01420000
0.00000000	0.01380000
0.00000000	0.01340000
0.00000000	0.01300000
0.00000000	0.01270000
0.00000000	0.01230000
0.00000000	0.01200000
0.00000000	0.01170000
0.00000000	0.01140000
0.00000000	0.01110000
0.00000000	0.01080000
0.00000000	0.01050000
0.00000000	0.01020000
0.00000000	0.00990000
0.00000000	0.00970000
0.00000000	0.00940000
0.00000000	0.00920000
0.00000000	0.00890000
0.00000000	0.00870000
0.00000000	0.00850000
0.00000000	0.00830000
0.00000000	0.00810000
0.00000000	0.00790000
0.00000000	0.00770000
0.00000000	0.00750000
0.00000000	0.00730000
0.00000000	0.00710000
0.00000000	0.00690000
0.00000000	0.00670000
0.00000000	0.00660000
0.00000000	0.00640000
0.00000000	0.00620000
0.00000000	0.00610000
0.00000000	0.00600000
0.00000000	0.00580000
0.00000000	0.04360000
0.00000000	0.05840000
0.00000000	0.09300000
0.00000000	0.08290000
0.00000000	0.08960000
0.00000000	0.08150000
0.00000000	0.07430000
0.00000000	0.06780000
0.00000000	0.06200000
0.00000000	0.05670000
0.00000000	0.05200000
0.00000000	0.06010000
0.00000000	0.04400000
0.00000000	0.06420000
0.00000000	0.03760000
0.00000000	0.03480000
0.00000000	0.03230000
0.00000000	0.03010000
0.00000000	0.02800000
0.00000000	0.02620000
0.00000000	0.02450000
0.00000000	0.04930000
0.00000000	0.51830000
0.00000000	0.54140000
0.00000000	0.49800000
0.00000000	0.47200000
0.00000000	0.42870000
0.00000000	0.38980000
0.00000000	0.35510000
0.00000000	0.32390000
0.00000000	0.29600000
0.00000000	0.27100000
0.00000000	0.24850000
0.00000000	0.22840000
0.00000000	0.21020000
0.00000000	0.19390000
0.00000000	0.17920000
0.00000000	0.16600000
0.00000000	0.15400000
0.00000000	0.14320000
0.00000000	0.13350000
0.00000000	0.12460000
0.00000000	0.11660000
0.00000000	0.10940000
0.00000000	0.10270000
0.00000000	0.09670000
0.00000000	0.09120000
0.00000000	0.08620000
0.00000000	0.08160000
0.00000000	0.07740000
0.00000000	0.07360000
0.00000000	0.07000000
0.00000000	0.07380000
0.00000000	0.07300000
0.00000000	0.06090000
0.00000000	0.05830000
0.00000000	0.05590000
0.00000000	0.05360000
0.00000000	0.05150000
0.00000000	0.04960000
0.00000000	0.11920000
0.00000000	0.08280000
0.00000000	0.11440000
0.00000000	0.10620000
0.00000000	0.09880000
0.00000000	0.09200000
0.00000000	0.22300000
0.00000000	0.18690000
0.00000000	0.20810000
0.00000000	0.19100000
0.00000000	0.36320000
0.00000000	0.39360000
0.00000000	0.36910000
0.00000000	0.35670000
0.00000000	0.32600000
0.00000000	0.29850000
0.00000000	0.32040000
0.00000000	0.40930000
0.00000000	0.56230000
0.00000000	0.69320000
0.00000000	0.64130000
0.00000000	0.61910000
0.00000000	0.56520000
0.00000000	0.51680000
0.00000000	0.47350000
0.00000000	0.49130000
0.00000000	0.43210000
0.00000000	0.43260000
0.00000000	0.42110000
0.00000000	0.39720000
0.00000000	0.43830000
0.00000000	0.40590000
0.00000000	0.40020000
0.00000000	0.39370000
0.00000000	0.35830000
0.00000000	0.33520000
0.00000000	0.50290000
0.00000000	0.46160000
0.00000000	0.46720000
0.00000000	0.44430000
0.00000000	0.40410000
0.00000000	0.37680000
0.00000000	0.35550000
0.00000000	0.32990000
0.00000000	0.30670000
0.00000000	0.28570000
0.00000000	0.26670000
0.00000000	0.24950000
0.00000000	0.23390000
0.00000000	0.21970000
0.00000000	0.20670000
0.00000000	0.19500000
0.00000000	0.18420000
0.00000000	0.17440000
0.00000000	0.18660000
0.00000000	0.18070000
0.00040000	0.14940000
0.00080000	0.16410000
0.00160000	0.15550000
0.00200000	0.14770000
0.00400000	0.14040000
0.00620000	0.13380000
0.00840000	0.12760000
0.00990000	0.12190000
0.01070000	0.11670000
0.01220000	0.11180000
0.01220000	0.10720000
0.01300000	0.10300000
0.01300000	0.09900000
0.01370000	0.09530000
0.03050000	5.47120000
0.04800000	0.54050000
0.05330000	0.52300000
0.04800000	0.47870000
0.04120000	0.43900000
0.03960000	0.40320000
0.04040000	0.40580000
0.03730000	0.34230000
0.03510000	0.33260000
0.03580000	0.31700000
1.37180000	0.32350000
0.12190000	0.27350000
0.07390000	0.29470000
0.06860000	0.26800000
0.06780000	0.25450000
0.06940000	0.23710000
0.07320000	0.24030000
0.06480000	0.20710000
0.05790000	0.19410000
0.06480000	0.21660000
0.06170000	0.17160000
0.05640000	0.18950000
0.04880000	0.17790000
0.05720000	0.21110000
1.12030000	5.00750000
0.83830000	0.51260000
0.65540000	0.48940000
0.54110000	0.46550000
0.47250000	0.42770000
0.41920000	0.39370000
0.35060000	0.36310000
0.32770000	0.33550000
0.32010000	0.31070000
0.30480000	0.28830000
0.30480000	0.27810000
0.27440000	0.25080000
0.26670000	0.23400000
0.25910000	0.21820000
0.22860000	0.20460000
0.21340000	0.19220000
0.20580000	0.18090000
0.19820000	0.17060000
0.19820000	0.16120000
0.19820000	0.15270000
0.41150000	0.17490000
0.96030000	2.44320000
1.20420000	1.55980000
0.96790000	0.44170000
0.84600000	0.43790000
0.76970000	0.40270000
0.70120000	0.37100000
0.65540000	0.34250000
0.61730000	0.31680000
0.57920000	0.29370000
0.55630000	0.28580000
4.48890000	8.48410000
1.91290000	0.61130000
1.44800000	0.59770000
1.22700000	0.54800000
1.10510000	0.50340000
1.01360000	0.46320000
0.93740000	0.42720000
0.86880000	0.39470000
0.84600000	0.37390000
0.86120000	0.39510000
0.78500000	0.34160000
0.72400000	0.34390000
0.67070000	0.31960000
0.62490000	0.29760000
0.58680000	0.27770000
0.54870000	0.25970000
0.52590000	0.24330000
0.48010000	0.22850000
0.45730000	0.21490000
0.42680000	0.20260000
0.40390000	0.19130000
0.38110000	0.18110000
0.35820000	0.17160000
0.35060000	0.16300000
0.34300000	0.15500000
0.33530000	0.14770000
0.32770000	0.14090000
0.30480000	0.15540000
0.28200000	0.12880000
0.26670000	0.12350000
0.25150000	0.11840000
0.24390000	0.11380000
0.22860000	0.13350000
0.21340000	0.10530000
0.19050000	0.10140000
0.18290000	0.09780000
0.17530000	0.09440000
0.16770000	0.09120000
0.16000000	0.08820000
0.14480000	0.08530000
0.12960000	0.08260000
0.12960000	0.08000000
0.12190000	0.07750000
0.12190000	0.07510000
0.11430000	0.07290000
0.10670000	0.07070000
0.09910000	0.06860000
0.16000000	0.24720000
0.12960000	0.21980000
0.12190000	0.24200000
0.12960000	0.29820000
0.49540000	0.26070000
7.01910000	5.53110000
1.10510000	1.25570000
0.70880000	0.69130000
0.57920000	0.65300000
4.33650000	0.67070000
2.22540000	0.68710000
1.35660000	0.62590000
1.09750000	0.60090000
0.96030000	0.55060000
0.87640000	0.50540000
0.80020000	0.46470000
0.73930000	0.42820000
0.68590000	0.39530000
0.64020000	0.36570000
0.58680000	0.33900000
0.54110000	0.31490000
0.49540000	0.29310000
0.47250000	0.27340000
0.43440000	0.25560000
0.41150000	0.23940000
0.38870000	0.22470000
0.36580000	0.21130000
0.34300000	0.19910000
0.32010000	0.18800000
0.32770000	0.17780000
0.33530000	0.16850000
0.32010000	0.15990000
0.30480000	0.15210000
0.26670000	0.14480000
0.25910000	0.13810000
0.25150000	0.13200000
0.23630000	0.12630000
0.21340000	0.12090000
0.20580000	0.11600000
0.19050000	0.11140000
0.16770000	0.10710000
0.15240000	0.10310000
0.13720000	0.09930000
0.12960000	0.11550000
0.13720000	0.09240000
0.15240000	0.08920000
0.13720000	0.08620000
0.12190000	0.08340000
0.09910000	0.08070000
0.09150000	0.07820000
0.08380000	0.07570000
0.07620000	0.07340000
0.07090000	0.07120000
0.06630000	0.06910000
0.06710000	0.06710000
0.06480000	0.06510000
0.06400000	0.06610000
0.06020000	0.10620000
0.05330000	0.05980000
0.04650000	0.08380000
0.04340000	0.07970000
0.04040000	0.07600000
0.03730000	0.07250000
0.03660000	0.06990000
0.05790000	0.09500000
0.05790000	0.14670000
0.07390000	0.28820000
0.07550000	0.39110000
0.08380000	0.35270000
0.09150000	0.35210000
0.14480000	0.35630000
0.35820000	0.40790000
0.16000000	0.35740000
0.11430000	0.36880000
0.07620000	0.33800000
0.06550000	0.31030000
0.05940000	0.28540000
0.05640000	0.26310000
0.05330000	0.24300000
0.05030000	0.22480000
0.04500000	0.20850000
0.04190000	0.19370000
0.03960000	0.18040000
0.03730000	0.16830000
0.03510000	0.15740000
0.03350000	0.14740000
0.03050000	0.13840000
0.02900000	0.13020000
0.02670000	0.12270000
0.02360000	0.11590000
0.02290000	0.10970000
0.02210000	0.10390000
0.02060000	0.09870000
0.01980000	0.09390000
0.01910000	0.08940000
0.01830000	0.08530000
0.01830000	0.08150000
0.01750000	0.13260000
0.01680000	0.07470000
0.01600000	0.11280000
0.01520000	0.10600000
0.01450000	0.09980000
0.01450000	0.09420000
0.01450000	0.08900000
0.01370000	0.08430000
0.01450000	0.13210000
0.01450000	0.07610000
0.01370000	0.10920000
0.01300000	0.12240000
0.01300000	0.09600000
0.01300000	0.09030000
0.01220000	0.08510000
0.01300000	0.08040000
0.01220000	0.07600000
0.01070000	0.07210000
0.01070000	0.06840000
0.00910000	0.06510000
0.00760000	0.06200000
0.00760000	0.05910000
0.00840000	0.05650000
0.00750000	0.05410000
0.00650000	0.05180000
0.00560000	0.04970000
0.00490000	0.04770000
0.00370000	0.04590000
0.00340000	0.04410000
0.00300000	0.04250000
0.00270000	0.04100000
0.00240000	0.03960000
0.00210000	0.03820000
0.00260000	0.03700000
0.00910000	0.45800000
0.00990000	0.44030000
0.01140000	0.41170000
0.01450000	0.67170000
0.00910000	0.60220000
0.00560000	0.59080000
0.00490000	0.53800000
0.00460000	0.49060000
0.00380000	0.44820000
0.00340000	0.41020000
0.00340000	0.37600000
0.00310000	0.34540000
0.00290000	0.31780000
0.00220000	0.29300000
0.00230000	0.34400000
0.00840000	0.59890000
0.01220000	0.60140000
0.00840000	0.55760000
0.00700000	0.53950000
0.00560000	0.48610000
0.00520000	0.44650000
0.00520000	0.41080000
0.00530000	0.37880000
0.00450000	0.34990000
0.00340000	0.32390000
0.00330000	0.30040000
0.00340000	0.27920000
0.00430000	0.26010000
0.00620000	0.29370000
0.00510000	0.22700000
0.00470000	0.29170000
0.00450000	0.23140000
0.00400000	0.25910000
0.00430000	0.24720000
0.00430000	0.22570000
0.00310000	0.21140000
0.00210000	0.19830000
0.00180000	0.18640000
0.00180000	0.17560000
0.00210000	0.16570000
0.00210000	0.15670000
0.00230000	0.14840000
0.00280000	0.14090000
0.00220000	0.13390000
0.00210000	0.12750000
0.00210000	0.12160000
0.00200000	0.11610000
0.00110000	0.11110000
0.00130000	0.10640000
0.00140000	0.10200000
0.00110000	0.09790000
0.00110000	0.09410000
0.00110000	0.09060000
0.00090000	0.08720000
0.00070000	0.08410000
0.00120000	0.08110000
0.00150000	0.07840000
0.00210000	0.07570000
0.00180000	0.07320000
0.00140000	0.07090000
0.00090000	0.06860000
0.00090000	0.06650000
0.00020000	0.06440000
0.00010000	0.06250000
0.00050000	0.06060000
0.00060000	0.05890000
0.00050000	0.05720000
0.00050000	0.05550000
0.00050000	0.05390000
0.00060000	0.05240000
0.00050000	0.05100000
0.00040000	0.04960000
0.00070000	0.04820000
0.00110000	0.04690000
0.00110000	0.04560000
0.00080000	0.04440000
0.00100000	0.04320000
0.00080000	0.04210000
0.00110000	0.04100000
0.00140000	0.03990000
0.00190000	0.03880000
0.00210000	0.03780000
0.00210000	0.03690000
0.00210000	0.03590000
0.00230000	0.03500000
0.00210000	0.03410000
0.00230000	0.03320000
0.00220000	0.03230000
0.00180000	0.03150000
0.00110000	0.03070000
0.00070000	0.02990000
0.00080000	0.02920000
0.00070000	0.03370000
0.00090000	0.03780000
0.00110000	0.02700000
0.00080000	0.02630000
0.00080000	0.02570000
0.00070000	0.02500000
0.00040000	0.02440000
0.00030000	0.02380000
0.00020000	0.02320000
0.00020000	0.02260000
0.00030000	0.02200000
0.00000000	0.02150000
0.00000000	0.02090000
0.00010000	0.02420000
0.00000000	0.01990000
0.00000000	0.01940000
0.00010000	0.01890000
0.00040000	0.05510000
0.00070000	0.01800000
0.00050000	0.03180000
0.00070000	0.04970000
0.00050000	0.06210000
0.00030000	0.06050000
0.00020000	0.07520000
0.00050000	0.12100000
0.00270000	2.06610000
0.00390000	0.55890000
0.00400000	0.52860000
0.00420000	0.50100000
0.00370000	0.44820000
0.00330000	0.40800000
0.00280000	0.37710000
0.00280000	0.33980000
0.00240000	0.31090000
0.00240000	0.28500000
0.00210000	0.26170000
0.00220000	0.24080000
0.00190000	0.22190000
0.00200000	0.20500000
0.00210000	0.18970000
0.00180000	0.17600000
0.00210000	0.16350000
0.00220000	0.15230000
0.00220000	0.14210000
0.00230000	0.13290000
0.00250000	0.12450000
0.00310000	0.11690000
0.00270000	0.11000000
0.00270000	0.10370000
0.00190000	0.09800000
0.00230000	0.09270000
0.00270000	0.08790000
0.00290000	0.08340000
0.00270000	0.08440000
0.00310000	0.07560000
0.00280000	0.07220000
0.00280000	0.06900000
0.00300000	0.08150000
0.00290000	0.07390000
0.00300000	0.08570000
0.00280000	0.05830000
0.00310000	0.07660000
0.00340000	0.07250000
0.00310000	0.06880000
0.00340000	0.06530000
0.00310000	0.06220000
0.00260000	0.05930000
0.00290000	0.05660000
0.00240000	0.06040000
0.00210000	0.05180000
0.00230000	0.04970000
0.00210000	0.04770000
0.00270000	0.04590000
0.00270000	0.04410000
0.00270000	0.04240000
0.00280000	0.04090000
0.00270000	0.03950000
0.00250000	0.03810000
0.00130000	0.03680000
0.00170000	0.03560000
0.00180000	0.03440000
0.00140000	0.03330000
0.00140000	0.03230000
0.00120000	0.03130000
0.00100000	0.04540000
0.00070000	0.15870000
0.00170000	0.13180000
0.00130000	0.15640000
0.00140000	0.14340000
0.00140000	0.13170000
0.00170000	0.12120000
0.00200000	0.11180000
0.00220000	0.10330000
0.00210000	0.09560000
0.00250000	0.08870000
0.00140000	0.12520000
0.00020000	0.07680000
0.00020000	0.09200000
0.00020000	0.08540000
0.00010000	0.07950000
0.00000000	0.07410000
0.00000000	0.06930000
0.00000000	0.06480000
0.00000000	0.06080000
0.00000000	0.05720000
0.00000000	0.05390000
0.00000000	0.05080000
0.00000000	0.07770000
0.00010000	0.09520000
0.00010000	0.38040000
0.00070000	0.42210000
0.00140000	0.39000000
0.00190000	0.37590000
0.00320000	0.34250000
0.00330000	0.31260000
0.00280000	0.28590000
0.00300000	0.27780000
0.00260000	0.25550000
0.00320000	0.22090000
0.00340000	0.20350000
0.00340000	0.18780000
0.00450000	0.17370000
0.00460000	0.16090000
0.00440000	0.14940000
0.00430000	0.16250000
0.00340000	0.12970000
0.00310000	0.12120000
0.00300000	0.11340000
0.00270000	0.10640000
0.00260000	0.10010000
0.00190000	0.09430000
0.00180000	0.08900000
0.00180000	0.08520000
0.00170000	0.08020000
0.00110000	0.07960000
0.00110000	0.07190000
0.00170000	0.07100000
0.00220000	0.06530000
0.00260000	0.11550000
0.00210000	0.05960000
0.00180000	0.09610000
0.00110000	0.09000000
0.00110000	0.08450000
0.00110000	0.07950000
0.00090000	0.07490000
0.00100000	0.07070000
0.00130000	0.24830000
0.00150000	0.31290000
0.00180000	0.28330000
0.00160000	0.28950000
0.00130000	0.26500000
0.00150000	0.28440000
0.00140000	0.23870000
0.00100000	0.22360000
0.00110000	0.20580000
0.00080000	0.18980000
0.00010000	0.17540000
0.00060000	0.16250000
0.00030000	0.15080000
0.00000000	0.14020000
0.00070000	0.13060000
0.00090000	0.56650000
0.00110000	0.55560000
0.00120000	0.50790000
0.00110000	0.48820000
0.00090000	0.44600000
0.00060000	0.40810000
0.00050000	0.37410000
0.00050000	0.34360000
0.00090000	0.37880000
0.00040000	0.31920000
0.00030000	0.32190000
0.00020000	0.29690000
0.00000000	0.27440000
0.00000000	0.25410000
0.00020000	0.23570000
0.00000000	0.21920000
0.00000000	0.20420000
0.00000000	0.19070000
0.00000000	0.17840000
0.00000000	0.16730000
0.00000000	0.15710000
0.00000000	0.14790000
0.00000000	0.13950000
0.00000000	0.13180000
0.00000000	0.12480000
0.00000000	0.11830000
0.00000000	0.11240000
0.00000000	0.10700000
0.00000000	0.10200000
0.00000000	0.09730000
0.00000000	0.09310000
0.00000000	0.08910000
0.00000000	0.08540000
0.00000000	0.08190000
0.00000000	0.07870000
0.00000000	0.07570000
0.00000000	0.07810000
0.00000000	0.10960000
0.00000000	0.06780000
0.00000000	0.08260000
0.00000000	0.07870000
0.00000000	0.07510000
0.00000000	0.07180000
0.00000000	0.06880000
0.00000000	0.07950000
0.00000000	0.07860000
0.00000000	0.06080000
0.00000000	0.05850000
0.00000000	0.05630000
0.00000000	0.05430000
0.00000000	0.05240000
0.00000000	0.10380000
0.00000000	0.19550000
0.00000000	0.23880000
0.00000000	0.35880000
0.00000000	0.32410000
0.00000000	0.32810000
0.00000000	0.30000000
0.00000000	0.27490000
0.00000000	0.25240000
0.00000000	0.23210000
0.00000000	0.21380000
0.00000000	0.19740000
0.00000000	0.28590000
0.00000000	0.23830000
0.00000000	0.25470000
0.00000000	0.23460000
0.00000000	0.21650000
0.00000000	0.20010000
0.00000000	0.18540000
0.00000000	0.17220000
0.00000000	0.16020000
0.00000000	0.14930000
0.00000000	0.13950000
0.00000000	0.13060000
0.00000000	0.12250000
0.00000000	0.11510000
0.00000000	0.10840000
0.00000000	0.10230000
0.00000000	0.09670000
0.00000000	0.09160000
0.00000000	0.08690000
0.00000000	0.08700000
0.00000000	0.07860000
0.00000000	0.07500000
0.00000000	0.07160000
0.00000000	0.06850000
0.00000000	0.06560000
0.00000000	0.06290000
0.00000000	0.06040000
0.00000000	0.05800000
0.00000000	0.05580000
0.00000000	0.05370000
0.00000000	0.05260000
0.00000000	0.06900000
0.00000000	0.05780000
0.00000000	0.04660000
0.00000000	0.04510000
0.00000000	0.04370000
0.00000000	0.04230000
0.00000000	0.04090000
0.00000000	0.03970000
0.00000000	0.06880000
0.00000000	0.08920000
0.00000000	0.06490000
0.00000000	0.08970000
0.00000000	0.08350000
0.00000000	0.08560000
0.00000000	0.11170000
0.00000000	0.07640000
0.00000000	0.08440000
0.00000000	0.07860000
0.00000000	0.07340000
0.00000000	0.06870000
0.00000000	0.06440000
0.00000000	0.08760000
0.00000000	0.05690000
0.00000000	0.08400000
0.00000000	0.18810000
0.00000000	0.82770000
0.00000000	0.58690000
0.00000000	0.57570000
0.00000000	0.52340000
0.00000000	0.47660000
0.00000000	0.43470000
0.00000000	0.39710000
0.00000000	0.39840000
0.00000000	1.65350000
0.00000000	0.73390000
0.00000000	0.69530000
0.00000000	0.63420000
0.00180000	0.57950000
0.00750000	0.53040000
0.00470000	0.48630000
0.00620000	0.51980000
0.00530000	0.44820000
0.00760000	0.44960000
0.00760000	0.41410000
0.00910000	0.38210000
0.00620000	0.35330000
0.00080000	0.34310000
6.37900000	6.56430000
0.62490000	0.96800000
0.22100000	0.90630000
0.34300000	0.98120000
0.35060000	0.96460000
0.19820000	0.88900000
0.11430000	0.83240000
0.08380000	0.76320000
0.06100000	0.70120000
0.04340000	0.67180000
0.03430000	0.59530000
0.03050000	0.55010000
0.02670000	0.50940000
0.02440000	0.47270000
0.70880000	0.54560000
0.23630000	0.48390000
0.10670000	0.48740000
0.19050000	0.46490000
31.17080000	19.29900000
2.26350000	5.62360000
1.35660000	1.04460000
0.99840000	0.95950000
0.82310000	0.88080000
0.70880000	0.82120000
0.67830000	0.80450000
0.59450000	0.72280000
0.53350000	0.70150000
0.47250000	0.65230000
0.42680000	0.60150000
0.38870000	0.55870000
0.35060000	0.52000000
0.31250000	0.48500000
0.29720000	0.45330000
0.28200000	0.42450000
0.26670000	0.39840000
0.25910000	0.37460000
0.23630000	0.35300000
0.22860000	0.33320000
0.21340000	0.31520000
0.20580000	0.29940000
0.23630000	0.34390000
0.22860000	0.32830000
0.23630000	0.54490000
0.56400000	2.96600000
0.86880000	2.44710000
0.58680000	0.93490000
0.53350000	1.12140000
0.48780000	1.02680000
0.48010000	0.94180000
0.46490000	0.86550000
0.44200000	0.79690000
0.40390000	0.73520000
0.38870000	0.67960000
0.36580000	0.62960000
0.34300000	0.58940000
0.32010000	0.54350000
0.32010000	0.50660000
0.32010000	0.47980000
0.29720000	0.44280000
0.28960000	0.41530000
0.27440000	0.39030000
0.28200000	0.36750000
0.28200000	0.36040000
0.25150000	0.32770000
0.24390000	0.31030000
0.23630000	0.29440000
0.22100000	0.27980000
0.22860000	0.26630000
0.22100000	0.25390000
0.27440000	0.26880000
0.25150000	0.28760000
0.22100000	0.26580000
0.20580000	0.29620000
0.22100000	0.27970000
0.20580000	0.26460000
0.19050000	0.25680000
0.18290000	0.23810000
0.17530000	0.22640000
0.16770000	0.21570000
0.16000000	0.20580000
0.16000000	0.19660000
0.15240000	0.18810000
0.14480000	0.18020000
0.15240000	0.17280000
0.14480000	0.16600000
0.12190000	0.15960000
0.11430000	0.15360000
0.13720000	0.15800000
0.14480000	0.14830000
0.12190000	0.13770000
0.10670000	0.13300000
0.10670000	0.12860000
0.11430000	0.12440000
0.10670000	0.12040000
0.09910000	0.11660000
0.09150000	0.11290000
0.09150000	0.10950000
0.08380000	0.10620000
0.08380000	0.10310000
0.08380000	0.10000000
0.07620000	0.09710000
0.08380000	0.09440000
0.07620000	0.09170000
0.07620000	0.11110000
0.07620000	0.08670000
0.07620000	0.08430000
0.07320000	0.08200000
0.06860000	0.08320000
0.06940000	0.07760000
0.07390000	0.07550000
0.07470000	0.07350000
0.07620000	0.07160000
0.07090000	0.07050000
0.06780000	0.06780000
0.07550000	0.08450000
0.06860000	0.06440000
0.06710000	0.06270000
0.06480000	0.06110000
0.06550000	0.05950000
0.06630000	0.05800000
0.06480000	0.05650000
0.06630000	0.05520000
0.06710000	0.05920000
0.06710000	0.05230000
0.06630000	0.05090000
0.06170000	0.04960000
0.06100000	0.04840000
0.06250000	0.04710000
0.06170000	0.04590000
0.06100000	0.04480000
0.06020000	0.04370000
0.05490000	0.04260000
0.05640000	0.04150000
0.05330000	0.04040000
0.05030000	0.03940000
0.05260000	0.04300000
0.05410000	0.04920000
0.05260000	0.06090000
0.05560000	0.03560000
0.05560000	0.04260000
0.06480000	0.04090000
0.05870000	0.06160000
0.06100000	0.07210000
0.05640000	0.03660000
0.05330000	0.07570000
0.05490000	0.07060000
0.05940000	0.06600000
0.07620000	0.11010000
0.07090000	0.06000000
0.07160000	0.10080000
0.06550000	0.08460000
0.06400000	0.07860000
0.06860000	0.07320000
0.06860000	0.07330000
0.06550000	0.07210000
0.06250000	0.05980000
0.06020000	0.05610000
0.05560000	0.05280000
0.05410000	0.04980000
0.05640000	0.04700000
0.05640000	0.04440000
0.05410000	0.04210000
0.05260000	0.04000000
0.05410000	0.03800000
0.05260000	0.03620000
0.05410000	0.04110000
0.05260000	0.03300000
0.04570000	0.03160000
0.04500000	0.03030000
0.04570000	0.02900000
0.04500000	0.02790000
0.04420000	0.02680000
0.04340000	0.02580000
0.04270000	0.02480000
0.04120000	0.02400000
0.04570000	0.02310000
0.04570000	0.05740000
0.04570000	0.11580000
0.04190000	0.09790000
0.03960000	0.12570000
0.03730000	0.11500000
0.03810000	0.10550000
0.03960000	0.09690000
0.04190000	0.08910000
0.04570000	0.15670000
0.04340000	0.11400000
0.04730000	0.14270000
0.04650000	0.14610000
0.04190000	0.12000000
0.04190000	0.11030000
0.04270000	0.10160000
0.04190000	0.09740000
0.03960000	0.08670000
0.04120000	0.08040000
0.03730000	0.07460000
0.03580000	0.06950000
0.03510000	0.06480000
0.03120000	0.06050000
0.02900000	0.05670000
0.02740000	0.05320000
0.02820000	0.05000000
0.03120000	0.04710000
0.02900000	0.04440000
0.02520000	0.04200000
0.02360000	0.03980000
0.02520000	0.03780000
0.02740000	0.03590000
0.02970000	0.03420000
0.02970000	0.04990000
0.02820000	0.07440000
0.02440000	0.02980000
0.03660000	0.05940000
0.56400000	2.55700000
0.37340000	0.54250000
0.20580000	0.49740000
0.15240000	0.47470000
0.12190000	0.43170000
0.10670000	0.39320000
0.09150000	0.35870000
0.07620000	0.32780000
0.06550000	0.30010000
0.05180000	0.27520000
0.05110000	0.25280000
0.07620000	0.23270000
0.08380000	0.26200000
0.10670000	0.34980000
2.24830000	6.90540000
1.04410000	0.82440000
0.64020000	0.76100000
0.51820000	0.70640000
0.42680000	0.64450000
0.36580000	0.58900000
0.32010000	0.53930000
0.28960000	0.49460000
0.25910000	0.45450000
0.24390000	0.41850000
0.22100000	0.38600000
0.21340000	0.35680000
0.19820000	0.33050000
0.19050000	0.30670000
0.17530000	0.31380000
0.16000000	0.26590000
0.14480000	0.24830000
0.16770000	0.40860000
0.15240000	0.35590000
0.13720000	0.36520000
0.12190000	0.33800000
0.11430000	0.31340000
0.10670000	0.29130000
0.09150000	0.27140000
0.09150000	0.25320000
0.08380000	0.23670000
0.07620000	0.22180000
0.07620000	0.20830000
0.07470000	0.23130000
0.07620000	0.18480000
0.07550000	0.18570000
0.07160000	0.20860000
0.07010000	0.16390000
0.05490000	0.16610000
0.04880000	0.15720000
0.04730000	0.14900000
0.04500000	0.14150000
0.04040000	0.13460000
0.03660000	0.12830000
0.03580000	0.12460000
0.03580000	0.11700000
0.03200000	0.11200000
0.02900000	0.10730000
0.02670000	0.10300000
0.02360000	0.09890000
0.02440000	0.09510000
0.02210000	0.09160000
0.02440000	0.08820000
0.02360000	0.08510000
0.02440000	0.08210000
0.02970000	0.17850000
0.02820000	0.19610000
0.11430000	0.26260000
0.03960000	0.23360000
0.03280000	0.24300000
0.02900000	0.22460000
0.02820000	0.20800000
0.02740000	0.19300000
0.02590000	0.17950000
0.02520000	0.17080000
0.02290000	0.15610000
0.02130000	0.14610000
0.01980000	0.13700000
0.01980000	0.12870000
0.01830000	0.12110000
0.01750000	0.11430000
0.04270000	0.10800000
0.06250000	0.10220000
0.06170000	0.09690000
0.05940000	0.09210000
0.05790000	0.08770000
0.05410000	0.08350000
0.05260000	0.07980000
0.04420000	0.07620000
0.03810000	0.07300000
0.03580000	0.07000000
0.03580000	0.06710000
0.03280000	0.11160000
0.03120000	0.06210000
0.02820000	0.08780000
0.02590000	0.08290000
0.02520000	0.07850000
0.02060000	0.07440000
0.01830000	0.07070000
0.01450000	0.06720000
0.01300000	0.06410000
0.01140000	0.06110000
0.00910000	0.05840000
0.00670000	0.05590000
0.00560000	0.05360000
0.00510000	0.05140000
0.00500000	0.04940000
0.00430000	0.04750000
0.00400000	0.04570000
0.00360000	0.04410000
0.00490000	0.04890000
0.00370000	0.04100000
0.00270000	0.03960000
0.00210000	0.03830000
0.00160000	0.03710000
0.00180000	0.03590000
0.00110000	0.04260000
0.00060000	0.05490000
0.00070000	0.03270000
0.00060000	0.03310000
0.00040000	0.03080000
0.00000000	0.02990000
0.00000000	0.02900000
0.00020000	0.02820000
0.00040000	0.12350000
0.00200000	0.12380000
0.00230000	0.11970000
0.00110000	0.11770000
0.00080000	0.12250000
0.01140000	0.82830000
0.01300000	0.78840000
0.01220000	0.81460000
0.01220000	0.84370000
0.01070000	0.76630000
0.00740000	0.72900000
0.00400000	0.66370000
0.00270000	0.60520000
0.00250000	0.55280000
0.00400000	0.52980000
0.00580000	0.46730000
0.00450000	0.42570000
0.00460000	0.39170000
0.00400000	0.36110000
0.00400000	0.33350000
0.00300000	0.30870000
0.00080000	0.28630000
0.00080000	0.26610000
0.00090000	0.24780000
0.00150000	0.23120000
0.00140000	0.21630000
0.00110000	0.20270000
0.00000000	0.19030000
0.00200000	0.24230000
0.00730000	0.25250000
0.00500000	0.23900000
0.00380000	0.25010000
0.00260000	0.23280000
0.00170000	0.21720000
0.00090000	0.20310000
0.00070000	0.19020000
0.00030000	0.17860000
0.00030000	0.16800000
0.00030000	0.15830000
0.00010000	0.14950000
0.00000000	0.14750000
0.00000000	0.13400000
0.00000000	0.12730000
0.00000000	0.12100000
0.00000000	0.11530000
0.00000000	0.11000000
0.00000000	0.10510000
0.00000000	0.10050000
0.00000000	0.15590000
0.00000000	0.11740000
0.00000000	0.13640000
0.00000000	0.12850000
0.00020000	0.12120000
0.00220000	0.38860000
0.01750000	0.99800000
0.00990000	0.58200000
0.00760000	0.57210000
0.00750000	0.52280000
0.00760000	0.47850000
0.00840000	0.43880000
0.00600000	0.40320000
0.00480000	0.37110000
0.00550000	0.34230000
0.00610000	0.31630000
0.00620000	0.29770000
0.00710000	0.29110000
0.00680000	0.25270000
0.00650000	0.23550000
0.00760000	0.21980000
0.00910000	0.21780000
0.83070000	0.31580000
1.67670000	5.91140000
0.26670000	0.68980000
0.17530000	0.67180000
0.12960000	0.61470000
0.09910000	0.56340000
0.09150000	0.51740000
0.09910000	0.47610000
0.08380000	0.43890000
0.06480000	0.40540000
0.05560000	0.37520000
0.06170000	0.34800000
0.06020000	0.32350000
0.07090000	0.31130000
0.05870000	0.28120000
0.04730000	0.26290000
0.05490000	0.24640000
0.05260000	0.23140000
0.04800000	0.21770000
0.05030000	0.21580000
0.04500000	0.19490000
0.04500000	0.18350000
0.04500000	0.17400000
0.04040000	0.16520000
0.03430000	0.15720000
0.03730000	0.14970000
0.03730000	0.16890000
0.04040000	0.19040000
0.03430000	0.17200000
0.03730000	0.20400000
0.04340000	0.19140000
0.03960000	0.17990000
0.03350000	0.16950000
0.03200000	0.16000000
0.03280000	0.15130000
0.03430000	0.14500000
0.03430000	0.16150000
0.03280000	0.12930000
0.03120000	0.12400000
0.03050000	0.11820000
