0.00000000	0.00790000
0.00000000	0.00770000
0.00000000	0.00760000
0.00000000	0.00750000
0.00000000	0.00730000
0.00000000	0.00720000
0.00000000	0.00700000
0.00000000	0.00690000
0.00000000	0.00680000
0.00000000	0.00660000
0.00000000	0.00650000
0.00000000	0.00640000
0.00000000	0.00630000
0.00000000	0.00620000
0.00000000	0.00600000
0.00000000	0.00590000
0.00000000	0.00580000
0.00000000	0.00570000
0.00000000	0.00560000
0.00000000	0.00550000
0.00000000	0.00540000
0.00000000	0.00530000
0.00000000	0.00520000
0.00000000	0.00510000
0.00000000	0.00500000
0.00000000	0.00490000
0.00000000	0.00480000
0.00000000	0.00470000
0.00000000	0.00460000
0.00000000	0.00450000
0.00000000	0.00440000
0.00000000	0.00440000
0.00000000	0.00430000
0.00000000	0.00420000
0.00000000	0.00410000
0.00000000	0.00400000
0.00000000	0.00400000
0.00000000	0.00390000
0.00000000	0.00380000
0.00000000	0.00370000
0.00000000	0.00370000
0.00000000	0.00360000
0.00000000	0.00350000
0.00000000	0.00350000
0.00000000	0.00340000
0.00000000	0.00330000
0.00000000	0.00330000
0.00000000	0.00320000
0.00000000	0.00310000
0.00000000	0.00310000
0.00000000	0.00300000
0.00000000	0.00300000
0.00000000	0.00290000
0.00000000	0.00290000
0.00000000	0.00280000
0.00000000	0.00270000
0.00000000	0.00270000
0.00000000	0.00260000
0.00000000	0.00260000
0.00000000	0.00250000
0.00000000	0.00250000
0.00000000	0.00250000
0.00000000	0.00240000
0.00000000	0.00240000
0.00000000	0.14150000
0.00000000	0.05800000
0.00000000	0.00220000
0.00000000	0.00220000
0.00000000	0.00210000
0.00000000	0.00210000
0.00000000	0.00210000
0.00180000	0.00200000
0.00450000	0.00200000
0.00590000	0.00190000
0.00740000	0.00190000
0.00910000	0.00190000
0.00970000	0.00180000
0.01070000	0.00180000
0.01060000	0.00180000
0.01100000	0.00170000
0.01280000	0.00170000
0.01400000	0.00170000
0.01530000	0.00160000
0.01660000	0.00160000
0.01660000	0.00160000
0.01660000	0.00150000
0.01660000	0.00150000
0.01790000	0.00150000
0.01920000	0.00150000
0.01920000	0.00140000
0.01790000	0.00140000
0.01790000	0.00140000
0.01790000	0.00140000
0.01660000	0.00130000
0.01790000	0.01390000
0.01920000	0.00130000
0.01920000	0.00130000
0.01920000	0.00120000
0.01920000	0.00120000
0.01920000	0.00120000
0.01920000	0.00120000
0.01920000	0.00110000
0.01920000	0.00110000
0.02040000	0.00110000
0.02170000	0.00110000
0.02040000	0.00110000
0.02170000	0.00100000
0.02170000	0.00100000
0.02170000	0.00100000
0.02170000	0.00100000
0.02300000	0.00100000
0.02430000	0.00090000
0.02430000	0.00090000
0.02430000	0.00090000
0.04210000	0.10960000
0.04600000	0.00090000
0.03320000	0.00090000
0.02940000	0.00080000
0.03960000	0.03810000
0.16600000	0.28580000
0.95780000	0.16410000
0.40870000	0.08950000
0.15320000	0.00080000
0.10090000	0.00070000
0.07920000	0.00070000
0.06640000	0.00070000
0.05750000	0.00070000
0.05360000	0.00070000
0.04850000	0.00070000
0.04600000	0.00070000
0.06260000	0.00070000
0.84290000	0.22400000
0.30650000	0.00060000
0.16600000	0.00060000
0.11750000	0.00060000
0.09830000	0.00060000
0.08430000	0.00060000
0.07530000	0.00060000
0.06900000	0.00060000
0.06260000	0.00050000
0.05870000	0.00050000
0.05750000	0.00050000
0.05750000	0.00050000
0.05490000	0.00050000
0.05490000	0.00050000
0.05490000	0.00050000
0.05620000	0.00050000
0.08680000	0.00050000
0.12130000	0.13130000
0.08680000	0.00050000
0.09580000	0.01750000
1.58360000	0.19800000
2.11990000	0.48010000
1.02170000	0.51160000
1.22600000	0.48240000
3.07770000	4.43030000
0.94500000	1.19540000
0.53640000	1.10350000
0.43420000	0.95190000
0.38310000	0.83090000
0.30650000	0.73400000
0.28100000	0.65620000
0.22990000	0.59340000
0.21710000	0.54240000
0.19160000	0.51970000
0.15320000	0.46670000
0.14050000	0.43840000
0.12640000	0.41480000
0.12130000	0.39480000
0.43420000	0.44320000
0.80460000	0.44660000
0.38310000	0.36600000
1.20040000	0.36930000
0.74070000	0.33220000
0.42140000	0.31980000
0.34480000	0.31150000
0.33200000	0.32260000
0.31930000	0.32660000
0.29370000	0.28980000
0.30650000	0.28340000
0.30650000	0.27740000
0.29370000	0.27150000
0.28100000	0.26600000
0.28100000	0.26060000
0.26820000	0.25530000
0.25540000	0.25030000
0.22990000	0.24540000
0.21710000	0.24060000
0.21710000	0.23590000
0.21710000	0.23130000
0.20430000	0.22690000
0.20430000	0.22250000
0.20430000	0.21820000
0.19160000	0.21410000
0.19160000	0.21000000
0.17880000	0.20600000
0.16600000	0.20200000
0.16600000	0.19820000
0.16600000	0.19440000
0.19160000	0.24720000
0.21710000	0.26560000
0.19160000	0.24070000
0.17880000	0.18000000
0.16600000	0.17660000
0.15320000	0.17320000
0.15320000	0.16990000
0.14050000	0.16670000
0.14050000	0.16360000
0.14050000	0.16040000
0.12770000	0.15740000
0.12260000	0.15440000
0.11620000	0.15150000
0.11490000	0.14860000
0.11370000	0.14580000
0.10860000	0.14300000
0.10860000	0.14030000
0.10600000	0.13760000
0.10220000	0.13500000
0.09580000	0.13240000
0.08940000	0.12990000
0.08050000	0.12750000
0.07660000	0.12500000
0.07530000	0.12270000
0.07410000	0.12030000
0.07790000	0.11800000
0.07410000	0.11580000
0.07410000	0.11360000
0.06900000	0.11140000
0.06390000	0.10930000
0.06130000	0.10720000
0.05750000	0.10520000
0.05870000	0.10320000
0.05750000	0.10120000
0.05490000	0.09930000
0.05110000	0.09740000
0.04470000	0.09560000
0.04090000	0.09380000
0.04090000	0.09200000
0.04090000	0.09020000
0.04090000	0.08850000
0.03830000	0.08680000
0.03060000	0.08520000
0.02810000	0.08360000
0.02680000	0.08200000
0.02550000	0.08040000
0.02430000	0.07890000
0.01790000	0.07740000
0.01400000	0.07590000
0.01210000	0.07450000
0.01170000	0.07310000
0.01100000	0.07170000
0.00930000	0.07030000
0.00790000	0.06900000
0.00750000	0.06770000
0.00700000	0.06640000
0.00700000	0.06510000
0.00610000	0.06390000
0.00640000	0.06270000
0.00640000	0.06150000
0.00630000	0.06030000
0.00650000	0.05920000
0.00740000	0.05800000
0.00700000	0.05690000
0.00720000	0.05590000
0.00770000	0.05480000
0.00750000	0.05380000
0.00730000	0.05270000
0.00680000	0.05170000
0.00640000	0.05080000
0.00640000	0.04980000
0.00660000	0.04880000
0.00680000	0.04790000
0.00640000	0.04700000
0.00460000	0.04610000
0.00370000	0.04520000
0.00330000	0.04440000
0.00270000	0.04350000
0.00260000	0.04270000
0.00230000	0.04190000
0.00180000	0.04110000
0.00140000	0.04030000
0.00110000	0.03960000
0.00100000	0.03880000
0.00090000	0.03810000
0.00080000	0.03730000
0.00060000	0.03660000
0.00050000	0.03590000
0.00040000	0.03530000
0.00040000	0.03460000
0.00030000	0.03390000
0.00010000	0.03330000
0.00000000	0.03260000
0.00000000	0.03200000
0.00000000	0.03140000
0.00000000	0.03080000
0.00000000	0.03020000
0.00000000	0.02970000
0.00000000	0.02910000
0.00000000	0.02850000
0.00000000	0.02800000
0.00000000	0.02750000
0.00000000	0.02690000
0.00000000	0.02640000
0.00000000	0.02590000
0.00000000	0.02540000
0.00000000	0.02500000
0.00000000	0.02450000
0.00000000	0.02400000
0.00000000	0.02360000
0.00000000	0.02310000
0.00000000	0.02270000
0.00000000	0.02220000
0.00000000	0.02180000
0.00000000	0.02140000
0.00000000	0.02100000
0.00000000	0.02060000
0.00000000	0.02020000
0.00000000	0.01980000
0.00000000	0.01940000
0.00000000	0.01910000
0.00000000	0.01870000
0.00000000	0.01840000
0.00000000	0.01800000
0.00000000	0.01770000
0.00000000	0.01730000
0.00000000	0.01700000
0.00000000	0.01670000
0.00000000	0.01640000
0.00000000	0.01610000
0.00000000	0.01570000
0.00000000	0.01550000
0.00000000	0.01520000
0.00000000	0.01490000
0.00000000	0.01460000
0.00000000	0.01430000
0.00000000	0.01400000
0.00000000	0.01380000
0.00000000	0.01350000
0.00000000	0.01330000
0.00000000	0.01300000
0.00000000	0.01280000
0.00000000	0.01250000
0.00000000	0.01230000
0.00000000	0.01200000
0.00000000	0.01180000
0.00000000	0.01160000
0.00000000	0.01140000
0.00000000	0.01120000
0.00000000	0.01090000
0.00000000	0.01070000
0.00000000	0.01050000
0.00000000	0.01030000
0.00000000	0.01010000
0.00000000	0.00990000
0.00000000	0.00970000
0.00000000	0.00960000
0.00000000	0.00940000
0.00000000	0.00920000
0.00000000	0.00900000
0.00000000	0.00890000
0.00000000	0.00870000
0.00000000	0.00850000
0.00000000	0.00840000
0.00000000	0.00820000
0.00000000	0.00800000
0.00000000	0.02420000
0.00000000	0.00800000
0.00000000	0.00760000
0.00000000	0.00750000
0.00000000	0.00730000
0.00000000	0.00720000
0.00000000	0.00700000
0.00000000	0.00690000
0.00000000	0.00680000
0.00000000	0.00660000
0.00000000	0.00650000
0.00000000	0.00640000
0.00000000	0.00630000
0.00000000	0.00620000
0.00000000	0.00600000
0.00000000	0.00590000
0.00000000	0.00580000
0.00000000	0.00570000
0.00000000	0.00560000
0.00000000	0.00550000
0.00000000	0.00540000
0.00000000	0.00530000
0.00000000	0.00520000
0.00000000	0.00510000
0.00000000	0.00500000
0.00000000	0.00490000
0.00000000	0.00480000
0.00000000	0.00470000
0.00000000	0.05990000
0.00000000	0.00450000
0.00000000	0.00440000
0.00000000	0.00440000
0.00000000	0.00430000
0.00000000	0.00420000
0.00000000	0.00410000
0.00000000	0.00400000
0.00000000	0.00400000
0.00000000	0.00390000
0.00000000	0.00380000
0.00000000	0.00370000
0.00000000	0.00370000
0.00000000	0.00360000
0.00000000	0.00350000
0.00000000	0.00350000
0.00000000	0.09040000
0.00000000	0.00330000
0.00000000	0.00330000
0.00000000	0.01100000
0.00000000	0.00310000
0.00000000	0.00310000
0.00000000	0.00300000
0.00000000	0.00300000
0.00000000	0.00290000
0.00000000	0.00290000
0.00000000	0.00280000
0.00000000	0.00270000
0.00000000	0.00270000
0.00000000	0.14480000
0.00000000	0.12790000
0.00000000	0.00250000
0.00000000	0.00250000
0.00000000	0.00250000
0.00000000	0.00240000
0.00000000	0.00240000
0.00000000	0.00230000
0.00000000	0.00230000
0.00000000	0.00220000
0.00000000	0.00220000
0.00000000	0.00210000
0.00000000	0.00210000
0.00000000	0.00210000
0.00000000	0.00200000
0.00000000	0.00200000
0.00000000	0.00190000
0.00000000	0.00190000
0.00000000	0.00190000
0.00000000	0.00180000
0.00000000	0.00180000
0.00000000	0.00180000
0.00000000	0.00170000
0.00000000	0.00170000
0.00000000	0.01770000
0.00000000	0.00160000
0.00000000	0.00160000
0.00000000	0.00160000
0.00000000	0.00150000
0.00000000	0.00150000
0.00000000	0.00150000
0.00000000	0.00150000
0.00000000	0.00140000
0.00000000	0.07270000
0.00000000	0.00930000
0.00000000	0.03140000
0.00000000	0.00460000
0.00000000	0.00130000
0.00000000	0.00130000
0.12770000	0.08950000
0.12770000	0.00250000
0.05240000	0.00120000
0.03320000	0.00120000
0.02680000	0.00120000
0.02170000	0.00110000
0.02170000	0.01480000
0.01920000	0.00110000
0.01790000	0.00110000
0.01790000	0.00110000
0.01790000	0.00100000
0.01790000	0.00100000
0.01790000	0.00100000
0.01790000	0.00100000
0.01920000	0.00100000
0.12770000	0.17010000
0.35760000	0.00220000
0.15320000	0.00170000
0.09320000	0.01040000
0.07410000	0.00090000
0.11750000	0.00090000
0.14050000	0.00080000
0.10220000	0.00100000
0.08680000	0.01750000
0.07410000	0.00940000
0.06000000	0.00080000
0.05360000	0.00080000
0.04980000	0.00070000
0.04470000	0.00070000
0.04210000	0.00070000
0.04210000	0.00070000
0.04090000	0.00070000
0.03830000	0.00070000
0.03830000	0.00070000
0.03830000	0.00550000
0.03830000	0.00060000
0.04730000	0.02870000
0.17880000	0.04760000
0.10600000	0.00060000
0.07410000	0.00060000
0.06390000	0.00060000
0.06770000	0.00060000
0.07530000	0.02340000
0.06900000	0.00050000
0.06000000	0.00050000
0.05360000	0.00050000
0.04600000	0.00050000
0.04600000	0.00050000
0.04600000	0.00050000
0.04470000	0.00050000
0.04340000	0.00050000
0.04600000	0.00050000
0.04470000	0.00050000
0.04600000	0.00050000
0.04600000	0.00040000
0.05110000	0.01680000
0.06260000	0.05450000
0.06770000	0.00040000
0.05870000	0.00040000
0.05490000	0.00040000
0.05240000	0.00040000
0.05110000	0.00040000
0.05360000	0.00040000
0.05490000	0.00040000
0.05620000	0.00140000
0.16600000	0.04820000
0.79180000	0.09660000
0.25540000	0.00030000
0.25540000	0.08950000
0.39590000	0.05570000
0.34480000	0.07620000
0.88120000	0.15930000
0.80460000	0.07290000
0.58750000	0.13390000
0.49810000	0.15120000
0.47250000	0.15020000
0.49810000	0.12860000
0.49810000	0.11140000
0.48530000	0.09770000
0.42140000	0.08670000
0.42140000	0.13210000
0.44700000	0.07060000
0.39590000	0.06480000
0.48530000	0.09440000
0.72790000	0.10080000
0.52360000	0.12340000
3.66520000	2.34830000
1.57080000	0.80830000
1.17490000	0.74380000
0.97060000	0.67130000
0.79180000	0.58380000
0.65130000	0.51380000
0.52360000	0.45760000
0.44700000	0.41230000
0.40870000	0.37560000
0.53640000	0.37290000
3.32040000	0.43520000
1.92840000	0.42780000
1.13660000	0.45760000
0.91950000	0.50560000
0.80460000	0.45790000
0.71520000	0.41910000
0.63850000	0.38750000
0.57470000	0.36150000
0.52360000	0.33990000
0.49810000	0.32190000
0.45970000	0.30660000
0.43420000	0.29360000
0.40870000	0.28240000
0.39590000	0.27250000
0.38310000	0.26380000
0.35760000	0.25610000
0.34480000	0.24900000
0.33200000	0.24260000
0.31930000	0.23660000
0.30650000	0.23100000
0.30650000	0.22580000
0.29370000	0.22080000
0.28100000	0.21610000
0.26820000	0.21160000
0.26820000	0.20730000
0.25540000	0.20310000
0.24260000	0.19900000
0.24260000	0.19510000
0.24260000	0.19120000
0.22990000	0.18750000
0.22990000	0.18390000
0.21710000	0.18030000
0.20430000	0.17680000
0.20430000	0.17340000
0.19160000	0.17010000
0.17880000	0.16680000
0.17880000	0.16370000
0.17880000	0.16050000
0.16600000	0.15750000
0.16600000	0.15450000
0.16600000	0.15150000
0.15320000	0.14870000
0.15320000	0.14580000
0.14050000	0.14300000
0.14050000	0.14030000
0.14050000	0.13760000
0.15320000	0.13500000
0.15320000	0.13250000
0.15320000	0.12990000
0.14050000	0.12750000
0.14050000	0.12510000
0.12770000	0.12270000
0.12770000	0.12030000
0.12520000	0.11810000
0.11880000	0.11580000
0.11750000	0.11360000
0.11370000	0.11150000
0.10980000	0.10930000
0.10860000	0.10730000
0.10600000	0.10520000
0.10340000	0.10320000
0.10090000	0.10130000
0.09710000	0.09930000
0.09450000	0.09750000
0.09190000	0.09560000
0.08680000	0.09380000
0.07920000	0.09200000
0.07660000	0.09030000
0.07790000	0.08850000
0.08170000	0.08690000
0.07660000	0.08520000
0.07150000	0.08360000
0.06900000	0.08200000
0.06640000	0.08040000
0.06390000	0.07890000
0.06260000	0.07740000
0.05870000	0.07590000
0.05360000	0.07450000
0.04980000	0.07310000
0.05620000	0.07170000
0.06130000	0.07030000
0.05870000	0.06900000
0.05360000	0.06770000
0.04600000	0.06640000
0.04210000	0.06510000
0.03960000	0.06390000
0.03700000	0.06270000
0.03450000	0.06150000
0.03060000	0.06030000
0.02680000	0.05920000
0.02300000	0.05810000
0.02040000	0.05700000
0.01660000	0.05590000
0.01400000	0.05480000
0.01170000	0.05380000
0.01090000	0.05270000
0.00950000	0.05170000
0.00880000	0.05080000
0.00750000	0.04980000
0.00700000	0.04890000
0.00690000	0.04790000
0.00630000	0.04700000
0.00590000	0.04610000
0.00570000	0.04520000
0.00500000	0.04440000
0.00470000	0.04350000
0.00420000	0.04270000
0.00400000	0.04190000
0.00360000	0.04110000
0.00340000	0.04030000
0.00330000	0.03960000
0.00310000	0.03880000
0.00280000	0.03810000
0.00280000	0.03730000
0.00280000	0.03660000
0.00280000	0.03590000
0.00240000	0.03530000
0.00220000	0.03460000
0.00220000	0.03390000
0.00180000	0.03330000
0.00170000	0.03270000
0.00170000	0.03200000
0.00130000	0.03140000
0.00130000	0.03080000
0.00130000	0.03020000
0.00110000	0.02970000
0.00100000	0.02910000
0.00100000	0.02860000
0.00080000	0.02800000
0.00060000	0.02750000
0.00050000	0.02700000
0.00050000	0.02640000
0.00050000	0.02590000
0.00050000	0.02540000
0.00050000	0.02500000
0.00040000	0.02450000
0.00040000	0.02400000
0.00040000	0.02360000
0.00040000	0.02310000
0.00030000	0.02270000
0.00000000	0.02220000
0.00000000	0.02180000
0.00000000	0.02140000
0.00000000	0.02100000
0.00000000	0.02060000
0.00000000	0.02020000
0.00000000	0.01980000
0.00000000	0.01950000
0.00000000	0.01910000
0.00000000	0.01870000
0.00000000	0.01840000
0.00000000	0.10900000
0.00000000	0.01770000
0.00000000	0.01730000
0.00000000	0.01700000
0.00000000	0.01670000
0.00000000	0.01640000
0.00000000	0.01610000
0.00000000	0.06030000
0.00000000	0.01550000
0.00000000	0.01520000
0.00000000	0.01490000
0.00000000	0.01460000
0.00000000	0.01430000
0.00000000	0.01400000
0.00000000	0.01380000
0.00000000	0.02260000
0.00000000	0.03370000
0.00000000	0.05650000
0.00000000	0.01280000
0.00000000	0.01250000
0.00000000	0.01230000
0.00000000	0.01200000
0.00000000	0.01180000
0.00000000	0.01160000
0.00000000	0.01140000
0.00000000	0.01120000
0.00000000	0.01090000
0.00000000	0.01070000
0.00000000	0.01050000
0.00000000	0.01030000
0.00000000	0.01010000
0.00000000	0.00990000
0.00000000	0.00980000
0.00000000	0.00960000
0.00000000	0.00940000
0.00000000	0.00920000
0.00000000	0.00900000
0.00000000	0.00890000
0.00000000	0.00870000
0.00000000	0.00850000
0.00000000	0.00840000
0.00000000	0.00820000
0.00000000	0.00800000
0.00000000	0.00790000
0.00000000	0.00770000
0.00000000	0.02290000
0.00000000	0.00750000
0.00000000	0.05480000
0.00000000	0.00720000
0.00000000	0.00700000
0.00000000	0.00690000
0.00000000	0.05220000
0.00000000	0.05480000
0.00000000	0.00650000
0.00000000	0.00640000
0.00000000	0.00630000
0.00000000	0.00620000
0.00000000	0.00600000
0.00000000	0.00590000
0.00000000	0.00580000
0.00000000	0.00570000
0.00000000	0.22230000
0.00000000	0.10930000
0.00000000	0.01130000
0.00000000	0.00530000
0.00000000	0.00520000
0.00000000	0.00510000
0.00000000	0.00500000
0.00000000	0.00490000
0.00000000	0.00480000
0.00000000	0.00470000
0.81730000	0.13340000
0.14050000	0.00450000
0.03320000	0.00440000
0.01400000	0.00440000
0.01790000	0.02210000
0.08300000	0.00420000
0.02940000	0.00410000
0.01530000	0.00400000
0.01010000	0.00400000
0.00910000	0.06490000
0.02550000	0.11090000
4.58470000	0.23430000
0.89390000	0.09930000
0.39590000	0.06800000
0.24260000	0.12230000
0.20430000	0.10410000
0.20430000	0.08960000
0.19160000	0.07810000
0.16600000	0.06880000
0.15320000	0.06140000
0.14050000	0.05540000
0.12640000	0.05050000
0.11620000	0.04660000
0.11110000	0.04330000
0.10470000	0.04060000
0.09960000	0.03840000
0.09450000	0.03650000
0.09190000	0.03490000
0.08810000	0.03350000
0.08680000	0.03230000
0.08300000	0.03130000
0.08050000	0.03030000
0.08170000	0.02950000
6.10440000	0.21580000
2.19660000	3.42650000
0.98330000	0.86710000
0.66410000	0.80520000
0.56190000	0.69200000
0.47250000	0.60170000
0.42140000	0.52950000
0.38310000	0.47150000
0.37030000	0.42480000
0.33200000	0.38700000
0.30650000	0.35620000
0.30650000	0.33100000
0.28100000	0.31010000
0.26820000	0.29280000
0.26820000	0.27820000
0.25540000	0.26580000
0.25540000	0.25510000
0.24260000	0.24580000
0.24260000	0.23770000
0.22990000	0.23040000
0.22990000	0.22390000
0.22990000	0.21790000
0.22990000	0.21240000
0.21710000	0.20730000
0.22990000	0.20260000
0.22990000	0.19810000
0.22990000	0.19380000
0.22990000	0.18970000
0.39590000	0.30560000
0.26820000	0.18200000
0.25540000	0.17830000
2.15820000	0.31520000
2.31150000	4.88060000
3.24380000	4.56700000
1.92840000	1.60490000
1.32820000	1.44820000
5.79790000	7.69600000
2.27320000	6.26170000
3.55020000	7.49020000
1.87730000	2.80570000
1.53250000	2.50600000
1.53250000	2.21020000
1.48140000	1.97250000
1.44310000	1.82280000
1.37920000	1.62560000
1.39200000	1.53020000
1.62190000	1.47400000
2.08160000	1.50390000
3.62690000	3.32970000
2.18380000	1.82600000
1.82620000	1.73340000
1.62190000	1.59900000
1.58360000	1.48870000
2.33700000	1.74290000
1.60910000	1.53060000
1.45590000	1.51330000
1.35370000	1.41880000
1.26430000	1.34010000
1.23880000	1.27380000
1.16210000	1.21750000
1.09830000	1.16900000
1.03440000	1.12680000
0.99610000	1.08970000
0.93230000	1.05660000
0.90670000	1.07370000
0.89390000	1.02590000
1.72400000	1.13960000
3.58860000	6.82920000
5.28710000	4.82930000
29.24490000	13.41100000
26.69070000	14.18880000
10.98280000	9.10210000
6.00220000	4.85180000
3.83120000	3.32810000
3.32040000	3.02270000
2.80960000	2.74640000
2.55410000	2.50560000
2.36260000	2.30960000
2.19660000	2.14890000
2.04330000	2.01590000
1.97950000	1.90500000
1.91560000	1.82500000
1.90280000	1.77390000
1.89010000	1.66370000
1.89010000	1.60410000
1.90280000	1.60380000
2.42640000	1.78850000
2.17100000	2.03010000
2.04330000	1.73150000
3.06500000	3.50370000
2.17100000	1.92960000
1.78790000	1.91800000
3.70350000	3.20400000
2.93730000	1.97900000
2.17100000	1.90510000
1.78790000	1.81150000
1.66020000	1.72190000
1.53250000	1.62800000
1.40480000	1.55660000
1.27710000	1.49520000
1.25150000	1.44160000
1.22600000	1.39440000
1.17490000	1.35230000
1.14940000	1.31430000
1.13660000	1.27970000
1.12380000	1.24770000
1.08550000	1.21800000
1.06000000	1.19010000
1.02170000	1.16380000
1.02170000	1.13870000
1.00890000	1.11480000
1.00890000	1.09180000
0.99610000	1.06960000
0.99610000	1.04810000
0.99610000	1.02730000
0.99610000	1.00710000
1.14940000	0.98740000
2.29870000	1.17110000
2.17100000	1.05950000
2.17100000	1.31230000
2.68180000	3.85170000
2.29870000	1.37010000
2.10720000	1.33910000
2.04330000	1.25880000
1.95390000	1.18170000
1.91560000	1.12170000
1.83900000	1.07080000
1.92840000	1.09520000
2.05610000	1.04070000
2.64350000	1.96910000
2.22210000	1.61180000
2.01780000	1.27960000
1.89010000	1.22950000
1.81340000	1.19780000
1.76240000	1.12810000
1.69850000	1.06970000
1.60910000	1.02020000
1.55800000	0.97790000
1.49420000	0.94120000
1.44310000	0.90910000
1.39200000	0.88060000
1.35370000	0.85500000
1.31540000	0.83180000
1.27710000	0.81050000
1.23880000	0.79080000
1.20040000	0.77230000
1.13660000	0.75500000
1.09830000	0.73850000
1.07270000	0.72280000
1.03440000	0.70770000
0.99610000	0.69330000
0.95780000	0.67930000
0.91950000	0.66570000
0.88120000	0.65260000
0.85560000	0.63980000
0.81730000	0.62730000
0.79180000	0.61510000
0.76620000	0.60320000
0.75350000	0.59160000
0.72790000	0.58030000
0.72790000	0.56910000
0.72790000	0.55830000
0.72790000	0.54760000
0.70240000	0.53710000
0.67680000	0.52690000
0.65130000	0.51690000
0.61300000	0.50700000
0.60020000	0.49740000
0.58750000	0.48790000
0.57470000	0.47860000
0.56190000	0.46950000
0.54910000	0.46060000
0.54910000	0.45190000
0.52360000	0.44320000
0.49810000	0.43480000
0.48530000	0.42650000
0.47250000	0.41840000
0.47250000	0.41050000
0.45970000	0.40270000
0.45970000	0.39500000
0.44700000	0.38750000
0.44700000	0.38020000
0.43420000	0.37290000
0.42140000	0.36590000
0.42140000	0.35890000
0.40870000	0.35210000
0.40870000	0.34540000
0.39590000	0.33880000
0.39590000	0.33240000
0.39590000	0.32610000
0.38310000	0.31990000
0.37030000	0.31380000
0.35760000	0.30780000
0.35760000	0.30200000
0.33200000	0.29630000
0.33200000	0.29060000
0.31930000	0.28510000
0.31930000	0.27970000
0.30650000	0.27440000
0.30650000	0.26920000
0.29370000	0.26400000
0.28100000	0.25900000
0.26820000	0.25410000
0.26820000	0.24930000
0.25540000	0.24450000
0.25540000	0.23990000
0.26820000	0.23530000
0.26820000	0.23090000
0.26820000	0.22650000
0.25540000	0.22220000
0.24260000	0.21800000
0.22990000	0.21380000
0.21710000	0.20980000
0.21710000	0.20580000
0.20430000	0.20190000
0.20430000	0.19800000
0.20430000	0.19430000
0.19160000	0.19060000
0.19160000	0.18700000
0.17880000	0.18340000
0.17880000	0.17990000
0.16600000	0.17650000
0.15320000	0.17310000
0.15320000	0.16990000
0.14050000	0.16660000
0.12770000	0.16350000
0.12770000	0.16040000
0.11750000	0.15730000
0.11110000	0.15430000
0.11240000	0.15140000
0.10980000	0.14850000
0.11110000	0.14570000
0.10730000	0.14290000
0.10090000	0.14020000
0.09320000	0.13750000
0.09710000	0.13490000
0.11880000	0.13250000
0.11620000	0.12980000
0.19160000	0.12740000
0.17880000	0.17760000
0.20430000	0.19620000
0.17880000	0.12030000
0.16600000	0.11800000
0.15320000	0.11570000
0.14050000	0.11350000
0.12770000	0.11140000
0.12390000	0.10930000
0.11370000	0.10720000
0.10220000	0.10510000
0.09450000	0.10310000
0.08940000	0.10120000
0.08560000	0.09930000
0.08170000	0.09740000
0.07920000	0.09550000
0.08050000	0.09370000
0.07530000	0.09190000
0.07150000	0.09020000
0.06900000	0.08850000
0.06510000	0.08680000
0.06260000	0.08510000
0.06000000	0.08350000
0.06000000	0.08190000
0.05750000	0.08040000
0.05110000	0.07890000
0.04730000	0.07740000
0.04600000	0.07590000
0.04600000	0.07440000
0.04470000	0.07300000
0.04340000	0.07160000
0.04340000	0.07030000
0.04340000	0.06890000
0.04340000	0.06760000
0.04340000	0.06640000
0.04600000	0.06510000
0.05240000	0.06390000
0.05750000	0.06260000
0.05620000	0.06150000
0.05490000	0.06030000
0.05360000	0.05910000
0.05620000	0.05800000
0.06000000	0.05690000
0.06640000	0.09830000
0.14050000	0.17490000
1.64740000	0.41240000
0.38310000	0.05270000
0.20430000	0.05170000
0.15320000	0.05070000
0.12770000	0.04980000
0.12260000	0.04880000
0.11750000	0.05380000
0.12130000	0.04700000
0.12130000	0.04610000
0.11490000	0.04520000
0.10090000	0.04440000
0.09450000	0.04350000
0.09190000	0.04270000
0.09190000	0.04190000
0.09320000	0.04110000
0.09710000	0.04030000
0.09830000	0.03950000
0.09450000	0.03880000
0.08940000	0.03800000
0.08560000	0.03730000
0.08430000	0.03660000
0.08170000	0.03590000
0.08050000	0.03520000
0.07920000	0.03460000
0.07530000	0.03390000
0.07530000	0.03330000
0.07280000	0.03260000
0.07280000	0.03200000
0.07660000	0.03140000
0.08300000	0.03580000
0.08430000	0.03020000
0.57470000	0.09600000
0.21710000	0.15030000
0.14050000	0.02850000
0.12640000	0.02800000
0.12000000	0.02750000
0.11490000	0.02690000
0.11490000	0.02640000
0.11750000	0.02590000
0.11490000	0.02540000
0.11240000	0.02490000
0.31930000	0.09000000
0.38310000	0.05140000
0.26820000	0.03850000
0.19160000	0.02310000
0.16600000	0.02270000
0.15320000	0.02220000
0.14050000	0.02180000
0.14050000	0.04630000
0.12770000	0.02100000
0.17880000	0.05400000
0.17880000	0.04860000
0.16600000	0.01980000
0.15320000	0.01940000
1.45590000	0.12910000
1.55800000	0.11110000
0.43420000	0.01840000
0.30650000	0.01800000
0.24260000	0.01770000
0.20430000	0.01730000
0.20430000	0.01700000
0.20430000	0.04470000
0.19160000	0.01640000
0.35760000	0.11250000
0.47250000	0.07850000
0.29370000	0.01540000
0.24260000	0.01510000
0.21710000	0.01490000
0.20430000	0.01460000
0.22990000	0.05890000
0.43420000	0.04750000
0.29370000	0.02010000
0.31930000	0.02370000
0.26820000	0.01320000
0.22990000	0.01300000
0.21710000	0.01270000
0.20430000	0.01250000
0.20430000	0.01230000
0.19160000	0.01200000
0.19160000	0.01180000
0.19160000	0.01160000
0.19160000	0.01140000
0.19160000	0.01110000
0.17880000	0.01090000
0.22990000	0.01070000
7.75180000	2.40480000
2.15820000	1.16350000
1.20040000	0.69490000
0.95780000	0.65860000
0.79180000	0.56720000
0.68960000	0.49420000
0.61300000	0.43580000
0.54910000	0.38890000
0.51080000	0.35110000
0.45970000	0.32040000
0.42140000	0.29550000
0.40870000	0.27500000
0.39590000	0.25800000
0.38310000	0.24380000
0.37030000	0.23190000
0.35760000	0.22180000
0.34480000	0.21300000
0.33200000	0.20540000
0.31930000	0.19870000
0.30650000	0.19270000
0.30650000	0.18730000
0.29370000	0.18240000
0.28100000	0.18130000
0.28100000	0.18130000
0.26820000	0.16960000
0.25540000	0.16590000
0.25540000	0.16230000
0.24260000	0.15890000
0.24260000	0.15560000
0.22990000	0.15250000
0.22990000	0.14940000
0.22990000	0.14640000
0.21710000	0.14360000
0.21710000	0.14080000
0.21710000	0.13800000
0.20430000	0.13530000
0.20430000	0.13270000
0.20430000	0.13020000
0.20430000	0.12770000
0.20430000	0.12520000
0.20430000	0.12280000
0.19160000	0.12050000
0.19160000	0.11820000
0.19160000	0.11590000
0.17880000	0.11380000
0.17880000	0.11160000
0.17880000	0.10940000
0.19160000	0.11750000
0.17880000	0.10530000
0.17880000	0.10330000
0.17880000	0.10140000
0.17880000	0.09940000
0.17880000	0.09750000
0.17880000	0.09600000
0.17880000	0.09390000
0.17880000	0.09210000
0.17880000	0.09030000
0.16600000	0.08860000
0.16600000	0.08690000
0.16600000	0.08530000
0.16600000	0.08370000
0.16600000	0.08210000
0.16600000	0.08050000
0.16600000	0.07900000
0.16600000	0.07750000
0.16600000	0.07600000
0.16600000	0.07460000
0.15320000	0.07310000
0.15320000	0.07180000
0.15320000	0.07040000
0.15320000	0.06910000
0.14050000	0.06770000
0.14050000	0.06650000
0.14050000	0.06520000
0.14050000	0.06400000
0.14050000	0.06270000
0.12770000	0.06150000
0.12640000	0.06040000
0.12640000	0.05920000
0.12770000	0.05810000
0.17880000	0.12660000
0.15320000	0.05590000
0.12770000	0.05490000
0.12260000	0.05380000
0.11110000	0.05280000
0.10730000	0.05180000
0.10340000	0.05080000
0.09960000	0.04980000
0.09320000	0.04890000
0.09190000	0.04800000
0.09190000	0.04710000
0.09320000	0.04620000
0.09450000	0.04530000
0.09450000	0.04440000
0.08940000	0.04360000
0.08940000	0.04280000
0.08560000	0.04190000
0.08680000	0.04110000
0.09320000	0.04040000
0.09320000	0.03960000
0.08940000	0.03880000
0.09070000	0.03810000
0.09830000	0.03740000
0.10340000	0.08410000
0.09710000	0.03600000
0.08680000	0.03530000
0.08300000	0.03460000
0.07790000	0.03400000
0.07660000	0.03330000
0.07020000	0.03270000
0.06900000	0.03210000
0.06390000	0.03150000
0.05870000	0.03090000
0.05750000	0.03030000
0.05750000	0.02970000
0.06000000	0.02910000
0.08170000	0.04400000
0.07530000	0.02800000
0.07150000	0.02750000
0.06640000	0.02700000
0.06130000	0.02650000
0.05750000	0.02600000
0.05620000	0.02550000
0.05490000	0.02500000
0.06000000	0.02450000
0.06770000	0.02400000
0.06640000	0.02360000
0.06510000	0.02310000
0.06390000	0.02270000
0.06130000	0.02230000
0.05620000	0.02180000
0.04980000	0.02140000
0.04730000	0.02100000
0.04340000	0.02060000
0.03830000	0.02020000
0.03830000	0.01980000
0.03580000	0.01950000
0.03190000	0.01910000
0.02810000	0.01870000
0.02430000	0.01840000
0.02170000	0.01800000
0.02170000	0.01770000
0.02170000	0.01740000
0.02170000	0.01700000
0.02170000	0.01670000
0.02170000	0.01640000
0.02170000	0.01610000
0.01920000	0.01580000
0.01790000	0.01550000
0.01790000	0.01520000
0.01400000	0.01490000
0.01200000	0.01460000
0.01120000	0.01430000
0.00910000	0.01410000
0.00730000	0.01380000
0.00590000	0.01350000
0.00520000	0.01330000
0.00490000	0.01300000
0.00450000	0.01280000
0.00400000	0.01250000
0.00400000	0.01230000
0.00380000	0.01210000
0.00360000	0.01180000
0.00320000	0.01160000
0.00310000	0.01140000
0.00320000	0.01120000
0.00320000	0.01100000
0.00270000	0.01070000
0.00260000	0.01050000
0.00260000	0.01030000
0.00260000	0.01010000
0.00230000	0.00990000
0.00200000	0.00980000
0.00200000	0.00960000
0.00200000	0.00940000
0.00200000	0.00920000
0.00190000	0.00900000
0.00200000	0.00890000
0.00200000	0.00870000
0.00190000	0.00850000
0.00170000	0.00840000
0.00170000	0.00820000
0.00170000	0.00810000
0.00170000	0.00790000
0.00170000	0.00780000
0.00170000	0.00760000
0.00150000	0.00750000
0.00150000	0.00730000
0.00150000	0.00720000
0.00130000	0.00700000
0.00130000	0.00690000
0.00130000	0.00680000
0.00110000	0.00670000
0.00100000	0.00650000
0.00090000	0.00640000
0.00080000	0.00630000
0.00080000	0.00620000
0.00060000	0.00600000
0.00050000	0.00590000
0.00040000	0.00580000
0.00040000	0.00570000
0.00030000	0.00560000
0.00010000	0.00550000
0.00010000	0.00540000
0.00000000	0.00530000
0.00000000	0.00520000
0.00000000	0.00510000
0.00000000	0.00500000
0.00000000	0.00490000
0.00000000	0.00480000
0.00000000	0.00470000
0.00000000	0.00460000
0.00000000	0.00450000
0.00000000	0.00440000
0.00000000	0.00440000
0.00000000	0.00430000
0.00000000	0.00420000
0.00000000	0.00410000
0.00000000	0.00400000
0.00000000	0.00400000
0.00000000	0.00390000
0.00000000	0.00380000
0.00000000	0.00370000
0.00000000	0.00370000
0.00000000	0.00360000
0.00000000	0.00350000
0.00000000	0.00350000
0.00000000	0.00340000
0.00000000	0.00330000
0.00000000	0.00330000
0.00000000	0.00320000
0.00000000	0.00310000
0.00000000	0.00310000
0.00000000	0.00300000
0.00000000	0.00300000
0.00000000	0.00290000
0.00000000	0.00290000
0.00000000	0.00280000
0.00000000	0.00280000
0.00000000	0.00270000
0.00000000	0.00260000
0.00000000	0.00260000
0.00000000	0.00250000
0.00000000	0.00250000
0.00000000	0.00250000
0.00000000	0.00240000
0.00000000	0.00240000
0.00000000	0.00230000
0.00000000	0.00230000
0.00000000	0.00220000
0.00000000	0.00220000
0.00000000	0.00210000
0.00000000	0.00210000
0.00000000	0.00210000
0.00000000	0.00200000
0.00000000	0.00200000
0.00000000	0.00190000
0.00000000	0.00190000
0.00000000	0.00190000
0.00000000	0.00180000
0.00000000	0.00180000
0.00000000	0.03960000
0.00000000	0.00910000
0.00000000	0.00170000
0.00000000	0.00170000
0.00000000	0.00160000
0.00000000	0.00160000
0.00000000	0.00160000
0.00000000	0.00150000
0.00000000	0.00150000
0.00000000	0.00150000
0.00000000	0.00150000
0.00000000	0.00140000
0.00000000	0.00140000
0.00000000	0.00140000
0.00000000	0.00140000
0.00000000	0.00130000
0.00000000	0.00130000
0.00000000	0.00130000
0.00000000	0.00130000
0.00000000	0.00120000
0.00000000	0.00120000
0.00000000	0.00120000
0.00000000	0.00120000
0.00000000	0.00110000
0.00000000	0.00110000
0.00000000	0.00110000
0.00000000	0.00110000
0.00000000	0.00110000
0.00000000	0.00100000
0.00000000	0.00100000
0.00000000	0.00100000
0.00000000	0.00100000
0.00000000	0.00100000
0.00000000	0.00090000
0.00000000	0.00090000
0.00000000	0.00090000
0.00000000	0.02460000
0.00000000	0.00090000
0.00000000	0.00090000
0.00000000	0.00080000
0.00000000	0.00080000
0.00000000	0.00080000
0.00000000	0.00080000
0.00000000	0.00080000
0.00000000	0.00080000
0.00000000	0.00070000
0.00000000	0.00070000
0.00000000	0.00070000
0.00000000	0.00070000
0.00000000	0.00070000
0.00000000	0.00070000
0.00000000	0.00070000
0.00000000	0.00070000
0.00000000	0.00060000
0.00000000	0.00060000
0.00000000	0.00060000
0.00000000	0.00060000
0.00000000	0.00060000
0.00000000	0.11060000
0.00000000	0.00060000
0.00000000	0.00060000
0.00000000	0.00050000
0.00000000	0.00050000
0.00000000	0.19300000
0.00000000	0.00050000
0.00000000	0.00050000
0.00000000	0.03260000
0.00000000	0.00050000
0.00000000	0.00060000
0.00000000	0.00050000
0.00000000	0.00050000
0.00000000	0.00050000
0.00000000	0.00040000
0.00000000	0.00040000
0.00000000	0.04640000
0.02300000	0.06090000
0.01170000	0.00040000
0.00510000	0.00040000
0.16600000	0.04380000
0.11110000	0.00040000
0.04340000	0.00040000
0.02680000	0.00040000
0.02170000	0.00040000
0.02680000	0.03940000
0.03830000	0.00040000
0.02940000	0.00380000
0.02430000	0.00030000
0.02430000	0.00030000
0.06260000	0.12300000
0.05620000	0.00030000
0.05360000	0.09580000
0.07150000	0.03860000
0.07150000	0.00030000
0.05240000	0.00030000
0.04340000	0.00030000
0.04730000	0.00030000
0.15320000	0.18340000
0.12260000	0.00030000
0.10090000	0.00750000
0.44700000	0.22620000
0.54910000	0.05960000
0.25540000	0.10220000
0.17880000	0.10420000
0.14050000	0.07930000
0.12130000	0.09430000
0.10980000	0.08180000
0.10090000	0.07170000
0.09190000	0.06360000
0.08680000	0.05720000
0.08300000	0.05190000
0.08050000	0.04760000
0.07660000	0.04420000
0.07410000	0.04130000
0.06510000	0.03890000
0.06260000	0.03690000
0.06130000	0.03520000
0.06130000	0.03370000
0.06130000	0.05890000
0.09070000	0.06800000
0.26820000	0.03040000
0.15320000	0.02950000
0.14050000	0.06830000
0.11880000	0.02800000
0.10600000	0.08020000
0.09960000	0.07120000
0.09710000	0.06400000
0.09070000	0.05820000
0.08170000	0.05350000
0.08050000	0.04960000
0.07920000	0.04640000
0.08170000	0.04380000
0.08170000	0.04150000
0.08170000	0.03970000
0.08170000	0.03800000
0.08170000	0.03660000
0.08170000	0.03540000
0.08170000	0.03430000
0.08430000	0.03330000
0.09190000	0.03240000
0.09830000	0.05960000
0.10600000	0.05580000
0.09960000	0.03010000
0.10090000	0.02940000
0.10220000	0.02880000
0.11620000	0.06250000
0.11490000	0.02760000
0.11880000	0.02700000
0.11880000	0.02650000
0.12000000	0.02600000
0.12260000	0.02550000
0.14050000	0.25210000
1.46860000	0.37670000
0.40870000	0.39860000
0.22990000	0.40320000
0.17880000	0.34850000
0.15320000	0.30480000
0.12770000	0.26980000
0.12130000	0.24160000
0.11370000	0.21890000
0.10600000	0.20040000
0.10220000	0.18540000
0.09830000	0.17300000
0.09710000	0.16270000
0.09320000	0.15410000
0.09450000	0.14680000
0.09320000	0.14060000
0.09190000	0.13520000
0.09320000	0.13050000
0.09450000	0.12640000
0.09320000	0.12260000
0.09450000	0.11930000
0.09450000	0.11620000
0.10340000	0.13770000
0.11110000	0.11070000
0.09960000	0.10820000
0.09710000	0.10580000
0.10090000	0.10780000
0.14050000	0.18210000
0.12770000	0.09930000
0.11490000	0.09730000
0.11370000	0.10580000
0.15320000	0.11030000
0.14050000	0.09160000
0.12130000	0.08980000
0.11490000	0.08810000
0.10980000	0.08640000
0.10340000	0.08470000
0.09830000	0.08310000
0.09830000	0.09650000
0.09320000	0.07990000
0.08680000	0.07840000
0.08050000	0.07690000
0.07790000	0.07550000
0.07530000	0.07400000
0.07410000	0.07260000
0.07280000	0.07120000
0.07150000	0.06990000
0.34480000	0.11150000
0.38310000	0.08180000
0.22990000	0.06600000
0.17880000	0.06470000
0.14050000	0.06350000
0.12640000	0.06230000
0.10860000	0.06110000
0.09960000	0.05990000
0.09830000	0.05880000
0.09450000	0.05770000
0.09190000	0.05660000
0.09190000	0.05550000
0.08680000	0.05440000
0.08430000	0.05340000
0.08300000	0.05240000
0.08170000	0.05140000
0.07920000	0.05040000
0.07410000	0.04950000
0.06770000	0.04850000
0.06640000	0.04760000
0.06640000	0.04670000
0.08300000	0.04580000
0.08810000	0.07160000
0.07410000	0.04410000
0.06900000	0.04320000
0.07410000	0.04240000
0.07410000	0.04160000
0.06640000	0.04080000
0.05620000	0.04010000
0.04600000	0.03930000
0.04470000	0.03850000
0.04980000	0.03780000
0.04850000	0.03710000
0.04730000	0.03640000
0.04730000	0.03570000
0.04600000	0.03500000
0.04600000	0.03440000
0.04600000	0.03370000
0.04470000	0.03310000
0.04090000	0.03240000
0.04340000	0.03180000
0.04730000	0.03120000
0.04980000	0.03060000
0.04980000	0.03000000
0.04600000	0.02950000
0.04470000	0.02890000
0.04470000	0.02840000
0.04210000	0.02780000
0.03450000	0.02730000
0.02680000	0.02680000
0.02300000	0.02630000
0.02550000	0.02580000
0.02810000	0.02530000
0.02940000	0.02480000
0.02680000	0.02430000
0.02430000	0.02390000
0.01920000	0.02340000
0.01400000	0.02300000
0.01150000	0.02250000
0.01060000	0.02210000
0.01190000	0.02170000
0.01400000	0.02130000
0.01280000	0.02090000
0.01280000	0.02050000
0.01240000	0.02010000
0.01100000	0.01970000
0.00950000	0.01930000
0.00950000	0.01900000
0.00960000	0.01860000
0.00830000	0.01820000
0.00640000	0.01790000
0.00450000	0.01760000
0.00370000	0.01720000
0.00330000	0.01690000
0.00240000	0.01660000
0.00230000	0.01630000
0.00190000	0.01590000
0.00180000	0.01560000
0.00150000	0.01530000
0.00140000	0.01510000
0.00130000	0.01480000
0.00110000	0.01450000
0.00100000	0.01420000
0.00100000	0.01390000
0.00090000	0.01370000
0.00090000	0.01340000
0.00090000	0.01320000
0.00090000	0.01290000
0.00090000	0.01270000
0.00090000	0.01240000
0.00060000	0.01220000
0.00060000	0.01200000
0.00060000	0.01170000
0.00060000	0.01150000
0.00060000	0.01130000
0.00050000	0.01110000
0.00050000	0.01090000
0.00050000	0.01070000
0.00050000	0.01050000
0.00040000	0.01030000
0.00040000	0.01010000
0.00040000	0.00990000
0.00010000	0.00970000
0.00000000	0.00950000
0.00000000	0.00930000
0.00000000	0.00910000
0.00000000	0.00900000
0.00000000	0.00880000
0.00000000	0.00860000
0.00000000	0.00850000
0.00000000	0.00830000
0.00000000	0.00810000
0.00000000	0.00800000
0.00000000	0.00780000
0.00000000	0.00770000
0.00000000	0.00750000
0.00000000	0.00740000
0.00000000	0.00730000
0.00000000	0.00710000
0.00000000	0.00700000
0.00000000	0.00690000
0.00000000	0.00670000
0.00000000	0.00660000
0.00000000	0.00650000
0.00000000	0.00640000
0.00000000	0.00620000
0.00000000	0.00610000
0.00000000	0.00600000
0.00000000	0.00590000
0.00000000	0.00580000
0.00000000	0.00570000
0.00000000	0.00560000
0.00000000	0.00540000
0.00000000	0.00530000
0.00000000	0.00520000
0.00000000	0.00510000
0.00000000	0.00500000
0.00000000	0.00490000
0.00000000	0.00490000
0.00000000	0.00480000
0.00000000	0.00470000
0.00000000	0.00460000
0.00000000	0.00450000
0.00000000	0.00440000
0.00000000	0.00430000
0.00000000	0.00420000
0.00000000	0.00420000
0.00000000	0.00410000
0.00000000	0.00400000
0.00000000	0.00390000
0.00000000	0.00390000
0.00000000	0.00380000
0.00000000	0.00370000
0.00000000	0.00360000
0.00000000	0.00360000
0.00000000	0.00350000
0.00000000	0.00340000
0.00000000	0.00340000
0.00000000	0.00330000
0.00000000	0.00320000
0.00000000	0.00320000
0.00000000	0.00310000
0.00000000	0.00310000
0.00000000	0.00300000
0.00000000	0.00290000
0.00000000	0.00290000
0.00000000	0.00280000
0.00000000	0.00280000
0.00000000	0.00270000
0.00000000	0.00270000
0.00000000	0.00260000
0.00000000	0.00260000
0.00000000	0.00250000
0.00000000	0.00250000
0.00000000	0.00240000
0.00000000	0.00240000
0.00000000	0.00230000
0.00000000	0.00230000
0.00000000	0.00230000
0.00000000	0.00220000
0.00000000	0.00220000
0.00000000	0.00210000
0.00000000	0.00210000
0.00000000	0.00200000
0.00000000	0.00200000
0.00000000	0.00200000
0.00000000	0.00190000
0.00000000	0.00190000
0.00000000	0.00190000
0.00000000	0.00180000
0.00000000	0.00180000
0.00000000	0.00180000
0.00000000	0.00170000
0.00000000	0.00170000
0.00000000	0.00170000
0.00000000	0.00160000
0.00000000	0.00160000
0.00000000	0.00160000
0.00000000	0.00150000
0.00000000	0.00150000
0.00000000	0.00150000
0.00000000	0.00140000
0.00000000	0.00140000
0.00000000	0.00140000
0.00000000	0.00140000
0.00000000	0.00130000
0.00000000	0.00130000
0.00000000	0.00130000
0.00000000	0.05640000
0.00000000	0.03310000
0.00000000	0.00120000
0.00000000	0.00120000
0.00000000	0.00120000
0.00000000	0.00120000
0.00000000	0.00110000
0.00000000	0.00110000
0.00000000	0.00110000
0.00000000	0.00110000
0.00000000	0.00100000
0.00000000	0.00100000
0.00000000	0.00100000
0.00000000	0.00100000
0.00000000	0.00100000
0.00000000	0.00100000
0.00000000	0.00090000
0.00000000	0.00090000
0.00000000	0.00090000
0.00000000	0.00090000
0.00000000	0.00090000
0.00000000	0.16650000
0.00000000	0.00550000
0.00000000	0.00120000
0.00000000	0.00280000
0.00000000	0.00080000
0.00000000	0.00080000
0.00000000	0.00080000
0.00000000	0.00070000
0.00000000	0.00070000
0.00000000	0.00070000
0.00000000	0.00070000
0.00000000	0.00070000
0.00000000	0.00070000
0.00000000	0.11160000
0.00000000	0.22120000
0.00380000	0.10410000
0.00000000	0.00060000
0.00000000	0.09090000
0.31930000	0.10160000
0.37030000	0.05450000
0.07660000	0.00060000
0.14050000	0.06330000
0.35760000	0.00060000
0.09450000	0.00050000
0.04210000	0.00050000
0.02300000	0.00050000
0.01530000	0.00050000
0.01160000	0.00050000
0.00920000	0.00050000
0.00960000	0.00050000
0.00980000	0.00050000
0.00930000	0.00050000
0.01050000	0.00050000
0.01100000	0.00040000
0.01110000	0.00040000
0.01070000	0.00040000
0.00960000	0.00040000
0.00960000	0.00040000
0.00930000	0.00040000
0.00930000	0.00040000
0.00920000	0.00040000
0.00890000	0.00040000
0.00950000	0.00040000
0.00960000	0.00040000
0.00920000	0.00040000
0.00890000	0.00040000
0.00920000	0.00040000
0.00970000	0.00030000
0.01230000	0.00530000
0.01660000	0.00530000
0.01660000	0.00030000
0.01530000	0.00030000
0.01530000	0.00030000
0.01530000	0.00030000
0.03320000	0.04050000
0.17880000	0.02380000
0.12000000	0.00030000
0.07920000	0.00030000
0.05870000	0.00030000
0.05110000	0.00030000
0.04340000	0.00030000
0.03960000	0.00030000
0.03320000	0.00030000
0.03190000	0.00030000
0.03060000	0.00020000
0.02810000	0.00020000
0.02810000	0.00020000
0.02940000	0.00020000
0.02940000	0.00020000
0.02680000	0.00020000
0.02300000	0.00020000
0.02170000	0.00020000
0.02170000	0.00020000
0.02170000	0.00020000
0.02170000	0.00020000
0.02170000	0.00020000
0.02040000	0.00020000
0.01920000	0.00020000
0.01790000	0.00020000
0.02430000	0.00020000
0.67680000	0.19630000
0.80460000	0.11420000
0.76620000	0.07440000
0.29370000	0.00020000
0.20430000	0.08270000
0.15320000	0.10810000
0.12640000	0.05950000
0.10730000	0.11710000
0.09190000	0.10020000
0.08430000	0.08680000
0.07530000	0.07600000
0.06900000	0.06740000
0.06510000	0.06050000
0.08050000	0.10830000
4.63580000	3.21180000
6.29590000	3.03060000
7.80290000	6.30330000
3.11600000	2.72970000
1.69850000	2.02950000
1.83900000	1.88590000
4.20160000	4.68960000
2.08160000	2.08060000
1.37920000	1.89140000
1.03440000	1.67230000
0.83010000	1.49630000
0.71520000	1.35410000
0.60020000	1.23880000
0.53640000	1.14460000
0.48530000	1.06720000
0.44700000	1.00310000
0.42140000	0.94950000
0.38310000	0.90420000
0.37030000	0.86560000
0.34480000	0.83230000
0.31930000	0.80310000
0.30650000	0.77740000
0.29370000	0.75430000
0.84290000	0.85210000
0.81730000	0.78520000
2.08160000	0.80270000
1.92840000	0.89190000
1.59630000	0.92560000
1.35370000	0.91340000
1.21320000	0.96010000
1.53250000	1.63530000
2.31150000	4.95030000
1.86450000	1.92010000
1.68570000	1.79530000
1.43030000	1.66010000
1.26430000	1.50470000
1.17490000	1.37850000
1.09830000	1.27540000
0.99610000	1.19060000
0.91950000	1.12020000
0.84290000	1.06130000
0.77900000	1.01140000
0.68960000	0.96880000
0.65130000	0.93200000
0.62580000	0.89980000
0.60020000	0.87130000
0.57470000	0.84570000
0.53640000	0.82250000
0.51080000	0.80130000
0.48530000	0.78170000
0.47250000	0.76340000
0.47250000	0.74610000
0.47250000	0.76640000
0.44700000	0.78210000
0.42140000	0.72820000
0.39590000	0.68500000
0.38310000	0.67110000
0.35760000	0.65770000
0.34480000	0.64470000
0.34480000	0.63200000
0.33200000	0.61970000
0.31930000	0.60770000
0.30650000	0.59590000
0.29370000	0.58450000
0.29370000	0.57320000
0.28100000	0.56220000
0.26820000	0.55150000
0.25540000	0.54090000
0.24260000	0.53060000
0.24260000	0.52050000
0.24260000	0.51060000
0.24260000	0.50090000
0.22990000	0.49130000
0.21710000	0.48200000
0.20430000	0.47280000
0.20430000	0.46380000
0.19160000	0.45500000
0.19160000	0.44640000
0.17880000	0.43780000
0.17880000	0.42950000
0.19160000	0.42140000
0.19160000	0.41340000
0.17880000	0.40550000
0.17880000	0.39780000
0.17880000	0.39020000
0.16600000	0.38280000
0.16600000	0.37550000
0.16600000	0.36840000
0.16600000	0.36140000
0.15320000	0.35450000
0.15320000	0.34780000
0.15320000	0.34120000
0.15320000	0.33470000
0.14050000	0.32840000
0.12770000	0.32210000
0.12640000	0.31600000
0.12390000	0.31000000
0.12520000	0.30410000
0.12770000	0.29830000
0.12640000	0.29270000
0.12770000	0.28710000
0.12130000	0.28160000
0.11240000	0.27630000
0.10980000	0.27100000
0.10220000	0.26590000
0.09190000	0.26080000
0.08430000	0.25590000
0.08430000	0.25100000
0.07920000	0.24630000
0.07530000	0.24160000
0.07790000	0.23700000
0.07280000	0.23250000
0.07280000	0.22810000
0.07280000	0.22370000
0.07150000	0.21950000
0.07150000	0.21530000
0.06000000	0.21120000
0.05110000	0.20720000
0.04850000	0.20330000
0.04470000	0.19940000
0.04340000	0.19560000
0.04340000	0.19190000
0.04210000	0.18830000
0.04340000	0.18470000
0.04210000	0.18120000
0.03960000	0.17770000
0.03960000	0.17440000
0.03450000	0.17100000
0.03060000	0.16780000
0.02810000	0.16460000
0.02430000	0.16150000
0.02170000	0.15840000
0.01920000	0.15540000
0.01530000	0.15240000
0.01400000	0.14950000
0.01190000	0.14670000
0.00980000	0.14390000
0.00910000	0.14120000
0.00690000	0.13850000
0.00590000	0.13590000
0.00630000	0.13330000
0.00540000	0.13080000
0.00590000	0.12830000
0.00590000	0.12580000
0.00600000	0.12340000
0.00730000	0.12110000
0.00690000	0.11880000
0.00550000	0.11650000
0.00430000	0.11430000
0.00310000	0.11220000
0.00240000	0.11000000
0.00180000	0.10790000
0.00140000	0.10590000
0.00100000	0.10390000
0.00080000	0.10190000
0.00060000	0.10000000
0.00060000	0.09810000
0.00060000	0.09620000
0.00060000	0.09440000
0.00050000	0.09260000
0.00050000	0.09080000
0.00050000	0.08910000
0.00050000	0.08740000
0.00050000	0.08570000
0.00050000	0.08410000
0.00050000	0.08250000
0.00040000	0.08090000
0.00040000	0.07940000
0.00040000	0.07790000
0.00040000	0.07640000
0.00030000	0.07500000
0.00030000	0.07350000
0.00030000	0.07210000
0.00010000	0.07080000
0.00010000	0.06940000
0.00010000	0.06810000
0.00000000	0.06680000
0.00000000	0.06550000
0.00000000	0.06430000
0.00000000	0.06310000
0.00000000	0.06190000
0.00000000	0.06070000
0.00000000	0.05960000
0.00000000	0.05840000
0.00000000	0.05730000
0.00000000	0.05620000
0.00000000	0.05520000
0.00000000	0.05410000
0.00000000	0.05310000
0.00000000	0.05210000
0.00000000	0.05110000
0.00000000	0.05010000
0.00000000	0.04920000
0.00000000	0.04820000
0.00000000	0.04730000
0.00000000	0.04640000
0.00000000	0.04550000
0.00000000	0.04470000
0.00000000	0.04380000
0.00000000	0.04300000
0.00000000	0.04220000
0.00000000	0.04140000
0.00000000	0.04060000
0.00000000	0.03980000
0.00000000	0.03900000
0.00000000	0.03830000
0.00000000	0.03760000
0.00000000	0.03690000
0.00000000	0.03620000
0.00000000	0.03550000
0.00000000	0.03480000
0.00000000	0.03410000
0.00000000	0.03350000
0.00000000	0.03290000
0.00000000	0.03220000
0.00000000	0.03160000
0.00000000	0.03100000
0.00000000	0.03040000
0.00000000	0.02990000
0.00000000	0.02930000
0.00000000	0.02870000
0.00000000	0.02820000
0.00000000	0.02760000
0.00000000	0.11050000
0.00000000	0.07250000
0.00000000	0.02610000
0.00000000	0.02560000
0.00000000	0.02510000
0.00000000	0.02460000
0.00000000	0.02420000
0.00000000	0.02370000
0.00000000	0.02330000
0.00000000	0.02280000
0.00000000	0.02240000
0.00000000	0.02200000
0.00000000	0.02150000
0.00000000	0.02110000
0.00000000	0.02070000
0.00000000	0.02030000
0.00000000	0.02000000
0.00000000	0.01960000
0.00000000	0.01920000
0.00000000	0.01880000
0.00000000	0.01850000
0.00000000	0.01810000
0.00000000	0.01780000
0.00000000	0.01740000
0.00000000	0.01710000
0.00000000	0.01680000
0.00000000	0.01650000
0.00000000	0.01620000
0.00000000	0.01590000
0.00000000	0.01550000
0.00000000	0.01530000
0.00000000	0.01500000
0.00000000	0.01470000
0.00000000	0.01440000
0.00000000	0.01410000
0.00000000	0.01390000
0.00000000	0.01360000
0.00000000	0.01330000
0.00000000	0.01310000
0.00000000	0.01280000
0.00000000	0.01260000
0.00000000	0.01240000
0.00000000	0.01210000
0.00000000	0.01190000
0.00000000	0.01170000
0.00000000	0.01140000
0.00000000	0.01120000
0.00000000	0.01100000
0.00000000	0.01080000
0.00000000	0.01060000
0.00000000	0.01040000
0.00000000	0.01020000
0.00000000	0.01000000
0.00000000	0.00980000
0.00000000	0.00960000
0.00000000	0.08640000
0.00000000	0.00930000
0.00000000	0.00910000
0.00000000	0.00890000
0.00000000	0.00870000
0.00000000	0.00860000
0.00000000	0.00840000
0.00000000	0.00830000
0.00000000	0.00810000
0.00000000	0.00790000
0.00000000	0.00780000
0.00000000	0.00760000
0.00000000	0.00750000
0.00000000	0.00740000
0.00000000	0.00720000
0.00000000	0.00710000
0.00000000	0.00690000
0.00000000	0.00680000
0.00000000	0.06940000
0.00000000	0.00660000
0.00000000	0.00640000
0.00000000	0.00630000
0.00000000	0.00620000
0.00000000	0.00610000
0.00000000	0.00600000
0.00000000	0.00580000
0.00000000	0.00570000
0.00000000	0.00560000
0.00000000	0.00550000
0.00000000	0.00540000
0.00000000	0.00530000
0.00000000	0.00520000
0.00040000	0.02760000
0.00060000	0.00500000
0.00060000	0.00490000
0.00060000	0.00480000
0.00100000	0.00470000
0.00130000	0.00460000
0.00140000	0.00460000
0.00180000	0.00450000
0.00200000	0.00440000
0.00200000	0.00430000
0.00260000	0.00420000
0.00280000	0.00410000
0.00320000	0.00410000
0.00360000	0.00400000
0.00400000	0.00390000
0.02040000	0.14380000
0.04470000	0.12110000
0.04730000	0.14170000
0.06510000	0.11270000
0.04980000	0.00360000
0.03190000	0.00350000
0.02430000	0.00340000
0.02040000	0.00340000
0.01920000	0.00330000
0.01790000	0.00320000
0.01660000	0.00320000
0.01660000	0.00310000
0.01530000	0.00300000
0.01530000	0.00300000
0.01530000	0.00290000
0.01530000	0.00290000
0.01400000	0.00280000
0.01530000	0.00280000
0.01660000	0.00270000
0.01790000	0.00460000
0.01660000	0.00260000
0.01660000	0.00260000
0.01660000	0.00250000
0.01660000	0.00250000
0.01790000	0.01040000
0.01790000	0.00240000
0.02040000	0.01530000
0.02300000	0.00230000
0.02300000	0.00220000
0.02170000	0.00220000
0.02170000	0.00340000
0.02040000	0.00210000
0.01920000	0.00210000
0.01790000	0.00200000
0.01660000	0.00200000
0.01660000	0.00200000
0.02040000	0.07940000
0.02550000	0.07910000
0.03190000	0.00180000
0.03060000	0.00180000
0.04600000	0.06370000
0.19160000	0.05190000
0.11490000	0.02260000
0.08560000	0.00170000
0.07280000	0.00160000
0.05870000	0.00160000
0.05110000	0.00160000
0.04470000	0.00160000
0.04090000	0.00150000
0.03960000	0.03480000
0.04340000	0.00150000
0.05360000	0.00220000
0.05240000	0.00220000
0.04850000	0.03130000
0.04210000	0.00140000
0.03960000	0.00130000
0.03830000	0.00130000
0.03580000	0.00130000
0.03580000	0.00130000
0.03450000	0.00120000
0.21710000	0.24120000
1.50690000	0.21890000
0.47250000	0.33490000
0.21710000	0.35770000
0.14050000	0.35280000
0.09580000	0.30250000
0.07530000	0.26230000
0.06390000	0.23020000
0.05870000	0.21950000
0.05620000	0.18380000
0.05870000	0.16710000
0.05110000	0.15340000
0.04730000	0.14230000
0.04340000	0.13310000
0.04090000	0.12550000
0.03960000	0.11900000
0.05870000	0.16600000
0.07020000	0.11230000
0.05620000	0.10490000
0.05110000	0.10140000
0.04340000	0.09820000
0.03960000	0.09540000
0.03830000	0.09280000
0.03830000	0.09040000
0.03700000	0.08830000
0.03580000	0.08620000
0.03450000	0.08430000
0.03320000	0.08240000
0.03450000	0.08070000
0.04090000	0.07900000
0.04470000	0.07740000
0.03960000	0.07580000
0.03700000	0.07430000
0.03320000	0.07290000
0.03320000	0.07140000
0.03060000	0.07000000
0.03060000	0.06870000
0.03190000	0.06740000
0.03450000	0.06610000
0.02940000	0.06480000
0.02810000	0.06360000
0.02550000	0.06230000
0.02170000	0.06120000
0.02170000	0.06000000
0.02300000	0.05880000
0.02170000	0.05770000
0.02170000	0.05660000
0.02170000	0.05550000
0.01790000	0.05450000
0.01530000	0.05340000
0.01530000	0.05240000
0.01530000	0.05140000
0.01280000	0.05050000
0.01260000	0.04950000
0.01280000	0.04860000
0.01170000	0.04760000
0.01190000	0.04670000
0.01400000	0.04580000
0.01400000	0.04500000
0.01280000	0.04410000
0.00960000	0.04330000
0.00890000	0.04250000
0.00820000	0.04160000
0.00740000	0.04090000
0.00570000	0.04010000
0.00550000	0.03930000
0.00490000	0.03860000
0.00400000	0.03780000
0.00370000	0.03710000
0.00290000	0.03640000
0.00260000	0.03570000
0.00230000	0.03500000
0.00180000	0.03440000
0.00170000	0.03370000
0.00140000	0.03310000
0.00110000	0.03250000
0.00110000	0.03180000
0.00080000	0.03120000
0.00060000	0.03060000
0.00060000	0.03010000
0.00060000	0.02950000
0.00060000	0.02890000
0.00060000	0.02840000
0.00060000	0.02780000
0.00060000	0.02730000
0.00060000	0.02680000
0.00060000	0.02630000
0.00060000	0.02580000
0.00060000	0.02530000
0.00060000	0.02480000
0.00060000	0.02430000
0.00060000	0.02390000
0.00060000	0.02340000
0.00060000	0.02310000
0.00060000	0.02250000
0.00060000	0.02210000
0.00050000	0.02170000
0.00050000	0.02130000
0.00050000	0.02090000
0.00040000	0.02050000
0.00040000	0.02010000
0.00040000	0.01970000
0.00030000	0.01930000
0.00030000	0.01900000
0.00030000	0.01860000
0.00010000	0.01830000
0.00010000	0.01790000
0.00000000	0.01760000
0.00000000	0.01720000
0.00000000	0.01690000
0.00000000	0.01660000
0.00000000	0.01630000
0.00000000	0.01600000
0.00000000	0.01570000
0.00000000	0.01540000
0.00000000	0.01510000
0.00000000	0.01480000
0.00000000	0.01450000
0.00000000	0.01420000
0.00000000	0.01400000
0.00000000	0.01370000
0.00000000	0.01340000
0.00000000	0.01320000
0.00000000	0.01290000
0.00000000	0.01270000
0.00000000	0.01240000
0.00000000	0.01220000
0.00000000	0.01200000
0.00000000	0.01170000
0.00000000	0.01150000
0.00000000	0.01130000
0.00000000	0.01110000
0.00000000	0.01090000
0.00000000	0.01070000
0.00000000	0.01050000
0.00000000	0.01030000
0.00000000	0.01010000
0.00000000	0.00990000
0.00000000	0.00970000
0.00000000	0.00950000
0.00000000	0.00930000
0.00000000	0.00910000
0.00000000	0.00900000
0.00000000	0.00880000
0.00000000	0.00860000
0.00000000	0.00850000
0.00000000	0.00830000
0.00000000	0.00820000
0.00000000	0.00800000
0.00000000	0.00780000
0.00000000	0.00770000
0.00000000	0.00760000
0.00000000	0.00740000
0.00000000	0.00730000
0.00000000	0.00710000
0.00000000	0.00700000
0.00000000	0.00690000
0.00000000	0.00670000
0.00000000	0.00660000
0.00000000	0.00650000
0.00000000	0.00640000
0.00000000	0.00620000
0.00000000	0.00610000
0.00000000	0.00600000
0.00000000	0.00590000
0.00000000	0.00580000
0.00000000	0.00570000
0.00000000	0.00560000
0.00000000	0.00550000
0.00000000	0.00530000
0.00000000	0.00520000
0.00000000	0.00510000
0.00000000	0.00500000
0.00000000	0.00500000
0.00000000	0.00490000
0.00000000	0.00480000
0.00000000	0.00470000
0.00000000	0.00460000
0.00000000	0.00450000
0.00000000	0.00440000
0.00000000	0.00430000
0.00000000	0.00420000
0.00000000	0.00420000
0.00000000	0.00410000
0.00000000	0.00400000
0.00000000	0.00390000
0.00000000	0.00390000
0.00000000	0.00380000
0.00000000	0.00370000
0.00000000	0.00360000
0.00000000	0.00360000
0.00000000	0.00350000
0.00000000	0.00340000
0.00000000	0.00340000
0.00000000	0.00330000
0.00000000	0.00320000
0.00000000	0.00320000
0.00000000	0.00310000
0.00000000	0.00310000
0.00000000	0.00300000
0.00000000	0.00300000
0.00000000	0.00290000
0.00000000	0.00280000
0.00000000	0.00280000
0.00000000	0.00270000
0.00000000	0.00270000
0.00000000	0.00260000
0.00000000	0.00260000
0.00000000	0.00250000
0.00000000	0.00250000
0.00000000	0.00240000
0.00000000	0.00240000
0.00000000	0.00230000
0.00000000	0.00230000
0.00000000	0.00230000
0.00000000	0.00220000
0.00000000	0.00220000
0.00000000	0.00210000
0.00000000	0.00210000
0.00000000	0.00200000
0.00000000	0.00200000
0.00000000	0.00200000
0.00000000	0.00190000
0.00000000	0.00190000
0.00000000	0.00190000
0.00000000	0.00180000
0.00000000	0.00180000
0.00000000	0.00180000
0.00000000	0.00170000
0.00000000	0.00170000
0.00000000	0.00170000
0.00000000	0.13450000
0.00000000	0.12420000
0.00000000	0.06330000
0.00000000	0.00150000
0.00000000	0.00150000
0.00000000	0.04450000
0.00000000	0.03930000
0.00000000	0.03980000
0.00000000	0.00140000
0.00000000	0.04320000
0.00000000	0.03180000
0.00000000	0.00130000
0.00000000	0.00130000
0.00000000	0.06270000
0.00000000	0.12280000
0.00000000	0.00770000
0.00000000	0.00120000
0.00000000	0.00120000
0.00000000	0.00120000
0.00000000	0.00110000
0.00000000	0.00110000
0.00000000	0.00110000
0.00000000	0.00110000
0.00000000	0.02330000
0.00000000	0.00100000
0.00000000	0.00100000
0.00000000	0.01590000
0.00000000	0.00100000
0.00000000	0.00100000
0.00000000	0.00090000
0.00000000	0.00090000
0.00000000	0.00090000
0.00000000	0.00090000
0.00000000	0.00090000
0.00000000	0.00080000
0.00000000	0.00080000
0.00000000	0.00080000
0.00000000	0.00080000
0.00000000	0.00080000
0.00000000	0.00080000
0.00000000	0.00080000
0.00000000	0.00070000
0.00000000	0.00070000
0.00000000	0.00070000
0.00000000	0.19230000
0.00000000	0.00070000
0.00000000	0.06600000
0.00000000	0.00070000
0.00000000	0.00060000
0.00000000	0.00060000
0.00000000	0.00060000
0.00000000	0.00060000
0.00000000	0.00060000
0.00000000	0.00060000
0.00000000	0.00060000
0.00000000	0.00130000
0.00000000	0.09320000
0.00000000	0.00050000
0.00000000	0.00050000
0.00000000	0.00050000
0.00000000	0.00050000
0.00000000	0.00050000
0.00000000	0.00050000
0.00000000	0.00050000
0.00000000	0.00050000
0.00000000	0.00050000
0.00000000	0.00050000
0.00000000	0.00120000
0.00030000	0.00120000
0.01200000	0.00120000
0.00170000	0.02500000
0.00050000	0.01210000
0.00030000	0.00040000
0.00000000	0.00040000
0.00050000	0.00040000
1.11100000	0.15890000
0.43420000	0.00040000
0.15320000	0.00040000
0.08170000	0.00040000
0.05360000	0.00040000
0.03830000	0.00040000
0.02940000	0.00030000
0.02430000	0.00030000
0.02170000	0.00030000
0.01920000	0.00030000
0.01660000	0.00030000
0.01660000	0.00030000
0.45970000	0.22900000
0.68960000	1.61390000
0.25540000	0.62920000
0.16600000	0.57970000
0.12770000	0.49610000
0.09960000	0.42950000
0.08940000	0.37630000
0.09070000	0.33370000
0.09320000	0.29940000
0.08300000	0.27160000
0.07280000	0.24910000
0.06510000	0.23070000
0.06000000	0.21550000
0.05750000	0.20290000
0.05620000	0.19240000
0.05360000	0.18340000
0.05620000	0.19980000
0.05240000	0.16920000
0.04980000	0.16340000
0.04730000	0.15820000
0.04470000	0.15360000
0.04340000	0.14940000
0.04340000	0.14560000
0.04340000	0.14210000
0.04090000	0.13870000
0.04090000	0.13560000
0.04090000	0.13270000
0.04090000	0.12980000
0.04090000	0.12710000
0.04090000	0.12450000
0.04210000	0.12200000
0.04090000	0.11960000
0.04210000	0.11720000
0.04090000	0.11490000
0.04090000	0.11270000
0.04090000	0.11050000
0.04210000	0.10840000
0.04090000	0.10630000
0.04210000	0.10420000
0.04340000	0.10220000
0.04210000	0.10030000
0.05490000	0.16930000
0.16600000	0.25050000
5.54250000	1.90830000
1.59630000	1.84750000
0.56190000	0.94400000
0.35760000	0.89430000
0.28100000	0.77880000
0.22990000	0.68640000
0.19160000	0.61220000
0.16600000	0.55230000
0.15320000	0.50380000
0.12770000	0.46430000
0.11880000	0.43190000
0.11750000	0.40510000
0.11110000	0.38280000
0.10470000	0.36400000
0.10090000	0.34800000
0.09710000	0.33420000
0.09190000	0.32220000
0.08810000	0.31160000
0.08560000	0.30220000
0.08300000	0.29370000
0.07660000	0.28590000
0.07410000	0.27880000
0.07410000	0.27210000
0.07150000	0.26590000
0.06900000	0.26000000
0.06510000	0.25440000
0.06130000	0.24900000
0.06000000	0.24390000
0.05620000	0.23890000
0.05620000	0.23410000
0.05750000	0.22950000
0.05490000	0.22500000
0.05360000	0.22060000
0.05240000	0.21630000
0.05240000	0.21210000
0.05360000	0.20800000
0.04980000	0.20400000
0.04210000	0.20010000
0.04090000	0.19630000
0.03960000	0.19250000
0.03450000	0.18880000
0.03060000	0.18520000
0.02810000	0.18170000
0.02810000	0.17820000
0.03190000	0.17480000
0.07020000	0.32500000
0.12390000	0.31960000
0.07920000	0.16500000
0.06900000	0.16190000
0.06130000	0.15880000
0.07920000	0.21950000
0.44700000	0.42000000
0.34480000	0.25060000
0.19160000	0.40700000
0.20430000	0.65680000
0.19160000	0.67100000
0.15320000	0.65110000
0.12770000	0.57600000
0.11240000	0.51560000
0.09830000	0.46680000
0.09190000	0.42720000
0.08300000	0.39490000
0.07660000	0.36830000
0.07280000	0.34630000
0.07150000	0.32790000
0.06770000	0.31230000
0.06900000	0.29900000
0.07660000	0.28760000
0.07530000	0.27750000
0.07660000	0.26870000
0.06900000	0.26070000
0.06640000	0.25350000
0.06260000	0.24690000
0.06130000	0.24090000
0.06260000	0.23520000
0.06260000	0.22990000
0.06390000	0.22480000
0.06510000	0.22000000
0.07280000	0.21540000
0.07410000	0.21100000
0.06900000	0.20670000
0.05870000	0.20260000
0.05360000	0.19860000
0.04600000	0.19470000
0.04730000	0.19090000
0.04600000	0.18720000
0.04730000	0.18350000
0.04470000	0.18000000
0.04210000	0.17660000
0.03830000	0.17320000
0.03830000	0.16990000
0.03830000	0.16660000
0.03960000	0.16340000
0.03320000	0.16030000
0.02550000	0.15730000
0.01920000	0.15430000
0.01790000	0.15140000
0.01660000	0.14840000
0.02040000	0.14560000
0.02430000	0.14280000
0.02430000	0.14010000
0.02170000	0.13750000
0.01920000	0.13480000
0.01530000	0.13230000
0.01280000	0.12980000
0.01150000	0.12730000
0.00880000	0.12490000
0.00690000	0.12250000
0.00540000	0.12020000
0.00450000	0.11790000
0.00410000	0.11570000
0.00330000	0.11350000
0.00370000	0.11130000
0.00360000	0.10920000
0.00360000	0.10710000
0.00320000	0.10510000
0.00320000	0.11930000
0.00370000	0.10110000
0.00360000	0.09920000
0.00310000	0.09730000
0.00290000	0.09550000
0.00260000	0.09370000
0.00280000	0.09190000
0.00170000	0.09010000
0.00150000	0.08840000
0.00130000	0.08670000
0.00090000	0.08510000
0.00110000	0.08350000
0.00110000	0.08190000
0.00100000	0.08030000
0.00100000	0.07880000
0.00100000	0.07730000
0.00130000	0.07580000
0.00130000	0.07440000
0.00130000	0.07300000
0.00130000	0.07160000
0.00100000	0.07020000
0.00080000	0.06890000
0.00060000	0.06760000
0.00060000	0.06630000
0.00060000	0.06510000
0.00060000	0.06380000
0.00060000	0.06260000
0.00060000	0.06140000
0.00050000	0.06020000
0.00050000	0.05910000
0.00030000	0.05800000
0.00000000	0.05690000
0.00000000	0.05580000
0.00000000	0.05470000
0.00000000	0.05370000
0.00000000	0.05270000
0.00000000	0.05170000
0.00000000	0.05070000
0.00000000	0.04970000
0.00000000	0.04880000
0.00000000	0.04790000
0.00000000	0.04700000
0.00000000	0.04610000
0.00000000	0.04520000
0.00000000	0.04430000
0.00000000	0.04350000
0.00000000	0.04270000
0.00000000	0.04180000
0.00000000	0.04110000
0.00000000	0.04030000
0.00000000	0.03950000
0.00000000	0.03880000
0.00000000	0.03800000
0.00000000	0.03730000
0.00000000	0.03660000
0.00000000	0.03590000
0.00000000	0.03520000
0.00000000	0.03450000
0.00000000	0.03390000
0.00000000	0.03320000
0.00000000	0.03260000
0.00000000	0.03200000
0.00000000	0.03140000
0.00000000	0.03080000
0.00000000	0.03020000
0.00000000	0.02960000
0.00000000	0.02910000
0.00000000	0.02850000
0.00000000	0.02800000
0.00000000	0.02740000
0.00000000	0.02690000
0.00000000	0.02640000
0.00000000	0.02590000
0.00000000	0.02540000
0.00000000	0.02490000
0.00000000	0.02450000
0.00000000	0.02400000
0.00000000	0.02350000
0.00000000	0.02310000
0.00000000	0.02260000
0.00000000	0.02220000
0.00000000	0.02180000
0.00000000	0.02140000
0.00000000	0.02100000
0.00000000	0.02060000
0.00000000	0.02020000
0.00000000	0.01980000
0.00000000	0.01940000
0.00000000	0.01910000
0.00000000	0.01870000
0.00000000	0.01830000
0.00000000	0.01800000
0.00000000	0.01770000
0.00000000	0.01730000
0.00000000	0.01700000
0.00000000	0.01670000
0.00000000	0.01630000
0.00000000	0.01600000
0.00000000	0.01570000
0.00000000	0.01540000
0.00000000	0.01510000
0.00000000	0.01490000
0.00000000	0.01460000
0.00000000	0.01430000
0.00000000	0.01400000
0.00000000	0.01380000
0.00000000	0.01350000
0.00000000	0.01320000
0.00000000	0.01300000
0.00000000	0.01270000
0.00000000	0.01250000
0.00000000	0.01230000
0.00000000	0.01200000
0.00000000	0.01180000
0.00000000	0.01160000
0.00000000	0.01140000
0.00000000	0.01110000
0.00000000	0.01090000
0.00000000	0.01070000
0.00000000	0.01050000
0.00000000	0.01030000
0.00000000	0.01010000
0.00000000	0.00990000
0.00000000	0.00970000
0.00000000	0.00960000
0.00000000	0.00940000
0.00000000	0.00920000
0.00000000	0.00900000
0.00000000	0.00880000
0.00000000	0.00870000
0.00000000	0.00850000
0.00000000	0.00840000
0.00000000	0.00820000
0.00000000	0.00800000
0.00000000	0.00790000
0.00000000	0.00770000
0.00000000	0.00760000
0.00000000	0.00740000
0.00000000	0.00730000
0.00000000	0.00720000
0.00000000	0.00700000
0.00000000	0.00690000
0.00000000	0.00680000
0.00000000	0.03220000
0.00000000	0.00650000
0.00000000	0.00640000
0.00000000	0.00630000
0.00000000	0.00610000
0.00000000	0.00600000
0.00000000	0.00590000
0.00000000	0.00580000
0.00000000	0.00570000
0.00000000	0.00560000
0.00000000	0.02860000
0.00000000	0.08280000
0.00000000	0.00530000
0.00000000	0.00520000
0.00000000	0.00510000
0.00000000	0.00500000
0.00000000	0.00490000
0.00000000	0.00480000
0.00000000	0.00470000
0.00000000	0.00460000
0.00000000	0.00450000
0.00000000	0.00440000
0.00000000	0.00440000
0.00000000	0.00430000
0.00000000	0.00420000
0.00000000	0.00410000
0.00000000	0.00400000
0.00000000	0.00400000
0.00000000	0.00390000
0.00000000	0.00380000
0.00000000	0.00370000
0.00000000	0.00370000
0.00000000	0.15950000
0.00000000	0.16880000
0.00000000	0.09420000
0.00000000	0.00340000
0.00000000	0.06790000
0.06770000	0.14480000
0.04600000	0.00320000
0.02040000	0.04240000
0.29370000	0.04470000
0.44700000	0.06230000
0.11370000	0.00300000
0.05360000	0.00290000
0.03320000	0.00290000
0.02040000	0.00280000
0.01400000	0.00270000
0.01400000	0.00270000
0.01530000	0.00260000
0.00980000	0.00260000
0.00770000	0.00250000
0.00640000	0.01000000
0.00660000	0.01990000
0.00960000	0.02370000
0.01400000	0.00300000
0.01280000	0.00230000
0.01230000	0.00230000
0.01260000	0.00220000
0.01210000	0.00220000
0.01140000	0.00210000
0.01230000	0.00210000
0.01250000	0.00210000
0.01280000	0.00200000
0.01400000	0.00200000
0.01400000	0.00190000
0.01400000	0.00190000
0.01400000	0.00190000
0.01280000	0.00180000
0.01280000	0.00180000
0.01280000	0.00180000
0.01400000	0.00170000
0.01530000	0.00480000
0.01530000	0.00170000
0.01530000	0.00160000
0.01530000	0.00160000
0.01660000	0.00160000
0.01660000	0.00150000
0.01530000	0.00150000
0.01530000	0.00150000
0.01530000	0.00150000
0.01660000	0.00140000
0.01660000	0.06200000
0.37030000	0.09430000
0.33200000	0.00140000
0.14050000	0.00130000
0.09450000	0.00130000
0.33200000	0.19780000
2.00500000	1.58510000
0.70240000	0.54880000
0.34480000	0.51780000
0.24260000	0.44230000
0.19160000	0.38220000
0.16600000	0.33420000
0.14050000	0.29570000
0.12770000	0.26480000
0.11880000	0.23980000
0.11240000	0.21960000
0.10730000	0.20300000
0.10090000	0.18940000
0.10090000	0.17810000
0.09830000	0.16870000
0.10980000	0.16070000
0.10980000	0.15390000
0.10090000	0.14800000
0.09580000	0.14280000
0.09580000	0.13830000
0.09450000	0.13420000
0.09190000	0.13050000
0.14050000	0.16670000
0.25540000	0.13560000
0.15320000	0.12110000
0.12390000	0.11830000
0.11240000	0.11570000
0.10860000	0.11330000
0.10340000	0.11090000
0.09710000	0.10860000
0.09710000	0.10640000
0.09710000	0.10430000
0.09580000	0.10220000
0.09320000	0.10020000
0.09070000	0.09830000
0.08560000	0.09640000
0.08680000	0.09450000
0.08680000	0.09270000
0.08430000	0.09090000
0.08300000	0.08920000
0.08050000	0.08740000
0.07530000	0.08580000
0.07530000	0.08410000
0.07530000	0.08260000
0.07790000	0.08090000
0.09070000	0.14860000
0.09070000	0.10780000
0.08170000	0.07640000
0.07530000	0.07500000
0.07150000	0.07350000
0.06770000	0.07210000
0.06260000	0.07080000
0.06000000	0.06940000
0.05870000	0.06810000
0.05620000	0.06680000
0.05110000	0.06550000
0.04470000	0.06430000
0.04210000	0.06310000
0.03580000	0.06190000
0.03320000	0.06070000
0.03060000	0.05960000
0.02940000	0.05840000
0.03060000	0.05730000
0.02940000	0.05620000
0.02940000	0.05520000
0.02940000	0.05410000
0.02680000	0.05310000
0.02810000	0.05210000
0.02680000	0.05110000
0.02550000	0.05010000
0.02300000	0.04920000
0.02040000	0.04820000
0.01920000	0.04730000
0.01660000	0.04640000
0.01790000	0.04550000
0.01790000	0.04470000
0.02040000	0.08060000
0.02550000	0.04870000
0.02300000	0.04220000
0.01920000	0.04140000
0.01530000	0.04060000
0.01280000	0.03980000
0.01120000	0.03900000
0.00960000	0.03830000
0.00830000	0.03760000
0.00610000	0.03690000
0.00490000	0.03620000
0.00420000	0.03550000
0.00360000	0.03480000
0.00320000	0.03410000
0.00410000	0.08910000
0.00780000	0.09840000
0.00930000	0.03220000
0.00860000	0.03160000
0.00830000	0.03100000
0.00890000	0.03040000
0.01110000	0.02990000
0.01210000	0.02930000
0.00970000	0.02870000
0.00700000	0.02820000
0.00550000	0.02760000
0.00510000	0.02710000
0.00490000	0.02660000
0.00430000	0.02610000
0.00420000	0.02560000
0.00410000	0.02510000
0.00410000	0.02460000
0.00370000	0.02420000
0.00310000	0.02370000
0.00270000	0.02330000
0.00230000	0.02280000
0.00230000	0.02240000
0.00190000	0.02200000
0.00180000	0.02150000
0.00170000	0.02110000
0.00150000	0.02070000
0.00140000	0.02030000
0.00130000	0.02000000
0.00130000	0.01960000
0.00130000	0.01920000
0.00110000	0.01880000
0.00110000	0.01850000
0.00100000	0.01810000
0.00100000	0.01780000
0.00090000	0.01740000
0.00080000	0.01710000
0.00060000	0.01680000
0.00050000	0.01650000
0.00050000	0.01620000
0.00040000	0.01590000
0.00030000	0.01550000
0.00030000	0.01530000
0.00010000	0.01500000
0.00000000	0.01470000
0.00000000	0.01440000
0.00000000	0.01410000
0.00000000	0.01390000
0.00000000	0.01360000
0.00000000	0.01330000
0.00000000	0.01310000
0.00000000	0.01280000
0.00000000	0.01260000
0.00000000	0.01240000
0.00000000	0.01210000
0.00000000	0.01190000
0.00000000	0.01170000
0.00000000	0.01140000
0.00000000	0.01120000
0.00000000	0.01100000
0.00000000	0.01080000
0.00000000	0.01060000
0.00000000	0.01040000
0.00000000	0.01020000
0.00000000	0.01000000
0.00000000	0.00980000
0.00000000	0.00960000
0.00000000	0.00940000
0.00000000	0.00930000
0.00000000	0.00910000
0.00000000	0.00890000
0.00000000	0.00870000
0.00000000	0.00860000
0.00000000	0.00840000
0.00000000	0.00830000
0.00000000	0.00810000
0.00000000	0.00790000
0.00000000	0.00780000
0.00000000	0.00760000
0.00000000	0.00750000
0.00000000	0.00740000
0.00000000	0.00720000
0.00000000	0.00710000
0.00000000	0.00690000
0.00000000	0.00680000
0.00000000	0.00670000
0.00000000	0.00660000
0.00000000	0.00640000
0.00000000	0.00630000
0.00000000	0.00620000
0.00000000	0.00610000
0.00000000	0.00600000
0.00000000	0.00580000
0.00000000	0.00570000
0.00000000	0.00560000
0.00000000	0.00550000
0.00000000	0.00540000
0.00000000	0.00530000
0.00000000	0.00520000
0.00000000	0.00510000
0.00000000	0.00500000
0.00000000	0.00490000
0.00000000	0.00480000
0.00000000	0.00470000
0.00000000	0.00460000
0.00000000	0.00460000
0.00000000	0.00450000
0.00000000	0.00440000
0.00000000	0.00430000
0.00000000	0.00420000
0.00000000	0.00410000
0.00000000	0.00410000
0.00000000	0.00400000
0.00000000	0.00390000
0.00000000	0.00380000
0.00000000	0.00380000
0.00000000	0.00370000
0.00000000	0.00360000
0.00000000	0.00360000
0.00000000	0.00350000
0.00000000	0.00340000
0.00000000	0.00340000
0.00000000	0.00330000
0.00000000	0.00320000
0.00000000	0.00320000
0.00000000	0.00310000
0.00000000	0.00300000
0.00000000	0.00300000
0.00000000	0.00290000
0.00000000	0.00290000
0.00000000	0.00280000
0.00000000	0.00280000
0.00000000	0.01810000
0.00000000	0.00270000
0.00000000	0.02330000
0.00000000	0.00260000
0.00000000	0.00250000
0.00000000	0.00250000
0.00000000	0.00240000
0.00000000	0.00240000
0.00000000	0.00230000
0.00000000	0.00230000
0.00000000	0.00220000
0.00000000	0.00220000
0.00000000	0.03800000
0.00000000	0.00210000
0.00000000	0.00210000
0.00000000	0.00200000
0.00000000	0.00200000
0.00000000	0.00200000
0.00000000	0.00190000
0.00000000	0.00190000
0.00000000	0.00180000
0.00000000	0.00180000
0.00000000	0.00180000
0.00000000	0.00170000
0.00000000	0.00170000
0.00000000	0.00170000
0.00000000	0.00160000
0.00000000	0.00160000
0.00000000	0.00160000
0.00000000	0.00160000
0.00000000	0.00150000
0.00000000	0.00150000
0.00000000	0.00150000
0.00000000	0.00140000
0.00000000	0.01090000
0.00000000	0.01110000
0.00000000	0.06220000
0.00000000	0.05140000
0.00000000	0.00130000
0.00000000	0.00130000
0.00000000	0.00130000
0.00000000	0.00120000
0.00000000	0.00120000
0.00000000	0.00120000
0.00000000	0.00120000
0.00000000	0.00110000
0.00000000	0.00110000
0.00000000	0.00110000
0.00000000	0.00110000
0.00000000	0.00110000
0.00000000	0.00100000
0.00000000	0.00100000
0.00000000	0.00100000
0.00000000	0.00100000
0.00000000	0.00100000
0.00000000	0.00090000
0.00000000	0.00090000
0.00000000	0.00090000
0.00000000	0.00090000
0.00000000	0.00090000
0.00000000	0.00090000
0.00000000	0.00080000
0.00000000	0.00080000
0.00000000	0.00080000
0.00000000	0.00080000
0.00000000	0.00080000
0.00000000	0.00080000
0.00000000	0.00080000
0.00000000	0.00070000
0.00000000	0.00070000
0.00000000	0.10960000
0.00000000	0.00070000
0.00000000	0.00070000
0.00000000	0.00070000
0.00000000	0.00070000
0.00000000	0.00060000
0.00000000	0.00060000
0.00000000	0.00060000
0.00000000	0.00060000
0.00000000	0.00060000
0.00000000	0.00060000
0.00000000	0.00060000
0.00000000	0.00060000
0.00000000	0.00060000
0.00000000	0.00050000
0.00000000	0.00050000
0.00000000	0.00050000
0.00000000	0.00050000
0.00000000	0.00050000
0.00000000	0.00050000
0.00000000	0.00050000
0.00000000	0.00050000
0.00000000	0.00050000
0.00000000	0.00050000
0.00000000	0.00040000
0.00000000	0.00040000
0.00000000	0.00040000
0.00000000	0.00040000
0.00000000	0.00040000
0.00000000	0.00040000
0.00000000	0.00040000
0.00000000	0.00040000
0.00000000	0.00040000
0.00000000	0.00040000
0.00000000	0.00040000
0.00000000	0.00040000
0.00000000	0.00040000
0.00000000	0.05060000
0.00000000	0.00030000
0.00000000	0.00030000
0.00000000	0.00030000
0.00000000	0.00030000
0.00000000	0.00030000
0.00000000	0.00030000
0.00000000	0.00030000
0.00000000	0.00030000
0.00000000	0.00030000
0.00000000	0.04460000
0.00000000	0.22110000
0.00010000	0.15540000
0.00000000	0.07400000
0.00000000	0.06440000
0.00000000	0.04770000
0.00000000	0.00030000
0.00000000	0.00030000
0.00000000	0.00020000
0.00000000	0.00020000
0.00000000	0.00020000
0.00000000	0.00020000
0.00000000	0.00020000
0.00000000	0.00020000
0.00000000	0.00020000
0.00000000	0.00020000
0.00000000	0.00020000
0.00000000	0.00020000
0.00000000	0.01020000
0.00000000	0.01570000
0.00000000	0.00620000
0.00000000	0.00020000
0.00000000	0.00020000
0.00000000	0.07250000
0.00000000	0.00020000
0.00000000	0.00020000
0.00000000	0.00020000
0.00000000	0.00020000
0.00000000	0.00020000
0.00000000	0.00020000
0.00000000	0.00020000
0.00000000	0.00020000
0.00000000	0.00020000
0.00000000	0.00020000
0.00000000	0.00010000
0.00000000	0.00010000
0.00080000	0.22120000
0.01400000	0.07520000
0.01530000	0.00010000
0.00450000	0.00010000
0.00150000	0.00010000
0.00080000	0.00010000
0.00000000	0.00010000
0.00410000	0.00010000
0.00950000	0.00010000
0.00590000	0.00010000
0.00470000	0.00010000
0.00560000	0.00010000
0.00610000	0.00010000
0.00610000	0.00010000
0.00630000	0.01220000
0.00660000	0.00010000
0.00790000	0.00010000
0.00740000	0.00010000
0.00690000	0.00010000
0.00650000	0.00010000
0.00690000	0.00010000
0.00740000	0.00010000
0.00840000	0.00010000
0.00830000	0.00010000
0.00740000	0.00010000
0.00770000	0.00010000
0.00740000	0.00010000
0.00640000	0.00010000
0.00590000	0.00010000
0.00520000	0.00010000
0.00490000	0.00010000
0.00450000	0.00010000
0.00340000	0.00010000
0.00290000	0.00010000
0.00280000	0.00010000
0.00280000	0.00010000
0.00290000	0.00010000
0.00360000	0.00010000
0.00370000	0.00010000
0.00500000	0.00010000
0.00570000	0.00010000
0.00460000	0.00010000
0.00450000	0.00010000
0.00400000	0.00010000
0.00360000	0.00010000
0.00320000	0.00010000
0.00280000	0.00010000
0.00240000	0.00010000
0.00230000	0.00010000
0.00220000	0.00010000
0.00200000	0.00010000
0.00200000	0.00010000
0.00180000	0.00010000
0.00180000	0.00010000
0.00180000	0.00010000
0.00180000	0.00010000
0.00170000	0.00000000
0.00170000	0.00000000
0.00200000	0.00000000
0.00170000	0.06080000
0.00150000	0.00000000
0.00140000	0.00000000
0.00130000	0.00000000
0.00130000	0.00000000
0.00130000	0.00000000
0.00130000	0.00000000
0.00110000	0.00000000
0.00110000	0.00000000
0.00110000	0.00000000
0.00100000	0.00000000
0.00100000	0.00000000
0.00100000	0.00000000
0.00100000	0.00000000
0.00090000	0.00000000
0.00090000	0.00000000
0.00080000	0.00000000
0.00080000	0.00000000
0.00060000	0.00000000
0.00060000	0.00000000
0.00060000	0.00000000
0.00050000	0.00000000
0.00050000	0.00000000
0.00050000	0.00000000
0.00040000	0.00000000
0.00040000	0.00000000
0.00040000	0.00000000
0.00030000	0.00000000
0.00030000	0.00000000
0.00030000	0.00000000
0.00030000	0.00000000
0.00030000	0.00000000
0.00010000	0.00000000
0.00010000	0.00000000
0.00010000	0.00000000
0.00000000	0.00000000
0.00000000	0.00000000
0.00000000	0.00000000
0.00000000	0.00000000
0.00000000	0.00000000
0.00000000	0.00000000
0.00000000	0.06790000
0.00000000	0.00000000
0.00000000	0.00000000
0.00000000	0.00000000
0.00000000	0.00000000
0.00000000	0.00000000
0.00000000	0.00000000
0.00000000	0.00000000
0.00000000	0.00000000
0.00000000	0.00000000
0.00000000	0.00000000
0.00000000	0.00000000
0.00000000	0.00000000
0.00000000	0.00000000
0.00000000	0.00000000
0.00000000	0.00000000
0.00000000	0.00000000
0.00000000	0.00000000
0.00000000	0.00000000
0.00000000	0.00000000
0.00000000	0.00000000
0.00000000	0.00000000
0.00000000	0.00000000
0.00000000	0.00000000
0.00000000	0.00000000
0.00000000	0.00000000
0.00000000	0.00000000
0.00000000	0.00000000
0.00000000	0.00000000
0.00000000	0.00000000
0.00000000	0.00000000
0.00000000	0.00000000
0.00000000	0.00000000
0.00000000	0.00000000
0.00000000	0.00000000
0.00000000	0.00000000
0.00000000	0.00000000
0.00000000	0.00000000
0.00000000	0.00000000
0.00000000	0.00000000
0.00000000	0.00000000
0.00000000	0.00000000
0.00000000	0.00000000
0.00000000	0.00000000
0.00000000	0.00000000
0.00000000	0.00000000
0.00000000	0.00000000
0.00000000	0.00000000
0.00000000	0.00000000
0.00000000	0.00000000
0.00000000	0.00000000
0.00000000	0.00000000
0.00000000	0.00000000
0.00000000	0.00000000
0.00000000	0.00000000
0.00000000	0.00000000
0.00000000	0.00000000
0.00000000	0.00000000
0.00000000	0.00000000
0.00000000	0.00000000
0.00000000	0.00000000
0.00000000	0.00000000
0.00000000	0.00000000
0.00000000	0.00000000
0.00000000	0.00000000
0.00000000	0.00000000
0.00000000	0.00000000
0.00000000	0.00000000
0.00000000	0.00000000
0.00000000	0.00000000
0.00000000	0.00000000
0.00000000	0.00000000
0.00000000	0.00000000
0.00000000	0.00000000
0.00000000	0.00000000
0.00000000	0.00000000
0.00000000	0.00000000
0.00000000	0.00000000
0.00000000	0.00000000
0.00000000	0.00000000
0.00000000	0.00000000
0.00000000	0.00000000
0.00000000	0.00000000
0.00000000	0.00000000
0.00000000	0.00000000
0.00000000	0.00000000
0.00000000	0.00000000
0.00000000	0.00000000
0.00000000	0.00000000
0.00000000	0.00000000
0.00000000	0.00000000
0.00000000	0.00000000
0.00000000	0.00000000
0.00000000	0.00000000
0.00000000	0.00000000
0.00000000	0.00000000
0.00000000	0.00000000
0.00000000	0.00000000
0.00000000	0.00000000
0.00000000	0.00000000
0.00000000	0.00000000
0.00000000	0.00000000
0.00000000	0.00000000
0.00000000	0.00000000
0.00000000	0.00000000
0.00000000	0.00000000
0.00000000	0.00000000
0.00000000	0.00000000
0.00000000	0.00000000
0.00000000	0.00000000
0.00000000	0.00000000
0.00000000	0.00000000
0.00000000	0.00000000
0.00000000	0.00000000
0.00000000	0.00000000
0.00000000	0.00000000
0.00000000	0.04120000
0.00000000	0.08220000
0.00000000	0.00000000
0.00000000	0.00000000
0.00000000	0.00000000
0.00000000	0.00000000
0.00000000	0.00000000
0.00000000	0.00000000
0.00000000	0.00000000
0.00000000	0.00010000
0.00000000	0.00000000
0.00000000	0.00000000
0.00000000	0.00000000
0.00000000	0.00000000
0.00000000	0.00000000
0.00000000	0.00000000
0.00000000	0.00000000
0.00000000	0.00000000
0.00000000	0.00000000
0.00000000	0.00000000
0.00000000	0.00000000
0.00000000	0.00000000
0.00000000	0.00000000
0.00000000	0.00000000
0.00000000	0.00000000
0.00000000	0.00000000
0.00000000	0.00000000
0.00000000	0.00000000
0.00000000	0.00000000
0.00000000	0.00000000
0.00000000	0.00000000
0.00000000	0.00000000
0.00000000	0.00000000
0.00000000	0.00000000
0.00000000	0.00000000
0.00000000	0.00000000
0.00000000	0.00000000
0.00000000	0.00000000
0.00000000	0.00000000
0.00000000	0.00000000
0.00000000	0.00000000
0.00000000	0.00000000
0.00000000	0.00000000
0.00000000	0.00000000
0.00000000	0.00000000
0.00000000	0.00000000
0.00000000	0.00000000
0.00000000	0.00000000
0.00000000	0.00000000
0.00000000	0.00000000
0.00000000	0.00000000
0.00000000	0.00000000
0.00000000	0.00000000
0.00000000	0.00000000
0.00000000	0.00000000
0.00000000	0.00000000
0.00000000	0.00000000
0.00000000	0.00000000
0.00000000	0.00000000
0.00000000	0.00000000
0.00000000	0.06460000
0.00000000	0.00000000
0.00000000	0.00000000
0.00000000	0.00000000
0.00000000	0.00000000
0.00000000	0.00000000
0.00000000	0.02160000
0.00000000	0.00000000
0.00000000	0.00000000
0.00000000	0.00000000
0.00000000	0.00000000
0.00000000	0.00000000
0.00000000	0.00000000
0.00000000	0.00000000
0.00000000	0.00000000
0.00000000	0.00000000
0.00000000	0.00000000
0.00000000	0.00000000
0.00000000	0.00000000
0.00000000	0.00000000
0.00000000	0.00000000
0.00000000	0.00000000
0.00000000	0.01000000
0.00000000	0.00000000
0.00000000	0.00000000
0.00000000	0.00000000
0.00000000	0.00000000
0.00000000	0.00000000
0.00000000	0.00000000
0.00000000	0.00000000
0.00000000	0.00070000
0.00000000	0.00060000
0.00000000	0.00050000
0.00000000	0.00050000
0.00000000	0.00040000
0.00000000	0.00240000
0.00000000	0.00000000
0.00000000	0.00000000
0.00000000	0.00000000
0.00000000	0.00000000
0.00000000	0.00000000
0.00000000	0.00000000
0.00000000	0.00000000
0.00000000	0.00000000
0.00000000	0.03430000
0.00000000	0.07910000
0.00000000	0.02090000
0.00000000	0.00000000
0.00000000	0.00000000
0.00000000	0.00000000
0.00000000	0.03900000
0.00000000	0.00460000
0.00000000	0.00000000
0.00000000	0.00000000
0.00000000	0.00000000
0.00000000	0.00000000
0.00000000	0.00000000
0.00000000	0.00000000
0.00000000	0.00000000
0.00000000	0.00000000
0.00000000	0.00000000
0.00000000	0.00000000
0.00000000	0.00000000
0.00000000	0.00000000
0.00000000	0.00000000
0.00000000	0.00000000
0.00000000	0.00000000
0.00000000	0.00000000
0.00000000	0.00000000
0.00000000	0.00000000
0.00000000	0.00000000
0.00000000	0.00000000
0.00000000	0.00000000
0.00000000	0.00000000
0.00000000	0.00000000
0.00000000	0.01410000
0.00000000	0.00000000
0.00000000	0.00000000
0.00000000	0.00000000
0.00000000	0.00000000
0.00000000	0.00000000
0.00000000	0.00000000
0.00000000	0.00000000
0.00000000	0.00000000
0.00000000	0.00000000
0.00000000	0.00000000
0.00000000	0.00000000
0.00000000	0.00000000
0.00000000	0.00000000
0.00000000	0.00000000
0.00000000	0.00000000
0.00000000	0.00000000
0.00000000	0.00000000
0.00000000	0.00000000
0.00000000	0.00000000
0.00000000	0.00000000
0.00000000	0.00000000
0.00000000	0.00000000
0.00000000	0.00000000
0.00000000	0.00000000
0.10090000	0.39810000
3.11600000	0.33380000
0.53640000	0.08360000
0.12770000	0.00000000
0.79180000	0.09020000
1.36650000	0.17970000
0.22990000	0.23160000
0.12130000	0.27650000
0.07150000	0.23540000
0.04470000	0.20260000
0.03190000	0.17650000
0.02940000	0.17330000
0.02170000	0.13880000
0.02550000	0.17110000
0.03060000	0.14690000
0.02430000	0.10960000
0.02430000	0.10990000
0.04090000	1.02530000
12.47700000	9.10630000
9.38650000	13.71050000
4.17600000	8.46980000
3.49920000	3.84860000
3.38420000	2.97700000
3.30760000	2.63750000
3.29480000	2.31490000
3.29480000	3.64240000
3.67800000	3.79430000
2.83510000	6.16950000
2.29870000	2.72620000
2.27320000	2.51210000
2.09440000	2.26350000
1.97950000	2.06210000
1.69850000	1.89860000
1.50690000	1.76380000
1.40480000	1.65280000
1.26430000	1.56040000
1.17490000	1.48260000
1.08550000	1.41650000
0.99610000	1.35970000
0.93230000	1.31040000
0.86840000	1.26690000
0.81730000	1.22820000
0.74070000	1.19340000
0.70240000	1.16160000
0.63850000	1.13240000
0.60020000	1.10530000
0.54910000	1.07980000
0.48530000	1.05580000
0.45970000	1.03300000
0.42140000	1.01120000
0.35760000	0.99030000
0.34480000	0.97010000
0.33200000	0.95060000
0.31930000	0.93170000
0.30650000	0.91330000
0.29370000	0.89550000
0.28100000	0.87800000
0.26820000	0.86100000
0.25540000	0.84440000
0.24260000	0.82820000
0.22990000	0.81230000
0.21710000	0.79670000
0.20430000	0.78150000
0.20430000	0.76660000
0.20430000	0.75190000
0.19160000	0.73760000
0.17880000	0.72360000
0.17880000	0.70980000
0.16600000	0.69630000
0.16600000	0.68300000
0.15320000	0.67000000
0.15320000	0.65730000
0.15320000	0.64480000
0.14050000	0.63250000
0.14050000	0.62060000
0.12770000	0.60870000
0.12770000	0.59710000
0.12000000	0.58580000
0.11240000	0.57470000
0.11240000	0.56370000
0.11490000	0.55300000
0.11240000	0.54250000
0.11110000	0.53220000
0.10860000	0.52210000
0.09710000	0.51220000
0.09070000	0.50240000
0.08430000	0.49290000
0.08050000	0.48350000
0.08050000	0.47430000
0.08170000	0.46530000
0.07530000	0.45650000
0.07530000	0.44780000
0.07530000	0.43930000
0.06770000	0.43100000
0.06640000	0.42280000
0.06770000	0.41470000
0.06390000	0.40690000
0.06130000	0.39910000
0.06130000	0.39150000
0.06130000	0.38410000
0.05870000	0.37680000
0.05870000	0.36970000
0.05620000	0.36260000
0.04980000	0.35570000
0.04980000	0.34900000
0.05110000	0.34230000
0.05110000	0.33580000
0.05110000	0.32950000
0.04980000	0.32320000
0.04210000	0.31710000
0.03830000	0.31100000
0.03700000	0.30510000
0.03700000	0.29930000
0.03700000	0.29360000
0.03580000	0.28810000
0.03580000	0.28260000
0.03580000	0.27720000
0.03580000	0.27200000
0.03960000	0.26680000
0.04090000	0.26170000
0.04340000	0.27170000
0.05360000	0.25250000
0.04850000	0.24710000
0.03580000	0.24240000
0.02550000	0.23780000
0.01920000	0.23330000
0.01660000	0.22880000
0.01400000	0.22450000
0.01240000	0.22020000
0.01160000	0.21600000
0.01070000	0.21190000
0.01140000	0.20790000
0.01230000	0.20400000
0.01150000	0.20010000
0.01060000	0.19630000
0.00950000	0.19250000
0.00950000	0.18890000
0.00920000	0.18530000
0.00870000	0.18180000
0.00860000	0.17830000
0.00790000	0.17490000
0.00740000	0.17160000
0.00650000	0.16840000
0.00630000	0.16520000
0.00560000	0.16200000
0.00540000	0.15890000
0.00430000	0.15590000
0.00410000	0.15300000
0.00340000	0.15010000
0.00310000	0.14720000
0.00290000	0.14440000
0.00260000	0.14170000
0.00240000	0.13900000
0.00220000	0.13630000
0.00200000	0.13370000
0.00180000	0.13120000
0.00180000	0.12870000
0.00170000	0.12630000
0.00150000	0.12390000
0.00140000	0.12150000
0.00130000	0.11920000
0.00110000	0.11690000
0.00100000	0.11470000
0.00090000	0.11250000
0.00080000	0.11040000
0.00080000	0.10830000
0.00060000	0.10670000
0.00050000	0.10420000
0.00040000	0.10220000
0.00040000	0.10030000
0.00030000	0.09840000
0.00010000	0.09650000
0.00000000	0.09470000
0.00000000	0.09290000
0.00000000	0.09110000
0.00000000	0.08940000
0.00000000	0.08770000
0.00000000	0.08600000
0.00000000	0.08440000
0.00000000	0.08280000
0.00000000	0.08120000
0.00000000	0.07970000
0.00000000	0.07820000
0.00000000	0.07670000
0.00000000	0.07520000
0.00000000	0.07380000
0.00000000	0.07240000
0.00000000	0.07100000
0.00000000	0.06970000
0.00000000	0.06830000
0.00000000	0.06700000
0.00000000	0.06580000
0.00000000	0.06450000
0.00000000	0.06330000
0.00000000	0.06210000
0.00000000	0.06090000
0.00000000	0.05980000
0.00000000	0.05860000
0.00000000	0.05750000
0.00000000	0.05640000
0.00000000	0.05530000
0.00000000	0.05430000
0.00000000	0.05330000
0.00000000	0.05220000
0.00000000	0.05130000
0.00000000	0.05030000
0.00000000	0.04930000
0.00000000	0.04840000
0.00000000	0.04750000
0.00000000	0.04660000
0.00000000	0.04570000
0.00000000	0.04480000
0.00000000	0.04400000
0.00000000	0.04310000
0.00000000	0.04230000
0.00000000	0.04150000
0.00000000	0.04070000
0.00000000	0.03990000
0.00000000	0.03920000
0.00000000	0.03840000
0.00000000	0.03770000
0.00000000	0.03700000
0.00000000	0.03630000
0.00000000	0.03560000
0.00000000	0.03490000
0.00000000	0.03430000
0.00000000	0.03360000
0.00000000	0.03300000
0.00000000	0.03230000
0.00000000	0.03170000
0.00000000	0.03110000
0.00000000	0.03050000
0.00000000	0.03000000
0.00000000	0.02940000
0.00000000	0.02880000
0.00000000	0.02830000
0.00000000	0.02770000
0.00000000	0.02720000
0.00000000	0.02670000
0.00000000	0.02620000
0.00000000	0.05200000
0.00000000	0.07160000
0.00000000	0.02470000
0.00000000	0.02430000
0.00000000	0.02380000
0.00000000	0.02330000
0.00000000	0.02290000
0.00000000	0.02250000
0.00000000	0.02200000
0.00000000	0.02160000
0.00000000	0.02120000
0.00000000	0.02080000
0.00000000	0.02040000
0.00000000	0.02000000
0.00000000	0.01960000
0.00000000	0.01930000
0.00000000	0.01890000
0.00000000	0.01850000
0.00000000	0.01820000
0.00000000	0.01780000
0.00000000	0.01750000
0.00000000	0.01720000
0.00000000	0.01680000
0.00000000	0.03880000
0.00000000	0.01620000
0.00000000	0.01590000
0.00000000	0.01560000
0.00000000	0.01530000
0.00000000	0.01500000
0.00000000	0.01470000
0.00000000	0.01440000
0.00000000	0.01420000
0.00000000	0.01390000
0.00000000	0.01360000
0.00000000	0.01340000
0.00000000	0.01310000
0.00000000	0.01290000
0.00000000	0.01260000
0.00000000	0.01240000
0.00000000	0.01220000
0.00000000	0.01190000
0.00000000	0.01170000
0.00000000	0.01150000
0.00000000	0.09410000
0.00000000	0.01100000
0.00000000	0.01080000
0.00000000	0.01060000
0.00000000	0.01040000
0.00000000	0.01020000
0.00000000	0.01000000
0.00000000	0.00980000
0.00000000	0.00970000
0.00000000	0.00950000
0.00000000	0.00930000
0.00000000	0.00910000
0.00000000	0.00890000
0.00000000	0.00880000
0.00000000	0.00860000
0.00000000	0.00840000
0.00000000	0.00830000
0.00000000	0.00810000
0.00000000	0.00800000
0.00000000	0.00780000
0.00000000	0.27010000
0.11110000	0.23040000
0.29370000	0.21600000
0.04850000	0.00720000
0.01050000	0.00710000
0.00450000	0.00700000
0.00640000	0.11320000
0.03960000	0.11080000
1.32820000	0.30120000
0.45970000	0.54340000
0.20430000	0.63350000
0.16600000	0.63220000
0.10090000	0.57560000
0.07920000	0.53230000
0.06130000	0.46530000
0.04980000	0.41160000
0.04470000	0.36850000
0.03960000	0.33360000
0.03830000	0.30530000
0.03700000	0.28220000
0.03700000	0.26320000
0.03580000	0.24750000
0.03450000	0.23430000
0.03320000	0.22320000
0.03320000	0.21370000
0.03320000	0.20550000
0.03320000	0.19840000
0.03320000	0.19200000
0.03320000	0.18630000
0.03320000	0.18120000
0.03320000	0.17650000
0.03190000	0.17220000
0.03190000	0.16810000
0.03190000	0.16430000
0.03190000	0.16070000
0.03320000	0.15730000
0.03320000	0.15400000
0.03320000	0.15080000
0.03320000	0.14780000
0.03450000	0.14480000
0.05750000	0.28990000
0.07920000	0.22520000
0.06000000	0.19720000
0.06390000	0.35930000
4.77620000	6.32200000
9.19490000	6.55520000
21.71020000	12.83460000
8.17320000	7.76330000
3.57580000	2.96070000
6.76850000	8.42640000
4.34200000	4.47710000
3.06500000	2.89060000
2.29870000	2.59990000
2.04330000	2.31620000
1.62190000	2.09550000
1.40480000	1.90230000
1.23880000	1.75140000
1.11100000	1.62780000
0.97060000	1.52560000
0.88120000	1.44050000
0.80460000	1.36890000
0.74070000	1.30810000
0.70240000	1.25580000
0.67680000	1.21030000
0.62580000	1.17020000
0.80460000	1.27030000
0.71520000	1.22680000
0.63850000	1.20810000
0.65130000	1.22890000
1.87730000	3.30170000
1.09830000	2.17550000
0.89390000	1.75810000
0.79180000	1.69210000
0.72790000	1.63280000
0.67680000	1.51740000
0.63850000	1.42210000
0.61300000	1.34260000
0.58750000	1.27580000
0.57470000	1.21910000
0.56190000	1.17030000
0.53640000	1.12780000
0.52360000	1.09050000
0.51080000	1.05720000
0.58750000	1.09990000
0.62580000	1.09560000
0.98330000	1.08630000
2.50310000	5.84660000
1.55800000	1.69010000
1.14940000	1.61100000
1.04720000	1.48590000
1.60910000	1.46000000
1.18770000	1.29810000
1.04720000	1.28310000
1.00890000	1.21420000
0.98330000	1.15620000
0.88120000	1.10660000
0.81730000	1.07960000
0.77900000	1.02650000
0.74070000	0.99350000
0.71520000	0.96400000
0.68960000	0.93730000
0.66410000	0.91280000
0.62580000	0.89030000
0.60020000	0.86930000
0.57470000	0.84950000
0.56190000	0.83080000
0.54910000	0.81300000
0.52360000	0.79600000
0.51080000	0.77960000
0.49810000	0.76380000
0.47250000	0.74860000
0.44700000	0.73370000
0.43420000	0.71930000
0.40870000	0.70530000
0.39590000	0.69160000
0.39590000	0.67820000
0.37030000	0.66510000
0.35760000	0.65230000
0.33200000	0.63980000
0.33200000	0.62760000
0.31930000	0.61560000
0.30650000	0.60380000
0.29370000	0.59230000
0.29370000	0.58100000
0.28100000	0.57000000
0.28100000	0.55910000
0.26820000	0.54850000
0.25540000	0.53800000
0.25540000	0.52780000
0.24260000	0.51780000
0.25540000	0.51510000
0.25540000	0.50100000
0.24260000	0.48880000
0.22990000	0.47950000
0.21710000	0.47040000
0.21710000	0.46140000
0.24260000	0.45270000
0.22990000	0.44410000
0.21710000	0.43560000
0.21710000	0.42740000
0.20430000	0.41920000
0.19160000	0.41130000
0.19160000	0.40350000
0.19160000	0.39580000
0.19160000	0.38830000
0.17880000	0.38090000
0.17880000	0.37370000
0.16600000	0.36660000
0.16600000	0.35960000
0.16600000	0.35280000
0.15320000	0.34610000
0.15320000	0.33950000
0.15320000	0.33300000
0.15320000	0.32670000
0.15320000	0.32050000
0.14050000	0.31440000
0.14050000	0.30840000
0.12770000	0.30260000
0.12130000	0.29680000
0.12130000	0.29120000
0.11750000	0.28570000
0.11750000	0.28020000
0.12000000	0.27490000
0.12130000	0.26970000
0.11880000	0.26460000
0.11370000	0.25950000
0.11240000	0.25460000
0.11110000	0.24980000
0.10860000	0.24500000
0.09580000	0.24040000
0.08940000	0.23580000
0.08940000	0.23130000
0.08680000	0.22690000
0.07410000	0.22260000
0.07280000	0.21840000
0.06900000	0.21420000
0.06640000	0.21020000
0.06260000	0.20620000
0.05870000	0.20220000
0.05750000	0.19840000
0.05490000	0.19460000
0.05360000	0.19090000
0.05360000	0.18730000
0.05110000	0.18370000
0.05110000	0.18030000
0.05240000	0.17680000
0.05110000	0.17350000
0.04980000	0.17020000
0.04850000	0.16690000
0.04730000	0.16380000
0.04600000	0.16070000
0.04090000	0.15760000
0.03830000	0.15460000
0.03700000	0.15170000
0.04090000	0.22150000
0.04340000	0.14600000
0.04600000	0.14320000
0.05110000	0.15230000
0.05750000	0.13780000
0.05620000	0.13520000
0.05110000	0.13260000
0.04210000	0.13010000
0.03580000	0.12760000
0.02940000	0.12520000
0.02550000	0.12280000
0.02170000	0.12050000
0.02040000	0.11820000
0.01920000	0.11600000
0.01790000	0.11370000
0.01790000	0.11160000
0.01660000	0.10950000
0.01530000	0.10740000
0.01400000	0.10530000
0.01150000	0.10330000
0.00970000	0.10140000
0.00860000	0.09950000
0.00750000	0.09760000
0.00590000	0.09570000
0.00490000	0.09390000
0.00340000	0.09210000
0.00270000	0.09040000
0.00200000	0.08860000
0.00190000	0.08700000
0.00170000	0.08530000
0.00130000	0.08370000
0.00110000	0.08210000
0.00090000	0.08050000
0.00080000	0.07900000
0.00080000	0.07750000
0.00080000	0.07600000
0.00080000	0.07460000
0.00060000	0.07320000
0.00060000	0.07180000
0.00050000	0.07040000
0.00050000	0.06910000
0.00040000	0.06780000
0.00040000	0.06650000
0.00010000	0.06520000
0.00010000	0.06400000
0.00000000	0.06280000
0.00000000	0.06160000
0.00000000	0.06040000
0.00000000	0.05930000
0.00000000	0.05810000
0.00000000	0.05700000
0.00000000	0.05590000
0.00000000	0.05490000
0.00000000	0.05380000
0.00000000	0.05280000
0.00000000	0.05180000
0.00000000	0.05080000
0.00000000	0.04990000
0.00000000	0.04890000
0.00000000	0.04800000
0.00000000	0.04710000
0.00000000	0.04620000
0.00000000	0.04530000
0.00000000	0.04440000
0.00000000	0.04360000
0.00000000	0.04280000
0.00000000	0.04200000
0.00000000	0.04120000
0.00000000	0.04040000
0.00000000	0.03960000
0.00000000	0.03890000
0.00000000	0.03810000
0.00000000	0.03740000
0.00000000	0.03670000
0.00000000	0.03600000
0.00000000	0.03530000
0.00000000	0.03460000
0.00000000	0.03400000
0.00000000	0.03330000
0.00000000	0.03270000
0.00000000	0.03210000
0.00000000	0.03150000
0.00000000	0.03090000
0.00000000	0.03030000
0.00000000	0.02970000
0.00000000	0.02910000
0.00000000	0.02860000
0.00000000	0.02800000
0.00000000	0.02750000
0.00000000	0.02700000
0.00000000	0.02650000
0.00000000	0.02600000
0.00000000	0.02550000
0.00000000	0.02500000
0.00000000	0.02450000
0.00000000	0.02410000
0.00000000	0.02360000
0.00000000	0.02310000
0.00000000	0.02270000
0.00000000	0.02230000
0.00000000	0.02190000
0.00000000	0.02140000
0.00000000	0.02100000
0.00000000	0.02060000
0.00000000	0.02020000
0.00000000	0.01990000
0.00000000	0.01950000
0.00000000	0.01910000
0.00000000	0.01870000
0.00000000	0.01840000
0.00000000	0.01800000
0.00000000	0.01770000
0.00000000	0.01740000
0.00000000	0.18650000
0.00000000	0.10820000
0.00000000	0.01640000
0.00000000	0.01610000
0.00000000	0.01580000
0.00000000	0.01550000
0.00000000	0.01520000
0.00000000	0.01490000
0.00000000	0.01460000
0.00000000	0.01430000
0.00000000	0.01410000
0.00000000	0.01380000
0.00000000	0.01350000
0.00000000	0.01330000
0.00000000	0.01300000
0.00000000	0.01280000
0.00000000	0.01250000
0.00000000	0.01230000
0.00000000	0.01210000
0.00000000	0.01180000
0.00000000	0.01160000
0.00000000	0.01140000
0.00000000	0.01120000
0.00000000	0.01100000
0.00000000	0.01070000
0.00000000	0.01050000
0.00000000	0.01030000
0.00000000	0.01010000
0.00000000	0.01000000
0.00000000	0.00980000
0.00000000	0.00960000
0.00000000	0.00940000
0.00000000	0.00920000
0.00000000	0.00900000
0.00000000	0.02480000
0.00000000	0.03930000
0.00000000	0.00850000
0.00000000	0.13940000
0.01230000	0.27210000
0.01660000	0.03230000
0.00630000	0.00790000
0.00360000	0.00780000
0.00450000	0.07720000
0.00540000	0.00750000
0.00420000	0.00730000
0.00370000	0.00720000
0.00370000	0.00700000
0.00360000	0.00690000
0.00400000	0.00680000
0.00610000	0.03020000
0.00700000	0.00650000
0.00610000	0.00640000
0.00590000	0.00630000
0.00570000	0.00620000
0.00560000	0.00600000
0.00570000	0.00590000
0.00570000	0.00580000
0.00570000	0.00570000
0.00570000	0.00560000
0.00750000	0.23000000
0.71520000	0.26750000
0.28100000	0.23730000
0.10980000	1.69260000
0.06260000	2.20610000
0.15320000	2.12530000
0.10470000	1.25310000
0.05620000	1.11870000
0.04210000	0.97030000
0.04470000	1.00360000
5.33810000	5.80510000
2.20930000	3.70660000
0.68960000	1.80300000
0.45970000	1.68870000
0.39590000	1.53430000
0.33200000	2.23550000
15.32480000	8.55510000
12.06830000	6.05990000
6.83230000	4.53360000
5.26150000	4.90910000
8.16050000	4.97110000
10.24210000	9.22250000
7.04940000	4.99040000
5.10830000	2.90770000
4.21430000	2.66030000
3.32040000	2.40370000
2.80960000	2.19570000
2.42640000	2.02610000
2.17100000	1.88680000
1.91560000	1.77150000
1.66020000	1.67520000
1.53250000	1.59410000
1.21320000	1.52490000
1.08550000	1.46530000
1.02170000	1.41330000
0.89390000	1.36750000
0.83010000	1.32650000
0.70240000	1.28950000
0.66410000	1.25570000
0.62580000	1.22450000
0.60020000	1.19540000
0.75350000	1.16820000
11.64690000	2.11450000
4.39310000	3.24630000
2.46470000	2.64920000
2.04330000	1.70330000
1.66020000	1.66170000
1.40480000	1.55190000
1.27710000	1.46080000
1.14940000	1.38450000
1.08550000	1.31990000
1.02170000	1.26470000
7.10050000	2.22310000
14.43090000	7.56010000
7.44530000	5.35420000
5.49140000	2.09790000
4.46970000	1.96860000
19.28370000	7.18180000
9.82070000	4.63660000
7.66240000	2.19350000
6.38530000	5.83300000
5.10830000	4.94260000
4.46970000	5.01600000
4.08660000	3.10120000
3.70350000	2.95720000
3.32040000	2.67470000
3.06500000	2.44560000
2.80960000	2.25860000
2.55410000	2.10500000
2.42640000	1.97770000
2.29870000	1.87140000
2.17100000	1.78170000
2.04330000	1.70510000
1.92840000	1.63910000
1.82620000	1.58150000
1.74960000	1.53050000
1.68570000	1.48500000
1.59630000	1.44380000
1.51970000	1.40610000
1.48140000	1.37850000
1.43030000	1.33900000
1.36650000	1.30850000
1.31540000	1.27970000
1.27710000	1.25230000
1.22600000	1.22610000
1.20040000	1.20080000
1.17490000	1.17650000
9.13100000	1.40170000
9.33540000	6.73880000
4.86560000	5.26720000
4.91670000	5.49510000
4.09940000	3.32080000
3.57580000	3.15640000
3.19270000	2.82850000
2.93730000	2.56360000
2.68180000	2.34860000
2.42640000	2.17280000
2.29870000	2.02820000
2.17100000	1.90830000
2.04330000	1.80790000
1.85170000	1.72300000
1.77510000	1.65040000
1.69850000	1.58770000
1.63460000	1.53280000
1.55800000	1.48420000
1.49420000	1.44060000
1.45590000	1.40110000
1.40480000	1.36500000
1.36650000	1.33150000
1.31540000	1.30030000
1.26430000	1.27090000
1.21320000	1.24310000
1.16210000	1.21660000
1.11100000	1.19120000
1.08550000	1.16680000
1.04720000	1.14320000
1.02170000	1.12030000
0.97060000	1.09820000
0.93230000	1.07660000
0.90670000	1.05560000
0.88120000	1.03510000
0.85560000	1.01510000
0.81730000	0.99560000
0.77900000	0.97640000
0.75350000	0.95770000
0.72790000	0.93940000
0.71520000	0.92140000
0.70240000	0.90380000
0.67680000	0.88660000
0.65130000	0.86970000
0.62580000	0.85320000
0.61300000	0.83690000
0.58750000	0.82100000
0.56190000	0.80540000
0.54910000	0.79000000
0.54910000	0.77500000
0.53640000	0.76030000
0.51080000	0.74580000
0.49810000	0.73170000
0.47250000	0.71770000
0.45970000	0.70410000
0.44700000	0.69070000
0.43420000	0.67760000
0.43420000	0.66470000
0.43420000	0.65210000
0.42140000	0.63970000
0.40870000	0.62750000
0.40870000	0.61560000
0.40870000	0.64600000
0.39590000	0.59250000
0.38310000	0.58120000
0.38310000	0.57020000
0.37030000	0.55930000
0.34480000	0.54870000
0.33200000	0.53830000
0.33200000	0.52800000
0.33200000	0.51800000
0.31930000	0.50820000
0.31930000	0.49850000
0.40870000	0.57780000
0.34480000	0.47970000
0.31930000	0.47060000
0.30650000	0.46170000
0.29370000	0.45290000
0.26820000	0.44430000
0.25540000	0.43590000
0.25540000	0.42760000
0.24260000	0.41950000
0.24260000	0.41150000
0.22990000	0.40370000
0.21710000	0.39600000
0.21710000	0.38850000
0.20430000	0.38110000
0.19160000	0.37390000
0.20430000	0.36680000
0.20430000	0.35980000
0.20430000	0.35300000
0.17880000	0.34620000
0.16600000	0.33970000
0.15320000	0.33320000
0.15320000	0.32690000
0.15320000	0.32070000
0.14050000	0.31460000
0.14050000	0.30860000
0.14050000	0.30270000
0.12770000	0.29700000
0.12770000	0.29130000
0.12770000	0.28580000
0.12770000	0.28040000
0.14050000	0.27510000
0.12770000	0.26980000
0.12640000	0.26470000
0.12260000	0.25970000
0.12000000	0.25470000
0.11750000	0.24990000
0.11370000	0.24510000
0.11490000	0.24050000
0.11370000	0.23590000
0.11490000	0.23140000
0.11370000	0.22700000
0.11110000	0.22270000
0.10600000	0.21850000
0.10090000	0.21430000
0.09710000	0.21030000
0.09710000	0.20630000
0.09580000	0.20240000
0.09960000	0.19850000
0.09320000	0.19470000
0.09320000	0.19100000
0.09830000	0.18740000
0.09830000	0.18380000
0.09960000	0.18040000
0.09710000	0.17690000
0.09190000	0.17360000
0.08680000	0.17030000
0.07530000	0.16700000
0.06770000	0.16390000
0.06510000	0.16070000
0.06260000	0.15770000
0.06130000	0.15470000
0.06000000	0.15180000
0.05870000	0.14890000
0.05490000	0.14600000
0.05490000	0.14330000
0.05490000	0.14050000
0.05360000	0.13790000
0.05490000	0.13530000
0.05490000	0.13270000
0.05870000	0.13020000
0.06390000	0.12770000
0.06770000	0.12530000
0.06390000	0.12290000
0.06000000	0.12060000
0.05360000	0.11830000
0.05110000	0.11600000
0.04850000	0.11380000
0.04730000	0.11160000
0.04470000	0.10950000
0.04210000	0.10740000
0.03960000	0.10540000
0.03700000	0.10340000
0.03450000	0.10140000
0.03190000	0.09950000
0.02940000	0.09760000
0.02810000	0.09580000
0.02810000	0.09390000
0.02810000	0.09220000
0.02940000	0.09040000
0.02810000	0.08870000
0.02680000	0.08700000
0.02550000	0.08540000
0.02550000	0.08370000
0.02680000	0.08210000
0.02550000	0.08060000
0.02300000	0.07900000
0.02170000	0.07750000
0.02040000	0.07610000
0.01920000	0.07460000
0.01920000	0.07320000
0.02170000	0.07180000
0.02300000	0.07050000
0.02430000	0.06910000
0.02680000	0.06780000
0.03060000	0.06650000
0.03190000	0.06530000
0.03060000	0.06400000
0.02680000	0.06280000
0.02680000	0.06160000
0.02680000	0.06040000
0.02810000	0.05930000
0.02550000	0.05820000
0.02170000	0.05710000
0.01920000	0.05600000
0.01790000	0.05490000
0.01660000	0.05390000
0.01660000	0.05280000
0.01660000	0.05180000
0.01660000	0.05080000
0.01660000	0.04990000
0.01660000	0.04890000
0.01660000	0.04800000
0.01790000	0.04710000
0.01920000	0.04620000
0.02300000	0.04530000
0.02430000	0.04450000
0.02300000	0.04360000
0.02430000	0.04280000
0.03060000	0.07030000
0.03060000	0.04120000
0.03060000	0.04040000
0.03060000	0.03960000
0.03060000	0.03890000
0.03060000	0.03810000
0.03320000	0.03740000
0.03450000	0.03670000
0.03450000	0.03600000
0.03060000	0.03530000
0.02940000	0.03460000
0.02940000	0.03400000
0.02680000	0.03330000
0.02550000	0.03270000
0.02550000	0.03210000
0.02430000	0.03150000
0.02300000	0.03090000
0.02300000	0.03030000
0.02300000	0.02970000
0.02300000	0.02920000
0.02430000	0.02860000
0.02550000	0.02810000
0.02550000	0.02750000
0.02430000	0.02700000
0.02430000	0.02650000
0.02430000	0.02600000
0.02430000	0.02550000
0.02300000	0.02500000
0.02430000	0.02450000
0.02550000	0.02410000
0.02680000	0.02360000
0.04730000	0.10040000
0.06000000	0.02270000
0.05360000	0.02230000
0.04980000	0.02190000
0.04850000	0.02140000
0.04600000	0.02100000
0.04470000	0.02060000
0.04340000	0.02020000
0.04340000	0.01990000
0.04210000	0.01950000
0.04470000	0.01910000
0.04730000	0.04190000
0.04980000	0.01840000
0.04980000	0.01800000
0.04850000	0.01770000
0.04730000	0.01740000
0.04600000	0.01700000
0.04470000	0.01670000
0.04850000	0.01640000
0.10340000	0.15420000
0.09450000	0.01580000
0.08050000	0.01550000
0.07280000	0.01520000
0.06900000	0.01490000
0.06770000	0.01460000
0.06770000	0.01430000
0.06640000	0.01410000
0.06640000	0.01380000
0.06510000	0.01350000
0.06510000	0.01330000
0.25540000	0.15820000
0.21710000	0.01280000
0.09580000	0.01250000
0.10600000	0.02930000
0.08560000	0.10760000
0.08300000	0.01180000
0.06640000	0.01160000
0.06130000	0.01140000
0.06130000	0.01990000
0.06130000	0.01100000
0.06130000	0.01080000
0.06130000	0.01050000
0.06130000	0.01030000
0.06130000	0.01020000
0.06130000	0.01000000
0.07020000	0.00980000
0.07150000	0.00960000
0.06640000	0.00940000
0.07660000	0.00920000
0.06510000	0.00900000
0.07280000	0.00890000
0.07790000	0.00870000
0.07790000	0.00850000
0.07790000	0.00840000
0.06900000	0.00820000
0.06900000	0.00810000
0.07150000	0.00790000
0.07280000	0.00780000
0.07410000	0.00760000
0.07530000	0.00750000
0.07410000	0.00730000
0.07410000	0.00720000
0.07280000	0.00710000
0.07020000	0.00690000
0.06900000	0.00680000
0.06900000	0.00670000
0.06900000	0.00650000
0.06770000	0.00640000
0.06900000	0.00630000
0.06770000	0.00620000
0.06640000	0.00600000
0.06640000	0.00590000
0.06640000	0.00580000
0.09710000	0.07380000
0.12770000	0.08250000
0.15320000	0.15890000
0.11240000	0.06950000
0.09830000	0.00530000
0.09070000	0.00520000
0.08680000	0.00510000
0.08430000	0.00500000
0.08170000	0.00490000
0.08300000	0.00480000
0.08300000	0.00470000
0.09190000	0.12150000
0.14050000	0.15830000
0.11490000	0.00440000
0.10340000	0.00440000
0.48530000	0.19070000
0.84290000	1.75660000
0.43420000	0.56250000
0.29370000	0.52640000
0.25540000	0.45060000
0.24260000	0.39030000
0.22990000	0.34200000
0.21710000	0.30330000
0.20430000	0.27220000
0.20430000	0.24700000
0.24260000	0.76170000
0.20430000	0.64120000
0.25540000	1.14360000
1.22600000	5.44270000
0.71520000	1.42570000
0.62580000	1.31840000
0.54910000	1.15190000
0.47250000	1.01860000
0.42140000	0.91140000
0.35760000	0.82480000
0.31930000	0.75460000
0.28100000	0.69730000
0.25540000	0.65020000
0.22990000	0.61120000
0.21710000	0.57850000
0.20430000	0.55100000
0.17880000	0.52740000
0.17880000	0.59250000
0.16600000	0.54260000
0.15320000	0.47370000
0.14050000	0.45970000
0.12770000	0.44700000
0.12640000	0.43530000
0.12130000	0.42460000
0.11750000	0.41460000
0.11240000	0.40520000
0.10980000	0.39630000
0.10860000	0.38780000
0.10980000	0.37970000
0.10730000	0.37190000
0.12770000	0.42400000
0.12770000	0.35710000
0.11620000	0.35000000
0.11240000	0.34310000
0.11110000	0.33640000
0.20430000	0.32990000
0.21710000	0.53210000
0.20430000	0.31730000
0.19160000	0.31120000
0.17880000	0.30520000
0.16600000	0.29940000
0.16600000	0.29360000
0.15320000	0.28800000
0.14050000	0.28250000
0.12770000	0.27720000
0.12130000	0.27190000
0.11490000	0.26670000
0.11240000	0.26160000
0.10860000	0.25670000
0.10470000	0.25170000
0.10220000	0.24700000
0.11370000	0.25830000
0.10730000	0.23770000
0.09710000	0.23320000
0.09190000	0.22870000
0.08810000	0.22440000
0.08300000	0.22010000
0.08300000	0.21590000
0.08050000	0.21180000
0.07920000	0.20780000
0.07530000	0.20390000
0.07410000	0.20000000
0.07150000	0.19620000
0.07150000	0.19250000
0.07150000	0.18880000
0.07150000	0.18520000
0.07530000	0.18170000
0.09580000	0.17820000
0.12390000	0.22010000
0.09960000	0.20450000
0.09710000	0.16830000
0.08560000	0.16510000
0.07790000	0.16190000
0.07410000	0.15890000
0.07410000	0.15580000
0.07020000	0.15290000
0.06900000	0.15000000
0.06770000	0.14710000
0.06900000	0.14430000
0.08050000	0.16060000
0.12130000	0.18050000
0.09450000	0.13630000
0.07530000	0.13370000
0.06770000	0.13110000
0.06770000	0.12860000
0.06640000	0.12620000
0.06260000	0.12380000
0.06000000	0.12140000
0.06000000	0.11910000
0.08300000	0.11690000
0.12640000	0.17030000
0.10470000	0.11250000
0.08680000	0.11030000
0.07660000	0.10820000
0.06640000	0.10620000
0.06260000	0.10420000
0.06000000	0.10220000
0.05870000	0.10020000
0.05870000	0.09830000
0.05620000	0.09650000
0.05620000	0.09460000
0.05360000	0.09280000
0.04850000	0.09110000
0.04850000	0.08940000
0.04730000	0.08770000
0.04470000	0.08600000
0.04470000	0.08440000
0.04090000	0.08280000
0.03830000	0.08120000
0.03580000	0.07960000
0.03320000	0.07810000
0.03190000	0.07660000
0.02550000	0.07520000
0.02300000	0.07380000
0.02040000	0.07240000
0.01920000	0.07100000
0.01920000	0.06960000
0.01920000	0.06830000
0.01920000	0.06700000
0.01920000	0.06570000
0.01920000	0.06450000
0.01920000	0.06330000
0.01660000	0.06210000
0.01530000	0.06090000
0.01400000	0.05970000
0.01400000	0.05860000
0.01200000	0.05750000
0.01030000	0.05640000
0.00890000	0.05530000
0.00790000	0.05430000
0.00720000	0.05320000
0.00650000	0.05220000
0.00590000	0.05120000
0.00570000	0.05030000
0.00560000	0.04930000
0.00500000	0.04840000
0.00510000	0.04740000
0.00540000	0.04650000
0.00590000	0.04570000
0.00600000	0.04480000
0.00570000	0.04390000
0.00510000	0.04310000
0.00420000	0.04230000
0.00400000	0.04150000
0.00400000	0.04070000
0.00330000	0.03990000
0.00260000	0.03920000
0.00240000	0.03840000
0.00240000	0.03770000
0.00230000	0.03700000
0.00170000	0.03630000
0.00140000	0.03560000
0.00140000	0.03490000
0.00190000	0.03420000
0.00200000	0.03360000
0.00190000	0.03300000
0.00190000	0.03230000
0.00200000	0.03170000
0.00150000	0.03110000
0.00100000	0.03050000
0.00100000	0.02990000
0.00100000	0.02940000
0.00100000	0.02880000
0.00090000	0.02830000
0.00100000	0.02770000
0.00110000	0.02720000
0.00100000	0.02670000
0.00090000	0.02620000
0.00080000	0.02570000
0.00050000	0.02520000
0.00010000	0.02470000
0.00000000	0.02420000
0.00000000	0.02380000
0.00000000	0.02330000
0.00000000	0.02290000
0.00000000	0.02250000
0.00000000	0.02200000
0.00000000	0.02160000
0.00000000	0.02120000
0.00000000	0.02080000
0.00000000	0.02040000
0.00000000	0.02000000
0.00000000	0.01960000
0.00000000	0.01930000
0.00000000	0.01890000
0.00000000	0.01850000
0.00000000	0.01820000
0.00000000	0.01780000
0.00000000	0.01750000
0.00000000	0.01720000
0.00000000	0.01680000
0.00000000	0.01650000
0.00000000	0.01620000
0.00000000	0.01590000
0.00000000	0.01560000
0.00000000	0.01530000
0.00000000	0.01500000
0.00000000	0.01470000
0.00000000	0.01440000
0.00000000	0.01420000
0.00000000	0.01390000
0.00000000	0.01360000
0.00000000	0.01340000
0.00000000	0.01310000
0.00000000	0.01290000
0.00000000	0.01260000
0.00000000	0.01240000
0.00000000	0.01220000
0.00000000	0.01190000
0.00000000	0.01170000
0.00000000	0.01150000
0.00000000	0.01130000
0.00000000	0.01100000
0.00000000	0.01080000
0.00000000	0.01060000
0.00000000	0.01040000
0.00000000	0.01020000
0.00000000	0.01000000
0.00000000	0.03310000
0.00000000	0.00970000
0.00000000	0.00950000
0.00000000	0.00930000
0.00000000	0.00910000
0.00000000	0.00890000
0.00000000	0.01670000
0.00000000	0.00860000
0.00000000	0.00840000
0.00000000	0.00830000
0.00000000	0.00810000
0.00000000	0.08650000
0.00700000	0.14070000
0.00310000	0.00770000
0.00140000	0.00750000
0.00060000	0.00740000
0.00050000	0.00720000
0.00040000	0.00710000
0.00040000	0.00700000
0.00060000	0.00680000
0.00080000	0.00670000
0.00040000	0.00660000
0.00000000	0.00650000
0.00030000	0.00630000
0.00000000	0.00620000
0.00000000	0.00610000
0.00000000	0.00600000
0.00000000	0.00590000
0.00000000	0.00580000
0.00000000	0.00560000
0.00000000	0.00550000
0.00000000	0.00540000
0.00000000	0.00530000
0.00000000	0.00520000
0.00000000	0.00510000
0.00000000	0.00500000
0.00000000	0.00490000
0.00000000	0.00480000
0.00000000	0.00470000
0.00000000	0.00470000
0.00000000	0.00460000
0.00000000	0.00450000
0.00000000	0.00440000
0.00000000	0.00430000
0.00000000	0.00420000
0.00000000	0.00420000
0.00000000	0.04270000
0.00000000	0.00400000
0.00890000	0.16070000
0.00800000	0.00380000
0.00700000	0.00380000
0.00600000	0.00370000
0.00510000	0.00360000
0.00410000	0.00360000
0.00320000	0.04570000
0.00220000	0.00340000
0.00270000	0.00530000
0.00260000	0.00330000
0.00280000	0.00320000
0.00280000	0.00320000
0.00270000	0.00310000
0.00240000	0.00310000
0.00240000	0.00300000
0.00280000	0.00290000
0.00410000	0.02790000
0.00330000	0.00280000
0.00380000	0.00280000
0.00610000	0.00270000
0.00690000	0.00270000
0.00690000	0.00260000
0.00740000	0.00260000
0.00820000	0.00250000
0.00880000	0.00250000
0.00890000	0.00240000
0.00950000	0.00240000
0.00960000	0.00230000
0.00980000	0.00230000
0.01050000	0.00220000
0.01070000	0.00220000
0.01150000	0.00220000
0.01230000	0.00210000
0.01400000	0.02230000
0.01280000	0.00200000
0.01280000	0.02230000
0.01280000	0.00200000
0.01210000	0.00190000
0.01200000	0.00190000
0.01140000	0.00190000
0.01070000	0.00180000
0.01060000	0.00180000
0.00970000	0.00180000
0.00970000	0.00170000
0.01530000	0.00170000
0.02170000	0.17010000
0.01790000	0.00160000
0.01400000	0.00160000
0.01260000	0.03680000
0.01280000	0.00150000
0.01170000	0.00150000
0.01090000	0.00150000
0.01090000	0.00140000
0.01000000	0.00140000
0.03190000	0.12170000
0.29370000	0.23210000
0.79180000	0.33330000
0.15320000	0.19460000
0.21710000	1.45860000
0.30650000	0.79940000
3.47360000	5.30590000
16.09110000	20.93060000
7.08770000	13.04050000
3.83120000	5.54130000
3.19270000	3.38790000
2.55410000	3.02710000
2.23490000	2.67750000
1.59630000	2.46160000
1.40480000	2.29890000
1.21320000	2.11480000
0.89390000	1.96340000
1.02170000	1.80160000
1.14940000	2.96980000
0.89390000	1.92800000
3.80570000	3.26730000
19.15600000	15.35650000
8.30090000	17.12490000
5.87450000	8.41850000
4.46970000	3.72710000
3.57580000	3.36960000
3.06500000	3.03530000
2.55410000	2.76460000
2.17100000	2.54420000
2.04330000	2.36360000
1.66020000	2.21450000
1.46860000	2.09030000
1.36650000	1.98590000
1.28980000	1.89720000
1.23880000	1.82090000
1.20040000	1.75470000
1.20040000	1.72570000
1.28980000	1.68920000
1.14940000	1.59770000
1.09830000	1.55520000
1.06000000	1.51600000
1.03440000	1.47960000
4.57190000	5.09700000
1.32820000	1.87500000
1.02170000	1.86270000
0.93230000	1.75870000
0.83010000	1.67130000
0.76620000	1.59690000
0.72790000	1.53310000
0.70240000	1.47750000
0.66410000	1.42860000
0.62580000	1.38500000
0.60020000	1.34580000
0.58750000	1.31000000
0.57470000	1.27710000
0.54910000	1.24650000
0.53640000	1.21780000
0.52360000	1.19080000
0.51080000	1.19660000
0.51080000	1.19360000
0.49810000	1.13650000
10.90620000	1.21260000
4.54640000	4.71600000
2.59240000	1.49120000
2.29870000	1.47730000
1.91560000	1.38870000
10.33150000	1.68870000
17.36810000	22.50150000
8.63300000	14.46730000
7.02390000	4.62780000
5.74680000	4.25600000
4.72520000	3.75770000
4.08660000	3.35730000
3.57580000	3.03430000
3.19270000	2.77230000
2.80960000	2.55870000
2.55410000	2.38320000
3.06500000	2.38780000
2.93730000	2.82480000
8.59470000	16.17700000
6.38530000	12.31520000
5.23600000	5.56580000
4.46970000	5.05770000
3.83120000	4.51350000
3.44810000	4.07470000
3.06500000	3.71900000
2.80960000	3.42910000
2.42640000	3.19120000
2.29870000	2.99440000
2.17100000	2.83020000
2.04330000	2.69190000
1.91560000	2.57410000
1.78790000	2.47270000
1.66020000	2.38440000
1.53250000	2.30650000
1.46860000	2.23700000
1.40480000	2.17420000
1.34090000	2.11700000
1.27710000	2.06420000
1.21320000	2.01510000
1.17490000	1.96900000
1.14940000	1.92540000
1.12380000	1.88400000
1.08550000	1.87940000
1.06000000	1.83210000
1.02170000	1.78310000
1.00890000	1.73410000
0.99610000	1.69970000
0.98330000	1.66630000
0.95780000	1.63370000
0.94500000	1.60190000
0.93230000	1.57090000
0.91950000	1.54060000
0.90670000	1.51100000
0.89390000	1.48200000
0.88120000	1.45360000
0.86840000	1.42580000
0.84290000	1.39860000
0.83010000	1.37190000
0.79180000	1.34930000
0.76620000	1.32010000
0.75350000	1.29500000
0.72790000	1.27040000
0.71520000	1.24620000
0.70240000	1.22250000
0.67680000	1.19920000
0.66410000	1.17640000
0.63850000	1.15410000
0.61300000	1.13210000
0.60020000	1.11060000
0.61300000	1.12010000
0.60020000	1.06880000
0.77900000	1.18560000
0.68960000	1.12080000
0.60020000	1.00900000
0.56190000	0.98980000
0.53640000	0.97100000
0.52360000	0.95260000
0.51080000	0.93450000
0.51080000	0.91670000
0.49810000	0.89930000
0.48530000	0.88220000
0.47250000	0.86550000
0.45970000	0.84900000
0.44700000	0.83290000
0.43420000	0.81710000
0.42140000	0.80150000
0.40870000	0.78630000
0.40870000	0.77140000
0.39590000	0.75670000
0.40870000	0.74230000
0.40870000	0.72820000
0.39590000	0.71440000
0.38310000	0.70080000
0.37030000	0.68750000
0.37030000	0.67440000
0.37030000	0.66160000
0.35760000	0.64910000
0.33200000	0.63670000
0.31930000	0.62460000
0.30650000	0.61280000
0.29370000	0.60110000
0.29370000	0.58970000
0.30650000	0.57850000
0.34480000	0.59800000
0.33200000	0.55670000
0.29370000	0.54610000
0.28100000	0.53580000
0.26820000	0.52560000
0.25540000	0.51560000
0.25540000	0.50580000
0.22990000	0.49620000
0.22990000	0.48680000
0.21710000	0.47750000
0.20430000	0.46840000
0.19160000	0.45950000
0.19160000	0.45080000
0.19160000	0.44220000
0.19160000	0.43380000
0.17880000	0.42560000
0.17880000	0.41750000
0.17880000	0.40960000
0.17880000	0.40180000
0.16600000	0.39420000
0.15320000	0.38670000
0.15320000	0.37930000
0.15320000	0.37210000
0.14050000	0.36510000
0.12770000	0.35810000
0.12770000	0.35130000
0.12770000	0.34460000
0.12770000	0.33810000
0.12640000	0.33170000
0.12130000	0.32540000
0.12130000	0.31920000
0.12130000	0.31310000
0.12000000	0.30720000
0.11490000	0.30130000
0.10980000	0.29560000
0.10730000	0.29000000
0.10600000	0.28450000
0.10600000	0.27910000
0.10220000	0.27380000
0.10220000	0.26860000
0.10090000	0.26350000
0.09580000	0.25850000
0.08680000	0.25360000
0.08300000	0.24870000
0.08050000	0.24400000
0.07790000	0.23940000
0.07660000	0.23480000
0.07280000	0.23040000
0.07280000	0.22600000
0.07280000	0.22170000
0.07150000	0.21750000
0.07150000	0.21330000
0.06900000	0.20930000
0.06900000	0.20530000
0.06390000	0.20140000
0.06130000	0.19760000
0.06000000	0.19380000
0.06130000	0.19020000
0.06260000	0.18650000
0.05870000	0.18300000
0.05750000	0.17950000
0.05360000	0.17610000
0.05360000	0.17280000
0.05240000	0.16950000
0.05110000	0.16630000
0.04980000	0.16310000
0.04730000	0.16000000
0.04600000	0.15700000
0.04470000	0.15400000
0.04340000	0.15110000
0.04210000	0.14820000
0.04210000	0.14540000
0.04090000	0.14260000
0.03960000	0.13990000
0.03830000	0.13720000
0.03700000	0.13460000
0.03700000	0.13210000
0.03580000	0.12960000
0.03580000	0.12710000
0.03450000	0.12470000
0.03450000	0.12230000
0.03450000	0.12000000
0.03320000	0.11770000
0.03190000	0.11550000
0.03190000	0.11330000
0.03190000	0.11110000
0.03450000	0.10900000
0.03450000	0.10690000
0.03450000	0.10490000
0.03320000	0.10290000
0.03190000	0.10100000
0.02940000	0.09900000
0.02810000	0.09720000
0.02810000	0.09530000
0.02810000	0.09350000
0.02810000	0.09170000
0.02680000	0.09000000
0.02680000	0.08830000
0.02680000	0.08660000
0.02680000	0.08500000
0.02680000	0.08330000
0.02680000	0.08180000
0.02810000	0.08020000
0.02810000	0.07870000
0.03060000	0.07720000
0.03320000	0.07570000
0.03320000	0.07430000
0.03060000	0.01160000
0.02810000	0.01140000
0.02680000	0.01120000
0.02550000	0.01100000
0.02430000	0.01070000
0.02430000	0.01050000
0.02550000	0.01030000
0.02810000	0.01010000
0.02810000	0.01000000
0.02810000	0.00980000
0.02810000	0.00960000
0.02810000	0.00940000
0.02680000	0.00920000
0.02550000	0.00900000
0.02550000	0.00890000
0.02680000	0.00870000
0.02810000	0.00850000
0.02810000	0.00840000
0.02680000	0.00820000
0.02680000	0.00810000
0.02680000	0.00790000
0.02810000	0.00780000
0.02680000	0.00760000
0.02680000	0.00750000
0.02680000	0.00730000
0.02810000	0.00720000
0.02810000	0.00700000
0.02680000	0.00690000
0.02810000	0.00680000
0.02940000	0.00670000
0.02810000	0.00650000
0.03190000	0.05010000
0.03320000	0.00630000
0.03320000	0.00620000
0.03320000	0.00600000
0.03060000	0.00590000
0.03060000	0.00580000
0.03060000	0.00570000
0.02940000	0.00560000
0.02940000	0.00550000
0.02940000	0.00540000
0.03060000	0.00530000
0.02940000	0.00520000
0.02810000	0.00510000
0.02940000	0.00500000
0.02940000	0.00490000
0.02940000	0.00480000
0.02940000	0.00470000
0.02940000	0.00460000
0.02940000	0.00450000
0.02810000	0.00440000
0.02810000	0.00440000
0.02940000	0.00430000
0.02940000	0.00420000
0.02810000	0.00410000
0.02810000	0.00400000
0.02810000	0.00400000
0.02940000	0.00390000
0.02940000	0.00380000
0.02940000	0.00370000
0.02940000	0.00370000
0.03060000	0.00360000
0.03060000	0.00350000
0.03190000	0.00350000
0.03190000	0.00340000
0.03320000	0.00330000
0.03320000	0.00330000
0.03320000	0.00320000
0.03190000	0.00310000
0.03320000	0.00310000
0.03190000	0.00300000
0.03190000	0.00300000
0.03830000	0.03940000
0.05240000	0.11730000
0.05870000	0.01580000
0.04850000	0.00280000
0.04340000	0.00270000
0.04210000	0.00260000
0.04470000	0.00260000
0.04470000	0.00250000
0.04470000	0.00250000
0.04470000	0.00250000
0.04600000	0.00240000
0.06900000	0.09710000
0.07020000	0.00230000
0.05620000	0.00230000
0.05360000	0.00220000
0.05110000	0.00220000
0.04980000	0.00210000
0.04850000	0.00210000
0.04850000	0.00210000
0.04850000	0.00200000
0.04730000	0.00200000
0.04850000	0.00190000
0.04850000	0.00190000
0.04850000	0.00190000
0.04850000	0.00180000
0.04850000	0.00180000
0.04850000	0.00180000
0.04850000	0.00170000
0.04850000	0.00170000
0.04850000	0.00170000
0.04730000	0.00160000
0.04600000	0.00160000
0.04600000	0.00160000
0.04730000	0.00150000
0.04850000	0.00150000
0.06390000	0.00150000
0.09070000	0.11450000
0.06510000	0.00140000
0.07660000	0.06490000
0.07150000	0.00140000
0.06640000	0.00140000
0.06900000	0.00210000
0.06390000	0.00550000
0.06130000	0.00130000
0.07280000	0.04920000
0.07150000	0.00120000
0.06770000	0.00860000
0.08300000	0.00430000
0.07410000	0.00120000
0.06900000	0.00110000
0.54910000	0.21610000
0.79180000	0.16180000
0.21710000	0.00110000
0.30650000	0.10890000
0.34480000	0.02100000
0.34480000	0.04910000
0.42140000	0.01180000
0.21710000	0.00100000
0.16600000	0.00100000
0.14050000	0.00090000
0.14050000	0.00090000
0.12770000	0.00090000
0.12390000	0.00090000
0.12130000	0.00090000
0.12000000	0.00090000
0.11750000	0.00080000
0.11750000	0.01200000
0.11240000	0.00080000
0.10980000	0.00080000
1.80070000	0.06700000
11.18710000	2.90780000
3.52470000	3.12670000
2.27320000	1.82060000
1.85170000	1.28140000
1.27710000	1.16370000
1.04720000	1.03100000
0.94500000	0.88230000
0.94500000	0.78290000
1.02170000	0.76520000
0.63850000	0.75350000
0.76620000	0.71460000
0.53640000	0.67010000
0.58750000	0.61560000
0.61300000	0.60100000
0.61300000	0.55310000
0.60020000	0.50350000
0.51080000	0.47780000
0.57470000	0.45600000
0.51080000	0.43730000
0.51080000	0.42110000
0.44700000	0.40690000
0.89390000	0.48030000
2.04330000	0.63770000
0.91950000	0.86230000
0.74070000	0.86280000
0.66410000	0.83990000
0.63850000	0.76170000
0.63850000	0.69830000
0.51080000	0.64640000
0.45970000	0.60370000
0.43420000	0.56830000
0.38310000	0.53860000
0.38310000	0.51350000
0.33200000	0.49200000
0.31930000	0.47340000
0.31930000	0.45710000
0.31930000	0.44270000
0.29370000	0.45460000
0.28100000	0.41800000
0.28100000	0.40730000
0.25540000	0.39730000
0.24260000	0.38800000
0.30650000	0.42800000
0.29370000	0.37100000
0.29370000	0.36310000
0.26820000	0.35550000
0.25540000	0.34820000
0.25540000	0.34120000
0.25540000	0.33440000
0.24260000	0.32780000
0.24260000	0.32130000
0.24260000	0.31510000
0.22990000	0.30900000
0.21710000	0.30300000
0.21710000	0.29720000
0.20430000	0.29150000
0.21710000	0.31020000
0.22990000	0.30610000
0.25540000	0.32350000
0.22990000	0.26980000
0.21710000	0.26460000
0.20430000	0.25960000
0.19160000	0.25470000
0.19160000	0.24980000
0.17880000	0.24510000
0.16600000	0.24050000
0.15320000	0.23580000
0.15320000	0.23130000
0.14050000	0.22690000
0.14050000	0.22260000
0.14050000	0.21840000
0.12770000	0.21420000
0.12770000	0.21020000
0.12770000	0.20620000
0.12520000	0.20230000
0.12130000	0.19840000
0.11880000	0.19460000
0.11880000	0.19090000
0.11750000	0.18730000
0.11490000	0.18380000
0.11110000	0.18030000
0.10600000	0.17680000
0.09960000	0.17350000
0.09830000	0.17020000
0.09580000	0.16700000
0.09580000	0.16380000
0.10730000	0.19030000
0.12000000	0.15760000
0.10730000	0.15460000
0.10220000	0.15170000
0.09830000	0.14880000
0.09450000	0.14600000
0.09320000	0.14320000
0.09710000	0.14050000
0.09070000	0.13780000
0.09070000	0.13520000
0.09070000	0.13260000
0.09190000	0.13010000
0.09320000	0.12760000
0.08940000	0.12520000
0.08810000	0.12280000
0.08680000	0.12050000
0.07920000	0.11820000
0.07020000	0.11600000
0.06390000	0.11380000
0.05620000	0.11160000
0.05360000	0.10950000
0.05110000	0.10740000
0.04980000	0.10540000
0.04850000	0.10340000
0.04600000	0.10140000
0.03960000	0.09950000
0.03830000	0.09760000
0.03960000	0.09570000
0.04210000	0.09390000
0.04340000	0.09210000
0.04210000	0.09040000
0.03960000	0.08860000
0.03700000	0.08700000
0.03450000	0.08530000
0.03060000	0.08370000
0.02810000	0.08210000
0.02680000	0.08050000
0.02810000	0.07900000
0.02810000	0.07750000
0.02550000	0.07600000
0.02550000	0.07460000
0.03060000	0.07320000
0.03450000	0.07180000
0.03320000	0.07040000
0.02940000	0.06910000
0.02300000	0.06780000
0.01790000	0.06650000
0.01530000	0.06520000
0.01280000	0.06400000
0.01230000	0.06280000
0.01150000	0.06160000
0.01110000	0.06040000
0.01090000	0.05930000
0.00970000	0.05810000
0.00930000	0.05700000
0.00880000	0.05590000
0.00840000	0.05490000
0.00880000	0.05380000
0.00830000	0.05280000
0.00800000	0.05180000
0.00720000	0.05080000
0.00700000	0.04990000
0.00720000	0.04890000
0.00700000	0.04800000
0.00630000	0.04710000
0.00500000	0.04620000
0.00470000	0.04530000
0.00430000	0.04440000
0.00380000	0.04360000
0.00330000	0.04280000
0.00330000	0.04200000
0.00280000	0.04120000
0.00260000	0.04040000
0.00230000	0.03960000
0.00190000	0.03890000
0.00170000	0.03810000
0.00150000	0.03740000
0.00140000	0.03670000
0.00130000	0.03600000
0.00130000	0.03530000
0.00110000	0.03460000
0.00110000	0.03400000
0.00110000	0.03330000
0.00100000	0.03270000
0.00100000	0.03210000
0.00090000	0.03150000
0.00090000	0.03090000
0.00080000	0.03030000
0.00060000	0.02970000
0.00060000	0.02910000
0.00050000	0.02860000
0.00050000	0.02800000
0.00050000	0.02750000
0.00050000	0.02700000
0.00050000	0.02650000
0.00040000	0.02600000
0.00040000	0.02550000
0.00030000	0.02500000
0.00030000	0.02450000
0.00010000	0.02410000
0.00000000	0.02360000
0.00000000	0.02310000
0.00000000	0.02270000
0.00000000	0.02230000
0.00000000	0.02190000
0.00000000	0.02140000
0.00000000	0.02100000
0.00000000	0.02060000
0.00000000	0.02020000
0.00000000	0.01990000
0.00000000	0.01950000
0.00000000	0.01910000
0.00000000	0.01870000
0.00000000	0.01840000
0.00000000	0.01800000
0.00000000	0.01770000
0.00000000	0.01740000
0.00000000	0.01700000
0.00000000	0.01670000
0.00000000	0.01640000
0.00000000	0.01610000
0.00000000	0.01580000
0.00000000	0.01550000
0.00000000	0.01520000
0.00000000	0.01490000
0.00000000	0.01460000
0.00000000	0.01430000
0.00000000	0.01410000
0.00000000	0.01380000
0.00000000	0.01350000
0.00000000	0.01330000
0.00000000	0.01300000
0.00000000	0.01280000
0.00000000	0.01250000
0.00000000	0.01230000
0.00000000	0.01210000
0.00000000	0.01180000
0.00000000	0.01160000
0.00000000	0.01140000
0.00000000	0.01120000
0.00000000	0.01100000
0.00000000	0.01070000
0.00000000	0.01050000
0.00000000	0.01030000
0.00000000	0.01010000
0.00000000	0.01000000
0.00000000	0.00980000
0.00000000	0.00960000
0.00000000	0.00940000
0.00000000	0.00920000
0.00000000	0.00900000
0.00000000	0.00890000
0.00000000	0.00870000
0.00000000	0.00850000
0.00000000	0.00840000
0.00000000	0.00820000
0.00000000	0.00810000
0.00000000	0.00790000
0.00000000	0.00780000
0.00000000	0.00760000
0.00000000	0.00750000
0.00000000	0.00730000
0.00000000	0.00720000
0.00000000	0.00700000
0.00000000	0.00690000
0.00000000	0.00680000
0.00010000	0.04280000
0.00110000	0.43090000
0.00000000	0.00640000
0.00000000	0.00630000
0.00000000	0.00620000
0.00000000	0.00600000
0.00000000	0.00590000
0.00000000	0.00580000
0.00000000	0.00570000
0.00000000	0.00560000
0.00000000	0.00550000
0.00000000	0.00540000
0.00000000	0.00530000
0.00000000	0.00520000
0.00000000	0.00510000
0.00000000	0.00500000
0.00000000	0.00490000
0.00040000	0.00480000
0.00110000	0.00470000
0.00190000	0.00460000
0.00520000	0.00640000
0.00840000	0.00440000
0.00860000	0.01300000
0.22990000	0.11820000
1.20040000	0.16140000
0.30650000	0.01850000
0.12520000	0.00400000
0.07660000	0.00400000
0.05620000	0.00390000
0.04470000	0.00380000
0.03960000	0.00370000
0.03450000	0.00370000
0.03190000	0.00360000
0.03060000	0.00350000
0.03060000	0.00350000
0.02940000	0.00340000
0.02810000	0.00330000
0.02940000	0.00330000
0.03060000	0.00620000
0.03190000	0.00310000
0.03060000	0.00310000
0.05620000	0.10170000
2.18380000	0.29990000
3.85670000	0.31160000
1.51970000	0.44490000
0.71520000	0.45260000
0.44700000	0.44490000
0.33200000	0.38230000
0.28100000	0.33240000
0.25540000	0.29250000
0.22990000	0.26040000
0.20430000	0.23460000
0.19160000	0.21370000
0.17880000	0.19670000
2.98830000	0.80210000
1.03440000	0.60100000
0.60020000	0.56850000
0.47250000	0.50060000
0.39590000	0.44610000
0.57470000	0.47070000
0.61300000	0.44830000
0.43420000	0.48820000
0.38310000	0.50040000
0.44700000	0.55400000
0.79180000	0.55810000
2.52860000	0.64280000
2.50310000	0.75700000
1.28980000	0.74290000
0.71520000	0.74370000
1.11100000	0.64680000
0.94500000	0.65060000
0.89390000	0.59430000
0.51080000	0.54830000
0.61300000	0.51060000
0.61300000	0.47940000
0.57470000	0.47580000
0.62580000	0.47340000
0.63850000	0.51770000
1.27710000	0.82880000
2.55410000	0.94970000
0.67680000	0.92440000
0.63850000	0.88860000
0.67680000	0.80430000
0.72790000	0.78880000
0.76620000	0.77560000
2.17100000	0.80470000
5.74680000	1.91650000
0.89390000	1.15180000
2.03050000	1.17940000
2.64350000	2.31230000
2.26040000	2.81810000
1.74960000	1.65870000
1.50690000	1.52580000
1.34090000	1.37230000
1.23880000	1.24810000
1.14940000	1.14700000
1.06000000	1.06430000
1.00890000	0.99610000
0.97060000	0.93930000
0.90670000	0.89160000
0.84290000	0.85120000
0.80460000	0.81650000
0.76620000	0.78640000
0.71520000	0.76000000
0.70240000	0.73650000
0.67680000	0.74060000
0.63850000	0.69610000
0.61300000	0.67850000
0.58750000	0.66210000
0.56190000	0.64680000
0.54910000	0.63230000
0.53640000	0.61860000
0.53640000	0.60550000
0.51080000	0.59290000
0.48530000	0.58080000
0.47250000	0.56910000
0.45970000	0.55780000
0.45970000	0.54680000
0.44700000	0.53610000
0.43420000	0.52560000
0.40870000	0.51540000
0.38310000	0.50550000
0.37030000	0.49580000
0.34480000	0.48620000
0.33200000	0.47690000
0.31930000	0.46780000
0.31930000	0.45890000
0.30650000	0.45010000
0.29370000	0.44150000
0.29370000	0.43310000
0.28100000	0.42490000
0.28100000	0.41680000
0.26820000	0.40890000
0.25540000	0.40110000
0.25540000	0.39340000
0.24260000	0.38600000
0.24260000	0.37860000
0.24260000	0.37140000
0.22990000	0.36440000
0.22990000	0.35740000
0.22990000	0.35060000
0.21710000	0.34400000
0.21710000	0.33740000
0.20430000	0.33100000
0.20430000	0.32470000
0.20430000	0.31860000
0.20430000	0.31250000
0.20430000	0.30660000
0.19160000	0.30080000
0.19160000	0.29500000
0.19160000	0.28940000
0.19160000	0.28390000
0.17880000	0.27850000
0.17880000	0.27330000
0.17880000	0.26810000
0.17880000	0.26300000
0.17880000	0.25800000
0.17880000	0.25310000
0.17880000	0.24830000
0.17880000	0.24350000
0.17880000	0.23890000
0.16600000	0.23440000
0.15320000	0.22990000
0.16600000	0.22560000
0.16600000	0.22130000
0.16600000	0.21710000
0.15320000	0.21290000
0.15320000	0.20890000
0.14050000	0.20490000
0.14050000	0.20100000
0.12770000	0.19720000
0.12770000	0.19350000
0.12130000	0.18980000
0.11490000	0.18620000
0.11490000	0.18260000
0.10860000	0.17920000
0.10470000	0.17580000
0.10340000	0.17240000
0.09960000	0.16920000
0.09580000	0.16590000
0.09190000	0.16280000
0.08940000	0.15970000
0.08680000	0.15670000
0.08430000	0.15370000
0.08050000	0.15080000
0.07790000	0.14790000
0.07530000	0.14510000
0.07280000	0.14230000
0.07020000	0.13960000
0.06770000	0.13700000
0.06510000	0.13440000
0.06390000	0.13180000
0.06130000	0.12930000
0.05870000	0.12690000
0.05750000	0.12440000
0.05490000	0.12210000
0.05360000	0.11980000
0.04730000	0.11750000
0.04470000	0.11530000
0.04210000	0.11310000
0.04090000	0.11090000
0.04210000	0.10880000
0.04090000	0.10670000
0.03830000	0.10470000
0.03700000	0.10270000
0.03580000	0.10080000
0.03580000	0.09890000
0.03580000	0.09700000
0.03700000	0.09510000
0.03580000	0.09330000
0.03190000	0.09160000
0.02940000	0.08980000
0.02810000	0.08810000
0.02550000	0.08640000
0.02430000	0.08480000
0.02170000	0.08320000
0.02170000	0.08160000
0.02040000	0.08010000
0.02040000	0.07850000
0.02170000	0.07700000
0.02430000	0.07560000
0.02430000	0.07410000
0.02430000	0.07270000
0.02550000	0.07140000
0.02430000	0.07000000
0.02170000	0.06870000
0.01920000	0.06740000
0.01920000	0.06610000
0.01790000	0.06480000
0.01790000	0.06360000
0.01790000	0.06240000
0.01530000	0.06120000
0.01240000	0.06000000
0.01050000	0.05890000
0.00910000	0.05780000
0.00860000	0.05670000
0.00790000	0.05560000
0.00730000	0.05450000
0.00680000	0.05350000
0.00520000	0.05250000
0.00420000	0.05150000
0.00370000	0.05050000
0.00360000	0.04960000
0.00280000	0.04860000
0.00230000	0.04770000
0.00240000	0.04680000
0.00170000	0.04590000
0.00140000	0.04500000
0.00130000	0.04420000
0.00110000	0.04330000
0.00090000	0.04250000
0.00090000	0.04170000
0.00090000	0.04090000
0.00090000	0.04010000
0.00090000	0.03940000
0.00090000	0.03860000
0.00080000	0.03790000
0.00090000	0.03720000
0.00110000	0.03650000
0.00100000	0.03580000
0.00100000	0.03510000
0.00100000	0.03440000
0.00100000	0.03380000
0.00100000	0.03310000
0.00100000	0.03250000
0.00100000	0.03190000
0.00100000	0.03130000
0.00100000	0.03970000
0.00090000	0.03010000
0.00080000	0.02950000
0.00060000	0.02900000
0.00050000	0.02840000
0.00040000	0.02790000
0.00010000	0.02730000
0.00000000	0.02680000
0.00000000	0.02630000
0.00000000	0.02580000
0.00000000	0.02530000
0.00000000	0.02480000
0.00000000	0.02440000
0.00000000	0.02390000
0.00000000	0.02350000
0.00000000	0.02300000
0.00000000	0.02260000
0.00000000	0.02210000
0.00000000	0.02170000
0.00000000	0.02130000
0.00000000	0.02090000
0.00000000	0.02050000
0.00000000	0.02010000
0.00000000	0.01970000
0.00000000	0.01940000
0.00000000	0.01900000
0.00000000	0.01860000
0.00000000	0.01830000
0.00000000	0.01790000
0.00000000	0.01760000
0.00000000	0.01730000
0.00000000	0.01690000
0.00000000	0.01660000
0.00000000	0.01630000
0.00000000	0.01600000
0.00000000	0.01570000
0.00000000	0.01540000
0.00000000	0.01510000
0.00000000	0.01480000
0.00000000	0.01450000
0.00000000	0.01420000
0.00000000	0.01400000
0.00000000	0.01370000
0.00000000	0.01340000
0.00000000	0.01320000
0.00000000	0.01290000
0.00000000	0.01270000
0.00000000	0.01250000
0.00000000	0.01220000
0.00000000	0.01200000
0.00000000	0.01180000
0.00000000	0.01150000
0.00000000	0.01130000
0.00000000	0.01110000
0.00000000	0.01090000
0.00000000	0.01070000
0.00000000	0.01050000
0.00000000	0.01030000
0.00000000	0.01010000
0.00000000	0.00990000
0.00000000	0.00970000
0.00000000	0.00950000
0.00000000	0.00930000
0.00000000	0.00920000
0.00000000	0.09390000
0.00000000	0.00880000
0.00000000	0.00860000
0.00000000	0.00850000
0.00000000	0.00830000
0.00000000	0.00820000
0.00000000	0.00800000
0.00000000	0.00790000
0.00000000	0.00770000
0.00000000	0.00760000
0.00000000	0.00740000
0.00000000	0.00730000
0.00000000	0.00710000
0.00000000	0.00700000
0.00000000	0.00690000
0.00000000	0.00670000
0.00000000	0.00660000
0.00000000	0.00650000
0.00000000	0.00640000
0.00000000	0.00620000
0.00000000	0.00610000
0.00000000	0.00600000
0.00000000	0.00590000
0.00000000	0.00580000
0.00000000	0.00570000
0.00000000	0.00560000
0.00000000	0.00550000
0.00000000	0.00540000
0.00000000	0.00530000
0.00000000	0.00520000
0.00000000	0.00510000
0.00000000	0.00500000
0.00000000	0.00490000
0.00000000	0.00480000
0.00000000	0.00470000
0.00000000	0.00460000
0.00000000	0.00450000
0.00000000	0.00440000
0.00000000	0.00430000
0.00000000	0.00430000
0.00000000	0.00420000
0.00000000	0.00410000
0.00000000	0.00400000
0.00000000	0.00390000
0.00000000	0.00390000
0.00000000	0.00380000
0.00000000	0.02610000
0.00000000	0.06940000
0.00000000	0.02350000
0.00000000	0.02990000
0.00000000	0.01140000
0.00000000	0.00350000
0.00000000	0.04960000
0.00000000	0.00330000
0.00000000	0.00320000
0.00000000	0.00310000
0.00000000	0.00310000
0.00000000	0.00300000
0.00000000	0.00300000
0.00000000	0.00290000
0.00000000	0.00280000
0.00000000	0.00280000
0.04600000	0.21450000
0.15320000	0.13480000
0.04340000	0.00260000
0.02810000	0.00260000
0.08560000	0.16930000
0.07280000	0.06570000
0.05110000	0.00240000
0.04340000	0.00240000
0.03700000	0.00230000
3.32040000	0.26330000
9.50140000	9.13510000
1.27710000	1.45590000
0.89390000	1.41310000
0.63850000	1.27930000
0.51080000	1.18870000
0.38310000	1.03420000
0.31930000	0.91070000
0.25540000	0.81140000
0.22990000	0.73150000
0.19160000	0.68440000
0.17880000	0.61400000
0.16600000	0.57070000
0.15320000	0.58300000
0.15320000	0.78810000
0.25540000	0.76480000
0.16600000	0.76070000
0.14050000	0.69740000
0.12770000	0.64570000
0.12260000	0.60310000
0.12000000	0.56780000
0.11750000	0.53810000
0.11370000	0.51310000
0.11110000	0.49160000
0.10730000	0.47310000
0.10340000	0.45680000
0.09710000	0.44240000
0.09710000	0.42950000
0.09710000	0.41780000
0.11750000	0.44640000
0.17880000	0.44790000
0.24260000	0.39260000
0.16600000	0.43120000
0.14050000	0.41760000
0.12770000	0.40270000
0.30650000	0.73230000
2.22210000	4.98070000
0.79180000	1.92900000
0.51080000	1.43910000
0.48530000	1.35230000
0.38310000	1.18400000
0.40870000	1.13790000
0.49810000	1.07700000
0.39590000	1.03320000
0.35760000	1.02540000
0.62580000	1.04770000
0.42140000	1.01760000
0.35760000	1.01250000
0.34480000	0.93780000
0.31930000	0.87630000
0.30650000	0.82520000
0.29370000	0.78240000
0.28100000	0.74620000
0.28100000	0.71510000
0.26820000	0.68830000
0.63850000	1.97950000
0.44700000	1.02490000
0.44700000	1.09640000
0.65130000	1.25640000
18.90060000	14.14600000
28.60630000	22.60560000
9.80790000	12.52170000
9.59080000	3.89500000
12.60470000	8.69570000
14.68630000	12.31240000
10.90620000	17.90780000
8.30090000	11.93530000
6.38530000	4.32460000
5.10830000	3.98820000
4.46970000	3.62130000
3.83120000	3.39630000
6.70460000	4.60520000
4.77620000	6.01850000
3.90780000	3.68500000
5.67020000	9.90130000
4.01000000	6.33140000
4.02280000	4.67960000
3.69070000	6.00130000
3.42250000	4.62370000
8.12220000	9.00100000
24.77510000	25.09730000
11.11050000	23.26900000
7.66240000	11.98910000
6.38530000	8.19290000
5.74680000	7.30240000
5.10830000	6.53600000
4.85290000	5.91730000
4.59740000	5.41520000
4.34200000	5.00520000
4.08660000	4.66820000
3.83120000	4.38880000
4.46970000	4.25760000
3.83120000	3.95780000
3.57580000	3.78930000
3.32040000	3.64380000
3.19270000	3.51660000
3.06500000	3.40410000
2.93730000	3.30350000
2.80960000	3.21430000
3.06500000	3.15110000
2.93730000	3.05200000
2.80960000	2.98010000
2.68180000	2.91250000
2.55410000	2.84860000
2.55410000	2.78770000
2.42640000	2.72940000
2.29870000	2.67330000
2.29870000	2.61920000
2.29870000	2.56680000
2.29870000	2.51600000
2.55410000	2.74930000
4.46970000	4.21580000
3.44810000	2.84620000
5.49140000	3.02250000
4.08660000	3.09900000
4.08660000	3.21850000
4.46970000	3.02220000
7.91780000	6.49530000
7.66240000	5.99360000
6.00220000	4.86440000
7.40700000	5.19500000
5.10830000	5.33170000
3.95890000	7.30720000
3.44810000	4.96360000
3.19270000	4.64490000
3.06500000	4.23980000
2.93730000	3.90960000
5.74680000	3.74840000
4.46970000	8.21410000
3.83120000	5.68390000
3.19270000	4.38810000
2.80960000	4.04890000
2.55410000	3.76260000
2.29870000	3.52610000
2.17100000	3.32910000
2.04330000	3.16340000
1.91560000	3.02260000
1.85170000	2.90150000
1.78790000	2.79630000
1.66020000	2.70360000
1.59630000	2.62230000
1.53250000	2.54680000
1.46860000	2.47910000
1.40480000	2.41680000
1.40480000	2.35890000
1.34090000	2.30460000
1.27710000	2.25330000
1.27710000	2.20470000
1.91560000	2.27630000
1.66020000	2.27280000
1.91560000	2.14190000
3.06500000	2.15120000
2.42640000	6.34450000
2.04330000	2.53800000
1.87730000	2.63090000
1.67300000	2.47850000
1.51970000	2.35070000
1.44310000	2.24250000
2.11990000	2.23920000
3.65240000	6.68670000
2.73290000	4.37370000
2.40090000	3.34160000
2.20930000	3.06730000
2.04330000	2.83890000
1.94110000	2.65100000
1.74960000	2.49500000
1.66020000	2.36440000
1.59630000	2.25390000
1.53250000	2.15940000
1.46860000	2.07770000
1.40480000	2.00610000
1.34090000	1.94280000
1.30260000	1.88590000
1.26430000	1.83440000
1.22600000	1.78720000
1.20040000	1.74440000
1.17490000	1.70270000
1.14940000	1.66430000
1.12380000	1.62790000
1.09830000	1.59320000
1.07270000	1.55990000
1.04720000	1.52800000
1.03440000	1.49710000
1.02170000	1.46720000
1.00890000	1.43820000
0.99610000	1.41000000
0.99610000	1.38250000
0.94500000	1.35560000
0.91950000	1.33600000
0.86840000	1.30380000
0.84290000	1.27880000
0.79180000	1.25430000
0.79180000	1.23030000
0.79180000	1.20680000
0.76620000	1.18370000
0.72790000	1.16120000
0.70240000	1.13900000
0.68960000	1.11730000
0.66410000	1.09610000
0.65130000	1.07520000
0.63850000	1.05480000
0.61300000	1.03470000
0.60020000	1.01500000
0.58750000	0.99570000
0.56190000	0.97680000
0.54910000	0.95820000
0.52360000	0.94010000
0.51080000	0.92210000
0.49810000	0.90460000
0.48530000	0.88740000
0.47250000	0.87060000
0.45970000	0.85400000
0.44700000	0.83780000
0.43420000	0.82190000
0.42140000	0.80630000
0.40870000	0.79090000
0.39590000	0.77590000
0.38310000	0.76120000
0.37030000	0.74670000
0.35760000	0.73250000
0.35760000	0.71860000
0.35760000	0.70500000
0.34480000	0.69160000
0.34480000	0.67840000
0.33200000	0.66550000
0.31930000	0.65290000
0.31930000	0.64050000
0.31930000	0.62830000
0.30650000	0.61640000
0.31930000	0.60470000
0.33200000	0.59320000
0.31930000	0.58190000
0.30650000	0.57080000
0.28100000	0.56000000
0.28100000	0.54940000
0.26820000	0.53890000
0.26820000	0.52870000
0.26820000	0.51860000
0.26820000	0.50880000
0.25540000	0.49910000
0.25540000	0.48960000
0.24260000	0.48030000
0.22990000	0.47120000
0.21710000	0.46230000
0.21710000	0.45350000
0.20430000	0.44490000
0.20430000	0.43640000
0.19160000	0.42810000
0.19160000	0.42000000
0.19160000	0.41200000
0.17880000	0.40420000
0.17880000	0.39650000
0.16600000	0.38900000
0.16600000	0.38160000
0.16600000	0.37430000
0.16600000	0.36720000
0.16600000	0.36020000
0.16600000	0.35340000
0.16600000	0.34670000
0.16600000	0.34010000
0.15320000	0.33360000
0.14050000	0.32730000
0.14050000	0.32110000
0.14050000	0.31500000
0.14050000	0.30900000
0.12770000	0.30310000
0.12770000	0.29730000
0.12640000	0.29170000
0.12390000	0.28620000
0.12130000	0.28070000
0.11880000	0.27540000
0.11750000	0.27020000
0.11620000	0.30820000
0.11490000	0.32190000
0.19160000	0.31850000
0.14050000	0.25020000
0.12770000	0.24540000
0.11880000	0.24080000
0.11240000	0.23620000
0.10860000	0.23170000
0.10470000	0.22730000
0.10220000	0.22300000
0.10090000	0.21880000
0.09960000	0.21460000
0.09960000	0.21050000
0.10090000	0.20650000
0.10090000	0.20260000
0.10090000	0.19880000
0.10220000	0.19500000
0.10220000	0.19130000
0.10220000	0.18760000
0.10220000	0.18410000
0.10220000	0.18060000
0.10220000	0.17710000
0.10220000	0.17380000
0.10340000	0.17050000
0.10600000	0.16720000
0.10730000	0.16410000
0.10860000	0.16090000
0.10860000	0.15790000
0.10470000	0.15490000
0.10340000	0.15190000
0.10220000	0.14910000
0.10090000	0.14620000
0.09830000	0.14340000
0.09450000	0.14070000
0.09070000	0.13800000
0.09070000	0.13540000
0.09190000	0.13290000
0.09190000	0.13030000
0.08940000	0.12780000
0.08560000	0.12540000
0.08560000	0.12300000
0.08300000	0.12070000
0.08430000	0.11840000
0.08170000	0.11620000
0.08300000	0.11400000
0.08430000	0.11180000
0.08050000	0.10970000
0.08300000	0.10760000
0.08170000	0.10550000
0.08170000	0.10350000
0.08050000	0.10160000
0.08050000	0.09960000
0.08430000	0.11430000
0.08560000	0.09590000
0.08680000	0.09410000
0.08810000	0.09230000
0.08810000	0.09050000
0.08940000	0.08880000
0.08810000	0.08710000
0.08680000	0.08550000
0.08560000	0.08380000
0.08430000	0.08220000
0.08300000	0.08070000
0.08300000	0.07910000
0.08170000	0.07760000
0.08810000	0.07620000
0.11750000	0.11250000
0.11240000	0.07330000
0.10220000	0.07190000
0.11110000	0.08780000
0.12130000	0.06920000
0.10600000	0.06790000
0.10090000	0.06660000
0.10090000	0.06530000
0.09960000	0.06410000
0.09960000	0.06290000
0.09960000	0.06170000
0.09710000	0.06050000
0.09580000	0.05940000
0.09070000	0.05820000
0.08940000	0.05710000
0.08810000	0.05600000
0.08940000	0.05500000
0.09190000	0.05390000
0.08940000	0.05290000
0.08940000	0.05190000
0.12000000	0.16010000
0.12770000	0.06340000
0.10860000	0.04900000
0.17880000	0.13290000
0.16600000	0.06090000
0.12770000	0.04630000
0.12770000	0.06040000
0.12000000	0.04450000
0.12770000	0.04640000
0.12770000	0.04280000
0.12000000	0.04200000
0.11750000	0.04120000
0.11240000	0.04040000
0.10980000	0.03970000
0.10860000	0.03890000
0.10600000	0.03820000
0.10090000	0.03750000
0.10090000	0.03670000
0.09830000	0.03600000
0.09710000	0.03540000
0.09710000	0.03470000
0.09710000	0.03400000
0.09960000	0.03340000
0.10220000	0.03270000
0.10090000	0.03210000
0.09450000	0.03150000
0.09190000	0.03090000
0.09070000	0.03030000
0.08810000	0.02980000
0.08810000	0.02920000
0.08680000	0.02860000
0.08680000	0.02810000
0.08680000	0.02760000
0.08680000	0.02700000
0.08810000	0.02650000
0.08810000	0.02600000
0.08680000	0.02550000
0.08680000	0.02500000
0.08680000	0.02460000
0.08680000	0.02410000
0.08560000	0.02360000
0.08680000	0.02320000
0.08680000	0.02270000
0.08680000	0.02230000
0.08560000	0.02190000
0.08430000	0.02150000
0.08680000	0.02110000
0.08680000	0.02070000
0.08300000	0.02030000
0.08170000	0.01990000
0.08300000	0.01950000
0.08430000	0.01910000
0.08680000	0.01880000
0.12770000	0.04750000
0.12390000	0.02750000
0.10340000	0.01770000
0.09580000	0.01740000
0.11880000	0.09030000
0.16600000	0.11980000
0.16600000	0.06870000
0.17880000	0.08470000
0.14050000	0.01580000
0.12390000	0.01550000
0.11370000	0.01520000
0.22990000	0.20870000
0.22990000	0.01920000
0.16600000	0.01440000
0.14050000	0.01410000
0.12770000	0.01380000
0.12770000	0.02850000
0.12390000	0.03510000
0.12770000	0.02460000
0.12260000	0.03840000
0.71520000	0.13870000
0.56190000	0.01310000
0.25540000	0.03390000
0.19160000	0.01180000
0.16600000	0.01160000
0.14050000	0.01140000
0.14050000	0.01120000
0.12770000	0.01100000
0.12770000	0.01080000
0.12130000	0.01060000
0.12000000	0.01040000
0.11750000	0.01020000
0.11240000	0.01000000
0.10730000	0.00980000
0.10600000	0.00960000
0.10090000	0.00940000
0.10220000	0.00920000
0.10090000	0.00910000
0.10220000	0.00890000
0.10220000	0.00870000
0.10090000	0.00860000
0.09960000	0.00840000
0.09960000	0.00820000
0.09960000	0.00810000
0.09830000	0.00790000
0.10090000	0.00780000
0.10220000	0.00760000
0.10220000	0.00750000
0.10470000	0.02900000
0.10600000	0.00720000
0.10980000	0.00840000
0.10470000	0.00990000
0.09710000	0.00680000
0.09450000	0.00670000
0.19160000	0.11730000
0.24260000	0.10210000
0.20430000	0.00630000
0.17880000	0.00620000
0.16600000	0.00610000
0.33200000	0.11460000
0.31930000	0.03430000
0.28100000	0.00570000
0.22990000	0.00950000
0.19160000	0.00550000
0.49810000	0.12910000
0.45970000	0.06610000
0.31930000	0.00520000
0.25540000	0.00510000
0.21710000	0.00500000
0.19160000	0.00490000
0.17880000	0.01620000
0.16600000	0.00470000
0.16600000	0.00460000
0.15320000	0.00450000
0.15320000	0.00700000
0.14050000	0.00440000
0.19160000	0.05540000
0.17880000	0.05430000
0.17880000	0.00410000
0.19160000	0.02520000
0.16600000	0.00400000
0.34480000	0.08650000
0.47250000	1.89300000
0.43420000	0.50100000
0.49810000	0.48490000
0.38310000	0.41430000
0.30650000	0.35810000
0.26820000	0.31310000
0.24260000	0.27710000
0.21710000	0.24820000
0.20430000	0.22480000
0.19160000	0.20590000
0.17880000	0.19040000
0.17880000	0.17760000
0.17880000	0.16710000
0.16600000	0.15820000
0.16600000	0.15070000
0.16600000	0.14440000
0.15320000	0.13880000
0.15320000	0.13400000
0.15320000	0.12970000
0.15320000	0.12590000
0.15320000	0.12250000
0.14050000	0.11930000
0.14050000	0.11640000
0.14050000	0.11360000
0.12640000	0.11110000
0.12520000	0.10860000
0.12000000	0.10630000
0.12000000	0.10410000
0.11750000	0.10190000
0.11240000	0.09990000
0.11110000	0.09790000
0.10980000	0.09600000
0.10730000	0.09410000
0.10730000	0.09220000
0.10600000	0.09040000
0.10090000	0.08870000
0.09580000	0.08700000
0.09190000	0.08530000
0.09450000	0.08370000
0.09830000	0.08210000
0.09580000	0.08050000
0.09580000	0.07900000
0.09190000	0.07750000
0.08810000	0.07600000
0.08430000	0.07450000
0.07920000	0.07310000
0.07660000	0.07170000
0.07530000	0.07040000
0.07660000	0.06900000
0.07790000	0.06770000
0.07790000	0.06640000
0.08050000	0.06520000
0.08560000	0.07040000
0.08940000	0.06270000
0.08560000	0.06150000
0.07660000	0.06030000
0.06640000	0.05920000
0.06390000	0.05810000
0.06390000	0.05700000
0.06130000	0.05590000
0.06000000	0.05480000
0.05620000	0.05380000
0.05240000	0.05280000
0.04730000	0.05180000
0.04470000	0.05080000
0.04340000	0.04980000
0.04090000	0.04890000
0.03960000	0.04790000
0.03830000	0.04700000
0.03580000	0.04610000
0.03450000	0.04530000
0.03450000	0.04440000
0.03320000	0.04360000
0.03190000	0.04270000
0.03060000	0.04190000
0.02940000	0.04110000
0.02680000	0.04030000
0.02550000	0.03960000
0.02430000	0.03880000
0.02300000	0.03810000
0.02040000	0.03740000
0.02040000	0.03660000
0.02040000	0.03600000
0.01920000	0.03530000
0.01920000	0.03460000
0.01790000	0.03390000
0.01790000	0.03330000
0.01530000	0.03270000
0.01280000	0.03200000
0.01200000	0.03140000
0.01100000	0.03080000
0.00780000	0.03030000
0.00780000	0.02970000
0.01190000	0.02910000
0.01230000	0.02860000
0.01200000	0.02800000
0.01210000	0.02750000
0.01140000	0.02700000
0.01020000	0.02650000
0.00960000	0.02590000
0.00960000	0.02550000
0.00950000	0.02500000
0.00960000	0.02450000
0.00950000	0.02400000
0.00930000	0.02360000
0.00870000	0.02310000
0.00820000	0.02270000
0.00730000	0.02230000
0.00640000	0.02180000
0.00630000	0.02140000
0.00590000	0.02100000
0.00600000	0.02060000
0.00570000	0.02020000
0.00550000	0.01980000
0.00590000	0.01950000
0.00540000	0.01910000
0.00590000	0.01870000
0.00490000	0.01840000
0.00450000	0.01800000
0.00460000	0.01770000
0.00510000	0.01730000
0.00510000	0.01700000
0.00450000	0.01670000
0.00420000	0.01640000
0.00370000	0.01610000
0.00340000	0.01580000
0.00340000	0.01550000
0.00330000	0.01520000
0.00320000	0.01490000
0.00330000	0.01460000
0.00320000	0.01430000
0.00310000	0.01400000
0.00290000	0.01380000
0.00270000	0.01350000
0.00260000	0.01330000
0.00260000	0.01300000
0.00270000	0.01280000
0.00320000	0.01250000
0.00280000	0.01230000
0.00260000	0.01200000
0.00270000	0.01180000
0.00280000	0.01160000
0.00270000	0.01140000
0.00320000	0.01120000
0.00320000	0.01090000
0.00320000	0.01070000
0.00320000	0.01050000
0.00290000	0.01030000
0.00280000	0.01010000
0.00220000	0.00990000
0.00190000	0.00980000
0.00170000	0.00960000
0.00170000	0.00940000
0.00150000	0.00920000
0.00100000	0.00900000
0.00130000	0.00890000
0.00140000	0.00870000
0.00200000	0.00850000
0.00310000	0.00840000
0.00290000	0.00820000
0.00290000	0.00810000
0.00190000	0.00790000
0.00000000	0.00770000
0.00050000	0.01290000
0.00080000	0.00750000
0.00050000	0.00730000
0.00000000	0.00720000
0.00000000	0.00700000
0.00000000	0.00690000
0.00000000	0.00680000
0.00000000	0.00660000
0.00000000	0.00650000
0.00000000	0.00640000
0.00000000	0.00630000
0.00000000	0.00620000
0.00000000	0.00600000
0.00000000	0.00590000
0.00000000	0.00580000
0.00000000	0.00570000
0.00000000	0.00560000
0.00000000	0.00550000
0.00000000	0.00540000
0.00000000	0.00530000
0.00000000	0.00520000
0.00000000	0.00510000
0.00000000	0.00500000
0.00000000	0.00490000
0.00000000	0.00480000
0.00000000	0.00470000
0.00000000	0.00460000
0.00000000	0.00450000
0.00000000	0.00440000
0.00000000	0.00440000
0.00000000	0.00430000
0.00000000	0.00420000
0.00000000	0.00410000
0.00000000	0.00400000
0.00000000	0.00400000
0.00000000	0.00390000
0.00000000	0.00380000
0.00000000	0.00370000
0.00000000	0.00370000
0.00000000	0.00360000
0.00000000	0.00350000
0.00000000	0.00350000
0.00000000	0.00340000
0.00000000	0.00330000
0.00000000	0.00330000
0.00000000	0.00320000
0.00000000	0.00310000
0.00180000	0.18310000
0.00080000	0.00300000
0.00000000	0.00300000
0.00000000	0.00290000
0.00000000	0.00290000
0.00000000	0.00280000
0.00000000	0.00280000
0.00000000	0.00270000
0.00000000	0.00260000
0.00000000	0.00420000
0.00000000	0.00250000
0.00000000	0.00250000
0.00270000	0.05030000
0.00340000	0.00240000
0.00320000	0.00240000
0.00320000	0.00230000
0.00320000	0.00230000
0.00340000	0.00220000
0.00420000	0.00220000
0.00510000	0.00210000
0.00590000	0.00210000
0.00610000	0.00210000
0.00610000	0.00200000
0.00640000	0.00200000
0.00730000	0.00190000
0.00730000	0.00190000
0.00740000	0.00190000
0.00770000	0.00180000
0.00840000	0.00180000
0.00870000	0.00180000
0.00980000	0.00170000
0.01050000	0.00170000
0.01050000	0.00170000
0.01070000	0.00160000
0.01100000	0.00160000
0.01150000	0.00160000
0.01250000	0.00150000
0.01280000	0.00150000
0.01230000	0.00150000
0.01260000	0.00150000
0.01280000	0.00140000
0.01230000	0.00140000
0.01230000	0.00140000
0.01260000	0.00140000
0.01280000	0.00130000
0.01280000	0.00130000
0.01280000	0.00130000
0.01280000	0.00130000
0.01280000	0.00120000
0.01280000	0.00120000
0.01400000	0.00120000
0.01400000	0.00120000
0.01400000	0.00110000
0.01530000	0.00110000
0.01530000	0.00110000
0.01530000	0.00110000
0.01660000	0.00110000
0.01660000	0.00100000
0.01660000	0.00100000
0.01660000	0.00100000
0.01660000	0.00100000
0.01660000	0.00100000
0.01660000	0.00090000
0.01660000	0.00090000
0.01660000	0.00090000
0.01660000	0.00090000
0.01660000	0.00090000
0.01660000	0.00090000
0.01790000	0.00080000
0.01660000	0.00080000
0.01790000	0.01080000
0.02040000	0.02900000
0.02170000	0.00080000
0.02300000	0.00080000
0.02300000	0.00070000
0.02300000	0.00070000
0.02430000	0.05350000
0.02550000	0.04570000
0.06390000	0.12020000
0.07020000	0.02330000
0.04470000	0.00070000
0.03830000	0.00070000
0.03830000	0.00060000
0.03700000	0.01260000
0.03830000	0.02260000
0.03960000	0.00060000
0.03700000	0.00060000
0.03700000	0.00060000
0.03830000	0.04970000
0.03960000	0.00060000
0.03830000	0.00050000
0.03830000	0.00050000
0.03830000	0.00050000
0.03830000	0.00050000
0.04730000	0.10530000
0.17880000	0.12900000
0.39590000	0.20360000
0.76620000	0.07890000
1.12380000	0.05650000
0.54910000	0.01240000
0.21710000	0.01940000
0.22990000	0.02520000
0.12520000	0.00040000
0.07410000	0.00040000
0.86840000	0.18490000
3.99720000	5.18420000
1.37920000	3.03330000
3.17990000	5.47690000
1.55800000	3.62740000
0.85560000	2.11490000
0.71520000	1.90960000
0.77900000	2.31110000
0.88120000	2.47970000
0.66410000	1.85720000
0.52360000	1.71330000
0.42140000	1.52970000
0.38310000	1.40650000
0.35760000	1.31280000
0.99610000	1.34730000
1.08550000	2.74170000
0.81730000	1.63200000
1.16210000	3.87910000
1.18770000	1.96920000
0.85560000	1.84810000
0.76620000	1.72110000
0.71520000	1.57380000
0.63850000	1.45350000
0.57470000	1.35480000
0.52360000	1.27290000
0.48530000	1.20460000
0.44700000	1.14690000
0.42140000	1.09760000
0.39590000	1.05510000
0.39590000	1.01810000
0.38310000	0.98530000
0.37030000	0.95600000
0.35760000	0.92950000
0.34480000	0.90530000
0.34480000	0.88290000
0.33200000	0.86200000
0.31930000	0.84240000
0.30650000	0.82390000
0.30650000	0.80620000
0.29370000	0.78940000
0.28100000	0.77310000
0.28100000	0.75750000
0.26820000	0.74230000
0.26820000	0.72760000
0.25540000	0.71330000
0.25540000	0.69940000
0.24260000	0.68580000
0.24260000	0.67250000
0.24260000	0.65950000
0.24260000	0.64690000
0.22990000	0.63450000
0.22990000	0.62230000
0.22990000	0.61040000
0.22990000	0.59880000
0.21710000	0.58730000
0.22990000	0.57620000
0.21710000	0.56520000
1.07270000	0.85840000
1.21320000	0.81710000
0.83010000	0.53350000
0.56190000	0.52340000
0.43420000	0.51340000
0.38310000	0.50370000
0.34480000	0.49420000
0.29370000	0.48470000
0.28100000	0.47550000
0.25540000	0.46640000
0.22990000	0.45760000
0.25540000	0.44890000
0.28100000	0.44030000
0.26820000	0.43200000
0.25540000	0.42380000
0.24260000	0.41570000
0.24260000	0.40780000
0.22990000	0.40010000
0.22990000	0.39250000
0.22990000	0.38500000
0.21710000	0.37770000
0.20430000	0.37050000
0.20430000	0.36350000
0.19160000	0.35660000
0.19160000	0.34980000
0.19160000	0.34320000
0.17880000	0.33660000
0.17880000	0.33020000
0.17880000	0.32400000
0.17880000	0.31780000
0.17880000	0.31180000
0.15320000	0.30580000
0.15320000	0.30000000
0.14050000	0.29430000
0.12770000	0.28870000
0.12390000	0.28330000
0.12130000	0.27790000
0.11750000	0.27260000
0.12000000	0.26740000
0.12520000	0.26230000
0.11620000	0.25740000
0.10470000	0.25250000
0.09070000	0.24770000
0.08170000	0.24300000
0.08680000	0.23830000
0.08680000	0.23380000
0.09190000	0.22940000
0.08810000	0.22500000
0.08430000	0.22070000
0.07790000	0.21650000
0.07790000	0.21240000
0.07530000	0.20840000
0.07790000	0.20440000
0.08560000	0.20500000
0.08050000	0.19670000
0.07280000	0.19300000
0.06640000	0.18930000
0.06000000	0.18570000
0.05620000	0.18220000
0.05240000	0.17870000
0.04980000	0.17540000
0.04980000	0.17200000
0.04850000	0.16880000
0.04850000	0.16550000
0.04850000	0.16240000
0.04730000	0.15930000
0.04470000	0.15630000
0.04210000	0.15330000
0.03830000	0.15040000
0.03700000	0.14750000
0.03450000	0.14470000
0.03320000	0.14200000
0.03190000	0.13930000
0.02940000	0.13660000
0.02680000	0.13410000
0.02680000	0.13150000
0.02680000	0.12900000
0.02550000	0.12660000
0.02550000	0.12420000
0.02810000	0.12180000
0.02810000	0.11950000
0.02810000	0.11720000
0.02550000	0.11500000
0.02170000	0.11280000
0.01790000	0.11070000
0.01530000	0.10860000
0.01070000	0.10650000
0.00630000	0.10450000
0.00410000	0.10250000
0.00280000	0.10050000
0.00180000	0.09860000
0.00140000	0.09670000
0.00130000	0.09490000
0.00100000	0.09310000
0.00090000	0.09130000
0.00080000	0.08960000
0.00050000	0.08790000
0.00050000	0.08620000
0.00050000	0.08460000
0.00000000	0.08300000
0.00000000	0.08140000
0.00000000	0.07990000
0.00000000	0.07830000
0.00000000	0.07690000
0.00000000	0.07540000
0.00000000	0.07400000
0.00000000	0.07260000
0.00000000	0.07120000
0.00000000	0.06980000
0.00000000	0.06850000
0.00000000	0.06720000
0.00000000	0.06590000
0.00000000	0.06470000
0.00000000	0.06340000
0.00000000	0.06220000
0.00000000	0.06110000
0.00000000	0.05990000
0.00000000	0.05880000
0.00000000	0.05760000
0.00000000	0.05650000
0.00000000	0.05550000
0.00000000	0.05440000
0.00000000	0.05340000
0.00000000	0.05240000
0.00000000	0.05140000
0.00000000	0.05040000
0.00000000	0.04940000
0.00000000	0.04850000
0.00000000	0.04760000
0.00000000	0.04670000
0.00000000	0.04580000
0.00000000	0.04490000
0.00000000	0.04410000
0.00000000	0.04320000
0.00000000	0.04240000
0.00000000	0.04160000
0.00000000	0.04080000
0.00000000	0.04000000
0.00000000	0.03930000
0.00000000	0.03850000
0.00000000	0.03780000
0.00000000	0.03710000
0.00000000	0.03640000
0.00000000	0.03570000
0.00000000	0.03500000
0.00000000	0.03430000
0.00000000	0.03370000
0.00000000	0.03300000
0.00000000	0.03240000
0.00000000	0.03180000
0.00000000	0.03120000
0.00000000	0.03060000
0.00000000	0.03000000
0.00000000	0.02950000
0.00000000	0.02890000
0.00000000	0.02830000
0.00000000	0.02780000
0.00000000	0.02730000
0.00000000	0.02680000
0.00000000	0.02630000
0.00000000	0.02580000
0.00000000	0.02530000
0.00000000	0.02480000
0.00000000	0.02430000
0.00000000	0.02380000
0.00000000	0.02340000
0.00000000	0.02300000
0.00000000	0.02250000
0.00000000	0.02210000
0.00000000	0.02170000
0.00000000	0.02130000
0.00000000	0.02090000
0.00000000	0.02050000
0.00000000	0.02010000
0.00000000	0.01970000
0.00000000	0.01930000
0.00000000	0.01890000
0.00000000	0.06150000
0.00000000	0.02540000
0.00000000	0.01790000
0.00000000	0.01750000
0.00000000	0.01720000
0.00000000	0.01690000
0.00000000	0.01660000
0.00000000	0.01630000
0.00000000	0.01590000
0.00000000	0.01560000
0.00000000	0.01530000
0.00000000	0.01510000
0.00000000	0.01480000
0.00000000	0.01450000
0.00000000	0.01420000
0.00000000	0.09890000
0.00000000	0.22780000
0.00000000	0.08350000
0.00000000	0.06410000
0.00000000	0.05910000
0.00000000	0.01270000
0.00000000	0.01240000
0.00000000	0.01220000
0.00000000	0.01200000
0.00000000	0.01170000
0.00000000	0.01150000
0.00050000	0.01130000
0.00080000	0.01110000
0.00110000	0.01090000
0.00150000	0.01070000
0.00230000	0.01050000
0.00360000	0.01030000
0.00510000	0.01010000
0.01400000	0.00990000
0.01400000	0.00970000
0.01400000	0.00950000
0.01530000	0.00930000
0.01530000	0.00910000
0.01530000	0.00900000
0.01530000	0.00880000
0.01530000	0.00860000
0.01530000	0.00850000
0.01530000	0.00830000
0.01660000	0.00810000
0.01920000	0.00800000
0.02040000	0.00780000
0.02300000	0.00770000
0.02550000	0.00750000
0.02680000	0.00740000
0.02810000	0.00730000
0.03060000	0.00710000
0.03450000	0.00700000
0.03580000	0.00690000
0.03320000	0.00670000
0.02940000	0.00660000
0.02810000	0.00650000
0.02810000	0.00630000
0.02810000	0.02710000
0.02810000	0.00610000
0.02810000	0.00600000
0.02680000	0.00590000
0.02680000	0.00580000
0.02680000	0.01400000
0.02550000	0.00560000
0.02550000	0.00540000
0.02550000	0.00530000
0.02430000	0.00520000
0.02170000	0.00510000
0.02170000	0.00500000
0.02040000	0.00490000
0.02040000	0.00490000
0.02040000	0.00480000
0.02040000	0.00470000
0.02040000	0.00460000
0.02040000	0.00450000
0.02040000	0.00440000
0.02040000	0.00430000
0.02040000	0.00420000
0.02040000	0.00420000
0.02040000	0.00410000
0.02040000	0.00400000
0.02040000	0.00390000
0.01920000	0.00390000
0.01920000	0.00380000
0.01920000	0.00370000
0.01920000	0.00360000
0.01920000	0.00360000
0.01920000	0.00350000
0.01920000	0.00340000
0.02550000	0.04830000
0.02810000	0.01670000
0.07660000	0.00320000
0.56190000	0.45040000
0.81730000	0.22380000
0.29370000	0.00310000
0.16600000	0.00300000
0.14050000	0.00290000
0.11370000	0.00290000
0.09960000	0.00280000
0.08940000	0.00280000
0.08680000	0.00270000
0.08050000	0.00270000
0.07660000	0.00260000
0.07790000	0.00260000
0.07660000	0.00250000
0.12770000	0.12920000
0.16600000	0.10890000
0.20430000	0.29240000
0.15320000	0.34070000
0.11750000	0.34360000
0.10090000	0.30670000
0.09450000	0.26570000
0.08560000	0.23290000
0.08050000	0.20660000
0.07660000	0.18550000
0.07660000	0.16840000
0.07660000	0.15450000
0.08050000	0.14320000
0.08050000	0.13380000
0.07660000	0.12600000
0.07660000	0.11950000
0.07660000	0.11400000
0.09580000	0.11000000
0.56190000	0.24770000
1.06000000	2.61260000
1.80070000	0.69360000
0.71520000	0.65570000
0.42140000	0.57140000
0.31930000	0.52370000
0.25540000	0.47540000
0.22990000	0.45900000
0.53640000	0.61060000
0.79180000	0.74030000
0.43420000	0.72700000
0.35760000	0.69710000
0.31930000	0.64920000
0.30650000	0.60650000
0.38310000	0.74460000
0.57470000	0.95750000
0.62580000	1.08580000
0.47250000	1.09030000
0.37030000	1.00280000
0.30650000	0.92490000
0.28100000	0.83810000
2.82230000	0.98550000
26.56300000	14.84580000
15.70790000	12.99170000
8.64580000	4.35720000
5.74680000	2.85600000
4.08660000	2.53920000
3.12880000	2.25870000
2.42640000	2.02290000
1.97950000	1.83680000
1.67300000	1.68560000
1.53250000	1.56180000
1.44310000	1.45990000
1.32820000	1.37520000
1.23880000	1.30420000
1.20040000	1.24410000
1.14940000	1.19260000
1.08550000	1.14800000
1.04720000	1.10890000
0.97060000	1.07420000
0.91950000	1.04300000
0.86840000	1.01470000
0.81730000	0.98880000
0.77900000	0.96480000
0.74070000	0.94230000
0.68960000	0.92110000
0.68960000	0.90100000
0.65130000	0.88190000
0.60020000	0.86350000
0.58750000	0.84590000
0.56190000	0.82880000
0.54910000	0.81230000
0.53640000	0.79620000
0.52360000	0.78060000
0.51080000	0.76540000
0.86840000	0.90830000
0.65130000	0.76500000
0.57470000	0.72190000
0.54910000	0.74790000
0.51080000	0.69450000
0.48530000	0.68120000
0.45970000	0.66820000
0.44700000	0.65540000
0.44700000	0.64290000
0.42140000	0.63070000
0.40870000	0.61870000
0.37030000	0.60690000
0.37030000	0.59530000
0.38310000	0.58400000
0.57470000	0.69070000
0.45970000	0.56200000
0.42140000	0.55130000
0.38310000	0.54090000
0.35760000	0.53050000
0.34480000	0.52050000
0.33200000	0.51060000
0.31930000	0.50090000
0.30650000	0.49140000
0.30650000	0.48200000
0.29370000	0.47290000
0.26820000	0.46390000
0.25540000	0.45510000
0.25540000	0.44640000
0.25540000	0.43790000
0.24260000	0.42960000
0.22990000	0.42150000
0.22990000	0.41340000
0.21710000	0.40560000
0.20430000	0.39790000
0.20430000	0.39030000
0.20430000	0.38290000
0.20430000	0.37560000
0.20430000	0.36850000
0.20430000	0.36150000
0.19160000	0.35460000
0.19160000	0.34790000
0.19160000	0.34130000
0.19160000	0.33480000
0.17880000	0.32840000
0.17880000	0.32220000
0.16600000	0.31610000
0.16600000	0.31010000
0.15320000	0.30420000
0.15320000	0.29840000
0.15320000	0.29270000
0.16600000	0.28720000
0.17880000	0.28170000
0.16600000	0.27640000
0.15320000	0.27110000
0.12770000	0.26600000
0.12000000	0.26090000
0.12260000	0.25590000
0.12770000	0.25110000
0.12770000	0.24630000
0.11370000	0.24160000
0.09830000	0.23700000
0.08050000	0.23250000
0.07660000	0.22810000
0.07150000	0.22380000
0.07280000	0.21950000
0.07790000	0.21540000
0.08050000	0.21130000
0.07790000	0.20730000
0.06390000	0.20330000
0.05870000	0.19950000
0.05750000	0.19570000
0.05620000	0.19190000
0.05620000	0.18830000
0.05490000	0.18470000
0.05490000	0.18120000
0.05360000	0.17780000
0.05240000	0.17440000
0.05240000	0.17110000
0.05110000	0.16780000
0.04980000	0.16460000
0.04730000	0.16150000
0.04600000	0.15840000
0.04340000	0.15540000
0.04090000	0.15250000
0.03960000	0.14960000
0.03830000	0.14670000
0.03580000	0.14390000
0.03580000	0.14120000
0.03450000	0.13850000
0.03320000	0.13590000
0.03190000	0.13330000
0.03060000	0.13080000
0.02940000	0.12830000
0.02680000	0.12590000
0.02170000	0.12350000
0.02040000	0.12110000
0.02170000	0.11880000
0.02040000	0.11660000
0.01790000	0.11440000
0.01790000	0.11220000
0.01790000	0.11000000
0.01790000	0.10800000
0.01790000	0.10590000
0.01660000	0.10390000
0.01400000	0.10190000
0.01280000	0.10000000
0.01240000	0.09810000
0.01120000	0.09620000
0.01060000	0.09440000
0.01020000	0.09260000
0.00950000	0.09080000
0.00780000	0.08910000
0.00650000	0.08740000
0.00600000	0.08580000
0.00560000	0.08410000
0.00610000	0.08250000
0.00630000	0.08100000
0.00560000	0.07940000
0.00520000	0.07790000
0.00460000	0.07640000
0.00360000	0.07500000
0.00260000	0.07360000
0.00230000	0.07220000
0.00200000	0.07080000
0.00170000	0.06940000
0.00170000	0.06810000
0.00150000	0.06680000
0.00150000	0.06560000
0.00140000	0.06430000
0.00090000	0.06310000
0.00090000	0.06190000
0.00090000	0.06070000
0.00090000	0.05960000
0.00080000	0.05840000
0.00040000	0.05730000
0.00050000	0.05620000
0.00040000	0.05520000
0.00040000	0.05410000
0.00000000	0.05310000
0.00000000	0.05210000
0.00000000	0.05110000
0.00000000	0.05010000
0.00000000	0.04920000
0.00000000	0.04820000
0.00000000	0.04730000
0.00000000	0.04640000
0.00000000	0.04550000
0.00000000	0.04470000
0.00000000	0.04380000
0.00000000	0.04300000
0.00000000	0.04220000
0.00000000	0.04140000
0.00000000	0.04060000
0.00000000	0.03980000
0.00000000	0.03910000
0.00000000	0.03830000
0.00000000	0.03760000
0.00000000	0.03690000
0.00000000	0.03620000
0.00000000	0.03550000
0.00000000	0.03480000
0.00000000	0.03410000
0.00000000	0.03350000
0.00000000	0.03290000
0.00000000	0.03220000
0.00000000	0.03160000
0.00000000	0.03100000
0.00000000	0.03040000
0.00000000	0.02990000
0.00000000	0.02930000
0.00000000	0.02870000
0.00000000	0.02820000
0.00000000	0.02770000
0.00000000	0.02710000
0.00000000	0.02660000
0.00000000	0.02610000
0.00000000	0.02560000
0.00000000	0.02510000
0.00000000	0.02460000
0.00000000	0.02420000
0.00000000	0.02370000
0.00000000	0.02330000
0.00000000	0.02280000
0.00000000	0.02240000
0.00000000	0.02200000
0.00000000	0.02150000
0.00000000	0.02110000
0.00000000	0.02070000
0.00000000	0.02030000
0.00000000	0.02000000
0.00000000	0.01960000
0.00000000	0.01920000
0.00000000	0.01880000
0.00000000	0.01850000
0.00000000	0.01810000
0.00000000	0.01780000
0.00000000	0.01750000
0.00000000	0.01710000
0.00000000	0.01680000
0.00000000	0.01650000
0.00000000	0.01620000
0.00000000	0.01590000
0.00000000	0.01560000
0.00000000	0.01530000
0.00000000	0.01500000
0.00000000	0.01470000
0.00000000	0.03730000
0.00000000	0.08710000
0.00000000	0.01390000
0.00000000	0.01360000
0.00000000	0.01330000
0.00000000	0.01310000
0.00000000	0.01280000
0.00000000	0.01260000
0.00000000	0.01240000
0.00000000	0.01210000
0.00000000	0.01190000
0.00000000	0.01170000
0.00000000	0.06240000
0.00000000	0.06130000
0.01030000	0.06680000
0.00700000	0.01080000
0.00290000	0.01060000
0.00230000	0.01040000
0.00190000	0.01020000
0.00260000	0.01000000
0.00290000	0.00980000
0.00310000	0.00960000
0.00410000	0.00940000
0.00500000	0.00930000
0.00680000	0.00910000
0.03060000	0.08200000
0.21710000	0.12860000
0.05110000	0.00860000
0.03060000	0.00840000
0.02430000	0.00830000
0.02940000	0.06800000
0.03190000	0.01490000
0.02680000	0.00780000
0.02680000	0.02450000
0.02810000	0.04990000
0.05110000	0.00740000
0.03830000	0.00720000
0.03190000	0.00710000
0.02810000	0.00690000
0.02810000	0.00680000
0.02810000	0.00670000
0.02940000	0.00660000
0.02810000	0.00640000
0.02810000	0.00630000
0.02940000	0.00620000
0.03450000	0.01710000
0.04210000	0.00600000
0.03700000	0.00580000
0.03450000	0.00570000
0.03830000	0.00560000
0.04340000	0.00550000
0.05240000	0.09320000
0.17880000	0.16420000
0.12770000	0.00520000
0.08170000	0.00510000
0.06510000	0.00500000
0.06000000	0.00490000
0.05490000	0.00480000
0.05360000	0.00470000
0.05360000	0.00460000
0.09320000	0.07690000
0.35760000	0.05120000
0.24260000	0.04610000
0.17880000	0.00430000
0.12770000	0.00420000
0.09960000	0.01640000
0.07920000	0.00410000
0.06900000	0.00400000
0.06900000	0.00390000
0.06640000	0.00380000
0.06000000	0.00380000
0.06000000	0.00370000
0.06000000	0.00360000
0.05750000	0.00360000
0.05490000	0.00350000
0.05620000	0.00340000
0.05490000	0.00340000
0.05750000	0.00330000
0.06000000	0.00320000
0.06000000	0.00320000
0.06000000	0.00310000
0.05490000	0.00300000
0.05490000	0.00300000
0.05360000	0.00290000
0.05360000	0.00290000
0.05110000	0.00280000
0.05110000	0.00280000
0.05110000	0.00270000
0.04850000	0.00270000
0.06510000	0.04740000
0.09190000	0.05910000
0.06390000	0.00410000
0.05750000	0.00250000
0.05360000	0.00240000
0.05360000	0.00240000
0.05240000	0.00230000
0.04980000	0.00230000
0.04980000	0.00220000
0.04980000	0.00220000
0.04850000	0.00220000
0.04850000	0.00210000
0.04850000	0.00210000
0.04850000	0.00200000
0.04850000	0.00200000
0.04850000	0.00200000
0.05110000	0.00190000
0.05240000	0.00190000
0.05240000	0.00180000
0.05360000	0.00180000
0.05360000	0.00180000
0.06770000	0.03720000
0.07530000	0.00690000
0.06260000	0.00170000
0.06260000	0.00160000
0.06000000	0.00160000
0.06000000	0.00160000
0.05240000	0.00160000
0.05360000	0.00150000
0.04980000	0.00150000
0.04850000	0.00150000
0.04210000	0.00140000
0.03830000	0.00140000
0.03830000	0.00140000
0.03830000	0.00140000
0.03830000	0.00130000
0.03830000	0.00130000
0.03830000	0.00130000
0.04090000	0.00130000
0.05490000	0.04290000
0.05620000	0.00120000
0.04340000	0.00120000
0.04090000	0.00120000
0.03960000	0.00110000
0.03700000	0.00110000
0.03320000	0.00110000
0.03320000	0.00110000
0.03450000	0.00110000
0.03450000	0.00100000
0.03960000	0.00100000
0.05360000	0.04730000
0.04340000	0.00100000
0.03700000	0.00100000
0.03580000	0.00090000
0.03580000	0.00090000
0.03830000	0.01690000
0.04090000	0.00090000
0.04090000	0.00090000
0.03830000	0.00090000
0.03580000	0.00080000
0.03450000	0.00080000
0.03450000	0.00080000
0.03450000	0.00080000
0.03450000	0.00080000
0.03450000	0.00080000
0.03320000	0.00080000
0.03320000	0.00070000
0.03190000	0.00070000
0.03320000	0.00070000
0.03320000	0.00070000
0.03320000	0.00070000
0.03190000	0.00070000
0.03190000	0.00070000
0.02940000	0.00060000
0.02550000	0.00060000
0.02170000	0.00060000
0.01790000	0.00060000
0.01660000	0.00060000
0.01530000	0.00060000
0.01530000	0.00060000
0.01660000	0.00060000
0.01790000	0.00060000
0.01790000	0.00050000
0.01790000	0.00050000
0.01660000	0.00050000
0.01530000	0.00050000
0.01280000	0.00050000
0.01230000	0.00050000
0.01070000	0.00050000
0.01400000	0.02110000
0.01530000	0.01050000
0.01530000	0.00050000
0.01400000	0.00040000
0.01400000	0.00040000
0.01400000	0.00040000
0.01280000	0.00040000
0.01230000	0.00040000
0.01160000	0.00040000
0.01030000	0.00040000
0.00960000	0.00040000
0.00930000	0.00040000
0.00840000	0.00040000
0.00660000	0.00040000
0.00520000	0.00040000
0.00410000	0.00040000
0.00340000	0.00030000
0.00190000	0.00030000
0.00090000	0.00030000
0.00150000	0.00030000
0.00220000	0.00030000
0.00180000	0.00030000
0.00130000	0.00030000
0.00090000	0.00030000
0.00220000	0.01030000
0.00330000	0.00030000
0.00400000	0.00030000
0.00370000	0.00030000
0.00240000	0.00030000
0.00130000	0.00030000
0.00130000	0.00030000
0.00110000	0.00030000
0.00090000	0.00030000
0.00090000	0.00030000
0.00050000	0.00020000
0.00000000	0.00020000
0.00000000	0.00020000
0.00000000	0.00020000
0.00000000	0.00020000
0.00000000	0.00020000
0.00000000	0.00020000
0.00000000	0.00020000
0.00000000	0.00020000
0.00000000	0.00020000
0.00000000	0.00020000
0.00000000	0.00020000
0.00000000	0.00020000
0.00000000	0.00020000
0.00000000	0.00020000
0.00000000	0.00020000
0.00000000	0.00020000
0.00000000	0.00020000
0.00000000	0.00020000
0.00000000	0.00020000
0.00000000	0.00020000
0.00000000	0.00020000
0.00000000	0.00020000
0.00000000	0.00020000
0.00000000	0.00020000
0.00000000	0.00020000
0.00000000	0.00010000
0.00000000	0.00010000
0.00000000	0.00010000
0.00000000	0.00010000
0.00000000	0.00010000
0.00000000	0.00010000
0.00000000	0.00010000
0.00000000	0.00010000
0.00000000	0.00010000
0.00000000	0.00010000
0.00000000	0.00010000
0.00000000	0.00010000
0.00000000	0.00010000
0.00000000	0.00010000
0.00000000	0.00010000
0.00000000	0.00010000
0.00000000	0.00010000
0.00000000	0.00010000
0.00000000	0.00010000
0.00000000	0.00010000
0.00000000	0.00010000
0.00000000	0.00010000
0.00000000	0.00010000
0.00000000	0.00010000
0.00000000	0.00010000
0.00000000	0.00010000
0.00000000	0.00010000
0.00000000	0.00010000
0.00000000	0.00010000
0.00000000	0.00010000
0.00000000	0.00010000
0.00000000	0.00010000
0.00000000	0.00010000
0.00000000	0.00010000
0.00000000	0.00010000
0.00000000	0.00010000
0.00000000	0.00010000
0.00000000	0.00010000
0.00000000	0.00010000
0.00000000	0.00010000
0.00000000	0.00010000
0.00000000	0.00010000
0.00000000	0.00010000
0.00000000	0.00010000
0.00000000	0.00010000
0.00000000	0.00010000
0.00000000	0.00010000
0.00000000	0.00010000
0.00000000	0.00010000
0.00000000	0.00010000
0.00000000	0.00010000
0.00000000	0.00010000
0.00000000	0.00010000
0.00000000	0.00010000
0.00000000	0.00010000
0.00000000	0.00010000
0.00000000	0.00010000
0.00000000	0.00010000
0.00000000	0.00000000
0.00000000	0.00000000
0.00000000	0.00000000
0.00000000	0.00000000
0.00000000	0.00000000
0.00000000	0.00000000
0.00000000	0.00000000
0.00000000	0.00000000
0.00000000	0.00000000
0.00000000	0.00000000
0.00000000	0.00000000
0.00000000	0.00000000
0.00000000	0.00000000
0.00000000	0.00000000
0.00000000	0.00000000
0.00000000	0.00000000
0.00000000	0.00000000
0.00000000	0.00000000
0.00000000	0.00000000
0.00000000	0.00000000
0.00000000	0.00000000
0.00000000	0.00000000
0.00000000	0.00000000
0.00000000	0.00000000
0.00000000	0.00000000
0.00000000	0.00000000
0.00000000	0.00000000
0.00000000	0.00000000
0.00000000	0.00000000
0.00000000	0.00000000
0.00000000	0.00000000
0.00000000	0.00000000
0.00000000	0.00000000
0.00000000	0.00000000
0.00000000	0.00000000
0.00000000	0.00000000
0.00000000	0.00000000
0.00000000	0.00000000
0.00000000	0.00000000
0.00000000	0.00000000
0.00000000	0.00000000
0.00000000	0.00000000
0.00000000	0.00000000
0.00000000	0.00000000
0.00000000	0.00000000
0.00000000	0.00000000
0.00000000	0.00000000
0.00000000	0.00000000
0.00000000	0.00000000
0.00000000	0.00000000
0.00000000	0.00000000
0.00000000	0.00000000
0.00000000	0.00000000
0.00000000	0.00000000
0.00000000	0.00000000
0.00000000	0.00000000
0.00000000	0.00000000
0.00000000	0.00000000
0.00000000	0.00000000
0.00000000	0.00000000
0.00000000	0.00000000
0.00000000	0.00000000
0.00000000	0.00000000
0.00000000	0.00000000
0.00000000	0.00000000
0.00000000	0.00000000
0.00000000	0.00000000
0.00000000	0.00000000
0.00000000	0.00000000
0.00000000	0.00000000
0.00000000	0.00000000
0.00000000	0.00000000
0.00000000	0.00000000
0.00000000	0.00000000
0.00000000	0.00000000
0.00000000	0.00000000
0.00000000	0.00000000
0.00000000	0.05970000
1.54530000	0.35240000
0.51080000	0.13470000
0.04980000	0.02230000
0.02810000	0.00000000
0.01920000	0.00000000
0.01530000	0.00000000
0.00640000	0.00000000
0.00030000	0.00000000
0.00000000	0.00000000
0.00000000	0.00000000
0.00000000	0.00000000
0.00000000	0.00000000
0.00000000	0.00000000
0.00000000	0.00000000
0.00000000	0.00000000
0.00000000	0.00000000
0.00000000	0.00000000
0.00000000	0.00000000
0.00000000	0.00000000
0.00000000	0.00000000
0.00060000	0.00000000
0.00170000	0.00000000
0.00290000	0.01540000
0.00490000	0.00000000
0.00590000	0.00000000
0.00690000	0.00000000
0.00770000	0.00000000
0.00880000	0.00000000
0.01070000	0.00000000
0.01140000	0.00500000
0.01140000	0.00000000
0.01140000	0.00000000
0.01140000	0.00000000
0.01170000	0.00000000
0.01260000	0.00000000
0.01400000	0.00000000
0.01400000	0.00000000
0.01400000	0.08800000
0.09580000	0.17760000
0.17880000	0.19070000
0.04600000	0.03850000
0.04090000	0.00000000
1.16210000	0.51710000
0.38310000	0.86550000
0.28100000	1.23690000
0.19160000	0.94810000
0.15320000	0.87940000
0.12770000	0.75920000
0.10860000	0.66320000
0.09070000	0.58630000
0.10470000	0.52450000
0.17880000	0.59840000
0.14050000	0.58150000
0.12770000	0.62070000
0.12390000	0.54970000
0.10860000	0.53410000
0.09450000	0.49220000
0.08810000	0.45590000
0.08810000	0.42610000
0.08810000	0.40130000
0.08430000	0.38050000
0.07790000	0.36290000
0.07790000	0.34780000
0.07790000	0.33470000
0.07790000	0.32330000
0.07790000	0.31320000
0.07790000	0.30410000
0.07790000	0.29580000
0.07150000	0.28820000
0.06000000	0.28120000
0.05870000	0.27460000
0.05360000	0.26850000
0.05110000	0.26260000
0.05360000	0.25700000
0.05360000	0.25170000
0.05360000	0.24650000
0.05360000	0.24160000
0.05360000	0.23670000
0.05240000	0.23210000
0.05240000	0.22750000
0.05360000	0.22310000
0.05620000	0.21870000
0.05620000	0.21450000
0.05490000	0.21040000
0.04980000	0.20630000
0.05240000	0.20240000
0.05240000	0.19850000
0.05110000	0.19470000
0.05360000	0.19100000
0.05360000	0.18740000
0.05240000	0.18380000
0.05110000	0.18030000
0.05110000	0.17700000
0.04730000	0.17350000
0.04730000	0.17020000
0.08300000	0.27360000
0.60020000	0.36270000
1.14940000	2.09340000
0.53640000	0.75620000
0.29370000	0.71310000
0.21710000	0.66710000
0.19160000	0.56070000
0.16600000	0.56250000
0.15320000	0.50930000
0.15320000	0.46600000
0.12770000	0.43070000
0.12770000	0.40170000
0.12770000	0.37770000
0.12770000	0.35760000
0.17880000	0.50480000
0.14050000	0.44850000
0.14050000	0.50790000
0.12770000	0.44360000
0.12770000	0.45860000
0.12770000	0.42690000
0.12390000	0.40060000
0.12130000	0.40520000
0.12770000	0.36020000
0.12520000	0.34440000
0.12130000	0.33090000
0.11620000	0.31910000
0.11240000	0.30860000
0.11240000	0.29940000
0.11110000	0.29100000
0.09960000	0.28330000
0.09960000	0.27620000
0.09960000	0.26970000
2.54140000	3.18040000
0.85560000	5.10320000
0.43420000	1.45200000
0.34480000	1.33820000
0.29370000	1.17690000
0.26820000	1.04750000
0.24260000	0.94320000
0.21710000	0.85880000
0.20430000	0.79010000
0.19160000	0.73380000
0.17880000	0.68730000
0.17880000	0.64860000
0.16600000	0.61610000
0.16600000	0.58850000
0.15320000	0.56480000
0.15320000	0.54420000
0.14050000	0.52600000
0.12770000	0.50990000
0.12770000	0.49540000
0.12770000	0.48220000
0.12770000	0.47000000
0.12770000	0.45870000
0.12770000	0.44810000
0.12390000	0.43810000
0.10860000	0.42860000
0.09580000	0.41960000
0.09190000	0.41090000
0.08810000	0.40250000
0.09320000	0.39440000
0.15320000	0.55260000
0.74070000	0.58470000
0.35760000	0.44700000
0.24260000	0.36430000
0.21710000	0.38090000
0.20430000	0.37020000
0.17880000	0.36050000
0.16600000	0.35150000
0.16600000	0.34320000
0.15320000	0.33540000
0.15320000	0.32800000
0.14050000	0.32090000
0.14050000	0.31420000
0.14050000	0.30770000
0.14050000	0.30140000
0.14050000	0.30490000
0.12640000	0.28950000
0.11880000	0.28380000
0.11240000	0.27830000
0.12640000	0.27290000
1.36650000	0.49450000
0.89390000	0.35370000
0.40870000	0.25740000
0.29370000	0.27360000
0.25540000	0.26550000
0.21710000	0.25810000
0.19160000	0.25130000
0.19160000	0.24510000
0.19160000	0.23930000
0.19160000	0.23380000
0.17880000	0.22870000
0.17880000	0.22380000
0.17880000	0.21910000
0.16600000	0.21450000
0.16600000	0.21020000
0.16600000	0.20600000
0.15320000	0.20190000
0.15320000	0.19790000
0.14050000	0.19410000
0.12770000	0.19030000
0.12770000	0.18660000
0.12770000	0.18300000
0.12770000	0.17950000
0.12520000	0.17600000
0.11750000	0.17270000
0.11240000	0.16940000
0.10860000	0.16610000
0.10470000	0.16300000
0.10600000	0.15990000
0.10090000	0.15680000
0.09190000	0.15390000
0.09190000	0.15090000
0.10220000	0.14800000
0.09960000	0.14520000
0.09960000	0.14250000
0.09710000	0.13970000
0.08940000	0.13710000
0.08050000	0.13450000
0.07790000	0.13190000
0.08300000	0.12940000
0.08050000	0.12700000
0.07530000	0.12460000
0.06770000	0.12220000
0.05620000	0.11990000
0.05110000	0.11760000
0.04600000	0.11540000
0.04210000	0.11320000
0.04210000	0.11100000
0.04210000	0.10890000
0.04210000	0.10680000
0.04210000	0.10480000
0.03830000	0.10280000
0.03700000	0.10090000
0.03450000	0.09890000
0.02810000	0.09710000
0.02430000	0.09520000
0.02170000	0.09340000
0.01920000	0.09160000
0.01790000	0.08990000
0.01530000	0.08820000
0.01400000	0.08650000
0.01400000	0.08490000
0.01280000	0.08330000
0.01240000	0.08170000
0.01230000	0.08010000
0.01200000	0.07860000
0.01050000	0.07710000
0.00880000	0.07560000
0.00740000	0.07420000
0.00640000	0.07280000
0.00600000	0.07140000
0.00520000	0.07010000
0.00490000	0.06870000
0.00430000	0.06740000
0.00400000	0.06610000
0.00340000	0.06490000
0.00290000	0.06360000
0.00310000	0.06240000
0.00220000	0.06120000
0.00170000	0.06010000
0.00140000	0.05890000
0.00100000	0.05780000
0.00060000	0.05670000
0.00050000	0.05560000
0.00030000	0.05460000
0.00010000	0.05360000
0.00000000	0.05250000
0.00000000	0.05150000
0.00000000	0.05060000
0.00000000	0.04960000
0.00000000	0.04870000
0.00000000	0.04770000
0.00000000	0.04680000
0.00000000	0.04590000
0.00000000	0.04510000
0.00000000	0.04420000
0.00000000	0.04340000
0.00000000	0.04250000
0.00000000	0.04170000
0.00000000	0.04090000
0.00000000	0.04020000
0.00000000	0.03940000
0.00000000	0.03870000
0.00000000	0.03790000
0.00000000	0.03720000
0.00000000	0.03650000
0.00000000	0.03580000
0.00000000	0.03510000
0.00000000	0.03440000
0.00000000	0.03380000
0.00000000	0.03320000
0.00000000	0.03250000
0.00000000	0.03190000
0.00000000	0.03130000
0.00000000	0.03070000
0.00000000	0.03010000
0.00000000	0.02950000
0.00000000	0.02900000
0.00000000	0.02840000
0.00000000	0.02790000
0.00000000	0.02740000
0.00000000	0.02680000
0.00000000	0.02630000
0.00000000	0.02580000
0.00000000	0.02530000
0.00000000	0.02490000
0.00000000	0.02440000
0.00000000	0.02390000
0.00000000	0.02350000
0.00000000	0.02300000
0.00000000	0.02260000
0.00000000	0.02220000
0.00000000	0.02170000
0.00000000	0.02130000
0.00000000	0.02090000
0.00000000	0.02050000
0.00000000	0.02010000
0.00000000	0.01980000
0.00000000	0.01940000
0.00000000	0.01900000
0.00000000	0.01860000
0.00000000	0.01830000
0.00000000	0.01790000
0.00000000	0.01760000
0.00000000	0.01730000
0.00000000	0.01690000
0.00000000	0.01660000
0.00000000	0.01630000
0.00000000	0.01600000
0.00000000	0.01570000
0.00000000	0.01540000
0.00000000	0.01510000
0.00000000	0.01480000
0.00000000	0.01450000
0.00000000	0.01430000
0.00000000	0.01400000
0.00000000	0.01370000
0.00000000	0.01350000
0.00000000	0.01320000
0.00000000	0.01300000
0.00000000	0.01270000
0.00000000	0.01250000
0.00000000	0.01220000
0.00000000	0.01200000
0.00000000	0.01180000
0.00000000	0.01150000
0.00000000	0.01130000
0.00000000	0.01110000
0.00000000	0.01090000
0.00000000	0.01070000
0.00000000	0.01050000
0.00000000	0.01030000
0.00000000	0.01010000
0.00000000	0.00990000
0.00000000	0.00970000
0.00000000	0.00950000
0.00000000	0.00930000
0.00000000	0.00920000
0.00000000	0.00900000
0.00000000	0.00880000
0.00000000	0.00870000
0.00000000	0.00850000
0.00000000	0.08430000
0.00000000	0.00820000
0.00000000	0.02650000
0.00000000	0.01290000
0.00000000	0.00770000
0.00000000	0.00760000
0.00000000	0.00740000
0.00000000	0.02860000
0.00000000	0.10650000
0.00000000	0.00700000
0.00000000	0.00690000
0.00000000	0.04260000
0.00000000	0.00660000
0.00000000	0.00650000
0.00000000	0.00640000
0.00000000	0.02920000
0.00000000	0.00610000
0.00000000	0.00600000
0.00000000	0.00590000
0.00000000	0.00580000
0.00000000	0.00570000
0.00000000	0.00560000
0.00000000	0.00550000
0.00000000	0.00540000
0.00000000	0.00530000
0.00000000	0.00520000
0.00000000	0.00510000
0.00000000	0.00500000
0.00000000	0.00490000
0.00000000	0.00480000
0.00000000	0.00470000
0.00000000	0.00460000
0.00000000	0.00450000
0.00000000	0.00440000
0.00000000	0.00430000
0.00000000	0.00430000
0.00000000	0.00810000
0.00000000	0.00410000
0.00000000	0.00400000
0.00000000	0.00390000
0.00000000	0.00390000
0.00000000	0.00380000
0.00000000	0.00370000
0.00000000	0.01090000
0.00000000	0.00360000
0.00000000	0.00350000
0.00000000	0.00340000
0.00000000	0.00340000
0.00000000	0.00330000
0.00000000	0.00330000
0.00000000	0.02690000
0.00000000	0.00310000
0.00000000	0.04790000
0.00000000	0.05190000
0.00360000	0.15640000
0.14050000	0.17330000
0.03580000	0.00280000
0.02040000	0.00280000
0.01400000	0.00270000
0.01210000	0.00760000
0.01060000	0.00260000
0.00840000	0.00260000
0.01790000	0.04290000
0.04090000	0.02000000
0.03320000	0.00240000
0.02940000	0.00240000
0.02430000	0.00230000
0.02300000	0.00230000
0.02040000	0.00230000
0.01920000	0.00220000
0.01920000	0.00220000
0.02040000	0.00210000
0.01920000	0.00210000
0.01920000	0.00210000
0.02040000	0.00200000
0.02170000	0.00200000
0.02170000	0.00190000
0.02170000	0.00190000
0.02170000	0.00190000
0.02170000	0.00180000
0.02300000	0.00180000
0.02300000	0.00180000
0.02300000	0.00170000
0.02300000	0.00170000
0.02550000	0.00170000
0.02680000	0.00160000
0.02680000	0.00160000
0.02810000	0.00160000
0.03060000	0.01630000
0.03060000	0.00150000
0.03060000	0.00150000
0.02940000	0.00150000
0.02810000	0.00140000
0.03580000	0.00140000
0.05620000	0.16510000
0.04980000	0.00130000
0.03700000	0.00130000
0.03320000	0.00130000
0.03190000	0.00130000
0.03060000	0.00120000
0.03060000	0.00120000
0.03060000	0.00120000
0.02940000	0.00120000
0.02940000	0.00120000
0.02810000	0.00110000
0.02810000	0.00110000
0.02810000	0.00110000
0.02680000	0.00110000
0.02680000	0.00100000
0.05110000	0.09830000
0.07280000	0.09170000
0.06390000	0.02170000
0.06000000	0.05410000
0.08300000	0.09040000
0.15320000	0.07870000
0.10090000	0.00090000
0.26820000	0.25140000
2.09440000	6.25700000
0.37030000	1.27730000
0.22990000	1.14750000
0.15320000	0.98300000
0.14050000	0.85190000
0.17880000	0.79300000
0.14050000	0.66310000
0.10340000	0.59540000
0.08050000	0.54080000
0.07410000	0.49630000
0.06510000	0.46000000
0.05750000	0.43000000
0.05110000	0.40510000
0.04850000	0.38430000
0.04730000	0.36660000
0.04600000	0.35140000
0.04600000	0.33830000
0.04340000	0.32680000
0.04470000	0.31660000
0.04600000	0.30740000
0.04470000	0.29910000
0.04210000	0.29150000
0.04210000	0.28440000
0.04090000	0.27780000
0.04090000	0.27150000
0.03960000	0.26560000
0.03960000	0.26000000
0.03960000	0.25460000
0.03830000	0.24940000
0.03960000	0.24430000
0.03700000	0.23950000
0.03580000	0.23470000
0.03830000	0.23010000
0.03830000	0.22560000
0.03830000	0.22130000
0.03830000	0.21700000
0.03700000	0.21280000
0.03580000	0.20870000
0.03580000	0.20470000
0.03580000	0.20080000
0.03580000	0.19700000
0.03580000	0.19320000
0.03450000	0.18950000
0.03320000	0.18590000
0.03060000	0.18240000
0.02680000	0.17900000
0.02430000	0.17550000
0.02170000	0.17210000
0.02170000	0.16890000
0.02170000	0.16570000
0.02170000	0.16250000
0.02430000	0.15940000
0.02550000	0.15640000
0.02430000	0.15340000
0.02300000	0.15050000
0.02170000	0.14770000
0.01920000	0.14480000
0.01790000	0.14210000
0.01530000	0.13940000
0.01400000	0.13670000
0.01240000	0.13410000
0.01110000	0.13160000
0.01060000	0.12910000
0.00970000	0.12660000
0.00910000	0.12420000
0.00820000	0.12190000
0.00720000	0.11960000
0.00630000	0.11730000
0.00490000	0.11510000
0.00450000	0.11290000
0.00410000	0.11070000
0.00380000	0.10860000
0.00330000	0.10660000
0.00320000	0.10450000
0.00290000	0.10260000
0.00220000	0.10060000
0.00200000	0.09870000
0.00170000	0.09680000
0.00130000	0.09500000
0.00090000	0.09320000
0.00090000	0.09140000
0.00040000	0.08970000
0.00000000	0.08800000
0.00000000	0.08630000
0.00000000	0.08470000
0.00000000	0.08300000
0.00000000	0.08150000
0.00000000	0.07990000
0.00000000	0.07840000
0.00000000	0.07690000
0.00000000	0.07550000
0.00000000	0.07400000
0.00000000	0.07260000
0.00000000	0.07120000
0.00000000	0.06990000
0.00000000	0.06850000
0.00000000	0.06720000
0.00000000	0.06600000
0.00000000	0.06470000
0.00000000	0.06350000
0.00000000	0.06230000
0.00000000	0.06110000
0.00000000	0.05990000
0.00000000	0.05880000
0.00000000	0.05770000
0.00000000	0.05660000
0.00000000	0.05550000
0.00000000	0.05450000
0.00000000	0.05340000
0.00000000	0.05240000
0.00000000	0.05140000
0.00000000	0.05040000
0.00000000	0.04950000
0.00000000	0.04850000
0.00000000	0.04760000
0.00000000	0.04670000
0.00000000	0.04580000
0.00000000	0.04490000
0.00000000	0.04410000
0.00000000	0.04330000
0.00000000	0.04240000
0.00000000	0.04160000
0.00000000	0.04080000
0.00000000	0.04010000
0.00000000	0.03930000
0.00000000	0.03860000
0.00000000	0.03780000
0.00000000	0.03710000
0.00000000	0.03640000
0.00000000	0.03570000
0.00000000	0.03500000
0.00000000	0.03440000
0.00000000	0.03370000
0.00000000	0.03310000
0.00000000	0.03240000
0.00000000	0.03180000
0.00000000	0.03120000
0.00000000	0.03060000
0.00000000	0.03000000
0.00000000	0.02950000
0.00000000	0.02890000
0.00000000	0.02840000
0.00000000	0.02780000
0.00000000	0.02730000
0.00000000	0.02680000
0.00000000	0.02630000
0.00000000	0.02580000
0.00000000	0.02530000
0.00000000	0.02480000
0.00000000	0.02430000
0.00000000	0.02390000
0.00000000	0.02340000
0.00000000	0.02300000
0.00000000	0.02250000
0.00000000	0.02210000
0.00000000	0.02170000
0.00000000	0.02130000
0.00000000	0.02090000
0.00000000	0.02050000
0.00000000	0.02010000
0.00000000	0.01970000
0.00000000	0.01930000
0.00000000	0.01900000
0.00000000	0.01860000
0.00000000	0.01820000
0.00000000	0.01790000
0.00000000	0.01760000
0.00000000	0.01720000
0.00000000	0.01690000
0.00000000	0.01660000
0.00000000	0.01630000
0.00000000	0.01600000
0.00000000	0.01570000
0.00000000	0.01540000
0.00000000	0.01510000
0.00000000	0.01480000
0.00000000	0.01450000
0.00000000	0.01420000
0.00000000	0.01390000
0.00000000	0.01370000
0.00000000	0.01340000
0.00000000	0.01320000
0.00000000	0.01290000
0.00000000	0.01270000
0.00000000	0.01240000
0.00000000	0.01220000
0.00000000	0.01200000
0.00000000	0.01170000
0.00000000	0.01150000
0.00000000	0.01130000
0.00000000	0.01110000
0.00000000	0.01090000
0.00000000	0.01070000
0.00000000	0.01050000
0.00000000	0.01030000
0.00000000	0.01010000
0.00000000	0.00990000
0.00000000	0.00970000
0.00000000	0.00950000
0.00000000	0.00930000
0.00000000	0.00910000
0.00000000	0.00900000
0.00000000	0.00880000
0.00000000	0.00860000
0.00000000	0.00850000
0.00000000	0.00830000
0.00000000	0.00820000
0.00000000	0.00800000
0.00000000	0.00780000
0.00000000	0.00770000
0.00000000	0.00750000
0.00000000	0.00740000
0.00000000	0.00730000
0.00000000	0.00710000
0.00000000	0.00700000
0.00000000	0.00690000
0.00000000	0.00670000
0.00000000	0.00660000
0.00000000	0.00650000
0.00000000	0.00640000
0.00000000	0.00620000
0.00000000	0.00610000
0.00000000	0.00600000
0.00000000	0.00590000
0.00000000	0.00580000
0.00000000	0.00570000
0.00000000	0.00560000
0.00000000	0.00540000
0.00000000	0.00530000
0.00000000	0.00520000
0.00000000	0.00510000
0.00000000	0.00500000
0.00000000	0.00500000
0.00000000	0.00490000
0.00000000	0.13630000
0.00000000	0.10310000
0.00000000	0.11020000
0.79180000	0.34370000
0.10340000	0.00440000
0.00970000	0.00430000
0.00000000	0.00420000
0.00000000	0.00420000
0.00000000	0.00410000
0.00730000	0.00400000
0.38310000	0.21400000
0.09070000	0.05510000
0.04210000	0.00380000
0.02550000	0.00370000
0.00280000	0.00360000
0.00000000	0.00360000
0.00000000	0.00350000
0.00000000	0.00340000
0.00000000	0.03520000
0.00000000	0.01270000
0.00000000	0.00320000
0.00000000	0.00320000
0.00000000	0.00310000
0.00000000	0.00310000
0.00000000	0.00300000
0.00000000	0.00290000
0.00000000	0.00290000
0.00000000	0.00280000
0.00000000	0.00280000
0.00000000	0.00270000
0.00000000	0.00270000
0.00000000	0.00260000
0.00010000	0.00260000
0.00090000	0.00250000
0.00230000	0.00250000
0.00270000	0.00240000
0.00280000	0.00240000
0.00470000	0.00230000
0.00610000	0.00230000
0.00650000	0.00230000
0.00730000	0.00220000
0.00820000	0.00220000
0.00930000	0.01210000
0.00930000	0.00210000
0.00950000	0.00200000
0.01010000	0.00200000
0.01110000	0.00200000
0.01280000	0.00190000
0.01280000	0.00190000
0.01530000	0.06450000
0.01530000	0.00180000
0.01530000	0.02750000
0.01660000	0.03020000
0.02040000	0.00170000
0.01660000	0.00170000
0.01660000	0.00170000
0.01660000	0.00160000
0.01530000	0.00160000
0.01530000	0.00160000
0.01530000	0.00150000
0.01530000	0.00150000
0.01530000	0.00150000
0.01530000	0.00150000
0.01530000	0.00140000
0.01660000	0.00140000
0.01660000	0.00140000
0.01660000	0.00130000
0.01660000	0.00130000
0.01660000	0.00130000
0.01660000	0.00130000
0.01660000	0.00120000
0.04850000	0.13010000
5.31260000	5.17490000
2.14550000	4.13870000
1.40480000	1.59410000
8.28820000	2.38040000
3.74180000	1.82290000
3.58860000	2.13300000
3.90780000	7.24420000
3.56300000	3.83500000
3.48640000	2.39690000
3.47360000	2.16860000
3.44810000	3.97860000
13.02610000	7.25970000
37.16270000	16.00620000
17.75120000	18.01640000
6.71740000	10.79510000
4.35480000	4.31980000
3.78010000	3.87370000
3.21820000	3.44490000
2.84790000	3.09960000
2.59240000	2.82010000
2.31150000	2.59280000
2.10720000	2.40660000
1.96670000	2.25290000
1.82620000	2.12510000
1.68570000	2.01770000
1.55800000	1.92660000
1.44310000	1.84830000
1.34090000	1.78040000
1.23880000	1.72080000
1.13660000	1.68350000
1.04720000	1.63000000
0.97060000	1.60430000
0.93230000	1.55580000
0.86840000	1.49960000
0.81730000	1.46490000
0.77900000	1.43220000
0.74070000	1.40120000
0.72790000	1.37150000
0.68960000	1.34310000
0.67680000	1.31570000
0.66410000	1.28920000
0.63850000	1.26350000
0.61300000	1.23860000
0.60020000	1.21440000
0.58750000	1.19070000
0.63850000	1.22960000
0.63850000	1.15370000
0.57470000	1.12310000
0.56190000	1.10150000
0.53640000	1.08040000
0.54910000	1.08890000
0.65130000	1.10810000
1.23880000	4.30220000
3.58860000	8.91100000
4.45700000	7.51620000
29.37260000	16.65140000
9.61630000	12.59550000
6.57690000	9.21220000
4.04830000	3.45510000
3.33310000	3.17300000
3.02670000	2.85590000
2.73290000	2.59930000
2.47750000	2.42180000
2.23490000	2.21930000
2.03050000	2.08560000
1.92840000	1.96910000
1.81340000	1.91220000
1.71130000	1.83030000
1.58360000	1.80700000
1.53250000	1.94820000
1.48140000	1.84380000
1.39200000	1.75570000
1.35370000	1.68050000
1.30260000	1.61560000
1.25150000	1.55890000
1.20040000	1.50880000
1.14940000	1.46400000
1.07270000	1.42350000
1.02170000	1.38640000
0.98330000	1.35220000
0.99610000	1.32030000
1.16210000	1.35300000
1.14940000	1.27080000
0.98330000	1.23490000
2.14550000	1.31470000
3.06500000	2.55010000
2.14550000	1.73000000
1.77510000	1.78790000
1.54530000	1.66370000
1.36650000	1.56110000
1.25150000	1.51260000
1.16210000	1.40320000
1.08550000	1.34180000
1.03440000	1.28890000
0.99610000	1.24280000
0.95780000	1.20220000
0.97060000	1.16590000
0.94500000	1.13360000
0.88120000	1.10330000
0.84290000	1.07580000
0.81730000	1.05020000
0.80460000	1.02620000
0.79180000	1.00350000
0.75350000	0.98190000
0.71520000	0.96120000
0.70240000	0.94140000
0.67680000	0.92220000
0.65130000	0.90380000
0.63850000	0.88580000
0.61300000	0.86840000
0.60020000	0.85140000
0.58750000	0.83480000
0.57470000	0.81870000
0.56190000	0.80290000
0.53640000	0.78750000
0.52360000	0.77240000
0.52360000	0.75760000
0.51080000	0.74310000
0.49810000	0.72890000
0.48530000	0.71500000
0.47250000	0.70140000
0.57470000	0.77610000
0.53640000	0.67490000
0.47250000	0.66210000
0.45970000	0.64950000
0.43420000	0.63710000
0.42140000	0.62500000
0.42140000	0.61310000
0.52360000	0.66600000
0.70240000	0.73960000
0.51080000	0.57880000
0.45970000	0.56780000
0.47250000	0.57700000
0.45970000	0.54640000
0.43420000	0.53600000
0.40870000	0.52590000
0.39590000	0.51590000
0.38310000	0.50610000
0.37030000	0.49640000
0.35760000	0.48700000
0.35760000	0.47780000
0.35760000	0.46870000
0.34480000	0.45980000
0.33200000	0.45100000
0.33200000	0.44250000
0.30650000	0.43410000
0.29370000	0.42580000
0.29370000	0.41770000
0.28100000	0.40980000
0.26820000	0.40200000
0.26820000	0.39440000
0.25540000	0.38690000
0.25540000	0.37950000
0.25540000	0.37230000
0.24260000	0.36520000
0.24260000	0.35830000
0.22990000	0.35150000
0.22990000	0.34480000
0.22990000	0.33830000
0.21710000	0.33180000
0.22990000	0.32550000
0.22990000	0.31930000
0.22990000	0.31330000
0.21710000	0.30730000
0.21710000	0.30150000
0.20430000	0.29580000
0.20430000	0.29010000
0.19160000	0.28460000
0.17880000	0.27920000
0.16600000	0.27390000
0.16600000	0.26870000
0.16600000	0.26360000
0.16600000	0.25860000
0.16600000	0.25370000
0.16600000	0.24890000
0.15320000	0.24410000
0.14050000	0.23950000
0.14050000	0.23490000
0.14050000	0.23050000
0.12770000	0.22610000
0.14050000	0.22180000
0.15320000	0.21760000
0.15320000	0.21350000
0.14050000	0.20940000
0.14050000	0.20540000
0.12770000	0.20150000
0.12640000	0.19770000
0.12260000	0.19390000
0.11750000	0.19020000
0.11620000	0.18660000
0.11370000	0.18310000
0.10980000	0.17960000
0.10600000	0.17620000
0.10470000	0.17280000
0.10340000	0.16960000
0.09580000	0.16630000
0.08430000	0.16320000
0.08050000	0.16010000
0.07660000	0.15700000
0.07280000	0.15410000
0.06900000	0.15110000
0.06510000	0.14830000
0.06130000	0.14540000
0.05750000	0.14270000
0.05360000	0.14000000
0.05110000	0.13730000
0.04850000	0.13470000
0.04600000	0.13210000
0.04340000	0.12960000
0.04210000	0.12720000
0.04340000	0.12470000
0.04210000	0.12240000
0.03830000	0.12010000
0.03700000	0.11780000
0.03700000	0.11550000
0.03580000	0.11330000
0.03580000	0.11120000
0.03580000	0.10910000
0.03320000	0.10700000
0.03190000	0.10500000
0.03190000	0.10300000
0.02940000	0.10100000
0.02550000	0.09910000
0.02430000	0.09720000
0.02300000	0.09540000
0.02170000	0.09360000
0.02040000	0.09180000
0.02040000	0.09000000
0.02300000	0.08830000
0.02810000	0.08660000
0.03320000	0.08500000
0.03830000	0.08340000
0.03830000	0.08180000
0.03580000	0.08020000
0.03580000	0.07870000
0.03320000	0.07720000
0.03190000	0.07580000
0.02810000	0.07430000
0.02430000	0.07290000
0.02040000	0.07150000
0.02040000	0.07020000
0.01530000	0.06880000
0.01260000	0.06750000
0.01100000	0.06620000
0.00950000	0.06500000
0.00790000	0.06370000
0.00650000	0.06250000
0.00520000	0.06130000
0.00640000	0.06020000
0.00550000	0.05900000
0.00450000	0.05790000
0.00380000	0.05680000
0.00260000	0.05570000
0.00140000	0.05470000
0.00190000	0.05360000
0.00270000	0.05260000
0.00430000	0.05160000
0.00800000	0.05060000
0.01400000	0.04970000
0.02040000	0.04870000
0.02680000	0.04780000
0.03190000	0.04690000
0.03450000	0.04600000
0.03450000	0.04510000
0.03190000	0.04430000
0.02810000	0.04340000
0.02040000	0.04260000
0.01790000	0.04180000
0.01400000	0.04100000
0.01090000	0.04020000
0.01280000	0.03950000
0.01530000	0.03870000
0.01530000	0.04800000
0.01790000	0.03730000
0.02040000	0.03650000
0.01920000	0.03590000
0.01030000	0.03520000
0.00540000	0.03450000
0.00450000	0.03380000
0.00600000	0.03320000
0.00750000	0.03260000
0.00510000	0.03200000
0.00340000	0.03130000
0.00190000	0.03080000
0.00170000	0.03020000
0.00570000	0.02960000
0.00750000	0.02900000
0.00560000	0.02850000
0.00360000	0.02790000
0.00400000	0.02740000
0.00090000	0.02690000
0.00090000	0.02640000
0.00220000	0.02590000
0.00790000	0.07540000
0.03060000	0.08350000
0.03830000	0.02440000
0.03450000	0.02400000
0.03060000	0.02350000
0.02680000	0.02310000
0.02550000	0.02260000
0.02300000	0.02220000
0.02550000	0.02180000
0.02810000	0.02140000
0.02810000	0.02100000
0.03060000	0.02060000
0.02810000	0.02020000
0.02680000	0.01980000
0.02550000	0.01940000
0.02040000	0.01900000
0.01920000	0.01870000
0.01920000	0.01830000
0.02040000	0.01800000
0.02300000	0.01760000
0.02170000	0.01730000
0.02040000	0.01700000
0.01920000	0.01660000
0.05750000	0.13540000
0.09960000	0.06990000
0.06770000	0.01570000
0.05110000	0.01540000
0.04470000	0.01510000
0.03960000	0.01480000
0.03320000	0.01460000
0.03060000	0.01430000
0.03060000	0.01400000
0.03060000	0.01370000
0.03060000	0.01350000
0.02940000	0.01320000
0.02940000	0.01300000
0.02940000	0.01270000
0.02810000	0.01250000
0.02940000	0.01220000
0.02940000	0.01200000
0.02940000	0.01180000
0.02810000	0.01160000
0.02940000	0.01130000
0.03190000	0.01110000
0.03320000	0.01090000
0.03320000	0.01070000
0.04980000	0.07220000
0.07920000	0.03520000
0.05620000	0.01010000
0.04730000	0.00990000
0.04470000	0.00970000
0.04340000	0.00950000
0.04090000	0.00940000
0.03960000	0.00920000
0.03960000	0.00900000
0.03830000	0.00880000
0.03830000	0.00870000
0.03830000	0.00850000
0.03960000	0.00830000
0.03960000	0.00820000
0.04090000	0.00800000
0.04210000	0.00790000
0.04210000	0.00770000
0.04210000	0.00760000
0.04210000	0.00740000
0.04090000	0.00730000
0.04090000	0.00720000
0.03960000	0.00700000
0.03960000	0.00690000
0.03960000	0.00680000
0.04470000	0.02720000
0.04980000	0.00650000
0.04730000	0.00640000
0.04470000	0.00630000
0.04470000	0.00610000
0.07790000	0.11120000
0.21710000	0.18040000
5.04440000	0.56140000
1.60910000	2.95260000
0.63850000	0.58670000
0.29370000	0.56030000
0.20430000	0.47920000
0.17880000	0.41470000
0.15320000	0.36310000
0.14050000	0.32170000
0.12770000	0.28850000
0.12130000	0.26160000
0.12000000	0.23980000
0.11110000	0.22200000
0.11880000	0.24100000
0.12130000	0.22100000
0.10860000	0.18490000
0.10730000	0.17630000
0.10730000	0.19330000
0.10600000	0.16250000
0.10090000	0.15690000
0.09960000	0.15190000
0.09830000	0.14750000
0.09710000	0.14350000
0.09320000	0.13980000
0.09070000	0.13640000
0.09070000	0.13320000
0.09070000	0.13020000
0.09070000	0.12730000
0.09070000	0.12460000
0.08940000	0.12200000
0.08680000	0.11950000
0.08560000	0.11710000
0.08430000	0.11480000
0.08300000	0.11250000
0.08300000	0.11030000
0.08170000	0.10810000
0.07660000	0.10600000
0.07530000	0.10400000
0.07530000	0.10200000
0.07530000	0.10000000
0.07530000	0.09810000
0.07530000	0.09620000
0.07530000	0.09440000
0.07410000	0.09260000
0.07280000	0.09090000
0.07280000	0.08910000
0.07530000	0.08740000
0.08170000	0.15980000
0.09830000	0.12570000
0.10600000	0.11150000
0.09830000	0.08090000
0.08940000	0.07940000
0.08560000	0.07790000
0.08430000	0.07640000
0.08170000	0.07490000
0.07790000	0.07350000
0.07530000	0.07210000
0.10980000	0.20930000
2.31150000	6.49150000
0.57470000	1.00270000
0.48530000	0.93140000
0.66410000	2.18220000
0.57470000	1.07640000
0.45970000	0.98770000
0.60020000	0.91100000
0.74070000	0.78410000
0.44700000	0.73050000
0.33200000	0.67270000
0.30650000	0.63200000
0.30650000	0.57290000
0.30650000	0.53100000
0.29370000	1.31670000
0.28100000	0.78230000
0.26820000	0.79800000
0.25540000	0.69010000
0.30650000	0.69430000
0.35760000	0.64160000
0.30650000	0.59830000
0.29370000	0.56250000
0.31930000	0.58730000
0.29370000	0.50710000
0.26820000	0.48550000
0.25540000	0.46690000
0.26820000	0.45050000
0.30650000	0.43610000
0.28100000	0.42320000
1.12380000	0.54910000
1.32820000	1.99450000
0.71520000	0.78120000
0.57470000	0.88340000
0.67680000	0.92880000
0.57470000	0.88840000
2.17100000	3.43240000
9.85900000	11.72450000
6.56410000	9.67480000
3.49920000	4.48790000
2.60520000	2.37590000
2.20930000	2.22540000
2.03050000	1.93560000
1.89010000	1.79640000
1.76240000	1.67970000
1.63460000	1.49730000
1.51970000	1.41840000
1.40480000	1.35190000
1.31540000	1.31990000
1.23880000	1.22960000
1.16210000	1.22700000
1.06000000	1.15430000
0.98330000	1.10120000
0.91950000	1.05570000
0.85560000	1.01630000
0.83010000	0.98170000
0.84290000	0.99280000
0.77900000	0.92350000
0.74070000	0.89850000
0.75350000	0.90710000
0.71520000	0.85420000
0.67680000	0.83440000
0.65130000	0.81560000
0.62580000	0.79790000
0.60020000	0.78090000
0.58750000	0.76470000
0.57470000	0.74900000
0.56190000	0.73390000
0.54910000	0.71930000
0.53640000	0.70510000
0.52360000	0.69120000
0.49810000	0.67780000
0.47250000	0.66460000
0.45970000	0.65180000
0.44700000	0.63920000
0.42140000	0.62700000
0.42140000	0.61500000
0.39590000	0.60320000
0.38310000	0.59170000
0.38310000	0.58040000
0.37030000	0.56930000
0.34480000	0.55850000
0.34480000	0.54780000
0.34480000	0.53740000
0.35760000	0.62930000
0.53640000	0.71680000
0.38310000	0.50730000
0.34480000	0.49770000
0.33200000	0.48830000
0.30650000	0.47890000
0.30650000	0.46980000
0.29370000	0.46090000
0.29370000	0.45210000
0.28100000	0.44350000
0.26820000	0.43510000
0.25540000	0.42680000
0.24260000	0.41870000
0.22990000	0.41080000
0.21710000	0.40300000
0.20430000	0.39530000
0.20430000	0.38780000
0.20430000	0.38040000
0.19160000	0.37320000
0.19160000	0.36610000
0.19160000	0.35920000
0.19160000	0.35230000
0.20430000	0.34560000
0.19160000	0.33910000
0.17880000	0.33260000
0.17880000	0.32630000
0.16600000	0.32010000
0.15320000	0.31400000
0.14050000	0.30810000
0.14050000	0.30220000
0.14050000	0.29650000
0.14050000	0.29080000
0.12520000	0.28530000
0.12000000	0.27990000
0.11240000	0.27460000
0.10730000	0.26930000
0.10470000	0.26420000
0.10860000	0.25920000
0.10340000	0.25430000
0.09320000	0.24950000
0.08940000	0.24470000
0.08680000	0.24010000
0.08170000	0.23550000
0.07530000	0.23100000
0.07660000	0.22660000
0.07530000	0.22230000
0.07530000	0.21810000
0.07790000	0.21400000
0.07150000	0.20990000
0.06770000	0.20590000
0.06130000	0.20200000
0.05490000	0.19820000
0.04850000	0.19440000
0.04980000	0.19070000
0.04850000	0.18710000
0.04730000	0.18350000
0.04210000	0.18000000
0.03960000	0.17660000
0.04090000	0.17330000
0.04090000	0.17000000
0.03960000	0.16670000
0.03700000	0.16360000
0.03320000	0.16050000
0.02680000	0.15740000
0.02300000	0.15440000
0.01790000	0.15150000
0.01660000	0.14860000
0.01660000	0.14580000
0.01660000	0.14300000
0.01660000	0.14030000
0.01790000	0.13760000
0.02040000	0.13500000
0.02430000	0.13250000
0.02680000	0.12990000
0.02680000	0.12750000
0.02680000	0.12500000
0.02680000	0.12270000
0.02680000	0.12030000
0.02680000	0.11810000
0.02680000	0.11580000
0.02430000	0.11360000
0.01920000	0.11150000
0.01530000	0.10930000
0.01400000	0.10730000
0.01400000	0.10520000
0.01280000	0.10320000
0.01240000	0.10130000
0.01140000	0.09930000
0.01120000	0.09740000
0.01120000	0.09560000
0.01000000	0.09380000
0.00950000	0.09200000
0.00920000	0.09030000
0.00680000	0.08850000
0.00370000	0.08690000
0.00230000	0.08520000
0.00190000	0.08360000
0.00200000	0.08200000
0.00230000	0.08040000
0.00240000	0.07890000
0.00270000	0.07740000
0.00280000	0.07590000
0.00240000	0.07450000
0.00240000	0.07310000
0.00260000	0.07170000
0.00230000	0.07030000
0.00280000	0.06900000
0.00260000	0.06770000
0.00260000	0.06640000
0.00190000	0.06510000
0.00180000	0.06390000
0.00150000	0.06270000
0.00140000	0.06150000
0.00130000	0.06030000
0.00100000	0.05920000
0.00100000	0.05810000
0.00100000	0.05700000
0.00100000	0.05590000
0.00090000	0.05480000
0.00090000	0.05380000
0.00080000	0.05270000
0.00080000	0.05170000
0.00080000	0.05080000
0.00060000	0.04980000
0.00060000	0.04880000
0.00060000	0.04790000
0.00050000	0.04700000
0.00050000	0.04610000
0.00050000	0.04520000
0.00040000	0.04440000
0.00040000	0.04350000
0.00040000	0.04270000
0.00030000	0.04190000
0.00030000	0.04110000
0.00040000	0.07660000
0.00050000	0.03960000
0.00050000	0.03880000
0.00050000	0.04350000
0.00040000	0.03730000
0.00040000	0.03660000
0.00030000	0.03590000
0.00010000	0.03530000
0.00010000	0.03460000
0.00010000	0.03390000
0.00010000	0.03330000
0.00030000	0.03270000
0.02300000	0.04440000
0.01920000	0.03140000
0.01660000	0.03080000
0.01660000	0.03020000
0.01660000	0.02970000
0.01400000	0.02910000
0.01150000	0.02850000
0.01000000	0.02800000
0.00790000	0.02750000
0.00650000	0.02700000
0.00590000	0.02640000
0.00470000	0.02590000
0.00450000	0.02540000
0.00370000	0.02500000
0.00310000	0.02450000
0.00240000	0.02400000
0.00290000	0.02360000
0.00410000	0.02310000
0.00550000	0.02270000
0.00720000	0.02220000
0.00750000	0.02180000
0.00890000	0.02140000
0.00860000	0.02100000
0.00790000	0.02060000
0.00640000	0.02020000
0.00520000	0.01980000
0.00520000	0.01950000
0.00550000	0.01910000
0.00550000	0.01870000
0.00690000	0.01840000
0.00750000	0.01800000
0.00730000	0.01770000
0.00800000	0.01730000
0.00880000	0.01700000
0.00950000	0.01670000
0.00910000	0.01640000
0.00820000	0.01610000
0.00750000	0.01580000
0.00750000	0.01550000
0.00750000	0.01520000
0.00750000	0.01490000
0.00800000	0.01460000
0.00890000	0.01430000
0.01090000	0.01400000
0.01530000	0.04870000
0.01660000	0.01350000
0.01790000	0.01330000
0.01920000	0.01300000
0.01920000	0.01280000
0.01920000	0.01250000
0.01660000	0.01230000
0.01660000	0.01200000
0.01660000	0.01180000
0.01660000	0.01160000
0.01660000	0.01140000
0.01660000	0.01120000
0.01660000	0.08310000
0.03450000	0.13940000
0.04730000	0.04560000
0.03700000	0.01030000
0.03190000	0.01010000
0.03060000	0.00990000
0.02940000	0.00980000
0.02940000	0.02220000
0.02940000	0.00940000
0.02940000	0.00920000
0.03060000	0.00900000
0.03060000	0.00890000
0.03060000	0.00870000
0.03190000	0.04860000
0.03060000	0.00840000
0.03060000	0.00820000
0.02940000	0.00800000
0.02940000	0.00790000
0.03320000	0.05360000
0.03580000	0.00760000
0.03580000	0.00750000
0.03450000	0.00730000
0.03320000	0.00720000
0.03320000	0.00700000
0.03190000	0.00690000
0.03060000	0.00680000
0.03060000	0.00660000
0.03060000	0.00650000
0.03060000	0.00640000
0.03060000	0.00630000
0.03060000	0.00620000
0.03060000	0.00600000
0.03060000	0.00590000
0.02940000	0.00580000
0.02940000	0.00570000
0.03060000	0.00560000
0.03060000	0.00550000
0.03060000	0.00540000
0.03060000	0.00530000
0.03060000	0.07200000
0.03060000	0.00510000
0.03060000	0.00500000
0.03060000	0.00490000
0.03060000	0.00480000
0.03060000	0.00470000
0.03060000	0.00460000
0.03060000	0.00450000
0.03060000	0.00440000
0.03060000	0.00440000
0.03190000	0.08480000
0.06130000	0.16880000
0.07790000	0.09500000
0.06390000	0.00400000
0.06130000	0.04420000
0.05490000	0.00390000
0.04980000	0.00380000
0.04730000	0.00370000
0.04600000	0.00370000
0.04210000	0.00360000
0.04210000	0.00350000
0.04210000	0.00350000
0.04210000	0.00340000
0.04210000	0.00330000
0.04210000	0.00330000
0.06130000	0.09260000
0.06390000	0.00310000
0.05360000	0.00310000
0.05240000	0.00300000
0.04980000	0.00300000
0.04730000	0.00290000
0.04340000	0.00290000
0.04210000	0.00280000
0.06900000	0.13600000
0.06510000	0.00270000
0.05750000	0.00260000
0.06260000	0.06470000
0.08300000	0.12400000
0.07410000	0.00250000
0.06510000	0.00250000
0.06130000	0.00240000
0.06770000	0.11550000
0.08300000	0.05000000
0.07410000	0.00230000
0.06770000	0.05970000
0.06390000	0.05060000
0.06130000	0.04340000
0.05750000	0.03770000
0.05490000	0.03310000
0.05360000	0.02940000
0.05240000	0.02640000
0.05110000	0.02400000
0.05110000	0.02210000
0.04850000	0.02050000
0.04470000	0.01920000
0.04470000	0.01810000
0.04470000	0.01720000
0.04340000	0.01640000
0.04090000	0.01570000
0.03960000	0.01510000
0.03960000	0.01460000
0.04090000	0.01420000
0.04210000	0.01380000
0.05110000	0.02800000
0.04600000	0.01310000
0.04210000	0.01270000
0.03960000	0.01240000
0.03830000	0.01220000
0.03700000	0.01190000
0.03700000	0.01320000
0.03830000	0.01150000
0.03700000	0.01120000
0.03450000	0.01100000
0.03320000	0.01070000
0.03190000	0.01050000
0.03060000	0.01040000
0.03060000	0.01010000
0.02940000	0.00990000
0.02810000	0.00970000
0.02550000	0.00950000
0.02680000	0.00940000
0.02680000	0.00920000
0.02680000	0.00900000
0.02550000	0.00880000
0.02430000	0.00870000
0.02170000	0.00850000
0.01920000	0.00830000
0.01790000	0.00820000
0.02040000	0.00800000
0.01920000	0.00790000
0.01790000	0.00770000
0.01790000	0.00760000
0.01660000	0.00740000
0.03960000	0.08090000
0.05110000	0.03340000
0.04600000	0.00700000
0.04210000	0.00910000
0.03960000	0.00670000
0.03320000	0.00660000
0.02940000	0.00650000
0.02550000	0.00640000
0.02170000	0.00630000
0.01660000	0.00610000
0.01400000	0.00600000
0.01200000	0.00590000
0.01140000	0.00580000
0.01160000	0.00570000
0.01140000	0.00560000
0.01190000	0.00550000
0.01030000	0.00540000
0.00880000	0.00530000
0.00690000	0.00520000
0.00590000	0.00510000
0.00560000	0.00500000
0.00490000	0.00490000
0.00450000	0.00480000
0.00430000	0.00470000
0.00430000	0.00460000
0.00360000	0.00450000
0.00340000	0.00440000
0.00330000	0.00430000
0.00320000	0.00430000
0.00310000	0.00420000
0.00260000	0.00410000
0.00200000	0.00400000
0.00180000	0.00390000
0.00180000	0.00390000
0.00170000	0.00380000
0.00150000	0.00370000
0.00150000	0.00370000
0.00150000	0.00360000
0.00140000	0.00350000
0.00110000	0.00340000
0.00100000	0.00340000
0.00100000	0.00330000
0.00100000	0.00330000
0.00100000	0.00320000
0.00100000	0.00310000
0.00090000	0.00310000
0.00080000	0.00300000
0.00080000	0.00300000
0.00080000	0.00290000
0.00060000	0.00280000
0.00050000	0.00280000
0.00050000	0.00270000
0.00040000	0.00270000
0.00040000	0.00260000
0.00040000	0.00260000
0.00040000	0.00250000
0.00040000	0.00250000
0.00040000	0.00240000
0.00040000	0.00240000
0.00040000	0.00230000
0.00030000	0.00230000
0.00030000	0.00230000
0.00030000	0.00220000
0.00030000	0.00220000
0.00010000	0.00210000
0.00010000	0.00210000
0.00010000	0.00210000
0.00010000	0.00200000
0.00010000	0.00200000
0.00010000	0.00190000
0.00010000	0.00190000
0.00010000	0.00190000
0.00000000	0.00180000
0.00000000	0.00180000
0.00000000	0.00180000
0.00000000	0.00170000
0.00000000	0.00170000
0.00000000	0.00170000
0.00000000	0.00160000
0.00000000	0.00160000
0.00000000	0.00160000
0.00000000	0.00150000
0.00000000	0.00150000
0.00000000	0.00150000
0.00000000	0.00150000
0.00000000	0.00140000
0.00000000	0.00140000
0.00000000	0.00140000
0.00000000	0.00130000
0.00000000	0.00130000
0.00000000	0.00130000
0.00000000	0.00130000
0.00000000	0.00120000
0.00000000	0.00120000
0.00000000	0.00120000
0.00000000	0.00120000
0.00000000	0.00120000
0.00000000	0.00110000
0.00000000	0.00110000
0.00000000	0.00110000
0.00000000	0.00110000
0.00000000	0.00100000
0.00000000	0.00100000
0.00000000	0.00100000
0.00000000	0.00100000
0.00000000	0.00100000
0.00000000	0.00100000
0.00000000	0.00090000
0.00000000	0.00090000
0.00000000	0.00090000
0.00000000	0.00090000
0.00000000	0.00090000
0.00000000	0.00090000
0.00000000	0.00080000
0.00000000	0.00080000
0.00000000	0.00080000
0.00000000	0.00080000
0.00000000	0.00080000
0.00000000	0.00080000
0.00000000	0.00070000
0.00000000	0.00070000
0.00000000	0.00070000
0.00000000	0.00070000
0.00000000	0.00070000
0.00000000	0.00070000
0.00000000	0.00070000
0.00000000	0.00060000
0.00000000	0.00060000
0.00000000	0.00060000
0.00000000	0.00060000
0.00000000	0.00060000
0.00000000	0.00060000
0.00000000	0.00060000
0.00000000	0.00060000
0.00000000	0.00060000
0.00000000	0.00050000
0.00000000	0.00050000
0.00000000	0.00050000
0.00000000	0.00050000
0.00000000	0.00050000
0.00000000	0.00050000
0.00000000	0.00050000
0.00000000	0.00050000
0.00000000	0.00050000
0.00000000	0.00050000
0.00000000	0.00050000
0.00000000	0.00040000
0.00000000	0.00040000
0.00000000	0.00040000
0.00000000	0.00040000
0.00000000	0.00040000
0.00000000	0.00040000
0.00000000	0.00040000
0.00000000	0.00040000
0.00000000	0.00040000
0.00000000	0.09820000
0.00000000	0.00040000
0.00000000	0.00040000
0.00000000	0.00040000
0.00000000	0.00030000
0.00000000	0.00030000
0.00000000	0.00030000
0.00000000	0.00030000
0.00000000	0.00030000
0.00000000	0.00030000
0.00000000	0.00030000
0.00000000	0.00030000
0.00000000	0.00030000
0.00000000	0.00030000
0.00000000	0.00030000
0.00000000	0.00030000
0.00000000	0.00030000
0.00000000	0.00030000
0.00000000	0.00030000
0.00000000	0.00030000
0.00000000	0.00030000
0.00000000	0.02560000
0.00000000	0.00020000
0.00000000	0.00020000
0.00000000	0.00020000
0.00000000	0.01180000
0.00000000	0.00020000
0.00000000	0.00020000
0.00000000	0.00020000
0.00000000	0.00020000
0.00000000	0.00020000
0.00000000	0.00020000
0.00000000	0.00020000
0.00000000	0.00020000
0.00000000	0.00020000
0.00000000	0.00020000
0.00000000	0.00020000
0.00000000	0.00020000
0.00000000	0.00020000
0.00000000	0.00020000
0.00000000	0.00020000
0.00000000	0.00020000
0.00000000	0.00020000
0.00000000	0.00020000
0.00000000	0.00020000
0.00000000	0.00020000
0.00000000	0.00020000
0.00000000	0.00020000
0.00000000	0.00010000
0.00000000	0.00010000
0.00000000	0.00010000
0.00000000	0.02470000
0.00000000	0.00010000
0.00000000	0.00010000
0.00000000	0.00010000
0.00000000	0.00010000
0.00000000	0.00010000
0.00000000	0.00010000
0.00000000	0.00010000
0.00000000	0.00010000
0.00000000	0.00010000
0.00000000	0.00010000
0.00000000	0.00010000
0.00000000	0.00010000
0.00000000	0.00010000
0.00000000	0.00010000
0.00000000	0.00010000
0.00000000	0.00010000
0.00000000	0.00010000
0.00000000	0.00010000
0.00000000	0.00010000
0.00000000	0.00010000
0.00000000	0.00010000
0.00000000	0.00010000
0.00000000	0.00010000
0.00000000	0.00010000
0.00000000	0.04480000
0.00000000	0.02130000
0.00000000	0.00010000
0.00000000	0.00010000
0.00000000	0.00010000
0.00000000	0.00010000
0.00000000	0.00010000
0.00000000	0.00010000
0.00000000	0.00010000
0.00000000	0.00010000
0.00000000	0.00010000
0.40870000	0.18270000
0.57470000	0.23670000
0.16600000	0.00010000
0.14050000	0.00010000
0.09580000	0.00010000
0.07790000	0.00010000
0.06640000	0.00010000
0.05490000	0.00010000
0.05490000	0.00010000
0.04850000	0.00010000
0.04470000	0.00010000
0.04340000	0.00010000
0.03700000	0.00010000
0.03320000	0.00010000
0.03060000	0.00010000
0.02810000	0.00010000
0.02300000	0.00010000
1.31540000	0.09650000
2.23490000	0.49730000
3.92060000	0.47910000
0.84290000	0.99410000
0.33200000	0.73500000
0.29370000	0.75030000
0.20430000	0.67150000
0.25540000	0.65100000
0.21710000	0.56810000
0.19160000	0.50180000
0.16600000	0.44850000
0.14050000	0.40550000
0.12520000	0.37060000
0.12770000	0.34210000
0.12520000	0.31870000
0.12520000	0.29940000
0.12260000	0.28320000
0.11750000	0.26960000
0.16600000	0.34340000
4.81450000	6.98580000
2.26040000	7.38700000
8.51800000	5.16420000
3.63960000	3.62300000
35.63020000	8.64830000
10.33150000	8.24030000
2.89890000	3.09760000
1.89010000	2.78650000
1.48140000	2.45930000
1.28980000	2.19640000
1.11100000	1.98430000
3.01390000	1.89820000
1.46860000	1.82910000
1.11100000	1.74360000
0.94500000	1.65120000
0.89390000	1.54310000
0.95780000	1.45330000
0.88120000	1.37800000
0.81730000	1.31430000
0.81730000	1.25970000
0.81730000	1.21250000
0.83010000	1.17110000
0.88120000	1.13440000
0.85560000	1.10140000
0.80460000	1.07150000
0.81730000	1.04400000
0.95780000	1.01860000
1.09830000	0.99490000
1.25150000	0.99570000
1.20040000	0.95130000
1.20040000	0.96760000
1.06000000	0.95360000
1.86450000	1.01260000
1.22600000	1.03860000
1.14940000	1.04730000
1.06000000	1.04290000
0.94500000	0.99590000
0.91950000	0.95560000
0.98330000	0.92060000
0.95780000	0.88980000
0.95780000	0.86240000
0.95780000	0.83780000
0.75350000	0.81530000
0.58750000	0.79470000
0.58750000	0.77560000
0.60020000	0.75770000
0.65130000	0.74080000
0.66410000	0.72470000
0.70240000	0.70940000
0.81730000	0.69470000
0.97060000	0.68050000
0.76620000	0.66680000
0.45970000	0.65350000
0.38310000	0.64070000
0.44700000	0.62810000
0.45970000	0.61590000
0.44700000	0.60400000
0.43420000	0.59230000
0.49810000	0.58090000
0.45970000	0.56970000
0.49810000	0.55880000
0.54910000	0.54810000
0.51080000	0.53770000
0.57470000	0.52740000
0.60020000	0.51740000
0.62580000	0.50750000
0.68960000	0.49780000
0.89390000	0.48840000
0.99610000	0.47910000
0.95780000	0.47000000
0.88120000	0.46100000
0.98330000	0.47590000
0.80460000	0.44360000
0.94500000	0.43520000
0.81730000	0.42690000
0.66410000	0.41880000
0.61300000	0.41090000
0.48530000	0.40310000
0.43420000	0.39540000
0.44700000	0.38790000
0.44700000	0.38050000
0.37030000	0.37330000
0.33200000	0.36620000
0.34480000	0.35920000
0.28100000	0.35240000
0.29370000	0.34570000
0.34480000	0.33920000
0.40870000	0.33270000
0.43420000	0.32640000
0.48530000	0.32020000
0.51080000	0.31410000
0.53640000	0.30810000
0.51080000	0.30230000
0.45970000	0.29650000
0.29370000	0.29090000
0.22990000	0.28540000
0.20430000	0.28000000
0.19160000	0.27460000
0.20430000	0.26940000
0.21710000	0.26430000
0.19160000	0.25930000
0.17880000	0.25430000
0.17880000	0.24950000
0.17880000	0.24480000
0.20430000	0.24010000
0.17880000	0.23560000
0.15320000	0.23110000
0.14050000	0.22670000
0.14050000	0.22240000
0.14050000	0.21820000
0.14050000	0.21400000
0.12770000	0.21000000
0.12390000	0.20600000
0.11370000	0.20200000
0.10470000	0.19820000
0.10090000	0.19440000
0.09450000	0.19070000
0.09320000	0.18710000
0.09450000	0.18360000
0.09710000	0.18010000
0.10470000	0.17670000
0.12640000	0.17330000
0.12770000	0.20800000
0.12520000	0.17510000
0.12640000	0.16360000
0.11880000	0.16050000
0.10980000	0.15750000
0.10600000	0.15450000
0.10220000	0.15150000
0.10220000	0.14860000
0.10340000	0.14580000
0.10220000	0.14310000
0.10090000	0.14030000
0.09830000	0.13770000
0.09580000	0.13510000
0.08940000	0.13250000
0.08680000	0.13000000
0.08050000	0.12750000
0.07660000	0.12510000
0.07410000	0.12270000
0.07020000	0.12040000
0.07020000	0.11810000
0.06900000	0.11580000
0.06390000	0.11360000
0.06510000	0.11150000
0.06390000	0.10940000
0.06130000	0.10730000
0.05620000	0.10520000
0.04730000	0.10320000
0.04600000	0.10130000
0.04090000	0.09940000
0.03960000	0.09750000
0.04470000	0.09560000
0.04850000	0.09380000
0.05360000	0.09200000
0.05870000	0.09030000
0.05620000	0.08860000
0.05110000	0.08690000
0.04730000	0.08520000
0.04470000	0.08360000
0.04340000	0.08200000
0.04210000	0.08050000
0.03830000	0.07890000
0.03700000	0.07740000
0.03960000	0.07600000
0.03830000	0.07450000
0.03700000	0.07310000
0.03580000	0.07170000
0.03450000	0.07030000
0.03450000	0.06900000
0.03320000	0.06770000
0.03320000	0.06640000
0.03450000	0.06520000
0.03450000	0.06390000
0.03320000	0.06270000
0.03320000	0.06150000
0.03190000	0.06030000
0.03190000	0.05920000
0.03190000	0.05810000
0.03320000	0.05700000
0.03700000	0.05590000
0.03450000	0.05480000
0.03320000	0.05380000
0.03320000	0.05280000
0.03060000	0.05180000
0.02550000	0.05080000
0.02550000	0.04980000
0.02680000	0.04890000
0.02810000	0.04790000
0.02810000	0.04700000
0.02550000	0.04610000
0.02550000	0.04530000
0.02300000	0.04440000
0.01920000	0.04350000
0.01920000	0.04270000
0.01790000	0.04190000
0.01660000	0.04110000
0.01530000	0.04030000
0.01530000	0.03960000
0.01280000	0.03880000
0.01200000	0.03810000
0.01230000	0.03740000
0.01160000	0.03660000
0.01050000	0.03590000
0.00860000	0.03530000
0.00780000	0.03460000
0.00770000	0.03390000
0.00780000	0.03330000
0.00870000	0.03270000
0.00930000	0.03200000
0.00970000	0.03140000
0.00860000	0.03080000
0.00780000	0.03020000
0.00770000	0.02970000
0.00820000	0.02910000
0.00820000	0.02860000
0.00820000	0.02800000
0.00880000	0.02750000
0.00890000	0.02700000
0.00840000	0.02640000
0.00650000	0.02590000
0.00680000	0.02550000
0.00730000	0.02500000
0.00740000	0.02450000
0.00630000	0.02400000
0.00540000	0.02360000
0.00450000	0.02310000
0.00330000	0.02270000
0.00280000	0.02230000
0.00270000	0.02180000
0.00310000	0.02140000
0.00420000	0.02100000
0.00650000	0.02060000
0.00590000	0.02020000
0.00600000	0.01980000
0.00560000	0.01950000
0.00420000	0.01910000
0.00330000	0.01870000
0.00310000	0.01840000
0.00340000	0.01800000
0.00450000	0.01770000
0.00560000	0.01730000
0.00920000	0.01700000
0.01280000	0.01670000
0.01010000	0.01640000
0.00600000	0.01610000
0.00400000	0.01580000
0.00280000	0.01550000
0.00240000	0.01520000
0.00270000	0.01490000
0.00260000	0.01460000
0.00330000	0.01430000
0.00330000	0.01400000
0.00380000	0.01380000
0.00470000	0.01350000
0.00930000	0.01330000
0.01660000	0.02210000
0.01400000	0.01280000
0.01050000	0.01250000
0.00870000	0.01230000
0.00870000	0.01200000
0.00880000	0.01180000
0.00950000	0.01160000
0.01280000	0.01140000
0.01400000	0.01120000
0.01400000	0.01090000
0.01190000	0.01070000
0.01000000	0.01050000
0.00910000	0.01030000
0.00860000	0.01010000
0.00950000	0.00990000
0.01120000	0.00980000
0.01110000	0.00960000
0.00730000	0.00940000
0.00680000	0.00920000
0.00610000	0.00900000
0.00560000	0.00890000
0.00540000	0.00870000
0.00540000	0.00850000
0.00550000	0.00840000
0.00540000	0.00820000
0.00500000	0.00810000
0.00720000	0.02580000
0.35760000	0.02800000
0.21710000	0.03610000
0.09710000	0.00750000
0.26820000	0.03570000
0.19160000	0.00720000
0.11880000	0.00700000
0.11110000	0.00690000
0.09830000	0.00680000
0.07790000	0.00660000
0.08680000	0.00650000
0.07150000	0.00640000
0.06000000	0.00630000
0.06130000	0.00620000
0.06640000	0.00600000
0.07020000	0.00590000
0.06000000	0.00580000
0.05240000	0.00570000
0.03830000	0.00560000
0.03060000	0.00550000
0.03060000	0.00540000
0.03060000	0.00530000
0.02810000	0.00520000
0.02810000	0.00510000
0.02940000	0.00500000
0.03580000	0.00490000
0.39590000	0.19750000
0.39590000	0.12930000
0.28100000	0.00460000
0.16600000	0.00450000
0.12520000	0.00440000
0.08810000	0.00440000
0.07280000	0.00430000
0.05620000	0.00420000
0.05240000	0.00410000
0.04730000	0.00400000
0.04210000	0.00400000
0.04730000	0.00390000
0.04340000	0.00380000
0.04470000	0.00370000
0.04470000	0.00370000
0.06900000	0.00360000
0.06390000	0.00350000
0.04980000	0.00350000
0.04470000	0.00340000
0.03830000	0.24840000
0.03580000	0.01060000
0.02940000	0.08920000
0.02430000	0.00310000
0.04470000	0.00310000
0.04340000	0.00300000
0.04340000	0.00300000
0.16600000	0.02800000
0.11750000	0.00290000
0.09830000	0.00280000
0.17880000	0.05760000
0.14050000	0.07070000
0.08170000	0.00260000
0.08050000	0.00260000
0.07280000	0.00250000
0.06260000	0.00250000
0.05870000	0.00250000
0.05620000	0.00240000
0.04850000	0.00240000
0.04980000	0.00280000
0.04980000	0.00230000
0.04980000	0.00220000
0.05620000	0.00220000
0.04600000	0.00210000
0.04210000	0.00210000
0.04210000	0.00210000
0.03960000	0.00200000
0.03580000	0.00200000
0.03320000	0.00190000
0.03580000	0.00190000
0.03580000	0.00190000
0.03320000	0.00180000
0.03700000	0.00180000
0.03450000	0.00180000
0.03580000	0.00170000
0.03580000	0.00170000
0.03580000	0.00170000
0.03580000	0.00160000
0.03960000	0.02900000
0.04980000	0.09330000
0.06130000	0.08950000
0.07530000	0.07870000
0.10600000	0.00150000
0.09450000	0.00150000
0.07660000	0.00140000
0.08050000	0.00140000
0.07280000	0.00140000
0.07280000	0.00140000
0.06770000	0.00130000
0.06130000	0.00130000
0.05750000	0.00130000
0.05620000	0.00130000
0.06510000	0.07890000
0.19160000	0.14290000
0.34480000	2.35980000
0.26820000	0.75460000
0.33200000	0.92270000
0.24260000	0.94130000
0.24260000	0.84420000
0.24260000	0.74720000
0.22990000	0.65900000
0.21710000	0.70210000
0.22990000	0.68430000
1.08550000	2.86990000
1.22600000	3.44540000
1.00890000	1.59910000
0.88120000	1.47120000
0.83010000	1.34100000
0.86840000	1.19100000
1.13660000	1.09340000
1.25150000	0.99430000
0.86840000	0.89320000
0.72790000	0.82820000
0.65130000	0.77460000
0.60020000	0.73010000
0.56190000	0.69270000
0.57470000	0.66100000
0.56190000	0.63390000
0.49810000	0.61030000
0.56190000	0.65480000
0.51080000	0.57130000
0.52360000	0.55490000
0.52360000	0.53990000
0.48530000	0.52610000
0.45970000	0.51340000
0.44700000	0.50150000
0.42140000	0.49020000
0.40870000	0.47960000
0.38310000	0.46940000
0.37030000	0.45960000
0.34480000	0.45020000
0.28100000	0.44120000
0.22990000	0.43240000
0.20430000	0.42380000
0.19160000	0.41550000
0.19160000	0.40740000
0.19160000	0.41180000
0.20430000	0.42480000
0.19160000	0.38430000
0.16600000	0.37690000
0.16600000	0.36970000
0.16600000	0.36260000
0.16600000	0.35570000
0.15320000	0.34890000
0.15320000	0.34220000
0.15320000	0.33570000
0.15320000	0.32930000
0.15320000	0.32310000
0.15320000	0.31690000
0.15320000	0.31090000
0.15320000	0.30510000
0.15320000	0.29920000
0.15320000	0.29350000
0.16600000	0.28790000
0.20430000	0.30410000
0.15320000	0.27710000
0.15320000	0.27180000
0.16600000	0.26660000
0.14050000	0.26160000
0.14050000	0.25660000
0.14050000	0.25170000
0.12770000	0.24690000
0.12770000	0.24220000
0.12770000	0.23760000
0.12390000	0.23310000
0.11750000	0.22870000
0.11240000	0.22440000
0.11110000	0.22010000
0.10730000	0.21590000
0.10980000	0.21180000
0.11370000	0.20780000
0.12130000	0.20380000
0.11880000	0.20000000
0.11620000	0.19620000
0.11490000	0.19240000
0.11620000	0.18880000
0.11240000	0.18520000
0.10600000	0.18170000
0.11240000	0.18330000
0.10860000	0.17480000
0.10980000	0.17150000
0.11240000	0.16830000
0.10600000	0.16510000
0.09830000	0.16190000
0.08940000	0.15880000
0.08680000	0.15580000
0.08560000	0.15290000
0.08050000	0.15000000
0.08050000	0.14710000
0.07530000	0.14430000
0.06770000	0.14160000
0.06770000	0.13890000
0.06510000	0.13620000
0.06130000	0.13370000
0.05490000	0.13110000
0.05360000	0.12860000
0.05360000	0.12620000
0.05240000	0.12380000
0.05240000	0.12140000
0.05240000	0.11910000
0.05240000	0.11690000
0.05360000	0.11460000
0.05110000	0.11250000
0.04850000	0.11030000
0.04600000	0.10820000
0.04210000	0.10620000
0.04340000	0.10420000
0.04210000	0.10220000
0.03960000	0.10020000
0.03830000	0.09830000
0.03830000	0.09650000
0.03830000	0.09460000
0.04210000	0.09390000
0.04850000	0.09110000
0.04600000	0.08930000
0.04210000	0.08760000
0.04210000	0.08600000
0.04210000	0.08430000
0.03960000	0.08270000
0.04090000	0.08120000
0.04340000	0.07960000
0.03960000	0.07810000
0.03700000	0.07660000
0.03830000	0.07520000
0.03700000	0.07370000
0.03450000	0.07230000
0.02940000	0.07100000
0.02680000	0.06960000
0.02680000	0.06830000
0.02810000	0.06700000
0.02550000	0.06570000
0.02430000	0.06450000
0.02300000	0.06330000
0.02170000	0.06210000
0.01920000	0.06090000
0.01660000	0.05970000
0.01400000	0.05860000
0.01190000	0.05750000
0.01120000	0.05640000
0.01090000	0.05530000
0.00980000	0.05430000
0.00950000	0.05320000
0.00890000	0.05220000
0.00690000	0.05120000
0.00290000	0.05020000
0.00320000	0.04930000
0.00370000	0.04840000
0.00370000	0.04740000
0.00220000	0.04650000
0.00140000	0.04570000
0.00170000	0.04480000
0.00130000	0.04390000
0.00130000	0.04310000
0.00140000	0.04230000
0.00130000	0.04150000
0.00110000	0.04070000
0.00110000	0.03990000
0.00100000	0.03920000
0.00100000	0.03840000
0.00100000	0.03770000
0.00080000	0.03700000
0.00080000	0.03630000
0.00080000	0.03560000
0.00080000	0.03490000
0.00040000	0.03420000
0.00000000	0.03360000
0.00000000	0.03290000
0.00000000	0.03230000
0.00000000	0.03170000
0.00000000	0.03110000
0.00000000	0.03050000
0.00000000	0.02990000
0.00000000	0.02940000
0.00000000	0.02880000
0.00000000	0.02830000
0.00000000	0.02770000
0.00000000	0.02720000
0.00000000	0.02670000
0.00000000	0.02620000
0.00000000	0.02570000
0.00000000	0.02520000
0.00000000	0.02470000
0.00000000	0.02420000
0.00000000	0.02380000
0.00000000	0.02330000
0.00000000	0.02290000
0.00000000	0.02240000
0.00000000	0.02200000
0.00000000	0.02160000
0.00000000	0.02120000
0.00000000	0.02080000
0.00000000	0.02040000
0.00000000	0.02000000
0.00000000	0.01960000
0.00000000	0.01930000
0.00000000	0.01890000
0.00000000	0.01850000
0.00000000	0.01820000
0.00000000	0.01780000
0.00000000	0.01750000
0.00000000	0.01720000
0.00000000	0.01680000
0.00000000	0.01650000
0.00000000	0.01620000
0.00000000	0.01590000
0.00000000	0.01560000
0.00000000	0.01530000
0.00000000	0.01500000
0.00000000	0.01470000
0.00000000	0.01440000
0.00000000	0.01420000
0.00000000	0.01390000
0.00000000	0.01360000
0.00000000	0.01340000
0.00000000	0.01310000
0.00000000	0.01290000
0.00000000	0.01260000
0.00000000	0.01240000
0.00000000	0.01220000
0.00000000	0.01190000
0.00000000	0.01170000
0.00000000	0.01150000
0.00000000	0.01130000
0.00000000	0.01100000
0.00000000	0.01080000
0.00000000	0.01060000
0.00000000	0.01040000
0.00000000	0.01020000
0.00000000	0.01000000
0.00000000	0.00980000
0.00000000	0.00970000
0.00000000	0.00950000
0.00000000	0.00930000
0.00000000	0.00910000
0.00000000	0.00890000
0.00000000	0.00880000
0.00000000	0.00860000
0.00000000	0.00840000
0.00000000	0.00830000
0.00000000	0.00810000
0.00000000	0.00800000
0.00000000	0.00780000
0.00000000	0.11930000
0.15320000	0.29620000
0.02550000	0.00740000
0.00040000	0.00720000
0.00000000	0.00710000
0.00000000	0.00700000
0.00000000	0.00680000
0.00000000	0.00670000
0.00000000	0.00660000
0.00000000	0.00650000
0.00000000	0.00630000
0.00000000	0.00620000
0.00000000	0.00610000
0.00000000	0.00600000
0.00000000	0.00590000
0.00000000	0.00580000
0.00000000	0.00560000
0.00000000	0.00550000
0.00000000	0.00540000
0.00000000	0.00530000
0.00000000	0.00520000
0.00000000	0.00510000
0.00000000	0.00500000
0.00000000	0.00490000
0.00000000	0.00480000
0.00000000	0.00470000
0.00000000	0.00470000
0.00000000	0.00460000
0.00000000	0.00450000
0.00000000	0.00440000
0.00000000	0.00430000
0.00000000	0.00420000
0.00000000	0.00420000
0.00000000	0.00410000
0.00000000	0.00400000
0.00000000	0.00390000
0.00000000	0.00380000
0.00000000	0.00380000
0.00000000	0.00370000
0.00000000	0.00360000
0.00000000	0.00360000
0.00000000	0.00350000
0.00000000	0.00340000
0.00000000	0.00340000
0.00000000	0.00330000
0.00000000	0.00320000
0.00000000	0.00320000
0.00000000	0.00310000
0.00000000	0.00310000
0.00000000	0.00300000
0.00000000	0.00290000
0.00000000	0.00290000
0.00000000	0.00280000
0.00000000	0.00280000
0.00000000	0.00270000
0.00190000	0.10690000
0.00290000	0.00340000
0.00000000	0.00900000
0.00140000	0.06540000
0.26820000	0.12540000
0.62580000	0.10940000
0.70240000	0.15530000
0.26820000	0.00230000
0.16600000	0.00230000
0.10600000	0.00220000
0.08300000	0.00220000
0.07660000	0.00220000
0.06390000	0.00210000
0.05360000	0.00210000
0.04980000	0.00200000
0.04980000	0.02700000
0.04730000	0.00200000
0.04730000	0.00190000
0.04730000	0.00190000
0.04600000	0.00190000
0.04470000	0.00180000
0.04470000	0.00180000
0.04470000	0.00180000
0.05240000	0.01240000
0.04850000	0.01500000
0.04470000	0.00170000
0.04470000	0.00160000
0.04210000	0.00160000
0.04210000	0.00160000
0.04340000	0.00150000
0.04470000	0.00150000
0.04470000	0.00150000
0.04470000	0.00140000
0.04470000	0.00140000
0.04340000	0.00140000
0.04340000	0.00140000
0.04340000	0.00130000
0.10340000	0.09570000
0.07920000	0.00130000
0.05490000	0.00130000
0.04980000	0.00120000
0.09830000	0.00120000
2.82230000	0.19120000
1.97950000	0.33440000
4.80180000	2.57560000
5.69570000	7.85330000
3.67800000	6.82440000
1.78790000	3.52700000
1.21320000	2.22340000
0.95780000	2.00150000
0.95780000	1.77140000
0.89390000	1.59380000
0.89390000	1.46550000
0.76620000	1.38400000
0.70240000	1.25340000
0.63850000	1.14740000
0.57470000	1.06090000
0.53640000	0.98970000
0.52360000	0.93070000
0.53640000	0.88140000
1.16210000	0.94870000
1.37920000	1.06390000
0.99610000	1.25360000
0.84290000	1.23320000
0.90670000	1.29830000
0.90670000	2.07120000
0.93230000	1.45870000
0.90670000	1.41050000
0.88120000	1.29370000
0.88120000	1.19810000
0.89390000	1.11950000
0.85560000	1.05420000
0.81730000	0.99940000
0.84290000	0.95310000
0.85560000	0.91340000
0.84290000	0.89410000
0.81730000	0.85580000
0.79180000	0.83730000
0.76620000	0.79840000
0.85560000	0.79880000
0.84290000	0.80850000
0.72790000	0.89690000
3.21820000	6.35550000
1.73680000	4.90690000
1.09830000	1.90110000
0.90670000	1.75730000
0.83010000	1.60620000
0.83010000	1.46680000
0.76620000	1.34020000
0.70240000	1.24860000
0.66410000	1.21920000
0.60020000	1.10930000
0.54910000	1.05580000
0.52360000	1.01020000
0.49810000	0.97090000
0.47250000	0.93660000
0.45970000	0.90640000
0.44700000	0.87930000
0.43420000	0.85480000
0.42140000	0.83250000
0.40870000	0.81180000
0.40870000	0.79260000
0.39590000	0.77460000
0.38310000	0.75750000
0.37030000	0.74130000
0.35760000	0.72570000
0.34480000	0.71080000
0.33200000	0.69640000
0.33200000	0.68240000
0.31930000	0.66890000
0.31930000	0.65570000
0.30650000	0.64290000
0.30650000	0.63040000
0.30650000	0.61820000
0.29370000	0.61270000
0.30650000	0.60170000
0.29370000	0.58330000
0.28100000	0.57210000
0.29370000	0.56120000
0.37030000	0.63850000
0.30650000	0.53990000
0.26820000	0.52960000
0.26820000	0.51960000
0.25540000	0.50970000
0.25540000	0.50000000
0.30650000	0.49050000
1.30260000	0.72750000
0.56190000	0.56400000
0.49810000	0.46310000
0.43420000	0.45420000
0.38310000	0.44560000
0.33200000	0.43710000
0.30650000	0.42880000
0.29370000	0.42060000
0.31930000	0.54310000
0.31930000	0.50350000
0.31930000	0.50680000
0.30650000	0.82230000
0.29370000	0.73100000
0.26820000	0.72930000
0.25540000	0.67040000
0.25540000	0.62220000
0.25540000	0.58240000
0.25540000	0.54930000
0.25540000	0.52150000
0.24260000	0.49790000
0.22990000	0.47770000
0.21710000	0.46010000
0.21710000	0.44470000
0.20430000	0.43090000
0.20430000	0.41860000
0.19160000	0.40740000
0.19160000	0.39700000
0.19160000	0.38750000
0.19160000	0.37850000
0.19160000	0.37010000
0.19160000	0.36200000
0.17880000	0.35440000
0.17880000	0.34700000
0.17880000	0.33990000
0.17880000	0.33310000
0.17880000	0.32650000
0.20430000	0.32720000
0.17880000	0.31370000
0.16600000	0.30760000
0.15320000	0.30170000
0.15320000	0.29590000
0.15320000	0.29020000
0.15320000	0.28460000
0.15320000	0.27910000
0.14050000	0.27380000
0.14050000	0.26860000
0.14050000	0.26340000
0.12770000	0.25840000
0.12130000	0.25350000
0.11750000	0.24870000
0.11490000	0.24390000
0.11370000	0.23930000
0.10980000	0.23480000
0.10220000	0.23030000
0.09450000	0.22590000
0.08940000	0.22160000
0.08680000	0.21740000
0.08560000	0.21330000
0.08430000	0.20920000
0.08430000	0.20520000
0.08050000	0.20130000
0.07920000	0.19750000
0.07790000	0.19380000
0.07020000	0.19010000
0.06900000	0.18650000
0.06770000	0.18290000
0.06770000	0.17940000
0.06510000	0.17600000
0.06640000	0.17270000
0.06510000	0.16940000
0.06260000	0.16620000
0.06130000	0.16300000
0.05870000	0.15990000
0.05620000	0.15690000
0.05360000	0.15390000
0.05240000	0.15100000
0.04850000	0.14810000
0.04340000	0.14530000
0.04090000	0.14250000
0.04090000	0.13980000
0.03700000	0.13720000
0.03700000	0.13460000
0.03580000	0.13200000
0.03580000	0.12950000
0.03450000	0.12700000
0.03580000	0.12460000
0.03450000	0.12230000
0.03320000	0.11990000
0.02810000	0.11770000
0.02550000	0.11540000
0.02550000	0.11320000
0.02550000	0.11110000
0.02170000	0.10900000
0.01920000	0.10690000
0.01660000	0.10490000
0.01400000	0.10290000
0.01090000	0.10090000
0.00950000	0.09900000
0.00800000	0.09710000
0.00930000	0.09530000
0.01140000	0.09350000
0.01110000	0.09170000
0.01050000	0.09000000
0.00920000	0.08820000
0.00820000	0.08660000
0.00740000	0.08490000
0.00800000	0.08330000
0.00820000	0.08170000
0.00780000	0.08020000
0.00610000	0.07860000
0.00610000	0.07720000
0.00610000	0.07570000
0.00570000	0.07420000
0.00510000	0.07280000
0.00430000	0.07150000
0.00410000	0.07010000
0.00430000	0.06880000
0.00410000	0.06750000
0.00410000	0.06620000
0.00430000	0.06490000
0.00380000	0.06370000
0.00320000	0.06250000
0.00280000	0.06130000
0.00240000	0.06010000
0.00200000	0.05900000
0.00180000	0.05790000
0.00180000	0.05680000
0.00170000	0.05570000
0.00140000	0.05460000
0.00140000	0.05360000
0.00110000	0.05260000
0.00110000	0.05160000
0.00110000	0.05060000
0.00100000	0.04960000
0.00090000	0.04870000
0.00080000	0.04780000
0.00060000	0.04690000
0.00060000	0.04600000
0.00060000	0.04510000
0.00050000	0.04420000
0.00050000	0.04340000
0.00040000	0.04260000
0.00040000	0.04180000
0.00030000	0.04100000
0.00030000	0.04020000
0.00010000	0.03940000
0.00010000	0.03870000
0.00010000	0.03790000
0.00010000	0.03720000
0.00000000	0.03650000
0.00000000	0.03580000
0.00000000	0.03510000
0.00000000	0.03450000
0.00000000	0.03380000
0.00000000	0.03320000
0.00000000	0.03250000
0.00000000	0.03190000
0.00000000	0.03130000
0.00000000	0.03070000
0.00000000	0.03010000
0.00000000	0.02960000
0.00000000	0.02900000
0.00000000	0.02850000
0.00000000	0.02790000
0.00000000	0.02740000
0.00000000	0.02690000
0.00000000	0.02640000
0.00000000	0.02590000
0.00000000	0.02540000
0.00000000	0.02490000
0.00000000	0.02440000
0.00000000	0.02390000
0.00030000	0.02350000
0.00030000	0.02300000
0.00030000	0.02260000
0.00030000	0.09220000
0.00030000	0.02180000
0.00420000	0.10910000
0.00690000	0.03180000
0.00050000	0.02050000
0.00030000	0.02010000
0.00030000	0.01980000
0.00030000	0.01940000
0.00030000	0.01900000
0.00030000	0.01870000
0.00030000	0.01830000
0.00030000	0.01800000
0.00030000	0.01760000
0.00030000	0.01750000
0.00030000	0.02990000
0.00510000	0.05700000
0.00770000	0.04150000
0.00180000	0.01600000
0.00260000	0.01570000
0.00280000	0.01540000
0.00320000	0.01510000
0.00270000	0.02310000
0.00170000	0.01450000
0.00130000	0.01430000
0.00130000	0.01400000
0.00100000	0.01370000
0.01230000	0.12880000
0.01100000	0.01320000
0.00680000	0.01300000
0.00400000	0.01270000
0.00270000	0.01250000
0.00180000	0.01220000
0.00130000	0.01200000
0.00180000	0.01180000
0.00560000	0.01160000
0.02170000	0.03080000
0.01790000	0.01110000
0.01400000	0.01090000
0.01230000	0.01070000
0.01150000	0.01050000
0.01280000	0.01030000
0.01200000	0.01010000
0.01190000	0.00990000
0.01280000	0.00970000
0.01400000	0.00950000
0.01400000	0.00940000
0.01660000	0.00920000
0.06000000	0.16070000
0.11750000	0.14390000
0.05750000	0.00880000
0.03830000	0.00850000
0.03580000	0.02600000
0.03190000	0.00820000
0.03190000	0.00800000
0.03320000	0.00790000
0.03190000	0.02620000
0.03060000	0.00760000
0.03190000	0.00740000
0.03190000	0.00730000
0.03060000	0.00720000
0.03320000	0.00700000
0.03190000	0.08900000
0.03320000	0.00680000
0.04980000	0.14370000
0.04090000	0.00650000
0.03830000	0.00640000
0.03960000	0.00630000
0.03700000	0.00610000
0.03830000	0.00600000
0.03830000	0.00590000
0.03960000	0.00580000
0.04340000	0.00570000
0.04730000	0.00640000
0.04850000	0.00550000
0.05490000	0.05180000
1.22600000	0.24840000
8.70960000	3.78440000
4.27820000	5.70540000
2.36260000	4.51790000
5.78510000	5.27260000
1.86450000	3.51540000
1.09830000	2.04090000
0.93230000	1.84900000
0.98330000	1.79810000
0.70240000	1.66910000
0.61300000	1.56650000
1.68570000	1.61710000
1.00890000	1.49010000
0.75350000	1.42690000
0.67680000	1.32290000
0.85560000	1.45900000
0.91950000	1.65500000
0.76620000	1.45460000
0.71520000	1.39610000
0.65130000	1.28570000
0.62580000	1.19510000
0.60020000	1.12030000
0.57470000	1.05790000
0.54910000	1.00550000
0.53640000	0.96090000
0.51080000	0.92250000
0.49810000	0.88920000
0.48530000	0.85980000
0.45970000	0.83360000
0.43420000	0.81000000
0.42140000	0.78850000
0.39590000	0.76870000
0.39590000	0.75030000
0.38310000	0.73310000
0.37030000	0.71680000
0.35760000	0.70130000
0.34480000	0.68660000
0.33200000	0.67240000
0.31930000	0.65870000
0.30650000	0.64540000
0.29370000	0.63260000
0.29370000	0.62020000
0.29370000	0.60800000
0.30650000	0.61960000
0.30650000	0.58460000
0.29370000	0.57340000
0.29370000	0.56230000
0.28100000	0.55150000
0.26820000	0.54100000
0.26820000	0.53060000
0.25540000	0.52050000
0.24260000	0.51060000
0.24260000	0.50080000
0.24260000	0.49130000
0.24260000	0.48190000
0.24260000	0.47280000
0.24260000	0.46380000
0.22990000	0.45500000
0.22990000	0.44630000
0.24260000	0.45430000
0.28100000	0.50350000
0.28100000	0.42190000
0.31930000	0.53470000
1.04720000	1.93240000
0.65130000	0.76580000
0.54910000	0.76770000
0.44700000	0.69100000
0.40870000	0.64300000
0.37030000	0.60110000
0.85560000	3.65560000
1.91560000	1.04690000
1.11100000	1.01810000
0.91950000	0.93270000
0.85560000	0.84220000
0.99610000	0.79400000
1.54530000	0.72560000
1.13660000	0.68190000
0.98330000	0.64550000
0.85560000	0.61470000
0.80460000	0.58840000
0.74070000	0.56570000
0.67680000	0.54590000
0.65130000	0.52840000
0.63850000	0.51270000
0.61300000	0.49860000
0.57470000	0.48560000
0.56190000	0.47360000
0.53640000	0.46240000
0.52360000	0.45190000
0.51080000	0.44200000
0.49810000	0.43260000
0.58750000	0.54400000
18.13440000	14.99620000
6.05330000	9.98230000
2.93730000	3.87950000
2.42640000	4.75250000
2.10720000	5.23220000
3.05220000	5.99440000
2.31150000	2.43750000
2.08160000	2.27660000
2.10720000	1.99630000
1.94110000	1.89880000
1.90280000	1.73220000
1.85170000	1.59640000
1.87730000	1.48500000
1.71130000	1.39290000
1.57080000	1.31610000
1.44310000	1.25140000
1.37920000	1.19640000
1.43030000	1.14910000
1.49420000	1.11280000
1.40480000	1.07150000
1.32820000	1.03910000
1.25150000	1.00980000
1.21320000	0.98320000
1.12380000	0.95860000
1.08550000	0.93570000
1.02170000	0.91430000
0.97060000	0.89400000
0.91950000	0.87480000
0.88120000	0.85640000
0.85560000	0.83870000
0.83010000	0.82160000
0.80460000	0.80510000
0.79180000	0.78910000
0.76620000	0.77860000
0.72790000	0.75850000
0.71520000	0.74370000
0.68960000	0.72930000
0.66410000	0.71530000
0.63850000	0.70150000
0.61300000	0.68810000
0.60020000	0.67490000
0.56190000	0.66200000
0.54910000	0.64930000
0.52360000	0.63690000
0.48530000	0.62480000
0.47250000	0.61290000
0.44700000	0.60120000
0.43420000	0.58980000
0.42140000	0.57860000
0.40870000	0.56760000
0.40870000	0.55680000
0.39590000	0.54620000
0.38310000	0.53590000
0.37030000	0.52560000
0.35760000	0.51560000
0.35760000	0.50580000
0.37030000	0.52340000
0.35760000	0.51470000
0.38310000	0.52500000
0.44700000	0.51480000
0.37030000	0.45960000
0.33200000	0.45080000
0.31930000	0.44230000
0.30650000	0.43390000
0.29370000	0.42560000
0.29370000	0.41750000
0.28100000	0.40960000
0.26820000	0.40180000
0.25540000	0.39420000
0.25540000	0.38670000
0.25540000	0.37930000
0.25540000	0.37210000
0.24260000	0.36510000
0.24260000	0.35810000
0.22990000	0.35130000
0.22990000	0.34460000
0.22990000	0.33810000
0.26820000	0.39060000
0.29370000	0.34540000
0.28100000	0.31920000
0.25540000	0.31310000
0.24260000	0.30720000
0.22990000	0.30130000
0.22990000	0.29560000
0.22990000	0.29000000
0.21710000	0.28450000
0.20430000	0.27910000
0.19160000	0.27380000
0.17880000	0.26860000
0.17880000	0.26350000
0.19160000	0.25850000
0.17880000	0.25360000
0.17880000	0.24870000
0.16600000	0.24400000
0.16600000	0.23940000
0.16600000	0.23480000
0.16600000	0.23040000
0.15320000	0.22600000
0.15320000	0.22170000
0.15320000	0.21750000
0.14050000	0.21340000
0.14050000	0.20930000
0.12770000	0.20530000
0.12770000	0.20140000
0.12640000	0.19760000
0.11370000	0.19380000
0.10600000	0.19020000
0.10730000	0.18650000
0.09960000	0.18300000
0.09450000	0.17950000
0.09320000	0.17610000
0.09190000	0.17280000
0.09070000	0.16950000
0.08680000	0.16630000
0.08300000	0.16310000
0.08680000	0.16000000
0.08680000	0.15700000
0.08810000	0.15400000
0.08810000	0.15110000
0.08680000	0.14820000
0.08300000	0.14540000
0.08050000	0.14260000
0.07920000	0.13990000
0.07790000	0.13720000
0.07530000	0.13460000
0.07280000	0.13210000
0.06900000	0.12960000
0.06510000	0.12710000
0.06260000	0.12470000
0.06510000	0.12230000
0.06390000	0.12000000
0.06130000	0.11770000
0.06000000	0.11550000
0.05490000	0.11330000
0.05620000	0.11110000
0.05110000	0.10900000
0.04600000	0.10690000
0.04340000	0.10490000
0.04340000	0.10290000
0.04340000	0.10100000
0.04340000	0.09910000
0.04210000	0.09720000
0.03960000	0.09530000
0.03700000	0.09350000
0.03960000	0.09170000
0.04210000	0.09000000
0.04210000	0.08830000
0.03700000	0.08660000
0.03450000	0.08500000
0.03060000	0.08330000
0.02940000	0.08180000
0.02940000	0.08020000
0.02810000	0.07870000
0.02940000	0.07720000
0.03320000	0.07570000
0.03320000	0.07430000
0.03190000	0.07290000
0.02940000	0.07150000
0.02810000	0.07010000
0.02680000	0.06880000
0.02680000	0.06750000
0.02430000	0.06620000
0.02040000	0.06490000
0.01920000	0.06370000
0.02680000	0.06250000
0.02680000	0.06130000
0.02430000	0.06020000
0.02040000	0.05900000
0.01920000	0.05790000
0.01660000	0.05680000
0.01280000	0.05570000
0.00950000	0.05470000
0.00690000	0.05360000
0.00690000	0.05260000
0.00660000	0.05160000
0.01030000	0.05060000
0.01660000	0.04970000
0.01530000	0.04870000
0.17880000	0.04780000
0.06900000	0.04690000
0.05490000	0.04600000
0.04980000	0.04510000
0.04470000	0.04430000
0.03580000	0.04340000
0.03060000	0.04260000
0.02680000	0.04180000
0.02430000	0.04100000
0.02170000	0.04020000
0.02300000	0.03940000
0.02430000	0.03870000
0.02680000	0.03800000
0.02300000	0.03720000
0.01790000	0.03650000
0.01530000	0.03580000
0.01790000	0.03520000
0.01790000	0.03450000
0.01660000	0.03380000
0.01790000	0.03320000
0.02170000	0.03260000
0.06640000	0.12750000
0.10090000	0.03130000
0.05750000	0.03070000
0.04600000	0.03020000
0.04090000	0.02960000
0.03700000	0.02900000
0.03580000	0.02850000
0.03060000	0.02790000
0.02550000	0.02740000
0.02430000	0.02690000
0.02300000	0.02640000
0.02430000	0.02590000
0.02810000	0.02540000
0.02680000	0.02490000
0.02810000	0.02440000
0.02940000	0.02400000
0.03190000	0.02350000
0.02940000	0.02310000
0.02810000	0.02260000
0.02940000	0.02220000
0.03320000	0.02180000
0.03320000	0.02130000
0.02680000	0.02090000
0.02680000	0.02050000
0.02680000	0.02020000
0.02430000	0.01980000
0.02300000	0.01940000
0.02300000	0.01900000
0.02170000	0.01870000
0.02170000	0.01830000
0.02300000	0.02040000
0.02940000	0.01760000
0.03580000	0.04730000
0.04210000	0.01700000
0.04090000	0.01660000
0.03830000	0.01630000
0.03830000	0.01600000
0.04090000	0.07670000
0.07920000	0.06090000
0.06640000	0.01510000
0.05240000	0.01480000
0.04980000	0.01450000
0.04600000	0.01430000
0.04340000	0.01400000
0.04340000	0.01370000
0.04470000	0.01350000
0.09320000	0.14520000
0.14050000	0.01300000
0.08680000	0.01270000
0.07280000	0.01250000
0.06640000	0.01220000
0.06260000	0.01200000
0.05750000	0.01180000
0.05490000	0.01160000
0.05490000	0.01130000
0.05240000	0.01110000
0.04980000	0.01090000
0.04340000	0.01070000
0.04730000	0.01050000
0.05110000	0.01030000
0.05240000	0.01010000
0.05360000	0.00990000
0.05490000	0.00970000
0.05620000	0.00950000
0.05620000	0.00940000
0.05620000	0.00920000
0.05490000	0.00900000
0.05490000	0.00880000
0.06640000	0.05440000
0.06900000	0.00930000
0.06390000	0.00830000
0.06260000	0.00820000
0.06000000	0.00800000
0.05870000	0.00790000
0.05870000	0.00770000
0.05870000	0.00760000
0.05750000	0.00740000
0.05870000	0.00730000
0.05870000	0.00720000
0.05870000	0.00700000
0.05750000	0.00690000
0.05620000	0.00680000
0.05620000	0.00660000
0.05490000	0.00650000
0.05490000	0.00640000
0.05360000	0.00630000
0.05360000	0.00610000
0.05240000	0.00600000
0.04980000	0.00590000
0.04980000	0.00580000
0.04730000	0.00570000
0.04730000	0.00560000
0.04600000	0.00550000
0.04600000	0.00540000
0.04600000	0.00530000
0.04470000	0.00520000
0.04600000	0.00510000
0.04600000	0.00500000
0.04730000	0.00490000
0.04600000	0.00480000
0.04600000	0.00470000
0.04600000	0.00460000
0.04600000	0.00450000
0.04600000	0.00440000
0.04730000	0.00430000
0.04730000	0.00430000
0.04730000	0.00420000
0.04850000	0.00410000
0.17880000	0.09590000
0.12390000	0.00390000
0.17880000	0.02440000
0.22990000	0.00380000
0.11370000	0.00370000
0.08810000	0.00370000
0.07660000	0.00360000
0.06900000	0.00350000
0.06390000	0.00350000
0.06260000	0.00340000
0.06130000	0.00330000
0.06130000	0.00330000
0.05870000	0.00320000
0.05750000	0.00310000
0.05750000	0.00310000
0.05750000	0.00300000
0.05620000	0.00300000
0.06130000	0.03040000
0.06640000	0.00280000
0.06130000	0.00280000
0.05750000	0.00270000
0.05620000	0.00270000
0.05750000	0.00260000
0.06000000	0.00260000
0.06260000	0.00260000
0.06390000	0.00250000
0.05870000	0.00240000
0.05240000	0.00240000
0.05240000	0.00240000
0.05240000	0.00230000
0.05240000	0.00230000
0.05240000	0.00220000
0.04980000	0.00220000
0.04730000	0.00210000
0.04600000	0.00210000
0.04600000	0.00210000
0.04600000	0.00200000
0.04980000	0.00200000
0.05620000	0.00190000
0.05360000	0.00190000
0.05360000	0.00190000
0.05360000	0.00180000
0.05240000	0.00180000
0.05110000	0.00180000
0.04850000	0.00170000
0.04730000	0.00170000
0.04730000	0.00170000
0.04730000	0.00160000
0.04730000	0.00160000
0.04600000	0.00160000
0.04600000	0.00150000
0.04600000	0.00150000
0.04600000	0.00150000
0.04600000	0.00150000
0.04600000	0.00140000
0.04600000	0.00240000
0.45970000	0.22930000
0.34480000	0.00210000
0.17880000	0.02020000
0.14050000	0.00130000
0.16600000	0.00130000
0.14050000	0.00120000
0.11620000	0.00120000
0.09710000	0.00120000
0.16600000	0.16510000
0.30650000	0.10390000
0.26820000	0.00110000
0.20430000	0.00110000
0.16600000	0.00110000
0.12770000	0.00110000
0.11490000	0.05520000
0.12000000	0.05360000
0.10470000	0.00100000
0.09450000	0.00100000
0.08680000	0.00100000
0.08170000	0.00100000
0.07920000	0.00090000
0.07660000	0.00090000
0.07280000	0.00090000
0.06770000	0.00090000
0.06900000	0.00090000
0.12770000	0.17090000
0.11750000	0.06180000
1.00890000	0.12300000
0.63850000	0.09550000
0.39590000	0.00080000
0.44700000	0.00080000
0.35760000	0.00080000
0.28100000	0.00070000
0.20430000	0.00070000
0.15320000	0.00070000
0.12770000	0.00070000
0.11490000	0.00070000
0.10980000	0.00980000
0.10980000	0.00070000
0.10980000	0.03550000
0.12000000	0.04340000
0.10980000	0.00060000
0.09830000	0.00060000
0.09070000	0.00060000
0.08680000	0.00060000
0.08170000	0.00060000
0.08430000	0.00060000
0.08170000	0.00060000
0.08050000	0.00050000
0.07790000	0.00050000
0.07150000	0.00050000
0.07280000	0.00050000
0.07280000	0.00050000
0.06900000	0.00050000
0.06640000	0.00050000
0.06640000	0.00050000
0.06640000	0.00050000
0.06640000	0.00050000
0.06510000	0.00050000
0.06510000	0.00040000
0.06130000	0.00040000
0.05620000	0.00040000
0.05620000	0.00040000
0.05360000	0.00040000
0.04980000	0.00040000
0.04600000	0.00040000
0.04470000	0.00040000
0.04210000	0.00040000
0.04090000	0.00040000
0.04210000	0.00040000
0.04980000	0.00040000
0.05240000	0.00040000
0.04850000	0.00030000
0.04210000	0.00030000
0.04090000	0.00030000
0.03700000	0.00030000
0.02940000	0.00030000
0.02550000	0.00030000
0.02680000	0.00030000
0.02550000	0.00030000
0.02550000	0.00030000
0.02550000	0.00030000
0.01790000	0.00030000
0.01530000	0.00030000
0.01280000	0.00030000
0.01120000	0.00030000
0.00970000	0.00030000
0.00780000	0.00030000
0.00630000	0.00030000
0.00690000	0.00020000
0.00800000	0.00020000
0.00790000	0.00020000
0.00430000	0.00020000
0.00240000	0.00020000
0.00200000	0.00020000
0.00190000	0.00020000
0.00170000	0.00020000
0.00140000	0.00020000
0.00140000	0.00020000
0.00130000	0.00020000
0.00110000	0.00020000
0.00110000	0.00020000
0.00110000	0.00020000
0.00100000	0.00020000
0.00100000	0.00020000
0.00100000	0.00020000
0.00090000	0.00020000
0.00080000	0.00020000
0.00080000	0.00020000
0.00060000	0.00020000
0.00060000	0.00020000
0.00060000	0.00020000
0.00060000	0.00020000
0.00060000	0.00020000
0.00050000	0.00020000
0.00050000	0.00020000
0.00050000	0.00010000
0.00050000	0.00010000
0.00050000	0.00010000
0.00040000	0.00010000
0.00040000	0.00010000
0.00040000	0.00010000
0.00040000	0.00010000
0.00030000	0.00010000
0.00030000	0.00010000
0.00030000	0.00010000
0.00030000	0.00010000
0.00030000	0.00010000
0.00040000	0.00010000
0.00030000	0.00010000
0.00030000	0.00010000
0.00030000	0.00010000
0.00010000	0.00010000
0.00010000	0.00010000
0.00010000	0.00010000
0.00010000	0.00010000
0.00000000	0.00010000
0.00000000	0.00010000
0.00000000	0.00010000
0.00000000	0.00010000
0.00000000	0.00010000
0.00000000	0.00010000
0.00000000	0.00010000
0.00000000	0.00010000
0.00000000	0.00010000
0.00000000	0.00010000
0.00000000	0.00010000
0.00000000	0.00010000
0.00000000	0.00010000
0.00000000	0.00010000
0.00000000	0.00010000
0.00000000	0.00010000
0.00000000	0.00010000
0.00000000	0.00010000
0.00000000	0.00010000
0.00000000	0.00010000
0.00000000	0.00010000
0.00000000	0.00010000
0.00000000	0.00010000
0.00000000	0.00010000
0.00000000	0.00010000
0.00000000	0.00010000
0.00000000	0.00010000
0.00000000	0.00010000
0.00000000	0.00010000
0.00000000	0.00010000
0.00000000	0.00010000
0.00000000	0.00010000
0.00000000	0.00010000
0.00000000	0.00010000
0.00000000	0.00010000
0.00000000	0.00010000
0.00000000	0.00010000
0.00000000	0.02940000
0.00000000	0.00000000
0.00000000	0.00000000
0.00000000	0.00000000
0.00000000	0.00000000
0.00000000	0.00000000
0.00000000	0.00000000
0.00000000	0.00000000
0.00000000	0.00000000
0.00000000	0.00000000
0.00000000	0.00000000
0.00000000	0.00000000
0.00000000	0.00000000
0.00000000	0.00000000
0.00000000	0.00000000
0.00000000	0.00000000
0.00000000	0.00000000
0.00000000	0.00000000
0.00000000	0.00000000
0.00000000	0.00000000
0.00000000	0.00000000
0.00000000	0.00000000
0.00000000	0.00000000
0.00000000	0.00000000
0.00000000	0.00000000
0.00000000	0.00000000
0.00000000	0.00000000
0.00000000	0.00000000
0.00000000	0.00000000
0.00000000	0.00000000
0.00000000	0.00000000
0.00000000	0.00000000
0.00000000	0.00000000
0.00000000	0.00000000
0.00000000	0.00000000
0.00000000	0.00000000
0.00000000	0.00000000
0.00000000	0.00000000
0.00000000	0.00000000
0.00000000	0.00000000
0.00000000	0.00000000
0.00000000	0.00000000
0.00000000	0.00000000
0.00000000	0.00000000
0.00000000	0.01780000
0.00000000	0.00000000
0.00000000	0.00060000
0.00000000	0.00000000
0.00000000	0.00000000
0.00000000	0.00000000
0.00000000	0.00000000
0.00000000	0.00000000
0.00000000	0.00000000
0.00000000	0.00000000
0.00000000	0.00000000
0.00000000	0.00000000
0.00000000	0.00000000
0.00000000	0.00000000
0.00000000	0.00000000
0.00000000	0.00000000
0.00000000	0.00000000
0.00000000	0.00000000
0.00000000	0.00000000
0.00000000	0.00000000
0.00000000	0.00000000
0.00000000	0.00000000
0.00000000	0.00000000
0.00000000	0.00000000
0.00000000	0.00000000
0.00000000	0.00000000
0.00000000	0.00000000
0.00000000	0.06910000
0.00000000	0.13580000
0.00000000	0.06200000
0.00000000	0.00000000
0.00000000	0.00000000
0.00000000	0.00000000
0.00000000	0.00000000
0.00000000	0.00000000
0.00000000	0.00000000
0.00000000	0.00000000
0.00000000	0.00000000
0.00000000	0.00000000
0.00000000	0.00170000
0.00000000	0.09520000
0.00000000	0.10880000
0.00000000	0.06550000
0.00000000	0.10790000
0.11750000	0.03080000
0.02300000	0.00000000
0.00090000	0.00000000
0.00000000	0.00000000
0.00000000	0.00000000
0.00000000	0.00000000
0.00000000	0.00000000
0.00000000	0.00000000
0.00000000	0.00000000
0.00000000	0.00180000
0.00000000	0.08760000
0.00050000	0.00000000
0.00030000	0.06440000
0.00050000	0.03390000
0.00180000	0.02820000
0.01280000	0.03020000
0.01400000	0.00000000
0.01280000	0.00000000
0.01210000	0.00000000
0.01230000	0.00160000
0.01660000	0.03120000
0.63850000	0.07140000
0.22990000	0.00000000
0.14050000	0.08160000
0.11240000	0.00000000
0.08050000	0.00000000
0.07920000	0.09980000
0.06770000	0.19970000
0.05360000	0.50870000
0.04850000	0.54250000
0.04600000	0.52850000
0.04340000	0.45330000
0.04090000	0.39330000
0.03960000	0.34540000
0.05360000	0.33800000
0.06900000	0.29100000
0.05870000	0.25420000
0.04980000	0.26900000
0.04980000	0.24630000
0.04850000	0.22780000
0.04730000	0.21250000
0.04470000	0.19990000
0.04340000	0.18930000
0.04210000	0.18040000
0.04090000	0.17270000
0.04090000	0.16610000
0.03830000	0.16030000
0.03700000	0.15520000
0.03700000	0.15070000
0.03700000	0.14650000
0.03580000	0.14270000
0.03450000	0.13920000
0.20430000	0.28600000
0.39590000	0.43720000
0.24260000	0.67620000
0.16600000	0.69210000
0.11370000	0.68110000
0.09450000	0.59980000
0.07920000	0.53440000
0.07150000	0.48180000
0.06510000	0.43920000
0.06000000	0.40440000
0.05750000	0.37590000
0.05490000	0.35240000
0.05490000	0.33280000
0.05360000	0.31630000
0.05110000	0.30230000
0.05870000	0.30520000
0.06000000	0.27970000
0.05360000	0.27050000
0.04980000	0.26230000
0.04850000	0.25480000
0.04850000	0.24810000
0.04730000	0.24190000
0.04600000	0.23610000
0.04470000	0.23060000
0.04340000	0.22550000
0.04210000	0.22070000
0.04470000	0.21600000
0.05360000	0.25640000
0.05110000	0.20720000
0.05110000	0.20310000
0.04850000	0.19900000
0.04850000	0.19510000
0.04850000	0.19130000
0.04850000	0.18760000
0.04600000	0.18390000
0.04850000	0.18040000
0.04470000	0.17690000
0.04470000	0.17350000
0.04470000	0.17020000
0.04470000	0.16690000
0.04470000	0.16380000
0.04600000	0.17130000
0.05110000	0.26210000
0.08430000	0.27480000
0.07410000	0.15540000
0.06260000	0.14870000
0.05360000	0.14590000
0.05110000	0.14310000
0.04730000	0.14040000
0.04470000	0.13770000
0.04470000	0.13510000
0.04340000	0.13260000
0.03830000	0.13000000
0.03830000	0.12760000
0.03830000	0.12510000
0.03960000	0.12280000
0.04090000	0.12040000
0.03830000	0.11810000
0.03830000	0.11590000
0.03830000	0.11370000
0.03830000	0.11150000
0.03960000	0.10940000
0.03960000	0.10730000
0.03960000	0.10530000
0.03960000	0.10330000
0.03700000	0.10130000
0.04340000	0.14040000
0.05110000	0.09750000
0.04980000	0.09570000
0.04340000	0.09380000
0.03960000	0.09210000
0.03450000	0.09030000
0.03450000	0.08860000
0.03060000	0.08690000
0.02680000	0.08530000
0.02810000	0.08360000
0.02430000	0.08210000
0.02300000	0.08050000
0.02300000	0.07900000
0.02040000	0.07750000
0.01920000	0.07600000
0.01920000	0.07460000
0.02040000	0.07310000
0.01920000	0.07170000
0.01790000	0.07040000
0.01530000	0.06900000
0.01400000	0.06770000
0.01110000	0.06640000
0.00840000	0.06520000
0.00770000	0.06390000
0.00980000	0.06270000
0.01280000	0.06150000
0.01090000	0.06040000
0.01050000	0.05920000
0.00890000	0.05810000
0.00550000	0.05700000
0.00470000	0.05590000
0.00410000	0.05480000
0.00460000	0.05380000
0.00430000	0.05280000
0.00400000	0.05180000
0.00410000	0.05080000
0.00540000	0.09210000
0.00770000	0.04890000
0.00790000	0.04800000
0.00590000	0.04700000
0.00460000	0.04620000
0.00430000	0.04530000
0.00430000	0.04440000
0.00320000	0.04360000
0.00550000	0.04270000
0.00840000	0.04190000
0.00920000	0.04110000
0.00880000	0.04040000
0.00770000	0.03960000
0.00770000	0.03880000
0.00770000	0.03810000
0.00700000	0.03740000
0.00650000	0.03670000
0.00600000	0.03600000
0.00560000	0.03530000
0.00510000	0.03460000
0.00500000	0.03400000
0.00510000	0.03330000
0.00410000	0.03270000
0.00270000	0.03210000
0.00330000	0.03140000
0.00400000	0.03080000
0.00360000	0.03030000
0.00220000	0.02970000
0.00200000	0.02910000
0.00170000	0.02860000
0.00140000	0.02800000
0.00130000	0.02750000
0.00130000	0.02700000
0.00090000	0.02650000
0.00060000	0.02600000
0.00060000	0.02550000
0.00040000	0.02500000
0.00040000	0.02450000
0.00040000	0.02400000
0.00030000	0.02360000
0.00030000	0.02310000
0.00030000	0.02270000
0.00030000	0.02230000
0.00010000	0.02180000
0.00010000	0.02140000
0.00010000	0.02100000
0.00000000	0.02060000
0.00000000	0.02020000
0.00010000	0.01980000
0.00000000	0.01950000
0.00000000	0.01910000
0.00000000	0.01870000
0.00000000	0.01840000
0.00000000	0.01800000
0.00000000	0.01770000
0.00000000	0.01740000
0.00000000	0.01700000
0.00000000	0.01670000
0.00000000	0.01640000
0.00000000	0.01610000
0.00000000	0.01580000
0.00000000	0.01550000
0.00000000	0.01520000
0.00000000	0.01490000
0.00000000	0.01460000
0.00000000	0.01430000
0.00000000	0.01400000
0.00000000	0.01380000
0.00000000	0.01350000
0.00000000	0.01330000
0.00000000	0.01300000
0.00000000	0.01280000
0.00000000	0.01250000
0.00000000	0.01230000
0.00000000	0.01210000
0.00000000	0.01180000
0.00000000	0.01160000
0.00000000	0.01140000
0.00000000	0.01120000
0.00000000	0.01090000
0.00000000	0.01070000
0.00000000	0.01050000
0.00000000	0.01030000
0.00000000	0.01010000
0.00000000	0.00990000
0.00000000	0.00980000
0.00000000	0.00960000
0.00000000	0.00940000
0.00000000	0.00920000
0.00000000	0.00900000
0.00000000	0.00890000
0.00000000	0.00870000
0.00000000	0.00850000
0.00000000	0.00840000
0.00000000	0.00820000
0.00000000	0.00810000
0.00000000	0.00790000
0.00000000	0.00780000
0.00000000	0.00760000
0.00000000	0.00750000
0.00000000	0.00730000
0.00000000	0.00720000
0.00000000	0.00700000
0.00000000	0.00690000
0.00000000	0.00680000
0.00000000	0.00660000
0.00000000	0.00650000
0.00000000	0.00640000
0.00000000	0.00630000
0.00000000	0.00620000
0.00000000	0.00600000
0.00000000	0.00590000
0.00000000	0.00580000
0.00000000	0.00570000
0.00000000	0.00560000
0.00000000	0.00550000
0.00000000	0.00540000
0.00000000	0.00530000
0.00000000	0.00520000
0.00000000	0.00510000
0.00000000	0.00500000
0.00000000	0.00490000
0.00000000	0.00480000
0.00000000	0.00470000
0.00000000	0.00460000
0.00000000	0.00450000
0.00000000	0.00440000
0.00000000	0.00440000
0.00000000	0.00430000
0.00000000	0.00420000
0.00000000	0.00410000
0.00000000	0.00400000
0.00000000	0.00400000
0.00000000	0.00390000
0.00000000	0.00380000
0.00000000	0.00370000
0.00000000	0.00370000
0.00000000	0.00360000
0.00000000	0.00350000
0.00000000	0.00350000
0.00000000	0.00340000
0.00000000	0.00330000
0.00000000	0.00330000
0.00000000	0.00320000
0.00000000	0.00310000
0.00000000	0.00310000
0.00000000	0.00300000
0.00000000	0.00300000
0.00000000	0.00290000
0.00000000	0.00290000
0.00000000	0.00280000
0.00000000	0.00280000
0.00000000	0.00270000
0.00000000	0.00260000
0.00000000	0.00260000
0.00000000	0.00250000
0.00000000	0.00250000
0.00000000	0.00250000
0.00000000	0.00240000
0.00000000	0.00240000
0.00000000	0.00230000
0.00000000	0.00230000
0.00000000	0.00220000
0.00000000	0.00220000
0.00000000	0.00210000
0.00000000	0.00210000
0.00000000	0.00210000
0.00000000	0.00200000
0.00000000	0.00200000
0.00000000	0.00190000
0.00000000	0.00190000
0.00000000	0.00190000
0.00000000	0.00180000
0.00000000	0.00180000
0.00000000	0.00180000
0.00000000	0.00170000
0.00000000	0.01500000
0.00000000	0.00170000
0.00000000	0.00160000
0.00000000	0.00160000
0.00000000	0.00160000
0.00000000	0.00150000
0.00000000	0.00150000
0.00000000	0.00150000
0.00000000	0.00150000
0.00000000	0.00140000
0.00000000	0.00140000
0.00000000	0.00140000
0.00000000	0.00140000
0.00000000	0.00130000
0.00000000	0.00130000
0.00000000	0.00130000
0.00000000	0.00130000
0.00000000	0.00120000
0.00000000	0.00120000
0.00000000	0.00120000
0.00000000	0.00120000
0.00000000	0.00110000
0.00000000	0.08310000
0.00000000	0.12140000
0.00000000	0.05250000
0.00000000	0.00110000
0.00000000	0.00100000
0.00000000	0.00100000
0.00000000	0.00100000
0.00000000	0.00100000
0.00000000	0.00100000
0.00000000	0.02510000
0.00000000	0.00090000
0.00000000	0.00090000
0.00000000	0.00090000
0.00000000	0.00090000
0.00000000	0.00090000
0.00000000	0.00080000
0.00000000	0.00080000
0.00000000	0.01630000
0.00000000	0.00090000
0.00000000	0.00080000
0.00000000	0.00080000
0.00000000	0.00070000
0.00000000	0.00070000
0.00000000	0.00070000
0.00000000	0.00070000
0.00000000	0.00070000
0.00000000	0.00070000
0.00000000	0.00070000
0.00000000	0.00070000
0.00000000	0.00060000
0.00000000	0.00060000
0.00000000	0.00060000
0.00000000	0.00060000
0.00000000	0.00060000
0.00000000	0.00060000
0.00000000	0.00060000
0.00000000	0.00060000
0.00000000	0.00050000
0.00000000	0.00050000
0.00000000	0.00050000
0.00000000	0.00050000
0.00000000	0.00050000
0.00000000	0.00050000
0.00000000	0.00050000
0.00000000	0.00050000
0.00000000	0.00050000
0.00000000	0.00050000
0.00000000	0.00050000
0.00000000	0.00040000
0.00000000	0.00040000
0.00000000	0.00040000
0.00000000	0.00040000
0.00000000	0.00040000
0.00000000	0.00040000
0.00000000	0.00040000
0.00000000	0.00040000
0.00000000	0.00040000
0.00000000	0.00040000
0.00000000	0.00040000
0.00000000	0.00040000
0.00000000	0.00040000
0.00000000	0.00030000
0.00000000	0.00030000
0.00000000	0.00030000
0.00000000	0.00030000
0.00000000	0.00030000
0.00000000	0.00030000
0.00000000	0.00030000
0.00000000	0.00030000
0.00000000	0.00030000
0.00000000	0.00030000
0.00000000	0.00030000
0.00000000	0.00030000
0.00000000	0.00030000
0.00000000	0.00030000
0.00000000	0.02530000
0.00000000	0.00030000
0.00000000	0.00030000
0.00000000	0.02860000
0.00000000	0.05080000
0.00000000	0.00020000
0.00000000	0.00020000
0.00000000	0.00020000
0.00000000	0.00020000
0.00000000	0.00020000
0.00000000	0.00020000
0.00000000	0.00020000
0.00000000	0.00020000
0.00000000	0.00020000
0.00000000	0.00020000
0.00000000	0.00020000
0.00000000	0.00020000
0.00000000	0.00020000
0.00000000	0.00020000
0.00000000	0.00020000
0.00000000	0.00020000
0.00000000	0.00020000
0.00000000	0.00020000
0.00000000	0.10470000
0.00000000	0.13630000
0.61300000	0.26190000
3.48640000	0.22650000
1.20040000	0.11040000
0.45970000	0.00020000
0.19160000	0.00020000
0.11240000	0.00010000
0.07150000	0.00010000
0.06130000	0.00010000
0.04600000	0.00010000
0.03580000	0.00010000
0.02810000	0.00010000
0.02550000	0.00010000
0.02300000	0.00010000
0.02170000	0.00010000
0.01920000	0.00010000
0.01920000	0.00010000
0.01660000	0.00010000
0.01660000	0.00010000
0.01530000	0.00010000
0.01400000	0.00010000
0.01400000	0.00010000
0.01530000	0.00010000
0.01530000	0.00010000
0.01660000	0.00010000
0.01660000	0.00010000
0.01530000	0.00010000
0.01660000	0.00540000
0.02040000	0.00800000
0.01790000	0.00010000
0.01530000	0.00010000
0.01660000	0.04120000
0.01530000	0.00010000
0.02940000	0.07840000
0.03700000	0.06370000
0.02810000	0.00010000
0.02430000	0.00010000
0.02300000	0.00010000
0.02040000	0.00010000
0.01790000	0.00010000
0.01400000	0.00010000
0.01280000	0.00010000
0.01240000	0.00010000
0.01210000	0.00010000
0.01100000	0.00010000
0.01200000	0.00010000
0.01190000	0.00010000
0.01010000	0.00010000
0.01010000	0.00010000
0.01030000	0.00010000
0.01190000	0.00010000
0.01400000	0.00010000
0.01400000	0.00010000
0.00950000	0.00010000
0.00750000	0.00010000
0.00750000	0.00010000
0.00720000	0.00010000
0.00750000	0.00010000
0.01280000	0.04010000
0.01400000	0.00010000
0.01230000	0.00010000
0.00700000	0.00010000
0.00510000	0.00010000
0.00470000	0.00000000
0.00420000	0.00000000
0.00360000	0.00000000
0.00330000	0.00000000
0.00310000	0.00000000
0.00290000	0.00000000
0.00280000	0.00000000
0.00280000	0.00000000
0.00230000	0.00000000
0.00230000	0.00000000
0.00230000	0.00000000
0.00220000	0.00000000
0.00180000	0.00000000
0.00150000	0.00000000
0.00130000	0.00000000
0.00130000	0.00000000
0.00100000	0.00000000
0.00100000	0.00000000
0.00080000	0.00000000
0.00080000	0.00000000
0.00140000	0.00000000
0.00090000	0.00000000
0.00060000	0.00000000
0.00060000	0.00000000
0.00050000	0.00000000
0.00060000	0.00000000
0.00050000	0.00000000
0.00040000	0.00000000
0.00040000	0.00000000
0.00040000	0.00000000
0.00030000	0.00000000
0.00030000	0.00000000
0.00040000	0.00000000
0.00040000	0.00000000
0.00040000	0.00000000
0.00040000	0.00000000
0.00030000	0.00000000
0.00030000	0.00000000
0.00030000	0.00000000
0.00030000	0.00000000
0.00040000	0.00000000
0.00040000	0.00000000
0.00040000	0.00000000
0.00040000	0.00000000
0.00030000	0.00000000
0.00030000	0.00000000
0.00040000	0.00000000
0.00030000	0.00000000
0.00040000	0.00000000
0.00040000	0.00000000
0.00030000	0.00000000
0.00030000	0.00000000
0.00030000	0.00000000
0.00030000	0.00000000
0.00010000	0.00000000
0.00010000	0.00000000
0.00030000	0.00000000
0.00030000	0.00000000
0.00010000	0.00000000
0.00010000	0.00000000
0.00010000	0.00000000
0.00010000	0.00000000
0.00010000	0.00000000
0.00010000	0.00000000
0.00010000	0.00000000
0.00010000	0.00000000
0.00010000	0.00000000
0.00000000	0.00000000
0.00000000	0.00000000
0.00000000	0.00000000
0.00000000	0.00000000
0.00000000	0.00000000
0.00000000	0.00000000
0.00000000	0.00000000
0.00000000	0.00000000
0.00000000	0.00000000
0.00000000	0.00000000
0.00000000	0.00000000
0.00000000	0.00000000
0.00000000	0.00000000
0.00000000	0.00000000
0.00000000	0.00000000
0.00000000	0.00000000
0.00000000	0.00000000
0.00000000	0.00000000
0.00000000	0.00000000
0.00000000	0.00000000
0.00000000	0.00000000
0.00000000	0.00000000
0.00000000	0.00000000
0.00000000	0.00000000
0.00000000	0.00000000
0.00000000	0.00000000
0.00000000	0.00000000
0.00000000	0.00000000
0.00000000	0.00000000
0.00000000	0.00000000
0.00000000	0.00000000
0.00000000	0.00000000
0.00000000	0.00000000
0.00000000	0.00000000
0.00000000	0.00000000
0.00000000	0.00000000
0.00000000	0.00000000
0.00000000	0.00000000
0.00000000	0.00000000
0.00000000	0.00000000
0.00000000	0.00000000
0.00000000	0.00000000
0.00000000	0.00000000
0.00000000	0.00000000
0.00000000	0.00000000
0.00000000	0.00000000
0.00000000	0.00000000
0.00000000	0.00000000
0.00000000	0.00000000
0.00000000	0.00000000
0.00000000	0.00000000
0.00000000	0.00000000
0.00000000	0.00000000
0.00000000	0.00000000
0.00000000	0.00000000
0.00000000	0.00000000
0.00000000	0.00000000
0.00000000	0.00000000
0.00000000	0.00000000
0.00000000	0.00000000
0.00000000	0.00000000
0.00000000	0.00000000
0.00000000	0.00000000
0.00000000	0.00000000
0.00000000	0.00000000
0.00000000	0.00000000
0.00000000	0.00000000
0.00000000	0.00000000
0.00000000	0.00000000
0.00000000	0.00000000
0.00000000	0.00000000
0.00000000	0.00000000
0.00000000	0.00000000
0.00000000	0.00000000
0.00000000	0.00000000
0.00000000	0.00000000
0.00000000	0.00000000
0.00000000	0.00000000
0.00000000	0.00000000
0.00000000	0.00000000
0.00000000	0.00000000
0.00000000	0.00000000
0.00000000	0.00000000
0.00000000	0.00000000
0.00000000	0.00000000
0.00000000	0.00000000
0.00000000	0.00000000
0.00000000	0.00000000
0.00000000	0.00000000
0.00000000	0.00000000
0.00000000	0.00000000
0.00000000	0.00000000
0.00000000	0.00000000
0.00000000	0.00000000
0.00000000	0.00000000
0.00000000	0.00000000
0.00000000	0.00000000
0.00000000	0.00000000
0.00000000	0.00000000
0.00000000	0.00000000
0.00000000	0.00000000
0.00000000	0.00000000
0.00000000	0.00000000
0.00000000	0.00010000
0.00000000	0.00000000
0.00000000	0.00000000
0.00000000	0.00000000
0.00000000	0.00000000
0.00000000	0.00000000
0.00000000	0.00000000
0.00000000	0.00000000
0.00000000	0.00000000
0.00000000	0.00000000
0.00000000	0.00000000
0.00000000	0.00000000
0.00000000	0.00000000
0.00000000	0.00000000
0.00000000	0.11340000
0.00000000	0.00000000
0.00000000	0.00000000
0.00000000	0.00000000
0.00000000	0.00000000
0.00000000	0.00000000
0.00000000	0.00000000
0.00000000	0.00000000
0.00000000	0.00000000
0.00000000	0.00000000
0.00000000	0.00000000
0.00000000	0.00000000
0.00000000	0.00000000
0.00000000	0.00000000
0.00000000	0.00000000
0.00000000	0.00000000
0.00000000	0.00000000
0.00000000	0.00000000
0.00000000	0.00000000
0.00000000	0.00000000
0.00000000	0.00000000
0.00000000	0.00000000
0.00000000	0.00000000
0.00000000	0.00000000
0.00000000	0.00000000
0.00000000	0.00000000
0.00000000	0.00000000
0.00000000	0.00000000
0.00000000	0.00000000
0.00000000	0.00000000
0.00000000	0.00000000
0.00000000	0.12050000
0.00000000	0.19310000
0.00000000	0.06790000
0.00000000	0.00000000
0.00000000	0.00000000
0.00000000	0.00000000
0.00000000	0.00000000
0.00000000	0.00000000
0.00000000	0.00000000
0.00000000	0.01390000
1.06000000	0.32130000
0.20430000	0.03620000
0.06130000	0.00000000
0.03320000	0.00000000
0.03060000	0.10020000
0.04730000	0.08960000
0.04090000	0.02790000
0.01790000	0.00000000
0.00880000	0.00000000
0.00560000	0.00000000
0.00400000	0.00000000
0.00360000	0.00000000
0.00360000	0.00000000
0.00330000	0.00000000
0.00280000	0.00000000
0.00270000	0.00000000
0.00230000	0.00000000
0.00230000	0.00000000
0.00270000	0.00000000
0.00280000	0.00000000
