0.00130000	0.03750000
0.00120000	0.03670000
0.00090000	0.03590000
0.00070000	0.03520000
0.00050000	0.03440000
0.00030000	0.03370000
0.00010000	0.03300000
0.00000000	0.03230000
0.00000000	0.03160000
0.00000000	0.03100000
0.00070000	0.04510000
0.00550000	0.14650000
0.00570000	0.07560000
0.00800000	0.12740000
0.00830000	0.05630000
0.00700000	0.02730000
0.00600000	0.02720000
0.00560000	0.02650000
0.00470000	0.02590000
0.00460000	0.02530000
0.00440000	0.02470000
0.00400000	0.02420000
0.00390000	0.02360000
0.00350000	0.02310000
0.00380000	0.07220000
0.00350000	0.02220000
0.00390000	0.02170000
0.00460000	0.02120000
0.00460000	0.02080000
0.00460000	0.02030000
0.00490000	0.01990000
0.00600000	0.01950000
0.00800000	0.05040000
0.00800000	0.01870000
0.00800000	0.01830000
0.00720000	0.01790000
0.00650000	0.01750000
0.01710000	0.08460000
0.01410000	0.05170000
0.01010000	0.01900000
0.00910000	0.02010000
0.00880000	0.01900000
0.00920000	0.01800000
0.00970000	0.01720000
0.01010000	0.01660000
0.01110000	0.01600000
0.01110000	0.01550000
0.01110000	0.01500000
0.01110000	0.01460000
0.01110000	0.01420000
0.01010000	0.01390000
0.01210000	0.02120000
0.03020000	0.09680000
0.01910000	0.03140000
0.01110000	0.05760000
0.00910000	0.01970000
0.00810000	0.02040000
0.00740000	0.01850000
0.00730000	0.01710000
0.01710000	0.39170000
0.03930000	1.70580000
0.22160000	0.03310000
9.74250000	14.42600000
17.53040000	22.69380000
11.38470000	14.46660000
4.08040000	4.86950000
2.52880000	3.48910000
1.82360000	1.15350000
1.36010000	1.33850000
1.05790000	1.07870000
0.85640000	0.88210000
0.71530000	0.73290000
0.60450000	0.61940000
0.50370000	0.53270000
0.43320000	0.46610000
0.39290000	0.41480000
0.33250000	0.37480000
0.29220000	0.34350000
0.26190000	0.31870000
0.23170000	0.29880000
0.21160000	0.28260000
0.89670000	2.72420000
1.27950000	3.00750000
0.88660000	1.43140000
0.72540000	1.46740000
0.83620000	2.35010000
0.85640000	1.42910000
0.86640000	1.90660000
1.16870000	2.27330000
1.04780000	1.85250000
0.90670000	1.60810000
0.78580000	1.37500000
0.69520000	1.19640000
0.61460000	1.05890000
0.71530000	0.99220000
0.94700000	2.77380000
0.78580000	1.38720000
0.70520000	1.54950000
0.63470000	1.34510000
0.55410000	1.18780000
0.49370000	1.06590000
0.45340000	0.97070000
0.41310000	0.89570000
0.36270000	0.83580000
0.33250000	0.78740000
0.30220000	0.74770000
0.28210000	0.71460000
0.28210000	3.73900000
0.41310000	8.13200000
0.54400000	4.77100000
0.88660000	4.35100000
1.19890000	3.44970000
1.26940000	3.29060000
10.47800000	14.48140000
9.52080000	13.91350000
5.20880000	8.66740000
3.44560000	4.47750000
3.82850000	6.98750000
17.83270000	5.28640000
23.37390000	3.92560000
12.79520000	3.39390000
7.64690000	2.97570000
5.28930000	2.64650000
4.01990000	2.39210000
3.28440000	2.20870000
2.91170000	2.05160000
2.73030000	1.92070000
2.37770000	1.97060000
2.25680000	1.96560000
2.01500000	2.05000000
1.81350000	1.90550000
1.72280000	1.78980000
1.65230000	1.69530000
1.61200000	1.64550000
1.53140000	1.55100000
9.31930000	5.63160000
19.64620000	18.30780000
9.08760000	9.95050000
7.55620000	5.08890000
7.71740000	9.58120000
5.61170000	5.81200000
4.86620000	4.25850000
4.26170000	4.72610000
3.50610000	3.64250000
2.91170000	3.53940000
2.59930000	3.13920000
3.01240000	3.34480000
3.27440000	4.97190000
4.11060000	8.25990000
4.67480000	6.45020000
4.41280000	3.72060000
4.11060000	3.48490000
3.76800000	3.11410000
3.47590000	2.82510000
4.63450000	3.31980000
4.04010000	3.76140000
3.46580000	2.89270000
3.00230000	2.67790000
2.67990000	2.45570000
2.40790000	2.29730000
2.17620000	2.16880000
2.00490000	2.06300000
1.85380000	1.97440000
1.72280000	1.92240000
1.57170000	1.83360000
1.83360000	1.82900000
2.27690000	2.19510000
1.88400000	1.77540000
1.78330000	2.09840000
1.85380000	1.98190000
1.95450000	2.28040000
3.64710000	5.83030000
5.54120000	5.48620000
4.44310000	2.98680000
3.54640000	3.02610000
7.10280000	4.46090000
9.12790000	3.88050000
8.04990000	2.98830000
6.47820000	2.65080000
5.48080000	2.56720000
4.56400000	3.21900000
3.80830000	2.55200000
3.55650000	2.72860000
3.10310000	2.43270000
2.70010000	2.35380000
2.41800000	2.16580000
2.15600000	2.01630000
1.98480000	1.89580000
1.83360000	1.79730000
1.66240000	1.71550000
1.53140000	1.64630000
1.41050000	1.58690000
1.30970000	1.53490000
1.20900000	1.48860000
1.13850000	1.44690000
1.04780000	1.40860000
0.96720000	1.37300000
0.89670000	1.33970000
0.86640000	1.30830000
0.84630000	1.27830000
1.19890000	1.31970000
1.40040000	1.26670000
1.12840000	1.19520000
0.98730000	1.16930000
0.89670000	1.14410000
0.84630000	1.11960000
0.81610000	1.09580000
0.81610000	1.10720000
0.77580000	1.04980000
0.71530000	1.02760000
0.66490000	1.00590000
0.61460000	0.98470000
0.57430000	0.96400000
0.54400000	0.94370000
0.50370000	0.92380000
0.47350000	0.90440000
0.45340000	0.88540000
0.43320000	0.86680000
0.42310000	0.84860000
0.39290000	0.83080000
0.37280000	0.81330000
0.35260000	0.79620000
0.33250000	0.77950000
0.31230000	0.76310000
0.28210000	0.74710000
0.28210000	0.73140000
0.28210000	0.71600000
0.28210000	0.70220000
0.33250000	0.70960000
1.58180000	0.84480000
1.26940000	0.70560000
1.14850000	0.68600000
0.93700000	0.63040000
0.79590000	0.61720000
0.70520000	0.60420000
0.62460000	0.59150000
0.65490000	0.61910000
0.66490000	0.58930000
0.57430000	0.55500000
0.48360000	0.54340000
0.43320000	0.53200000
0.38280000	0.52080000
0.37280000	0.50990000
0.34250000	0.49920000
0.32240000	0.48870000
0.28210000	0.47840000
0.26190000	0.46840000
0.24180000	0.45850000
0.22160000	0.44890000
0.21160000	0.43950000
0.24180000	0.46060000
0.22160000	0.42120000
0.21160000	0.41240000
0.19140000	0.40370000
0.19140000	0.39520000
0.19140000	0.38690000
0.18130000	0.37880000
0.17130000	0.37080000
0.16120000	0.36310000
0.15110000	0.35540000
0.14100000	0.34800000
0.13100000	0.34070000
0.12090000	0.33350000
0.12090000	0.32650000
0.11080000	0.31970000
0.10070000	0.31290000
0.09770000	0.30640000
0.09370000	0.29990000
0.08560000	0.29360000
0.08160000	0.28750000
0.07760000	0.28140000
0.07250000	0.27550000
0.07150000	0.26970000
0.06650000	0.26410000
0.06350000	0.25850000
0.05940000	0.25310000
0.05640000	0.24780000
0.05340000	0.24260000
0.05340000	0.23750000
0.05140000	0.23250000
0.04740000	0.22760000
0.04430000	0.22280000
0.04130000	0.21820000
0.03930000	0.21360000
0.03730000	0.20910000
0.03630000	0.20470000
0.03430000	0.20040000
0.03320000	0.19620000
0.03120000	0.19210000
0.02820000	0.18800000
0.02620000	0.18410000
0.02620000	0.18020000
0.02520000	0.17640000
0.02320000	0.17270000
0.02120000	0.16910000
0.01910000	0.16560000
0.01710000	0.16210000
0.01610000	0.15870000
0.01510000	0.15530000
0.01610000	0.15210000
0.01610000	0.14890000
0.01510000	0.14580000
0.01410000	0.14270000
0.01410000	0.13970000
0.01410000	0.13680000
0.01310000	0.13390000
0.01310000	0.13110000
0.01310000	0.12830000
0.01210000	0.12560000
0.01210000	0.12300000
0.01210000	0.12040000
0.01210000	0.11790000
0.01010000	0.11540000
0.01010000	0.11300000
0.01010000	0.11060000
0.00970000	0.10830000
0.00980000	0.10600000
0.00930000	0.10380000
0.00930000	0.10160000
0.00890000	0.09950000
0.00860000	0.09740000
0.00800000	0.09530000
0.00800000	0.09330000
0.00770000	0.09140000
0.00820000	0.08950000
0.00720000	0.08760000
0.00630000	0.08570000
0.00660000	0.08390000
0.00630000	0.08220000
0.00580000	0.08050000
0.00550000	0.07880000
0.00490000	0.07710000
0.00520000	0.07550000
0.00460000	0.07390000
0.00470000	0.07240000
0.00460000	0.07080000
0.00450000	0.06930000
0.00450000	0.06790000
0.00400000	0.06650000
0.00440000	0.06510000
0.00400000	0.06370000
0.00380000	0.06240000
0.00340000	0.06110000
0.00300000	0.05980000
0.00280000	0.05850000
0.00250000	0.05730000
0.00220000	0.05610000
0.00170000	0.05490000
0.00110000	0.05380000
0.00080000	0.05260000
0.00040000	0.05150000
0.00030000	0.05040000
0.00010000	0.04940000
0.00000000	0.04830000
0.00000000	0.04730000
0.00000000	0.04630000
0.00000000	0.04540000
0.00000000	0.04440000
0.00050000	0.04870000
0.00100000	0.05680000
0.00230000	0.05610000
0.01710000	0.18250000
0.00970000	0.05730000
0.00630000	0.03910000
0.00550000	0.03830000
0.00450000	0.03750000
0.00400000	0.04140000
0.00400000	0.03590000
0.00400000	0.03520000
0.00400000	0.03440000
0.00580000	0.04710000
0.01310000	0.13160000
0.01000000	0.03250000
0.00950000	0.03160000
0.04430000	0.13050000
0.02620000	0.04870000
0.01410000	0.02970000
0.01210000	0.02900000
0.01110000	0.02840000
0.01010000	0.02780000
0.00990000	0.02730000
0.00920000	0.02670000
0.00880000	0.02610000
0.00850000	0.02560000
0.00800000	0.02500000
0.00800000	0.02450000
0.00800000	0.02400000
0.00800000	0.02350000
0.00800000	0.02300000
0.00840000	0.02250000
0.00980000	0.02200000
0.02520000	0.08770000
1.44070000	2.22400000
3.06280000	3.45020000
1.10820000	0.08530000
0.55410000	0.04550000
0.30220000	0.04150000
0.22160000	0.03710000
0.23170000	0.03360000
0.23170000	0.03090000
0.21160000	0.02870000
0.19140000	0.02700000
0.18130000	0.02550000
0.17130000	0.02440000
0.16120000	0.02340000
0.17130000	0.07990000
0.24180000	0.02180000
1.19890000	3.96030000
3.52620000	7.13820000
9.01710000	12.17890000
26.09410000	18.51250000
29.01590000	22.21950000
23.67610000	17.09140000
11.48540000	6.17550000
6.49830000	3.45250000
4.46320000	4.33900000
6.63940000	8.73130000
8.30180000	7.12550000
16.42220000	15.40160000
14.81020000	13.82440000
9.31930000	6.11100000
7.76780000	8.14230000
6.85100000	5.93740000
5.71250000	4.31070000
4.56400000	3.68360000
3.67740000	3.17530000
3.22400000	2.80820000
3.35500000	2.49830000
3.29450000	2.35420000
2.91170000	2.15160000
2.53890000	1.99140000
7.05250000	4.68000000
7.71740000	10.26890000
5.26920000	4.83780000
6.40770000	8.43680000
8.68460000	13.12090000
6.28680000	6.42060000
7.09280000	6.65590000
13.09740000	11.86490000
14.30640000	11.55620000
15.21320000	10.85090000
10.37720000	6.58740000
7.30430000	4.85860000
23.57540000	13.22320000
65.99090000	39.31970000
44.32980000	38.86610000
25.99340000	27.78810000
14.10490000	14.54750000
9.10780000	8.48960000
6.75020000	7.33040000
5.39010000	6.46640000
4.90650000	7.71540000
5.48080000	11.78980000
5.29940000	12.40660000
12.99670000	18.42670000
14.30640000	14.06560000
11.78770000	9.21380000
10.47800000	6.17130000
8.19090000	5.89000000
6.29680000	5.27640000
6.28680000	4.79760000
6.51850000	4.42050000
5.55130000	4.12010000
4.68490000	3.87770000
4.16100000	3.67920000
3.99980000	3.51400000
4.15090000	3.37420000
4.49340000	3.25450000
4.34230000	3.14860000
3.88890000	3.05420000
3.58670000	2.96910000
3.36500000	2.89130000
3.14340000	2.81850000
2.99230000	2.75440000
3.06280000	3.37560000
2.98220000	2.85760000
2.87140000	3.20310000
2.69000000	3.01070000
2.47840000	2.85360000
2.70010000	2.72320000
3.22400000	2.61310000
3.52620000	2.52390000
5.61170000	10.32340000
5.21880000	7.47070000
4.75540000	3.85590000
4.10050000	3.53510000
3.78820000	3.22200000
3.70760000	2.97500000
3.58670000	2.78190000
3.46580000	2.62010000
3.54640000	2.49420000
3.49600000	2.38110000
3.22400000	2.28520000
2.96200000	2.20460000
2.78070000	2.13400000
2.63960000	2.07110000
2.48850000	2.01450000
2.36760000	1.96160000
2.20640000	1.91250000
2.08550000	1.86650000
8.14060000	6.13900000
27.10160000	21.72920000
31.13160000	24.96610000
31.03090000	30.51020000
15.51540000	19.91820000
9.17830000	8.96990000
14.10490000	10.80320000
8.91630000	8.66230000
6.40770000	6.04330000
5.04760000	5.27530000
4.25160000	4.67400000
3.67740000	4.19080000
3.24410000	3.81360000
3.20380000	3.52070000
3.09300000	3.33170000
2.84110000	3.08810000
8.11030000	19.87430000
7.26400000	21.63290000
6.17590000	14.17840000
5.29940000	7.86100000
4.47330000	5.71750000
3.84860000	5.05440000
3.38520000	4.50980000
3.17360000	4.11350000
2.96200000	3.78680000
3.19380000	5.72970000
3.14340000	7.91490000
2.84110000	4.04220000
2.63960000	4.15910000
2.58930000	3.81360000
2.46840000	3.51390000
2.39780000	3.31150000
2.28700000	3.07900000
2.22660000	3.23960000
2.13590000	3.05320000
2.01500000	2.88180000
1.92430000	2.74890000
1.82360000	2.63680000
1.75300000	2.54060000
1.67240000	2.45660000
1.68250000	2.38480000
1.64220000	2.32460000
1.61200000	2.28920000
1.88400000	2.19600000
1.97470000	2.14330000
2.01500000	2.22560000
2.90160000	2.04570000
2.70010000	4.78530000
3.29450000	13.88560000
5.24910000	7.79430000
4.46320000	4.05550000
3.79830000	12.57780000
3.24410000	8.73990000
2.87140000	7.63390000
2.92170000	8.99400000
3.56650000	5.85880000
7.95920000	14.61370000
42.81850000	31.38530000
23.07160000	40.55610000
25.59040000	32.91640000
26.29560000	27.50400000
13.19820000	17.96250000
8.90630000	8.93800000
7.58640000	8.00040000
7.19350000	6.91300000
7.06250000	6.07740000
7.45550000	5.43130000
7.69730000	4.92780000
7.79800000	4.53190000
7.57640000	4.21710000
6.63940000	3.96360000
5.78300000	3.75650000
5.05760000	3.58460000
4.42290000	3.43950000
4.09040000	3.31480000
3.65720000	3.20580000
3.31470000	3.10890000
3.08290000	3.02130000
2.79080000	2.94120000
2.57920000	2.86690000
2.40790000	2.79730000
2.23660000	2.73150000
2.09560000	2.66880000
1.97470000	2.60880000
1.87390000	2.55100000
1.74300000	2.49520000
1.64220000	2.44110000
1.58180000	2.38860000
1.49110000	2.33740000
1.37020000	2.28760000
1.31980000	2.23910000
1.19890000	2.19160000
1.14850000	2.14530000
1.07800000	2.10000000
1.01760000	2.05580000
0.95710000	2.01250000
0.91680000	1.97010000
0.86640000	1.92870000
0.79590000	1.88810000
0.75560000	1.84840000
0.69520000	1.80960000
0.66490000	1.77150000
0.62460000	1.73430000
0.58430000	1.69790000
0.53400000	1.66230000
0.50370000	1.62730000
0.47350000	1.59310000
0.45340000	1.55970000
0.42310000	1.52690000
0.40300000	1.49480000
0.38280000	1.46340000
0.37280000	1.43270000
0.38280000	1.40260000
0.36270000	1.37320000
0.34250000	1.34430000
0.31230000	1.31610000
0.29220000	1.28850000
0.26190000	1.26140000
0.24180000	1.23490000
0.23170000	1.20900000
0.22160000	1.18360000
0.20150000	1.15870000
0.19140000	1.13440000
0.16120000	1.11060000
0.14100000	1.08730000
0.13100000	1.06440000
0.13100000	1.04210000
0.14100000	1.02020000
0.20150000	0.99880000
0.20150000	0.97780000
0.15110000	0.95730000
0.12090000	0.93720000
0.12090000	0.91750000
0.15110000	0.95830000
0.26190000	0.94490000
0.23170000	0.87570000
0.25190000	0.88030000
0.31230000	0.82510000
0.25190000	0.80780000
0.20150000	0.79080000
0.18130000	0.77420000
0.16120000	0.75800000
0.14100000	0.74200000
0.13100000	0.72650000
0.11080000	0.71120000
0.11080000	0.69630000
0.11080000	0.68160000
0.09670000	0.66730000
0.08660000	0.65330000
0.07760000	0.63960000
0.07460000	0.62620000
0.06850000	0.61300000
0.06350000	0.60010000
0.05640000	0.58750000
0.05140000	0.57520000
0.04740000	0.56310000
0.04330000	0.55130000
0.04130000	0.53970000
0.03630000	0.52840000
0.03430000	0.51730000
0.03220000	0.50640000
0.03120000	0.49580000
0.02920000	0.48540000
0.02820000	0.47520000
0.02520000	0.46520000
0.02420000	0.45540000
0.02420000	0.44590000
0.02420000	0.43650000
0.02220000	0.42730000
0.02220000	0.41840000
0.02120000	0.40960000
0.01810000	0.40100000
0.01810000	0.39260000
0.01710000	0.38430000
0.01710000	0.37620000
0.01710000	0.36830000
0.01610000	0.36060000
0.01610000	0.35300000
0.01610000	0.34560000
0.01410000	0.33840000
0.01410000	0.33130000
0.01410000	0.32430000
0.01410000	0.31750000
0.01410000	0.31080000
0.01310000	0.30430000
0.01210000	0.29790000
0.01210000	0.29170000
0.01210000	0.28550000
0.01110000	0.27950000
0.01010000	0.27370000
0.00990000	0.26790000
0.00960000	0.26230000
0.00890000	0.25680000
0.00780000	0.25140000
0.00770000	0.24610000
0.00720000	0.24090000
0.00710000	0.23590000
0.00850000	0.23170000
0.00760000	0.22610000
0.00610000	0.22130000
0.00380000	0.21670000
0.00570000	0.21210000
0.00610000	0.20770000
0.00440000	0.20330000
0.00290000	0.19900000
0.00120000	0.19490000
0.00120000	0.19080000
0.00070000	0.18680000
0.00050000	0.18280000
0.00030000	0.17900000
0.00000000	0.17520000
0.00000000	0.17160000
0.00000000	0.16800000
0.00000000	0.16440000
0.00000000	0.16100000
0.00000000	0.15760000
0.00000000	0.18310000
0.00100000	0.19630000
0.00100000	0.17760000
0.00070000	0.14480000
0.00090000	0.14170000
0.00090000	0.13880000
0.00090000	0.13580000
0.00060000	0.13300000
0.00030000	0.13020000
0.00030000	0.12750000
0.00040000	0.12480000
0.00010000	0.12220000
0.00020000	0.11960000
0.00010000	0.11710000
0.00000000	0.11460000
0.00000000	0.11220000
0.00000000	0.10990000
0.00000000	0.10760000
0.00000000	0.10530000
0.00170000	0.10310000
0.00140000	0.18110000
0.00110000	0.09880000
0.00100000	0.09670000
0.00060000	0.09470000
0.00030000	0.09270000
0.00020000	0.09080000
0.00000000	0.08890000
0.00000000	0.08700000
0.00000000	0.08520000
0.00000000	0.08340000
0.00000000	0.08160000
0.00000000	0.07990000
0.00000000	0.07820000
0.00000000	0.10320000
0.00200000	0.08200000
0.00740000	0.17550000
0.02720000	0.07190000
0.01610000	0.07040000
0.04630000	0.20270000
0.12090000	0.19290000
0.11080000	0.08460000
0.10070000	0.07170000
1.32990000	0.15020000
1.99480000	6.50040000
0.22160000	0.09320000
0.08260000	0.08760000
0.05740000	0.08100000
0.06040000	0.07570000
0.08660000	0.07140000
0.09470000	0.06790000
0.10070000	0.06500000
0.11080000	0.06250000
0.12090000	0.11440000
0.13100000	0.09700000
0.14100000	0.05980000
0.14100000	0.05990000
0.14100000	0.05750000
0.14100000	0.05540000
0.14100000	0.05360000
0.15110000	0.05200000
0.16120000	0.05060000
3.52620000	4.32270000
14.40720000	18.58860000
6.82070000	11.24220000
4.06020000	3.83140000
2.26690000	0.09500000
2.06540000	4.81940000
2.20640000	6.22980000
1.62210000	1.52990000
1.13850000	1.34220000
0.83620000	1.08470000
1.12840000	0.88980000
5.15840000	0.74180000
14.70940000	17.96650000
10.17570000	18.83970000
6.37740000	12.70240000
4.87630000	8.94480000
5.86360000	5.35560000
6.45800000	4.10690000
5.41020000	3.41900000
4.27180000	4.89290000
2.98220000	4.12990000
2.16610000	3.11870000
1.63210000	2.70190000
1.25940000	2.37170000
0.95710000	2.11660000
1.07800000	1.91790000
1.81350000	6.08680000
1.43060000	3.75690000
12.99670000	19.47450000
33.65030000	34.99740000
32.44130000	42.68280000
12.49290000	22.57870000
8.06000000	8.67860000
8.78540000	12.75700000
28.20990000	32.97910000
23.07160000	37.82100000
14.91090000	19.69400000
8.28160000	9.00590000
6.22630000	7.84860000
5.13820000	6.76100000
4.61430000	5.92610000
3.96950000	5.28120000
3.43560000	4.77950000
3.01240000	4.38560000
2.66990000	4.07300000
2.36760000	3.82190000
2.17620000	3.61730000
2.15600000	3.46050000
1.99480000	3.32010000
1.90420000	3.18830000
1.83360000	3.22890000
1.75300000	3.15360000
1.66240000	3.07390000
1.57170000	2.96010000
1.47090000	2.86070000
1.39030000	2.77290000
1.31980000	2.69390000
1.25940000	2.62170000
1.18880000	2.55490000
1.18880000	2.52180000
1.27950000	3.33780000
1.34000000	4.97090000
4.83600000	11.60500000
7.05250000	20.19750000
4.67480000	11.39450000
4.01990000	6.05580000
6.09530000	10.84240000
7.98940000	8.44120000
21.25810000	25.49670000
11.38470000	18.54640000
46.64700000	37.62620000
38.28480000	51.24340000
17.93340000	27.00360000
12.79520000	21.93400000
10.02460000	20.11590000
8.21110000	18.87190000
6.78040000	13.35400000
5.59160000	8.28260000
4.72520000	7.30200000
4.01990000	6.48210000
3.81840000	9.14580000
6.48830000	15.92450000
12.89590000	10.87690000
16.52290000	6.32010000
20.95590000	19.40890000
32.84430000	15.43770000
16.42220000	10.55710000
18.84020000	26.37680000
17.22820000	31.10600000
12.69440000	27.91490000
11.18320000	23.00990000
10.47800000	20.91430000
9.48050000	17.42180000
18.03420000	29.50680000
13.90340000	23.63220000
9.76260000	13.08310000
7.54610000	8.96450000
7.09280000	10.58190000
6.28680000	13.00750000
6.72000000	12.69350000
11.58620000	16.51720000
13.29890000	23.87430000
16.92590000	15.73110000
19.54540000	8.14930000
24.48210000	21.61760000
16.42220000	29.27190000
12.69440000	21.92810000
9.89360000	15.13930000
8.47300000	13.51330000
7.29430000	10.27450000
8.69470000	18.27680000
7.77790000	20.11150000
6.97190000	15.67970000
7.92900000	17.44400000
6.55880000	12.68910000
14.00420000	18.19380000
29.31810000	41.98810000
17.63120000	46.59000000
12.99670000	29.19500000
10.37720000	14.34380000
9.36970000	14.24150000
7.85850000	13.45760000
6.42780000	9.01450000
5.36990000	8.04130000
5.45050000	9.32160000
6.59910000	12.63360000
8.38240000	13.11200000
10.88090000	9.46160000
10.07500000	8.13130000
8.83570000	8.61470000
10.02460000	17.48790000
8.92640000	21.12320000
12.29140000	18.36610000
28.91510000	25.19740000
25.18740000	26.15020000
14.91090000	16.26250000
12.39220000	15.38460000
9.46040000	17.45390000
7.42520000	11.32490000
6.01470000	8.00150000
4.92670000	7.20180000
4.29190000	6.57520000
3.78820000	6.08210000
3.40530000	5.68770000
3.04260000	5.36810000
2.77060000	5.10500000
2.51870000	4.88480000
2.24670000	4.69740000
2.04520000	4.53510000
1.87390000	4.39200000
1.73290000	4.26390000
1.64220000	4.14740000
1.63210000	4.04000000
1.63210000	3.98550000
1.66240000	3.87080000
1.72280000	3.77150000
1.84370000	3.67880000
5.55130000	7.33290000
5.48080000	12.89930000
6.09530000	10.91080000
6.17590000	6.23110000
9.03720000	8.81060000
10.37720000	12.09380000
8.56370000	10.22360000
7.32450000	10.07890000
6.22630000	7.69080000
5.10800000	5.45400000
4.38260000	5.14380000
3.89900000	4.67630000
4.39270000	4.35390000
4.92670000	4.06990000
4.24160000	3.79490000
3.80830000	3.60870000
3.39530000	3.42360000
3.00230000	3.28810000
2.66990000	3.17040000
2.43810000	3.06730000
2.28700000	2.97550000
2.11570000	2.89240000
1.98480000	2.81620000
1.86390000	2.74540000
1.75300000	2.67910000
1.71270000	2.61630000
1.66240000	2.55640000
1.60190000	2.49900000
1.59180000	2.44380000
1.56160000	2.39040000
1.53140000	2.33860000
1.49110000	2.28830000
1.46090000	2.23940000
1.41050000	2.19170000
1.37020000	2.14520000
1.30970000	2.09970000
1.25940000	2.05540000
1.17880000	2.01200000
1.12840000	1.96960000
1.07800000	1.92810000
1.01760000	1.88750000
0.95710000	1.84780000
0.89670000	1.80900000
0.83620000	1.77090000
0.77580000	1.73370000
0.73550000	1.69730000
0.69520000	1.66160000
0.63470000	1.62670000
0.63470000	1.59260000
0.64480000	1.58330000
0.58430000	1.52630000
0.55410000	1.49430000
0.50370000	1.46290000
0.47350000	1.43220000
0.43320000	1.40210000
0.40300000	1.37270000
0.38280000	1.34380000
0.36270000	1.31560000
0.34250000	1.28800000
0.32240000	1.26090000
0.31230000	1.23450000
0.29220000	1.20850000
0.27200000	1.18320000
0.25190000	1.15830000
0.24180000	1.13400000
0.23170000	1.11020000
0.22160000	1.08690000
0.21160000	1.06400000
0.19140000	1.04170000
0.24180000	1.06480000
0.29220000	0.99840000
0.25190000	0.97740000
0.22160000	0.95690000
0.19140000	0.93680000
0.17130000	0.91710000
0.17130000	0.89790000
0.16120000	0.87900000
0.15110000	0.86060000
0.13100000	0.84250000
0.13100000	0.82480000
0.12090000	0.80750000
0.11080000	0.79050000
0.10070000	0.77390000
0.10070000	0.75770000
0.09470000	0.74180000
0.08970000	0.72620000
0.09370000	0.71090000
0.10070000	0.69600000
0.11080000	0.70130000
0.10070000	0.66710000
0.09770000	0.65310000
0.09070000	0.63940000
0.08460000	0.62590000
0.07760000	0.61280000
0.07560000	0.59990000
0.06950000	0.58730000
0.06450000	0.57500000
0.06350000	0.56290000
0.06040000	0.55110000
0.05640000	0.53950000
0.05240000	0.52820000
0.05640000	0.51710000
0.05240000	0.50620000
0.05040000	0.49560000
0.04840000	0.48520000
0.04530000	0.47500000
0.04230000	0.46500000
0.03730000	0.45530000
0.03430000	0.44570000
0.03120000	0.43630000
0.03020000	0.42720000
0.02820000	0.41820000
0.03430000	0.41160000
0.02920000	0.40080000
0.02520000	0.39240000
0.02320000	0.38420000
0.02120000	0.37610000
0.02010000	0.36820000
0.01810000	0.36050000
0.02220000	0.39060000
0.02620000	0.34550000
0.02620000	0.37270000
0.02220000	0.33110000
0.01910000	0.32420000
0.01910000	0.31740000
0.01910000	0.31070000
0.01810000	0.30420000
0.01810000	0.29780000
0.01810000	0.29150000
0.04430000	0.45270000
0.07860000	0.43450000
0.06150000	0.33640000
0.04840000	0.26780000
0.04030000	0.26220000
0.03730000	0.25670000
0.03120000	0.25130000
0.03120000	0.24600000
0.03120000	0.24080000
0.03120000	0.23580000
0.02820000	0.23080000
0.02620000	0.22600000
0.03120000	0.22120000
0.03020000	0.21660000
0.02010000	0.21210000
0.02010000	0.20760000
0.02220000	0.20320000
0.02220000	0.19900000
0.02220000	0.19480000
0.02220000	0.19070000
0.02220000	0.18670000
0.02220000	0.18280000
0.02220000	0.17890000
0.02320000	0.24470000
0.02620000	0.24160000
0.02620000	0.16790000
0.02220000	0.16440000
0.02220000	0.16090000
0.02220000	0.15750000
0.02220000	0.15420000
0.02220000	0.15100000
0.02220000	0.14780000
0.02220000	0.14470000
0.02220000	0.14170000
0.02220000	0.13870000
0.01910000	0.13580000
0.01810000	0.13290000
0.01810000	0.13010000
0.01710000	0.12740000
0.01610000	0.12470000
0.01710000	0.16280000
0.01810000	0.15370000
0.02010000	0.11700000
0.02420000	0.11460000
0.02220000	0.11220000
0.02120000	0.10980000
0.01910000	0.10750000
0.01810000	0.10530000
0.01810000	0.10310000
0.01910000	0.10090000
0.01910000	0.09880000
0.01710000	0.09670000
0.01810000	0.09470000
0.01810000	0.09270000
0.01810000	0.18800000
0.02010000	0.08880000
0.02220000	0.08700000
0.02220000	0.08510000
0.02220000	0.08330000
0.02220000	0.08160000
0.02220000	0.07990000
0.03120000	0.23390000
0.04840000	1.20090000
0.08060000	5.26820000
0.04740000	0.96020000
0.03320000	0.15090000
0.05340000	0.15620000
0.04130000	0.09790000
0.25190000	2.05740000
0.54400000	2.84850000
0.35260000	0.10110000
3.26430000	4.04140000
11.68690000	17.76450000
7.14310000	17.64780000
7.22370000	21.98340000
9.64170000	24.82010000
6.27670000	22.48260000
3.29450000	10.25870000
3.66730000	13.51940000
12.19070000	23.39930000
6.42780000	18.98970000
11.88840000	20.61430000
12.49290000	23.81040000
6.85100000	27.32380000
4.14080000	20.91970000
6.17590000	21.79740000
20.75440000	29.29880000
13.09740000	30.40510000
7.87860000	16.89290000
5.53110000	8.67640000
4.20130000	7.55640000
3.40530000	6.54520000
2.91170000	5.76750000
2.74040000	5.20120000
2.83110000	6.21740000
3.68740000	10.21950000
3.52620000	8.71660000
3.33480000	11.22700000
13.80270000	8.07540000
24.68360000	20.99560000
14.60870000	20.36150000
22.16490000	24.67740000
21.05660000	22.91670000
18.33640000	22.78770000
14.91090000	20.04430000
15.21320000	18.85500000
13.39970000	15.93380000
10.98170000	11.13360000
9.12790000	7.50100000
8.40250000	10.18080000
6.83080000	8.85930000
5.65200000	6.35430000
4.70500000	5.79570000
4.01990000	5.31090000
3.46580000	4.92660000
4.00980000	4.61910000
21.15740000	4.36830000
22.16490000	4.16110000
19.34390000	3.98700000
18.53790000	3.83810000
12.79520000	3.70860000
12.99670000	5.47120000
20.65370000	25.24670000
13.19820000	17.34810000
9.55110000	6.32110000
7.11290000	5.87420000
5.40020000	5.28420000
4.22140000	4.87270000
3.41540000	4.52460000
2.86130000	4.34500000
2.52880000	4.18990000
2.27690000	3.97670000
2.00490000	3.76500000
1.89410000	3.60520000
1.73290000	4.89470000
1.54150000	3.70350000
1.41050000	3.80230000
1.28960000	3.56990000
1.21910000	3.41470000
1.19890000	3.22400000
1.08810000	3.53590000
1.00750000	3.32650000
0.95710000	3.15510000
0.89670000	3.01260000
0.98730000	2.89250000
0.98730000	2.78860000
0.92690000	2.70130000
0.86640000	2.61630000
0.83620000	2.54320000
0.80600000	2.47610000
0.79590000	2.41380000
0.74550000	2.35540000
0.72540000	2.30020000
0.69520000	2.24750000
0.67500000	2.19700000
0.66490000	2.14840000
0.64480000	2.10150000
0.62460000	2.05600000
0.59440000	2.01180000
0.57430000	1.96870000
0.57430000	1.92680000
0.50370000	1.88590000
0.43320000	1.87990000
0.71530000	1.87140000
0.82610000	5.93460000
0.95710000	9.18920000
6.05500000	16.20010000
18.13490000	24.78600000
11.88840000	18.38410000
10.88090000	13.68000000
11.08240000	15.42770000
8.04990000	9.81920000
6.21620000	5.98480000
5.03750000	5.22490000
4.48340000	4.57570000
5.73260000	5.88060000
4.66470000	5.33720000
4.01990000	4.03350000
4.68490000	4.52840000
4.55390000	9.26190000
4.49340000	5.74580000
4.04010000	4.19400000
3.65720000	3.80450000
3.25420000	3.48700000
2.96200000	3.23530000
2.93180000	3.03040000
2.61950000	2.84160000
2.36760000	2.70310000
2.13590000	2.58710000
1.91420000	2.48820000
1.72280000	2.40260000
1.55150000	2.32700000
1.43060000	2.25930000
1.30970000	2.19770000
1.22910000	2.14090000
1.16870000	2.13190000
4.17100000	3.99590000
9.27900000	11.36130000
11.08240000	11.56020000
10.88090000	8.79350000
9.79290000	9.57380000
7.97940000	5.97390000
6.50840000	4.39650000
5.43040000	3.88150000
4.30200000	3.47710000
3.44560000	3.14740000
2.89150000	2.89460000
2.58930000	2.69360000
2.34750000	2.53170000
2.19630000	2.39940000
1.93440000	2.28970000
1.72280000	2.19700000
1.57170000	2.11730000
1.46090000	2.04770000
1.49110000	2.04330000
1.41050000	1.95570000
1.29970000	1.87870000
1.19890000	1.83130000
1.16870000	1.80230000
1.13850000	1.76080000
1.07800000	1.70470000
1.02760000	1.66640000
2.38780000	1.74930000
2.16610000	1.61720000
5.53110000	6.84130000
4.64460000	4.59030000
3.49600000	2.03480000
2.89150000	2.11450000
2.53890000	1.95020000
2.25680000	1.81920000
1.98480000	1.71340000
1.80340000	1.62670000
2.11570000	1.62730000
2.37770000	1.57080000
2.32730000	1.46240000
2.07540000	1.39440000
1.85380000	1.35430000
1.68250000	1.31640000
1.53140000	1.28170000
1.40040000	1.24940000
1.32990000	1.21920000
1.25940000	1.19060000
1.15860000	1.16330000
1.08810000	1.13720000
1.05790000	1.13460000
1.83360000	1.14590000
2.10570000	1.14680000
2.58930000	1.07940000
2.31720000	1.01900000
1.98480000	0.99730000
1.75300000	0.97610000
1.55150000	0.95540000
1.39030000	0.93530000
1.28960000	0.91550000
1.18880000	0.89620000
1.35000000	0.91200000
1.46090000	0.85890000
1.25940000	0.84080000
1.11830000	0.82310000
1.02760000	0.80580000
0.98730000	0.78890000
0.93700000	0.77240000
0.88660000	0.75610000
0.84630000	0.74020000
0.80600000	0.72460000
0.77580000	0.70940000
0.72540000	0.69450000
0.70520000	0.67990000
0.68510000	0.66570000
0.64480000	0.65170000
0.63470000	0.63800000
0.61460000	0.62460000
0.58430000	0.61150000
0.54400000	0.59860000
0.49370000	0.58610000
0.48360000	0.57380000
0.48360000	0.56170000
0.46340000	0.54990000
0.45340000	0.53840000
0.43320000	0.55380000
0.43320000	0.51650000
0.51380000	0.56190000
0.59440000	0.52890000
0.51380000	0.48420000
0.46340000	0.47400000
0.41310000	0.46400000
0.41310000	0.45430000
0.40300000	0.44480000
0.40300000	0.43540000
0.39290000	0.42630000
0.37280000	0.41730000
0.34250000	0.40860000
0.32240000	0.40000000
0.31230000	0.39160000
0.29220000	0.38340000
0.29220000	0.37530000
0.29220000	0.36740000
0.29220000	0.35970000
0.29220000	0.35220000
0.27200000	0.34480000
0.27200000	0.33750000
0.25190000	0.33040000
0.20150000	0.32350000
0.21160000	0.31670000
0.20150000	0.31010000
0.19140000	0.30350000
0.17130000	0.29720000
0.14100000	0.29090000
0.12090000	0.28480000
0.10070000	0.27880000
0.07860000	0.27300000
0.07150000	0.26720000
0.05540000	0.26160000
0.05240000	0.25610000
0.04630000	0.25080000
0.04130000	0.24550000
0.03320000	0.24030000
0.02820000	0.23530000
0.02520000	0.23040000
0.02320000	0.22550000
0.02320000	0.22080000
0.01710000	0.21610000
0.01710000	0.21160000
0.01310000	0.20720000
0.00810000	0.20280000
0.00580000	0.19850000
0.00530000	0.19440000
0.00530000	0.19030000
0.00530000	0.18630000
0.00530000	0.18240000
0.00530000	0.17860000
0.00530000	0.17480000
0.00530000	0.17110000
0.00510000	0.16750000
0.00460000	0.16400000
0.00360000	0.16060000
0.00200000	0.15720000
0.00000000	0.15390000
0.00000000	0.15070000
0.00000000	0.14750000
0.00000000	0.14440000
0.00000000	0.14140000
0.00000000	0.13840000
0.00000000	0.13550000
0.00000000	0.13270000
0.00000000	0.12990000
0.00000000	0.12710000
0.00000000	0.12450000
0.00000000	0.12190000
0.00000000	0.11930000
0.00000000	0.11680000
0.00000000	0.11430000
0.00000000	0.11190000
0.00000000	0.10960000
0.00000000	0.10730000
0.00000000	0.10500000
0.00000000	0.10280000
0.00000000	0.10070000
0.00000000	0.09860000
0.00000000	0.09650000
0.00000000	0.09450000
0.00000000	0.09250000
0.00000000	0.09050000
0.00000000	0.08860000
0.00000000	0.08680000
0.00000000	0.08500000
0.00000000	0.08320000
0.00000000	0.08340000
0.00000000	0.07970000
0.00000000	0.07800000
0.00000000	0.07640000
0.00000000	0.07480000
0.00000000	0.07320000
0.00000000	0.07170000
0.00000000	0.07020000
0.00000000	0.06870000
0.00000000	0.06730000
0.00000000	0.06590000
0.00000000	0.06450000
0.00000000	0.06310000
0.00000000	0.06180000
0.00000000	0.06050000
0.00000000	0.05920000
0.00000000	0.05800000
0.00000000	0.05680000
0.00000000	0.05560000
0.00000000	0.11870000
0.00000000	0.06940000
0.00000000	0.05210000
0.00000000	0.05100000
0.00000000	0.05000000
0.00000000	0.04890000
0.00000000	0.04790000
0.00000000	0.04690000
0.00000000	0.04590000
0.00000000	0.04490000
0.00000000	0.04400000
0.00000000	0.05180000
0.00000000	0.04220000
0.00000000	0.04130000
0.00000000	0.04040000
0.00000000	0.03960000
0.00000000	0.03870000
0.00000000	0.03790000
0.00000000	0.03710000
0.00000000	0.03630000
0.00000000	0.04880000
0.00000000	0.03480000
0.00000000	0.18280000
0.00000000	0.10070000
0.00000000	0.11490000
0.00000000	0.03200000
0.00000000	0.03130000
0.00000000	0.11920000
0.00000000	0.03080000
0.00000000	0.06370000
0.00000000	0.07450000
0.00000000	0.04510000
0.00000000	0.03440000
0.00000000	0.03310000
0.00000000	0.03140000
0.00000000	0.03000000
0.00000000	0.02880000
0.00000000	0.04300000
0.00000000	0.02680000
0.00000000	0.07340000
0.00130000	0.09510000
0.04030000	0.03070000
0.12090000	0.03160000
0.14100000	0.02950000
7.35470000	11.95510000
3.85870000	8.29400000
1.44070000	0.06890000
0.84630000	0.06180000
1.75300000	2.48860000
2.24670000	1.98380000
5.84350000	4.43700000
4.51360000	3.43380000
12.39220000	11.45830000
20.55290000	14.61280000
18.13490000	23.57880000
15.81770000	26.61770000
10.07500000	14.60060000
6.16590000	8.13730000
4.89640000	8.95340000
4.42290000	5.99980000
6.63940000	10.89210000
4.84610000	11.45720000
4.20130000	9.03380000
3.56650000	5.92680000
2.81090000	4.47120000
3.40530000	3.88750000
11.38470000	16.82430000
6.54870000	12.32920000
4.52370000	7.04480000
14.91090000	18.59110000
20.75440000	31.22030000
11.48540000	20.93800000
8.34210000	12.75450000
6.97190000	8.81830000
6.79050000	6.43120000
7.07260000	10.19550000
5.90390000	7.82660000
4.99720000	6.09160000
4.05010000	4.99620000
3.39530000	4.79960000
2.91170000	4.31600000
2.51870000	3.93780000
3.17360000	5.35460000
3.99980000	8.12380000
3.44560000	6.92260000
3.06280000	4.25620000
2.70010000	4.16050000
2.69000000	3.79840000
2.37770000	3.51430000
2.12580000	3.81510000
1.95450000	3.28800000
1.73290000	3.44660000
1.57170000	3.21240000
1.41050000	3.02330000
1.27950000	2.86850000
1.19890000	2.73970000
1.13850000	2.63110000
1.07800000	2.53650000
1.06790000	2.45490000
1.00750000	2.40140000
0.95710000	2.33020000
0.88660000	2.33680000
0.86640000	2.52820000
0.86640000	2.40040000
0.79590000	2.55100000
0.74550000	2.54450000
0.72540000	2.39890000
0.67500000	2.27940000
0.66490000	2.17950000
0.63470000	2.09470000
0.80600000	2.05790000
1.00750000	1.95700000
1.05790000	2.86290000
1.09820000	3.41130000
1.01760000	2.64650000
0.93700000	2.43950000
0.90670000	2.26430000
0.83620000	2.12360000
0.78580000	2.00910000
0.72540000	1.91440000
0.67500000	1.83480000
0.62460000	1.76660000
0.59440000	1.70730000
0.57430000	1.65470000
0.56420000	1.60740000
0.53400000	1.56430000
0.50370000	1.52430000
0.48360000	1.48700000
0.46340000	1.45180000
0.43320000	1.41830000
0.42310000	1.38630000
0.42310000	1.37750000
0.42310000	1.32570000
0.39290000	1.29700000
0.39290000	1.26900000
0.37280000	1.24180000
0.37280000	1.21610000
0.37280000	1.19290000
0.37280000	1.16470000
0.35260000	1.14020000
0.34250000	1.11560000
5.84350000	2.81200000
19.94840000	2.27980000
7.88870000	1.81710000
5.17850000	1.64290000
4.34230000	1.50110000
7.10280000	2.69510000
6.32710000	2.39860000
5.00730000	1.96120000
4.10050000	2.40470000
3.49600000	1.97120000
2.94190000	1.86010000
2.50870000	1.67680000
2.20640000	1.53320000
1.97470000	1.41970000
1.75300000	1.32880000
1.57170000	1.25500000
1.43060000	1.19420000
1.30970000	1.14320000
1.22910000	1.09980000
1.15860000	1.06210000
1.09820000	1.02880000
0.99740000	0.99900000
0.92690000	0.97180000
0.88660000	0.94670000
0.80600000	0.92340000
0.80600000	0.93160000
0.81610000	0.91040000
0.81610000	0.86130000
0.83620000	0.84210000
0.85640000	0.82360000
0.89670000	0.81520000
1.09820000	0.84750000
1.20900000	0.79470000
1.21910000	0.75420000
1.09820000	0.73820000
1.00750000	0.72250000
0.94700000	0.70720000
0.86640000	0.69230000
0.82610000	0.67770000
0.77580000	0.66340000
0.72540000	0.64940000
0.67500000	0.63580000
0.62460000	0.62240000
0.57430000	0.60930000
0.56420000	0.59650000
1.11830000	0.67020000
1.03770000	0.58120000
1.09820000	0.63430000
1.56160000	0.54870000
1.46090000	0.53720000
1.76310000	0.52590000
2.89150000	0.51480000
5.19870000	0.53210000
7.67710000	0.49280000
8.95660000	0.48240000
7.59650000	0.47230000
5.72260000	0.46240000
4.41280000	0.45270000
3.46580000	0.44320000
2.79080000	0.43380000
2.35750000	0.42470000
2.04520000	0.41580000
1.76310000	0.40710000
1.57170000	0.39850000
1.39030000	0.39020000
1.24930000	0.38200000
1.13850000	0.37400000
1.06790000	0.36610000
0.99740000	0.35840000
0.93700000	0.35090000
0.87650000	0.34350000
0.82610000	0.35850000
0.78580000	0.32920000
0.79590000	0.34800000
0.78580000	0.33190000
0.72540000	0.30890000
0.67500000	0.30240000
0.63470000	0.29610000
0.60450000	0.28990000
0.57430000	0.28380000
0.55410000	0.27780000
0.52390000	0.27200000
0.47350000	0.26630000
0.46340000	0.26070000
0.42310000	0.25520000
0.40300000	0.24990000
0.40300000	0.24460000
0.38280000	0.23950000
0.37280000	0.23440000
0.37280000	0.22950000
0.34250000	0.22470000
0.33250000	0.22000000
0.33250000	0.21540000
0.31230000	0.21080000
0.31230000	0.20640000
0.30220000	0.20210000
0.29220000	0.19780000
0.28210000	0.19370000
0.26190000	0.18960000
0.25190000	0.18560000
0.23170000	0.18170000
0.23170000	0.17790000
0.21160000	0.17420000
0.20150000	0.17050000
0.20150000	0.16690000
0.19140000	0.16340000
0.19140000	0.16000000
0.19140000	0.15660000
0.18130000	0.15340000
0.19140000	0.15010000
0.19140000	0.17670000
0.21160000	0.17600000
0.22160000	0.14100000
0.21160000	0.13940000
0.20150000	0.15930000
0.20150000	0.16130000
0.19140000	0.12940000
0.19140000	0.12670000
0.18130000	0.12400000
0.18130000	0.12140000
0.18130000	0.11890000
0.18130000	0.11640000
0.16120000	0.11390000
0.16120000	0.11150000
0.15110000	0.10920000
0.14100000	0.10690000
0.13100000	0.10470000
0.12090000	0.10250000
0.11080000	0.10030000
0.09870000	0.09820000
0.09170000	0.09610000
0.08560000	0.09410000
0.07960000	0.09210000
0.07960000	0.09020000
0.06950000	0.08830000
0.06350000	0.08650000
0.06040000	0.08460000
0.05840000	0.08290000
0.05240000	0.08110000
0.05140000	0.07940000
0.04840000	0.07780000
0.03930000	0.07610000
0.03730000	0.07450000
0.03730000	0.07300000
0.03730000	0.07140000
0.03630000	0.06990000
0.03530000	0.06850000
0.03220000	0.06700000
0.03020000	0.06560000
0.03020000	0.06420000
0.02920000	0.06290000
0.02920000	0.06160000
0.02920000	0.06030000
0.02920000	0.05900000
0.02920000	0.05780000
0.01810000	0.05660000
0.00590000	0.05540000
0.00550000	0.05420000
0.00500000	0.05310000
0.00500000	0.05200000
0.00500000	0.05090000
0.00250000	0.04980000
0.00250000	0.04870000
0.00000000	0.04770000
0.00000000	0.04670000
0.00000000	0.04610000
0.00000000	0.04480000
0.00000000	0.04380000
0.00000000	0.04290000
0.00000000	0.04200000
0.00000000	0.04110000
0.00000000	0.04030000
0.00000000	0.03940000
0.00000000	0.03860000
0.00000000	0.03780000
0.00000000	0.03700000
0.00000000	0.03620000
0.00000000	0.03550000
0.00000000	0.03470000
0.00000000	0.03400000
0.00000000	0.03330000
0.00000000	0.03260000
0.00000000	0.03190000
0.00000000	0.03120000
0.00000000	0.03060000
0.00000000	0.02990000
0.00000000	0.02930000
0.00000000	0.02870000
0.00000000	0.02810000
0.00000000	0.02750000
0.00000000	0.02690000
0.00000000	0.02630000
0.00000000	0.07120000
0.00000000	0.02520000
0.00000000	0.02470000
0.00000000	0.02420000
0.00000000	0.02370000
0.00000000	0.02320000
0.00000000	0.02270000
0.00000000	0.02220000
0.00000000	0.02180000
0.00000000	0.02130000
0.00000000	0.02090000
0.00000000	0.02040000
0.00000000	0.02000000
0.00000000	0.01960000
0.00000000	0.01920000
0.00000000	0.01880000
0.00000000	0.01840000
0.00000000	0.01800000
0.00000000	0.01760000
0.00000000	0.01720000
0.00000000	0.03260000
0.00000000	0.06640000
0.00000000	0.07850000
0.00000000	0.05960000
0.00000000	0.01550000
0.00000000	0.01520000
0.00000000	0.01490000
0.00000000	0.02110000
0.00000000	0.01420000
0.00000000	0.01390000
0.00000000	0.01360000
0.00000000	0.01340000
0.00000000	0.01310000
0.00000000	0.01280000
0.00000000	0.01250000
0.00000000	0.01230000
0.00000000	0.01200000
0.00000000	0.01180000
0.00000000	0.01150000
0.00000000	0.01130000
0.00000000	0.01100000
0.00000000	0.01080000
0.00000000	0.01060000
0.00000000	0.01040000
0.00000000	0.01010000
0.00000000	0.00990000
0.00000000	0.00970000
0.00000000	0.00950000
0.00000000	0.00930000
0.00000000	0.00910000
0.00000000	0.00890000
0.00000000	0.00870000
0.00000000	0.00860000
0.00000000	0.00840000
0.00000000	0.00820000
0.00000000	0.00800000
0.00000000	0.00790000
0.00000000	0.00770000
0.00000000	0.00750000
0.00000000	0.00740000
0.00000000	0.00720000
0.00000000	0.00710000
0.00000000	0.00690000
0.00180000	0.00680000
0.00930000	0.20320000
0.09070000	0.10890000
0.05740000	0.08960000
0.14100000	0.00710000
0.14100000	0.00800000
0.11080000	0.00740000
0.11080000	0.00700000
0.09070000	0.00670000
0.08160000	0.00640000
0.07250000	0.00610000
0.07050000	0.00590000
0.06450000	0.00570000
0.05140000	0.00560000
0.05040000	0.00540000
0.05140000	0.00530000
0.04630000	0.00520000
0.04530000	0.00500000
0.04030000	0.00490000
0.04030000	0.00490000
0.04630000	0.06950000
0.08260000	0.00530000
0.12090000	0.00520000
0.11080000	0.00510000
0.08970000	0.00490000
0.07960000	0.00480000
0.08770000	0.03250000
0.18130000	0.08910000
0.26190000	0.03370000
0.22160000	0.06010000
0.18130000	0.01490000
0.15110000	0.01460000
0.12090000	0.01250000
0.11080000	0.02300000
0.16120000	0.08610000
1.31980000	2.54670000
1.02760000	1.94520000
0.58430000	0.03040000
0.45340000	2.83500000
3.25420000	10.03860000
4.70500000	9.72040000
2.77060000	0.92860000
2.50870000	0.05370000
14.81020000	7.62410000
9.13800000	5.26190000
4.25160000	0.05290000
4.51360000	0.11070000
3.38520000	1.53060000
5.08790000	3.34890000
4.96700000	4.07560000
3.44560000	1.64190000
2.52880000	1.68230000
1.92430000	1.36630000
1.46090000	1.12680000
1.15860000	0.94480000
0.97730000	0.80650000
0.84630000	0.69960000
0.74550000	0.61790000
0.66490000	0.55460000
0.60450000	0.50510000
0.55410000	0.46610000
0.52390000	0.43500000
0.47350000	0.40990000
0.45340000	0.38920000
0.41310000	0.37200000
0.40300000	0.35740000
0.37280000	0.34480000
0.35260000	0.33380000
0.33250000	0.32390000
0.31230000	0.31490000
0.31230000	0.35030000
0.31230000	1.48020000
0.31230000	2.33560000
0.31230000	1.16340000
0.38280000	1.24840000
0.61460000	1.54880000
0.61460000	3.07300000
1.57170000	5.18010000
2.02510000	5.37500000
1.42060000	2.49340000
1.09820000	2.42590000
0.90670000	2.03510000
0.77580000	1.73710000
0.69520000	1.50890000
0.63470000	1.33330000
0.60450000	1.19720000
1.30970000	2.81690000
4.64460000	9.98670000
28.91510000	18.16880000
24.48210000	20.48630000
10.27650000	12.39030000
7.16330000	6.49470000
5.74270000	6.85310000
4.40280000	4.54340000
4.13070000	7.61450000
6.79050000	10.29010000
5.69230000	5.85600000
4.52370000	4.33470000
3.69750000	3.77340000
3.16350000	3.32430000
2.84110000	2.97660000
8.34210000	6.93870000
13.29890000	13.52320000
10.27650000	10.64390000
11.88840000	13.22930000
20.75440000	22.11740000
22.87010000	30.21950000
13.70190000	20.96460000
8.94660000	9.76750000
6.53860000	6.97610000
5.14830000	6.13700000
4.18110000	5.33910000
3.47590000	4.72450000
3.01240000	4.24790000
2.75050000	3.87530000
5.91400000	6.96910000
13.60120000	11.97320000
23.57540000	15.55850000
54.20320000	23.75270000
72.74120000	30.30050000
97.32400000	47.28220000
61.45720000	49.14640000
52.59120000	39.07260000
37.68030000	25.89790000
23.07160000	18.10890000
17.63120000	18.61140000
11.78770000	13.56240000
8.49320000	8.69910000
6.41770000	7.65810000
5.13820000	6.81430000
4.18110000	6.15930000
3.49600000	5.64560000
3.00230000	5.23840000
2.65980000	4.91160000
2.37770000	4.64560000
2.16610000	4.42580000
2.02510000	4.24100000
1.89410000	4.08300000
13.80270000	5.97580000
40.70280000	22.49580000
19.54540000	18.57590000
15.41470000	20.06880000
16.22070000	17.04060000
12.89590000	10.88320000
9.64170000	10.18430000
7.40510000	8.34430000
6.46810000	10.62110000
5.73260000	12.84890000
4.74530000	8.31220000
3.93930000	6.07970000
3.43560000	5.54020000
3.06280000	5.07780000
2.78070000	4.72660000
2.54900000	4.41720000
2.32730000	4.17790000
2.23660000	4.00000000
2.01500000	3.81380000
1.85380000	3.67160000
1.73290000	3.54790000
1.61200000	3.43840000
1.50120000	3.33990000
1.41050000	3.25000000
1.34000000	3.16690000
1.26940000	3.08930000
1.19890000	3.01600000
1.13850000	2.94640000
1.06790000	2.87980000
1.02760000	2.81580000
0.96720000	2.78310000
0.95710000	2.73180000
0.92690000	2.64950000
0.86640000	2.57960000
0.82610000	2.52460000
0.77580000	2.47100000
0.74550000	2.44800000
0.73550000	2.36740000
0.69520000	2.31740000
0.67500000	2.28620000
0.76570000	2.26820000
0.97730000	2.21370000
0.84630000	2.12830000
0.75560000	2.08350000
0.68510000	2.03970000
0.64480000	1.99690000
0.60450000	1.95490000
0.57430000	1.91380000
0.55410000	1.87360000
0.54400000	1.85980000
0.52390000	1.79580000
0.49370000	1.75800000
0.48360000	1.72110000
0.45340000	1.68490000
0.43320000	1.64960000
0.42310000	1.61490000
0.57430000	1.63670000
1.12840000	1.60820000
0.94700000	1.53090000
0.91680000	1.50850000
1.24930000	1.49230000
1.37020000	1.44280000
1.19890000	1.39200000
1.03770000	1.36270000
0.92690000	1.33410000
0.84630000	1.30610000
0.77580000	1.27870000
0.71530000	1.25180000
0.67500000	1.22550000
0.62460000	1.19980000
0.59440000	1.17460000
0.55410000	1.14990000
0.52390000	1.12580000
0.49370000	1.10210000
0.48360000	1.07900000
0.47350000	1.05630000
0.46340000	1.03420000
0.44330000	1.01240000
0.41310000	0.99120000
0.38280000	0.97040000
0.36270000	0.95000000
0.34250000	0.93000000
0.32240000	0.91050000
0.30220000	0.89140000
0.28210000	0.87270000
0.26190000	0.85430000
0.24180000	0.83640000
0.22160000	0.81880000
0.20150000	0.80160000
0.19140000	0.78480000
0.18130000	0.76830000
0.18130000	0.75220000
0.18130000	0.73640000
0.17130000	0.72090000
0.16120000	0.70580000
0.15110000	0.69100000
0.14100000	0.67650000
0.13100000	0.66230000
0.12090000	0.64830000
0.11080000	0.63470000
0.11080000	0.62140000
0.09870000	0.60840000
0.09670000	0.59560000
0.09870000	0.58310000
0.09670000	0.57080000
0.09370000	0.55880000
0.08970000	0.54710000
0.08260000	0.53560000
0.07560000	0.52440000
0.06950000	0.51340000
0.06350000	0.50260000
0.05740000	0.49200000
0.05440000	0.48170000
0.05040000	0.47160000
0.04740000	0.46170000
0.04530000	0.45200000
0.04230000	0.44250000
0.03930000	0.43320000
0.03830000	0.42410000
0.03630000	0.41520000
0.03320000	0.40650000
0.02720000	0.39790000
0.02620000	0.38960000
0.02520000	0.38140000
0.02320000	0.37340000
0.02120000	0.36550000
0.01810000	0.35790000
0.01510000	0.35040000
0.01110000	0.34300000
0.00950000	0.33580000
0.00740000	0.32870000
0.00590000	0.32180000
0.00560000	0.31510000
0.00450000	0.30850000
0.00340000	0.30200000
0.00260000	0.29560000
0.00190000	0.28940000
0.00080000	0.28340000
0.00010000	0.27740000
0.00000000	0.27160000
0.00000000	0.26590000
0.00000000	0.26030000
0.00000000	0.25480000
0.00000000	0.24950000
0.00000000	0.24420000
0.00000000	0.23910000
0.00000000	0.23410000
0.00000000	0.22920000
0.00000000	0.22440000
0.00000000	0.21960000
0.00000000	0.21500000
0.00000000	0.21050000
0.00000000	0.20610000
0.00000000	0.20180000
0.00000000	0.19750000
0.00000000	0.19340000
0.00000000	0.18930000
0.00000000	0.18530000
0.00000000	0.18150000
0.00000000	0.17760000
0.00000000	0.17390000
0.00000000	0.17030000
0.00000000	0.16670000
0.00000000	0.16320000
0.00000000	0.15980000
0.00000000	0.15640000
0.00000000	0.15310000
0.00000000	0.14990000
0.00000000	0.14680000
0.00000000	0.14370000
0.00000000	0.14070000
0.00000000	0.13770000
0.00000000	0.13480000
0.00000000	0.13200000
0.00000000	0.12920000
0.00000000	0.12650000
0.00000000	0.12380000
0.00000000	0.12120000
0.00000000	0.11870000
0.00000000	0.11620000
0.00000000	0.11380000
0.00000000	0.11140000
0.00000000	0.10900000
0.00000000	0.10670000
0.00000000	0.10450000
0.00000000	0.10230000
0.00000000	0.10020000
0.00000000	0.09810000
0.00000000	0.09600000
0.00000000	0.09400000
0.00000000	0.09200000
0.00000000	0.09010000
0.00000000	0.14130000
0.00000000	0.16810000
0.00460000	0.26700000
0.03430000	0.11530000
0.03530000	0.13600000
0.00480000	0.08380000
0.00020000	0.07760000
0.00000000	0.07600000
0.00000000	0.07440000
0.00000000	0.13890000
0.01510000	0.11360000
1.07800000	0.12870000
1.84370000	0.14170000
0.49370000	0.07890000
0.13100000	0.07760000
0.05940000	0.07390000
0.04130000	0.07080000
0.04130000	0.06810000
0.04630000	0.06580000
0.07560000	0.06370000
0.09170000	0.06190000
0.09870000	0.06020000
0.09570000	0.05870000
0.08660000	0.05720000
0.07350000	0.05590000
0.06040000	0.05460000
0.05040000	0.05330000
0.04130000	0.05220000
0.03220000	0.05100000
0.02320000	0.04990000
0.01510000	0.04880000
0.00970000	0.04780000
0.00940000	0.11220000
0.00900000	0.04580000
0.00560000	0.04490000
0.01110000	0.04380000
0.01310000	0.04290000
0.01010000	0.04200000
0.00620000	0.04110000
0.01110000	0.07520000
0.01110000	0.03940000
0.00970000	0.03860000
0.04530000	0.08700000
0.10070000	0.03700000
0.41310000	0.13050000
1.28960000	0.07560000
1.02760000	0.03640000
0.70520000	0.03700000
0.44330000	0.03570000
0.27200000	0.03450000
0.19140000	0.03350000
0.15110000	0.03250000
0.14100000	0.03170000
0.12090000	0.05700000
0.10070000	0.03010000
0.09070000	0.02940000
0.08260000	0.02880000
0.07460000	0.02810000
0.06550000	0.02750000
0.06040000	0.02690000
0.05340000	0.02630000
0.04740000	0.02570000
0.04230000	0.02520000
0.04130000	0.02470000
0.04330000	0.02410000
0.04330000	0.03420000
0.06250000	0.02310000
0.20150000	0.06970000
0.35260000	0.03520000
0.30220000	0.02170000
0.22160000	0.02120000
0.22160000	0.03770000
0.21160000	0.02030000
0.20150000	0.02010000
0.19140000	0.02040000
0.23170000	0.04780000
0.28210000	0.01880000
0.29220000	0.02070000
0.26190000	0.01980000
0.21160000	0.01910000
0.21160000	0.01840000
1.47090000	0.10000000
1.77320000	0.07790000
1.24930000	0.02800000
0.87650000	0.02750000
0.65490000	0.02500000
0.47350000	0.02300000
0.31230000	0.02140000
0.22160000	0.02010000
0.29220000	0.06010000
0.40300000	0.05950000
0.36270000	0.02330000
0.27200000	0.02300000
0.21160000	0.02120000
0.55410000	0.06680000
1.55150000	0.06850000
2.07540000	0.09520000
1.53140000	0.02910000
2.38780000	0.19840000
2.67990000	0.06300000
1.91420000	0.03900000
1.41050000	0.02990000
1.11830000	0.08250000
0.89670000	0.02820000
0.68510000	0.02890000
0.85640000	0.06840000
1.02760000	0.06000000
2.48850000	1.74990000
9.70220000	9.04070000
6.31700000	1.27940000
10.27650000	8.08140000
7.24390000	2.12340000
4.41280000	6.92870000
2.95200000	3.77230000
2.10570000	1.88340000
1.63210000	1.53300000
1.31980000	1.25310000
1.02760000	1.04020000
0.81610000	0.88880000
0.72540000	0.77430000
0.77580000	0.66040000
0.67500000	0.81780000
0.55410000	0.71260000
0.37280000	0.63170000
0.32240000	0.56840000
0.23170000	0.51930000
0.17130000	0.48040000
0.15110000	0.44930000
0.12090000	0.42410000
0.10070000	0.40340000
0.19140000	5.39570000
6.45800000	17.15590000
6.89130000	12.42190000
4.88640000	13.84590000
3.89900000	7.91460000
5.26920000	9.52290000
4.88640000	7.27880000
4.27180000	5.90730000
3.74790000	4.88750000
3.37510000	3.78200000
15.21320000	13.43510000
12.49290000	10.79220000
6.43790000	4.47530000
4.18110000	4.21370000
3.07290000	3.62960000
2.42810000	3.18130000
2.01500000	2.83500000
1.75300000	2.56550000
1.59180000	2.36900000
2.07540000	2.52660000
2.78070000	2.20130000
17.53040000	15.77660000
12.89590000	12.84650000
10.67940000	9.67620000
8.03980000	6.20760000
5.67220000	4.49280000
4.29190000	3.94860000
3.37510000	3.48380000
2.78070000	3.12390000
2.36760000	2.84980000
2.08550000	2.62140000
1.87390000	2.44550000
1.69260000	2.30230000
1.52130000	2.18550000
1.35000000	2.08810000
1.22910000	2.00570000
1.10820000	1.93450000
1.03770000	1.87210000
1.00750000	1.81640000
2.08550000	2.38430000
1.94450000	2.62400000
10.47800000	13.74370000
7.76780000	10.66170000
4.91660000	4.04070000
3.90910000	3.82280000
3.18370000	3.36580000
2.81090000	2.96830000
3.36500000	5.90480000
27.90760000	15.65280000
23.37390000	19.35930000
15.31390000	14.52170000
10.98170000	8.86280000
7.63680000	5.47010000
5.80320000	4.97430000
5.46060000	4.37950000
4.78560000	4.38880000
4.06020000	3.65980000
3.72770000	4.13920000
3.26430000	5.71420000
3.29450000	11.22350000
3.18370000	7.85340000
2.84110000	4.44000000
2.57920000	3.99250000
2.32730000	3.59620000
2.10570000	3.28600000
1.91420000	3.04080000
1.73290000	2.84460000
1.59180000	2.68540000
1.47090000	2.55440000
1.34000000	2.44470000
1.26940000	2.36640000
1.17880000	2.27030000
1.08810000	2.19880000
1.01760000	2.13480000
0.93700000	2.07660000
0.87650000	2.02290000
0.81610000	1.97290000
0.78580000	1.92580000
0.82610000	1.88110000
0.75560000	1.83840000
0.70520000	1.79740000
0.62460000	1.75780000
0.60450000	1.71960000
0.56420000	1.68240000
0.55410000	1.64640000
0.54400000	1.61120000
0.50370000	1.57690000
0.48360000	1.54350000
0.45340000	1.51080000
0.43320000	1.47890000
0.41310000	1.44770000
0.39290000	1.41720000
0.37280000	1.38740000
0.35260000	1.35820000
0.34250000	1.32960000
0.32240000	1.30170000
0.30220000	1.27430000
0.35260000	1.30010000
0.53400000	1.30060000
0.53400000	1.19570000
0.43320000	1.17060000
0.37280000	1.14590000
0.33250000	1.12190000
0.30220000	1.09830000
0.28210000	1.07530000
0.27200000	1.05270000
0.25190000	1.03060000
0.23170000	1.00890000
0.21160000	0.98770000
0.19140000	0.96700000
0.18130000	0.94670000
0.17130000	0.92680000
0.16120000	0.90730000
0.15110000	0.88830000
0.14100000	0.86960000
0.14100000	0.85140000
0.14100000	0.83350000
0.13100000	0.81600000
0.12090000	0.79890000
0.12090000	0.78210000
0.11080000	0.76570000
0.11080000	0.74960000
0.11080000	0.73380000
0.11080000	0.71840000
0.11080000	0.70330000
0.10070000	0.68860000
0.09970000	0.67410000
0.09570000	0.66000000
0.11080000	0.70600000
0.10070000	0.63250000
0.09570000	0.61920000
0.08870000	0.60620000
0.08060000	0.59350000
0.07460000	0.58100000
0.06950000	0.56880000
0.06650000	0.55690000
0.06450000	0.54520000
0.06040000	0.53380000
0.05740000	0.52250000
0.05440000	0.51160000
0.05140000	0.50080000
0.04840000	0.49030000
0.04840000	0.48000000
0.04740000	0.46990000
0.04740000	0.46010000
0.04630000	0.45040000
0.04530000	0.44090000
0.04330000	0.43170000
0.04230000	0.42260000
0.04230000	0.42370000
0.04130000	0.40510000
0.03930000	0.39660000
0.03930000	0.38820000
0.03730000	0.38010000
0.03630000	0.37210000
0.03530000	0.36430000
0.03430000	0.35660000
0.03320000	0.34910000
0.03220000	0.34180000
0.03120000	0.33460000
0.03020000	0.32760000
0.02920000	0.32070000
0.02920000	0.31400000
0.02920000	0.30740000
0.02820000	0.30090000
0.02720000	0.29460000
0.02620000	0.28840000
0.02520000	0.28240000
0.02420000	0.27640000
0.02420000	0.27060000
0.02320000	0.26500000
0.02220000	0.25940000
0.02120000	0.25390000
0.02120000	0.24860000
0.02010000	0.24340000
0.01910000	0.23830000
0.02010000	0.23330000
0.02010000	0.22840000
0.02010000	0.22360000
0.02010000	0.21890000
0.02010000	0.22290000
0.02010000	0.20980000
0.02010000	0.20540000
0.01910000	0.20110000
0.01810000	0.19680000
0.01810000	0.19270000
0.01710000	0.18870000
0.01710000	0.18470000
0.01610000	0.18080000
0.01610000	0.17700000
0.01510000	0.17330000
0.01410000	0.16970000
0.01410000	0.16610000
0.01310000	0.16260000
0.01310000	0.15920000
0.01210000	0.15590000
0.01210000	0.15260000
0.01110000	0.14940000
0.01110000	0.14620000
0.01110000	0.14320000
0.01110000	0.14020000
0.01110000	0.13720000
0.01010000	0.13430000
0.00980000	0.13150000
0.00980000	0.12880000
0.00930000	0.12610000
0.00910000	0.12340000
0.00900000	0.12080000
0.00840000	0.11830000
0.00840000	0.11580000
0.00840000	0.11340000
0.00820000	0.11100000
0.00810000	0.10870000
0.00820000	0.10640000
0.00770000	0.10410000
0.00770000	0.10200000
0.00640000	0.09980000
0.00680000	0.09770000
0.00640000	0.09570000
0.00640000	0.09370000
0.00680000	0.09170000
0.00680000	0.08980000
0.00680000	0.08790000
0.00680000	0.08600000
0.00680000	0.08420000
0.00680000	0.08250000
0.00640000	0.08070000
0.00590000	0.07900000
0.00590000	0.07740000
0.00580000	0.07570000
0.00520000	0.07420000
0.00520000	0.07260000
0.00520000	0.07110000
0.00520000	0.06960000
0.00520000	0.06810000
0.00510000	0.06670000
0.00450000	0.06530000
0.00450000	0.06390000
0.00430000	0.06260000
0.00380000	0.06130000
0.00370000	0.06000000
0.00320000	0.05870000
0.00320000	0.05750000
0.00260000	0.05630000
0.00230000	0.05510000
0.00270000	0.05390000
0.00210000	0.05280000
0.00160000	0.05170000
0.00080000	0.05060000
0.00010000	0.04950000
0.00000000	0.04850000
0.00000000	0.04750000
0.00000000	0.04650000
0.00000000	0.04550000
0.00000000	0.04460000
0.00000000	0.04360000
0.00000000	0.04270000
0.00000000	0.04180000
0.00000000	0.04090000
0.00000000	0.04010000
0.00000000	0.03920000
0.00000000	0.03840000
0.00000000	0.03760000
0.00000000	0.03680000
0.00000000	0.03600000
0.00000000	0.03530000
0.00000000	0.03450000
0.00000000	0.03380000
0.00000000	0.03310000
0.00000000	0.03240000
0.00000000	0.03170000
0.00000000	0.03110000
0.00000000	0.03040000
0.00000000	0.08340000
0.00000000	0.04970000
0.00000000	0.02850000
0.00000000	0.02790000
0.00000000	0.02730000
0.00000000	0.04800000
0.00000000	0.04060000
0.00000000	0.02570000
0.00000000	0.02510000
0.00000000	0.03910000
0.00000000	0.09030000
0.00000000	0.02360000
0.00000000	0.02310000
0.00000000	0.02260000
0.00000000	0.02210000
0.00000000	0.02170000
0.00000000	0.02120000
0.00000000	0.09930000
0.00000000	0.02030000
0.00000000	0.01990000
0.00000000	0.01950000
0.00000000	0.15490000
0.00000000	0.04240000
0.00000000	0.01830000
0.00000000	0.04610000
0.00520000	0.11850000
0.00530000	0.02460000
0.00330000	0.02540000
0.00460000	0.10740000
0.00630000	2.29470000
0.00700000	0.03860000
0.00560000	0.03550000
0.00550000	0.03150000
0.00560000	0.04900000
0.00520000	0.02590000
0.00470000	0.02480000
0.00450000	0.02310000
0.00450000	0.02170000
0.02010000	2.53360000
3.64710000	5.09390000
19.64620000	14.75780000
7.20360000	8.87690000
14.60870000	8.90900000
7.91890000	5.19690000
15.31390000	12.93760000
10.47800000	11.39700000
8.13050000	11.06140000
17.42970000	13.80540000
44.83350000	20.63380000
13.19820000	10.99820000
6.50840000	5.26470000
4.05010000	4.39500000
2.87140000	3.65550000
2.28700000	3.09350000
1.89410000	2.66350000
1.56160000	2.33330000
1.29970000	2.07840000
1.12840000	1.88010000
0.97730000	1.72500000
1.05790000	1.60140000
1.52130000	1.52960000
1.42060000	1.42210000
1.19890000	1.45600000
1.06790000	1.37830000
0.98730000	1.31400000
0.89670000	1.26030000
0.89670000	2.54490000
0.91680000	4.71160000
0.85640000	2.80730000
0.78580000	2.24540000
0.71530000	2.10670000
0.74550000	1.88180000
6.40770000	9.39440000
16.52290000	17.07100000
8.73500000	8.15130000
5.36990000	4.32100000
4.45310000	3.71570000
6.31700000	3.20350000
15.01170000	2.81000000
15.21320000	5.47470000
15.91840000	4.07700000
9.44020000	3.03710000
7.77790000	2.70730000
10.57870000	2.43790000
13.09740000	2.22710000
11.58620000	2.06040000
8.44280000	3.46420000
5.83340000	3.10890000
4.27180000	2.43200000
3.44560000	2.23760000
3.06280000	2.05980000
3.05270000	1.91830000
3.38520000	1.80430000
3.52620000	1.71100000
3.16350000	1.63650000
2.87140000	1.57490000
2.61950000	1.51310000
2.44820000	1.46260000
3.95950000	4.02240000
4.83600000	7.71340000
3.81840000	5.65740000
3.22400000	3.07470000
2.73030000	2.98620000
2.33740000	2.62450000
2.04520000	2.34490000
1.80340000	2.12720000
1.63210000	1.95590000
1.48100000	1.81980000
1.36010000	1.71520000
1.24930000	1.63580000
1.14850000	1.55640000
1.07800000	1.49400000
1.00750000	1.43780000
0.94700000	1.38530000
0.89670000	1.34070000
0.85640000	1.30550000
0.79590000	1.26910000
0.75560000	1.23600000
0.72540000	1.20680000
0.70520000	1.17830000
0.67500000	1.15050000
0.65490000	1.12460000
0.62460000	1.09970000
0.62460000	1.07560000
0.59440000	1.05230000
0.56420000	1.02970000
0.56420000	1.00760000
0.55410000	0.98620000
0.54400000	1.01340000
0.54400000	0.98050000
0.84630000	0.97600000
0.70520000	0.90530000
0.58430000	0.88620000
0.54400000	0.86750000
0.53400000	0.86860000
0.50370000	0.83140000
0.47350000	0.81390000
0.44330000	0.79680000
0.43320000	0.78640000
0.41310000	0.76380000
0.40300000	0.74760000
0.39290000	0.73190000
0.37280000	0.71650000
0.36270000	0.70150000
0.35260000	0.68680000
0.34250000	0.67230000
0.33250000	0.65820000
0.32240000	0.64440000
0.31230000	0.63090000
0.29220000	0.61760000
0.29220000	0.60640000
0.29220000	0.59190000
0.31230000	0.60420000
0.32240000	0.56730000
0.30220000	0.55540000
0.28210000	0.54380000
0.27200000	0.53230000
0.26190000	0.52120000
0.25190000	0.51020000
0.25190000	0.49950000
0.24180000	0.48900000
0.23170000	0.47870000
0.22160000	0.46870000
0.22160000	0.46670000
0.22160000	0.45050000
0.22160000	0.43980000
0.21160000	0.43050000
0.21160000	0.42150000
0.21160000	0.41270000
0.19140000	0.40400000
0.19140000	0.39550000
0.19140000	0.38720000
0.18130000	0.37910000
0.18130000	0.37110000
0.20150000	0.38220000
0.21160000	0.35570000
0.20150000	0.34820000
0.19140000	0.34090000
0.18130000	0.33370000
0.37280000	0.44660000
0.57430000	0.40950000
0.50370000	0.33370000
0.51380000	0.34700000
0.66490000	0.34770000
0.62460000	0.29380000
0.53400000	0.28770000
0.47350000	0.28160000
0.43320000	0.27570000
0.39290000	0.26990000
0.43320000	0.30030000
0.47350000	0.28040000
0.46340000	0.25330000
0.42310000	0.24800000
0.40300000	0.24270000
0.37280000	0.23760000
0.36270000	0.25270000
0.39290000	0.25310000
0.63470000	0.32180000
1.12840000	0.26420000
1.08810000	0.28110000
0.87650000	0.21090000
0.71530000	0.20790000
0.67500000	0.20300000
0.85640000	0.21870000
0.71530000	0.19380000
0.61460000	0.18950000
0.62460000	0.21780000
0.77580000	0.19600000
0.67500000	0.17740000
0.58430000	0.17360000
0.54400000	0.16990000
0.49370000	0.16630000
0.45340000	0.16280000
0.43320000	0.15930000
0.41310000	0.15600000
0.39290000	0.15270000
0.36270000	0.14950000
0.34250000	0.14640000
0.35260000	0.16580000
0.38280000	0.16260000
0.36270000	0.13730000
0.32240000	0.13440000
1.10820000	0.20800000
1.30970000	0.13010000
0.98730000	0.14230000
0.82610000	0.14300000
0.88660000	0.15630000
1.25940000	0.15330000
1.30970000	0.14760000
1.23920000	0.12840000
1.11830000	0.13540000
1.04780000	0.12940000
0.90670000	0.10640000
0.80600000	0.10420000
0.68510000	0.10200000
0.59440000	0.09980000
0.54400000	0.09770000
0.51380000	0.09570000
0.49370000	0.09370000
0.45340000	0.09170000
0.40300000	0.08980000
0.36270000	0.08790000
0.34250000	0.08610000
0.32240000	0.08420000
0.29220000	0.08250000
0.26190000	0.08070000
0.24180000	0.07900000
0.23170000	0.07740000
0.21160000	0.07580000
0.20150000	0.07420000
0.18130000	0.07260000
0.17130000	0.07110000
0.16120000	0.06960000
0.15110000	0.06810000
0.14100000	0.06670000
0.13100000	0.06530000
0.13100000	0.06390000
0.12090000	0.06260000
0.14100000	0.06130000
0.14100000	0.06000000
0.15110000	0.05870000
0.15110000	0.05750000
0.14100000	0.05630000
0.13100000	0.05510000
0.12090000	0.05390000
0.12090000	0.05280000
0.12090000	0.05170000
0.11080000	0.05060000
0.10070000	0.04960000
0.09070000	0.04850000
0.08060000	0.04750000
0.07250000	0.04650000
0.06450000	0.04550000
0.05840000	0.04460000
0.05140000	0.04360000
0.04630000	0.04270000
0.04330000	0.04180000
0.03930000	0.04090000
0.03630000	0.04010000
0.03530000	0.03920000
0.03530000	0.03840000
0.03430000	0.03760000
0.03220000	0.03680000
0.03220000	0.03600000
0.03220000	0.03530000
0.03020000	0.03450000
0.03020000	0.03380000
0.03020000	0.03310000
0.02820000	0.03240000
0.02520000	0.03170000
0.02520000	0.03110000
0.02320000	0.03040000
0.02320000	0.02980000
0.02320000	0.02920000
0.02320000	0.02850000
0.02320000	0.02790000
0.02420000	0.02740000
0.01810000	0.02680000
0.01510000	0.02620000
0.01110000	0.02570000
0.01010000	0.02510000
0.01010000	0.02460000
0.01010000	0.02410000
0.01010000	0.02360000
0.01010000	0.02310000
0.01010000	0.02260000
0.01010000	0.02210000
0.01010000	0.02170000
0.01010000	0.02120000
0.01010000	0.02080000
0.00890000	0.02030000
0.00620000	0.01990000
0.00620000	0.01950000
0.00620000	0.01910000
0.00540000	0.01870000
0.00430000	0.01830000
0.00430000	0.01790000
0.00390000	0.01750000
0.00480000	0.01710000
0.00400000	0.01680000
0.00340000	0.01640000
0.00270000	0.01610000
0.00200000	0.01580000
0.00180000	0.01540000
0.00110000	0.01510000
0.00100000	0.01480000
0.00040000	0.01450000
0.00040000	0.01420000
0.00020000	0.01390000
0.00020000	0.01360000
0.00000000	0.01330000
0.00000000	0.01300000
0.00000000	0.01270000
0.00000000	0.01250000
0.00000000	0.01220000
0.00000000	0.01200000
0.00000000	0.01170000
0.00000000	0.01150000
0.00000000	0.01120000
0.00000000	0.01100000
0.00000000	0.01080000
0.00000000	0.01050000
0.00000000	0.01030000
0.00000000	0.01010000
0.00000000	0.00990000
0.00000000	0.00970000
0.00000000	0.00950000
0.00000000	0.00930000
0.00000000	0.04930000
0.00000000	0.00890000
0.00000000	0.00870000
0.00000000	0.00850000
0.00000000	0.00830000
0.00000000	0.00820000
0.00000000	0.00800000
0.00000000	0.00780000
0.00000000	0.00770000
0.00000000	0.06150000
0.00000000	0.00730000
0.00000000	0.00720000
0.00000000	0.00700000
0.00000000	0.00690000
0.00000000	0.00670000
0.00000000	0.00660000
0.00000000	0.00650000
0.00000000	0.00630000
0.00000000	0.00620000
0.00000000	0.00610000
0.00000000	0.00590000
0.00000000	0.00580000
0.00000000	0.00570000
0.00000000	0.00560000
0.00000000	0.00550000
0.00000000	0.00530000
0.00000000	0.00520000
0.00000000	0.00510000
0.00080000	0.06870000
0.03730000	0.27210000
0.00420000	0.02520000
0.00150000	0.00470000
0.00910000	0.04670000
0.00770000	0.00620000
0.00430000	0.07660000
0.01000000	0.01180000
0.12090000	3.20560000
0.03220000	0.69890000
0.06040000	0.87430000
2.11570000	4.02930000
2.25680000	2.32130000
1.37020000	0.07330000
2.92170000	0.35160000
3.67740000	2.71820000
1.81350000	0.04400000
1.18880000	0.03910000
0.87650000	0.06500000
3.85870000	1.85440000
43.02000000	14.02600000
30.52710000	20.72660000
9.08760000	11.70190000
8.83570000	11.46920000
8.01970000	9.07330000
4.98710000	3.72750000
4.21130000	3.80490000
3.24410000	3.09910000
2.48850000	2.94000000
2.02510000	2.46090000
1.70270000	2.09590000
1.43060000	1.81650000
1.18880000	1.60160000
1.01760000	1.43520000
0.89670000	1.31130000
0.78580000	1.20310000
0.67500000	1.12170000
0.61460000	1.05590000
0.56420000	1.00200000
0.51380000	0.95710000
0.49370000	0.91910000
0.46340000	0.88640000
0.44330000	0.85770000
0.43320000	0.83210000
0.42310000	0.80900000
0.39290000	0.78770000
0.39290000	0.76800000
0.39290000	0.78640000
0.51380000	0.73260000
0.88660000	0.71600000
0.99740000	0.69990000
1.10820000	0.68450000
1.17880000	0.66950000
1.14850000	0.65500000
1.00750000	0.64100000
0.98730000	0.62730000
1.05790000	0.61390000
0.99740000	0.60090000
1.37020000	0.58820000
2.08550000	0.57580000
1.96460000	0.56360000
1.87390000	0.55180000
2.27690000	0.54010000
3.11320000	0.52880000
3.85870000	0.78200000
3.28440000	1.29880000
2.65980000	1.13620000
2.31720000	1.01240000
3.08290000	0.90040000
13.90340000	0.81340000
8.37230000	0.74520000
5.17850000	0.69110000
3.93930000	0.64780000
3.06280000	0.61250000
2.54900000	0.58340000
2.45830000	0.55890000
2.39780000	0.53800000
2.51870000	0.52040000
3.34490000	0.51290000
4.23150000	0.49750000
4.42290000	0.48570000
8.38240000	5.39690000
7.17340000	2.24520000
5.24910000	1.83400000
4.05010000	1.54740000
3.57660000	1.32850000
3.37510000	1.15900000
3.04260000	1.02590000
2.84110000	0.92460000
3.39530000	0.85050000
3.58670000	0.78410000
3.34490000	0.74580000
2.83110000	0.68830000
2.41800000	0.79020000
2.12580000	0.73340000
1.78330000	0.68790000
1.55150000	0.65090000
1.41050000	0.62030000
1.30970000	0.59450000
1.32990000	0.57280000
1.24930000	0.55360000
1.23920000	0.53660000
1.18880000	0.52120000
1.11830000	0.50710000
1.04780000	0.49620000
0.98730000	0.48270000
0.95710000	0.47100000
0.97730000	0.45940000
2.19630000	0.49210000
4.76550000	0.48220000
3.67740000	0.42940000
3.20380000	0.54350000
5.11810000	0.52920000
5.48080000	1.92230000
4.01990000	0.93100000
3.20380000	1.07460000
2.69000000	0.92940000
2.33740000	0.81770000
2.08550000	0.73140000
1.99480000	0.66400000
4.82590000	0.61180000
4.55390000	0.56970000
4.11060000	0.53570000
18.84020000	2.07040000
16.32140000	10.53460000
9.62160000	5.10640000
15.01170000	5.55490000
39.39310000	15.17430000
29.72110000	11.66870000
20.45220000	10.62750000
13.80270000	7.35290000
12.79520000	7.50070000
9.46040000	5.24860000
7.33460000	3.96620000
7.05250000	3.78120000
8.22120000	6.79150000
21.76190000	13.90280000
17.73190000	9.14220000
11.78770000	4.43530000
9.18840000	3.98650000
7.67710000	3.47570000
6.76030000	3.06190000
9.26900000	8.83210000
16.11990000	13.92150000
11.88840000	7.42740000
9.20850000	4.32250000
9.14810000	4.29300000
7.29430000	3.56590000
6.27670000	3.53380000
7.65700000	3.21750000
7.81820000	2.89710000
11.68690000	5.94800000
11.28390000	7.03880000
8.49320000	3.42510000
6.56890000	3.42360000
5.18860000	3.07790000
4.19120000	2.80760000
3.46580000	2.59420000
2.91170000	2.42370000
2.49860000	2.28570000
2.18630000	2.17230000
1.95450000	2.07760000
1.72280000	1.99710000
1.55150000	1.92740000
1.41050000	1.86610000
1.26940000	1.81130000
1.18880000	1.76150000
1.07800000	1.71570000
0.99740000	1.67310000
0.93700000	1.63300000
0.95710000	1.61960000
1.01760000	1.59180000
1.18880000	1.59600000
1.37020000	1.53140000
1.23920000	1.48650000
1.19890000	1.43670000
1.13850000	1.39560000
1.03770000	1.36580000
0.93700000	1.33680000
0.90670000	1.37920000
0.88660000	1.35130000
0.80600000	1.25370000
0.75560000	1.22720000
0.71530000	1.20140000
0.66490000	1.17610000
0.61460000	1.15130000
0.58430000	1.12710000
0.58430000	1.10340000
0.56420000	1.08020000
0.55410000	1.06980000
0.54400000	1.03530000
0.51380000	1.01360000
0.49370000	0.99220000
0.48360000	0.97140000
0.47350000	0.95100000
0.45340000	0.93100000
0.42310000	0.91150000
0.42310000	0.89230000
0.40300000	0.87360000
0.38280000	0.85520000
0.35260000	0.83730000
0.34250000	0.81970000
0.51380000	0.85760000
0.65490000	0.80080000
0.59440000	0.76940000
0.51380000	0.75300000
0.45340000	0.73720000
0.40300000	0.72170000
0.38280000	0.70650000
0.38280000	0.69170000
0.36270000	0.67720000
0.33250000	0.66290000
0.31230000	0.64900000
0.29220000	0.63540000
0.26190000	0.62850000
0.27200000	0.62150000
0.27200000	0.59620000
0.26190000	0.58370000
0.25190000	0.57140000
0.24180000	0.55940000
0.22160000	0.54770000
0.20150000	0.53620000
0.19140000	0.52490000
0.19140000	0.51390000
0.17130000	0.50310000
0.17130000	0.49250000
0.17130000	0.48220000
0.16120000	0.47210000
0.16120000	0.46220000
0.15110000	0.45240000
0.15110000	0.44290000
0.13100000	0.43360000
0.13100000	0.42450000
0.12090000	0.41560000
0.11080000	0.40690000
0.10070000	0.39830000
0.09570000	0.39000000
0.09470000	0.38180000
0.08770000	0.37380000
0.08770000	0.37920000
0.09170000	0.38960000
0.09470000	0.35070000
0.09470000	0.34340000
0.08870000	0.33610000
0.07960000	0.32910000
0.07460000	0.32220000
0.06950000	0.31540000
0.06750000	0.30880000
0.05740000	0.30230000
0.05640000	0.29600000
0.05640000	0.28970000
0.05140000	0.28370000
0.04430000	0.27770000
0.04030000	0.27190000
0.04230000	0.26620000
0.04230000	0.26060000
0.04230000	0.25510000
0.03830000	0.24970000
0.03730000	0.24450000
0.03430000	0.23940000
0.03120000	0.23430000
0.03020000	0.22940000
0.03020000	0.22460000
0.02920000	0.21990000
0.02620000	0.21530000
0.02320000	0.21070000
0.02120000	0.20630000
0.02120000	0.20200000
0.01810000	0.19770000
0.01810000	0.19360000
0.01810000	0.18950000
0.01810000	0.18550000
0.01810000	0.18160000
0.01510000	0.17780000
0.01510000	0.17410000
0.01210000	0.17040000
0.01210000	0.16690000
0.01110000	0.16340000
0.00950000	0.15990000
0.00910000	0.15660000
0.00750000	0.15330000
0.00680000	0.15010000
0.00620000	0.14690000
0.00590000	0.14380000
0.00540000	0.14080000
0.00540000	0.13780000
0.00510000	0.13500000
0.00350000	0.13210000
0.00200000	0.12930000
0.00050000	0.12660000
0.00030000	0.12400000
0.00030000	0.12140000
0.00000000	0.11880000
0.00050000	0.11630000
0.00120000	0.18470000
0.00030000	0.11150000
0.00000000	0.10910000
0.00000000	0.10690000
0.00000000	0.10460000
0.00000000	0.10240000
0.00000000	0.10030000
0.00000000	0.09820000
0.00000000	0.09610000
0.00000000	0.09410000
0.00000000	0.09210000
0.00000000	0.09020000
0.00000000	0.08830000
0.00000000	0.08640000
0.00000000	0.08460000
0.00000000	0.08280000
0.00000000	0.08110000
0.00000000	0.07940000
0.00000000	0.07770000
0.00000000	0.07610000
0.00000000	0.07450000
0.00000000	0.07290000
0.00000000	0.07140000
0.00000000	0.06990000
0.00000000	0.12170000
0.00000000	0.23260000
0.00000000	0.12010000
0.00000000	0.06420000
0.00000000	0.06290000
0.00000000	0.06150000
0.00000000	0.06020000
0.00000000	0.05900000
0.00000000	0.05770000
0.00000000	0.05650000
0.00000000	0.08820000
0.00000000	0.10000000
0.00000000	0.05300000
0.00000000	0.17710000
0.00000000	0.14210000
0.00000000	0.05500000
0.00000000	0.05550000
0.00000000	0.05310000
0.00000000	0.05110000
0.00000000	0.04930000
0.00000000	0.04780000
0.00000000	0.04640000
0.00000000	0.04510000
0.00000000	0.04400000
0.00000000	0.04290000
0.00000000	0.04180000
0.00000000	0.04090000
0.00000000	0.03990000
0.00000000	0.03900000
0.00000000	0.03820000
0.00000000	0.03740000
0.00000000	0.03650000
0.00000000	0.03580000
0.00000000	0.03500000
0.00000000	0.03440000
0.00000000	0.18320000
0.02120000	1.35860000
2.62960000	15.29510000
4.45310000	6.54110000
2.90160000	0.48980000
1.49110000	0.10220000
2.92170000	0.64930000
1.51120000	0.06750000
0.93700000	0.06340000
0.64480000	0.05720000
0.47350000	0.05230000
0.37280000	0.04850000
0.31230000	0.04540000
0.26190000	0.04290000
0.23170000	0.04080000
0.21160000	0.03910000
0.18130000	0.03760000
0.17130000	0.03630000
0.16120000	0.03520000
0.14100000	0.03420000
0.13100000	0.03320000
0.12090000	0.03240000
0.12090000	0.03160000
0.12090000	0.03080000
0.11080000	0.03010000
0.10070000	0.02940000
0.10070000	0.02880000
0.10070000	0.02820000
0.09770000	0.02750000
0.08460000	0.02690000
0.08060000	0.02640000
0.08060000	0.02590000
0.08060000	0.02520000
0.07860000	0.02470000
0.14100000	0.10500000
0.57430000	0.06760000
2.30720000	3.92290000
1.30970000	0.03490000
0.86640000	0.03450000
0.65490000	0.03160000
0.55410000	0.02930000
0.45340000	0.02750000
0.41310000	0.02600000
0.35260000	0.02470000
0.32240000	0.02370000
0.30220000	0.06670000
0.28210000	0.02200000
0.26190000	0.02370000
0.24180000	0.02260000
0.23170000	0.02170000
0.21160000	0.02090000
0.20150000	0.02020000
0.18130000	0.01950000
0.17130000	0.01900000
0.16120000	0.01850000
0.16120000	0.01800000
0.16120000	0.01760000
0.14100000	0.01720000
0.14100000	0.01680000
0.13100000	0.01640000
0.12090000	0.01600000
0.12090000	0.01570000
0.11080000	0.01530000
0.11080000	0.01510000
0.11080000	0.01470000
0.10070000	0.01430000
0.09770000	0.01400000
0.09470000	0.01380000
0.09470000	0.01350000
0.09470000	0.01320000
0.08970000	0.01290000
0.08770000	0.01260000
0.08770000	0.04040000
0.09470000	0.01290000
0.10070000	0.01230000
0.09570000	0.01200000
0.09470000	0.01230000
0.09970000	0.82460000
20.35140000	20.12670000
41.00510000	28.99640000
11.88840000	17.67740000
5.85350000	6.06430000
3.52620000	4.50390000
3.43560000	3.96030000
7.23380000	12.31850000
5.09790000	10.10100000
3.50610000	4.22040000
2.74040000	3.92750000
2.16610000	3.28990000
1.77320000	3.21930000
1.50120000	2.77820000
1.22910000	2.43940000
1.04780000	2.17750000
0.92690000	1.97360000
0.82610000	1.81330000
0.73550000	1.68600000
0.67500000	1.58360000
0.64480000	1.54980000
0.55410000	1.43070000
0.51380000	1.65100000
0.51380000	2.88100000
1.20900000	9.54640000
1.21910000	5.52480000
1.14850000	3.04870000
1.06790000	2.68200000
1.78330000	2.36910000
2.51870000	2.12670000
2.30720000	1.93740000
2.70010000	1.78800000
2.26690000	1.66890000
2.05530000	1.57250000
2.38780000	4.68570000
3.11320000	3.27970000
3.57660000	2.46440000
3.47590000	2.22320000
2.91170000	2.00290000
2.32730000	1.83240000
1.96460000	1.69770000
1.93440000	1.58980000
1.69260000	1.50220000
1.38030000	1.42990000
1.22910000	1.36930000
1.25940000	1.31760000
1.27950000	1.27270000
1.97470000	1.25190000
3.07290000	1.22400000
4.41280000	1.17850000
5.07780000	1.13630000
4.73520000	1.10640000
4.30200000	1.08000000
3.79830000	1.05500000
3.45570000	1.03110000
3.80830000	1.10050000
5.46060000	3.84540000
5.19870000	6.27070000
4.96700000	6.08530000
4.13070000	3.46460000
3.48590000	2.69390000
3.11320000	2.35010000
2.60940000	2.04790000
4.25160000	3.28960000
4.52370000	2.78770000
3.64710000	2.21100000
3.10310000	1.96990000
3.64710000	5.04610000
4.65460000	6.79160000
4.00980000	3.68940000
3.40530000	2.90620000
2.90160000	2.50200000
2.45830000	2.35090000
2.08550000	2.10430000
1.81350000	1.91200000
1.62210000	1.76060000
1.48100000	1.64010000
1.28960000	1.54290000
1.15860000	1.46340000
1.05790000	1.39730000
0.94700000	1.34140000
0.88660000	1.29320000
0.80600000	1.25110000
0.74550000	1.21360000
0.70520000	1.17960000
0.66490000	1.14850000
0.61460000	1.11960000
0.56420000	1.09250000
0.55410000	1.06690000
0.55410000	1.04250000
0.49370000	1.01910000
0.46340000	0.99650000
0.44330000	0.97540000
0.42310000	0.95360000
0.40300000	0.93310000
0.38280000	0.91320000
0.38280000	0.89370000
0.35260000	0.87470000
0.34250000	0.85620000
0.34250000	0.83810000
0.34250000	0.82040000
0.32240000	0.80310000
0.32240000	0.78620000
0.32240000	0.76970000
0.29220000	0.78040000
0.30220000	0.73770000
0.31230000	0.77160000
0.40300000	0.80360000
0.46340000	0.71220000
0.39290000	0.67750000
0.34250000	0.66330000
0.33250000	0.64940000
0.30220000	0.63640000
0.29220000	0.62240000
0.27200000	0.60930000
0.26190000	0.59650000
0.23170000	0.58400000
0.23170000	0.57170000
0.20150000	0.55970000
0.19140000	0.54800000
0.18130000	0.53650000
0.17130000	0.52520000
0.16120000	0.51420000
0.16120000	0.50340000
0.15110000	0.49280000
0.14100000	0.48250000
0.13100000	0.47230000
0.13100000	0.46240000
0.12090000	0.45270000
0.11080000	0.44320000
0.11080000	0.43390000
0.10070000	0.42480000
0.09570000	0.41590000
0.10070000	0.40710000
0.29220000	0.52040000
0.35260000	0.41950000
6.74010000	0.64980000
6.60920000	1.86160000
2.85120000	0.40520000
1.84370000	0.37550000
1.98480000	0.43310000
11.58620000	10.87280000
9.20850000	6.86330000
5.31960000	0.36450000
12.89590000	2.20850000
18.63870000	6.88430000
11.68690000	3.66090000
7.47560000	0.65070000
5.15840000	0.90900000
3.79830000	0.77890000
2.87140000	0.67920000
2.38780000	0.61690000
2.04520000	0.55370000
1.69260000	0.49610000
1.47090000	0.45910000
1.29970000	0.42960000
1.16870000	0.40560000
1.01760000	0.38590000
0.95710000	0.36930000
0.87650000	0.35520000
0.83620000	0.34300000
0.76570000	0.33230000
0.69520000	0.32260000
0.66490000	0.31380000
0.61460000	0.30570000
0.57430000	0.29820000
0.51380000	0.29100000
0.48360000	0.28430000
0.47350000	0.27780000
0.44330000	0.27160000
0.40300000	0.26570000
0.38280000	0.25990000
0.35260000	0.25430000
0.32240000	0.24880000
0.31230000	0.24350000
0.29220000	0.23830000
0.28210000	0.23330000
0.27200000	0.22830000
0.26190000	0.22350000
0.25190000	0.21880000
0.23170000	0.21420000
0.22160000	0.20970000
0.22160000	0.20540000
0.22160000	0.20090000
0.20150000	0.19670000
0.20150000	0.19260000
0.18130000	0.18850000
0.15110000	0.18460000
0.14100000	0.18070000
0.14100000	0.17690000
0.14100000	0.17320000
0.13100000	0.16960000
0.13100000	0.16600000
0.12090000	0.16250000
0.12090000	0.15910000
0.11080000	0.15580000
0.11080000	0.15250000
0.11080000	0.14930000
0.09870000	0.14610000
0.08460000	0.14310000
0.07150000	0.14010000
0.07150000	0.13710000
0.07150000	0.13420000
0.07150000	0.13140000
0.05840000	0.12870000
0.05840000	0.12600000
0.04630000	0.12330000
0.03630000	0.12070000
0.03630000	0.11820000
0.02820000	0.11570000
0.03220000	0.11330000
0.02520000	0.11090000
0.02520000	0.10860000
0.02520000	0.10630000
0.02520000	0.10410000
0.02520000	0.10190000
0.02520000	0.09970000
0.02520000	0.09760000
0.02520000	0.09560000
0.02520000	0.09360000
0.02520000	0.09160000
0.02320000	0.08970000
0.02320000	0.08780000
0.02320000	0.08600000
0.02320000	0.08920000
0.02320000	0.08240000
0.02320000	0.08070000
0.02320000	0.07900000
0.02320000	0.07730000
0.02320000	0.07570000
0.02320000	0.07410000
0.02320000	0.07250000
0.02320000	0.07100000
0.02320000	0.12310000
0.02320000	0.09390000
0.02320000	0.06660000
0.02320000	0.06520000
0.02320000	0.06390000
0.02320000	0.06250000
0.02320000	0.06120000
0.01810000	0.05990000
0.02320000	0.05870000
0.02320000	0.05740000
0.02320000	0.05620000
0.01810000	0.05510000
0.01810000	0.05390000
0.01810000	0.05280000
0.01810000	0.05170000
0.01810000	0.05060000
0.01810000	0.04950000
0.01810000	0.04850000
0.01810000	0.04750000
0.01810000	0.04650000
0.01810000	0.04550000
0.01810000	0.04450000
0.01810000	0.04360000
0.01810000	0.04270000
0.01810000	0.04180000
0.01810000	0.04090000
0.01810000	0.04000000
0.01810000	0.03920000
0.01810000	0.04840000
0.01810000	0.04760000
0.01810000	0.06070000
0.01810000	0.03600000
0.01810000	0.03530000
0.01810000	0.03450000
0.01810000	0.03380000
0.01710000	0.03310000
0.01710000	0.03240000
0.01510000	0.03170000
0.01510000	0.03100000
0.01510000	0.03040000
0.01510000	0.02970000
0.01510000	0.02910000
0.01510000	0.02850000
0.01510000	0.02790000
0.01510000	0.02730000
0.01510000	0.02680000
0.01510000	0.02620000
0.01510000	0.02560000
0.01510000	0.02510000
0.01210000	0.02460000
0.01210000	0.02410000
0.01210000	0.02360000
0.01510000	0.08980000
0.01710000	0.10630000
0.01710000	0.02210000
0.01710000	0.02160000
0.01710000	0.02120000
0.01210000	0.02070000
0.01210000	0.02030000
0.01210000	0.01990000
0.01210000	0.01950000
0.01210000	0.01910000
0.01210000	0.03630000
0.01210000	0.01830000
0.01210000	0.01790000
0.07760000	0.18440000
0.07150000	0.02760000
0.07150000	0.01680000
0.07150000	0.01640000
0.04740000	0.01610000
0.01710000	0.01570000
0.01710000	0.01540000
0.01710000	0.01510000
0.01710000	0.01480000
0.01710000	0.01450000
0.01710000	0.01420000
0.01710000	0.01390000
0.01710000	0.01360000
0.01710000	0.01330000
0.02320000	0.07850000
0.02520000	0.01270000
0.02520000	0.01250000
0.01810000	0.01220000
0.01710000	0.01190000
0.01510000	0.01170000
0.01410000	0.01970000
0.01410000	0.01120000
0.01410000	0.01100000
0.01410000	0.01070000
0.01410000	0.01050000
0.01710000	0.12680000
0.05040000	0.01300000
0.03930000	0.01450000
0.02520000	0.01340000
0.02320000	0.01260000
0.02320000	0.01370000
0.02320000	0.01170000
0.02220000	0.01090000
0.02010000	0.01390000
0.02010000	0.01030000
0.02010000	0.06580000
0.02010000	0.01170000
0.02010000	0.01360000
0.02010000	0.01240000
0.02420000	0.01150000
0.15110000	3.21520000
0.30220000	1.93550000
0.15110000	0.03070000
0.09470000	0.02910000
0.07460000	0.02490000
0.07860000	0.02250000
0.08260000	0.01990000
0.07050000	0.01790000
0.07150000	0.01660000
0.20150000	0.04920000
0.16120000	0.01490000
0.11080000	0.01590000
0.09070000	0.01470000
0.09270000	0.01370000
0.08060000	0.01300000
0.07150000	0.01240000
0.07960000	0.01190000
0.08360000	0.01140000
0.08260000	0.01140000
0.07760000	0.01070000
0.06250000	0.01030000
0.06250000	0.01000000
0.06250000	0.00970000
0.06250000	0.00940000
0.06250000	0.00920000
0.06450000	0.00900000
0.06650000	0.00870000
0.07050000	0.00850000
0.20150000	0.09800000
0.35260000	0.01420000
0.32240000	0.02500000
0.29220000	0.02460000
0.31230000	0.02400000
1.00750000	2.06900000
1.50120000	1.58200000
1.08810000	0.02590000
0.66490000	0.03890000
0.47350000	0.02170000
0.36270000	0.01980000
0.29220000	0.01760000
0.22160000	0.01590000
0.18130000	0.01450000
0.13100000	0.01340000
0.12090000	0.01260000
0.12090000	0.01190000
0.12090000	0.01130000
0.12090000	0.01080000
0.11080000	0.01040000
0.11080000	0.01000000
0.11080000	0.00970000
0.10070000	0.00940000
0.09970000	0.00920000
0.09670000	0.00890000
0.11080000	0.00870000
4.71510000	9.50510000
3.44560000	5.31240000
3.11320000	3.34620000
4.83600000	5.17770000
2.25680000	0.04310000
1.36010000	0.03880000
0.91680000	0.03300000
0.65490000	0.02860000
0.48360000	0.02520000
0.37280000	0.02260000
0.30220000	0.02060000
0.25190000	0.01900000
0.20150000	0.01770000
0.17130000	0.01660000
0.15110000	0.01580000
0.12090000	0.02000000
0.10070000	0.01450000
0.08660000	0.01400000
0.07350000	0.01350000
0.06650000	0.01310000
0.05740000	0.01270000
0.05040000	0.01240000
0.04130000	0.01210000
0.03730000	0.01180000
0.03220000	0.01150000
0.02920000	0.01130000
0.03020000	0.03140000
0.23170000	0.09950000
6.18600000	3.37150000
16.11990000	18.13900000
26.49710000	18.20080000
13.29890000	10.99770000
6.05500000	5.07680000
3.82850000	3.87990000
2.65980000	3.17700000
1.95450000	2.64190000
1.75300000	3.65610000
1.51120000	2.99040000
3.97960000	2.36250000
4.49340000	2.04410000
3.29450000	1.79570000
2.52880000	1.63610000
2.20640000	1.47020000
1.93440000	2.93200000
1.91420000	6.88270000
1.81350000	3.44850000
1.71270000	2.93820000
1.66240000	3.18160000
1.55150000	3.34350000
2.61950000	10.70460000
3.28440000	6.58000000
3.06280000	3.66400000
3.33480000	8.16320000
3.12320000	6.10430000
3.36500000	3.59350000
3.83860000	3.23550000
4.39270000	2.83820000
4.64460000	2.53130000
3.99980000	2.29240000
3.23410000	2.10470000
2.75050000	1.95580000
2.31720000	1.83600000
2.48850000	1.75810000
4.56400000	1.78160000
3.52620000	1.58940000
2.84110000	1.53100000
2.27690000	1.48000000
1.93440000	1.43480000
1.67240000	1.39410000
1.46090000	1.35690000
1.28960000	1.32240000
1.15860000	1.29010000
1.07800000	1.26960000
1.00750000	1.24070000
0.92690000	1.20290000
0.87650000	1.17620000
0.82610000	1.15050000
0.80600000	1.14590000
0.90670000	1.11840000
0.87650000	1.07770000
0.79590000	1.08740000
0.91680000	1.06660000
1.21910000	1.04080000
1.72280000	1.01530000
1.50120000	0.96820000
1.26940000	0.94780000
1.11830000	0.92780000
0.99740000	0.90830000
0.99740000	0.91560000
1.03770000	0.87050000
0.99740000	0.85800000
0.86640000	0.83430000
0.76570000	0.81670000
0.69520000	0.79970000
0.65490000	0.78280000
0.65490000	0.78330000
0.65490000	0.75650000
0.61460000	0.73450000
0.57430000	0.71910000
0.53400000	0.70400000
0.49370000	0.70770000
0.47350000	0.68640000
0.46340000	0.66050000
0.42310000	0.64670000
0.57430000	0.70750000
0.56420000	0.61980000
0.53400000	0.60680000
0.49370000	0.59400000
0.47350000	0.58150000
0.48360000	0.56930000
0.48360000	0.55740000
0.42310000	0.54570000
0.40300000	0.53420000
0.35260000	0.52300000
0.37280000	0.51200000
0.36270000	0.50130000
0.33250000	0.49070000
0.39290000	0.52900000
0.31230000	0.47030000
0.28210000	0.46050000
0.26190000	0.45080000
0.29220000	0.44130000
0.25190000	0.43210000
0.26190000	0.42300000
0.26190000	0.41410000
0.25190000	0.40540000
0.24180000	0.39690000
0.21160000	0.38860000
0.20150000	0.38040000
0.17130000	0.37240000
0.15110000	0.36460000
0.17130000	0.35690000
0.19140000	0.34940000
0.20150000	0.34210000
0.20150000	0.33490000
0.20150000	0.32790000
0.20150000	0.32100000
0.20150000	0.31430000
0.20150000	0.30770000
0.21160000	0.30120000
0.21160000	0.29490000
0.20150000	0.28870000
0.21160000	0.28260000
0.21160000	0.27670000
0.20150000	0.27090000
0.21160000	0.26520000
0.26190000	0.27020000
0.32240000	0.29070000
0.31230000	0.24880000
0.29220000	0.24360000
0.26190000	0.23850000
0.25190000	0.23350000
0.23170000	0.22860000
0.22160000	0.22380000
0.20150000	0.21910000
0.18130000	0.21450000
0.17130000	0.21000000
0.15110000	0.20560000
0.14100000	0.20120000
0.14100000	0.19700000
0.12090000	0.19290000
0.11080000	0.18880000
0.09970000	0.18490000
0.08970000	0.18100000
0.08660000	0.18020000
0.08060000	0.18730000
0.07150000	0.16980000
0.06350000	0.16630000
0.05440000	0.16280000
0.04630000	0.15930000
0.04030000	0.15600000
0.03730000	0.15270000
0.03430000	0.14950000
0.02920000	0.14640000
0.02720000	0.14330000
0.02120000	0.14030000
0.02010000	0.13730000
0.01810000	0.13450000
0.01310000	0.13160000
0.01210000	0.12890000
0.01110000	0.12620000
0.01010000	0.12350000
0.00940000	0.12090000
0.00910000	0.11840000
0.00810000	0.11590000
0.00820000	0.11350000
0.00660000	0.11110000
0.00530000	0.10870000
0.00500000	0.10650000
0.00400000	0.10420000
0.00290000	0.10200000
0.00200000	0.09990000
0.00170000	0.09780000
0.00110000	0.09570000
0.00070000	0.09370000
0.00040000	0.09180000
0.00010000	0.08980000
0.00000000	0.08800000
0.00000000	0.08610000
0.00000000	0.08430000
0.00000000	0.08250000
0.00000000	0.08080000
0.00000000	0.07910000
0.00000000	0.07740000
0.00000000	0.07580000
0.00000000	0.07420000
0.00000000	0.07270000
0.00000000	0.11510000
0.00000000	0.08700000
0.00000000	0.06820000
0.00000000	0.06670000
0.00000000	0.06530000
0.00000000	0.06400000
0.00000000	0.06260000
0.00000000	0.06130000
0.00000000	0.06000000
0.00000000	0.05880000
0.00000000	0.05750000
0.00000000	0.05630000
0.00000000	0.05510000
0.00000000	0.05400000
0.00000000	0.05280000
0.00000000	0.05170000
0.00000000	0.05070000
0.00000000	0.04960000
0.00000000	0.04850000
0.00000000	0.04750000
0.00000000	0.04650000
0.00000000	0.04560000
0.00000000	0.04460000
0.00000000	0.04370000
0.00000000	0.04270000
0.00000000	0.04180000
0.00000000	0.04100000
0.00000000	0.04010000
0.00000000	0.03930000
0.00000000	0.03840000
0.00000000	0.03760000
0.00000000	0.03680000
0.00000000	0.03610000
0.00000000	0.03530000
0.00000000	0.03460000
0.00000000	0.03380000
0.00000000	0.03310000
0.00000000	0.03240000
0.00000000	0.03180000
0.00000000	0.03110000
0.00000000	0.03040000
0.00000000	0.02980000
0.00000000	0.02920000
0.00000000	0.02860000
0.00000000	0.02800000
0.00000000	0.02740000
0.00000000	0.02680000
0.00000000	0.02620000
0.00000000	0.02570000
0.00000000	0.02510000
0.00000000	0.02460000
0.00000000	0.02410000
0.00000000	0.02360000
0.00000000	0.02310000
0.00000000	0.02260000
0.00000000	0.02210000
0.00000000	0.02170000
0.00000000	0.02120000
0.00000000	0.14090000
0.00000000	0.31370000
0.00000000	0.18860000
0.00000000	0.02890000
0.00000000	0.05490000
0.00000000	0.02730000
0.00000000	0.02700000
0.00000000	0.02510000
0.00000000	0.02350000
0.00000000	0.02220000
0.00000000	0.02110000
0.00000000	0.02020000
0.00000000	0.01950000
0.00000000	0.01880000
0.00000000	0.01820000
0.00000000	0.04290000
0.00000000	0.01720000
0.00000000	0.01680000
0.00000000	0.01640000
0.00000000	0.01600000
0.00000000	0.01840000
0.00000000	0.01520000
0.00000000	0.01490000
0.00000000	3.34150000
0.49370000	2.70200000
0.33250000	0.03590000
0.50370000	0.86470000
0.64480000	0.09430000
0.36270000	0.03900000
0.24180000	0.03600000
0.18130000	0.03170000
0.14100000	0.02840000
0.12090000	0.02580000
0.19140000	0.04530000
0.20150000	0.02220000
0.19140000	0.02100000
0.15110000	0.01990000
0.14100000	0.01900000
0.14100000	0.01830000
0.12090000	0.01760000
0.10070000	0.01700000
0.10070000	0.01650000
0.14100000	0.01680000
0.54400000	1.25000000
0.50370000	0.02470000
0.37280000	0.02420000
0.31230000	0.02200000
0.27200000	0.02020000
0.24180000	0.01890000
0.21160000	0.01770000
0.19140000	0.01680000
0.17130000	0.01610000
0.16120000	0.01540000
0.16120000	0.01490000
1.56160000	2.68510000
1.48100000	0.02660000
0.89670000	0.02590000
0.67500000	0.02320000
0.56420000	0.02100000
0.47350000	0.01930000
0.39290000	0.01790000
0.34250000	0.01720000
0.31230000	0.01570000
0.29220000	0.46420000
1.38030000	4.41620000
1.56160000	5.64610000
0.98730000	0.03990000
0.70520000	0.03490000
0.56420000	0.03040000
0.46340000	0.02690000
0.40300000	0.02410000
0.81610000	0.82770000
3.23410000	6.46200000
2.64970000	1.70330000
1.88400000	0.57240000
1.47090000	0.68000000
1.16870000	0.85980000
0.94700000	0.69400000
0.84630000	0.57900000
0.72540000	0.47350000
0.61460000	0.44360000
0.53400000	0.37890000
0.47350000	0.32910000
0.42310000	0.29020000
0.39290000	0.28320000
0.37280000	0.23810000
0.33250000	0.40440000
0.30220000	0.35150000
0.27200000	0.31080000
0.25190000	0.27930000
0.22160000	0.25470000
0.21160000	0.23520000
0.22160000	0.27080000
0.21160000	0.20710000
0.21160000	0.74760000
1.44070000	6.22950000
1.17880000	2.36040000
0.85640000	1.92820000
0.69520000	1.58210000
0.93700000	4.21540000
1.17880000	2.60420000
0.97730000	2.08330000
0.83620000	1.77050000
0.70520000	1.50210000
0.61460000	1.29690000
0.54400000	1.13930000
0.49370000	1.03620000
0.46340000	0.96250000
0.80600000	6.40620000
2.27690000	10.88180000
6.17590000	13.49390000
4.66470000	9.66600000
4.40280000	8.20640000
4.94680000	5.26520000
5.04760000	3.93680000
5.20880000	3.85240000
7.37490000	9.62260000
14.20570000	10.63560000
16.52290000	10.95490000
13.39970000	10.17860000
10.27650000	7.19380000
6.35730000	4.45260000
4.24160000	4.08120000
2.90160000	3.55030000
2.10570000	3.14140000
1.66240000	2.82430000
1.32990000	2.57640000
1.11830000	2.38070000
1.08810000	2.25540000
0.92690000	2.11080000
0.85640000	1.99380000
0.74550000	1.92540000
1.21910000	4.99090000
1.31980000	6.12390000
1.11830000	3.62740000
0.95710000	2.85730000
0.82610000	2.75870000
0.70520000	2.49520000
0.61460000	2.28840000
0.54400000	2.12440000
0.50370000	1.99270000
0.67500000	1.96860000
3.50610000	9.31230000
6.08530000	16.75520000
5.64200000	9.19400000
3.78820000	4.33720000
2.67990000	3.89210000
2.14600000	3.40250000
1.80340000	3.02470000
1.80340000	2.73310000
1.87390000	2.53630000
1.64220000	2.34440000
1.40040000	2.17270000
1.22910000	2.05390000
1.07800000	1.95580000
0.92690000	1.87350000
0.80600000	1.80320000
0.75560000	1.78190000
0.74550000	1.68870000
0.62460000	1.63940000
0.54400000	1.59510000
0.48360000	1.55420000
0.43320000	1.51600000
0.39290000	1.48000000
0.35260000	1.44580000
0.34250000	1.41310000
0.31230000	1.38160000
0.32240000	1.35130000
0.81610000	1.39470000
0.85640000	1.31750000
2.90160000	1.39300000
4.16100000	1.54490000
3.00230000	1.21630000
2.24670000	1.19220000
3.00230000	1.18320000
10.88090000	2.79400000
6.49830000	1.78500000
4.53370000	1.35250000
3.32470000	1.27510000
2.72020000	1.21150000
2.25680000	1.15850000
1.84370000	1.11340000
1.65230000	1.07440000
1.45080000	1.04020000
1.28960000	1.00950000
1.17880000	0.98170000
1.08810000	0.95620000
1.01760000	0.93240000
1.08810000	0.93580000
0.94700000	0.88880000
0.80600000	0.86850000
0.74550000	0.84910000
0.68510000	0.83040000
0.65490000	0.81230000
0.62460000	0.79470000
0.57430000	0.77770000
0.53400000	0.76100000
0.49370000	0.74480000
0.45340000	0.72900000
0.43320000	0.71360000
0.39290000	0.69850000
0.38280000	0.68380000
0.36270000	0.66940000
0.34250000	0.65530000
0.33250000	0.64150000
0.30220000	0.62800000
0.29220000	0.61480000
0.28210000	0.60190000
0.28210000	0.61020000
0.27200000	0.57680000
0.26190000	0.56470000
0.24180000	0.55290000
0.22160000	0.54130000
0.21160000	0.52990000
0.20150000	0.51880000
0.18130000	0.50790000
0.18130000	0.49720000
0.16120000	0.48680000
0.15110000	0.47650000
0.15110000	0.46650000
0.13100000	0.45670000
0.12090000	0.44710000
0.11080000	0.43770000
0.10070000	0.42860000
0.09770000	0.41960000
0.08970000	0.41070000
0.08360000	0.40210000
0.07460000	0.39370000
0.06850000	0.38540000
0.06040000	0.37730000
0.05640000	0.36940000
0.05740000	0.38870000
0.05840000	0.37250000
0.05940000	0.35440000
0.06350000	0.33930000
0.06650000	0.33220000
0.06650000	0.32520000
0.06350000	0.31840000
0.06040000	0.31170000
0.05740000	0.30520000
0.05540000	0.29880000
0.05140000	0.29250000
0.04630000	0.28630000
0.04430000	0.31020000
0.04130000	0.27440000
0.03730000	0.26870000
0.03530000	0.26300000
0.03830000	0.25750000
0.09270000	0.32600000
0.13100000	0.35980000
0.20150000	0.28720000
0.21160000	0.23660000
0.18130000	0.23160000
0.15110000	0.22670000
0.14100000	0.22200000
0.12090000	0.21730000
0.11080000	0.21270000
0.10070000	0.20830000
0.09570000	0.20390000
0.08770000	0.19960000
0.07960000	0.19540000
0.07560000	0.19130000
0.07460000	0.18730000
0.06850000	0.18340000
0.06250000	0.17950000
0.05740000	0.17570000
0.05640000	0.17210000
0.05240000	0.16840000
0.04840000	0.16490000
0.04530000	0.16140000
0.04740000	0.15800000
0.04430000	0.15470000
0.04230000	0.15150000
0.03930000	0.14830000
0.03730000	0.14520000
0.03530000	0.14210000
0.03120000	0.13920000
0.02920000	0.13620000
0.02820000	0.13340000
0.02620000	0.13060000
0.02520000	0.12780000
0.02520000	0.12510000
0.02320000	0.12250000
0.02220000	0.11990000
0.02220000	0.11740000
0.02220000	0.11500000
0.02220000	0.11250000
0.02220000	0.11020000
0.02120000	0.10790000
0.02010000	0.10560000
0.01910000	0.10340000
0.01810000	0.10120000
0.01710000	0.09910000
0.01410000	0.09700000
0.01310000	0.09500000
0.01310000	0.09300000
0.01210000	0.09100000
0.01210000	0.08910000
0.01310000	0.08720000
0.01310000	0.08540000
0.01410000	0.08360000
0.01510000	0.08190000
0.01710000	0.08010000
0.01810000	0.07850000
0.01710000	0.07680000
0.01610000	0.07520000
0.01610000	0.07360000
0.01610000	0.07210000
0.01510000	0.07060000
0.01510000	0.06910000
0.01410000	0.06760000
0.01310000	0.06620000
0.01210000	0.06480000
0.01210000	0.06350000
0.01210000	0.06210000
0.01210000	0.06080000
0.01110000	0.05950000
0.01110000	0.05830000
0.01110000	0.05710000
0.01110000	0.05590000
0.01110000	0.05470000
0.01010000	0.05350000
0.00990000	0.05240000
0.00960000	0.05130000
0.00920000	0.05020000
0.00870000	0.04920000
0.00870000	0.04820000
0.00820000	0.04710000
0.00810000	0.04620000
0.00790000	0.04520000
0.00760000	0.04420000
0.00730000	0.04330000
0.00700000	0.04240000
0.00620000	0.04150000
0.00560000	0.04060000
0.00540000	0.03980000
0.00520000	0.03890000
0.00520000	0.03810000
0.00490000	0.03730000
0.00410000	0.03650000
0.00470000	0.03580000
0.00700000	0.03500000
0.00710000	0.16380000
0.00620000	0.15660000
0.00550000	0.07830000
0.00510000	0.03220000
0.00480000	0.03150000
0.00490000	0.03080000
0.00460000	0.03020000
0.00460000	0.02960000
0.00460000	0.02890000
0.00450000	0.02830000
0.00410000	0.02770000
0.00530000	0.02710000
0.00470000	0.02660000
0.00390000	0.02600000
0.00350000	0.02550000
0.00350000	0.02490000
0.00370000	0.02440000
0.00400000	0.02390000
0.00350000	0.02340000
0.00400000	0.06910000
0.00430000	0.11690000
0.00340000	0.02710000
0.00290000	0.02150000
0.00290000	0.02100000
0.00290000	0.02060000
0.00290000	0.02020000
0.00280000	0.01970000
0.00260000	0.01930000
0.00970000	0.16940000
0.05040000	2.17730000
0.10070000	1.41770000
0.62460000	1.68450000
0.84630000	0.09150000
0.58430000	0.04450000
0.41310000	0.04070000
0.31230000	0.03610000
0.25190000	0.03250000
0.20150000	0.02970000
0.17130000	0.02750000
0.15110000	0.02570000
0.12090000	0.02430000
0.11080000	0.02310000
0.10070000	0.02210000
0.09270000	0.02120000
0.08460000	0.02050000
0.07760000	0.01990000
0.07560000	0.01930000
0.07960000	0.04790000
0.07150000	0.01830000
0.10070000	0.10790000
0.17130000	0.02040000
0.27200000	0.02230000
1.12840000	5.41600000
0.66490000	0.22170000
0.37280000	0.03590000
0.26190000	0.03250000
0.20150000	0.02850000
0.18130000	0.04990000
0.16120000	0.02390000
0.13100000	0.02350000
0.11080000	0.02190000
0.10070000	0.02070000
0.16120000	0.31810000
0.25190000	0.05430000
0.26190000	0.02570000
0.23170000	0.02530000
0.59440000	1.54330000
2.33740000	5.39290000
11.88840000	0.04030000
19.54540000	14.15460000
24.17990000	16.16440000
13.29890000	13.23070000
7.53610000	5.47440000
5.13820000	3.08500000
3.98970000	2.51660000
3.70760000	2.06880000
3.25420000	1.72490000
3.70760000	3.84240000
3.13330000	2.49760000
2.74040000	1.99740000
2.97210000	1.70390000
3.54640000	3.20970000
3.38520000	2.63420000
2.97210000	2.08380000
2.77060000	1.79580000
2.60940000	1.57040000
2.37770000	1.39650000
2.23660000	1.26130000
3.06280000	8.59270000
3.29450000	5.34550000
3.14340000	2.69400000
17.53040000	2.32930000
16.42220000	2.02020000
8.67450000	1.78240000
5.71250000	1.59830000
4.60430000	1.45450000
4.03000000	1.34130000
3.94940000	1.25100000
11.08240000	5.74190000
9.65180000	4.37820000
7.13310000	2.32750000
5.63190000	2.07510000
4.43300000	1.83660000
3.74790000	1.65160000
5.70240000	2.96860000
20.35140000	2.56930000
13.09740000	2.32870000
13.60120000	8.03570000
11.08240000	5.27100000
8.42270000	2.95600000
8.42270000	2.91580000
81.70790000	34.25600000
45.23650000	21.44620000
38.08330000	17.71720000
17.12740000	12.39450000
9.99440000	6.31800000
7.45550000	5.45140000
6.70990000	4.67280000
6.23640000	4.07680000
5.64200000	3.61250000
4.82590000	3.25970000
4.28190000	2.98280000
3.78820000	2.76380000
3.32470000	2.58080000
3.01240000	2.52880000
2.90160000	2.41850000
3.06280000	2.30860000
4.42290000	4.13340000
4.80580000	2.55260000
4.48340000	2.77790000
4.73520000	5.59390000
5.77290000	5.93720000
5.62180000	4.25790000
8.45290000	10.34180000
7.23380000	10.52700000
5.76290000	5.58560000
4.56400000	4.21880000
3.71770000	3.72940000
3.11320000	3.33510000
2.99230000	3.06030000
4.81580000	5.98270000
11.08240000	11.82940000
11.48540000	7.01010000
7.70730000	4.08200000
6.31700000	4.09680000
7.35470000	10.68630000
7.17340000	7.52600000
5.52110000	4.26240000
4.43300000	3.82700000
3.82850000	3.43870000
3.66730000	3.13530000
3.58670000	2.89630000
4.55390000	2.75180000
7.99950000	3.13290000
7.69730000	2.62830000
6.73010000	2.90100000
6.81070000	2.68730000
6.48830000	2.51610000
5.71250000	2.37710000
4.95690000	2.26240000
5.02740000	2.19640000
4.21130000	2.09250000
3.65720000	2.01310000
3.36500000	1.96670000
3.51620000	1.92400000
4.66470000	1.89300000
6.69980000	1.82360000
31.23240000	15.55320000
26.59790000	15.86280000
15.31390000	6.18400000
10.17570000	4.39070000
7.38490000	3.82230000
5.64200000	3.36990000
10.37720000	3.11880000
14.00420000	6.10340000
9.67200000	4.12570000
7.06250000	3.15390000
5.41020000	2.92340000
4.25160000	3.43470000
3.49600000	2.77540000
2.98220000	2.86820000
2.74040000	2.62230000
3.34490000	2.51070000
3.35500000	2.28820000
3.12320000	2.40190000
5.44050000	7.39830000
5.59160000	5.96380000
4.52370000	3.29350000
3.72770000	2.98030000
3.61690000	2.69870000
3.79830000	2.51940000
4.69490000	2.33720000
4.16100000	2.16080000
3.59680000	2.04580000
3.14340000	1.95050000
2.79080000	1.87020000
2.65980000	1.84190000
2.38780000	1.74150000
6.56890000	4.51750000
10.05480000	10.01370000
7.03230000	4.57580000
5.25910000	3.26500000
4.38260000	2.89720000
3.42550000	2.58320000
3.85870000	2.38340000
4.55390000	2.24410000
3.71770000	2.02180000
3.32470000	1.98380000
2.80080000	1.84990000
2.36760000	1.76070000
2.03510000	1.68600000
1.82360000	1.62220000
1.69260000	1.56680000
1.53140000	1.51790000
2.02510000	1.52990000
2.63960000	1.48380000
2.02510000	1.39710000
1.82360000	1.39310000
1.61200000	1.33020000
1.53140000	1.29940000
1.41050000	1.27000000
1.35000000	1.24170000
1.26940000	1.21440000
1.27950000	1.23290000
1.18880000	1.20330000
1.16870000	1.15570000
1.10820000	1.11310000
1.04780000	1.08950000
1.00750000	1.06640000
0.94700000	1.04380000
0.95710000	1.02960000
1.04780000	1.04300000
0.96720000	1.00790000
0.87650000	0.95850000
0.82610000	0.93840000
0.77580000	0.91860000
0.81610000	1.03360000
1.58180000	2.12120000
2.12580000	7.19630000
1.75300000	2.72110000
1.53140000	0.84190000
4.98710000	1.11360000
15.01170000	9.82480000
11.08240000	7.55890000
7.48570000	2.72590000
5.19870000	2.62430000
5.33970000	2.29380000
6.02480000	2.00810000
5.22890000	1.75640000
4.25160000	1.71300000
3.28440000	1.63220000
2.59930000	1.48090000
2.12580000	1.36200000
1.70270000	1.26740000
1.39030000	1.19120000
1.26940000	1.12900000
1.13850000	1.07730000
1.06790000	1.03370000
1.01760000	0.99620000
0.92690000	0.96350000
0.86640000	0.93430000
0.79590000	0.90800000
0.77580000	0.88400000
0.71530000	0.86160000
0.66490000	0.84070000
0.62460000	0.82090000
0.61460000	0.80210000
0.56420000	0.78400000
0.52390000	0.76670000
0.48360000	0.74990000
0.46340000	0.73370000
0.44330000	0.71790000
0.42310000	0.70250000
0.39290000	0.68750000
0.37280000	0.67290000
0.37280000	0.65870000
0.34250000	0.64480000
0.34250000	0.63120000
0.31230000	0.61780000
0.29220000	0.60480000
0.27200000	0.59210000
0.25190000	0.57960000
0.24180000	0.56750000
0.23170000	0.55550000
0.21160000	0.54390000
0.20150000	0.53240000
0.19140000	0.52120000
0.21160000	0.51030000
0.23170000	0.49960000
0.23170000	0.48910000
0.24180000	0.47880000
0.24180000	0.46870000
0.24180000	0.45890000
0.24180000	0.44930000
0.24180000	0.43980000
0.24180000	0.43060000
0.24180000	0.42160000
0.23170000	0.41270000
0.23170000	0.40400000
0.21160000	0.39550000
0.20150000	0.38720000
0.19140000	0.37910000
0.18130000	0.37110000
0.17130000	0.36340000
0.15110000	0.35570000
0.14100000	0.34830000
0.13100000	0.34090000
0.12090000	0.33380000
0.11080000	0.32680000
0.10070000	0.31990000
0.09170000	0.31320000
0.08560000	0.30660000
0.07660000	0.30020000
0.06650000	0.29390000
0.06250000	0.28770000
0.05740000	0.28170000
0.04940000	0.27570000
0.04630000	0.27000000
0.04130000	0.26430000
0.03530000	0.25870000
0.03020000	0.25330000
0.02420000	0.24800000
0.01910000	0.26500000
0.01610000	0.25480000
0.01310000	0.23270000
0.01110000	0.22780000
0.00840000	0.22300000
0.00610000	0.21830000
0.00500000	0.21370000
0.00500000	0.20930000
0.00400000	0.20490000
0.00380000	0.20060000
0.00320000	0.19630000
0.00240000	0.19220000
0.00190000	0.18820000
0.00180000	0.18420000
0.00200000	0.18040000
0.00160000	0.17660000
0.00130000	0.17290000
0.00090000	0.16920000
0.00060000	0.16570000
0.00030000	0.16220000
0.00000000	0.15880000
0.00000000	0.15550000
0.00000000	0.15220000
0.00000000	0.14900000
0.00000000	0.14590000
0.00000000	0.14280000
0.00000000	0.13980000
0.00000000	0.13690000
0.00000000	0.13400000
0.00000000	0.13120000
0.00000000	0.12840000
0.00000000	0.12570000
0.00000000	0.12310000
0.00000000	0.12050000
0.00000000	0.11800000
0.00000000	0.11550000
0.00000000	0.11310000
0.00000000	0.11070000
0.00000000	0.10840000
0.00000000	0.10610000
0.00000000	0.10390000
0.00000000	0.10170000
0.00000000	0.09960000
0.00000000	0.09750000
0.00000000	0.09540000
0.00000000	0.09340000
0.00000000	0.09160000
0.00000000	0.08950000
0.00000000	0.10470000
0.00000000	0.08580000
0.00000000	0.08400000
0.00000000	0.08220000
0.00000000	0.10420000
0.00000000	0.11160000
0.00000000	0.10240000
0.00000000	0.07560000
0.00000000	0.07400000
0.00000000	0.18240000
0.00000000	0.16610000
0.00000000	0.06940000
0.00000000	0.06790000
0.00000000	0.06650000
0.00000000	0.06510000
0.00000000	0.06380000
0.00000000	0.06240000
0.00000000	0.06110000
0.00000000	0.05980000
0.00000000	0.05860000
0.00000000	0.05730000
0.00000000	0.05610000
0.00000000	0.05500000
0.00000000	0.05380000
0.00000000	0.05270000
0.00000000	0.05160000
0.00000000	0.05050000
0.00000000	0.04940000
0.00000000	0.04840000
0.00000000	0.04740000
0.00000000	0.04640000
0.00000000	0.04540000
0.00000000	0.04440000
0.00000000	0.04350000
0.00000000	0.04260000
0.00000000	0.04480000
0.00000000	0.08660000
0.00000000	0.05750000
0.00000000	0.03910000
0.00000000	0.03830000
0.00000000	0.03750000
0.00000000	0.03670000
0.00000000	0.03590000
0.00000000	0.03520000
0.00000000	0.03450000
0.00000000	0.03370000
0.00000000	0.03300000
0.00000000	0.05490000
0.00000000	0.03160000
0.00000000	0.03100000
0.00000000	0.03030000
0.00000000	0.02970000
0.00000000	0.02910000
0.00000000	0.05850000
0.00000000	0.12300000
0.00000000	0.02800000
0.00000000	0.02720000
0.00000000	0.02690000
0.00000000	0.02620000
0.00000000	0.09590000
0.00000000	0.02450000
0.00000000	0.02720000
0.07660000	0.02620000
3.25420000	13.42920000
1.49110000	6.88960000
1.02760000	0.30770000
1.40040000	4.62620000
1.38030000	0.06980000
1.18880000	0.06290000
2.43810000	0.05540000
1.76310000	0.04940000
1.20900000	0.04480000
0.92690000	0.04110000
0.71530000	0.03820000
0.60450000	0.03590000
0.49370000	0.03400000
0.42310000	0.03240000
0.39290000	0.03100000
0.35260000	0.02990000
0.33250000	0.02890000
0.31230000	0.02800000
0.30220000	0.02720000
0.27200000	0.02650000
0.26190000	0.02590000
0.25190000	0.02520000
0.24180000	0.03300000
0.23170000	0.04770000
0.55410000	2.99010000
0.92690000	2.21600000
0.74550000	0.03660000
0.82610000	1.85990000
1.01760000	2.49040000
0.92690000	0.04250000
0.78580000	0.04080000
0.99740000	0.08350000
1.34000000	1.02950000
1.14850000	0.03700000
0.95710000	0.06470000
0.78580000	0.03250000
0.66490000	0.04850000
0.60450000	0.04280000
0.52390000	0.03840000
0.47350000	0.03500000
0.43320000	0.03230000
0.39290000	0.03010000
0.36270000	0.02840000
0.34250000	0.02690000
0.81610000	0.13150000
2.99230000	3.60380000
8.47300000	10.90320000
7.31440000	14.95280000
5.06770000	11.98560000
3.54640000	5.07100000
2.48850000	3.82340000
1.95450000	3.13660000
1.68250000	2.60870000
1.52130000	2.20820000
1.43060000	1.90100000
1.36010000	1.66400000
1.28960000	1.48210000
1.24930000	1.34060000
1.18880000	1.22960000
1.15860000	1.14150000
1.13850000	1.34370000
1.40040000	6.21050000
1.52130000	4.81700000
1.41050000	2.48920000
5.01730000	10.78800000
4.15090000	6.77100000
2.58930000	3.55060000
2.03510000	3.05400000
1.77320000	2.63810000
1.62210000	3.70410000
1.53140000	3.17910000
6.35730000	15.81550000
5.39010000	10.11700000
4.10050000	4.91260000
3.58670000	9.22160000
3.74790000	14.87040000
3.56650000	8.58310000
3.37510000	4.86810000
3.39530000	4.21530000
3.60680000	3.67140000
3.87890000	3.27300000
6.56890000	3.31440000
6.05500000	2.82760000
5.46060000	2.87330000
4.47330000	2.62800000
3.28440000	2.43400000
2.47840000	2.27860000
2.18630000	2.23290000
1.89410000	2.54740000
1.48100000	2.13940000
1.22910000	2.22590000
1.07800000	2.09050000
0.96720000	1.98000000
0.89670000	1.91250000
0.80600000	1.81120000
0.72540000	1.74500000
0.70520000	1.68720000
0.65490000	1.63590000
0.64480000	1.61610000
0.62460000	1.55280000
0.58430000	1.50800000
0.56420000	1.48950000
0.52390000	1.43660000
0.52390000	1.43550000
0.50370000	1.38030000
0.50370000	1.34220000
0.48360000	1.35040000
0.46340000	1.28370000
0.45340000	1.25600000
0.41310000	1.22910000
0.40300000	1.20290000
0.39290000	1.17740000
0.38280000	1.15240000
0.37280000	1.12810000
0.37280000	1.10430000
0.35260000	1.08100000
0.35260000	1.05820000
0.33250000	1.03590000
0.33250000	1.01410000
0.33250000	1.02810000
0.33250000	0.98960000
0.33250000	0.98190000
0.42310000	1.01240000
0.46340000	0.91260000
0.42310000	0.89280000
0.39290000	0.87400000
0.37280000	0.85570000
0.35260000	0.83770000
0.34250000	0.82010000
0.33250000	0.80290000
0.32240000	0.78600000
0.31230000	0.76950000
0.30220000	0.75340000
0.30220000	0.73750000
0.30220000	0.72210000
0.28210000	0.70690000
0.28210000	0.73390000
0.31230000	0.79490000
0.43320000	0.79450000
0.65490000	0.71640000
0.64480000	0.63890000
0.58430000	0.62800000
0.52390000	0.61380000
0.47350000	0.60010000
0.44330000	0.58690000
0.42310000	0.57420000
0.40300000	0.56180000
0.39290000	0.59930000
0.51380000	0.60710000
0.55410000	0.56330000
0.58430000	0.60120000
0.60450000	0.50450000
0.55410000	0.49660000
0.48360000	0.48560000
0.45340000	0.47500000
0.42310000	0.46470000
0.42310000	0.45470000
0.41310000	0.44500000
0.39290000	0.47020000
0.49370000	0.48610000
0.54400000	0.43380000
0.56420000	0.40840000
0.58430000	0.40270000
0.56420000	0.39130000
0.55410000	0.38310000
0.50370000	0.37500000
0.46340000	0.36710000
0.45340000	0.35940000
0.41310000	0.35190000
0.40300000	0.34450000
0.39290000	0.33720000
0.37280000	0.33010000
0.35260000	0.32320000
0.33250000	0.31640000
0.32240000	0.30980000
0.30220000	0.30330000
0.29220000	0.29690000
0.28210000	0.29070000
0.28210000	0.28460000
0.26190000	0.27860000
0.26190000	0.29960000
0.26190000	0.27030000
0.26190000	0.26140000
0.24180000	0.25590000
0.22160000	0.25050000
0.19140000	0.24530000
0.19140000	0.24010000
0.16120000	0.23510000
0.15110000	0.23010000
0.15110000	0.22530000
0.14100000	0.22060000
0.14100000	0.21600000
0.14100000	0.21140000
0.14100000	0.20700000
0.13100000	0.20260000
0.13100000	0.19840000
0.13100000	0.19420000
0.13100000	0.19010000
0.12090000	0.18610000
0.11080000	0.18220000
0.11080000	0.17840000
0.11080000	0.17470000
0.10070000	0.17100000
0.08770000	0.16740000
0.08660000	0.16390000
0.08360000	0.16040000
0.07150000	0.15710000
0.06750000	0.15380000
0.06040000	0.15050000
0.06040000	0.14740000
0.04530000	0.14430000
0.03730000	0.14130000
0.03430000	0.13830000
0.03730000	0.13540000
0.02520000	0.13250000
0.01510000	0.12980000
0.01310000	0.12700000
0.01310000	0.12440000
0.01310000	0.12180000
0.01310000	0.11920000
0.01110000	0.11670000
0.00950000	0.11420000
0.00910000	0.11180000
0.00560000	0.10950000
0.00400000	0.10720000
0.00390000	0.10490000
0.00390000	0.10290000
0.00340000	0.10060000
0.00330000	0.09850000
0.00330000	0.09640000
0.00290000	0.09440000
0.00240000	0.09240000
0.00220000	0.09050000
0.00160000	0.08860000
0.00100000	0.08670000
0.00060000	0.08490000
0.00060000	0.08310000
0.00010000	0.08130000
0.00000000	0.07960000
0.00000000	0.07800000
0.00000000	0.07630000
0.00000000	0.07470000
0.00000000	0.07320000
0.00000000	0.07160000
0.00000000	0.07010000
0.00000000	0.06860000
0.00000000	0.06720000
0.00000000	0.06580000
0.00000000	0.06440000
0.00000000	0.06310000
0.00000000	0.06170000
0.00000000	0.06040000
0.00000000	0.05920000
0.00000000	0.05790000
0.00000000	0.05670000
0.00000000	0.05550000
0.00000000	0.05440000
0.00000000	0.05320000
0.00000000	0.05210000
0.00000000	0.05100000
0.00000000	0.04990000
0.00000000	0.04890000
0.00000000	0.04790000
0.00000000	0.04680000
0.00000000	0.04590000
0.00000000	0.04490000
0.00000000	0.04400000
0.00000000	0.04300000
0.00000000	0.04210000
0.00000000	0.04120000
0.00000000	0.04040000
0.00000000	0.03950000
0.00000000	0.03870000
0.00000000	0.03790000
0.00000000	0.03710000
0.00000000	0.03630000
0.00000000	0.03560000
0.00000000	0.03480000
0.00000000	0.03410000
0.00000000	0.03340000
0.00000000	0.03270000
0.00000000	0.03200000
0.00000000	0.03130000
0.00000000	0.03060000
0.00000000	0.03000000
0.00000000	0.02940000
0.00000000	0.02880000
0.00000000	0.02820000
0.00000000	0.02760000
0.00000000	0.02700000
0.00000000	0.02640000
0.00000000	0.02590000
0.00000000	0.02530000
0.00000000	0.02480000
0.00000000	0.02430000
0.00000000	0.02380000
0.00000000	0.02330000
0.00000000	0.02280000
0.00000000	0.02230000
0.00000000	0.02180000
0.00000000	0.02140000
0.00000000	0.02090000
0.00000000	0.02050000
0.00000000	0.02000000
0.00000000	0.01960000
0.00000000	0.01920000
0.00000000	0.01880000
0.00000000	0.01840000
0.00000000	0.01800000
0.00000000	0.01760000
0.00000000	0.02050000
0.00000000	0.01690000
0.00000000	0.01660000
0.00000000	0.01620000
0.00000000	0.01590000
0.00000000	0.01550000
0.00000000	0.01520000
0.00000000	0.01490000
0.00000000	0.01460000
0.00000000	0.01430000
0.00000000	0.01400000
0.00000000	0.01370000
0.00000000	0.03810000
0.00000000	0.01310000
0.00000000	0.11340000
0.00000000	0.01260000
0.00000000	0.01230000
0.00000000	0.01200000
0.00000000	0.09540000
0.00000000	0.04030000
0.00000000	0.01130000
0.00000000	0.06240000
0.00000000	0.20040000
0.00000000	0.04090000
0.00000000	0.03430000
0.00000000	0.01720000
0.01810000	0.01800000
0.00230000	0.01640000
0.00000000	0.01510000
0.00000000	0.03330000
0.00000000	0.01420000
0.00000000	0.01290000
0.00000000	0.08630000
0.00040000	0.01880000
0.02220000	1.43910000
0.27200000	0.03080000
0.26190000	0.02700000
0.23170000	0.07280000
0.33250000	0.02570000
0.32240000	0.02430000
0.26190000	0.02150000
0.56420000	0.01950000
3.05270000	0.01790000
1.31980000	0.01660000
1.06790000	0.01550000
1.27950000	0.01470000
1.07800000	0.01400000
0.99740000	0.01860000
2.00490000	1.81880000
2.18630000	1.06930000
1.74300000	1.34880000
1.75300000	0.24220000
1.44070000	0.03240000
1.26940000	0.03010000
1.08810000	0.04570000
0.95710000	0.02290000
0.84630000	0.02240000
0.78580000	0.02030000
0.73550000	0.04960000
0.86640000	0.01820000
0.92690000	0.02010000
1.08810000	0.06990000
1.26940000	0.02140000
4.43300000	0.02200000
4.83600000	0.02010000
6.07520000	0.44530000
4.16100000	0.03810000
2.77060000	0.03150000
1.97470000	0.02380000
1.50120000	0.02120000
1.35000000	0.02130000
1.65230000	2.82820000
1.60190000	0.02760000
1.37020000	0.02750000
1.28960000	0.03620000
1.59180000	3.14810000
1.56160000	0.02960000
1.46090000	0.02830000
1.34000000	0.02590000
1.60190000	0.07160000
1.66240000	0.03490000
1.64220000	0.05720000
1.66240000	1.23090000
3.00230000	3.65360000
4.51360000	2.55950000
22.06410000	14.06770000
53.09500000	27.66150000
80.39810000	45.29570000
45.74030000	36.39260000
39.69530000	26.75170000
38.08330000	27.59060000
46.24400000	28.29850000
48.05750000	33.79840000
26.59790000	26.42900000
14.20570000	17.24910000
9.02720000	10.84760000
6.87110000	7.91850000
5.74270000	6.82810000
4.81580000	5.97600000
4.16100000	5.53650000
4.32220000	9.26300000
5.43040000	16.24250000
5.12820000	15.99190000
4.68490000	12.80070000
5.71250000	12.52180000
7.52600000	11.19680000
15.31390000	14.22810000
12.69440000	10.86450000
33.14660000	21.42300000
36.37060000	22.55770000
39.39310000	21.30510000
20.65370000	15.93690000
10.78020000	9.23400000
7.17340000	7.03700000
5.64200000	6.26590000
4.63450000	5.63690000
3.99980000	5.14500000
3.63710000	4.77960000
3.11320000	4.44580000
2.61950000	4.19420000
2.34750000	3.98730000
2.13590000	3.81440000
2.02510000	3.73500000
1.84370000	3.53990000
1.66240000	3.77460000
1.64220000	3.59900000
1.64220000	3.45230000
1.72280000	3.32590000
1.64220000	3.21360000
1.59180000	3.11550000
1.53140000	3.02710000
1.37020000	2.94620000
1.26940000	2.87130000
1.17880000	2.80130000
1.12840000	2.73520000
1.04780000	2.67220000
1.00750000	2.61200000
0.94700000	2.55400000
0.90670000	2.50670000
1.34000000	2.49780000
3.30460000	2.95440000
3.27440000	5.04610000
2.97210000	3.91890000
2.50870000	3.01130000
2.13590000	2.81750000
5.64200000	3.41280000
45.53880000	34.63740000
32.34060000	27.93170000
33.75110000	26.28830000
19.24320000	20.99800000
17.63120000	18.41420000
41.20660000	28.23690000
26.90010000	24.98520000
12.39220000	13.23060000
8.11030000	8.03530000
8.22120000	13.53440000
6.59910000	14.46000000
23.17240000	25.01300000
17.42970000	19.89620000
13.09740000	9.53460000
10.17570000	7.16980000
8.61410000	6.36580000
8.21110000	5.71330000
8.16070000	5.21590000
8.26150000	4.79010000
8.58390000	4.46770000
8.86600000	4.20730000
8.69470000	3.99380000
8.44280000	3.81600000
8.18090000	3.68180000
7.60660000	3.53530000
7.08270000	3.42130000
6.57890000	3.31960000
6.61920000	3.25390000
10.78020000	3.23740000
17.12740000	4.73480000
16.32140000	8.20660000
12.89590000	5.08490000
10.47800000	3.67930000
9.09770000	3.48990000
8.54360000	3.28710000
10.78020000	4.84630000
9.37980000	4.47310000
8.36220000	3.43480000
7.55620000	3.23240000
6.78040000	3.04280000
6.20620000	2.91910000
5.65200000	2.76820000
5.67220000	2.71210000
5.18860000	2.56990000
4.74530000	2.48850000
4.39270000	2.41580000
4.10050000	2.34970000
3.83860000	2.28880000
3.57660000	2.23210000
3.86880000	2.23810000
3.89900000	2.13820000
10.17570000	3.75820000
10.67940000	7.29870000
16.11990000	18.94250000
10.37720000	15.33530000
7.43530000	6.55210000
6.10540000	4.80950000
5.31960000	4.19670000
4.71510000	3.71950000
4.08040000	3.35060000
3.42550000	3.06180000
3.20380000	2.85230000
2.86130000	2.67570000
2.59930000	2.51500000
2.47840000	2.39630000
2.67990000	2.34060000
2.27690000	2.19130000
1.99480000	2.11590000
1.84370000	2.04930000
1.63210000	1.98970000
1.55150000	1.93540000
1.41050000	1.88540000
1.32990000	1.83880000
1.29970000	1.79490000
1.15860000	1.75330000
1.22910000	1.71350000
1.20900000	1.67520000
1.06790000	1.64480000
0.90670000	1.60270000
0.88660000	1.56810000
0.81610000	1.53450000
0.74550000	1.50170000
0.68510000	1.46980000
0.63470000	1.43860000
0.58430000	1.40820000
0.53400000	1.37840000
0.52390000	1.34940000
0.50370000	1.32090000
0.47350000	1.29310000
0.42310000	1.26590000
0.42310000	1.23930000
0.44330000	1.21320000
0.43320000	1.18770000
0.40300000	1.16280000
0.39290000	1.13920000
0.38280000	1.11450000
0.36270000	1.09100000
0.44330000	1.12270000
1.04780000	1.14140000
0.71530000	1.03730000
0.55410000	1.01120000
0.60450000	0.98620000
0.61460000	0.96240000
0.48360000	0.94040000
0.43320000	0.92060000
0.39290000	0.90130000
0.36270000	0.88240000
0.33250000	0.86380000
0.31230000	0.84570000
0.30220000	0.82790000
0.27200000	0.81050000
0.24180000	0.79350000
0.23170000	0.77690000
0.21160000	0.76050000
0.19140000	0.74460000
0.19140000	0.72890000
0.17130000	0.71360000
0.16120000	0.69860000
0.15110000	0.68400000
0.13100000	0.66960000
0.13100000	0.65550000
0.12090000	0.64180000
0.12090000	0.62830000
0.12090000	0.61510000
0.12090000	0.60220000
0.13100000	0.58950000
0.15110000	0.57720000
0.14100000	0.56500000
0.12090000	0.55320000
0.12090000	0.54160000
0.11080000	0.53020000
0.09870000	0.54210000
0.09870000	0.50820000
0.09770000	0.49750000
0.08660000	0.48700000
0.08060000	0.47680000
0.07660000	0.46680000
0.06850000	0.45700000
0.06850000	0.44740000
0.06040000	0.43800000
0.06040000	0.42880000
0.05040000	0.41980000
0.05040000	0.41100000
0.04430000	0.40240000
0.04130000	0.39390000
0.04130000	0.38560000
0.02720000	0.37750000
0.02820000	0.36960000
0.02620000	0.36180000
0.02320000	0.35420000
0.01810000	0.34680000
0.01710000	0.33950000
0.01710000	0.33240000
0.01510000	0.32540000
0.01510000	0.31860000
0.01410000	0.31190000
0.01310000	0.30530000
0.01210000	0.29890000
0.01210000	0.29260000
0.01010000	0.28650000
0.01000000	0.28050000
0.00970000	0.27460000
0.00900000	0.26880000
0.00760000	0.26320000
0.00680000	0.25770000
0.00590000	0.25220000
0.00660000	0.24690000
0.00620000	0.24180000
0.00540000	0.23670000
0.00510000	0.23170000
0.00500000	0.22680000
0.00480000	0.22210000
0.00430000	0.21740000
0.00420000	0.21290000
0.00390000	0.20840000
0.00370000	0.20400000
0.00310000	0.19970000
0.00350000	0.19550000
0.00190000	0.19140000
0.00180000	0.18740000
0.00180000	0.18350000
0.00170000	0.17960000
0.00110000	0.17580000
0.00070000	0.17220000
0.00040000	0.16850000
0.00030000	0.16500000
0.00010000	0.16150000
0.00000000	0.15810000
0.00000000	0.15480000
0.00000000	0.15160000
0.00000000	0.14840000
0.00000000	0.14530000
0.00000000	0.14220000
0.00000000	0.13920000
0.00000000	0.13630000
0.00000000	0.13340000
0.00000000	0.13060000
0.00000000	0.12790000
0.00000000	0.12520000
0.00000000	0.12260000
0.00000000	0.12000000
0.00000000	0.11750000
0.00000000	0.11500000
0.00000000	0.11260000
0.00000000	0.11020000
0.00000000	0.10790000
0.00000000	0.05440000
0.00000000	0.05330000
0.00000000	0.05220000
0.00000000	0.05110000
0.00000000	0.05000000
0.00000000	0.04900000
0.00000000	0.04790000
0.00000000	0.04690000
0.00000000	0.04590000
0.00000000	0.04500000
0.00000000	0.04400000
0.00000000	0.08540000
0.00000000	0.04220000
0.00000000	0.04130000
0.00000000	0.04040000
0.00000000	0.03960000
0.00000000	0.03880000
0.00000000	0.03800000
0.00000000	0.03720000
0.00000000	0.03640000
0.00000000	0.03560000
0.00000000	0.03490000
0.00000000	0.03410000
0.00000000	0.03340000
0.00000000	0.03270000
0.00000000	0.03200000
0.00000000	0.03140000
0.00000000	0.03070000
0.00000000	0.03000000
0.00000000	0.02940000
0.00000000	0.02880000
0.00000000	0.02820000
0.00000000	0.02760000
0.00000000	0.02700000
0.00000000	0.02650000
0.00000000	0.02590000
0.00000000	0.02540000
0.00000000	0.02480000
0.00000000	0.02430000
0.00000000	0.02460000
0.00000000	0.02330000
0.00000000	0.02280000
0.00000000	0.02230000
0.00000000	0.02190000
0.00000000	0.02140000
0.00000000	0.02090000
0.00000000	0.03550000
0.00000000	0.02010000
0.00000000	0.03790000
0.00000000	0.01920000
0.00000000	0.01880000
0.00000000	0.03280000
0.00000000	0.02810000
0.00000000	0.01770000
0.00000000	0.01730000
0.00000000	0.05240000
0.00000000	0.05420000
0.00000000	0.01620000
0.00000000	0.01590000
0.00000000	0.01560000
0.00000000	0.05310000
0.00820000	0.13940000
0.00360000	0.02360000
0.00200000	0.01430000
0.11080000	0.14740000
0.96720000	0.07350000
1.22910000	0.06520000
0.88660000	0.07220000
0.57430000	0.02800000
0.40300000	0.02660000
0.68510000	0.09770000
3.23410000	4.01980000
43.82600000	25.27760000
17.83270000	13.85240000
7.80810000	5.56210000
32.13910000	14.28270000
8.60400000	5.83200000
4.68490000	2.02830000
3.29450000	1.84480000
2.52880000	1.60900000
2.06540000	1.61870000
1.73290000	1.33720000
1.50120000	1.26900000
1.30970000	1.15500000
1.16870000	1.21790000
1.03770000	1.04300000
0.93700000	0.90900000
0.94700000	0.80560000
1.25940000	0.75970000
8.27150000	9.34610000
19.14240000	16.01860000
7.44540000	7.05340000
4.65460000	3.70770000
3.49600000	3.10230000
2.91170000	2.60430000
2.43810000	2.22680000
2.11570000	1.94570000
1.86390000	1.70970000
1.66240000	1.55900000
1.52130000	1.41850000
2.15600000	1.73440000
2.52880000	4.95230000
2.06540000	2.11810000
1.83360000	2.28320000
1.65230000	1.99450000
1.53140000	1.77180000
6.32710000	11.32300000
23.97840000	23.02420000
14.20570000	19.56350000
19.14240000	15.14570000
22.66860000	18.81580000
17.93340000	14.10290000
17.02670000	13.81870000
8.99690000	9.46700000
7.05250000	5.81910000
25.89260000	16.04850000
21.25810000	15.91510000
9.89360000	7.61890000
38.58710000	15.20270000
23.47460000	14.02400000
11.88840000	7.42730000
11.78770000	8.97700000
11.18320000	9.00940000
8.64430000	5.38200000
6.86100000	5.10440000
5.71250000	4.59410000
11.28390000	11.20650000
15.91840000	14.68990000
11.08240000	10.70360000
8.93650000	6.76440000
7.33460000	5.15530000
6.32710000	4.63820000
5.34980000	4.19900000
4.59420000	3.85960000
3.59680000	3.58990000
2.84110000	3.37290000
2.51870000	3.19570000
2.27690000	3.04860000
2.12580000	2.96960000
4.53370000	5.87620000
9.91380000	11.02380000
29.21740000	18.03890000
29.92260000	17.25590000
28.41140000	15.98190000
15.31390000	10.57110000
11.28390000	6.08190000
10.57870000	5.57250000
8.14060000	5.10760000
6.49830000	4.56700000
5.51100000	4.14580000
5.00730000	4.60040000
5.81320000	14.10950000
6.11550000	10.39230000
6.40770000	4.99050000
7.92900000	4.72840000
14.91090000	7.60250000
18.94090000	15.13960000
11.38470000	9.56350000
8.84580000	5.31750000
8.03980000	4.84920000
7.51590000	4.36990000
7.35470000	4.05330000
15.91840000	11.43720000
13.09740000	11.12470000
9.09770000	6.10090000
6.68980000	4.67560000
5.20880000	4.24190000
4.28190000	3.88610000
3.61690000	3.60430000
3.16350000	3.37820000
2.79080000	3.19430000
2.47840000	3.04230000
2.19630000	2.91470000
2.03510000	2.80570000
1.90420000	2.72420000
1.69260000	2.62690000
1.53140000	2.55150000
1.40040000	2.48270000
1.91420000	2.47530000
4.71510000	2.44340000
3.05270000	2.30370000
2.50870000	2.25050000
2.25680000	2.19960000
5.71250000	3.70390000
5.00730000	4.20090000
3.90910000	2.06470000
3.22400000	2.30480000
2.73030000	2.19940000
2.38780000	2.11050000
2.13590000	2.03410000
1.92430000	1.96730000
1.71270000	1.90970000
1.56160000	1.85420000
1.43060000	1.80500000
1.36010000	1.78970000
1.24930000	1.71670000
1.15860000	1.67640000
1.11830000	1.64220000
2.72020000	1.71320000
2.93180000	1.60540000
2.71020000	1.82870000
3.33480000	3.31160000
4.45310000	1.48610000
4.45310000	1.73590000
4.67480000	1.63500000
4.06020000	1.87040000
12.29140000	3.32880000
7.62670000	2.89700000
5.45050000	2.27740000
4.21130000	2.05660000
3.39530000	1.88340000
2.79080000	1.74620000
2.38780000	1.63630000
2.08550000	1.54680000
1.84370000	1.47300000
1.66240000	1.41100000
1.52130000	1.35810000
1.39030000	1.31200000
1.27950000	1.27130000
1.17880000	1.23470000
1.08810000	1.20140000
1.02760000	1.17060000
0.93700000	1.14180000
0.87650000	1.11470000
0.81610000	1.08890000
0.75560000	1.06430000
0.84630000	1.08530000
0.81610000	1.04340000
0.89670000	1.04770000
2.73030000	1.07130000
5.48080000	1.05620000
4.90650000	0.96750000
3.22400000	0.91310000
7.42520000	4.51800000
7.33460000	5.13590000
4.87630000	1.09660000
3.70760000	0.85210000
2.94190000	0.83180000
2.47840000	0.81240000
2.19630000	0.79400000
1.92430000	0.77630000
1.78330000	0.75920000
1.56160000	0.74260000
1.40040000	0.72660000
1.27950000	0.71100000
1.18880000	0.69580000
1.08810000	0.68100000
0.99740000	0.66660000
0.90670000	0.65250000
0.85640000	0.63870000
0.79590000	0.62520000
0.73550000	0.61210000
0.68510000	0.59920000
0.62460000	0.58660000
0.55410000	0.57420000
0.52390000	0.56210000
0.48360000	0.55030000
0.45340000	0.53880000
0.42310000	0.52740000
0.40300000	0.51640000
0.38280000	0.50550000
0.36270000	0.49490000
0.34250000	0.48450000
0.32240000	0.47430000
0.30220000	0.46440000
0.28210000	0.45460000
0.27200000	0.44510000
0.26190000	0.43570000
0.26190000	0.42660000
0.26190000	0.41760000
0.28210000	0.40880000
0.28210000	0.40030000
0.25190000	0.39190000
0.22160000	0.38360000
0.20150000	0.37560000
0.18130000	0.36770000
0.16120000	0.36000000
0.14100000	0.35240000
0.13100000	0.34500000
0.12090000	0.33780000
0.12090000	0.33070000
0.11080000	0.32370000
0.10070000	0.31690000
0.09770000	0.31030000
0.09170000	0.30370000
0.08660000	0.29740000
0.07760000	0.29110000
0.07760000	0.28500000
0.06850000	0.27900000
0.06450000	0.27320000
0.05440000	0.26740000
0.04940000	0.26180000
0.04940000	0.25630000
0.04940000	0.25090000
0.04630000	0.24570000
0.04530000	0.24050000
0.04230000	0.23550000
0.03930000	0.23050000
0.03930000	0.22570000
0.03530000	0.22090000
0.03120000	0.21630000
0.03320000	0.21170000
0.03320000	0.20730000
0.02920000	0.20290000
0.02320000	0.19870000
0.02120000	0.19450000
0.02120000	0.19040000
0.01810000	0.18640000
0.01710000	0.18250000
0.01610000	0.17870000
0.01610000	0.17490000
0.01510000	0.17130000
0.01410000	0.16770000
0.01410000	0.16410000
0.01110000	0.16070000
0.01210000	0.15730000
0.01110000	0.15400000
0.01010000	0.15080000
0.00820000	0.14760000
0.00620000	0.14450000
0.00590000	0.14150000
0.00490000	0.13850000
0.00470000	0.13560000
0.00420000	0.13280000
0.00370000	0.13000000
0.00360000	0.12720000
0.00240000	0.12460000
0.00170000	0.12190000
0.00100000	0.11940000
0.00070000	0.11690000
0.00040000	0.11440000
0.00020000	0.11200000
0.00000000	0.10970000
0.00000000	0.10740000
0.00000000	0.10510000
0.00000000	0.10290000
0.00000000	0.10070000
0.00000000	0.09860000
0.00000000	0.09660000
0.00000000	0.09450000
0.00000000	0.09250000
0.00000000	0.09060000
0.00000000	0.08870000
0.00000000	0.08680000
0.00000000	0.08500000
0.00000000	0.08320000
0.00000000	0.08150000
0.00000000	0.07980000
0.00000000	0.09700000
0.00000000	0.07650000
0.00000000	0.14440000
0.00000000	0.07330000
0.00000000	0.07170000
0.00000000	0.07020000
0.00000000	0.06880000
0.00000000	0.06730000
0.00000000	0.06590000
0.00000000	0.06450000
0.00000000	0.06320000
0.00000000	0.06180000
0.00000000	0.06050000
0.00000000	0.05930000
0.00000000	0.05800000
0.00000000	0.05680000
0.00000000	0.05560000
0.00000000	0.05440000
0.00000000	0.05330000
0.00000000	0.05220000
0.00000000	0.05110000
0.00000000	0.05000000
0.00000000	0.04900000
0.00000000	0.04790000
0.00000000	0.04690000
0.00000000	0.04590000
0.00000000	0.04500000
0.00000000	0.04400000
0.00000000	0.04310000
0.00000000	0.04220000
0.00000000	0.05320000
0.00000000	0.04040000
0.00000000	0.03960000
0.00000000	0.03880000
0.00000000	0.03800000
0.00000000	0.19250000
0.00000000	0.09890000
0.00000000	0.03560000
0.00000000	0.03490000
0.00000000	0.03410000
0.00000000	0.05730000
0.00000000	0.12210000
0.00000000	0.12920000
0.00000000	0.09870000
0.00000000	0.03860000
0.00000000	0.03890000
0.00000000	0.44750000
0.00000000	0.06500000
0.00000000	0.04320000
0.00000000	0.04080000
0.00000000	0.03790000
0.00000000	0.03560000
0.00000000	0.03360000
0.00000000	0.03210000
0.00000000	0.03070000
0.00000000	0.02960000
0.00000000	0.02860000
0.00000000	0.02770000
0.00000000	0.02690000
0.00000000	0.02620000
0.00000000	0.04660000
0.00000000	0.02500000
0.00000000	0.02430000
0.00000000	0.02380000
0.00000000	0.02320000
0.01110000	0.09210000
1.14850000	6.72020000
6.70990000	8.98210000
4.21130000	5.35410000
1.76310000	0.59600000
2.25680000	1.58830000
1.90420000	0.07370000
1.24930000	0.08190000
0.89670000	0.95270000
0.73550000	0.05030000
0.60450000	0.04830000
0.55410000	0.06770000
0.48360000	0.04050000
0.48360000	0.07220000
2.98220000	5.53770000
1.97470000	0.04830000
1.40040000	0.07110000
11.48540000	2.68980000
27.50460000	20.27230000
10.37720000	12.47640000
10.78020000	6.91690000
16.01920000	11.74530000
26.49710000	23.51020000
37.07580000	22.86050000
22.46710000	15.73160000
15.91840000	10.55390000
12.19070000	9.84200000
8.03980000	6.79110000
5.44050000	5.06390000
3.99980000	4.32470000
3.08290000	3.74220000
2.44820000	3.29430000
1.98480000	2.94780000
2.07540000	2.67840000
3.25420000	9.12480000
3.32470000	6.78830000
3.17360000	3.61670000
3.26430000	3.25480000
3.34490000	2.92590000
25.99340000	6.02780000
34.25480000	14.14440000
30.93010000	12.03670000
52.59120000	18.09480000
60.55050000	22.96860000
81.60710000	24.72000000
103.77200000	42.40150000
63.16990000	34.69820000
36.67280000	20.97630000
18.53790000	11.89160000
11.18320000	8.37560000
7.63680000	7.23400000
5.91400000	6.30250000
4.84610000	5.58480000
4.03000000	5.02780000
3.49600000	4.59210000
3.14340000	4.24770000
2.86130000	3.97220000
2.61950000	3.74900000
2.40790000	3.56520000
2.29710000	3.43400000
2.17620000	3.28380000
2.11570000	3.18830000
1.99480000	3.06730000
1.92430000	3.19580000
1.93440000	4.90390000
2.55900000	4.67300000
3.56650000	3.53470000
3.67740000	3.32970000
3.94940000	3.14050000
39.69530000	17.73300000
46.44550000	25.67480000
18.84020000	20.52750000
25.59040000	21.92930000
14.60870000	13.77460000
8.88610000	7.04640000
7.11290000	6.28290000
6.61920000	6.32460000
5.62180000	5.13320000
4.99720000	4.94760000
4.87630000	6.73890000
4.58410000	7.53970000
4.10050000	4.63540000
3.81840000	4.48810000
3.54640000	4.10910000
3.28440000	3.98320000
3.20380000	3.81930000
2.99230000	3.55160000
2.78070000	3.70900000
2.59930000	3.46960000
2.43810000	3.27910000
2.30720000	3.12190000
2.18630000	2.99000000
2.48850000	4.69630000
2.29710000	4.47700000
2.32730000	5.15050000
2.33740000	4.64720000
2.24670000	3.60350000
2.12580000	3.33130000
2.03510000	3.10800000
1.91420000	2.92770000
1.81350000	2.77970000
1.76310000	2.65640000
1.70270000	2.61700000
1.63210000	2.48590000
1.55150000	2.48550000
2.69000000	7.10260000
2.44820000	6.60880000
2.26690000	3.60570000
2.13590000	3.51450000
1.99480000	3.19710000
1.86390000	2.93350000
1.71270000	2.73010000
1.59180000	2.56620000
1.47090000	2.43240000
1.39030000	2.32120000
1.27950000	2.22740000
1.19890000	2.14670000
1.12840000	2.07620000
1.05790000	2.01350000
2.25680000	2.07630000
3.12320000	3.83680000
2.26690000	3.23580000
1.92430000	2.44020000
1.75300000	2.28790000
1.57170000	2.13090000
1.39030000	2.01650000
1.24930000	1.92190000
1.13850000	1.84220000
1.04780000	1.77410000
0.95710000	1.71470000
0.90670000	1.66200000
0.83620000	1.61460000
0.78580000	1.57130000
0.75560000	1.53130000
0.80600000	1.49460000
0.74550000	1.46180000
0.69520000	1.42490000
0.65490000	1.39270000
0.62460000	1.36180000
0.60450000	1.33190000
0.56420000	1.30300000
0.55410000	1.28000000
0.53400000	1.24760000
0.50370000	1.22100000
0.49370000	1.19510000
0.48360000	1.16970000
0.47350000	1.16170000
0.45340000	1.12080000
0.44330000	1.09720000
0.42310000	1.07410000
0.40300000	1.05150000
0.39290000	1.02940000
0.55410000	1.07770000
1.31980000	1.10620000
2.08550000	1.04570000
2.50870000	0.98010000
2.61950000	0.95100000
3.34490000	2.13520000
2.39780000	1.03350000
1.94450000	0.87550000
1.61200000	0.85580000
1.37020000	0.83690000
1.20900000	0.81860000
1.09820000	0.81150000
0.98730000	0.79340000
0.92690000	0.76690000
0.85640000	0.75060000
0.81610000	0.75350000
0.74550000	0.71910000
0.68510000	0.70390000
0.64480000	0.68900000
0.61460000	0.67450000
0.58430000	0.66030000
0.55410000	0.64640000
0.54400000	0.63280000
0.52390000	0.61950000
0.49370000	0.60650000
0.47350000	0.59380000
0.45340000	0.58120000
0.44330000	0.56900000
0.41310000	0.55710000
0.39290000	0.54540000
0.39290000	0.53390000
0.37280000	0.52270000
0.36270000	0.51170000
0.35260000	0.50100000
0.35260000	0.49050000
0.37280000	0.56000000
0.44330000	0.47750000
0.40300000	0.46020000
0.36270000	0.45050000
0.39290000	0.49320000
0.38280000	0.44460000
0.37280000	0.42270000
0.34250000	0.41390000
0.32240000	0.41560000
0.31230000	0.39670000
0.30220000	0.38830000
0.31230000	0.40510000
0.60450000	0.46910000
0.46340000	0.36440000
0.36270000	0.35670000
0.32240000	0.34920000
0.28210000	0.34190000
0.26190000	0.33470000
0.25190000	0.32770000
0.24180000	0.32080000
0.22160000	0.31410000
0.21160000	0.30750000
0.20150000	0.30100000
0.19140000	0.29470000
0.17130000	0.28850000
0.16120000	0.28250000
0.15110000	0.27650000
0.14100000	0.27070000
0.14100000	0.26500000
0.13100000	0.25950000
0.12090000	0.25400000
0.11080000	0.24870000
0.11080000	0.24350000
0.09770000	0.23830000
0.09170000	0.23330000
0.08260000	0.22840000
0.08260000	0.22360000
0.08060000	0.21900000
0.07760000	0.26260000
0.08060000	0.20990000
0.08970000	0.20540000
0.09170000	0.20110000
0.08260000	0.19690000
0.07760000	0.19280000
0.07250000	0.18870000
0.06650000	0.18480000
0.06040000	0.18090000
0.05640000	0.17710000
0.05340000	0.17340000
0.05040000	0.16970000
0.04630000	0.16620000
0.04530000	0.16270000
0.04230000	0.15930000
0.03830000	0.15590000
0.03630000	0.15260000
0.03320000	0.14940000
0.03320000	0.14630000
0.03020000	0.14320000
0.02820000	0.14020000
0.02620000	0.13730000
0.02520000	0.13440000
0.02120000	0.13160000
0.02010000	0.12880000
0.02010000	0.12610000
0.01910000	0.12340000
0.01510000	0.12090000
0.01310000	0.11830000
0.01810000	0.14460000
0.01510000	0.11340000
0.01410000	0.11100000
0.01310000	0.10870000
0.01210000	0.10640000
0.01110000	0.10420000
0.01010000	0.10200000
0.01000000	0.09980000
0.00900000	0.09770000
0.00800000	0.09570000
0.00710000	0.09370000
0.00650000	0.09170000
0.00590000	0.08980000
0.00520000	0.08790000
0.00510000	0.08610000
0.00450000	0.08420000
0.00410000	0.08250000
0.00400000	0.08070000
0.00360000	0.07910000
0.00360000	0.07740000
0.00360000	0.07580000
0.00310000	0.07420000
0.00460000	0.19840000
0.00360000	0.10810000
0.00360000	0.06960000
0.00360000	0.06810000
0.00360000	0.06920000
0.00360000	0.06530000
0.00360000	0.06390000
0.00360000	0.06260000
0.00350000	0.06130000
0.00310000	0.06000000
0.00310000	0.05870000
0.00230000	0.05750000
0.00240000	0.05630000
0.00270000	0.05510000
0.00280000	0.05400000
0.00190000	0.05280000
0.00150000	0.05170000
0.00100000	0.05060000
0.00060000	0.04960000
0.00000000	0.04850000
0.00050000	0.06180000
0.00000000	0.04650000
0.00000000	0.04550000
0.00000000	0.04460000
0.00000000	0.04360000
0.00030000	0.10430000
0.00110000	0.06420000
0.00040000	0.05480000
0.00140000	0.04060000
0.00180000	0.06940000
0.00190000	0.03840000
0.00170000	0.03760000
0.00150000	0.03680000
0.00100000	0.03600000
0.00010000	0.03530000
0.00000000	0.03450000
0.00000000	0.03380000
0.00000000	0.03310000
0.00000000	0.03240000
0.00000000	0.03170000
0.00000000	0.03110000
0.00000000	0.03040000
0.00040000	0.02980000
0.00000000	0.10640000
0.00000000	0.04500000
0.00000000	0.02790000
0.00000000	0.02740000
0.00000000	0.02880000
0.00000000	0.13870000
0.01710000	0.16900000
0.03830000	3.74610000
0.01810000	0.55140000
0.01110000	0.05640000
0.00720000	0.04190000
0.00690000	0.03830000
0.01910000	0.03510000
0.04130000	0.03260000
0.04940000	0.03060000
0.04430000	0.02890000
0.04130000	0.02750000
0.03930000	0.02640000
0.03320000	0.02540000
0.03120000	0.02450000
0.03020000	0.02380000
0.03020000	0.02310000
0.02820000	0.02250000
0.02820000	0.02190000
0.02820000	0.02140000
0.02620000	0.02900000
0.02420000	0.02040000
0.02720000	0.04650000
0.02720000	0.02400000
0.02420000	0.06830000
0.03120000	0.01860000
0.06750000	0.01820000
0.07560000	0.01790000
0.06650000	0.01740000
0.05840000	0.01710000
0.07150000	0.05170000
0.11080000	0.04320000
0.13100000	0.01600000
0.14100000	0.01570000
0.13100000	0.04120000
0.13100000	0.04460000
0.15110000	0.02480000
0.18130000	0.07600000
0.27200000	1.74620000
0.32240000	2.15730000
2.18630000	10.26740000
2.63960000	6.78270000
1.48100000	0.74150000
2.59930000	2.86760000
2.20640000	0.92660000
1.52130000	0.07310000
1.29970000	0.06070000
2.03510000	3.03330000
2.08550000	1.25190000
2.51870000	1.18600000
2.12580000	3.91420000
1.79330000	1.17410000
1.46090000	1.15830000
1.65230000	1.06450000
2.86130000	4.36940000
1.97470000	2.08420000
1.57170000	1.73690000
1.32990000	1.42210000
1.19890000	1.21520000
1.08810000	2.71240000
0.99740000	1.79310000
2.44820000	9.76890000
2.67990000	5.48150000
2.04520000	2.85690000
1.67240000	2.39400000
1.44070000	2.01620000
1.28960000	1.72790000
1.20900000	1.50690000
3.43560000	7.06890000
4.14080000	4.75000000
4.14080000	2.80050000
6.04500000	5.41440000
4.37250000	3.50690000
2.90160000	2.72000000
2.31720000	2.43500000
1.98480000	2.84960000
1.70270000	2.27600000
1.50120000	2.15120000
1.37020000	1.91060000
1.25940000	1.72370000
1.15860000	1.57730000
1.08810000	1.46140000
1.03770000	1.36860000
0.98730000	1.29410000
0.97730000	1.23180000
0.94700000	1.17870000
0.95710000	1.13410000
1.80340000	6.42910000
2.64970000	6.00720000
3.88890000	2.50760000
2.81090000	2.46210000
2.43810000	2.15010000
3.00230000	3.21210000
3.72770000	2.09390000
3.57660000	2.60010000
4.22140000	8.42690000
20.95590000	15.22170000
38.58710000	22.85340000
21.45960000	18.98450000
27.60540000	20.08330000
38.58710000	23.85960000
28.31060000	19.78810000
60.04670000	25.51430000
41.20660000	22.81640000
28.00840000	11.88910000
14.70940000	8.11270000
10.47800000	6.51580000
9.02720000	7.06850000
9.22870000	8.69480000
8.94660000	8.69060000
9.17830000	7.02510000
31.53460000	23.22040000
26.79940000	23.15050000
12.69440000	11.17010000
21.05660000	15.08580000
15.51540000	13.16450000
10.17570000	7.97660000
9.13800000	10.35980000
12.49290000	14.99080000
30.62790000	23.55810000
17.73190000	19.75010000
14.60870000	17.65420000
22.87010000	23.52560000
29.11660000	22.88200000
28.41140000	23.01560000
16.32140000	15.95590000
12.08990000	11.69720000
11.48540000	13.29650000
12.49290000	14.26060000
13.29890000	11.63500000
15.21320000	13.70030000
13.09740000	13.98780000
9.52080000	10.58390000
7.75770000	14.88450000
7.33460000	12.85820000
19.44470000	21.51870000
14.81020000	16.39360000
32.64280000	21.56340000
21.56040000	19.49200000
13.09740000	10.20530000
9.53090000	9.67150000
7.36480000	9.05770000
5.95430000	6.79370000
5.00730000	6.27750000
4.44310000	5.79850000
4.01990000	5.36830000
4.08040000	5.02980000
4.81580000	4.75640000
4.15090000	4.51910000
3.60680000	4.32250000
3.24410000	4.19960000
2.82100000	4.01020000
2.82100000	4.81000000
2.75050000	4.15250000
2.52880000	4.34100000
2.45830000	4.11770000
4.57400000	4.67990000
9.75260000	11.68700000
7.17340000	8.47790000
5.86360000	4.88120000
5.23900000	4.54790000
4.57400000	4.21400000
3.82850000	3.94820000
3.35500000	3.73210000
3.04260000	3.55380000
4.12070000	3.44970000
36.47130000	18.69050000
43.02000000	28.58130000
31.33310000	20.16060000
20.35140000	14.13590000
12.89590000	9.05030000
9.63170000	6.48690000
7.72750000	5.75300000
6.07520000	5.15090000
4.92670000	4.68100000
4.61430000	4.39800000
4.20130000	5.39540000
3.60680000	4.09470000
3.26430000	4.07320000
3.24410000	5.13840000
3.63710000	3.96520000
3.68740000	4.11210000
3.80830000	3.88510000
3.47590000	3.80160000
3.45570000	3.69220000
4.30200000	4.05390000
4.72520000	3.46400000
4.21130000	3.51060000
4.36250000	5.30600000
4.48340000	5.00290000
4.32220000	3.73000000
4.16100000	3.46320000
3.94940000	3.24100000
3.57660000	3.06070000
3.23410000	2.91210000
2.88140000	2.78760000
2.58930000	2.68160000
2.40790000	2.58950000
2.40790000	2.50850000
2.45830000	2.47060000
2.08550000	2.36930000
1.88400000	2.30810000
1.74300000	2.25110000
1.61200000	2.19750000
1.55150000	2.14650000
1.48100000	2.09780000
1.49110000	2.08240000
1.48100000	2.05620000
1.40040000	1.99650000
1.45080000	2.02150000
1.49110000	1.95830000
1.57170000	1.84220000
1.39030000	1.79950000
1.29970000	1.76140000
1.22910000	1.72410000
1.16870000	1.68770000
1.13850000	1.70650000
1.23920000	1.65890000
1.15860000	1.59370000
1.10820000	1.55350000
1.06790000	1.51950000
1.01760000	1.49170000
1.00750000	1.46500000
0.94700000	1.42370000
0.89670000	1.39370000
1.03770000	1.39210000
1.13850000	1.33590000
1.04780000	1.30770000
0.97730000	1.28030000
0.95710000	1.29680000
1.21910000	1.27580000
1.16870000	1.22350000
1.44070000	1.21460000
2.93180000	1.36140000
3.60680000	3.52350000
3.27440000	1.35890000
2.63960000	1.08910000
2.20640000	1.06490000
1.92430000	1.04130000
1.75300000	1.02080000
1.60190000	0.99640000
1.45080000	0.97500000
1.37020000	0.95410000
1.30970000	0.99410000
1.18880000	0.91820000
1.10820000	0.89460000
1.01760000	0.88080000
0.93700000	0.88800000
0.88660000	0.83910000
2.67990000	0.82150000
1.65230000	0.80420000
1.27950000	0.78730000
1.07800000	0.77070000
0.95710000	0.75450000
0.85640000	0.73860000
0.77580000	0.72320000
0.72540000	0.70790000
0.65490000	0.69300000
0.61460000	0.67850000
0.56420000	0.66420000
0.54400000	0.65030000
0.53400000	0.63660000
0.49370000	0.62330000
0.46340000	0.61020000
0.44330000	0.59740000
0.41310000	0.58480000
0.39290000	0.57250000
0.36270000	0.56050000
0.34250000	0.54870000
0.32240000	0.53720000
0.31230000	0.52590000
0.29220000	0.51490000
0.27200000	0.50410000
0.25190000	0.49350000
0.24180000	0.48310000
0.22160000	0.47300000
0.20150000	0.46310000
0.19140000	0.45330000
0.17130000	0.44380000
0.16120000	0.43450000
0.15110000	0.42540000
0.14100000	0.41640000
0.13100000	0.40770000
0.11080000	0.39910000
0.09970000	0.39070000
0.09270000	0.38250000
0.08660000	0.37450000
0.07860000	0.36660000
0.07150000	0.35890000
0.06550000	0.35140000
0.06250000	0.34400000
0.05840000	0.33680000
0.05340000	0.32970000
0.04940000	0.32280000
0.04740000	0.31600000
0.04530000	0.30940000
0.04430000	0.30290000
0.04130000	0.29650000
0.04030000	0.29030000
0.03630000	0.28420000
0.03430000	0.27820000
0.03220000	0.27240000
0.03020000	0.26670000
0.02820000	0.26110000
0.02720000	0.25560000
0.02520000	0.25020000
0.02420000	0.24500000
0.02320000	0.23980000
0.02220000	0.23480000
0.02010000	0.22990000
0.02120000	0.22500000
0.02010000	0.22030000
0.01910000	0.21570000
0.01810000	0.21110000
0.01710000	0.20670000
0.01710000	0.20240000
0.01610000	0.19810000
0.01610000	0.19400000
0.01510000	0.18990000
0.01510000	0.18590000
0.01510000	0.18200000
0.01410000	0.17820000
0.01410000	0.17440000
0.01310000	0.17080000
0.01210000	0.16720000
0.01210000	0.16370000
0.01110000	0.16020000
0.01110000	0.15690000
0.01110000	0.15360000
0.01010000	0.15040000
0.00990000	0.14720000
0.00900000	0.14410000
0.00830000	0.14110000
0.00800000	0.13810000
0.00800000	0.13520000
0.00830000	0.13240000
0.00700000	0.12960000
0.00640000	0.12690000
0.00620000	0.12420000
0.00520000	0.12160000
0.00490000	0.11900000
0.00460000	0.11650000
0.00420000	0.11410000
0.00390000	0.11170000
0.00340000	0.10940000
0.00310000	0.10710000
0.00290000	0.10480000
0.00270000	0.10260000
0.00210000	0.10050000
0.00190000	0.09830000
0.00170000	0.09630000
0.00190000	0.09430000
0.00160000	0.09230000
0.00150000	0.09030000
0.00110000	0.08840000
0.00150000	0.08660000
0.00180000	0.10150000
0.00100000	0.08300000
0.00030000	0.08120000
0.00020000	0.07950000
0.00010000	0.07790000
0.00000000	0.07620000
0.00000000	0.07460000
0.00000000	0.07310000
0.00000000	0.07150000
0.00000000	0.07000000
0.00000000	0.08290000
0.00000000	0.06710000
0.00000000	0.06570000
0.00000000	0.06430000
0.00000000	0.06300000
0.00100000	0.08850000
0.00000000	0.06040000
0.00000000	0.05910000
0.00000000	0.05790000
0.00000000	0.05660000
0.00000000	0.05540000
0.00000000	0.05430000
0.00000000	0.05310000
0.00000000	0.05200000
0.00000000	0.05090000
0.00000000	0.04990000
0.01510000	0.24290000
0.01410000	0.10120000
0.00700000	0.04680000
0.00360000	0.04580000
0.00200000	0.04480000
0.00110000	0.04390000
0.00100000	0.04300000
0.00230000	0.08750000
0.00300000	0.07990000
0.00270000	0.04030000
0.00240000	0.05050000
0.00180000	0.04890000
0.00210000	0.06730000
0.00730000	0.11720000
0.07250000	3.08530000
0.03020000	0.67200000
0.01910000	0.08440000
0.05640000	0.09200000
0.14100000	0.88100000
0.29220000	0.05700000
0.24180000	0.05470000
0.19140000	0.05010000
0.17130000	0.06230000
0.17130000	0.05010000
0.91680000	2.06310000
0.66490000	0.05540000
0.39290000	0.04870000
0.28210000	0.04510000
3.72770000	2.42600000
6.74010000	7.58340000
29.21740000	11.85310000
16.62370000	6.88300000
9.49060000	0.09670000
4.03000000	3.55700000
4.88640000	3.58940000
3.24410000	0.97140000
6.57890000	5.22270000
17.42970000	10.18480000
11.98920000	7.78800000
16.52290000	8.16510000
26.79940000	8.95400000
10.01450000	4.63970000
6.05500000	3.52160000
4.30200000	2.92800000
3.45570000	2.46940000
4.36250000	2.11930000
3.44560000	1.85080000
2.78070000	1.64370000
2.48850000	1.48280000
2.31720000	1.37190000
2.35750000	1.50190000
2.46840000	3.19320000
2.21650000	1.78960000
2.01500000	1.95980000
1.79330000	1.73250000
1.60190000	1.55620000
1.45080000	1.41850000
1.34000000	1.31060000
1.12840000	1.22370000
1.02760000	1.15350000
0.95710000	1.09580000
0.89670000	1.04770000
0.85640000	1.00680000
0.82610000	0.97700000
0.78580000	0.94010000
0.76570000	0.91230000
0.72540000	0.88720000
0.69520000	0.86400000
0.75560000	0.86290000
0.72540000	0.82230000
0.66490000	0.80310000
0.62460000	0.78480000
0.58430000	0.76730000
0.54400000	0.75030000
0.51380000	0.73400000
0.49370000	0.71810000
0.47350000	0.70270000
0.44330000	0.68770000
0.42310000	0.67300000
0.41310000	0.65880000
0.39290000	0.64480000
0.38280000	0.63120000
0.38280000	0.61790000
1.11830000	0.83160000
3.13330000	2.81850000
7.05250000	6.26680000
14.91090000	11.98170000
10.98170000	13.80390000
11.88840000	9.74830000
12.39220000	8.40490000
17.53040000	6.83080000
26.69860000	10.78030000
11.78770000	7.39700000
7.74760000	4.34110000
6.18600000	4.08910000
4.87630000	3.39570000
4.05010000	3.24730000
3.49600000	2.85820000
3.09300000	2.55760000
3.01240000	3.87530000
2.64970000	3.42910000
2.39780000	2.67060000
2.29710000	2.42150000
2.25680000	4.04100000
1.96460000	3.57890000
9.76260000	2.72920000
39.89680000	17.68010000
25.69110000	11.85000000
26.69860000	4.56770000
13.90340000	4.03690000
9.15810000	3.52210000
7.00210000	3.12520000
6.35730000	3.39870000
7.12300000	7.88970000
6.14570000	4.71750000
15.11240000	3.48210000
29.01590000	10.97080000
24.68360000	13.77750000
18.53790000	12.62770000
11.98920000	12.88740000
10.07500000	7.23160000
9.72230000	12.20980000
18.33640000	19.88490000
17.02670000	15.21520000
18.13490000	16.73550000
11.28390000	10.85850000
12.39220000	8.51020000
32.84430000	15.68160000
25.08660000	15.75870000
15.01170000	8.76350000
15.11240000	9.60630000
10.57870000	9.04860000
8.21110000	5.68140000
6.58900000	5.25310000
5.38000000	4.71650000
4.95690000	5.12600000
4.68490000	5.43870000
4.11060000	4.19310000
3.77810000	3.89760000
3.52620000	3.64630000
3.60680000	3.42990000
4.63450000	3.87350000
5.06770000	6.91290000
4.56400000	4.96630000
4.25160000	3.77450000
4.00980000	3.51020000
4.25160000	3.28690000
4.68490000	3.16200000
4.08040000	2.98340000
3.54640000	2.86800000
3.32470000	3.91120000
6.84090000	12.54350000
8.79540000	17.80920000
6.24650000	9.59340000
5.00730000	5.22640000
4.22140000	4.66520000
3.74790000	4.16770000
3.43560000	3.77590000
3.23410000	3.52550000
3.22400000	3.22650000
3.24410000	3.03320000
3.03260000	2.87010000
2.75050000	2.73770000
2.78070000	2.66670000
2.75050000	2.57350000
2.84110000	2.44640000
3.13330000	2.90900000
2.92170000	2.30750000
3.33480000	5.71440000
4.73520000	4.49230000
5.60170000	3.28090000
5.98450000	3.00030000
5.70240000	2.77280000
5.11810000	2.59110000
4.58410000	2.44400000
4.27180000	2.32300000
3.91920000	2.22190000
3.45570000	2.13600000
3.09300000	2.06160000
2.69000000	1.99620000
2.30720000	1.93760000
2.03510000	1.88440000
1.96460000	1.83550000
1.86390000	1.78990000
1.79330000	1.74700000
1.66240000	1.70630000
1.40040000	1.66750000
1.21910000	1.63020000
1.26940000	1.59430000
1.16870000	1.55960000
1.17880000	1.53920000
1.67240000	1.52940000
1.45080000	1.46280000
1.20900000	1.43010000
1.18880000	1.39980000
1.13850000	1.37020000
1.02760000	1.34120000
1.03770000	1.31290000
0.99740000	1.28530000
0.98730000	1.25820000
0.94700000	1.23170000
0.88660000	1.20580000
0.84630000	1.18050000
0.80600000	1.15570000
0.75560000	1.13140000
0.71530000	1.10760000
0.69520000	1.08440000
0.66490000	1.06150000
0.64480000	1.03920000
0.62460000	1.01740000
0.59440000	0.99610000
0.57430000	0.97510000
0.55410000	0.95470000
0.54400000	0.93460000
0.52390000	0.91500000
0.51380000	0.89580000
0.49370000	0.87700000
0.49370000	0.85850000
0.47350000	0.84050000
0.45340000	0.82290000
0.44330000	0.80560000
0.44330000	0.78870000
0.45340000	0.77930000
0.44330000	0.75590000
0.41310000	0.74000000
0.38280000	0.72450000
0.36270000	0.70930000
0.35260000	0.69440000
0.34250000	0.67980000
0.32240000	0.66550000
0.30220000	0.65150000
0.28210000	0.63790000
0.27200000	0.62450000
0.25190000	0.61130000
0.24180000	0.59850000
0.23170000	0.58590000
0.21160000	0.57360000
0.20150000	0.56160000
0.19140000	0.54980000
0.18130000	0.53820000
0.17130000	0.52690000
0.16120000	0.51590000
0.15110000	0.50500000
0.13100000	0.49440000
0.12090000	0.48410000
0.11080000	0.47390000
0.11080000	0.46390000
0.09770000	0.45420000
0.09070000	0.44470000
0.08160000	0.43530000
0.07460000	0.42620000
0.06850000	0.41720000
0.06550000	0.40850000
0.06250000	0.39990000
0.05940000	0.39150000
0.05540000	0.38330000
0.05140000	0.37520000
0.04940000	0.36730000
0.04530000	0.35960000
0.04230000	0.35210000
0.03830000	0.34470000
0.03530000	0.33740000
0.03320000	0.33040000
0.03120000	0.32340000
0.02920000	0.31660000
0.02720000	0.31000000
0.02820000	0.30350000
0.02920000	0.29710000
0.02820000	0.29090000
0.02720000	0.28470000
0.02720000	0.27880000
0.02720000	0.27290000
0.02720000	0.26720000
0.02720000	0.26160000
0.02620000	0.25610000
0.02420000	0.25070000
0.02320000	0.24540000
0.02220000	0.24030000
0.02120000	0.23520000
0.02010000	0.23030000
0.01910000	0.22550000
0.01710000	0.22070000
0.01510000	0.21610000
0.01410000	0.21160000
0.01410000	0.20710000
0.01310000	0.20280000
0.01310000	0.22300000
0.01210000	0.19430000
0.01310000	0.19030000
0.01310000	0.18630000
0.01210000	0.18230000
0.01110000	0.17850000
0.01110000	0.17480000
0.01010000	0.17110000
0.00980000	0.16750000
0.00900000	0.16400000
0.00830000	0.16050000
0.00800000	0.15720000
0.00720000	0.15390000
0.00720000	0.15060000
0.00630000	0.14750000
0.00620000	0.14440000
0.00590000	0.14130000
0.00570000	0.13840000
0.00570000	0.13550000
0.00510000	0.13260000
0.00470000	0.12980000
0.00440000	0.12710000
0.00440000	0.12440000
0.00440000	0.12180000
0.00430000	0.11930000
0.00410000	0.11680000
0.00400000	0.11430000
0.00410000	0.11190000
0.00380000	0.10960000
0.00360000	0.10730000
0.00350000	0.10500000
0.00330000	0.10280000
0.00300000	0.10070000
0.00280000	0.09850000
0.00250000	0.09650000
0.00260000	0.09440000
0.00290000	0.09250000
0.00270000	0.09050000
0.00230000	0.08860000
0.00180000	0.08680000
0.00300000	0.08490000
0.00290000	0.08310000
0.00040000	0.08140000
0.00000000	0.07970000
0.00000000	0.07800000
0.00000000	0.07640000
0.00000000	0.07480000
0.00000000	0.07320000
0.00020000	0.07170000
0.00000000	0.07020000
0.00000000	0.06870000
0.00000000	0.06720000
0.00000000	0.06580000
0.00000000	0.06450000
0.00000000	0.06310000
0.00000000	0.06180000
0.00000000	0.06050000
0.00000000	0.05920000
0.00000000	0.05800000
0.00000000	0.05670000
0.00000000	0.05560000
0.00000000	0.09930000
0.00000000	0.05320000
0.00000000	0.05210000
0.00000000	0.05100000
0.00000000	0.05000000
0.00000000	0.04890000
0.00000000	0.04790000
0.00000000	0.04690000
0.00000000	0.04590000
0.00000000	0.04490000
0.00000000	0.04400000
0.00000000	0.04310000
0.00000000	0.04220000
0.00000000	0.04130000
0.00000000	0.04040000
0.00000000	0.03960000
0.00000000	0.03870000
0.00000000	0.03790000
0.00000000	0.03710000
0.00000000	0.03630000
0.00000000	0.03560000
0.03020000	0.11160000
0.04330000	0.29420000
0.01210000	0.04640000
0.00590000	0.03270000
0.00300000	0.03200000
0.00190000	0.03130000
0.00180000	0.03070000
0.00130000	0.03000000
0.00100000	0.02940000
0.00070000	0.02880000
0.00030000	0.02820000
0.00080000	0.02760000
0.02320000	0.16410000
0.01610000	0.02950000
0.20150000	4.81110000
0.67500000	2.74630000
0.45340000	1.98920000
0.32240000	0.05990000
0.25190000	0.05420000
0.29220000	0.09480000
0.80600000	1.12540000
1.43060000	1.21640000
0.75560000	0.07590000
1.71270000	1.59960000
2.83110000	1.66050000
1.40040000	0.06850000
0.87650000	0.05170000
0.64480000	0.04800000
0.51380000	0.04640000
0.42310000	0.04000000
0.36270000	0.03750000
0.32240000	0.03540000
0.28210000	0.03370000
0.51380000	0.08360000
4.11060000	5.02570000
3.87890000	3.63260000
4.32220000	1.18180000
3.15350000	0.04870000
1.85380000	0.04650000
1.28960000	0.04220000
1.00750000	0.04730000
1.04780000	0.07750000
1.00750000	0.03730000
1.03770000	0.03750000
1.06790000	0.03520000
0.96720000	0.03310000
1.23920000	0.03640000
2.84110000	0.06880000
2.05530000	0.03080000
1.51120000	0.03150000
1.17880000	0.02990000
0.96720000	0.02920000
0.83620000	0.02720000
0.71530000	0.02620000
0.62460000	0.02540000
0.55410000	0.02460000
0.48360000	0.02390000
0.43320000	0.02330000
0.38280000	0.02270000
0.35260000	0.02210000
0.32240000	0.02160000
0.30220000	0.02110000
0.28210000	0.02060000
0.26190000	0.02020000
0.24180000	0.01970000
0.23170000	0.01930000
0.22160000	0.01900000
0.22160000	0.01920000
0.21160000	0.01810000
0.23170000	0.04950000
0.24180000	0.01730000
0.22160000	0.01700000
0.21160000	0.01660000
0.20150000	0.01630000
0.20150000	0.02400000
0.70520000	0.05700000
16.92590000	10.85880000
7.18340000	5.35360000
5.06770000	1.94900000
9.73240000	5.19400000
20.35140000	11.44340000
20.45220000	14.55530000
10.78020000	11.75600000
8.62420000	17.09550000
11.38470000	15.27400000
14.60870000	11.84330000
9.25890000	8.58800000
8.74510000	7.15670000
6.85100000	8.04000000
6.57890000	10.49290000
7.69730000	10.60790000
6.58900000	7.91200000
5.08790000	4.76470000
4.16100000	4.48390000
3.55650000	3.89490000
5.57140000	11.29280000
8.69470000	17.19910000
13.70190000	9.05280000
10.06490000	5.11800000
7.09280000	4.48090000
5.57140000	4.84850000
7.40510000	9.13750000
7.96930000	10.29050000
6.00470000	7.55400000
4.81580000	4.61020000
4.14080000	4.36110000
3.88890000	3.91080000
4.35240000	5.59850000
6.38750000	9.19030000
15.21320000	15.27070000
52.59120000	28.03010000
25.38890000	20.24060000
12.69440000	8.95430000
8.54360000	6.50050000
6.47820000	5.74440000
5.15840000	5.37390000
4.44310000	4.80550000
3.97960000	6.66980000
5.80320000	13.56550000
6.72000000	9.07950000
5.89380000	6.14140000
5.36990000	8.90200000
16.11990000	15.66860000
30.52710000	22.47050000
17.12740000	23.00400000
12.99670000	20.61320000
9.47050000	12.03330000
7.73760000	8.23840000
6.42780000	6.52260000
6.44800000	6.19650000
8.61410000	7.65850000
7.45550000	9.03290000
6.20620000	7.05040000
5.35990000	7.75220000
5.32960000	6.63070000
5.44050000	5.08660000
6.02480000	7.31470000
5.36990000	6.25360000
4.69490000	4.72040000
4.20130000	4.43090000
3.73780000	4.06370000
3.38520000	4.18630000
2.98220000	3.90710000
2.67990000	3.68150000
2.53890000	3.49640000
2.33740000	3.34200000
2.10570000	3.21100000
1.93440000	3.09790000
1.79330000	2.99860000
1.66240000	2.90990000
1.54150000	2.82940000
1.43060000	2.75550000
1.36010000	2.68670000
1.29970000	2.62210000
1.20900000	2.56090000
1.11830000	2.50250000
1.03770000	2.44650000
0.97730000	2.39250000
0.92690000	2.34030000
0.88660000	2.28970000
0.85640000	2.24050000
0.81610000	2.19260000
0.78580000	2.14590000
0.75560000	2.10040000
0.72540000	2.05590000
0.70520000	2.01250000
0.67500000	1.97000000
0.64480000	1.92850000
0.67500000	1.91120000
0.96720000	1.90450000
1.00750000	1.84630000
0.89670000	1.79520000
0.97730000	1.79340000
1.96460000	1.84240000
2.41800000	2.91830000
1.83360000	1.63060000
1.54150000	1.59910000
1.36010000	1.56440000
1.20900000	1.53060000
1.08810000	1.49780000
0.99740000	1.46580000
0.92690000	1.43620000
0.86640000	1.40430000
0.82610000	1.37460000
0.81610000	1.34550000
0.76570000	1.31720000
0.70520000	1.28940000
0.67500000	1.26840000
0.72540000	1.25090000
0.64480000	1.20970000
0.60450000	1.18430000
0.57430000	1.15940000
0.54400000	1.14820000
0.60450000	1.14820000
0.65490000	1.11130000
0.60450000	1.06620000
0.60450000	1.06550000
0.61460000	1.03680000
0.57430000	0.99930000
0.54400000	0.97830000
0.57430000	1.00000000
1.00750000	1.04590000
1.45080000	1.03310000
1.15860000	0.89870000
0.95710000	0.88170000
0.83620000	0.86290000
0.75560000	0.84450000
0.67500000	0.82650000
0.61460000	0.80900000
0.56420000	0.79190000
0.52390000	0.77520000
0.48360000	0.75880000
0.46340000	0.74290000
0.43320000	0.72720000
0.40300000	0.71190000
0.38280000	0.69690000
0.36270000	0.68230000
0.34250000	0.66800000
0.32240000	0.65400000
0.30220000	0.64020000
0.28210000	0.62670000
0.26190000	0.61360000
0.25190000	0.60070000
0.24180000	0.58810000
0.23170000	0.57570000
0.26190000	0.58680000
0.26190000	0.55180000
0.24180000	0.54020000
0.23170000	0.52880000
0.22160000	0.51770000
0.21160000	0.50690000
0.19140000	0.49620000
0.16120000	0.48580000
0.14100000	0.47560000
0.13100000	0.46560000
0.11080000	0.45580000
0.10070000	0.44630000
0.09770000	0.43690000
0.08970000	0.42770000
0.08160000	0.41870000
0.07350000	0.40990000
0.06650000	0.40130000
0.06040000	0.39290000
0.05440000	0.38470000
0.04940000	0.37660000
0.04430000	0.36870000
0.04030000	0.36090000
0.03630000	0.35330000
0.03430000	0.34590000
0.03220000	0.33870000
0.03020000	0.33160000
0.02820000	0.32460000
0.02720000	0.31780000
0.02620000	0.31110000
0.02620000	0.30460000
0.02520000	0.29820000
0.02220000	0.29190000
0.02120000	0.28580000
0.01910000	0.27980000
0.01510000	0.27390000
0.01310000	0.26810000
0.01210000	0.26250000
0.01110000	0.25700000
0.01010000	0.25160000
0.00970000	0.24630000
0.00910000	0.24120000
0.00840000	0.23610000
0.00950000	0.23110000
0.00800000	0.22630000
0.00780000	0.22150000
0.00770000	0.21690000
0.00760000	0.21230000
0.00740000	0.20790000
0.00720000	0.20350000
0.00700000	0.19920000
0.00690000	0.19500000
0.00650000	0.19090000
0.00660000	0.18690000
0.00630000	0.18300000
0.00580000	0.17920000
0.00540000	0.17540000
0.00510000	0.17170000
0.00550000	0.16810000
0.00460000	0.16460000
0.00410000	0.16110000
0.00380000	0.15770000
0.00370000	0.15440000
0.00330000	0.15120000
0.00310000	0.14800000
0.00390000	0.14490000
0.00230000	0.14190000
0.00210000	0.13890000
0.00210000	0.13600000
0.00170000	0.13310000
0.00150000	0.13030000
0.00100000	0.12760000
0.00070000	0.12490000
0.00060000	0.12230000
0.00030000	0.11970000
0.00030000	0.11720000
0.00000000	0.11470000
0.00000000	0.11230000
0.00000000	0.11000000
0.00000000	0.10770000
0.00000000	0.10540000
0.00000000	0.10320000
0.00000000	0.10100000
0.00000000	0.09890000
0.00000000	0.09680000
0.00000000	0.09480000
0.00000000	0.09280000
0.00000000	0.15960000
0.00000000	0.10720000
0.00000000	0.08710000
0.00000000	0.08520000
0.00000000	0.08340000
0.00000000	0.08170000
0.00000000	0.08000000
0.00000000	0.07830000
0.00000000	0.07670000
0.00000000	0.07500000
0.00000000	0.07350000
0.00000000	0.07190000
0.00000000	0.07040000
0.00000000	0.06890000
0.00000000	0.06750000
0.00000000	0.06610000
0.00000000	0.06470000
0.00000000	0.06330000
0.00000000	0.06200000
0.00000000	0.06070000
0.00000000	0.05940000
0.00000000	0.05820000
0.00000000	0.05700000
0.00000000	0.05580000
0.00000000	0.05460000
0.00000000	0.05340000
0.00000000	0.05230000
0.00000000	0.05120000
0.00000000	0.05010000
0.00000000	0.04910000
0.00000000	0.04810000
0.00000000	0.04700000
0.00000000	0.04610000
0.00000000	0.04510000
0.00000000	0.04410000
0.00000000	0.04320000
0.00000000	0.04230000
0.00000000	0.06080000
0.00000000	0.06980000
0.00000000	0.05350000
0.00000000	0.03890000
0.00000000	0.03810000
0.00000000	0.03730000
0.00000000	0.03650000
0.00000000	0.03570000
0.00000000	0.03500000
0.00000000	0.03420000
0.00000000	0.03350000
0.00000000	0.03280000
0.00000000	0.08600000
0.00000000	0.03140000
0.00000000	0.03080000
0.00000000	0.03010000
0.00000000	0.06340000
0.00000000	0.10450000
0.00000000	0.06030000
0.00000000	0.13190000
0.03530000	0.13150000
0.05340000	3.92820000
0.01610000	0.05160000
0.00740000	0.04360000
0.00520000	0.03950000
0.00270000	0.03630000
0.00130000	0.03380000
0.00070000	0.03170000
0.00000000	0.03000000
0.00000000	0.02860000
0.00000000	0.04100000
0.00000000	0.02640000
0.00000000	0.02560000
0.00000000	0.02480000
0.00000000	0.02410000
0.00140000	0.02410000
0.00570000	0.02360000
0.01710000	0.04240000
0.02920000	0.02280000
0.04030000	0.02130000
0.04430000	0.02080000
0.04940000	0.02030000
0.04940000	0.01990000
0.04940000	0.04500000
0.04940000	0.01900000
0.05340000	0.01870000
0.06450000	0.04900000
0.06950000	0.01780000
0.07250000	0.01740000
0.07250000	0.03480000
0.07250000	0.04350000
0.38280000	1.59830000
0.81610000	0.07430000
0.48360000	0.03130000
0.34250000	0.02970000
0.26190000	0.02660000
0.21160000	0.02430000
0.17130000	0.02240000
0.15110000	0.02090000
0.13100000	0.01970000
0.12090000	0.01870000
0.10070000	0.01790000
0.09470000	0.01720000
0.09470000	0.01660000
0.11080000	0.01680000
0.36270000	0.01630000
2.07540000	0.95330000
1.60190000	1.29330000
0.96720000	0.03040000
0.66490000	0.02930000
0.50370000	0.02610000
0.40300000	0.02360000
0.33250000	0.02220000
0.35260000	0.03910000
0.80600000	0.23200000
0.75560000	0.04530000
0.69520000	0.02460000
0.60450000	0.02340000
0.50370000	0.02160000
0.42310000	0.01940000
0.36270000	0.01820000
0.31230000	0.01720000
0.27200000	0.01640000
0.24180000	0.01570000
0.21160000	0.01510000
0.19140000	0.01460000
0.16120000	0.01410000
0.15110000	0.01370000
0.13100000	0.01330000
0.12090000	0.01300000
0.12090000	0.01270000
0.32240000	0.38760000
0.60450000	0.01780000
1.83360000	0.01950000
2.56910000	0.01780000
1.45080000	0.01650000
1.00750000	0.01540000
0.80600000	0.01460000
0.65490000	0.01360000
0.54400000	0.01270000
0.47350000	0.01210000
0.42310000	0.01230000
0.37280000	0.01560000
0.33250000	0.01860000
0.30220000	0.01150000
0.28210000	0.01750000
0.35260000	0.06080000
0.72540000	0.01280000
0.95710000	0.01430000
1.05790000	0.01330000
1.09820000	0.01240000
0.98730000	0.01170000
1.03770000	0.02520000
0.97730000	0.01220000
0.85640000	0.01050000
0.77580000	0.01010000
0.78580000	0.02770000
1.10820000	0.02290000
1.78330000	0.01110000
1.62210000	0.00950000
1.25940000	0.00910000
0.99740000	0.00870000
0.81610000	0.00840000
0.79590000	0.08700000
0.73550000	0.01190000
0.73550000	0.01430000
0.64480000	0.01280000
0.60450000	0.01170000
0.60450000	0.01080000
0.60450000	0.01000000
0.65490000	0.00990000
1.37020000	0.08350000
2.84110000	0.79580000
2.55900000	0.71930000
5.04760000	5.93050000
7.24390000	4.95410000
6.20620000	5.51610000
4.28190000	1.02260000
3.68740000	2.15750000
3.43560000	4.33980000
3.20380000	2.17820000
2.87140000	1.77590000
2.51870000	1.44680000
2.08550000	1.20110000
2.26690000	1.07340000
2.15600000	0.86340000
5.53110000	5.36260000
12.19070000	9.93410000
5.95430000	5.17270000
4.31210000	2.89120000
3.48590000	2.51170000
2.75050000	2.10970000
2.19630000	1.80320000
1.79330000	1.56840000
1.52130000	1.38750000
1.38030000	1.24730000
1.28960000	1.13770000
1.15860000	1.05120000
1.04780000	0.98200000
0.95710000	0.92610000
0.94700000	0.88010000
0.95710000	0.84170000
1.01760000	0.80900000
1.01760000	0.78470000
1.05790000	0.77670000
0.96720000	0.73380000
0.96720000	0.73000000
1.68250000	0.75890000
1.24930000	0.67780000
1.01760000	0.66150000
0.93700000	0.72310000
0.84630000	0.63140000
0.76570000	0.61730000
0.68510000	0.60370000
0.63470000	0.59050000
0.58430000	0.57780000
0.54400000	0.56540000
0.51380000	0.55330000
0.47350000	0.54150000
0.47350000	0.54530000
0.52390000	0.54420000
0.48360000	0.52190000
0.47350000	0.51910000
0.46340000	0.48660000
0.47350000	0.49410000
0.47350000	0.46640000
0.44330000	0.45660000
0.42310000	0.44700000
0.40300000	0.43770000
0.39290000	0.42840000
0.43320000	0.44020000
0.43320000	0.43060000
0.53400000	0.42660000
0.64480000	0.43750000
0.80600000	0.45730000
0.94700000	0.37710000
0.88660000	0.36920000
0.79590000	0.36150000
0.71530000	0.35390000
0.64480000	0.34640000
0.58430000	0.33920000
0.56420000	0.34230000
0.52390000	0.32510000
0.48360000	0.31820000
0.44330000	0.31160000
0.40300000	0.30500000
0.37280000	0.29860000
0.35260000	0.29230000
0.33250000	0.28620000
0.32240000	0.28020000
0.30220000	0.27430000
0.28210000	0.26850000
0.26190000	0.26290000
0.25190000	0.25740000
0.23170000	0.25200000
0.22160000	0.24670000
0.21160000	0.24150000
0.20150000	0.23640000
0.27200000	0.24850000
0.28210000	0.22660000
0.25190000	0.22190000
0.22160000	0.21720000
0.20150000	0.21260000
0.19140000	0.20820000
0.17130000	0.20380000
0.15110000	0.19950000
0.14100000	0.19530000
0.12090000	0.19120000
0.11080000	0.18720000
0.10070000	0.18330000
0.09770000	0.17940000
0.09370000	0.17570000
0.08870000	0.17200000
0.07960000	0.16840000
0.07250000	0.16480000
0.06650000	0.16140000
0.06350000	0.15800000
0.06150000	0.15470000
0.06040000	0.15140000
0.06250000	0.14820000
0.06250000	0.14510000
0.06250000	0.14210000
0.06250000	0.13910000
0.06040000	0.13620000
0.05540000	0.13330000
0.05240000	0.13050000
0.04940000	0.12780000
0.04530000	0.12510000
0.04130000	0.12250000
0.03830000	0.11990000
0.03630000	0.11740000
0.03320000	0.11490000
0.03120000	0.11250000
0.02820000	0.11010000
0.02720000	0.10780000
0.02520000	0.10560000
0.02320000	0.10330000
0.02220000	0.10120000
0.02220000	0.09900000
0.02010000	0.09700000
0.02820000	0.13190000
0.04430000	0.19550000
0.03830000	0.13940000
0.03320000	0.08910000
0.02820000	0.08720000
0.02520000	0.08540000
0.02520000	0.08360000
0.02420000	0.08180000
0.02220000	0.08010000
0.02320000	0.07840000
0.02220000	0.07680000
0.02010000	0.07520000
0.01910000	0.07360000
0.02010000	0.07200000
0.01810000	0.07050000
0.01810000	0.06900000
0.01910000	0.06760000
0.01610000	0.06620000
0.01510000	0.06480000
0.01110000	0.06340000
0.01010000	0.06210000
0.00880000	0.06080000
0.00830000	0.05950000
0.00680000	0.05830000
0.00590000	0.05700000
0.00480000	0.05580000
0.00420000	0.05470000
0.00330000	0.05350000
0.00250000	0.05240000
0.00170000	0.05130000
0.00120000	0.05020000
0.00090000	0.04920000
0.00080000	0.04810000
0.00050000	0.04710000
0.00030000	0.04610000
0.00050000	0.04520000
0.00020000	0.04420000
0.00020000	0.04330000
0.00000000	0.04240000
0.00000000	0.04150000
0.00000000	0.04060000
0.00000000	0.03980000
0.00000000	0.03890000
0.00000000	0.03810000
0.00000000	0.03730000
0.00000000	0.03650000
0.00000000	0.03580000
0.00000000	0.03500000
0.00000000	0.03430000
0.00000000	0.03360000
0.00000000	0.03280000
0.00000000	0.03220000
0.00000000	0.03150000
0.00000000	0.03080000
0.00000000	0.03020000
0.00000000	0.02950000
0.00000000	0.02890000
0.00000000	0.02830000
0.00000000	0.02920000
0.00000000	0.02710000
0.00000000	0.02660000
0.00000000	0.02600000
0.00000000	0.02550000
0.00000000	0.02490000
0.00000000	0.02440000
0.00000000	0.02390000
0.00000000	0.02340000
0.00000000	0.02290000
0.00000000	0.02240000
0.00000000	0.02190000
0.00000000	0.02150000
0.00000000	0.02100000
0.00000000	0.02060000
0.00000000	0.02020000
0.00000000	0.01970000
0.00000000	0.01930000
0.00000000	0.01890000
0.00000000	0.01850000
0.00000000	0.01810000
0.00000000	0.01780000
0.00000000	0.01740000
0.00000000	0.01700000
0.00000000	0.01670000
0.00000000	0.01630000
0.00000000	0.01600000
0.00000000	0.01560000
0.00000000	0.01530000
0.00000000	0.01500000
0.00000000	0.01470000
0.00000000	0.01440000
0.00000000	0.01410000
0.00000000	0.06510000
0.00000000	0.01350000
0.00000000	0.01320000
0.00000000	0.01290000
0.00000000	0.01260000
0.00000000	0.01240000
0.00000000	0.01210000
0.00000000	0.01190000
0.00000000	0.01160000
0.00000000	0.01140000
0.00000000	0.01110000
0.00000000	0.01090000
0.00000000	0.01070000
0.00000000	0.01040000
0.00000000	0.01020000
0.00000000	0.01000000
0.00000000	0.00980000
0.00000000	0.00960000
0.00000000	0.00940000
0.00000000	0.00920000
0.00000000	0.00900000
0.00000000	0.00880000
0.00000000	0.00860000
0.00000000	0.00840000
0.00000000	0.00830000
0.00000000	0.00810000
0.00000000	0.00790000
0.00000000	0.00780000
0.00000000	0.00760000
0.00000000	0.00740000
0.00000000	0.00730000
0.00000000	0.00710000
0.00000000	0.00700000
0.00000000	0.00680000
0.00000000	0.05930000
0.00000000	0.12220000
0.00000000	0.04530000
0.00000000	0.00830000
0.00000000	0.00610000
0.00000000	0.00600000
0.00000000	0.00590000
0.00000000	0.00580000
0.00000000	0.00560000
0.00000000	0.00550000
0.00000000	0.00540000
0.00000000	0.00530000
0.00000000	0.00520000
0.00000000	0.07670000
0.00120000	0.15620000
0.02120000	1.75680000
0.06250000	4.11210000
0.01910000	1.58850000
0.05440000	0.84440000
0.03730000	0.06660000
0.01210000	0.03990000
0.04530000	0.06830000
0.08970000	1.21630000
3.63710000	4.69390000
5.97440000	5.29540000
1.96460000	6.77430000
7.85850000	11.01380000
4.25160000	1.62300000
2.48850000	0.05880000
1.67240000	0.05000000
4.18110000	0.04350000
11.08240000	5.83350000
4.94680000	6.57450000
14.50790000	1.90490000
12.49290000	1.58840000
10.37720000	13.68000000
6.01470000	7.93690000
13.90340000	3.26880000
21.86260000	7.32940000
9.30930000	4.33780000
5.97440000	3.24090000
4.54380000	2.70060000
3.45570000	2.28030000
2.75050000	1.95920000
2.26690000	1.71300000
3.06280000	4.04690000
11.68690000	2.75060000
6.05500000	2.16050000
5.50090000	1.91100000
14.81020000	9.46080000
9.57120000	5.65310000
13.80270000	9.03090000
11.78770000	11.28580000
8.33200000	5.38530000
9.09770000	6.89070000
8.70480000	5.16590000
6.77040000	3.83560000
5.32960000	6.17120000
4.49340000	14.67870000
4.45310000	14.17670000
5.13820000	13.87540000
5.68230000	11.66760000
6.54870000	8.36470000
11.28390000	9.31570000
15.51540000	14.81260000
32.84430000	23.73620000
16.01920000	17.12960000
8.84580000	8.35930000
10.47800000	10.02010000
33.95260000	26.24340000
17.42970000	32.19000000
12.49290000	22.47510000
9.37980000	11.01140000
7.12300000	7.68630000
5.56140000	6.69370000
4.47330000	5.87460000
3.72770000	5.24160000
3.17360000	4.74880000
2.76050000	4.36170000
2.38780000	4.05430000
2.11570000	3.80730000
1.87390000	3.60540000
1.70270000	3.43900000
1.56160000	3.29760000
2.37770000	4.87910000
2.45830000	4.64090000
2.01500000	3.56840000
1.81350000	3.38290000
1.80340000	3.20550000
3.93930000	3.06040000
3.52620000	2.93720000
3.04260000	2.83110000
2.64970000	2.73830000
2.30720000	2.65580000
2.07540000	2.58130000
1.94450000	2.99390000
1.80340000	2.61880000
1.64220000	2.83910000
1.51120000	2.68760000
1.42060000	2.56220000
1.36010000	2.45660000
4.07030000	9.64590000
6.56890000	15.64050000
4.30200000	8.16640000
3.38520000	4.54400000
2.81090000	4.06300000
2.43810000	3.63340000
2.15600000	3.29850000
1.91420000	3.03500000
1.70270000	2.82540000
1.57170000	2.65650000
1.46090000	2.53780000
1.35000000	2.40590000
5.12820000	8.13010000
23.27310000	23.09840000
12.19070000	16.66530000
8.16070000	7.01570000
8.45290000	5.70570000
7.31440000	4.69960000
5.71250000	4.41330000
4.58410000	3.92650000
3.84860000	3.54810000
3.23410000	3.25130000
2.79080000	3.01610000
2.40790000	2.82740000
2.10570000	2.67380000
1.90420000	2.54700000
1.85380000	2.44040000
2.39780000	2.41080000
3.66730000	2.80460000
2.97210000	2.24400000
2.64970000	2.54570000
3.30460000	2.92880000
3.26430000	4.83840000
3.03260000	4.02940000
2.80080000	5.61940000
2.53890000	4.40010000
2.33740000	3.38180000
2.16610000	3.05630000
2.02510000	2.79630000
1.83360000	2.58180000
1.69260000	2.41430000
1.58180000	2.27850000
1.48100000	2.16680000
1.50120000	2.07330000
1.90420000	2.06230000
2.13590000	1.94590000
1.94450000	1.86410000
1.77320000	1.80970000
1.63210000	1.76020000
1.50120000	1.71460000
1.36010000	1.67210000
1.24930000	1.63220000
1.15860000	1.59430000
1.07800000	1.55800000
1.01760000	1.52330000
0.94700000	1.48970000
0.88660000	1.45730000
0.83620000	1.42580000
0.81610000	1.39520000
0.77580000	1.36540000
0.73550000	1.33640000
0.77580000	1.32800000
0.81610000	1.30020000
0.75560000	1.26570000
0.71530000	1.22690000
0.67500000	1.20100000
0.67500000	1.17570000
0.64480000	1.15100000
0.66490000	1.15790000
0.75560000	1.12280000
0.75560000	1.07990000
0.72540000	1.05720000
0.70520000	1.03500000
0.67500000	1.01340000
0.63470000	0.99200000
0.59440000	0.97110000
0.55410000	0.95070000
0.52390000	0.93080000
0.51380000	0.91120000
0.49370000	0.89210000
0.48360000	0.87340000
0.47350000	0.86540000
0.54400000	0.89600000
0.57430000	0.83930000
0.52390000	0.80230000
0.47350000	0.78540000
0.44330000	0.76890000
0.42310000	0.75280000
0.39290000	0.73700000
0.38280000	0.72150000
0.36270000	0.70630000
0.35260000	0.69150000
0.34250000	0.67700000
0.33250000	0.66280000
0.31230000	0.64890000
0.30220000	0.63520000
0.29220000	0.62190000
0.28210000	0.60880000
0.27200000	0.59600000
0.26190000	0.58350000
0.25190000	0.57130000
0.25190000	0.57490000
0.35260000	0.61010000
0.39290000	0.59480000
0.34250000	0.53010000
0.30220000	0.51380000
0.28210000	0.50300000
0.26190000	0.49240000
0.25190000	0.48210000
0.24180000	0.47190000
0.24180000	0.46930000
0.23170000	0.45230000
0.21160000	0.44280000
0.20150000	0.43350000
0.18130000	0.42440000
0.17130000	0.41550000
0.15110000	0.40680000
0.14100000	0.39820000
0.13100000	0.38990000
0.13100000	0.38170000
0.12090000	0.37370000
0.11080000	0.36580000
0.11080000	0.35810000
0.11080000	0.35060000
0.09770000	0.34330000
0.08970000	0.33610000
0.08360000	0.32900000
0.07660000	0.32210000
0.07050000	0.31530000
0.06450000	0.30870000
0.06040000	0.30220000
0.05740000	0.29590000
0.05440000	0.28970000
0.05040000	0.28360000
0.04840000	0.27760000
0.04530000	0.27180000
0.04330000	0.26610000
0.04030000	0.26050000
0.03830000	0.25500000
0.03630000	0.24970000
0.03430000	0.24440000
0.03220000	0.23930000
0.03120000	0.23430000
0.03020000	0.22940000
0.02820000	0.22450000
0.02720000	0.21980000
0.02620000	0.21520000
0.02520000	0.21070000
0.02520000	0.20630000
0.02520000	0.20190000
0.02520000	0.19770000
0.02420000	0.19350000
0.02320000	0.18950000
0.02320000	0.18550000
0.02220000	0.18160000
0.01910000	0.17780000
0.01810000	0.17400000
0.01710000	0.17040000
0.01510000	0.16680000
0.01510000	0.16330000
0.01410000	0.15990000
0.01310000	0.15650000
0.01210000	0.15320000
0.01110000	0.15000000
0.01010000	0.14690000
0.01000000	0.15310000
0.00910000	0.14080000
0.00800000	0.13780000
0.00730000	0.13490000
0.00640000	0.13210000
0.00620000	0.12930000
0.00560000	0.12660000
0.00490000	0.12390000
0.00440000	0.12130000
0.00390000	0.11880000
0.00370000	0.11630000
0.00320000	0.11380000
0.00300000	0.11150000
0.00320000	0.10910000
0.00300000	0.10680000
0.00270000	0.10460000
0.00260000	0.10240000
0.00210000	0.10020000
0.00190000	0.09810000
0.00170000	0.09610000
0.00160000	0.09410000
0.00140000	0.09210000
0.00130000	0.09010000
0.00120000	0.08830000
0.00110000	0.08640000
0.00090000	0.08460000
0.00080000	0.08280000
0.00070000	0.08110000
0.00050000	0.07940000
0.00040000	0.07770000
0.00030000	0.07610000
0.00000000	0.07450000
0.00000000	0.07290000
0.00000000	0.07140000
0.00000000	0.06990000
0.00000000	0.06840000
0.00000000	0.06700000
0.00000000	0.06560000
0.00000000	0.06420000
0.00000000	0.06280000
0.00000000	0.06150000
0.00000000	0.06020000
0.00000000	0.05900000
0.00000000	0.05770000
0.00000000	0.05650000
0.00000000	0.05530000
0.00000000	0.05420000
0.00000000	0.05300000
0.00000000	0.05190000
0.00000000	0.05080000
0.00000000	0.04980000
0.00000000	0.04870000
0.00000000	0.04770000
0.00000000	0.04670000
0.00000000	0.04570000
0.00000000	0.04470000
0.00000000	0.04380000
0.00000000	0.04290000
0.00000000	0.04200000
0.00000000	0.04110000
0.00000000	0.04020000
0.00000000	0.03940000
0.00000000	0.03860000
0.00000000	0.03780000
0.00000000	0.03700000
0.00000000	0.03620000
0.00000000	0.03540000
0.00000000	0.03470000
0.00000000	0.03400000
0.00000000	0.03320000
0.00000000	0.03250000
0.00000000	0.03190000
0.00000000	0.03120000
0.00000000	0.03050000
0.00000000	0.02990000
0.00000000	0.02930000
0.00000000	0.02870000
0.00000000	0.02810000
0.00000000	0.02750000
0.00000000	0.02690000
0.00000000	0.02630000
0.00000000	0.02580000
0.00000000	0.02520000
0.00000000	0.02470000
0.00000000	0.02420000
0.00000000	0.02370000
0.00000000	0.02320000
0.00000000	0.02270000
0.00000000	0.02220000
0.00000000	0.02170000
0.00000000	0.02130000
0.00000000	0.02080000
0.00000000	0.02040000
0.00000000	0.02000000
0.00000000	0.01960000
0.00000000	0.01910000
0.00000000	0.01870000
0.00000000	0.01840000
0.00000000	0.01800000
0.00000000	0.01760000
0.00000000	0.01720000
0.00000000	0.01690000
0.00000000	0.01650000
0.00000000	0.01620000
0.00000000	0.01580000
0.00000000	0.01550000
0.00000000	0.01520000
0.00000000	0.01480000
0.00000000	0.09990000
0.04840000	0.26880000
0.55410000	0.10750000
3.06280000	3.08280000
1.38030000	0.44960000
0.78580000	4.86990000
0.88660000	4.37280000
0.59440000	0.05500000
0.41310000	0.04860000
0.30220000	0.04180000
0.24180000	0.03650000
0.19140000	0.03240000
0.16120000	0.02930000
0.13100000	0.02680000
0.11080000	0.02490000
0.09970000	0.02330000
0.08460000	0.02200000
0.07350000	0.02100000
0.06750000	0.02010000
0.05940000	0.01930000
0.05440000	0.01870000
0.04940000	0.01810000
0.04630000	0.01760000
0.04230000	0.01710000
0.03930000	0.01670000
0.03630000	0.01630000
0.03430000	0.01590000
0.04130000	0.03370000
0.04430000	0.01660000
0.04330000	0.01480000
0.03930000	0.01450000
0.03630000	0.01420000
0.04530000	0.01400000
0.15110000	0.08490000
0.18130000	0.03660000
0.20150000	0.05250000
7.60660000	8.09190000
42.21400000	24.56190000
30.12410000	33.31650000
63.16990000	50.59570000
21.45960000	36.07450000
12.19070000	19.35780000
9.54100000	9.95600000
14.70940000	7.17250000
21.25810000	5.93550000
11.58620000	4.97000000
8.15060000	4.23420000
6.41770000	3.67110000
5.28930000	3.23780000
6.77040000	2.90240000
37.17660000	10.44220000
55.41220000	7.38600000
21.76190000	3.86020000
22.87010000	3.46640000
45.43800000	3.09730000
18.43720000	2.80970000
10.78020000	2.58360000
11.08240000	2.42880000
11.88840000	2.99220000
10.57870000	3.06380000
8.28160000	2.55730000
6.92150000	2.54030000
6.05500000	2.52510000
5.49080000	2.53550000
6.06510000	7.24330000
8.15060000	9.30900000
13.29890000	15.15110000
23.97840000	19.53860000
22.76940000	14.83610000
13.90340000	7.55560000
9.45030000	5.49640000
7.31440000	4.76880000
5.98450000	4.18330000
4.92670000	3.73100000
4.11060000	3.39290000
3.91920000	3.68920000
4.75540000	7.23200000
6.04500000	9.01900000
5.45050000	6.85820000
7.23380000	6.82040000
6.24650000	5.49280000
5.64200000	4.14580000
4.90650000	3.73380000
4.17100000	3.38020000
3.67740000	3.24070000
3.23410000	2.99280000
3.01240000	2.81030000
2.62960000	2.64360000
2.27690000	2.51530000
2.01500000	2.40770000
1.79330000	2.31610000
1.60190000	2.23660000
1.46090000	2.16640000
1.31980000	2.10350000
1.19890000	2.04630000
1.10820000	1.99350000
1.03770000	1.94430000
0.97730000	1.90890000
1.44070000	1.92100000
1.82360000	2.45430000
2.78070000	5.19080000
10.98170000	12.10700000
8.01970000	8.26910000
6.10540000	4.71120000
5.54120000	5.71370000
4.99720000	3.70840000
4.39270000	3.60350000
3.90910000	3.25770000
3.48590000	2.93260000
3.14340000	2.67830000
2.82100000	2.48810000
2.43810000	2.31650000
2.17620000	2.18720000
1.92430000	2.07900000
1.73290000	1.98930000
1.55150000	1.91300000
1.42060000	1.86250000
1.31980000	1.78850000
1.18880000	1.73630000
1.06790000	1.68890000
0.98730000	1.64510000
0.91680000	1.60440000
0.85640000	1.60380000
0.91680000	1.59610000
0.87650000	1.54380000
0.87650000	11.28620000
1.01760000	10.46640000
3.73780000	12.99460000
21.56040000	20.95350000
11.38470000	12.53740000
7.29430000	6.55500000
5.26920000	5.02800000
4.51360000	4.74180000
4.45310000	4.95850000
3.68740000	3.89050000
4.03000000	4.06850000
5.16850000	4.55100000
4.20130000	3.48790000
3.95950000	3.44070000
10.98170000	6.50210000
8.64430000	5.07680000
6.82070000	3.64370000
5.61170000	3.28310000
4.76550000	2.98770000
4.18110000	2.75490000
3.76800000	2.58550000
3.60680000	2.45160000
3.56650000	2.29730000
4.47330000	2.19500000
4.44310000	2.14740000
4.30200000	2.07250000
4.86620000	1.96720000
5.63190000	1.90860000
5.53110000	1.85560000
4.98710000	1.80700000
4.48340000	1.81140000
6.07520000	3.30290000
8.69470000	6.80300000
8.77530000	6.11160000
7.38490000	3.67240000
7.16330000	3.52940000
7.49580000	2.91440000
6.36740000	2.94700000
5.44050000	2.72230000
4.75540000	2.46790000
4.67480000	2.30790000
4.47330000	2.15630000
4.60430000	2.00680000
10.98170000	6.88690000
10.07500000	5.31820000
10.47800000	3.32560000
10.88090000	3.69960000
14.50790000	7.90050000
20.75440000	14.00060000
17.22820000	9.15200000
12.39220000	4.45950000
10.17570000	4.06930000
8.99690000	3.56960000
9.67200000	3.17790000
8.63420000	2.85960000
7.31440000	2.61130000
6.29680000	2.42270000
5.61170000	2.29000000
4.95690000	2.16460000
4.34230000	2.04640000
3.88890000	1.96090000
3.52620000	1.88780000
3.25420000	1.82410000
3.06280000	1.76780000
2.85120000	1.71710000
2.56910000	1.67090000
2.33740000	1.62820000
2.14600000	1.58830000
1.98480000	1.55060000
1.85380000	1.51480000
1.74300000	1.48060000
1.64220000	1.44760000
1.53140000	1.41590000
1.41050000	1.38510000
1.35000000	1.35530000
1.27950000	1.32620000
1.17880000	1.29790000
1.09820000	1.27030000
1.03770000	1.24340000
1.05790000	1.21710000
0.94700000	1.19140000
0.85640000	1.16630000
0.76570000	1.14170000
0.70520000	1.11770000
0.64480000	1.09420000
0.57430000	1.07120000
0.50370000	1.04860000
0.46340000	1.02660000
0.43320000	1.00500000
0.39290000	0.98390000
0.36270000	0.96330000
0.34250000	0.94300000
0.31230000	0.92320000
0.29220000	0.90380000
0.28210000	0.88480000
0.26190000	0.86620000
0.24180000	0.84810000
0.23170000	0.83020000
0.21160000	0.81280000
0.20150000	0.79570000
0.19140000	0.77900000
0.18130000	0.76270000
0.17130000	0.74670000
0.16120000	0.73100000
0.16120000	0.71560000
0.14100000	0.70060000
0.13100000	0.68590000
0.12090000	0.67150000
0.10070000	0.65740000
0.09170000	0.64360000
0.08260000	0.63010000
0.08060000	0.61680000
0.07560000	0.60390000
0.07050000	0.59120000
0.06550000	0.57880000
0.06450000	0.56660000
0.06040000	0.55470000
0.05540000	0.54310000
0.05340000	0.53170000
0.05140000	0.52050000
0.04630000	0.50960000
0.04230000	0.49890000
0.04130000	0.48840000
0.04030000	0.47810000
0.03730000	0.46810000
0.03530000	0.45830000
0.03430000	0.44860000
0.03320000	0.43920000
0.03120000	0.43000000
0.03020000	0.42100000
0.03020000	0.41210000
0.02820000	0.40350000
0.02620000	0.39500000
0.02520000	0.38670000
0.02620000	0.37860000
0.02420000	0.37060000
0.02420000	0.36290000
0.02120000	0.35520000
0.02010000	0.34780000
0.01810000	0.34050000
0.01710000	0.33330000
0.01610000	0.32630000
0.01410000	0.31950000
0.01710000	0.37290000
0.01510000	0.33690000
0.01610000	0.29980000
0.01610000	0.29350000
0.01610000	0.28730000
0.01410000	0.28130000
0.01310000	0.27540000
0.01110000	0.26960000
0.00980000	0.26390000
0.00850000	0.25840000
0.00720000	0.25300000
0.00620000	0.24760000
0.00520000	0.24240000
0.00420000	0.23730000
0.00340000	0.23240000
0.00260000	0.22750000
0.00200000	0.22270000
0.00150000	0.21800000
0.00100000	0.21350000
0.00060000	0.20900000
0.00020000	0.20460000
0.00020000	0.20030000
0.00010000	0.19610000
0.00000000	0.19200000
0.00000000	0.18790000
0.00000000	0.18400000
0.00000000	0.18010000
0.00000000	0.17630000
0.00000000	0.17260000
0.00000000	0.16900000
0.00000000	0.16550000
0.00000000	0.16200000
0.00000000	0.16480000
0.00000000	0.15890000
0.00000000	0.15200000
0.00000000	0.14880000
0.00000000	0.14570000
0.00000000	0.14260000
0.00000000	0.15420000
0.00000000	0.13870000
0.00000000	0.13380000
0.00000000	0.13100000
0.00000000	0.12830000
0.00000000	0.12560000
0.00000000	0.12290000
0.00000000	0.12030000
0.00000000	0.11780000
0.00000000	0.11530000
0.00000000	0.11290000
0.00000000	0.11060000
0.00000000	0.10820000
0.00000000	0.10600000
0.00000000	0.10370000
0.00000000	0.10160000
0.00000000	0.09940000
0.00000000	0.09730000
0.00000000	0.09530000
0.00000000	0.09330000
0.00000000	0.09130000
0.00000000	0.08940000
0.00000000	0.08750000
0.00000000	0.08570000
0.00000000	0.08390000
0.00000000	0.08210000
0.00000000	0.08040000
0.00000000	0.07870000
0.00000000	0.07710000
0.00000000	0.07540000
0.00000000	0.07390000
0.00000000	0.07230000
0.00000000	0.07080000
0.00000000	0.06930000
0.00000000	0.06790000
0.00000000	0.06640000
0.00000000	0.06500000
0.00000000	0.06370000
0.00000000	0.06230000
0.00000000	0.06100000
0.00000000	0.05970000
0.00000000	0.05850000
0.00000000	0.05730000
0.00000000	0.05610000
0.00000000	0.05490000
0.00000000	0.05370000
0.00000000	0.05260000
0.00000000	0.05150000
0.00000000	0.05040000
0.00000000	0.04940000
0.00000000	0.04830000
0.00000000	0.04730000
0.00000000	0.04630000
0.00000000	0.04530000
0.00000000	0.04440000
0.00000000	0.09880000
0.00000000	0.04250000
0.00000000	0.05280000
0.00000000	0.05360000
0.00000000	0.08710000
0.00000000	0.18240000
0.00560000	0.17240000
0.00100000	0.09650000
0.00000000	0.03970000
0.00000000	0.04130000
0.00000000	0.03950000
0.00000000	0.08920000
0.00570000	0.37570000
0.04940000	0.06990000
0.32240000	0.07500000
0.30220000	0.04610000
0.18130000	0.04440000
0.12090000	0.04610000
0.08870000	0.03900000
0.06450000	0.03700000
0.04840000	0.03540000
0.04030000	0.03400000
0.03430000	0.03280000
0.02920000	0.03170000
0.02620000	0.03080000
0.02520000	0.05120000
1.03770000	1.56070000
2.43810000	3.18270000
2.12580000	3.14780000
2.08550000	2.32810000
0.96720000	0.05630000
0.64480000	0.10060000
2.72020000	2.68600000
12.89590000	7.50450000
9.00700000	3.91810000
4.81580000	1.16980000
2.99230000	0.09840000
4.53370000	4.63080000
6.56890000	3.89560000
10.67940000	4.88180000
25.48960000	9.97920000
22.26560000	13.84390000
8.84580000	6.43100000
5.46060000	3.56050000
3.86880000	2.92120000
2.88140000	2.41140000
3.27440000	4.54030000
8.00960000	6.93700000
5.20880000	3.49100000
3.88890000	2.71870000
3.42550000	3.92150000
8.88610000	12.12080000
8.84580000	9.97360000
6.29680000	4.81490000
4.61430000	3.68050000
3.67740000	3.14040000
19.14240000	2.71910000
12.59370000	2.39460000
7.78790000	2.14350000
12.89590000	1.94770000
9.60140000	1.79350000
6.17590000	1.67080000
4.66470000	1.57180000
3.71770000	1.49080000
3.33480000	1.42350000
5.38000000	1.39850000
10.88090000	1.85400000
17.63120000	9.87420000
14.60870000	8.60740000
9.61150000	3.29460000
7.73760000	3.24300000
7.02220000	3.66730000
7.28420000	4.91320000
7.85850000	5.18080000
6.27670000	3.14060000
5.05760000	3.00260000
4.15090000	2.65200000
3.48590000	2.38040000
2.95200000	2.16830000
2.46840000	2.00100000
2.09560000	1.86750000
1.89410000	1.75960000
2.59930000	2.20270000
2.25680000	2.68290000
2.08550000	2.13910000
6.74010000	1.96770000
7.08270000	5.12630000
5.32960000	4.87510000
5.07780000	3.43440000
4.31210000	2.78530000
3.84860000	2.92530000
7.99950000	7.86060000
9.36970000	10.60620000
7.94910000	6.51080000
6.32710000	3.85500000
5.36990000	3.50800000
4.73520000	3.08030000
3.99980000	2.75170000
3.38520000	2.49790000
2.88140000	2.29420000
2.50870000	2.13440000
2.19630000	2.00570000
1.97470000	1.90960000
1.83360000	1.83470000
2.78070000	2.30210000
19.14240000	14.23180000
65.68870000	28.81710000
45.74030000	25.59000000
19.64620000	11.39480000
11.88840000	6.44140000
8.59390000	5.52340000
6.75020000	4.76340000
5.53110000	4.16730000
5.13820000	4.28900000
10.98170000	12.07220000
21.25810000	19.90950000
13.90340000	13.53800000
9.47050000	5.73010000
7.38490000	5.40660000
7.94910000	6.51800000
7.48570000	5.93690000
6.11550000	4.44390000
5.06770000	4.05720000
4.37250000	3.68530000
3.85870000	3.39260000
3.56650000	3.15970000
3.59680000	2.97190000
3.42550000	2.81830000
3.10310000	2.69060000
2.73030000	2.58270000
2.42810000	2.48980000
2.15600000	2.40850000
1.90420000	2.33610000
1.72280000	2.27070000
1.57170000	2.21070000
1.45080000	2.15510000
1.35000000	2.10290000
1.24930000	2.05350000
1.15860000	2.00650000
1.07800000	1.96140000
1.02760000	1.91800000
0.97730000	1.87610000
0.95710000	1.83550000
1.48100000	1.88240000
2.35750000	1.83610000
3.55650000	1.77200000
2.76050000	1.68360000
2.23660000	1.64800000
1.93440000	1.64000000
1.71270000	1.57910000
1.51120000	1.54580000
1.37020000	1.51320000
1.25940000	1.48140000
1.14850000	1.45020000
1.06790000	1.41970000
1.00750000	1.38990000
0.92690000	1.36070000
0.86640000	1.33210000
0.80600000	1.30410000
0.75560000	1.27680000
0.70520000	1.24990000
0.67500000	1.22360000
0.65490000	1.19790000
0.73550000	1.18920000
0.97730000	1.17320000
0.95710000	1.13050000
0.86640000	1.12060000
0.82610000	1.10070000
0.97730000	1.09440000
1.49110000	1.09420000
3.08290000	1.06370000
2.37770000	0.98960000
1.80340000	0.96880000
1.51120000	0.94850000
1.30970000	0.92860000
1.15860000	0.90910000
1.03770000	0.89000000
0.95710000	0.87130000
0.87650000	0.85300000
0.81610000	0.83510000
0.75560000	0.81760000
0.70520000	0.80040000
0.66490000	0.78360000
0.62460000	0.76710000
0.60450000	0.75100000
0.57430000	0.73520000
0.58430000	0.74370000
0.61460000	0.70630000
0.55410000	0.68990000
0.52390000	0.67540000
0.50370000	0.66120000
0.48360000	0.64730000
0.45340000	0.63370000
0.43320000	0.62040000
0.40300000	0.60740000
0.38280000	0.59460000
0.38280000	0.58220000
0.38280000	0.57750000
0.37280000	0.55800000
0.39290000	0.55130000
0.41310000	0.53480000
0.38280000	0.52350000
0.34250000	0.51260000
0.32240000	0.50180000
0.30220000	0.49120000
0.29220000	0.48090000
0.27200000	0.47080000
0.27200000	0.46540000
0.27200000	0.45130000
0.25190000	0.44180000
0.23170000	0.43250000
0.22160000	0.42340000
0.20150000	0.41450000
0.19140000	0.40580000
0.18130000	0.39730000
0.17130000	0.38900000
0.16120000	0.38080000
0.15110000	0.37280000
0.15110000	0.36500000
0.15110000	0.35730000
0.14100000	0.34980000
0.14100000	0.34250000
0.13100000	0.33530000
0.12090000	0.32820000
0.12090000	0.32130000
0.11080000	0.31460000
0.09970000	0.30800000
0.09170000	0.30150000
0.08360000	0.29520000
0.07660000	0.28900000
0.07150000	0.28290000
0.06650000	0.27700000
0.06250000	0.27120000
0.05840000	0.26550000
0.05440000	0.25990000
0.05140000	0.25440000
0.04840000	0.24910000
0.04630000	0.24390000
0.04530000	0.23870000
0.04430000	0.23370000
0.04330000	0.22880000
0.04130000	0.22400000
0.03830000	0.21930000
0.03630000	0.21470000
0.03430000	0.21020000
0.03120000	0.20580000
0.02920000	0.20150000
0.02620000	0.19720000
0.02520000	0.19310000
0.02320000	0.18900000
0.02220000	0.18510000
0.02220000	0.18120000
0.02010000	0.17740000
0.01810000	0.17360000
0.01710000	0.17000000
0.01610000	0.16640000
0.01510000	0.16290000
0.01410000	0.15950000
0.01310000	0.15620000
0.01310000	0.15290000
0.01210000	0.14970000
0.01110000	0.14650000
0.01000000	0.14340000
0.00860000	0.14040000
0.00890000	0.13750000
0.00660000	0.13460000
0.00490000	0.13180000
0.00340000	0.12900000
0.00180000	0.12630000
0.00090000	0.12360000
0.00050000	0.12100000
0.00020000	0.11850000
0.00000000	0.11600000
0.00000000	0.11360000
0.00000000	0.11120000
0.00000000	0.10890000
0.00000000	0.10660000
0.00000000	0.10430000
0.00000000	0.10210000
0.00000000	0.10000000
0.00000000	0.09790000
0.00000000	0.09580000
0.00000000	0.09380000
0.00000000	0.09190000
0.00000000	0.08990000
0.00000000	0.08800000
0.00000000	0.08620000
0.00000000	0.08440000
0.00000000	0.08260000
0.00000000	0.08090000
0.00000000	0.07920000
0.00000000	0.07750000
0.00000000	0.07590000
0.00000000	0.07430000
0.00000000	0.07270000
0.00000000	0.07120000
0.00000000	0.06970000
0.00000000	0.06820000
0.00000000	0.06680000
0.00000000	0.06540000
0.00000000	0.06400000
0.00000000	0.06270000
0.00000000	0.06140000
0.00000000	0.06010000
0.00000000	0.05880000
0.00000000	0.05760000
0.00000000	0.05640000
0.00000000	0.05520000
0.00000000	0.05400000
0.00000000	0.05290000
0.00000000	0.05180000
0.00000000	0.05070000
0.00000000	0.04960000
0.00000000	0.04860000
0.00000000	0.04760000
0.00000000	0.04660000
0.00000000	0.04560000
0.00000000	0.04460000
0.00000000	0.04370000
0.00000000	0.04280000
0.00000000	0.04190000
0.00000000	0.06250000
0.00000000	0.04010000
0.00000000	0.03930000
0.00000000	0.03850000
0.00000000	0.03770000
0.00000000	0.03690000
0.00000000	0.03610000
0.00000000	0.03530000
0.00000000	0.03460000
0.00000000	0.03390000
0.00000000	0.03320000
0.00000000	0.03250000
0.00000000	0.03180000
0.00000000	0.03110000
0.00000000	0.03050000
0.00000000	0.02980000
0.00000000	0.02920000
0.00000000	0.02860000
0.00000000	0.02800000
0.00000000	0.02740000
0.00000000	0.06100000
0.00000000	0.02630000
0.00000000	0.02570000
0.00000000	0.02520000
0.00000000	0.02460000
0.00000000	0.02410000
0.00000000	0.02360000
0.00000000	0.02310000
0.00000000	0.02260000
0.00000000	0.06470000
0.00560000	0.17380000
0.00360000	0.09950000
0.00000000	0.02080000
0.00000000	0.02040000
0.01410000	0.08750000
0.00560000	0.06600000
0.00790000	0.01910000
0.71530000	2.03040000
0.58430000	0.03320000
0.36270000	0.03190000
0.26190000	0.02880000
0.20150000	0.02630000
0.16120000	0.02440000
0.13100000	0.02280000
0.11080000	0.02150000
0.11080000	0.04050000
0.12090000	0.01960000
0.11080000	0.01890000
0.09670000	0.01820000
0.08360000	0.01770000
0.07350000	0.01710000
0.06750000	0.01670000
0.08770000	0.05880000
0.12090000	0.03300000
0.17130000	0.01550000
0.16120000	0.02360000
0.14100000	0.01480000
0.12090000	0.01440000
0.11080000	0.01630000
0.10070000	0.01380000
0.09570000	0.01360000
0.08770000	0.01320000
0.08060000	0.01290000
0.07250000	0.01270000
0.06650000	0.01240000
0.06040000	0.01210000
0.05640000	0.01190000
0.06150000	0.05140000
0.07250000	0.05530000
0.19140000	0.40320000
0.31230000	0.02030000
0.28210000	0.02020000
0.23170000	0.01810000
0.20150000	0.01650000
0.18130000	0.01520000
0.16120000	0.01420000
0.14100000	0.01330000
0.13100000	0.01270000
0.93700000	0.01280000
5.90390000	0.01240000
28.41140000	12.16950000
7.83830000	6.22650000
3.43560000	0.04910000
2.07540000	0.04290000
1.39030000	0.03650000
1.01760000	0.03570000
0.77580000	0.02930000
0.62460000	0.02480000
0.51380000	0.02260000
0.42310000	0.02080000
0.36270000	0.01930000
0.31230000	0.01820000
0.27200000	0.01730000
0.24180000	0.01650000
0.21160000	0.01580000
0.19140000	0.01520000
0.17130000	0.01470000
0.16120000	0.01430000
0.23170000	0.01470000
1.31980000	0.01430000
2.65980000	1.54990000
3.30460000	1.65050000
3.60680000	0.02780000
3.09300000	1.52600000
2.60940000	0.03320000
2.03510000	0.02860000
1.71270000	0.02540000
1.51120000	0.02290000
1.35000000	0.02100000
1.27950000	0.01940000
1.62210000	1.79550000
2.22660000	0.02810000
1.92430000	0.02490000
2.04520000	0.02260000
2.26690000	0.07430000
2.11570000	0.02560000
1.87390000	0.02390000
1.63210000	0.02180000
1.54150000	0.02220000
3.45570000	1.10210000
5.98450000	0.04160000
6.34720000	0.03910000
6.95170000	0.02790000
6.70990000	0.02410000
5.71250000	0.02050000
4.80580000	0.01890000
4.21130000	0.01760000
4.04010000	0.01660000
4.21130000	0.03000000
11.38470000	3.18010000
8.51330000	2.46590000
12.99670000	6.68150000
9.86340000	2.64590000
6.13560000	2.15490000
4.33220000	1.74250000
3.38520000	1.42880000
2.72020000	1.19060000
2.27690000	1.00930000
1.97470000	0.87070000
1.70270000	0.76420000
1.42060000	0.68190000
1.24930000	0.63690000
1.05790000	0.56760000
0.90670000	0.52760000
0.78580000	0.49550000
0.70520000	0.46920000
0.63470000	0.44750000
2.58930000	1.51460000
4.83600000	4.19300000
3.69750000	2.05570000
3.09300000	1.68920000
2.64970000	1.43960000
2.33740000	1.22890000
2.17620000	1.33440000
3.94940000	5.95440000
3.59680000	2.86520000
2.98220000	2.25600000
2.52880000	1.95940000
2.15600000	1.67720000
1.88400000	1.46090000
1.69260000	1.29430000
1.86390000	1.47810000
3.06280000	7.60880000
3.03260000	4.87940000
3.94940000	5.36290000
3.40530000	3.57440000
3.03260000	2.78670000
2.59930000	2.36890000
2.23660000	2.06070000
1.95450000	1.82340000
1.73290000	1.63930000
1.55150000	1.49540000
1.38030000	1.38180000
1.24930000	1.29100000
1.12840000	1.21750000
1.02760000	1.15720000
0.91680000	1.10670000
0.84630000	1.06380000
0.77580000	1.02670000
0.72540000	0.99410000
0.69520000	0.96490000
2.56910000	1.11390000
10.67940000	8.99560000
14.00420000	11.02360000
13.19820000	11.90410000
9.32940000	9.35510000
6.93160000	3.98100000
5.42030000	3.77370000
4.40280000	3.20390000
6.36740000	5.65410000
11.48540000	14.77260000
11.48540000	14.76470000
9.11780000	6.50400000
6.74010000	4.64680000
5.42030000	3.98180000
4.51360000	3.45890000
4.53370000	3.13250000
4.84610000	2.74510000
4.52370000	2.50550000
4.00980000	2.30840000
5.09790000	2.24190000
7.39500000	7.04860000
9.12790000	3.93460000
7.77790000	2.92450000
6.36740000	2.63350000
5.36990000	2.40300000
4.60430000	2.22180000
3.79830000	2.07640000
3.16350000	1.95990000
2.66990000	1.86100000
2.32730000	1.78010000
2.00490000	1.71130000
1.75300000	1.65180000
1.53140000	1.59940000
1.34000000	1.55250000
1.21910000	1.50990000
1.30970000	1.52620000
1.27950000	1.45410000
1.14850000	1.39980000
1.01760000	1.36720000
0.93700000	1.33610000
0.99740000	1.30630000
0.90670000	1.27750000
0.84630000	1.24960000
1.07800000	1.22260000
0.90670000	1.19640000
0.80600000	1.17080000
0.84630000	1.18280000
3.31470000	1.22370000
4.03000000	1.11480000
3.75800000	1.13310000
7.47560000	1.17570000
17.22820000	5.82200000
13.09740000	2.69300000
7.72750000	0.99810000
5.75280000	0.97610000
4.53370000	0.95380000
3.57660000	0.93250000
2.98220000	0.91200000
2.86130000	0.98910000
2.60940000	3.56150000
19.04170000	15.97210000
15.41470000	11.56110000
8.75510000	4.05990000
6.16590000	3.13670000
4.92670000	2.66620000
4.11060000	2.30620000
3.49600000	2.02950000
2.98220000	1.81540000
2.56910000	1.64860000
2.24670000	1.51720000
1.99480000	1.41280000
1.79330000	1.32860000
1.63210000	1.25970000
1.47090000	1.20250000
1.34000000	1.15410000
1.22910000	1.11260000
1.12840000	1.07620000
1.03770000	1.04380000
0.96720000	1.01450000
0.92690000	0.98770000
0.89670000	1.00430000
1.09820000	1.00040000
2.16610000	0.96010000
1.49110000	0.89640000
1.19890000	0.87620000
1.03770000	0.85690000
0.91680000	0.83810000
0.82610000	0.82000000
0.76570000	0.80230000
0.78580000	0.82460000
1.68250000	0.86250000
3.35500000	0.87800000
3.08290000	0.78860000
2.50870000	0.72060000
2.00490000	0.70620000
1.68250000	0.69120000
1.45080000	0.67650000
1.26940000	0.66220000
1.13850000	0.64820000
1.02760000	0.63450000
0.93700000	0.62110000
0.84630000	0.60800000
0.77580000	0.59530000
0.69520000	0.58270000
0.62460000	0.57050000
0.56420000	0.55850000
0.51380000	0.54680000
0.47350000	0.53520000
0.43320000	0.52400000
0.41310000	0.51300000
0.38280000	0.50220000
0.36270000	0.49170000
0.35260000	0.48140000
0.33250000	0.47120000
0.31230000	0.46130000
0.30220000	0.45170000
0.27200000	0.44220000
0.25190000	0.43290000
0.23170000	0.42380000
0.21160000	0.41490000
0.20150000	0.40620000
0.18130000	0.39770000
0.16120000	0.38930000
0.15110000	0.38110000
0.13100000	0.37310000
0.12090000	0.36530000
0.12090000	0.35760000
0.10070000	0.35010000
0.09770000	0.34280000
0.09170000	0.33560000
0.08360000	0.32850000
0.07760000	0.32160000
0.07350000	0.31490000
0.07250000	0.30820000
0.06350000	0.30180000
0.05640000	0.29540000
0.05240000	0.28920000
0.04940000	0.28320000
0.04530000	0.27720000
0.04230000	0.27140000
0.04030000	0.26570000
0.03830000	0.26010000
0.03630000	0.25460000
0.03320000	0.24930000
0.03120000	0.24410000
0.02920000	0.23890000
0.02820000	0.23390000
0.02620000	0.22900000
0.02520000	0.22420000
0.02420000	0.21950000
0.02320000	0.21490000
0.02120000	0.21040000
0.02120000	0.20600000
0.02010000	0.20160000
0.01910000	0.19740000
0.01810000	0.19320000
0.01710000	0.18920000
0.01610000	0.18520000
0.01510000	0.18130000
0.01510000	0.17750000
0.01410000	0.17380000
0.01410000	0.17010000
0.01310000	0.16660000
0.01310000	0.16310000
0.01210000	0.15960000
0.01210000	0.15630000
0.01110000	0.15300000
0.01010000	0.14980000
0.00950000	0.14670000
0.00960000	0.14360000
0.00900000	0.14060000
0.00870000	0.13760000
0.00840000	0.13470000
0.00790000	0.13190000
0.00770000	0.12910000
0.00760000	0.12640000
0.00750000	0.12380000
0.00740000	0.12120000
0.00730000	0.11860000
0.00700000	0.11610000
0.00660000	0.11370000
0.00630000	0.11130000
0.00630000	0.10900000
0.00570000	0.10670000
0.00530000	0.10440000
0.00460000	0.10220000
0.00390000	0.10010000
0.00320000	0.09800000
0.00250000	0.09590000
0.00180000	0.09390000
0.00090000	0.09190000
0.00050000	0.09000000
0.00040000	0.08810000
0.00000000	0.08630000
0.00000000	0.08450000
0.00000000	0.08270000
0.00000000	0.08090000
0.00000000	0.07920000
0.00010000	0.07760000
0.00000000	0.07600000
0.00000000	0.07440000
0.00000000	0.07280000
0.00000000	0.07130000
0.00000000	0.06980000
0.00000000	0.06830000
0.00000000	0.06690000
0.00000000	0.06550000
0.00000000	0.06410000
0.00000000	0.06270000
0.00000000	0.06140000
0.00000000	0.10580000
0.00000000	0.05890000
0.00000000	0.05760000
0.00000000	0.05640000
0.00000000	0.05520000
0.00000000	0.05410000
0.00000000	0.05290000
0.00000000	0.05180000
0.00000000	0.05070000
0.00000000	0.04970000
0.00000000	0.04860000
0.00000000	0.10330000
0.00000000	0.04660000
0.00100000	0.10400000
0.00060000	0.04470000
0.00000000	0.04370000
0.00000000	0.04280000
0.00000000	0.04190000
0.00000000	0.05720000
0.03220000	0.11050000
0.02820000	0.12570000
0.01210000	0.04590000
0.40300000	0.10780000
6.24650000	3.85960000
3.22400000	3.51930000
1.26940000	0.06180000
0.77580000	0.05750000
0.54400000	0.05240000
0.41310000	0.04840000
0.33250000	0.04520000
0.28210000	0.04260000
0.23170000	0.04050000
0.20150000	0.03870000
0.17130000	0.03720000
0.15110000	0.03590000
0.13100000	0.03470000
0.12090000	0.03370000
0.11080000	0.03280000
0.10070000	0.03190000
0.09170000	0.03110000
0.08360000	0.03040000
0.36270000	0.15770000
0.60450000	0.03510000
0.43320000	0.03550000
0.80600000	0.03420000
6.23640000	3.95860000
3.90910000	0.04720000
34.45630000	0.04440000
12.39220000	0.04050000
4.72520000	0.03740000
2.96200000	0.03490000
2.10570000	0.03290000
1.60190000	0.03130000
1.35000000	0.03000000
1.48100000	0.02880000
1.32990000	0.02780000
1.15860000	0.02700000
1.03770000	0.02620000
0.93700000	0.02540000
0.84630000	0.02480000
0.77580000	0.02420000
0.70520000	0.02360000
0.66490000	0.02300000
0.63470000	0.02260000
4.76550000	3.67660000
40.09830000	18.03600000
21.56040000	15.92430000
21.66110000	9.51150000
47.25150000	15.24550000
25.38890000	11.97320000
11.58620000	4.50850000
8.62420000	4.70630000
19.54540000	9.97240000
40.19910000	16.38050000
91.68210000	32.98540000
38.08330000	22.88540000
77.77860000	8.89310000
79.18910000	29.10840000
41.60960000	26.44430000
26.09410000	14.62050000
16.72440000	8.88900000
14.40720000	6.66170000
11.08240000	5.70650000
8.40250000	4.95520000
7.40510000	6.25750000
6.94160000	4.27270000
5.97440000	4.30200000
6.51850000	3.89350000
13.50040000	10.68880000
9.34960000	7.46480000
7.27410000	4.35940000
8.01970000	12.34250000
7.01220000	8.32270000
6.27670000	4.72710000
9.92380000	6.29060000
19.04170000	5.74980000
13.70190000	4.26160000
10.88090000	3.87710000
10.67940000	3.55040000
8.67450000	3.29150000
6.99200000	3.08400000
6.33710000	2.91700000
5.77290000	2.79230000
5.17850000	2.68090000
4.83600000	2.55990000
11.48540000	7.34150000
12.39220000	5.25160000
18.94090000	7.55450000
16.32140000	8.59820000
27.60540000	15.51650000
54.30400000	20.97700000
25.48960000	12.11540000
19.04170000	8.82400000
13.50040000	7.43620000
9.99440000	5.43220000
7.83830000	4.81270000
6.63940000	4.30330000
5.82330000	3.90630000
5.21880000	3.59400000
4.75540000	3.34560000
4.38260000	3.14550000
4.12070000	2.98190000
3.86880000	2.84600000
3.67740000	2.73120000
3.52620000	2.63260000
3.36500000	2.54620000
3.22400000	2.46950000
3.04260000	2.40010000
2.86130000	2.33660000
2.69000000	2.27760000
2.63960000	2.22240000
2.56910000	2.17020000
2.47840000	2.12040000
2.41800000	2.07270000
2.43810000	2.04080000
4.70500000	2.65800000
19.14240000	13.16200000
11.98920000	10.35060000
8.83570000	7.76650000
6.85100000	5.26560000
5.90390000	3.97280000
12.69440000	3.52990000
15.51540000	3.17030000
13.70190000	4.49730000
9.78280000	4.32290000
8.07000000	4.24460000
6.33710000	3.33900000
5.16850000	3.44340000
4.39270000	3.10170000
3.89900000	2.83430000
3.85870000	2.62290000
3.78820000	2.45370000
6.40770000	2.80670000
7.08270000	2.40580000
5.73260000	2.61820000
5.09790000	2.43340000
4.77550000	5.58930000
4.37250000	5.39340000
4.36250000	3.06330000
4.75540000	2.90680000
10.78020000	3.21330000
13.09740000	4.89860000
11.28390000	2.94510000
9.01710000	2.99010000
8.21110000	2.75120000
6.85100000	2.52770000
6.15580000	2.33590000
8.64430000	7.38360000
10.37720000	4.73100000
10.37720000	5.17940000
18.33640000	8.70390000
14.81020000	5.39170000
11.68690000	3.94120000
8.97680000	3.64010000
7.17340000	3.46520000
6.36740000	3.15040000
6.54870000	3.44300000
6.66960000	3.75510000
7.40510000	6.36930000
11.48540000	11.94660000
11.28390000	7.38600000
9.55110000	4.19850000
11.08240000	4.40530000
11.78770000	7.77240000
10.06490000	6.56220000
8.59390000	3.96850000
7.15320000	3.77540000
6.66960000	3.38250000
6.46810000	3.07590000
5.98450000	2.83690000
5.52110000	2.64210000
5.08790000	2.48680000
4.75540000	2.35970000
4.46320000	2.25380000
4.42290000	2.16430000
4.46320000	2.08710000
4.39270000	2.01940000
3.96950000	1.95910000
3.52620000	1.90450000
3.16350000	1.85440000
2.87140000	1.80790000
2.55900000	1.76430000
2.34750000	1.72290000
2.17620000	1.68350000
2.03510000	1.64580000
1.89410000	1.60940000
1.76310000	1.57420000
1.60190000	1.54020000
1.50120000	1.50700000
1.42060000	1.47480000
1.34000000	1.44340000
1.24930000	1.41280000
1.18880000	1.38290000
1.12840000	1.35360000
1.07800000	1.32510000
1.01760000	1.29720000
0.99740000	1.28190000
1.03770000	1.32750000
0.97730000	1.27040000
1.01760000	1.28030000
0.93700000	1.20220000
0.92690000	1.19100000
0.87650000	1.11780000
0.79590000	1.09430000
0.75560000	1.07140000
0.70520000	1.04880000
0.65490000	1.02680000
0.59440000	1.00520000
0.52390000	0.98410000
0.50370000	0.96350000
0.49370000	0.94320000
0.45340000	0.92340000
0.42310000	0.90400000
0.39290000	0.88500000
0.36270000	0.86650000
0.34250000	0.84830000
0.32240000	0.83040000
0.31230000	0.81300000
0.29220000	0.79590000
0.28210000	0.77920000
0.27200000	0.76290000
0.27200000	0.74680000
0.27200000	0.74600000
0.26190000	0.71580000
0.23170000	0.70080000
0.22160000	0.68610000
0.20150000	0.67160000
0.19140000	0.65750000
0.18130000	0.64370000
0.17130000	0.63020000
0.15110000	0.61700000
0.14100000	0.60400000
0.13100000	0.59130000
0.12090000	0.57890000
0.10070000	0.56680000
0.09170000	0.55490000
0.08870000	0.54320000
0.08660000	0.53180000
0.07860000	0.52060000
0.07050000	0.50970000
0.06040000	0.49900000
0.05540000	0.48850000
0.05140000	0.47830000
0.04940000	0.46820000
0.04740000	0.45840000
0.04330000	0.44880000
0.03930000	0.43930000
0.03530000	0.43010000
0.03320000	0.42110000
0.03120000	0.41220000
0.02920000	0.40360000
0.02720000	0.39510000
0.02620000	0.38680000
0.02420000	0.37870000
0.02220000	0.37070000
0.02010000	0.36290000
0.01810000	0.35530000
0.01610000	0.34790000
0.01510000	0.34060000
0.01410000	0.33340000
0.01310000	0.32640000
0.01210000	0.31950000
0.01110000	0.31280000
0.01010000	0.30630000
0.00920000	0.29980000
0.00860000	0.29350000
0.00820000	0.28740000
0.00780000	0.28130000
0.00730000	0.27540000
0.00730000	0.26960000
0.00720000	0.26400000
0.00700000	0.25840000
0.00690000	0.25300000
0.00650000	0.24770000
0.00600000	0.24250000
0.00490000	0.23740000
0.00510000	0.23240000
0.00490000	0.22750000
0.00430000	0.22280000
0.00360000	0.21810000
0.00270000	0.21350000
0.00160000	0.20900000
0.00070000	0.20460000
0.00020000	0.20030000
0.00000000	0.19610000
0.00000000	0.19200000
0.00000000	0.18800000
0.00000000	0.18400000
0.00000000	0.18020000
0.00000000	0.17640000
0.00000000	0.17270000
0.00000000	0.16910000
0.00000000	0.16550000
0.00000000	0.16200000
0.00000000	0.15860000
0.00000000	0.15530000
0.00000000	0.15200000
0.00000000	0.14880000
0.00000000	0.14570000
0.00000000	0.14270000
0.00000000	0.13970000
0.00000000	0.13670000
0.00000000	0.13390000
0.00000000	0.13100000
0.00000000	0.12830000
0.00000000	0.12560000
0.00000000	0.12300000
0.00000000	0.12040000
0.00000000	0.11780000
0.00000000	0.11540000
0.00000000	0.11300000
0.00000000	0.11060000
0.00000000	0.10830000
0.00000000	0.10600000
0.00000000	0.10380000
0.00000000	0.10160000
0.00000000	0.09940000
0.00000000	0.09740000
0.00000000	0.09530000
0.00000000	0.09330000
0.00000000	0.09140000
0.00000000	0.08940000
0.00000000	0.08760000
0.00000000	0.08570000
0.00000000	0.08390000
0.00000000	0.08220000
0.00000000	0.08040000
0.00000000	0.07870000
0.00000000	0.07710000
0.00000000	0.07550000
0.00000000	0.07390000
0.00000000	0.07230000
0.00000000	0.07080000
0.00000000	0.06930000
0.00000000	0.06790000
0.00000000	0.07700000
0.00000000	0.06500000
0.00000000	0.06370000
0.00000000	0.06230000
0.00000000	0.06100000
0.00000000	0.05980000
0.00000000	0.05850000
0.00000000	0.05730000
0.00000000	0.05610000
0.00000000	0.05490000
0.00000000	0.05370000
0.00000000	0.08230000
0.00000000	0.05150000
0.00000000	0.05040000
0.00000000	0.04940000
0.00000000	0.04830000
0.00000000	0.04730000
0.00000000	0.04630000
0.00000000	0.04530000
0.00000000	0.04440000
0.00000000	0.04350000
0.00000000	0.04250000
0.00000000	0.04170000
0.00000000	0.04080000
0.00000000	0.03990000
0.00000000	0.03910000
0.00000000	0.03830000
0.00000000	0.03750000
0.00000000	0.08890000
0.00000000	0.07710000
0.00000000	0.05830000
0.00000000	0.03440000
0.00000000	0.03370000
0.00000000	0.03300000
0.00000000	0.08990000
0.00000000	0.03160000
0.00000000	0.03090000
0.00000000	0.14380000
0.00000000	0.03040000
0.20150000	0.02980000
0.34250000	0.10210000
0.26190000	0.04970000
0.76570000	1.10280000
0.57430000	0.05160000
0.37280000	0.03830000
0.29220000	0.03590000
0.25190000	0.05160000
0.22160000	0.04740000
0.37280000	0.06860000
0.74550000	0.09180000
0.52390000	0.03710000
0.39290000	0.03660000
0.46340000	0.03440000
1.17880000	0.03220000
0.84630000	0.03030000
0.57430000	0.02870000
0.44330000	0.02740000
0.38280000	0.02630000
0.36270000	0.02540000
0.32240000	0.02450000
0.28210000	0.02380000
0.26190000	0.02310000
0.23170000	0.02250000
0.21160000	0.02200000
0.20150000	0.02140000
0.41310000	0.10430000
2.03510000	2.79000000
4.51360000	2.04420000
8.84580000	3.63100000
12.89590000	5.84380000
16.01920000	3.15770000
11.68690000	0.74260000
5.66210000	0.05480000
3.75800000	0.04980000
2.81090000	0.04400000
2.12580000	0.03960000
1.69260000	0.03610000
3.63710000	0.03410000
3.67740000	0.03190000
2.87140000	0.03010000
2.44820000	0.03550000
2.07540000	0.05380000
9.73240000	7.08290000
12.79520000	9.46440000
6.05500000	1.47480000
4.12070000	0.04870000
3.16350000	0.04330000
2.56910000	0.03900000
2.08550000	0.03560000
1.73290000	0.03290000
4.24160000	3.51320000
10.37720000	11.08010000
5.50090000	4.81210000
3.92920000	2.50010000
3.09300000	2.03720000
2.56910000	1.66640000
2.16610000	1.38570000
1.87390000	1.17200000
1.63210000	1.00880000
1.40040000	0.88350000
1.16870000	0.78680000
1.03770000	0.71150000
0.91680000	0.65250000
0.84630000	0.60570000
0.80600000	0.56810000
0.71530000	0.53750000
0.68510000	0.51220000
0.63470000	0.49090000
0.59440000	0.47270000
0.56420000	0.45680000
0.53400000	0.44280000
0.50370000	0.43010000
0.48360000	0.41860000
0.46340000	0.40790000
0.44330000	0.39790000
0.43320000	0.38850000
0.41310000	0.37950000
0.40300000	0.37090000
0.38280000	0.36270000
0.37280000	0.35470000
0.35260000	0.34700000
0.35260000	0.33960000
0.33250000	0.33230000
0.32240000	0.32520000
0.32240000	0.31830000
0.35260000	0.35170000
0.90670000	0.39880000
3.48590000	6.25660000
7.46550000	9.14430000
14.40720000	10.73830000
9.43020000	6.86820000
7.05250000	3.89760000
5.15840000	3.09260000
4.10050000	2.84070000
3.40530000	2.38040000
2.91170000	2.03670000
2.52880000	1.77330000
2.15600000	1.57040000
1.88400000	1.41300000
3.88890000	2.87250000
7.07260000	2.37460000
5.10800000	1.90080000
7.03230000	1.68200000
13.29890000	1.50850000
8.66450000	1.37300000
6.18600000	1.26620000
4.76550000	1.18110000
3.93930000	1.11230000
3.82850000	1.06140000
5.25910000	1.02600000
7.82820000	0.98960000
8.77530000	0.95500000
9.33950000	0.91320000
9.77270000	0.89560000
9.56110000	0.89020000
7.73760000	0.83040000
6.59910000	1.13160000
6.72000000	1.04440000
7.40510000	0.97480000
6.36740000	0.91850000
5.10800000	0.87230000
4.15090000	0.83380000
3.54640000	0.80110000
3.06280000	0.77290000
2.62960000	0.74810000
2.28700000	0.72600000
2.15600000	0.72830000
1.91420000	0.68750000
1.69260000	0.67030000
1.52130000	0.65420000
1.40040000	0.63890000
1.29970000	0.62440000
1.36010000	0.65050000
1.51120000	0.65420000
1.42060000	0.58390000
1.29970000	0.57130000
1.19890000	0.55900000
1.09820000	0.54700000
1.03770000	0.53540000
0.95710000	0.52400000
0.89670000	0.51300000
0.83620000	0.50210000
0.78580000	0.49150000
0.74550000	0.48120000
0.71530000	0.47490000
0.68510000	0.46110000
0.67500000	0.45900000
0.62460000	0.44190000
0.66490000	0.47980000
0.72540000	0.44350000
0.65490000	0.41460000
0.65490000	0.45140000
0.67500000	0.39740000
0.62460000	0.38910000
0.60450000	0.38090000
0.60450000	0.39620000
0.59440000	0.38240000
0.59440000	0.45100000
0.75560000	0.50680000
2.28700000	8.99640000
1.80340000	4.94960000
1.44070000	0.34940000
1.25940000	0.66520000
1.12840000	0.58700000
1.01760000	0.52640000
0.92690000	0.47910000
0.84630000	0.44180000
0.76570000	0.41210000
0.77580000	0.41350000
1.17880000	0.43150000
1.14850000	0.37050000
1.19890000	0.38120000
1.09820000	0.32610000
0.99740000	0.31560000
0.91680000	0.30620000
0.83620000	0.29770000
0.76570000	0.28990000
0.69520000	0.28260000
0.64480000	0.27580000
0.59440000	0.26940000
0.55410000	0.26320000
0.51380000	0.25730000
0.48360000	0.25160000
0.44330000	0.24610000
0.42310000	0.24080000
0.39290000	0.23560000
0.37280000	0.23060000
0.35260000	0.22570000
0.34250000	0.22090000
0.32240000	0.21620000
0.30220000	0.21170000
0.29220000	0.20720000
0.27200000	0.20280000
0.26190000	0.19860000
0.24180000	0.19450000
0.23170000	0.19030000
0.21160000	0.18630000
0.20150000	0.18240000
0.19140000	0.17850000
0.18130000	0.17480000
0.17130000	0.17110000
0.16120000	0.16750000
0.16120000	0.16400000
0.17130000	0.16890000
0.18130000	0.15720000
0.17130000	0.15390000
0.16120000	0.15070000
0.15110000	0.14750000
0.14100000	0.14440000
0.14100000	0.14140000
0.13100000	0.13840000
0.11080000	0.13550000
0.10070000	0.13260000
0.08970000	0.12990000
0.08260000	0.12710000
0.07460000	0.12450000
0.06850000	0.12180000
0.06250000	0.11930000
0.05740000	0.11680000
0.05440000	0.11430000
0.05340000	0.11190000
0.05140000	0.10960000
0.04740000	0.10730000
0.04630000	0.10500000
0.04130000	0.10280000
0.03930000	0.10070000
0.03320000	0.09850000
0.03220000	0.09650000
0.02920000	0.09440000
0.02720000	0.09250000
0.02820000	0.09050000
0.02820000	0.08860000
0.02720000	0.08680000
0.02420000	0.08490000
0.02220000	0.08320000
0.02120000	0.08140000
0.02010000	0.07970000
0.01910000	0.07800000
0.01810000	0.07640000
0.01810000	0.07480000
0.01710000	0.07320000
0.01710000	0.07170000
0.01710000	0.07020000
0.01610000	0.06870000
0.01610000	0.06730000
0.01610000	0.06580000
0.01710000	0.12980000
0.01510000	0.06310000
0.01510000	0.06180000
0.01410000	0.06050000
0.01410000	0.05920000
0.01310000	0.05800000
0.01210000	0.05680000
0.01210000	0.05560000
0.01210000	0.05440000
0.01110000	0.05330000
0.01110000	0.05210000
0.01010000	0.05100000
0.00930000	0.05000000
0.00640000	0.04890000
0.00430000	0.04790000
0.00350000	0.04690000
0.00230000	0.04590000
0.00120000	0.04490000
0.00060000	0.04400000
0.00040000	0.04310000
0.00020000	0.04220000
0.00000000	0.04130000
0.00000000	0.04040000
0.00000000	0.03960000
0.00000000	0.03870000
0.00000000	0.03790000
0.00000000	0.03710000
0.00000000	0.03630000
0.00000000	0.03560000
0.00000000	0.03480000
0.00000000	0.03410000
0.00000000	0.03340000
0.00000000	0.04070000
0.00000000	0.03200000
0.00000000	0.03130000
0.00000000	0.03070000
0.00000000	0.03000000
0.00000000	0.02940000
0.00000000	0.02880000
0.00000000	0.02820000
0.00000000	0.02760000
0.00000000	0.02700000
0.00000000	0.02640000
0.00000000	0.02590000
0.00000000	0.02530000
0.00000000	0.02480000
0.00000000	0.02430000
0.00000000	0.02380000
0.00000000	0.02330000
0.00000000	0.02280000
0.00000000	0.02230000
0.00000000	0.02180000
0.00000000	0.02140000
0.00000000	0.02090000
0.00000000	0.02050000
0.00000000	0.02010000
0.00000000	0.01960000
0.00000000	0.01920000
0.00000000	0.01880000
0.00000000	0.01840000
0.00000000	0.01800000
0.00000000	0.01770000
0.00000000	0.01730000
0.00000000	0.01690000
0.00000000	0.01870000
0.00000000	0.01620000
0.00000000	0.01590000
0.00000000	0.01550000
0.00000000	0.01520000
0.00000000	0.01490000
0.00000000	0.01460000
0.00000000	0.01430000
0.00000000	0.01400000
0.00000000	0.01370000
0.00000000	0.01340000
0.00000000	0.05550000
0.00000000	0.01280000
0.00000000	0.01260000
0.00000000	0.02190000
0.00000000	0.01210000
0.00000000	0.01180000
0.00000000	0.01160000
0.00000000	0.01130000
0.00000000	0.01110000
0.00000000	0.09920000
0.00000000	0.02860000
0.00000000	0.07580000
0.00000000	0.05900000
0.00000000	0.01000000
0.00000000	0.04280000
0.00000000	0.04420000
0.00000000	0.06320000
0.01610000	0.08190000
0.60450000	3.83630000
0.76570000	5.94810000
0.37280000	0.04240000
0.23170000	0.03830000
0.16120000	0.03240000
0.13100000	0.02780000
0.11080000	0.02440000
0.08770000	0.02170000
0.07050000	0.01960000
0.05840000	0.01800000
0.05940000	0.01670000
0.06650000	0.01570000
0.06650000	0.01480000
0.06350000	0.01410000
0.05640000	0.01350000
0.04940000	0.01300000
0.04330000	0.01260000
0.03930000	0.01220000
0.03430000	0.01190000
0.03220000	0.01150000
0.02920000	0.01120000
0.02720000	0.01100000
0.03730000	0.07040000
0.05840000	0.06390000
0.07250000	0.01020000
0.09670000	0.06540000
0.11080000	0.01220000
0.11080000	0.01390000
0.11080000	0.01280000
0.09670000	0.01490000
0.09670000	0.01120000
0.15110000	0.06180000
0.17130000	0.01190000
0.17130000	0.01290000
0.14100000	0.01190000
0.13100000	0.01110000
0.11080000	0.01050000
0.10070000	0.01000000
0.09570000	0.00950000
0.08870000	0.02100000
0.08060000	0.00880000
0.07460000	0.00860000
0.06750000	0.00830000
0.06250000	0.00810000
0.05740000	0.00860000
1.01760000	0.08140000
4.22140000	8.51620000
1.36010000	0.39850000
0.91680000	0.07230000
0.96720000	0.62320000
0.75560000	0.03020000
0.59440000	0.02860000
0.49370000	0.02460000
0.41310000	0.02160000
0.35260000	0.01920000
0.31230000	0.01740000
0.28210000	0.01600000
0.25190000	0.01560000
0.24180000	0.04320000
0.33250000	0.01390000
2.45830000	4.17440000
3.04260000	4.60750000
7.89880000	0.03320000
3.02250000	0.03010000
1.84370000	0.02620000
1.34000000	0.02330000
1.61200000	0.05040000
1.48100000	0.02020000
1.15860000	0.02050000
0.95710000	0.01880000
0.84630000	0.01770000
1.14850000	0.01660000
1.99480000	0.01570000
1.65230000	0.01500000
1.31980000	0.01430000
1.11830000	0.01480000
2.49860000	4.93410000
35.26230000	19.24910000
16.72440000	8.67400000
7.92900000	2.88990000
5.44050000	2.37790000
5.17850000	1.93470000
6.22630000	1.59880000
10.17570000	1.34340000
10.17570000	1.14860000
8.29170000	1.02820000
8.54360000	0.89680000
6.69980000	1.00120000
5.85350000	1.05120000
5.03750000	0.98500000
4.24160000	0.87880000
3.83860000	0.79630000
3.65720000	0.73450000
3.45570000	0.68190000
3.10310000	0.63890000
2.67990000	0.60480000
2.36760000	0.57700000
2.13590000	0.55980000
1.94450000	1.68260000
2.59930000	10.00080000
3.83860000	14.91560000
4.62440000	6.69010000
3.60680000	3.64770000
3.03260000	3.05370000
5.02740000	2.57080000
5.97440000	2.20220000
4.85610000	1.91980000
12.99670000	1.70200000
7.21370000	1.53310000
5.25910000	1.40080000
4.73520000	1.29660000
4.50350000	1.22430000
4.37250000	1.14650000
4.50350000	1.08910000
5.23900000	1.05030000
5.60170000	1.00760000
6.53860000	0.98060000
6.93160000	0.94920000
5.47070000	0.91060000
4.43300000	0.88560000
4.20130000	0.87000000
4.24160000	0.84570000
4.18110000	0.82220000
4.05010000	0.87370000
3.81840000	1.36500000
3.58670000	1.62660000
3.72770000	3.01700000
3.62700000	1.74490000
9.29920000	1.89960000
12.59370000	3.10270000
7.65700000	2.57500000
5.90390000	2.05500000
5.08790000	1.78990000
4.60430000	1.58500000
4.30200000	1.43240000
3.59680000	1.30170000
3.02250000	1.20350000
2.67990000	1.12500000
2.38780000	1.06140000
2.12580000	1.00910000
1.93440000	0.96530000
1.81350000	0.92810000
1.71270000	0.89590000
1.68250000	0.86760000
1.71270000	0.84220000
1.67240000	0.81910000
2.01500000	0.82360000
2.62960000	0.80860000
2.97210000	0.80310000
2.70010000	0.74180000
2.33740000	0.72490000
2.22660000	0.70870000
2.30720000	0.70810000
2.36760000	0.67800000
2.11570000	0.66340000
1.93440000	0.64910000
1.78330000	0.63530000
1.68250000	0.62180000
1.62210000	0.60860000
1.65230000	0.61110000
1.65230000	0.58340000
1.65230000	0.57080000
1.95450000	0.55880000
1.78330000	0.54700000
1.63210000	0.53550000
1.53140000	0.52420000
1.43060000	0.51320000
1.34000000	0.50250000
1.23920000	0.49180000
1.17880000	0.48150000
1.12840000	0.48050000
1.06790000	0.46330000
0.99740000	0.45180000
0.93700000	0.44230000
0.88660000	0.43300000
0.82610000	0.42390000
0.80600000	0.41500000
0.80600000	0.40630000
0.81610000	0.39780000
0.78580000	0.38940000
0.74550000	0.38130000
0.71530000	0.37330000
0.69520000	0.36540000
0.67500000	0.35770000
0.66490000	0.35020000
0.64480000	0.34290000
0.80600000	0.39040000
1.21910000	0.41680000
0.99740000	0.32170000
0.87650000	0.31500000
0.80600000	0.30840000
0.77580000	0.30190000
0.73550000	0.29550000
0.72540000	0.28930000
0.70520000	0.28330000
0.66490000	0.27730000
0.63470000	0.27150000
0.60450000	0.26580000
0.59440000	0.26020000
0.57430000	0.25470000
0.55410000	0.24940000
0.53400000	0.24420000
0.52390000	0.23900000
0.50370000	0.23400000
0.49370000	0.22910000
0.47350000	0.22430000
0.46340000	0.21960000
0.44330000	0.21500000
0.43320000	0.21040000
0.41310000	0.20600000
0.39290000	0.20170000
0.37280000	0.19750000
0.36270000	0.19330000
0.35260000	0.18930000
0.33250000	0.18530000
0.33250000	0.18140000
0.32240000	0.17760000
0.32240000	0.17390000
0.38280000	0.21940000
0.39290000	0.20420000
0.36270000	0.16310000
0.35260000	0.19130000
0.38280000	0.19850000
0.37280000	0.15310000
0.37280000	0.14990000
0.34250000	0.14670000
0.30220000	0.14360000
0.28210000	0.14060000
0.26190000	0.13770000
0.25190000	0.13480000
0.24180000	0.13190000
0.23170000	0.12920000
0.22160000	0.12650000
0.20150000	0.12380000
0.19140000	0.12120000
0.18130000	0.11870000
0.17130000	0.11620000
0.16120000	0.11370000
0.15110000	0.11130000
0.14100000	0.10900000
0.13100000	0.10670000
0.12090000	0.10450000
0.11080000	0.10230000
0.10070000	0.10010000
0.09770000	0.09800000
0.09070000	0.09600000
0.08460000	0.10760000
0.07860000	0.09200000
0.07460000	0.09000000
0.07050000	0.08820000
0.06650000	0.08630000
0.06150000	0.08450000
0.05840000	0.08270000
0.05540000	0.08100000
0.05240000	0.07930000
0.04840000	0.07760000
0.04530000	0.07600000
0.04230000	0.07440000
0.04030000	0.07280000
0.03830000	0.07130000
0.03630000	0.06980000
0.03430000	0.06830000
0.03120000	0.06690000
0.02820000	0.06550000
0.02620000	0.06410000
0.02520000	0.06280000
0.02320000	0.06150000
0.02220000	0.06020000
0.02220000	0.05890000
0.02120000	0.05770000
0.02010000	0.05640000
0.01910000	0.05530000
0.01810000	0.05410000
0.01710000	0.05300000
0.01710000	0.05190000
0.01610000	0.05080000
0.01610000	0.04970000
0.01510000	0.04870000
0.01510000	0.04760000
0.01510000	0.04660000
0.01410000	0.04570000
0.01410000	0.04470000
0.01310000	0.04380000
0.01210000	0.04280000
0.01210000	0.04190000
0.01110000	0.04110000
0.01110000	0.04020000
0.01010000	0.03940000
0.01010000	0.03850000
0.00920000	0.03770000
0.00840000	0.03690000
0.00800000	0.03610000
0.00730000	0.03540000
0.00690000	0.03460000
0.00590000	0.03390000
0.00540000	0.03320000
0.00480000	0.03250000
0.00400000	0.03180000
0.00280000	0.03120000
0.00190000	0.03050000
0.00110000	0.02990000
0.00050000	0.02920000
0.00000000	0.02860000
0.00000000	0.02800000
0.00000000	0.02740000
0.00000000	0.02690000
0.00000000	0.02630000
0.00000000	0.02570000
0.00000000	0.02520000
0.00000000	0.02470000
0.00000000	0.02420000
0.00000000	0.02360000
0.00000000	0.02310000
0.00000000	0.02270000
0.00000000	0.02220000
0.00000000	0.02170000
0.00000000	0.02130000
0.00000000	0.02080000
0.00000000	0.02040000
0.00000000	0.02000000
0.00000000	0.01950000
0.00000000	0.01910000
0.00000000	0.01870000
0.00000000	0.01830000
0.00000000	0.01790000
0.00000000	0.01760000
0.00000000	0.01720000
0.00000000	0.01680000
0.00000000	0.01650000
0.00000000	0.01610000
0.00000000	0.01580000
0.00000000	0.01550000
0.00000000	0.01510000
0.00000000	0.01480000
0.00000000	0.01450000
0.00000000	0.01420000
0.00000000	0.01390000
0.00000000	0.01360000
0.00000000	0.01330000
0.00000000	0.01310000
0.00000000	0.01280000
0.00000000	0.01250000
0.00000000	0.01220000
0.00000000	0.01200000
0.00000000	0.01170000
0.00000000	0.01150000
0.00000000	0.01120000
0.00000000	0.01100000
0.00000000	0.01080000
0.00000000	0.01060000
0.00000000	0.06550000
0.00000000	0.21110000
0.00000000	0.04350000
0.00000000	0.00970000
0.00000000	0.00950000
0.00000000	0.00930000
0.00000000	0.00910000
0.00000000	0.00890000
0.00000000	0.00870000
0.00000000	0.00850000
0.00000000	0.00840000
0.00000000	0.00820000
0.00000000	0.00800000
0.00000000	0.00780000
0.00000000	0.00770000
0.00000000	0.00750000
0.00000000	0.00740000
0.00000000	0.00720000
0.00000000	0.00710000
0.00000000	0.00690000
0.00000000	0.00680000
0.00000000	0.00660000
0.00000000	0.00650000
0.00000000	0.00630000
0.00000000	0.00620000
0.00000000	0.00610000
0.00000000	0.00600000
0.00000000	0.00580000
0.00000000	0.06660000
0.00000000	0.10560000
0.01810000	0.13860000
0.04430000	0.99140000
0.38280000	1.39970000
0.37280000	0.03730000
0.36270000	0.06300000
0.33250000	0.02360000
0.28210000	0.04230000
0.35260000	0.06060000
0.32240000	0.02040000
0.25190000	0.02450000
0.21160000	0.04970000
0.18130000	0.01570000
0.15110000	0.01730000
0.13100000	0.01550000
0.12090000	0.01400000
0.10070000	0.01290000
0.09470000	0.01200000
0.08460000	0.01130000
0.08160000	0.02750000
0.07460000	0.01020000
0.06950000	0.00980000
0.06350000	0.00950000
0.05840000	0.00910000
0.05540000	0.00890000
0.05240000	0.00860000
0.04840000	0.00840000
0.04430000	0.00820000
0.04230000	0.00800000
0.04030000	0.00780000
0.03930000	0.00760000
0.03730000	0.00740000
0.03630000	0.00740000
0.03430000	0.00710000
0.03120000	0.00690000
0.02920000	0.00680000
0.02720000	0.00670000
0.02320000	0.00650000
0.02120000	0.00640000
0.02010000	0.00620000
0.01910000	0.00610000
0.01910000	0.00600000
0.02010000	0.03730000
0.02120000	0.00650000
0.03430000	0.00640000
0.03930000	0.00630000
0.03830000	0.00610000
0.04530000	0.00590000
0.08870000	0.00590000
0.14100000	0.00580000
0.99740000	0.00570000
1.80340000	0.00560000
0.89670000	0.00550000
1.19890000	0.00540000
4.50350000	0.00530000
1.61200000	0.00520000
1.28960000	0.00510000
7.26400000	0.07350000
9.23870000	0.05080000
6.22630000	0.02580000
3.18370000	0.03730000
2.23660000	0.02550000
5.97440000	3.02600000
4.19120000	0.02260000
2.52880000	0.02090000
2.34750000	0.01830000
2.31720000	0.05370000
2.09560000	0.01510000
1.91420000	0.02070000
1.67240000	0.01330000
1.36010000	0.01180000
1.14850000	0.01070000
1.02760000	0.00980000
0.96720000	0.00910000
0.85640000	0.00850000
0.73550000	0.00810000
0.63470000	0.00770000
0.55410000	0.00740000
0.49370000	0.00710000
0.44330000	0.00690000
0.40300000	0.00670000
0.37280000	0.00650000
0.38280000	0.03570000
0.37280000	0.00610000
0.34250000	0.02550000
0.33250000	0.01860000
0.32240000	0.00590000
0.29220000	0.00680000
0.27200000	0.00640000
0.25190000	0.00610000
0.23170000	0.00590000
0.22160000	0.00560000
0.21160000	0.00540000
0.20150000	0.00530000
0.19140000	0.00510000
0.18130000	0.00500000
0.19140000	0.04890000
0.50370000	2.29300000
0.50370000	0.02200000
0.43320000	0.01690000
0.40300000	0.01360000
0.37280000	0.01190000
0.39290000	0.01060000
0.40300000	0.00960000
0.49370000	0.00880000
0.54400000	0.00820000
0.74550000	0.00770000
1.21910000	0.47630000
1.23920000	1.59830000
1.25940000	0.04110000
1.35000000	0.01990000
1.62210000	0.02940000
2.25680000	0.03140000
18.13490000	6.69840000
22.26560000	7.84290000
18.43720000	2.69380000
9.07750000	0.04780000
11.68690000	0.28050000
8.00960000	0.53680000
5.70240000	0.78940000
5.20880000	0.80250000
16.92590000	10.06440000
18.84020000	11.66750000
10.67940000	7.26740000
7.26400000	3.36190000
5.56140000	3.11740000
4.59420000	2.55990000
3.97960000	2.13650000
3.20380000	1.81410000
2.56910000	1.56760000
2.21650000	1.37810000
1.92430000	1.23160000
1.71270000	1.11750000
1.56160000	1.02770000
2.55900000	0.99970000
6.82070000	1.00420000
6.73010000	2.63450000
4.97700000	1.18020000
3.98970000	1.42430000
3.22400000	1.26380000
2.91170000	1.14010000
3.46580000	1.34970000
3.06280000	1.15480000
2.92170000	1.37520000
2.84110000	1.22700000
2.62960000	1.11170000
2.32730000	1.02110000
2.04520000	0.94920000
1.80340000	0.89130000
1.59180000	0.84410000
1.40040000	0.80500000
1.28960000	0.77200000
1.20900000	0.74370000
1.13850000	0.71900000
1.04780000	0.69710000
0.97730000	0.67740000
0.90670000	0.65930000
0.84630000	0.64260000
0.81610000	0.65010000
1.02760000	0.67260000
1.21910000	0.65840000
1.02760000	0.58460000
0.91680000	0.57160000
0.85640000	0.55910000
0.81610000	0.54700000
0.77580000	0.53520000
0.73550000	0.52370000
0.69520000	0.51260000
0.65490000	0.50170000
0.62460000	0.49110000
0.58430000	0.48070000
0.55410000	0.47050000
0.53400000	0.46060000
0.51380000	0.45090000
0.49370000	0.44140000
0.48360000	0.43210000
0.46340000	0.42300000
0.45340000	0.41420000
0.44330000	0.40540000
0.43320000	0.39690000
0.42310000	0.38860000
0.50370000	0.44420000
1.30970000	0.47920000
3.50610000	0.46630000
7.96930000	0.46040000
19.54540000	8.73850000
7.57640000	3.31960000
4.96700000	0.35300000
3.68740000	0.34400000
2.87140000	0.33400000
2.38780000	0.32500000
2.04520000	0.31660000
1.82360000	0.30880000
1.67240000	0.30150000
1.47090000	0.29450000
1.30970000	0.28780000
1.14850000	0.28140000
1.02760000	0.27520000
0.97730000	0.26920000
0.86640000	0.26340000
0.80600000	0.25780000
0.77580000	0.25230000
0.69520000	0.24690000
0.63470000	0.24170000
0.59440000	0.23660000
0.54400000	0.23160000
0.53400000	0.22670000
0.49370000	0.22190000
0.45340000	0.21720000
0.42310000	0.21280000
0.39290000	0.20820000
0.36270000	0.20380000
0.33250000	0.19950000
0.32240000	0.21750000
0.36270000	0.23980000
0.43320000	0.23560000
0.44330000	0.18480000
0.39290000	0.17940000
0.36270000	0.17570000
0.33250000	0.17200000
0.31230000	0.16840000
0.28210000	0.16480000
0.26190000	0.16140000
0.25190000	0.15800000
0.23170000	0.15470000
0.23170000	0.15140000
0.22160000	0.14820000
0.22160000	0.14510000
0.20150000	0.14210000
0.19140000	0.13910000
0.17130000	0.13620000
0.16120000	0.13330000
0.16120000	0.13050000
0.14100000	0.12780000
0.14100000	0.12510000
0.12090000	0.12250000
0.12090000	0.11990000
0.11080000	0.11740000
0.09770000	0.11490000
0.08770000	0.11250000
0.08160000	0.11010000
0.07560000	0.10780000
0.06950000	0.10560000
0.06350000	0.10330000
0.05740000	0.10120000
0.05240000	0.09900000
0.04840000	0.09700000
0.04530000	0.09490000
0.04330000	0.09290000
0.04130000	0.09100000
0.04030000	0.08910000
0.03630000	0.08720000
0.03530000	0.08540000
0.03320000	0.08360000
0.03220000	0.08180000
0.03020000	0.08010000
0.02820000	0.07840000
0.02620000	0.07680000
0.02420000	0.07520000
0.02320000	0.07360000
0.02220000	0.07200000
0.02120000	0.07050000
0.02010000	0.06900000
0.01810000	0.06760000
0.01710000	0.06620000
0.01710000	0.06480000
0.01510000	0.06340000
0.01510000	0.06210000
0.01410000	0.06080000
0.01310000	0.05950000
0.01310000	0.05830000
0.01210000	0.05700000
0.01110000	0.05580000
0.01110000	0.05470000
0.01110000	0.05350000
0.01000000	0.05240000
0.00950000	0.05130000
0.00900000	0.05020000
0.00920000	0.18040000
0.00920000	0.04810000
0.00920000	0.04710000
0.00910000	0.04610000
0.00840000	0.04520000
0.00760000	0.04420000
0.00660000	0.04330000
0.00610000	0.04240000
0.00510000	0.04150000
0.00450000	0.04060000
0.00400000	0.03980000
0.00290000	0.03890000
0.00220000	0.03810000
0.00140000	0.03730000
0.00060000	0.03650000
0.00020000	0.03580000
0.00010000	0.03500000
0.00010000	0.03430000
0.00000000	0.03360000
0.00000000	0.03280000
0.00000000	0.03220000
0.00000000	0.03150000
0.00000000	0.03080000
0.00000000	0.03020000
0.00000000	0.02950000
0.00000000	0.02890000
0.00000000	0.02830000
0.00000000	0.02770000
0.00000000	0.02710000
0.00000000	0.02660000
0.00000000	0.02600000
0.00000000	0.02550000
0.00000000	0.02490000
0.00000000	0.02440000
0.00000000	0.02390000
0.00000000	0.02340000
0.00000000	0.02290000
0.00000000	0.02240000
0.00000000	0.02190000
0.00000000	0.07140000
0.00000000	0.02100000
0.00000000	0.02060000
0.00000000	0.02020000
0.00000000	0.01970000
0.00000000	0.01930000
0.00000000	0.01890000
0.00000000	0.01850000
0.00000000	0.01810000
0.00000000	0.01780000
0.00000000	0.01740000
0.00000000	0.01700000
0.00000000	0.01670000
0.00000000	0.01630000
0.00000000	0.01600000
0.00000000	0.01560000
0.00000000	0.01530000
0.00000000	0.01500000
0.00000000	0.01470000
0.00000000	0.01440000
0.00000000	0.01410000
0.00000000	0.01380000
0.00000000	0.01350000
0.00000000	0.01320000
0.00000000	0.01290000
0.00000000	0.01260000
0.00000000	0.01240000
0.00000000	0.01210000
0.00000000	0.01190000
0.00000000	0.19010000
0.02820000	0.38720000
0.00890000	0.32870000
0.00310000	0.02510000
0.00050000	0.02430000
0.00000000	0.02140000
0.00010000	0.07460000
0.00020000	0.01750000
0.00000000	0.01870000
0.00000000	0.01710000
0.00000000	0.01580000
0.00000000	0.01480000
0.00000000	0.01400000
0.00000000	0.01330000
0.00000000	0.01270000
0.00000000	0.01220000
0.00000000	0.01180000
0.00000000	0.01140000
0.00000000	0.01110000
0.00000000	0.01080000
0.00000000	0.01050000
0.00000000	0.01030000
0.00000000	0.01000000
0.00000000	0.02350000
0.00470000	0.08120000
0.00580000	0.00930000
0.00320000	0.00920000
0.00290000	0.00890000
0.00430000	0.02760000
0.00470000	0.00850000
0.00540000	0.00840000
0.00720000	0.00820000
0.01710000	0.01840000
0.03020000	0.00780000
0.03220000	0.00770000
0.04230000	0.04850000
0.07560000	0.00810000
0.12090000	0.00830000
0.35260000	0.59400000
0.78580000	0.01830000
0.80600000	0.05930000
0.75560000	0.01710000
0.47350000	0.01740000
0.36270000	0.01520000
0.29220000	0.01360000
0.31230000	0.04750000
0.33250000	0.01130000
0.28210000	0.01300000
0.23170000	0.01180000
0.20150000	0.01090000
0.18130000	0.01020000
0.15110000	0.00960000
0.14100000	0.00910000
0.13100000	0.00870000
0.11080000	0.00830000
0.10070000	0.00880000
0.09170000	0.00820000
0.08260000	0.00800000
0.07760000	0.00770000
0.08970000	0.00790000
0.38280000	0.00770000
0.63470000	0.05400000
0.49370000	0.00820000
1.29970000	0.00950000
4.03000000	4.86020000
1.99480000	0.02600000
1.27950000	0.04800000
0.96720000	0.02000000
0.88660000	0.02150000
1.32990000	1.14440000
1.65230000	0.02200000
1.20900000	0.02230000
0.93700000	0.01930000
0.74550000	0.01710000
0.60450000	0.01550000
0.68510000	0.39550000
0.68510000	0.02780000
0.60450000	0.01930000
0.64480000	0.01770000
1.04780000	0.01600000
5.61170000	6.26060000
3.65720000	0.91110000
2.07540000	0.02880000
1.49110000	0.02560000
1.15860000	0.02150000
0.96720000	0.02980000
0.80600000	0.02250000
0.72540000	0.03240000
0.68510000	0.02930000
0.59440000	0.01560000
0.53400000	0.01590000
3.82850000	5.53530000
11.28390000	5.43630000
5.86360000	0.03620000
3.64710000	0.03070000
2.60940000	0.02670000
2.44820000	0.09340000
5.34980000	7.49470000
16.72440000	18.50480000
13.09740000	8.70460000
10.57870000	3.75590000
6.80060000	3.08230000
5.08790000	2.52320000
5.60170000	2.09900000
20.85520000	7.50040000
20.14990000	9.89440000
10.37720000	4.29920000
6.55880000	3.24670000
5.13820000	2.76540000
5.22890000	3.06630000
4.90650000	2.49200000
4.78560000	2.83970000
5.19870000	3.10740000
5.46060000	3.02130000
5.97440000	7.07020000
12.19070000	10.17870000
8.40250000	7.56980000
6.29680000	3.76420000
4.99720000	3.55520000
4.27180000	3.07940000
3.67740000	2.69800000
3.44560000	3.77850000
3.64710000	3.61750000
3.37510000	2.77880000
3.30460000	2.73220000
3.37510000	2.45450000
3.25420000	2.22100000
3.08290000	2.04470000
2.84110000	1.90440000
2.54900000	1.79130000
2.30720000	1.69880000
2.10570000	1.62180000
1.92430000	1.55680000
2.29710000	1.58940000
4.27180000	6.25360000
3.37510000	4.64240000
8.66450000	11.51260000
10.57870000	12.08080000
6.19610000	5.48890000
4.50350000	4.05670000
4.22140000	4.01070000
4.45310000	8.13190000
4.26170000	4.98260000
3.79830000	3.68440000
3.38520000	3.24530000
3.00230000	2.89480000
2.69000000	2.63810000
2.41800000	2.40840000
2.29710000	2.23830000
2.18630000	2.10220000
5.68230000	2.05890000
6.78040000	2.55960000
4.89640000	2.96120000
4.07030000	2.34140000
3.46580000	2.16230000
2.97210000	2.01820000
2.60940000	1.90170000
2.28700000	1.80610000
2.04520000	1.72640000
1.86390000	1.66970000
1.72280000	1.60360000
1.56160000	1.54900000
1.45080000	1.50320000
1.67240000	1.51430000
1.82360000	1.43780000
1.65230000	1.38790000
1.58180000	1.35460000
2.36760000	1.37990000
7.88870000	1.38660000
6.07520000	2.86530000
4.86620000	1.24990000
9.75260000	1.38840000
11.08240000	1.34640000
7.49580000	1.28780000
6.03490000	1.23810000
5.56140000	1.23210000
5.59160000	1.15640000
6.28680000	1.12250000
5.42030000	1.09170000
4.66470000	1.06330000
4.12070000	1.10280000
4.22140000	5.55730000
4.11060000	4.70230000
4.44310000	2.92570000
4.72520000	2.40300000
4.16100000	2.34810000
3.69750000	2.14250000
3.29450000	1.89890000
2.95200000	1.70980000
3.02250000	1.62750000
2.79080000	1.47540000
2.45830000	1.35130000
2.18630000	1.27550000
1.97470000	1.21300000
1.80340000	1.16080000
1.69260000	1.11630000
8.85590000	1.57100000
10.27650000	5.28290000
8.32190000	2.50460000
6.82070000	1.98290000
5.61170000	1.86540000
4.76550000	1.66480000
3.99980000	1.50870000
3.40530000	1.38590000
2.92170000	1.28850000
2.54900000	1.21010000
2.27690000	1.14610000
2.05530000	1.09310000
1.92430000	1.04840000
2.45830000	1.07640000
2.44820000	1.03500000
2.29710000	0.94690000
2.05530000	0.92010000
1.85380000	0.89550000
1.70270000	0.87280000
1.57170000	0.85160000
1.48100000	0.86490000
1.45080000	0.86170000
1.37020000	0.82070000
1.31980000	0.77650000
1.25940000	0.75950000
1.35000000	0.74370000
1.42060000	0.72850000
1.34000000	0.71140000
1.34000000	0.73710000
1.53140000	0.74270000
1.63210000	0.72800000
1.79330000	0.66590000
1.68250000	0.63920000
1.55150000	0.62570000
1.45080000	0.61250000
1.36010000	0.59960000
1.30970000	0.58700000
1.43060000	0.59860000
3.81840000	0.63000000
3.73780000	0.55910000
2.90160000	0.53920000
2.42810000	0.52780000
2.12580000	0.51670000
1.91420000	0.50590000
1.73290000	0.49530000
1.57170000	0.48490000
1.42060000	0.47470000
1.28960000	0.46470000
1.17880000	0.45500000
1.08810000	0.44540000
0.99740000	0.43610000
0.91680000	0.42690000
0.85640000	0.41790000
0.79590000	0.40920000
0.74550000	0.40060000
0.69520000	0.39210000
0.64480000	0.38390000
0.59440000	0.37590000
0.55410000	0.36800000
0.52390000	0.36020000
0.48360000	0.35270000
0.44330000	0.34530000
0.41310000	0.33800000
0.38280000	0.33090000
0.36270000	0.32400000
0.34250000	0.31720000
0.32240000	0.31050000
0.30220000	0.30400000
0.28210000	0.29760000
0.25190000	0.29130000
0.24180000	0.28520000
0.22160000	0.27920000
0.21160000	0.27340000
0.19140000	0.26760000
0.18130000	0.26200000
0.17130000	0.25650000
0.16120000	0.25110000
0.14100000	0.24580000
0.13100000	0.24070000
0.13100000	0.23560000
0.12090000	0.23070000
0.11080000	0.22580000
0.09970000	0.22110000
0.09270000	0.21650000
0.08660000	0.21190000
0.08060000	0.20750000
0.07660000	0.20310000
0.07150000	0.19880000
0.06650000	0.19470000
0.06250000	0.19060000
0.05840000	0.18660000
0.05540000	0.18270000
0.05340000	0.17880000
0.05140000	0.17510000
0.04940000	0.17140000
0.04740000	0.16780000
0.04530000	0.16430000
0.04230000	0.16080000
0.03930000	0.15740000
0.03630000	0.15410000
0.03630000	0.15090000
0.03430000	0.14770000
0.03320000	0.14460000
0.03020000	0.14160000
0.02920000	0.13860000
0.02720000	0.13570000
0.02720000	0.13290000
0.02720000	0.13010000
0.02520000	0.12730000
0.02320000	0.12470000
0.02220000	0.12200000
0.02010000	0.11950000
0.01910000	0.11700000
0.01810000	0.11450000
0.01810000	0.11210000
0.01710000	0.10980000
0.01610000	0.10740000
0.01510000	0.10520000
0.01410000	0.10300000
0.01310000	0.10080000
0.01210000	0.09870000
0.01010000	0.09660000
0.01000000	0.09460000
0.01010000	0.09260000
0.01010000	0.09070000
0.01010000	0.08880000
0.01010000	0.08690000
0.01000000	0.08510000
0.00920000	0.08330000
0.00820000	0.08150000
0.00740000	0.07980000
0.00610000	0.07820000
0.00540000	0.07650000
0.00560000	0.07490000
0.00610000	0.07330000
0.00630000	0.07180000
0.00610000	0.07030000
0.00610000	0.06880000
0.00590000	0.06740000
0.00570000	0.06590000
0.00530000	0.06460000
0.00420000	0.06320000
0.00410000	0.06190000
0.00430000	0.06060000
0.00470000	0.06000000
0.00750000	0.12180000
0.00620000	0.06490000
0.00570000	0.05560000
0.00530000	0.05450000
0.00470000	0.05330000
0.00420000	0.05220000
0.00400000	0.05110000
0.00340000	0.05000000
0.00280000	0.04900000
0.00180000	0.04800000
0.00070000	0.04700000
0.00000000	0.04600000
0.00000000	0.04500000
0.00000000	0.04410000
0.00000000	0.04310000
0.00000000	0.04220000
0.00000000	0.04130000
0.00000000	0.04420000
0.00000000	0.03960000
0.00000000	0.03880000
0.00000000	0.03800000
0.00000000	0.03720000
0.00000000	0.03640000
0.00000000	0.03560000
0.00000000	0.03490000
0.00000000	0.03420000
0.00000000	0.03340000
0.00000000	0.03270000
0.00000000	0.03200000
0.00000000	0.03140000
0.00000000	0.03070000
0.00000000	0.03010000
0.00000000	0.02940000
0.00000000	0.12430000
0.00000000	0.19460000
3.22400000	11.08360000
1.95450000	4.21050000
0.78580000	0.06610000
0.49370000	0.05810000
4.26170000	4.52020000
5.26920000	3.77480000
2.24670000	0.08250000
1.37020000	0.06250000
0.92690000	0.05400000
0.67500000	0.04880000
0.52390000	0.04470000
0.42310000	0.04150000
0.34250000	0.03890000
0.29220000	0.03680000
2.44820000	2.51740000
2.09560000	0.80120000
1.48100000	0.04470000
1.78330000	0.06650000
1.44070000	0.03970000
1.07800000	0.03910000
0.84630000	0.03660000
0.67500000	0.03460000
0.55410000	0.03290000
0.46340000	0.03150000
0.39290000	0.03030000
0.35260000	0.03080000
0.32240000	0.04770000
0.34250000	0.02830000
0.41310000	0.02750000
0.78580000	0.02690000
5.41020000	0.02620000
2.74040000	0.02560000
1.76310000	0.02490000
1.37020000	0.02430000
2.69000000	0.02390000
2.64970000	0.02340000
1.97470000	0.02290000
1.58180000	0.02240000
1.97470000	0.03370000
9.47050000	0.83140000
10.47800000	1.03040000
5.65200000	0.04180000
3.95950000	0.06480000
5.65200000	3.33260000
4.67480000	0.04750000
4.38260000	1.05090000
5.22890000	0.22770000
7.98940000	0.64820000
5.91400000	0.72620000
4.32220000	0.77910000
3.42550000	0.65940000
10.78020000	8.41360000
8.41260000	6.20300000
5.96440000	2.37040000
4.48340000	2.18630000
5.96440000	3.21450000
14.91090000	2.55210000
14.40720000	2.04500000
10.01450000	2.89210000
8.97680000	7.03870000
7.16330000	3.50640000
5.39010000	2.68690000
5.39010000	4.86410000
9.41000000	10.25610000
9.85330000	10.59260000
21.56040000	18.01910000
45.23650000	19.25490000
15.51540000	9.37290000
9.63170000	5.42690000
7.03230000	4.60360000
5.39010000	3.92550000
4.46320000	3.40880000
3.75800000	3.00620000
3.26430000	2.69680000
2.92170000	2.45530000
2.71020000	2.26480000
2.55900000	2.11290000
2.40790000	1.99020000
2.23660000	1.88960000
2.13590000	1.80650000
2.36760000	1.73540000
6.64950000	2.20290000
7.86850000	3.95390000
6.21620000	2.28070000
5.47070000	2.34610000
4.84610000	2.13870000
4.03000000	1.97670000
3.45570000	1.84740000
2.98220000	1.74260000
2.63960000	1.65650000
2.40790000	1.58450000
2.17620000	1.52330000
1.97470000	1.47030000
1.82360000	1.42370000
1.68250000	1.38200000
1.56160000	1.34410000
1.46090000	1.30920000
1.39030000	1.27830000
1.55150000	1.29420000
1.39030000	1.21710000
1.26940000	1.18940000
1.16870000	1.16290000
1.07800000	1.13720000
1.00750000	1.11250000
0.94700000	1.08840000
0.89670000	1.06510000
0.84630000	1.04230000
0.81610000	1.02010000
0.77580000	0.99850000
0.74550000	0.97740000
0.71530000	0.95670000
0.67500000	0.93650000
0.65490000	0.91680000
0.76570000	1.32470000
9.71230000	13.06640000
12.59370000	7.22150000
6.49830000	3.08440000
4.68490000	2.66790000
4.09040000	2.31480000
3.50610000	2.02400000
3.20380000	1.81260000
3.03260000	1.64030000
2.85120000	1.50540000
2.74040000	1.39870000
2.63960000	1.31270000
2.41800000	1.24260000
2.35750000	1.18450000
2.46840000	1.13550000
2.71020000	1.10440000
5.86360000	1.48640000
8.04990000	2.09710000
6.74010000	1.72060000
8.33200000	1.73000000
22.76940000	3.64400000
13.80270000	1.98200000
9.30930000	2.15570000
7.48570000	1.87530000
8.21110000	1.96050000
7.99950000	1.71550000
6.61920000	1.86720000
8.04990000	3.46100000
10.37720000	8.71830000
14.50790000	14.42110000
31.63530000	18.87450000
16.92590000	9.28410000
15.41470000	5.04700000
11.98920000	4.30760000
11.08240000	14.23950000
10.57870000	13.78360000
8.90630000	6.41140000
8.88610000	9.20350000
10.27650000	16.75060000
8.90630000	9.68630000
9.74250000	8.57480000
10.47800000	8.36250000
10.98170000	5.06180000
9.67200000	4.74040000
10.07500000	4.26310000
13.19820000	3.80410000
14.91090000	3.44680000
13.80270000	3.16600000
9.84320000	2.94310000
7.86850000	2.76380000
7.72750000	2.61750000
6.90130000	2.49620000
5.98450000	2.41380000
5.04760000	2.30690000
4.28190000	2.22990000
3.77810000	2.16200000
3.56650000	2.10350000
3.42550000	2.04470000
3.36500000	2.01280000
3.11320000	1.95150000
3.30460000	1.93420000
4.51360000	1.88550000
5.23900000	1.82800000
6.62930000	1.79790000
6.09530000	1.73390000
5.20880000	1.75410000
5.14830000	1.72700000
4.45310000	1.62430000
4.14080000	1.63310000
4.14080000	1.60250000
4.24160000	1.87100000
4.05010000	1.50300000
3.69750000	1.46320000
3.40530000	1.43580000
3.11320000	1.40090000
2.80080000	1.37100000
2.53890000	1.34180000
2.31720000	1.31340000
2.15600000	1.28560000
2.01500000	1.25850000
1.92430000	1.23190000
1.84370000	1.20600000
1.74300000	1.18060000
1.66240000	1.15570000
1.55150000	1.13140000
1.44070000	1.10760000
1.36010000	1.08440000
1.28960000	1.06160000
1.21910000	1.03930000
1.17880000	1.01750000
1.32990000	1.04690000
1.42060000	0.99880000
1.52130000	1.00330000
1.95450000	0.97090000
1.61200000	0.91500000
1.41050000	0.89580000
1.26940000	0.87690000
1.17880000	0.85850000
1.09820000	0.84050000
1.03770000	0.82280000
1.12840000	0.89210000
1.23920000	0.83080000
1.32990000	0.78210000
1.27950000	0.76720000
1.19890000	0.75010000
1.10820000	0.72450000
1.19890000	0.76430000
1.39030000	0.73510000
1.53140000	0.70140000
1.47090000	0.67560000
1.38030000	0.68960000
1.28960000	0.67790000
1.22910000	0.65880000
1.13850000	0.61130000
1.05790000	0.59850000
0.98730000	0.58590000
0.92690000	0.57360000
0.87650000	0.56160000
0.83620000	0.54980000
0.79590000	0.53820000
0.75560000	0.52690000
0.71530000	0.51590000
0.68510000	0.50500000
0.65490000	0.49440000
0.62460000	0.48400000
0.60450000	0.47390000
0.57430000	0.46390000
0.54400000	0.45420000
0.51380000	0.44460000
0.48360000	0.43530000
0.46340000	0.42620000
0.44330000	0.41720000
0.42310000	0.40850000
0.39290000	0.39990000
0.50370000	0.57060000
0.62460000	0.50310000
0.56420000	0.37520000
0.46340000	0.36730000
0.42310000	0.35960000
0.37280000	0.35210000
0.33250000	0.34470000
0.31230000	0.33740000
0.29220000	0.33040000
0.27200000	0.32340000
0.25190000	0.31660000
0.24180000	0.31000000
0.22160000	0.30350000
0.21160000	0.29710000
0.20150000	0.29090000
0.20150000	0.28470000
0.19140000	0.27880000
0.18130000	0.27290000
0.18130000	0.26720000
0.17130000	0.26160000
0.18130000	0.26750000
0.18130000	0.26260000
0.17130000	0.24540000
0.16120000	0.24030000
0.14100000	0.23520000
0.13100000	0.23030000
0.12090000	0.22550000
0.11080000	0.22070000
0.10070000	0.21610000
0.09770000	0.21150000
0.08770000	0.20710000
0.08160000	0.20280000
0.07560000	0.19850000
0.07050000	0.19430000
0.06550000	0.19030000
0.06150000	0.18630000
0.05540000	0.18230000
0.04740000	0.17850000
0.04630000	0.17480000
0.04430000	0.17110000
0.04230000	0.16750000
0.04030000	0.16400000
0.03930000	0.16050000
0.03730000	0.15720000
0.03530000	0.15390000
0.03320000	0.15060000
0.03220000	0.14750000
0.03020000	0.14440000
0.02920000	0.14130000
0.02820000	0.13840000
0.02720000	0.13550000
0.02520000	0.13260000
0.02520000	0.12980000
0.02420000	0.12710000
0.02320000	0.12440000
0.02320000	0.12180000
0.02220000	0.11930000
0.02220000	0.11680000
0.02120000	0.11430000
0.02120000	0.11190000
0.02120000	0.10960000
0.02010000	0.10730000
0.02010000	0.10500000
0.01910000	0.10280000
0.01810000	0.10060000
0.01710000	0.09850000
0.01710000	0.09650000
0.01610000	0.09440000
0.01610000	0.09250000
0.01510000	0.09050000
0.01510000	0.08860000
0.01410000	0.08680000
0.01410000	0.08490000
0.01310000	0.08310000
0.01310000	0.08140000
0.01310000	0.07970000
0.01310000	0.07800000
0.01210000	0.07640000
0.01210000	0.07480000
0.01110000	0.07320000
0.01110000	0.07170000
0.01110000	0.07020000
0.01010000	0.06870000
0.00970000	0.06720000
0.00920000	0.06580000
0.00850000	0.06450000
0.00820000	0.06310000
0.00750000	0.06180000
0.00620000	0.06050000
0.00750000	0.07470000
0.00720000	0.05800000
0.00630000	0.05670000
0.00590000	0.05560000
0.00570000	0.05440000
0.00520000	0.05320000
0.00580000	0.05210000
0.00620000	0.05100000
0.01410000	0.13980000
0.02010000	0.16780000
0.03730000	0.21600000
0.02620000	0.15180000
0.02120000	0.05170000
0.01810000	0.05260000
0.01610000	0.05010000
0.03630000	2.44020000
0.03120000	1.69590000
0.02420000	0.06310000
0.02220000	0.06050000
0.02010000	0.05600000
0.03020000	0.05240000
0.05040000	0.04940000
0.05140000	0.04700000
0.04630000	0.04500000
0.04330000	0.04320000
0.03730000	0.04170000
0.03430000	0.04040000
0.03120000	0.03920000
0.02920000	0.03820000
0.02720000	0.03720000
0.02520000	0.03630000
0.02320000	0.03540000
0.02120000	0.03460000
0.02120000	0.03380000
0.01910000	0.03300000
0.01810000	0.03230000
0.01710000	0.03160000
0.01710000	0.03090000
0.01810000	0.03030000
0.02010000	0.04670000
0.01910000	0.05930000
0.02120000	0.06920000
0.02220000	0.02850000
0.02120000	0.03330000
0.02010000	0.02720000
0.01910000	0.02600000
0.01910000	0.02550000
0.02120000	0.02500000
0.02120000	0.02440000
0.02220000	0.02390000
0.02220000	0.02340000
0.02220000	0.02290000
0.02220000	0.02240000
0.02320000	0.03610000
0.02720000	0.04980000
0.04840000	0.04050000
0.08970000	0.06930000
0.08870000	0.04420000
0.20150000	0.05920000
0.31230000	0.08370000
0.96720000	1.16080000
0.64480000	0.05710000
0.42310000	0.03460000
0.31230000	0.03220000
0.24180000	0.02920000
0.20150000	0.02690000
0.17130000	0.02500000
0.14100000	0.02350000
0.12090000	0.02220000
0.10070000	0.02120000
0.09370000	0.02030000
0.08360000	0.01960000
0.07560000	0.01900000
0.06950000	0.01840000
0.06550000	0.01790000
0.06150000	0.01740000
0.05740000	0.01700000
0.05540000	0.01650000
0.05240000	0.01620000
0.04940000	0.01580000
0.04740000	0.01540000
0.04940000	0.01580000
0.04940000	0.01530000
0.04740000	0.01490000
0.04530000	0.01620000
0.04330000	0.01380000
0.04230000	0.01350000
0.04030000	0.01320000
0.03830000	0.01290000
0.03730000	0.01270000
0.03530000	0.01240000
0.03530000	0.01220000
0.03430000	0.01190000
0.03320000	0.01160000
0.03320000	0.01210000
0.03630000	0.02220000
0.28210000	0.05440000
0.44330000	0.01140000
0.30220000	0.01090000
0.23170000	0.01100000
0.20150000	0.01000000
0.17130000	0.00980000
0.15110000	0.00960000
0.13100000	0.00940000
0.11080000	0.00920000
0.10070000	0.00900000
0.09470000	0.00880000
0.08770000	0.00870000
0.08260000	0.00850000
0.07560000	0.00830000
0.07150000	0.00810000
0.06750000	0.00790000
0.06350000	0.00780000
0.05940000	0.00760000
0.05540000	0.00750000
0.09370000	0.00810000
2.98220000	0.00790000
10.57870000	0.00770000
14.40720000	3.49100000
5.36990000	0.02480000
6.47820000	0.02080000
3.95950000	0.01800000
4.25160000	0.36940000
6.10540000	1.60640000
4.55390000	0.02730000
2.96200000	0.02280000
2.08550000	0.02010000
1.60190000	0.02270000
1.27950000	0.01960000
1.24930000	0.04830000
1.05790000	0.01440000
0.92690000	0.01670000
0.80600000	0.01450000
0.71530000	0.01350000
0.64480000	0.01280000
0.62460000	0.06460000
0.61460000	0.03340000
0.55410000	0.01410000
0.53400000	0.02840000
0.52390000	0.02280000
0.51380000	0.03890000
0.62460000	0.01220000
0.72540000	0.01570000
0.71530000	0.01350000
0.65490000	0.01850000
0.60450000	0.01080000
0.57430000	0.01020000
0.54400000	0.00970000
0.51380000	0.03180000
0.48360000	0.00890000
0.46340000	0.00860000
0.43320000	0.00830000
0.41310000	0.00810000
0.39290000	0.01110000
0.37280000	0.00770000
0.36270000	0.00750000
0.36270000	0.00800000
0.48360000	0.00790000
0.55410000	0.00770000
0.73550000	0.00760000
1.02760000	0.02060000
1.86390000	0.01510000
2.45830000	0.00640000
2.24670000	0.00620000
1.73290000	0.00610000
1.41050000	0.00600000
1.24930000	0.00580000
1.12840000	0.00570000
1.14850000	0.03030000
1.09820000	0.02920000
5.10800000	0.72940000
6.09530000	2.01970000
7.45550000	2.04470000
24.28060000	6.05140000
16.62370000	1.70450000
7.72750000	0.28200000
5.01730000	0.37580000
3.97960000	0.32390000
4.91660000	0.28300000
6.66960000	0.23760000
5.60170000	0.18100000
4.72520000	0.36330000
4.30200000	2.09940000
4.01990000	1.42010000
12.29140000	12.43000000
24.48210000	13.67570000
12.49290000	9.51610000
26.09410000	14.94390000
21.25810000	15.13660000
15.31390000	8.33460000
10.47800000	4.88870000
8.65440000	4.30660000
7.71740000	3.62520000
6.18600000	3.07410000
5.02740000	2.67200000
4.21130000	2.36200000
3.64710000	2.12210000
3.23410000	1.93470000
3.20380000	1.82630000
4.43300000	1.72260000
6.41770000	2.83240000
7.72750000	5.02770000
7.34460000	2.96480000
6.44800000	2.33720000
5.52110000	2.09460000
4.73520000	1.90520000
4.08040000	1.75600000
3.79830000	1.64840000
3.46580000	1.54110000
3.18370000	1.46250000
2.92170000	1.39710000
2.62960000	1.34170000
2.32730000	1.29390000
2.15600000	1.27370000
2.75050000	1.25850000
2.52880000	1.18090000
2.20640000	1.14980000
2.00490000	1.12100000
1.81350000	1.09400000
1.66240000	1.06830000
1.52130000	1.04390000
1.57170000	1.04500000
1.52130000	1.01680000
1.34000000	0.97620000
1.21910000	0.95500000
1.10820000	0.93450000
1.02760000	0.91450000
0.94700000	0.89510000
0.87650000	0.87610000
0.81610000	0.85750000
0.76570000	0.83940000
0.70520000	0.82170000
0.67500000	0.80440000
0.62460000	0.78740000
0.58430000	0.77080000
0.55410000	0.75460000
0.52390000	0.73880000
0.49370000	0.72320000
0.46340000	0.70800000
0.44330000	0.69320000
0.43320000	0.67860000
0.41310000	0.66430000
0.39290000	0.65040000
0.38280000	0.63670000
0.37280000	0.62730000
0.36270000	0.61030000
0.34250000	0.59740000
0.32240000	0.58490000
0.30220000	0.57260000
0.28210000	0.56060000
0.27200000	0.54880000
0.25190000	0.53730000
0.24180000	0.52600000
0.26190000	0.53370000
0.30220000	0.50460000
0.28210000	0.49360000
0.26190000	0.48320000
0.24180000	0.47300000
0.23170000	0.46310000
0.21160000	0.45340000
0.20150000	0.44390000
0.19140000	0.43450000
0.18130000	0.42540000
0.16120000	0.41650000
0.15110000	0.40770000
0.14100000	0.39920000
0.13100000	0.39080000
0.12090000	0.38260000
0.12090000	0.37460000
0.11080000	0.36670000
0.10070000	0.35900000
0.11080000	0.35240000
0.12090000	0.36010000
0.12090000	0.33680000
0.12090000	0.32980000
0.12090000	0.32280000
0.11080000	0.31610000
0.10070000	0.30940000
0.09770000	0.30290000
0.09170000	0.29660000
0.08660000	0.29030000
0.08260000	0.28420000
0.07350000	0.27830000
0.06850000	0.27240000
0.06450000	0.26670000
0.06040000	0.26110000
0.05740000	0.25560000
0.05340000	0.25030000
0.04940000	0.24500000
0.04530000	0.23990000
0.04430000	0.23480000
0.04130000	0.22990000
0.03930000	0.22510000
0.03730000	0.22030000
0.03530000	0.21570000
0.03320000	0.21120000
0.03730000	0.24600000
0.03630000	0.22290000
0.03530000	0.19820000
0.03320000	0.19400000
0.02920000	0.18990000
0.02620000	0.18590000
0.02420000	0.18200000
0.02120000	0.17820000
0.02010000	0.17450000
0.01810000	0.17080000
0.01810000	0.16720000
0.01710000	0.16370000
0.01610000	0.16030000
0.01510000	0.15690000
0.01310000	0.15360000
0.01210000	0.15040000
0.01110000	0.14720000
0.01110000	0.14410000
0.01110000	0.14110000
0.01010000	0.13810000
0.00880000	0.13520000
0.00790000	0.13240000
0.00720000	0.12960000
0.00660000	0.12690000
0.00610000	0.12420000
0.00590000	0.12160000
0.00540000	0.11910000
0.00490000	0.11660000
0.00430000	0.11410000
0.00480000	0.11170000
0.00400000	0.10940000
0.00290000	0.10710000
0.00200000	0.10480000
0.00160000	0.10260000
0.00090000	0.10050000
0.00040000	0.09840000
0.00020000	0.09630000
0.00000000	0.09430000
0.00000000	0.09230000
0.00000000	0.09040000
0.00000000	0.08850000
0.00000000	0.08660000
0.00000000	0.08480000
0.00000000	0.08300000
0.00000000	0.08130000
0.00000000	0.07960000
0.00000000	0.07790000
0.00000000	0.07620000
0.00000000	0.07460000
0.00000000	0.07310000
0.00000000	0.07150000
0.00000000	0.07000000
0.00000000	0.06860000
0.00000000	0.06710000
0.00000000	0.06570000
0.00000000	0.06430000
0.00000000	0.06300000
0.00000000	0.06170000
0.00000000	0.06040000
0.00000000	0.05910000
0.00000000	0.05790000
0.00000000	0.05660000
0.00000000	0.05550000
0.00000000	0.05430000
0.00000000	0.05320000
0.00000000	0.05200000
0.00000000	0.05090000
0.00000000	0.04990000
0.00000000	0.04880000
0.00000000	0.04780000
0.00000000	0.04680000
0.00000000	0.04580000
0.00000000	0.04490000
0.00000000	0.04390000
0.00000000	0.04300000
0.00000000	0.04210000
0.00000000	0.04120000
0.00000000	0.04030000
0.00000000	0.03950000
0.00000000	0.03870000
0.00000000	0.03780000
0.00000000	0.03710000
0.00000000	0.03630000
0.00000000	0.03550000
0.00000000	0.03480000
0.00000000	0.03400000
0.00000000	0.03330000
0.00000000	0.03260000
0.00000000	0.03190000
0.00000000	0.03130000
0.00000000	0.03060000
0.00000000	0.03230000
0.00000000	0.02930000
0.00000000	0.02870000
0.00000000	0.02810000
0.00000000	0.02750000
0.00000000	0.02700000
0.00000000	0.11390000
0.00000000	0.05170000
0.00000000	0.07760000
0.00000000	0.02480000
0.00000000	0.02420000
0.00000000	0.02370000
0.00000000	0.02320000
0.00000000	0.02270000
0.00000000	0.02230000
0.00000000	0.10720000
0.00470000	0.08230000
0.00060000	0.02090000
0.00000000	0.02050000
0.00000000	0.02000000
0.00000000	0.01960000
0.00000000	0.01920000
0.00000000	0.01880000
0.00000000	0.03870000
0.00000000	0.01880000
0.00000000	0.01840000
0.00000000	0.01750000
0.00000000	0.01690000
0.00180000	0.03350000
0.01410000	0.01620000
0.00720000	0.01590000
0.00220000	0.01850000
0.05840000	0.14560000
0.79590000	0.05690000
0.45340000	0.17240000
2.27690000	5.30100000
4.24160000	3.77250000
1.92430000	0.04920000
1.00750000	0.04370000
0.66490000	0.03780000
0.48360000	0.03320000
0.39290000	0.02970000
0.32240000	0.02700000
0.88660000	1.01370000
5.19870000	11.28660000
17.42970000	14.66680000
10.00440000	12.52600000
49.77030000	21.21200000
16.22070000	9.79670000
16.22070000	10.11660000
28.31060000	16.66700000
14.10490000	7.94990000
9.70220000	4.40550000
7.39500000	3.63740000
6.00470000	3.01910000
5.10800000	2.54860000
4.53370000	3.70310000
4.30200000	4.86060000
3.86880000	2.68390000
3.55650000	2.69760000
3.38520000	4.93680000
5.09790000	3.55440000
14.10490000	5.92710000
10.37720000	4.25940000
7.71740000	3.16150000
7.92900000	2.75030000
15.81770000	12.67470000
20.75440000	8.60930000
19.74690000	3.86340000
16.72440000	3.38870000
12.08990000	4.58280000
11.48540000	8.68930000
9.53090000	6.19170000
7.30430000	4.19780000
5.62180000	3.41930000
4.38260000	3.19450000
3.46580000	2.84670000
2.84110000	2.57520000
2.38780000	2.38110000
2.16610000	2.20350000
1.97470000	2.23650000
1.93440000	2.20290000
1.94450000	4.17400000
1.90420000	3.72930000
2.22660000	2.80370000
3.21390000	2.55600000
3.69750000	2.32460000
3.18370000	2.25310000
2.64970000	2.11470000
2.23660000	1.98020000
1.94450000	1.87100000
1.73290000	1.78090000
1.65230000	1.70530000
1.77320000	1.64080000
1.92430000	1.58490000
1.93440000	1.53540000
1.84370000	1.49100000
1.76310000	1.45060000
1.69260000	1.41330000
2.62960000	1.43170000
5.96440000	2.99950000
4.53370000	2.49700000
4.46320000	2.00480000
3.74790000	1.83050000
3.11320000	1.69210000
2.55900000	1.57980000
2.17620000	1.48970000
1.92430000	1.41570000
1.72280000	1.35380000
1.56160000	1.30130000
1.42060000	1.25580000
1.31980000	1.21590000
1.22910000	1.18010000
1.16870000	1.14770000
1.15860000	1.14850000
1.09820000	1.10090000
1.01760000	1.06390000
0.94700000	1.03910000
0.88660000	1.01540000
0.83620000	0.99270000
0.77580000	0.97090000
0.72540000	0.94970000
0.70520000	0.92920000
0.66490000	0.90920000
0.64480000	0.88980000
0.61460000	0.87090000
0.65490000	0.88590000
0.62460000	0.84320000
0.61460000	0.81670000
0.59440000	0.79950000
0.60450000	0.78550000
0.58430000	0.76620000
0.55410000	0.75000000
0.53400000	0.73430000
0.50370000	0.71880000
0.49370000	0.70370000
0.49370000	0.68890000
0.49370000	0.67450000
0.48360000	0.66030000
0.48360000	0.64640000
0.49370000	0.63280000
1.24930000	0.79170000
1.52130000	0.87380000
1.72280000	0.59740000
1.62210000	0.67100000
1.54150000	0.64000000
1.64220000	0.61390000
1.80340000	0.59150000
1.65230000	0.57190000
1.43060000	0.55450000
1.23920000	0.53880000
1.09820000	0.52450000
0.98730000	0.51120000
0.88660000	0.49870000
0.84630000	0.48700000
2.17620000	0.55180000
2.21650000	0.47490000
1.72280000	0.45480000
1.47090000	0.44480000
1.30970000	0.43520000
1.19890000	0.42580000
1.10820000	0.42170000
1.01760000	0.41280000
0.93700000	0.39910000
0.86640000	0.39810000
0.80600000	0.38240000
0.90670000	0.44300000
1.48100000	0.37960000
1.22910000	0.35870000
1.11830000	0.35120000
1.94450000	0.41450000
3.19380000	0.38400000
2.92170000	0.34180000
2.93180000	0.33600000
3.61690000	0.34760000
3.16350000	0.30910000
2.70010000	0.30270000
2.37770000	0.29630000
2.13590000	0.29010000
1.91420000	0.28400000
1.73290000	0.27800000
1.60190000	0.27220000
1.47090000	0.26650000
1.32990000	0.26090000
1.21910000	0.25540000
1.12840000	0.25000000
1.03770000	0.24480000
0.95710000	0.23960000
0.85640000	0.23460000
0.77580000	0.22970000
0.71530000	0.22490000
0.65490000	0.22010000
0.60450000	0.21550000
0.56420000	0.21100000
0.52390000	0.20660000
0.49370000	0.20220000
0.46340000	0.19800000
0.43320000	0.19380000
0.40300000	0.18970000
0.38280000	0.18580000
0.36270000	0.18190000
0.34250000	0.17800000
0.35260000	0.20590000
0.38280000	0.21910000
0.36270000	0.17090000
0.35260000	0.21870000
0.32240000	0.16010000
0.30220000	0.15670000
0.28210000	0.15350000
0.26190000	0.15020000
0.25190000	0.14710000
0.23170000	0.14400000
0.23170000	0.14400000
0.22160000	0.13800000
0.22160000	0.13510000
0.21160000	0.13230000
0.19140000	0.12950000
0.18130000	0.12680000
0.18130000	0.12410000
0.18130000	0.12150000
0.17130000	0.11900000
0.17130000	0.11650000
0.16120000	0.11400000
0.18130000	0.14030000
0.22160000	0.12890000
0.20150000	0.10700000
0.18130000	0.10470000
0.16120000	0.10250000
0.15110000	0.10040000
0.14100000	0.09830000
0.13100000	0.09620000
0.12090000	0.09420000
0.11080000	0.09220000
0.10070000	0.09030000
0.09570000	0.08840000
0.08970000	0.08650000
0.08360000	0.08470000
0.07660000	0.08290000
0.07460000	0.08120000
0.07350000	0.07950000
0.07250000	0.07780000
0.07150000	0.07620000
0.06850000	0.07460000
0.06750000	0.07300000
0.06650000	0.07150000
0.06550000	0.07000000
0.06350000	0.06850000
0.06250000	0.06710000
0.06040000	0.06570000
0.05740000	0.06430000
0.05640000	0.06420000
0.05340000	0.07970000
0.07460000	0.10950000
0.18130000	0.11030000
0.17130000	0.05780000
0.13100000	0.05660000
0.10070000	0.05540000
0.08260000	0.05420000
0.07050000	0.05310000
0.06350000	0.05200000
0.05640000	0.05090000
0.05140000	0.04980000
0.04630000	0.04880000
0.04330000	0.04780000
0.04130000	0.04680000
0.03830000	0.04580000
0.03630000	0.04480000
0.03530000	0.04390000
0.03430000	0.04290000
0.03220000	0.04200000
0.03220000	0.04120000
0.03020000	0.04030000
0.03020000	0.03950000
0.02820000	0.03860000
0.02720000	0.03780000
0.02620000	0.03700000
0.02520000	0.03620000
0.02420000	0.03550000
0.02320000	0.03470000
0.02220000	0.03400000
0.02010000	0.03330000
0.02010000	0.03260000
0.01910000	0.03190000
0.01910000	0.03120000
0.01810000	0.03060000
0.01710000	0.02990000
0.01610000	0.02930000
0.01610000	0.02870000
0.01510000	0.02810000
0.01510000	0.02750000
0.01410000	0.02690000
0.01410000	0.02640000
0.01410000	0.02580000
0.01310000	0.02530000
0.01310000	0.02470000
0.01110000	0.02420000
0.01110000	0.02370000
0.01110000	0.02320000
0.01110000	0.02270000
0.01110000	0.02220000
0.00990000	0.02180000
0.00910000	0.02130000
0.00840000	0.02090000
0.00780000	0.02040000
0.00730000	0.02000000
0.00650000	0.01960000
0.00570000	0.01920000
0.00450000	0.01880000
0.00400000	0.01840000
0.00460000	0.01800000
0.00540000	0.01760000
0.00300000	0.01720000
0.00210000	0.01690000
0.00160000	0.04800000
0.00110000	0.01620000
0.00090000	0.01580000
0.00040000	0.01550000
0.00010000	0.01520000
0.00000000	0.01490000
0.00000000	0.01460000
0.00000000	0.01420000
0.00000000	0.01390000
0.00000000	0.01370000
0.00000000	0.01340000
0.00000000	0.01310000
0.00000000	0.01280000
0.00000000	0.01250000
0.00000000	0.01230000
0.00000000	0.01200000
0.00000000	0.01180000
0.00000000	0.01150000
0.00000000	0.01130000
0.00000000	0.01100000
0.00000000	0.01080000
0.00000000	0.01060000
0.00000000	0.01040000
0.00000000	0.01010000
0.00000000	0.00990000
0.00000000	0.00970000
0.00000000	0.00950000
0.00000000	0.08840000
0.00000000	0.05020000
0.00000000	0.00890000
0.00000000	0.00870000
0.00000000	0.00990000
0.00000000	0.00840000
0.00000000	0.00820000
0.00000000	0.00800000
0.00370000	0.05330000
0.04940000	0.09200000
0.01710000	0.00750000
0.01210000	0.00740000
0.01000000	0.00720000
0.00900000	0.00710000
0.00810000	0.00690000
0.00720000	0.00680000
0.00680000	0.00660000
0.00600000	0.00650000
0.00550000	0.00640000
0.00480000	0.00620000
0.00390000	0.00610000
0.00290000	0.00600000
0.00190000	0.00580000
0.00130000	0.00570000
0.00070000	0.00560000
0.00040000	0.00550000
0.00010000	0.00540000
0.00000000	0.00530000
0.00000000	0.00510000
0.00000000	0.00500000
0.00000000	0.00490000
0.00000000	0.00480000
0.00000000	0.00470000
0.00000000	0.00460000
0.00000000	0.00450000
0.00000000	0.00440000
0.00000000	0.00430000
0.00000000	0.00420000
0.00000000	0.00420000
0.00000000	0.00410000
0.00000000	0.00400000
0.00000000	0.00390000
0.00000000	0.00380000
0.00000000	0.00370000
0.00000000	0.00370000
0.00000000	0.00360000
0.00000000	0.00350000
0.00000000	0.00340000
0.00000000	0.00340000
0.00000000	0.00330000
0.00000000	0.00320000
0.00000000	0.00320000
0.00000000	0.00310000
0.00000000	0.00300000
0.00000000	0.00300000
0.00000000	0.00290000
0.00000000	0.00280000
0.00000000	0.00280000
0.00000000	0.00270000
0.00430000	0.12850000
0.01810000	0.06850000
0.01210000	0.02940000
0.00840000	0.00250000
0.00660000	0.00240000
0.00580000	0.00240000
0.00520000	0.00230000
0.00490000	0.00230000
0.00460000	0.00220000
0.00450000	0.00220000
0.00440000	0.00220000
0.00500000	0.00210000
0.00710000	0.00210000
0.01010000	0.00200000
0.01310000	0.00200000
0.01610000	0.00190000
0.01710000	0.00190000
0.01910000	0.00190000
0.01910000	0.00260000
0.01910000	0.00230000
0.01910000	0.00510000
0.01910000	0.00170000
0.01910000	0.00170000
0.01910000	0.00160000
0.01910000	0.00160000
0.01910000	0.00160000
0.01910000	0.00150000
0.01910000	0.00150000
0.01910000	0.00150000
0.01910000	0.00140000
0.01910000	0.00140000
0.01910000	0.00140000
0.01910000	0.00140000
0.02010000	0.00130000
0.02010000	0.00130000
0.02010000	0.00130000
0.02010000	0.00120000
0.02010000	0.00120000
0.02010000	0.00120000
0.02010000	0.00120000
0.02010000	0.00110000
0.02010000	0.00110000
0.02010000	0.00110000
0.02010000	0.00110000
0.02010000	0.00100000
0.02010000	0.00100000
0.02010000	0.00100000
0.02010000	0.00100000
0.02010000	0.00100000
0.02010000	0.00090000
0.02010000	0.00140000
0.02010000	0.02840000
0.02010000	0.00090000
0.02220000	0.07450000
0.02220000	0.04720000
0.02220000	0.00080000
0.02220000	0.00080000
0.02220000	0.00080000
0.02720000	0.00080000
0.02920000	0.00080000
0.02920000	0.00070000
0.02820000	0.00070000
0.02720000	0.00070000
0.02620000	0.00070000
0.02520000	0.00070000
0.02520000	0.00070000
0.02720000	0.00070000
0.02620000	0.00060000
0.02520000	0.00060000
0.02520000	0.00060000
0.02520000	0.01520000
0.03630000	0.03830000
0.29220000	0.02550000
0.19140000	0.00060000
0.13100000	0.00060000
0.10070000	0.00050000
0.08160000	0.00050000
0.06850000	0.00050000
0.06040000	0.00050000
0.06950000	0.07260000
0.63470000	0.12970000
4.99720000	4.11190000
7.36480000	4.61000000
7.29430000	0.98550000
2.37770000	0.03520000
1.42060000	0.03090000
3.02250000	0.08610000
4.13070000	0.05310000
3.96950000	0.05010000
5.61170000	0.19530000
2.94190000	0.02540000
1.89410000	0.02420000
1.59180000	0.03760000
1.26940000	0.01820000
0.99740000	0.01620000
0.79590000	0.01470000
0.63470000	0.01340000
0.53400000	0.01250000
0.44330000	0.01170000
0.42310000	0.05690000
2.75050000	0.33610000
3.15350000	1.46230000
2.22660000	0.05560000
1.73290000	0.04960000
9.01710000	6.53360000
13.09740000	7.59740000
7.79800000	6.66720000
10.88090000	7.36550000
7.23380000	3.09100000
4.42290000	1.38970000
5.03750000	4.98400000
16.01920000	9.97110000
8.10030000	3.80650000
4.80580000	2.92740000
3.20380000	2.38690000
2.26690000	1.97710000
1.66240000	1.66540000
1.23920000	1.42750000
1.00750000	1.24550000
0.80600000	1.10460000
0.65490000	0.99540000
0.54400000	0.91000000
0.45340000	0.84240000
0.38280000	0.78830000
0.32240000	0.74440000
0.27200000	0.70830000
0.31230000	0.72160000
1.55150000	0.71110000
3.84860000	0.68000000
7.16330000	0.87240000
27.50460000	7.37700000
11.98920000	3.98820000
8.40250000	3.47230000
7.12300000	4.13470000
5.83340000	3.02760000
4.63450000	2.41200000
3.79830000	2.23050000
3.10310000	1.90860000
2.53890000	1.66740000
2.15600000	1.48140000
1.87390000	1.33680000
1.63210000	1.22360000
1.41050000	1.13390000
1.23920000	1.06200000
1.09820000	1.00360000
0.97730000	0.95550000
0.86640000	0.91510000
0.78580000	0.88060000
0.72540000	0.85060000
0.67500000	0.82410000
0.62460000	0.80030000
0.57430000	0.77870000
0.52390000	0.75870000
0.49370000	0.74000000
0.48360000	0.73910000
0.46340000	0.70570000
0.47350000	0.70470000
0.52390000	0.68410000
0.48360000	0.66950000
0.44330000	0.65520000
0.41310000	0.63130000
0.38280000	0.61770000
0.35260000	0.60450000
0.33250000	0.59170000
0.30220000	0.57910000
0.29220000	0.56690000
0.28210000	0.55490000
0.28210000	0.54320000
0.28210000	0.53180000
0.27200000	0.52060000
0.26190000	0.50960000
0.28210000	0.51500000
0.27200000	0.49040000
0.25190000	0.47820000
0.23170000	0.46810000
0.21160000	0.45830000
0.20150000	0.44860000
0.19140000	0.43920000
0.18130000	0.43000000
0.17130000	0.42100000
0.16120000	0.41210000
0.15110000	0.40350000
0.15110000	0.44380000
0.15110000	0.38670000
0.14100000	0.37860000
0.13100000	0.37060000
0.13100000	0.36280000
0.12090000	0.35520000
0.11080000	0.34780000
0.11080000	0.34050000
0.10070000	0.33330000
0.09970000	0.32630000
0.09570000	0.31950000
0.09170000	0.31270000
0.08660000	0.30620000
0.07860000	0.29980000
0.07350000	0.29350000
0.06950000	0.28730000
0.06550000	0.28130000
0.06150000	0.27540000
0.05640000	0.26960000
0.05340000	0.26390000
0.04940000	0.25840000
0.04740000	0.25290000
0.04740000	0.24760000
0.04630000	0.24240000
0.04230000	0.23730000
0.03930000	0.23240000
0.03730000	0.22750000
0.03630000	0.22270000
0.03530000	0.21800000
0.03430000	0.21340000
0.03120000	0.20900000
0.03120000	0.20460000
0.03120000	0.20030000
0.03120000	0.19610000
0.03120000	0.19200000
0.02920000	0.18790000
0.03020000	0.18400000
0.02920000	0.18010000
0.02920000	0.17630000
0.02920000	0.17260000
0.02620000	0.16900000
0.02320000	0.16550000
0.02120000	0.16200000
0.02220000	0.15860000
0.02010000	0.15520000
0.01910000	0.15200000
0.01810000	0.14880000
0.01610000	0.14570000
0.01510000	0.14260000
0.01510000	0.13960000
0.01210000	0.13670000
0.01110000	0.13380000
0.00950000	0.13100000
0.00860000	0.12830000
0.00760000	0.12560000
0.00650000	0.12290000
0.00550000	0.12030000
0.00450000	0.11780000
0.00350000	0.11530000
0.00270000	0.11290000
0.00150000	0.11050000
0.00080000	0.10820000
0.00030000	0.10600000
0.00030000	0.10370000
0.00000000	0.10150000
0.00000000	0.09940000
0.00000000	0.09730000
0.00000000	0.09530000
0.00000000	0.09330000
0.00000000	0.09130000
0.00000000	0.08940000
0.00000000	0.08750000
0.00000000	0.08570000
0.00000000	0.08390000
0.00000000	0.08210000
0.00000000	0.08040000
0.00000000	0.07870000
0.00000000	0.08480000
0.00000000	0.07540000
0.00000000	0.07390000
0.00000000	0.07230000
0.00000000	0.07080000
0.00000000	0.06930000
0.00000000	0.06780000
0.00000000	0.06640000
0.00000000	0.06500000
0.00000000	0.06370000
0.00000000	0.06230000
0.00000000	0.06100000
0.00000000	0.05970000
0.00000000	0.05850000
0.00000000	0.05730000
0.00000000	0.05610000
0.00000000	0.05490000
0.00000000	0.05370000
0.00000000	0.05260000
0.00000000	0.05150000
0.00000000	0.05040000
0.00000000	0.04940000
0.00000000	0.04830000
0.00000000	0.04730000
0.00000000	0.04630000
0.00000000	0.04530000
0.00000000	0.04440000
0.00000000	0.04340000
0.00000000	0.04250000
0.00000000	0.04160000
0.00000000	0.04080000
0.00000000	0.03990000
0.00000000	0.03910000
0.00000000	0.03830000
0.00000000	0.03750000
0.00000000	0.03670000
0.00000000	0.03590000
0.00000000	0.03510000
0.00000000	0.03440000
0.00000000	0.03370000
0.00000000	0.03300000
0.00000000	0.03230000
0.00000000	0.03160000
0.00000000	0.03090000
0.00000000	0.06600000
0.00000000	0.02970000
0.00000000	0.02900000
0.00000000	0.02840000
0.00000000	0.02780000
0.00000000	0.02720000
0.00000000	0.13310000
0.00000000	0.13320000
0.00000000	0.02590000
0.00000000	0.02500000
0.00000000	0.02450000
0.00000000	0.02400000
0.00000000	0.02350000
0.00000000	0.02300000
0.00000000	0.02250000
0.00000000	0.02200000
0.00000000	0.02160000
0.00000000	0.02110000
0.00000000	0.02070000
0.00000000	0.02020000
0.00000000	0.01980000
0.00000000	0.01940000
0.00000000	0.01900000
0.00000000	0.01860000
0.00000000	0.01820000
0.00000000	0.01780000
0.00000000	0.01740000
0.00000000	0.08500000
0.00000000	0.01670000
0.00000000	0.01640000
0.00000000	0.01600000
0.00000000	0.01570000
0.00000000	0.05220000
0.00000000	0.04510000
0.00000000	0.01470000
0.04030000	0.19060000
0.04230000	1.83390000
0.27200000	1.34160000
1.18880000	0.06960000
0.46340000	0.03330000
0.29220000	0.03110000
0.21160000	0.02750000
0.17130000	0.02470000
0.33250000	0.12070000
0.57430000	0.04680000
0.35260000	0.02660000
0.26190000	0.02500000
0.21160000	0.02280000
0.17130000	0.02110000
0.15110000	0.01970000
0.14100000	0.01850000
0.12090000	0.01760000
0.11080000	0.01690000
0.10070000	0.01620000
0.09170000	0.01560000
0.08360000	0.07530000
0.09770000	0.07470000
0.13100000	0.03450000
0.13100000	0.01950000
0.12090000	0.01880000
0.11080000	0.01740000
0.10070000	0.01640000
0.15110000	0.08040000
0.38280000	0.87260000
0.72540000	1.23420000
7.43530000	4.92690000
2.99230000	0.04130000
1.48100000	0.03800000
0.92690000	0.03290000
0.67500000	0.02890000
0.52390000	0.02590000
0.48360000	0.07400000
3.11320000	3.09530000
3.45570000	0.85580000
2.21650000	0.06430000
1.64220000	0.05590000
4.49340000	4.28440000
5.97440000	2.66660000
3.95950000	4.83590000
7.98940000	4.58560000
4.45310000	2.42220000
5.25910000	6.35890000
4.77550000	5.33070000
5.94420000	8.52050000
25.99340000	24.78810000
12.69440000	17.14890000
6.83080000	6.60370000
4.50350000	4.93140000
3.69750000	5.61030000
3.65720000	7.97210000
5.42030000	9.82220000
6.35730000	8.54240000
10.67940000	12.23280000
11.78770000	11.13710000
12.99670000	10.96280000
9.35960000	6.75040000
6.53860000	4.84110000
5.18860000	4.20510000
4.27180000	3.67870000
3.36500000	3.30810000
2.73030000	3.18020000
2.29710000	2.87970000
2.00490000	2.64370000
1.77320000	2.45640000
1.53140000	2.30580000
