0.06930000	0.06010000
0.06800000	0.05900000
0.06680000	0.05790000
0.06560000	0.05680000
0.06560000	0.05570000
0.06430000	0.05460000
0.06180000	0.05360000
0.06180000	0.05260000
0.06180000	0.05160000
0.05940000	0.05060000
0.06060000	0.05680000
0.08780000	0.15130000
0.13240000	0.08970000
0.17810000	0.11410000
0.17690000	0.05870000
0.14840000	0.04510000
0.12860000	0.04420000
0.12000000	0.04340000
0.11630000	0.04260000
0.11380000	0.04180000
0.11260000	0.04100000
0.11380000	0.04020000
0.11130000	0.03940000
0.11130000	0.03870000
0.12120000	0.09920000
0.12370000	0.03720000
0.12370000	0.03650000
0.12370000	0.03580000
0.12000000	0.03510000
0.12120000	0.03450000
0.12120000	0.03380000
0.12370000	0.03320000
0.12740000	0.07270000
0.13240000	0.03190000
0.13480000	0.03130000
0.13480000	0.03070000
0.13110000	0.03010000
0.15340000	0.06600000
0.19910000	0.06220000
0.20290000	0.03040000
0.17690000	0.02790000
0.16200000	0.02740000
0.15590000	0.02690000
0.14970000	0.02640000
0.14840000	0.02590000
0.14840000	0.02540000
0.14840000	0.02490000
0.14840000	0.02440000
0.14840000	0.02390000
0.14840000	0.02350000
0.14470000	0.02300000
0.15090000	0.02260000
0.18930000	0.07880000
0.22760000	0.03140000
0.21030000	0.02590000
0.18800000	0.02180000
0.17070000	0.02050000
0.16080000	0.02020000
0.15460000	0.01980000
0.17320000	0.03520000
0.20410000	0.09060000
0.25360000	0.01940000
1.00190000	0.01910000
4.32930000	0.45580000
5.31890000	0.03630000
2.41210000	0.04430000
1.08110000	0.02110000
0.73970000	0.01780000
0.57520000	0.01700000
0.46260000	0.01650000
0.42670000	0.01620000
0.38720000	0.01580000
0.37230000	0.01550000
0.36240000	0.01510000
0.34140000	0.01480000
0.34140000	0.01450000
0.33400000	0.01670000
0.32780000	0.03100000
0.30920000	0.01680000
0.29810000	0.01440000
0.28700000	0.01300000
0.34260000	0.08770000
0.55170000	0.06260000
0.48860000	0.01220000
0.42670000	0.01200000
0.53310000	0.07340000
0.56530000	0.24970000
0.54670000	0.47310000
0.59870000	0.62230000
0.56400000	0.83730000
0.51700000	0.85780000
0.47750000	0.86470000
0.44530000	0.71910000
0.41560000	0.69540000
0.41930000	0.63890000
0.48860000	0.94830000
0.45400000	1.21350000
0.42060000	1.28220000
0.40080000	1.09850000
0.38220000	0.95810000
0.36740000	0.85030000
0.35380000	0.76690000
0.33650000	0.70190000
0.32530000	0.65080000
0.31790000	0.61010000
0.30430000	0.57720000
0.29810000	0.55030000
0.30800000	0.84910000
0.38350000	2.73100000
0.50100000	2.25820000
0.60240000	2.27650000
1.01060000	2.49210000
1.42250000	2.68550000
5.64050000	8.69520000
7.05060000	9.23200000
3.55000000	4.93820000
2.39970000	4.45050000
2.10280000	3.92060000
4.73750000	3.41190000
7.74330000	3.08720000
5.83840000	2.78010000
3.95820000	2.54090000
2.98110000	2.35300000
2.49860000	2.20350000
2.20180000	2.08300000
1.95440000	2.01090000
1.79360000	1.93740000
1.69460000	2.24690000
1.59570000	2.53990000
1.49670000	2.55830000
1.43490000	2.51090000
1.41010000	2.31610000
1.43490000	2.16330000
1.63280000	2.07670000
2.01620000	1.94400000
6.80320000	3.64110000
15.70930000	12.83930000
7.27330000	5.30560000
5.43020000	4.87470000
5.51680000	6.78880000
4.50250000	4.86470000
4.15620000	4.64590000
3.83450000	4.10120000
3.35210000	3.76670000
3.00580000	3.45980000
2.74600000	3.19150000
2.70890000	3.04090000
2.54810000	2.81120000
2.63470000	4.13810000
2.59760000	4.02120000
2.51100000	3.95960000
2.44920000	3.73480000
2.37490000	3.41420000
2.31310000	3.16200000
2.54810000	3.05950000
2.52340000	3.13980000
2.39970000	3.27690000
2.28840000	3.07260000
2.16470000	2.86030000
2.06570000	2.71090000
1.96680000	2.58810000
1.88020000	2.48540000
1.79360000	2.39810000
1.83070000	2.36280000
1.74410000	2.25570000
1.90490000	2.23880000
2.37490000	2.16490000
2.12760000	2.09130000
2.04100000	2.04450000
2.05330000	2.02670000
2.16470000	1.96410000
2.62230000	2.11240000
3.30270000	3.37520000
3.14190000	2.98840000
2.84500000	2.94790000
3.51290000	2.88780000
4.56430000	3.13030000
4.05720000	3.05450000
3.72320000	2.85820000
3.52530000	2.77240000
3.19130000	2.57180000
2.86970000	2.40320000
2.74600000	2.28620000
2.49860000	2.17370000
2.26360000	2.08520000
2.04100000	2.01130000
1.91730000	1.94730000
1.83070000	1.89110000
1.74410000	1.84070000
1.65750000	1.79490000
1.59570000	1.75320000
1.52140000	1.71320000
1.44720000	1.67610000
1.39780000	1.64080000
1.33590000	1.60710000
1.29880000	1.57460000
1.24930000	1.54320000
1.21590000	1.51280000
1.18250000	1.48330000
1.15160000	1.45450000
1.34830000	1.50900000
1.58330000	1.45430000
1.36060000	1.37210000
1.27410000	1.34580000
1.21720000	1.32010000
1.17390000	1.29490000
1.13180000	1.27030000
1.10460000	1.28790000
1.05260000	1.22230000
0.99820000	1.19910000
0.96610000	1.17630000
0.94260000	1.15390000
0.89800000	1.13200000
0.86460000	1.11040000
0.83870000	1.08940000
0.81760000	1.06860000
0.79040000	1.04830000
0.76570000	1.02840000
0.75080000	1.00890000
0.72980000	0.98970000
0.71120000	0.97090000
0.69270000	0.95240000
0.67410000	0.93430000
0.65430000	0.91660000
0.63330000	0.89920000
0.62220000	0.88210000
0.61230000	0.86710000
0.60730000	0.86220000
0.61350000	0.83690000
0.88190000	0.98780000
0.84240000	0.88680000
0.72240000	0.82730000
0.66920000	0.77120000
0.63210000	0.75660000
0.60360000	0.74220000
0.59000000	0.73350000
0.61350000	0.75030000
0.59990000	0.72060000
0.60240000	0.68740000
0.55420000	0.67430000
0.51830000	0.66150000
0.50220000	0.64900000
0.48240000	0.63660000
0.46880000	0.62450000
0.45150000	0.61270000
0.43790000	0.60100000
0.42180000	0.58960000
0.40820000	0.57840000
0.39090000	0.56740000
0.38220000	0.55660000
0.38470000	0.55410000
0.38590000	0.53570000
0.36980000	0.52550000
0.35500000	0.51550000
0.35010000	0.50670000
0.35010000	0.49850000
0.34260000	0.48670000
0.32900000	0.47740000
0.31540000	0.46840000
0.29690000	0.45950000
0.28450000	0.45070000
0.28080000	0.44220000
0.26970000	0.43380000
0.25480000	0.42550000
0.24620000	0.41740000
0.23750000	0.40950000
0.23500000	0.40170000
0.22510000	0.39410000
0.21770000	0.38660000
0.20900000	0.37930000
0.20530000	0.37210000
0.19540000	0.36500000
0.18430000	0.35810000
0.17810000	0.35130000
0.17320000	0.34460000
0.16700000	0.33800000
0.16200000	0.33160000
0.15460000	0.33020000
0.15710000	0.31910000
0.16200000	0.31310000
0.15960000	0.30710000
0.14970000	0.30130000
0.14600000	0.29560000
0.14220000	0.28990000
0.13850000	0.28440000
0.13610000	0.27900000
0.13240000	0.27370000
0.12860000	0.26850000
0.12490000	0.26340000
0.12000000	0.25840000
0.11630000	0.25350000
0.11260000	0.24870000
0.10890000	0.24400000
0.10390000	0.23930000
0.10140000	0.23480000
0.10020000	0.23030000
0.09770000	0.22590000
0.09400000	0.22170000
0.09030000	0.21740000
0.08910000	0.21330000
0.08660000	0.20930000
0.08290000	0.20530000
0.08160000	0.20140000
0.07920000	0.19760000
0.07670000	0.19380000
0.07670000	0.19010000
0.07550000	0.18650000
0.07670000	0.18300000
0.07670000	0.17950000
0.07550000	0.17610000
0.07300000	0.17270000
0.06930000	0.16950000
0.06560000	0.16620000
0.06310000	0.16310000
0.05810000	0.16000000
0.05570000	0.15690000
0.05440000	0.15400000
0.05440000	0.15100000
0.05320000	0.14820000
0.05200000	0.14530000
0.05070000	0.14260000
0.05070000	0.13990000
0.04820000	0.13720000
0.04820000	0.13460000
0.04950000	0.13210000
0.05070000	0.12950000
0.05070000	0.12710000
0.04950000	0.12470000
0.04820000	0.12230000
0.05070000	0.12000000
0.05200000	0.11770000
0.05070000	0.11550000
0.05070000	0.11330000
0.05070000	0.11110000
0.04820000	0.10900000
0.04700000	0.10690000
0.04700000	0.10490000
0.04700000	0.10290000
0.04700000	0.10100000
0.04580000	0.09900000
0.04700000	0.09720000
0.04580000	0.09530000
0.04330000	0.09350000
0.04080000	0.09170000
0.04080000	0.09000000
0.04080000	0.08830000
0.03830000	0.08660000
0.03830000	0.08490000
0.03830000	0.08330000
0.03710000	0.08170000
0.03710000	0.08020000
0.03710000	0.07870000
0.03710000	0.07720000
0.03710000	0.07570000
0.03710000	0.07430000
0.03830000	0.07290000
0.03830000	0.07150000
0.04080000	0.07010000
0.04210000	0.06880000
0.04700000	0.09180000
0.06060000	0.06990000
0.11500000	0.18670000
0.16450000	0.10080000
0.13480000	0.06250000
0.11130000	0.06130000
0.09650000	0.06010000
0.09030000	0.06550000
0.08910000	0.06310000
0.08780000	0.05680000
0.08660000	0.05570000
0.09520000	0.05460000
0.16700000	0.15570000
0.20290000	0.05960000
0.17560000	0.07030000
0.21030000	0.14910000
0.22270000	0.06240000
0.19910000	0.04870000
0.16580000	0.04780000
0.14720000	0.04690000
0.13610000	0.04600000
0.12990000	0.04510000
0.12370000	0.04420000
0.12000000	0.04340000
0.11750000	0.04260000
0.11630000	0.04180000
0.11500000	0.04100000
0.11380000	0.04020000
0.11260000	0.03940000
0.11130000	0.03870000
0.11130000	0.03800000
0.10890000	0.03720000
0.13110000	0.09090000
0.64450000	0.28100000
1.06380000	0.15840000
0.69150000	0.06580000
0.47620000	0.03380000
0.38720000	0.03320000
0.33150000	0.03260000
0.28940000	0.03190000
0.25850000	0.03130000
0.23630000	0.03070000
0.21770000	0.03010000
0.20410000	0.02960000
0.19540000	0.02900000
0.18800000	0.02850000
0.18550000	0.06910000
0.20160000	0.02740000
0.35010000	0.24690000
0.88940000	0.21150000
3.20370000	6.44340000
9.26480000	13.84920000
13.60650000	21.09860000
10.14300000	16.19990000
5.09620000	7.48290000
2.84500000	6.48450000
1.99150000	5.52600000
2.57290000	7.14910000
3.14190000	5.52630000
5.62810000	12.28260000
6.35790000	9.34940000
4.49010000	6.41020000
3.72320000	5.83130000
3.50060000	5.22940000
2.99340000	4.67330000
2.59760000	4.24200000
2.21410000	3.90450000
2.01620000	3.66530000
2.04100000	3.55410000
2.07810000	3.57010000
2.00390000	3.49580000
1.85540000	3.29880000
2.43680000	3.35170000
3.33980000	7.44250000
2.61000000	4.87200000
2.74600000	4.59720000
4.04480000	6.74980000
3.15420000	5.15000000
3.15420000	5.14160000
4.51490000	8.95670000
5.78890000	9.06080000
5.88790000	8.21840000
5.00970000	6.39450000
4.00770000	5.99610000
10.01930000	9.35130000
43.78810000	26.95580000
34.51090000	25.42010000
19.04900000	13.39840000
10.69960000	9.77520000
7.12480000	8.62160000
5.55390000	7.70360000
4.79940000	7.12480000
4.61380000	6.61920000
4.70040000	6.05090000
4.45300000	5.60180000
5.73950000	5.33120000
6.81560000	5.24980000
6.13530000	5.23360000
6.14760000	5.30160000
5.54150000	5.36210000
4.91070000	5.01730000
4.68800000	4.73980000
4.36640000	4.51310000
3.99540000	4.32480000
3.68610000	4.16580000
3.43870000	4.02900000
3.31500000	3.90920000
3.22840000	3.80250000
3.25320000	3.70600000
3.25320000	3.61730000
3.12950000	3.53490000
3.00580000	3.45750000
2.93160000	3.38410000
2.84500000	3.31410000
2.80790000	3.25040000
2.85740000	3.18340000
2.78310000	3.11930000
2.72130000	3.05800000
2.62230000	2.99860000
2.43680000	2.94060000
2.47390000	2.88390000
3.17900000	2.82860000
3.29030000	2.77860000
3.26560000	4.04420000
2.95630000	3.78550000
2.78310000	3.75330000
2.70890000	3.53310000
2.62230000	3.30520000
2.58520000	3.12190000
2.57290000	2.97470000
2.52340000	2.84910000
2.64710000	2.75970000
2.65940000	2.66390000
2.58520000	2.57610000
2.48630000	2.50630000
2.38730000	2.44180000
2.31310000	2.38290000
2.21410000	2.33190000
2.13990000	2.27860000
2.04100000	2.22880000
1.92960000	2.18230000
3.53770000	2.15600000
14.34860000	12.49840000
16.69880000	15.03170000
23.13100000	26.06170000
12.30770000	15.14400000
8.51020000	8.62520000
10.72440000	10.26470000
8.57210000	7.72850000
7.45880000	6.99880000
6.24660000	6.25010000
5.44260000	5.79500000
4.84880000	5.40790000
4.39120000	4.94840000
3.95820000	4.58680000
6.84030000	4.30080000
11.10780000	4.06670000
7.94120000	13.60690000
6.44450000	8.39450000
5.64050000	6.80470000
5.09620000	6.17260000
4.67570000	5.86030000
4.41590000	5.31250000
4.31700000	4.88410000
4.20560000	4.57060000
4.18090000	4.30360000
4.39120000	4.11690000
4.87360000	4.76990000
4.41590000	4.57600000
4.02010000	4.44460000
3.80980000	4.18310000
3.55000000	3.94510000
3.42640000	3.80980000
3.25320000	3.60260000
3.08000000	3.59140000
2.90680000	3.45070000
2.72130000	3.33310000
2.59760000	3.23160000
2.47390000	3.14160000
2.38730000	3.06040000
2.28840000	2.98620000
2.23890000	2.91990000
2.20180000	2.85750000
2.13990000	2.80210000
2.28840000	2.74120000
2.28840000	2.67870000
2.46150000	2.62500000
3.46350000	2.57300000
3.22840000	2.52250000
3.27790000	2.48370000
4.08190000	2.42830000
3.97060000	2.37920000
3.66140000	2.33710000
3.37690000	2.29030000
3.09240000	2.24490000
2.91920000	2.20180000
2.94390000	2.15980000
4.31700000	2.34630000
16.32780000	14.09390000
13.60650000	27.54710000
12.07260000	19.35480000
14.10120000	16.24970000
9.49980000	9.98540000
7.39700000	8.25950000
6.38270000	7.18940000
6.06110000	6.32940000
5.86310000	5.66660000
5.90030000	5.15200000
5.99920000	4.74890000
6.12290000	4.42980000
6.28370000	4.17400000
6.03630000	3.96590000
5.59100000	3.79400000
5.25700000	3.64950000
4.86120000	3.52580000
4.58910000	3.41810000
4.27990000	3.32260000
4.04480000	3.23650000
3.88400000	3.15790000
3.68610000	3.08500000
3.48820000	3.01670000
3.30270000	2.95210000
3.12950000	2.89060000
3.01820000	2.83160000
2.95630000	2.77470000
2.83260000	2.71970000
2.65940000	2.66630000
2.51100000	2.61440000
2.36260000	2.56370000
2.23890000	2.51430000
2.12760000	2.46600000
2.05330000	2.41870000
1.96680000	2.37250000
1.90490000	2.32720000
1.85540000	2.28280000
1.80590000	2.23930000
1.73170000	2.19660000
1.66990000	2.15480000
1.63280000	2.11380000
1.58330000	2.07360000
1.55860000	2.03420000
1.50910000	1.99550000
1.48430000	1.95760000
1.44720000	1.92040000
1.37300000	1.88400000
1.29880000	1.84800000
1.24930000	1.81290000
1.18250000	1.77850000
1.14050000	1.74470000
1.10710000	1.71160000
1.06250000	1.67900000
1.01430000	1.64710000
0.98460000	1.61580000
0.96980000	1.58560000
0.93390000	1.55500000
0.90420000	1.52550000
0.87820000	1.49650000
0.83370000	1.46810000
0.80030000	1.44020000
0.77060000	1.41280000
0.76070000	1.38600000
0.73970000	1.35960000
0.71870000	1.33380000
0.68650000	1.30840000
0.69270000	1.28360000
0.70510000	1.25920000
0.72360000	1.23530000
0.71740000	1.21240000
0.70510000	1.20370000
0.69520000	1.16870000
0.69020000	1.16530000
0.67410000	1.12230000
0.66800000	1.10100000
0.71740000	1.08010000
0.69020000	1.11040000
0.89060000	1.09970000
0.76440000	1.02140000
0.69890000	1.04830000
0.65810000	0.98130000
0.60610000	0.96630000
0.57890000	0.94430000
0.57150000	0.93090000
0.54550000	0.90880000
0.52080000	0.89150000
0.50100000	0.87460000
0.48120000	0.85800000
0.46880000	0.84170000
0.44530000	0.82570000
0.43660000	0.81000000
0.41930000	0.79460000
0.40320000	0.77950000
0.39710000	0.76470000
0.38470000	0.75020000
0.36860000	0.73590000
0.36000000	0.72190000
0.35250000	0.70820000
0.34390000	0.69480000
0.32900000	0.68160000
0.31670000	0.66860000
0.30550000	0.65590000
0.29690000	0.64340000
0.28940000	0.63120000
0.27830000	0.61920000
0.27090000	0.60750000
0.26350000	0.59590000
0.25600000	0.58460000
0.24860000	0.57350000
0.23750000	0.56260000
0.22880000	0.55190000
0.21650000	0.54140000
0.20660000	0.53110000
0.19790000	0.52100000
0.18930000	0.51110000
0.18680000	0.50140000
0.18680000	0.49190000
0.18310000	0.48260000
0.17810000	0.47340000
0.17560000	0.46440000
0.17440000	0.45560000
0.16950000	0.44690000
0.16450000	0.43840000
0.16200000	0.43010000
0.15960000	0.42190000
0.15460000	0.41390000
0.15090000	0.40600000
0.14840000	0.39830000
0.14600000	0.39080000
0.14350000	0.38330000
0.13980000	0.37600000
0.13730000	0.36890000
0.13360000	0.36190000
0.13240000	0.35500000
0.12990000	0.34830000
0.12620000	0.34170000
0.12250000	0.33520000
0.12000000	0.32880000
0.11870000	0.32250000
0.11870000	0.31640000
0.12250000	0.31880000
0.12490000	0.30450000
0.12620000	0.29870000
0.12620000	0.29300000
0.12490000	0.28750000
0.12000000	0.28200000
0.11870000	0.27670000
0.11750000	0.27140000
0.11630000	0.26620000
0.11380000	0.26120000
0.11130000	0.25620000
0.11130000	0.25140000
0.11130000	0.24660000
0.11130000	0.24190000
0.11260000	0.23730000
0.11500000	0.23280000
0.11630000	0.22840000
0.11750000	0.22400000
0.11750000	0.21980000
0.11750000	0.24490000
0.12490000	0.25250000
0.13980000	0.25200000
0.14970000	0.20350000
0.14350000	0.19970000
0.13730000	0.19590000
0.13110000	0.19220000
0.12740000	0.19520000
0.12370000	0.18490000
0.12250000	0.18170000
0.12250000	0.17810000
0.12250000	0.17460000
0.12250000	0.17140000
0.12250000	0.16800000
0.11870000	0.16480000
0.11750000	0.16170000
0.11500000	0.15860000
0.11380000	0.15560000
0.11260000	0.15260000
0.11750000	0.14970000
0.14720000	0.22360000
0.14970000	0.14410000
0.14470000	0.14140000
0.13480000	0.13870000
0.12860000	0.13610000
0.12490000	0.13350000
0.12000000	0.13090000
0.11750000	0.12840000
0.11500000	0.12600000
0.11260000	0.12360000
0.11260000	0.12130000
0.11260000	0.11900000
0.11260000	0.11670000
0.11260000	0.13530000
0.12490000	0.12130000
0.16450000	0.20270000
0.25360000	0.12620000
0.29440000	0.10600000
0.25110000	0.22090000
0.40200000	0.22010000
0.40570000	0.11240000
0.29930000	0.09820000
0.56780000	0.14280000
1.43490000	0.30750000
0.72730000	0.09270000
0.46880000	0.10700000
0.37230000	0.08920000
0.32040000	0.08750000
0.29070000	0.08590000
0.27340000	0.08420000
0.25730000	0.08280000
0.24740000	0.08110000
0.24240000	0.10830000
0.24120000	0.08180000
0.23630000	0.07870000
0.22510000	0.07510000
0.22020000	0.07360000
0.21650000	0.07220000
0.21400000	0.07090000
0.21030000	0.06950000
0.21030000	0.06820000
0.56780000	0.06770000
5.43020000	0.06640000
4.03250000	0.06520000
2.22650000	0.17030000
1.52140000	0.10280000
1.28640000	0.07660000
1.47200000	0.06270000
1.50910000	0.07880000
1.23700000	0.06530000
1.01310000	0.06130000
1.11080000	0.10260000
2.52340000	0.13990000
7.43410000	5.45750000
5.56630000	5.44900000
3.80980000	2.82080000
2.89450000	2.55930000
2.83260000	2.24240000
3.31500000	1.91880000
3.38920000	1.65160000
3.16660000	1.74520000
2.54810000	1.92760000
2.09040000	1.95190000
1.79360000	1.71680000
1.58330000	1.53560000
1.41010000	1.39510000
1.32350000	1.28500000
1.53380000	1.20690000
1.39780000	1.15040000
4.18090000	1.07640000
13.73020000	14.43680000
25.97600000	22.48100000
9.52450000	9.68350000
6.18480000	6.56460000
5.31890000	5.99610000
7.42170000	5.56300000
7.17430000	5.07920000
6.18480000	4.45480000
4.32930000	3.97420000
3.71090000	3.60180000
3.21610000	3.31070000
2.84500000	3.08080000
2.59760000	2.89700000
2.35020000	2.74800000
2.16470000	2.62530000
2.00390000	2.52260000
1.91730000	2.43510000
1.85540000	2.35910000
1.79360000	2.30010000
1.73170000	2.27290000
1.85540000	2.47200000
1.97910000	2.70290000
2.10280000	2.99200000
2.07810000	3.03010000
1.95440000	2.94110000
1.85540000	2.93020000
1.83070000	2.82250000
1.75650000	2.67160000
1.73170000	2.51420000
1.65750000	2.42200000
1.60800000	2.31440000
1.73170000	2.43700000
1.85540000	2.98320000
3.71090000	5.96500000
7.17430000	4.05080000
5.13330000	3.88020000
4.39120000	3.54840000
4.21800000	3.26220000
4.70040000	3.16650000
13.60650000	3.08790000
9.71010000	5.18530000
52.44670000	28.47420000
45.14870000	35.05360000
15.46190000	21.27190000
9.48740000	19.95210000
7.32270000	12.44730000
6.22190000	14.75900000
5.46730000	10.11760000
4.88600000	9.10070000
4.42830000	7.98460000
4.00770000	7.12550000
3.78510000	6.53070000
4.37880000	6.53340000
6.72900000	6.33620000
10.42750000	6.02750000
11.21910000	13.35290000
21.27560000	8.43970000
13.85390000	7.09180000
16.69880000	21.04800000
14.84340000	22.28420000
11.03360000	19.85950000
9.66060000	16.43830000
9.56160000	10.62530000
8.86890000	13.18610000
17.31730000	23.60860000
18.55430000	17.53610000
14.84340000	10.97610000
10.76150000	9.94890000
9.40080000	11.05150000
8.41130000	9.08450000
7.79280000	9.54390000
7.42170000	12.27000000
8.16390000	8.85720000
12.12210000	8.27810000
19.42010000	7.55880000
22.14140000	6.99400000
16.82250000	17.85560000
14.10120000	19.54790000
11.30570000	14.00130000
9.43790000	13.53930000
8.43600000	9.81010000
9.61110000	15.81100000
9.21530000	14.86550000
8.70810000	11.50230000
9.71010000	14.80810000
8.51020000	10.13330000
11.78810000	17.36480000
24.73900000	33.72270000
18.55430000	32.36630000
13.35910000	17.27900000
9.15340000	7.99370000
8.28760000	8.16660000
7.85460000	7.75510000
7.21140000	7.36670000
6.75380000	7.52520000
6.71660000	8.44000000
6.98880000	10.88300000
7.12480000	8.50770000
9.07920000	7.89410000
8.36180000	7.39550000
7.50830000	6.99190000
8.16390000	6.69030000
7.49590000	10.71520000
8.07730000	14.67710000
13.73020000	19.90280000
16.32780000	19.96010000
11.73870000	11.18730000
10.45220000	11.00870000
8.54730000	11.32990000
7.45880000	9.08660000
6.88980000	8.66610000
6.43210000	7.92220000
6.09820000	7.33720000
5.81370000	6.87200000
5.59100000	6.49710000
5.24470000	6.19440000
4.88600000	5.93530000
4.58910000	5.71950000
4.30460000	5.53340000
4.06960000	5.37030000
3.83450000	5.22480000
3.64900000	5.09290000
3.59950000	4.97170000
3.61190000	4.85880000
3.72320000	4.80290000
3.78510000	4.68300000
3.80980000	4.57690000
3.77270000	4.47260000
5.08390000	4.61730000
5.10860000	8.85260000
4.78700000	9.42950000
4.58910000	6.29330000
4.99730000	6.95960000
5.80130000	6.30560000
5.83840000	7.10200000
5.54150000	8.64980000
5.15810000	6.47450000
4.74990000	6.24530000
4.42830000	5.72630000
4.30460000	5.31720000
4.35410000	5.03930000
4.16850000	4.79320000
3.85930000	4.52570000
3.68610000	4.34400000
3.50060000	4.18600000
3.29030000	4.04370000
3.04290000	3.92680000
2.95630000	3.82210000
2.95630000	3.72690000
2.94390000	3.63920000
3.05530000	3.55740000
3.01820000	3.48030000
2.89450000	3.40700000
2.85740000	3.33690000
2.90680000	3.26950000
2.96870000	3.20440000
3.16660000	3.14130000
3.16660000	3.07990000
3.21610000	3.02010000
3.19130000	2.96180000
3.11710000	2.90480000
2.95630000	2.84900000
2.91920000	2.79450000
2.91920000	2.74110000
2.82020000	2.68880000
2.62230000	2.63760000
2.38730000	2.58730000
2.20180000	2.53810000
2.02860000	2.48980000
1.91730000	2.44240000
1.83070000	2.39600000
1.73170000	2.35040000
1.66990000	2.30570000
1.66990000	2.26190000
1.73170000	2.21890000
1.60800000	2.17680000
1.58330000	2.13540000
1.57090000	2.12220000
1.47200000	2.05500000
1.36060000	2.01590000
1.27410000	1.97760000
1.21590000	1.94010000
1.16270000	1.90320000
1.12190000	1.86700000
1.07990000	1.83160000
1.03290000	1.79680000
0.97220000	1.76260000
0.92650000	1.72910000
0.87450000	1.69630000
0.82630000	1.66410000
0.79780000	1.63240000
0.76320000	1.60140000
0.73100000	1.57100000
0.71500000	1.54110000
0.69520000	1.51190000
0.67540000	1.48310000
0.65060000	1.45500000
0.68530000	1.45230000
0.70260000	1.42270000
0.65810000	1.37360000
0.62960000	1.34750000
0.60980000	1.32190000
0.58760000	1.29680000
0.57520000	1.27210000
0.57020000	1.25320000
0.55910000	1.22560000
0.54050000	1.20100000
0.51700000	1.17820000
0.49600000	1.15580000
0.47990000	1.13380000
0.46880000	1.11230000
0.45640000	1.09120000
0.44900000	1.07040000
0.43420000	1.05010000
0.44410000	1.03010000
0.50220000	1.05690000
0.47130000	1.03780000
0.44160000	0.97250000
0.41560000	0.95400000
0.39580000	0.93590000
0.38220000	0.91810000
0.37480000	0.90070000
0.36860000	0.88360000
0.36490000	0.86680000
0.35380000	0.85030000
0.34630000	0.83420000
0.33400000	0.81830000
0.32530000	0.80280000
0.31420000	0.78750000
0.30180000	0.77260000
0.29440000	0.75790000
0.29070000	0.74350000
0.28450000	0.72930000
0.27580000	0.71550000
0.26840000	0.70190000
0.25980000	0.68860000
0.25360000	0.67550000
0.24990000	0.66260000
0.24620000	0.65010000
0.24240000	0.63770000
0.23750000	0.62560000
0.25230000	0.61370000
0.24860000	0.60200000
0.23500000	0.59060000
0.22640000	0.57940000
0.21770000	0.56840000
0.21890000	0.55760000
0.25360000	0.57900000
0.26590000	0.53660000
0.27580000	0.56550000
0.28450000	0.52340000
0.27340000	0.50660000
0.26720000	0.49700000
0.25980000	0.48750000
0.25110000	0.47820000
0.24120000	0.46920000
0.23870000	0.46120000
0.51330000	0.62390000
0.64320000	0.60440000
0.50100000	0.52730000
0.37970000	0.42630000
0.31170000	0.41820000
0.27960000	0.41020000
0.26100000	0.40240000
0.24620000	0.39480000
0.23130000	0.38730000
0.22270000	0.37990000
0.22020000	0.37270000
0.21890000	0.36560000
0.21650000	0.35870000
0.21150000	0.35180000
0.20780000	0.34520000
0.20040000	0.33860000
0.19540000	0.33220000
0.19170000	0.32590000
0.18800000	0.31970000
0.18430000	0.31360000
0.18060000	0.30760000
0.17690000	0.30180000
0.17320000	0.29610000
0.17940000	0.30250000
0.24240000	0.37830000
0.23380000	0.28650000
0.22020000	0.27420000
0.20660000	0.26900000
0.19910000	0.26390000
0.19540000	0.25890000
0.19420000	0.25390000
0.19170000	0.26980000
0.19050000	0.25820000
0.19540000	0.23970000
0.18930000	0.23520000
0.18310000	0.23070000
0.17810000	0.22630000
0.17690000	0.22200000
0.17440000	0.21780000
0.17320000	0.21370000
0.17440000	0.21270000
0.18430000	0.21400000
0.18680000	0.20170000
0.18180000	0.19790000
0.17690000	0.19410000
0.17440000	0.19040000
0.17320000	0.18680000
0.17320000	0.18330000
0.17190000	0.17980000
0.17070000	0.17640000
0.17070000	0.17300000
0.17070000	0.16970000
0.17070000	0.16650000
0.16950000	0.16330000
0.17190000	0.24330000
0.17440000	0.17950000
0.17320000	0.15420000
0.17440000	0.15130000
0.16820000	0.14840000
0.16820000	0.14560000
0.16820000	0.14280000
0.21150000	0.29860000
0.26100000	0.28950000
0.31910000	0.30850000
0.36240000	0.17850000
0.30800000	0.16790000
0.32900000	0.19210000
0.30180000	0.12490000
0.30920000	0.22390000
0.37970000	0.21310000
0.34020000	0.11790000
0.68160000	2.46430000
6.54350000	12.91870000
6.09820000	17.53360000
3.53770000	19.22940000
4.68800000	19.46450000
3.87170000	8.79670000
2.62230000	7.38430000
2.96870000	11.56660000
6.20950000	17.48660000
4.71280000	11.49740000
5.77660000	14.64880000
8.16390000	9.36050000
4.98490000	7.69780000
3.68610000	6.83040000
3.35210000	6.23550000
8.84420000	5.80820000
8.17620000	17.53200000
5.12100000	11.60730000
3.93350000	7.42990000
3.31500000	6.76140000
2.90680000	6.15080000
2.59760000	5.60720000
2.42440000	5.21120000
2.41210000	5.33070000
2.65940000	5.24250000
2.57290000	5.01990000
2.31310000	4.84630000
3.58720000	4.55860000
8.91840000	16.97260000
7.87940000	14.13140000
14.10120000	18.05470000
13.60650000	17.06970000
12.61690000	19.92930000
10.55120000	17.39090000
9.77190000	10.22390000
8.89370000	12.67420000
7.74330000	10.75790000
6.88980000	8.72800000
6.69190000	11.53280000
5.83840000	8.46410000
5.38070000	7.88330000
4.92310000	7.13970000
4.53960000	6.55890000
4.14380000	6.10010000
3.99540000	5.73440000
8.83180000	5.43760000
13.60650000	5.19340000
13.73020000	4.98910000
12.20870000	4.81510000
9.15340000	4.66700000
8.43600000	4.55400000
14.59600000	16.43010000
10.66250000	11.09600000
7.99070000	7.07720000
6.69190000	6.52380000
5.88790000	6.04380000
5.50440000	5.76170000
5.13330000	6.51980000
4.71280000	6.01180000
4.30460000	5.98380000
3.95820000	5.73620000
3.61190000	5.44980000
3.33980000	5.24250000
3.03050000	5.17790000
2.77080000	5.17620000
2.58520000	5.04880000
2.38730000	4.75350000
2.26360000	4.51450000
2.15230000	4.31660000
2.02860000	4.15040000
1.91730000	4.00840000
1.84310000	3.88490000
1.79360000	3.77560000
1.84310000	3.67740000
1.78120000	3.58760000
1.70700000	3.52280000
1.64510000	3.43010000
1.59570000	3.35600000
1.55860000	3.28240000
1.49670000	3.21530000
1.44720000	3.15070000
1.41010000	3.08820000
1.37300000	3.02750000
1.33590000	2.96850000
1.28640000	2.91090000
1.24930000	2.85480000
1.22090000	2.79990000
1.19240000	2.74620000
1.16890000	2.69370000
1.14540000	2.64230000
1.12810000	2.59190000
1.12320000	2.56410000
1.20360000	2.53620000
1.20970000	2.46350000
1.22460000	2.41360000
1.78120000	8.28620000
5.35600000	4.48810000
5.41780000	4.21970000
4.74990000	3.93240000
5.64050000	3.74900000
4.65090000	3.56260000
4.08190000	3.32660000
3.80980000	3.11670000
3.77270000	3.10480000
4.19330000	4.93870000
3.84690000	4.12510000
3.51290000	3.90640000
3.57480000	3.56740000
3.56240000	3.32330000
3.27790000	3.08440000
3.06760000	2.97980000
2.96870000	2.82540000
2.86970000	2.70340000
2.77080000	2.59410000
2.77080000	2.51430000
2.58520000	2.42270000
2.38730000	2.35340000
2.23890000	2.29130000
2.12760000	2.23470000
2.02860000	2.18240000
1.95440000	2.13360000
1.88020000	2.08920000
1.80590000	2.04370000
1.74410000	2.00180000
1.69460000	1.97360000
2.64710000	2.07000000
4.45300000	4.00080000
4.53960000	5.32110000
4.56430000	3.85940000
4.70040000	6.33410000
4.40350000	4.53480000
4.29220000	4.16990000
4.24270000	3.71410000
4.00770000	3.37200000
3.62430000	3.08540000
3.29030000	2.86790000
3.00580000	2.69420000
2.72130000	2.55370000
2.58520000	2.44480000
2.37490000	2.34690000
2.22650000	2.25940000
2.10280000	2.18810000
2.01620000	2.12540000
1.99150000	2.08770000
1.91730000	2.05620000
1.84310000	1.97060000
1.76880000	1.92640000
1.78120000	1.91290000
1.71940000	1.86430000
1.65750000	1.80730000
1.59570000	1.77080000
2.02860000	1.83850000
1.89250000	1.70330000
2.36260000	1.69190000
2.42440000	1.67780000
2.23890000	1.61090000
2.15230000	1.57340000
2.06570000	1.54320000
1.97910000	1.51370000
1.89250000	1.48480000
1.79360000	1.45640000
1.84310000	1.50910000
1.97910000	1.48200000
1.86780000	1.38260000
1.79360000	1.34860000
1.74410000	1.32300000
1.66990000	1.29780000
1.58330000	1.27310000
1.52140000	1.24890000
1.48430000	1.22530000
1.43490000	1.20190000
1.38540000	1.17910000
1.32350000	1.15670000
1.29880000	1.15120000
1.49670000	1.15260000
1.54620000	1.15130000
1.52140000	1.10290000
1.42250000	1.05090000
1.34830000	1.03090000
1.29880000	1.01130000
1.26170000	0.99210000
1.22580000	0.97320000
1.19740000	0.95480000
1.16030000	0.93660000
1.33590000	0.96310000
1.34830000	0.90780000
1.24930000	0.88420000
1.18620000	0.86740000
1.12930000	0.85100000
1.08730000	0.83480000
1.05140000	0.81890000
1.01060000	0.80340000
0.97100000	0.78810000
0.93640000	0.77310000
0.90300000	0.75840000
0.86340000	0.74400000
0.83370000	0.72990000
0.80400000	0.71600000
0.78550000	0.70240000
0.76440000	0.68910000
0.72730000	0.67600000
0.68530000	0.66310000
0.64200000	0.65050000
0.61970000	0.63820000
0.60240000	0.62610000
0.58510000	0.61420000
0.56530000	0.60250000
0.55290000	0.59100000
0.57520000	0.61180000
0.58260000	0.57150000
0.63830000	0.61320000
0.67540000	0.58140000
0.59740000	0.53700000
0.55290000	0.52680000
0.52690000	0.51680000
0.50960000	0.50700000
0.49970000	0.49730000
0.48360000	0.48790000
0.48740000	0.47860000
0.46630000	0.46950000
0.43910000	0.46060000
0.42180000	0.45180000
0.41070000	0.44330000
0.39460000	0.43480000
0.38840000	0.42660000
0.38590000	0.41850000
0.38350000	0.41050000
0.37110000	0.40270000
0.35870000	0.39510000
0.34760000	0.38760000
0.33650000	0.38020000
0.33030000	0.37300000
0.32280000	0.36590000
0.31290000	0.35890000
0.30800000	0.35210000
0.30310000	0.34540000
0.29690000	0.33890000
0.28700000	0.33240000
0.27710000	0.32610000
0.26970000	0.31990000
0.26100000	0.31380000
0.25600000	0.30790000
0.24990000	0.30200000
0.24490000	0.29630000
0.24240000	0.29070000
0.23750000	0.28510000
0.23380000	0.27970000
0.22760000	0.27440000
0.22020000	0.26920000
0.21150000	0.26410000
0.20900000	0.25910000
0.20410000	0.25410000
0.20900000	0.24930000
0.21030000	0.24460000
0.20900000	0.23990000
0.19790000	0.23540000
0.19420000	0.23090000
0.19170000	0.22650000
0.19170000	0.22220000
0.18930000	0.21800000
0.18680000	0.21380000
0.18180000	0.20980000
0.17690000	0.20580000
0.17560000	0.20190000
0.17190000	0.19800000
0.16820000	0.19430000
0.16580000	0.19060000
0.16330000	0.18700000
0.16080000	0.18340000
0.16080000	0.17990000
0.16080000	0.17650000
0.16080000	0.17320000
0.15710000	0.16990000
0.15340000	0.16660000
0.14840000	0.16350000
0.14220000	0.16040000
0.13730000	0.15730000
0.13240000	0.15430000
0.13110000	0.15140000
0.12990000	0.14850000
0.12740000	0.14570000
0.12620000	0.14290000
0.12490000	0.14020000
0.12250000	0.13760000
0.12000000	0.13490000
0.12000000	0.13240000
0.11750000	0.12990000
0.11630000	0.12740000
0.11500000	0.12500000
0.11500000	0.12260000
0.11500000	0.12030000
0.11500000	0.11800000
0.11500000	0.11570000
0.11500000	0.11350000
0.11380000	0.11140000
0.11380000	0.10930000
0.11500000	0.16190000
0.11750000	0.10520000
0.11750000	0.10320000
0.11630000	0.10120000
0.11380000	0.09930000
0.11130000	0.09740000
0.10890000	0.09550000
0.10890000	0.09370000
0.10890000	0.09190000
0.10760000	0.09020000
0.10640000	0.08850000
0.10510000	0.08680000
0.10390000	0.08520000
0.10270000	0.08350000
0.10510000	0.08190000
0.11130000	0.08610000
0.11130000	0.07890000
0.11010000	0.07740000
0.10890000	0.07590000
0.11500000	0.15470000
0.16330000	0.13710000
0.15830000	0.07160000
0.15090000	0.07030000
0.13360000	0.06900000
0.12370000	0.06760000
0.11870000	0.06640000
0.11870000	0.06510000
0.11750000	0.06390000
0.11750000	0.06260000
0.11630000	0.06150000
0.11500000	0.06130000
0.11630000	0.06120000
0.11750000	0.05800000
0.11870000	0.05690000
0.11750000	0.05580000
0.11750000	0.05480000
0.11750000	0.05370000
0.11750000	0.05270000
0.11750000	0.05170000
0.11870000	0.06850000
0.14100000	0.04980000
0.20660000	0.20410000
0.23870000	0.10040000
0.22760000	0.11420000
0.19790000	0.04610000
0.18550000	0.04520000
0.20780000	0.10590000
0.25230000	0.04430000
0.24990000	0.09580000
0.25730000	0.05390000
0.25850000	0.04750000
0.25230000	0.04030000
0.23500000	0.03950000
0.21770000	0.03880000
0.20660000	0.03800000
0.19790000	0.03730000
0.19910000	0.05630000
0.19670000	0.03590000
0.22640000	0.05290000
0.25980000	0.09770000
0.24990000	0.03390000
0.23870000	0.03330000
0.22270000	0.03260000
1.60800000	0.36740000
2.42440000	0.24130000
1.11820000	0.03080000
0.66800000	0.03020000
0.77430000	0.13240000
1.07860000	0.08540000
1.50910000	1.74630000
1.91730000	1.20320000
4.62620000	9.02110000
8.69580000	11.73670000
10.05640000	20.46510000
8.48550000	22.75040000
5.38070000	12.74670000
3.47580000	8.30440000
2.94390000	7.22290000
2.63470000	6.32200000
4.20560000	9.38590000
3.24080000	6.79850000
2.74600000	7.55180000
2.35020000	6.01050000
1.97910000	5.67120000
1.88020000	5.05940000
4.92310000	4.58660000
3.61190000	4.21270000
2.68420000	3.92840000
8.29990000	3.72510000
12.61690000	3.72180000
7.50830000	3.52510000
5.86310000	3.35490000
5.05910000	3.27170000
4.61380000	3.17260000
4.35410000	3.39580000
3.77270000	3.24780000
3.57480000	3.35660000
3.43870000	3.25850000
3.16660000	3.14830000
2.96870000	3.13140000
2.82020000	3.24450000
3.59950000	3.86340000
4.32930000	3.95390000
3.84690000	4.00990000
3.37690000	3.87550000
2.94390000	3.68550000
2.77080000	3.42810000
2.49860000	3.21580000
2.27600000	3.04420000
2.09040000	2.90360000
1.90490000	2.78630000
1.80590000	2.68680000
1.68230000	2.60080000
1.58330000	2.52520000
1.52140000	2.45760000
1.45960000	2.39620000
1.41010000	2.33960000
1.38540000	2.28690000
1.33590000	2.23720000
1.28640000	2.19130000
1.23570000	2.15360000
1.22090000	2.10360000
1.19240000	2.06260000
1.14540000	2.02010000
1.11450000	1.98190000
1.07990000	1.95780000
1.04890000	1.92070000
1.03410000	2.04490000
1.03900000	2.14980000
1.14290000	2.38860000
1.17390000	2.65910000
1.20110000	2.90120000
1.18010000	3.14000000
1.12440000	3.17720000
1.08730000	2.87710000
1.05760000	2.64280000
1.02420000	2.45770000
0.99200000	2.31000000
0.96480000	2.19020000
0.96480000	2.09180000
0.99570000	2.00940000
1.00190000	1.93920000
0.98960000	1.87840000
0.97600000	1.82470000
0.93760000	1.77650000
0.90050000	1.73260000
0.87210000	1.69210000
0.84850000	1.65430000
0.82880000	1.61860000
0.80150000	1.58460000
0.78670000	1.55290000
0.76810000	1.52140000
0.74220000	1.49110000
0.71990000	1.46400000
0.71370000	1.43320000
0.71500000	1.40570000
0.68650000	1.37890000
0.66920000	1.35220000
0.64940000	1.32600000
0.63580000	1.30650000
0.98340000	1.27610000
4.94780000	1.25160000
2.99340000	1.22780000
2.01620000	1.20440000
1.81830000	1.18150000
2.22650000	1.15900000
2.54810000	1.13910000
2.27600000	1.19200000
2.11520000	1.14200000
2.06570000	1.08370000
1.96680000	1.05430000
1.81830000	1.03300000
1.65750000	1.01260000
1.53380000	0.99340000
1.44720000	0.97450000
1.36060000	0.95600000
1.31120000	0.93780000
1.28640000	0.92000000
1.26170000	0.90250000
1.22210000	0.88540000
1.16270000	0.86860000
1.09840000	0.85210000
1.07240000	0.83590000
1.04650000	0.82000000
1.00940000	0.80440000
1.01430000	0.82730000
0.99450000	0.77490000
0.99200000	0.76020000
0.98830000	0.74580000
0.94750000	0.73160000
0.91410000	0.74280000
0.95120000	0.75470000
0.97100000	0.69740000
0.97970000	0.67690000
0.95740000	0.66400000
0.92520000	0.65140000
0.90670000	0.63900000
0.89430000	0.62690000
0.88690000	0.61500000
0.88070000	0.60330000
0.86960000	0.59180000
0.85230000	0.58060000
0.83250000	0.57030000
0.81270000	0.55870000
0.79910000	0.54850000
1.08230000	0.61050000
1.00690000	0.55970000
1.02420000	0.53430000
1.13300000	0.50840000
1.13800000	0.49870000
1.14790000	0.48930000
1.28640000	0.48000000
1.68230000	0.51460000
2.46150000	0.49470000
3.93350000	0.45240000
4.56430000	0.44380000
4.08190000	0.43540000
3.58720000	0.42710000
3.09240000	0.41900000
2.59760000	0.41110000
2.17700000	0.40320000
1.99150000	0.39560000
1.88020000	0.38810000
1.74410000	0.38070000
1.62040000	0.37350000
1.54620000	0.36640000
1.50910000	0.35940000
1.47200000	0.35260000
1.41010000	0.34590000
1.36060000	0.33990000
1.28640000	0.33290000
1.23700000	0.34360000
1.18380000	0.32030000
1.18500000	0.33970000
1.14670000	0.32090000
1.07740000	0.30360000
1.02540000	0.29670000
0.98580000	0.29100000
0.94750000	0.28550000
0.92520000	0.28010000
0.90050000	0.27480000
0.87330000	0.26950000
0.84360000	0.26440000
0.82630000	0.25940000
0.80030000	0.25450000
0.77930000	0.24980000
0.75950000	0.24490000
0.73470000	0.24020000
0.71370000	0.23570000
0.69390000	0.23120000
0.67540000	0.22680000
0.65310000	0.22250000
0.63830000	0.21830000
0.62710000	0.21410000
0.60610000	0.21000000
0.58260000	0.20610000
0.56530000	0.20210000
0.54180000	0.19830000
0.52450000	0.19450000
0.51580000	0.19080000
0.51210000	0.18720000
0.50100000	0.18370000
0.48490000	0.18020000
0.47000000	0.17670000
0.45770000	0.17340000
0.44900000	0.17010000
0.44280000	0.16690000
0.43420000	0.16370000
0.42180000	0.16060000
0.41310000	0.15750000
0.41810000	0.20640000
0.44650000	0.19140000
0.43660000	0.15010000
0.41310000	0.15400000
0.40450000	0.16520000
0.40320000	0.17500000
0.39340000	0.13770000
0.37850000	0.14210000
0.36860000	0.13250000
0.36610000	0.13040000
0.36000000	0.12760000
0.35620000	0.12510000
0.33890000	0.12280000
0.32530000	0.12040000
0.31170000	0.11810000
0.30180000	0.11590000
0.28820000	0.11370000
0.27960000	0.11150000
0.27210000	0.10940000
0.26590000	0.10730000
0.25730000	0.10530000
0.24740000	0.10330000
0.23750000	0.10130000
0.23130000	0.09940000
0.22760000	0.09750000
0.21650000	0.09570000
0.20530000	0.09380000
0.19670000	0.09210000
0.19300000	0.09030000
0.19050000	0.08860000
0.18430000	0.08690000
0.17940000	0.08530000
0.17690000	0.08360000
0.17190000	0.08210000
0.16820000	0.08050000
0.16450000	0.07900000
0.16080000	0.07750000
0.15340000	0.07600000
0.14720000	0.07450000
0.14470000	0.07310000
0.13850000	0.07170000
0.13610000	0.07040000
0.12990000	0.06900000
0.12740000	0.06770000
0.12490000	0.06640000
0.12120000	0.06520000
0.11630000	0.06390000
0.11380000	0.06270000
0.11130000	0.06150000
0.10640000	0.06040000
0.10270000	0.05920000
0.10020000	0.05810000
0.09900000	0.05700000
0.09520000	0.05590000
0.09400000	0.05820000
0.09650000	0.06240000
0.09770000	0.05280000
0.09770000	0.05180000
0.09030000	0.05080000
0.08910000	0.04980000
0.08530000	0.04890000
0.08660000	0.04800000
0.08780000	0.04700000
0.08660000	0.04610000
0.08660000	0.04530000
0.08660000	0.04440000
0.08780000	0.04360000
0.08780000	0.04270000
0.08660000	0.04190000
0.08410000	0.04110000
0.07920000	0.04040000
0.07670000	0.03960000
0.07550000	0.03880000
0.07550000	0.03810000
0.07420000	0.03740000
0.07300000	0.03670000
0.07170000	0.03600000
0.06930000	0.03530000
0.06800000	0.03460000
0.06680000	0.03400000
0.06680000	0.03330000
0.06560000	0.03270000
0.07050000	0.08010000
0.07920000	0.03140000
0.08040000	0.03080000
0.07790000	0.03030000
0.07550000	0.02970000
0.07420000	0.02910000
0.07300000	0.02860000
0.07050000	0.02800000
0.06800000	0.02750000
0.06560000	0.02700000
0.06430000	0.02650000
0.06430000	0.02600000
0.06310000	0.02550000
0.06180000	0.02500000
0.06180000	0.02450000
0.06560000	0.04970000
0.06930000	0.02360000
0.07050000	0.02310000
0.06930000	0.02270000
0.06930000	0.02230000
0.06930000	0.03240000
0.07420000	0.07700000
0.08660000	0.06280000
0.12120000	0.05620000
0.12990000	0.03530000
0.11870000	0.01980000
0.11010000	0.01950000
0.10760000	0.04120000
0.10640000	0.01870000
0.10510000	0.01840000
0.10390000	0.01800000
0.10140000	0.01820000
0.09900000	0.01730000
0.09520000	0.01700000
0.09280000	0.01670000
0.09150000	0.01640000
0.09030000	0.01610000
0.09030000	0.01580000
0.08780000	0.01550000
0.08530000	0.01520000
0.08290000	0.01490000
0.08160000	0.01460000
0.08040000	0.01430000
0.07920000	0.01400000
0.07790000	0.01380000
0.07790000	0.01350000
0.07790000	0.01330000
0.07790000	0.01300000
0.07790000	0.01280000
0.07670000	0.01250000
0.07420000	0.01230000
0.07170000	0.01210000
0.07170000	0.01180000
0.07170000	0.01160000
0.07550000	0.01140000
0.07670000	0.01120000
0.07790000	0.01090000
0.07790000	0.01070000
0.07790000	0.01050000
0.08040000	0.01030000
0.08040000	0.01010000
0.08040000	0.00990000
0.08040000	0.00980000
0.08660000	0.00960000
0.27710000	0.20900000
0.42180000	0.12640000
0.50470000	0.11370000
0.37970000	0.03380000
0.27580000	0.00870000
0.22140000	0.00850000
0.19170000	0.00840000
0.17560000	0.00820000
0.16450000	0.00810000
0.15830000	0.00790000
0.15340000	0.00780000
0.14970000	0.00760000
0.14840000	0.00750000
0.14840000	0.00730000
0.14470000	0.00720000
0.14220000	0.00700000
0.13730000	0.00690000
0.13610000	0.00680000
0.13240000	0.00660000
0.14100000	0.01420000
0.19170000	0.00710000
0.19170000	0.00700000
0.17560000	0.00690000
0.15960000	0.00670000
0.15090000	0.00660000
0.16330000	0.03950000
0.22760000	0.02230000
0.24490000	0.00860000
0.24370000	0.01060000
0.21400000	0.00630000
0.19170000	0.00580000
0.18180000	0.01100000
0.17690000	0.00590000
0.18310000	0.02080000
0.25360000	0.00570000
0.33270000	0.00560000
0.31170000	0.00540000
0.27830000	0.00540000
0.62220000	0.26720000
0.87580000	0.00730000
0.85970000	0.00580000
0.66550000	0.02280000
4.15620000	0.00580000
4.11900000	0.13240000
1.94200000	0.03530000
2.28840000	0.05520000
1.97910000	0.03610000
2.04100000	0.01960000
2.16470000	0.01580000
1.66990000	0.00440000
1.28640000	0.00410000
1.04890000	0.00400000
0.90050000	0.00380000
0.78920000	0.00390000
0.71370000	0.00330000
0.63830000	0.00330000
0.57390000	0.00320000
0.53070000	0.00310000
0.50340000	0.00310000
0.48740000	0.00300000
0.48240000	0.00300000
0.48240000	0.00290000
0.47380000	0.00290000
0.45400000	0.00280000
0.43910000	0.00280000
0.42920000	0.00270000
0.42920000	0.00260000
0.42430000	0.00260000
0.41190000	0.00250000
0.39830000	0.01300000
0.39830000	0.05450000
0.41070000	0.02440000
0.43540000	0.01120000
0.46880000	0.01300000
0.53930000	0.03100000
0.57270000	0.04850000
1.03290000	0.38590000
1.22950000	0.72010000
0.97220000	0.76570000
0.82380000	0.70580000
0.72490000	0.57310000
0.65190000	0.67220000
0.59130000	0.57280000
0.54670000	0.49700000
0.51580000	0.43890000
0.63580000	0.44190000
1.41010000	1.96310000
7.92890000	9.20350000
11.16970000	10.54330000
5.56630000	4.75900000
3.85930000	4.40070000
3.14190000	4.07770000
2.56050000	3.79060000
2.27600000	3.50320000
3.42640000	4.33260000
2.96870000	3.69250000
2.51100000	3.53110000
2.16470000	3.11820000
1.92960000	2.80020000
1.78120000	2.56440000
4.89830000	2.56740000
12.49320000	7.50060000
8.00310000	5.32060000
7.45880000	7.69560000
11.02120000	12.34270000
12.15920000	6.31270000
8.96790000	5.75130000
6.72900000	5.03470000
5.33130000	4.45410000
4.42830000	4.13090000
3.79740000	3.76530000
3.32740000	3.47880000
3.01820000	3.26030000
2.75840000	3.08810000
3.09240000	6.15470000
6.44450000	4.18270000
13.48280000	7.50710000
27.58400000	14.92040000
33.52140000	17.09140000
68.89820000	26.73960000
67.16640000	29.20970000
41.68520000	23.64320000
27.70770000	15.96290000
18.30690000	12.20850000
14.59600000	10.17500000
11.76340000	9.14010000
9.73480000	8.21490000
7.96600000	7.35570000
7.34750000	6.68860000
7.14960000	6.16600000
6.67950000	5.75220000
5.85080000	5.42040000
5.20760000	5.15050000
4.82410000	4.92750000
4.36640000	4.74010000
3.99540000	4.57960000
3.78510000	4.43980000
6.39500000	4.49030000
20.28600000	15.41660000
15.83300000	11.73420000
14.47230000	7.25630000
13.48280000	8.52170000
12.15920000	8.02250000
10.51410000	7.90620000
8.69580000	6.89780000
8.00310000	7.21660000
7.18670000	6.50430000
6.41980000	6.35430000
5.72710000	5.81410000
5.30650000	5.40010000
5.18280000	5.06990000
5.03440000	4.81290000
4.61380000	4.58360000
4.19330000	4.40050000
3.98300000	4.26630000
3.50060000	4.11020000
3.19130000	3.99160000
2.99340000	3.88540000
2.83260000	3.78870000
2.70890000	3.69970000
2.58520000	3.61660000
2.44920000	3.53820000
2.35020000	3.46380000
2.23890000	3.39770000
2.15230000	3.32410000
2.02860000	3.25790000
1.91730000	3.19370000
1.80590000	3.14350000
1.79360000	3.10090000
1.70700000	3.03790000
1.59570000	2.95330000
1.50910000	2.89660000
1.44720000	2.84120000
1.41010000	2.79060000
1.37300000	2.73650000
1.32350000	2.68160000
1.28640000	2.64340000
1.28640000	2.61480000
1.31120000	2.57440000
1.18500000	2.48320000
1.08980000	2.43600000
1.02910000	2.38970000
1.05020000	2.34420000
1.00070000	2.29970000
0.98340000	2.25600000
0.94870000	2.21320000
0.93390000	2.18490000
0.89560000	2.12980000
0.86960000	2.08930000
0.85100000	2.04960000
0.82380000	2.01070000
0.79780000	1.97250000
0.77060000	1.93500000
0.87210000	1.94460000
0.95000000	1.92880000
0.86830000	1.84260000
0.85100000	1.81960000
0.89060000	1.80090000
0.87700000	1.72860000
0.82750000	1.69180000
0.79160000	1.65970000
0.76070000	1.62820000
0.73600000	1.59720000
0.71250000	1.56690000
0.69390000	1.53710000
0.68030000	1.50790000
0.65810000	1.47930000
0.64070000	1.45110000
0.62090000	1.42360000
0.60360000	1.39650000
0.59130000	1.37000000
0.58630000	1.34400000
0.59250000	1.34710000
0.58510000	1.30680000
0.57270000	1.26880000
0.55290000	1.24470000
0.53560000	1.22100000
0.52320000	1.19780000
0.51700000	1.17510000
0.50710000	1.15280000
0.49230000	1.13090000
0.47990000	1.10940000
0.46880000	1.08830000
0.45400000	1.06760000
0.43910000	1.04730000
0.41930000	1.02740000
0.40820000	1.00790000
0.40450000	0.98880000
0.39950000	0.97000000
0.39210000	0.95150000
0.37850000	0.93350000
0.35870000	0.91570000
0.34630000	0.89830000
0.32780000	0.88130000
0.32160000	0.86450000
0.32160000	0.84810000
0.31170000	0.83200000
0.29690000	0.81620000
0.30920000	0.80070000
0.32160000	0.78550000
0.30310000	0.77490000
0.28450000	0.75590000
0.28450000	0.74150000
0.25980000	0.72740000
0.24740000	0.71360000
0.23500000	0.70010000
0.23500000	0.68680000
0.23500000	0.67370000
0.23380000	0.66090000
0.23250000	0.64840000
0.23250000	0.63600000
0.23250000	0.62390000
0.21030000	0.61210000
0.20780000	0.60050000
0.20780000	0.58910000
0.20780000	0.57790000
0.19790000	0.56690000
0.19540000	0.55610000
0.18800000	0.54550000
0.18310000	0.53520000
0.17190000	0.52500000
0.16580000	0.51500000
0.16200000	0.50530000
0.16080000	0.49570000
0.15710000	0.48620000
0.15090000	0.47700000
0.14600000	0.46790000
0.13980000	0.45900000
0.13610000	0.45030000
0.13610000	0.44180000
0.13610000	0.43340000
0.13480000	0.42510000
0.13240000	0.41710000
0.12740000	0.40910000
0.12860000	0.40140000
0.12370000	0.39370000
0.11870000	0.38630000
0.11630000	0.37890000
0.11380000	0.37170000
0.11260000	0.36470000
0.11130000	0.35770000
0.10640000	0.35090000
0.10760000	0.34430000
0.10640000	0.33770000
0.10390000	0.33130000
0.09900000	0.32500000
0.09650000	0.31880000
0.09400000	0.31280000
0.09150000	0.30680000
0.09150000	0.30100000
0.08780000	0.29530000
0.08780000	0.28970000
0.08660000	0.28420000
0.08530000	0.27880000
0.08290000	0.27350000
0.08160000	0.26830000
0.08040000	0.26320000
0.07790000	0.25820000
0.07790000	0.25330000
0.07790000	0.24850000
0.07670000	0.24370000
0.07420000	0.23910000
0.07420000	0.23460000
0.07670000	0.23010000
0.07550000	0.22570000
0.07420000	0.22140000
0.07420000	0.21720000
0.07420000	0.21310000
0.07300000	0.20910000
0.07300000	0.20510000
0.07170000	0.20120000
0.07170000	0.19740000
0.07170000	0.19360000
0.07170000	0.18990000
0.07170000	0.18630000
0.07300000	0.18280000
0.07420000	0.17930000
0.07300000	0.17590000
0.06930000	0.17260000
0.06800000	0.16930000
0.06680000	0.16610000
0.06680000	0.16290000
0.06560000	0.15980000
0.06680000	0.15680000
0.06680000	0.15380000
0.06800000	0.15090000
0.06800000	0.14800000
0.06930000	0.14520000
0.07050000	0.14240000
0.07420000	0.17280000
0.09150000	0.20370000
0.19670000	0.30480000
0.25480000	0.16290000
0.34760000	0.19300000
0.25360000	0.13210000
0.18430000	0.12460000
0.16080000	0.12220000
0.14970000	0.11990000
0.17440000	0.17860000
0.23250000	0.15530000
0.38100000	0.17950000
0.55040000	0.15550000
0.41190000	0.10890000
0.31170000	0.10680000
0.25480000	0.10480000
0.22390000	0.10280000
0.20780000	0.10090000
0.19790000	0.09890000
0.18800000	0.09710000
0.18310000	0.09520000
0.16820000	0.09340000
0.16580000	0.09160000
0.16330000	0.08990000
0.16200000	0.08820000
0.16080000	0.08650000
0.15960000	0.08490000
0.15960000	0.08330000
0.15710000	0.08170000
0.15460000	0.08010000
0.15460000	0.07860000
0.15460000	0.07710000
0.16200000	0.12420000
0.17440000	0.08480000
0.17440000	0.07280000
0.17320000	0.07140000
0.16950000	0.07010000
0.16700000	0.06870000
0.17070000	0.06740000
0.17320000	0.09420000
0.18180000	0.06490000
0.18180000	0.06620000
0.19540000	0.11230000
0.20160000	0.06120000
0.23750000	0.11670000
0.35380000	0.11720000
0.34630000	0.05780000
0.27580000	0.05670000
0.23250000	0.05560000
0.20780000	0.05460000
0.19170000	0.05360000
0.18180000	0.05250000
0.17440000	0.05150000
0.16700000	0.05390000
0.16580000	0.05130000
0.16450000	0.04870000
0.16450000	0.05060000
0.16200000	0.04680000
0.15710000	0.04590000
0.15710000	0.04510000
0.15460000	0.04420000
0.15340000	0.04340000
0.15090000	0.04250000
0.15090000	0.04170000
0.15210000	0.04090000
0.15590000	0.05030000
0.16450000	0.03940000
0.25360000	0.10080000
0.30920000	0.06900000
0.30180000	0.03720000
0.25850000	0.03650000
0.24240000	0.03970000
0.23630000	0.03510000
0.21400000	0.03440000
0.22270000	0.05900000
0.25110000	0.04160000
0.23870000	0.03280000
0.22760000	0.03190000
0.21520000	0.03130000
0.20780000	0.03070000
0.21280000	0.03010000
0.38100000	0.12400000
0.52570000	0.03860000
0.45150000	0.02840000
0.37730000	0.02790000
0.33150000	0.02740000
0.30180000	0.02680000
0.27830000	0.02630000
0.26220000	0.02580000
0.28330000	0.03240000
0.32280000	0.05130000
0.31170000	0.02440000
0.29320000	0.02390000
0.28080000	0.02350000
0.30180000	0.06200000
0.37360000	0.05740000
0.45890000	0.02290000
0.43660000	0.02240000
0.50960000	0.09720000
0.71000000	0.02930000
0.63330000	0.02980000
0.51950000	0.02010000
0.49110000	0.03230000
0.46010000	0.02610000
0.41930000	0.01900000
0.45640000	0.05550000
0.51330000	0.02190000
0.67410000	0.08780000
2.65940000	0.17270000
4.06960000	0.01800000
4.93540000	0.21110000
4.47780000	0.18820000
2.82020000	0.15440000
1.91730000	0.31540000
1.44720000	0.26560000
1.14910000	0.22550000
1.03530000	0.19500000
0.93760000	0.18360000
0.86590000	0.16790000
0.84110000	0.49120000
0.82750000	0.82250000
0.78920000	0.87950000
0.74220000	0.74950000
0.67410000	0.64010000
0.62840000	0.55650000
0.62220000	0.49240000
0.58630000	0.44290000
0.55910000	0.40440000
0.54180000	0.37410000
0.53310000	0.35010000
0.56530000	0.35270000
0.92770000	6.87510000
1.63280000	2.60730000
2.21410000	2.54110000
2.26360000	2.47040000
3.12950000	4.13070000
2.61000000	2.97230000
2.57290000	2.97410000
2.42440000	2.85290000
2.26360000	2.71240000
6.24660000	6.19680000
6.79090000	3.55530000
4.35410000	3.28890000
3.20370000	2.87080000
2.65940000	2.58250000
2.35020000	2.33370000
2.13990000	2.13960000
1.90490000	1.98660000
1.89250000	1.87860000
2.32550000	1.81150000
2.41210000	1.83850000
8.72050000	8.60320000
7.79280000	5.00060000
6.54350000	4.03560000
5.36840000	3.67840000
4.71280000	3.25510000
3.94590000	2.94400000
3.42640000	2.67360000
3.03050000	2.47390000
2.69660000	2.31580000
2.31310000	2.18740000
2.00390000	2.08500000
1.74410000	1.99630000
1.53380000	1.92310000
1.38540000	1.86000000
1.28640000	1.80480000
1.23570000	1.75560000
1.18750000	1.71100000
1.19120000	1.67020000
1.85540000	1.78550000
3.33980000	1.96480000
7.86700000	8.13610000
7.49590000	4.04440000
4.92310000	3.87700000
3.80980000	3.52900000
3.19130000	3.16450000
2.80790000	2.84100000
3.01820000	2.71280000
12.49320000	8.48290000
17.19360000	8.99640000
11.19440000	6.62650000
8.39890000	5.23640000
6.33320000	4.86820000
5.10860000	4.29540000
4.73750000	3.90700000
4.31700000	3.51600000
3.85930000	3.48870000
3.69850000	3.23890000
3.40160000	3.03620000
3.31500000	4.93330000
3.10470000	3.85530000
2.93160000	3.71220000
2.75840000	3.40200000
2.57290000	3.15760000
2.39970000	2.96270000
2.23890000	2.80530000
2.09040000	2.67610000
1.99150000	2.56840000
1.86780000	2.47690000
1.76880000	2.39790000
1.69460000	2.34600000
1.59570000	2.26610000
1.49670000	2.20950000
1.39780000	2.15740000
1.34830000	2.10880000
1.28640000	2.06310000
1.24930000	2.01960000
1.19980000	1.97800000
1.15040000	1.93860000
1.11330000	1.89940000
1.07610000	1.86200000
1.03900000	1.82560000
1.00440000	1.79010000
0.96230000	1.75560000
0.95000000	1.72180000
0.91530000	1.68870000
0.88070000	1.65640000
0.85600000	1.62480000
0.83620000	1.59380000
0.81640000	1.56340000
0.79540000	1.53360000
0.77190000	1.50440000
0.75330000	1.47580000
0.73350000	1.44770000
0.71120000	1.42020000
0.67780000	1.39320000
0.65810000	1.36670000
0.68030000	1.37410000
0.77430000	1.37610000
0.71620000	1.29020000
0.67410000	1.26570000
0.63210000	1.24160000
0.60980000	1.21810000
0.59620000	1.19490000
0.57890000	1.17220000
0.56160000	1.14990000
0.52200000	1.12810000
0.50960000	1.10670000
0.50470000	1.08560000
0.49480000	1.06500000
0.48980000	1.04480000
0.45270000	1.02490000
0.44650000	1.00540000
0.42800000	0.98630000
0.40450000	0.96760000
0.41310000	0.94920000
0.43050000	0.93120000
0.40820000	0.91350000
0.39830000	0.89610000
0.39090000	0.87910000
0.38220000	0.86240000
0.37600000	0.84600000
0.38960000	0.83110000
0.38840000	0.81420000
0.36860000	0.79870000
0.35750000	0.78350000
0.35010000	0.76860000
0.34260000	0.75400000
0.35010000	0.75580000
0.34510000	0.72570000
0.32660000	0.71190000
0.30920000	0.69830000
0.29070000	0.68510000
0.27460000	0.67210000
0.26720000	0.65930000
0.26220000	0.64680000
0.27340000	0.63450000
0.27210000	0.62240000
0.24860000	0.61060000
0.23750000	0.59900000
0.23010000	0.58760000
0.22270000	0.57640000
0.21150000	0.56550000
0.20780000	0.55470000
0.20660000	0.54420000
0.20530000	0.53390000
0.20290000	0.52370000
0.20040000	0.51380000
0.19670000	0.50400000
0.19540000	0.49690000
0.19300000	0.48500000
0.18430000	0.47580000
0.17560000	0.46680000
0.16450000	0.45790000
0.15210000	0.44920000
0.14840000	0.44070000
0.13850000	0.43230000
0.13360000	0.42410000
0.12740000	0.41600000
0.11870000	0.40810000
0.11750000	0.40040000
0.11630000	0.39280000
0.11500000	0.38530000
0.11380000	0.37800000
0.11130000	0.37080000
0.10760000	0.36380000
0.10270000	0.35680000
0.09650000	0.35010000
0.09520000	0.34340000
0.09520000	0.33690000
0.09280000	0.33050000
0.08910000	0.32420000
0.08530000	0.31810000
0.07420000	0.31200000
0.07050000	0.30610000
0.07920000	0.30030000
0.07790000	0.29470000
0.09030000	0.28900000
0.09280000	0.28350000
0.10640000	0.27810000
0.11130000	0.33160000
0.11500000	0.26760000
0.10890000	0.26250000
0.10140000	0.25750000
0.09400000	0.25270000
0.08910000	0.24790000
0.07920000	0.24310000
0.07170000	0.23850000
0.07670000	0.23400000
0.07420000	0.22950000
0.07050000	0.22520000
0.06560000	0.22090000
0.06310000	0.21670000
0.05690000	0.21260000
0.05200000	0.20860000
0.04700000	0.20460000
0.04450000	0.20070000
0.04080000	0.19690000
0.03830000	0.19310000
0.03710000	0.18950000
0.03590000	0.18590000
0.03460000	0.18230000
0.03340000	0.17890000
0.03460000	0.17550000
0.03220000	0.17210000
0.03090000	0.16890000
0.03460000	0.16570000
0.03460000	0.16250000
0.03220000	0.15940000
0.03090000	0.15640000
0.02970000	0.15340000
0.02970000	0.15050000
0.02970000	0.14770000
0.02840000	0.14490000
0.02840000	0.14210000
0.02840000	0.13940000
0.02720000	0.13680000
0.02600000	0.13420000
0.02470000	0.13160000
0.02470000	0.12910000
0.02470000	0.12670000
0.02470000	0.12420000
0.02470000	0.12190000
0.02720000	0.11960000
0.02720000	0.11730000
0.02970000	0.11510000
0.03220000	0.11290000
0.02970000	0.11070000
0.02970000	0.10860000
0.02970000	0.10660000
0.02970000	0.10450000
0.02970000	0.10260000
0.02970000	0.10060000
0.03220000	0.09870000
0.03220000	0.09680000
0.03090000	0.09500000
0.02840000	0.09320000
0.02840000	0.09140000
0.02840000	0.08970000
0.02720000	0.08800000
0.02720000	0.08630000
0.02720000	0.08470000
0.02720000	0.08300000
0.02720000	0.08150000
0.02720000	0.07990000
0.02470000	0.07840000
0.02470000	0.07690000
0.02600000	0.07550000
0.02720000	0.07400000
0.02720000	0.07260000
0.02720000	0.07120000
0.02470000	0.06990000
0.02350000	0.06860000
0.02230000	0.06720000
0.02350000	0.06600000
0.02230000	0.06470000
0.02350000	0.06350000
0.02100000	0.06570000
0.02350000	0.06110000
0.02350000	0.05990000
0.02350000	0.05880000
0.02470000	0.05770000
0.02470000	0.05760000
0.02600000	0.05550000
0.02840000	0.05450000
0.02840000	0.05340000
0.02970000	0.05240000
0.02840000	0.05140000
0.02970000	0.05040000
0.02840000	0.04950000
0.03220000	0.04850000
0.03220000	0.04760000
0.03340000	0.04670000
0.04210000	0.09940000
0.04580000	0.06490000
0.05070000	0.04410000
0.05440000	0.04330000
0.05570000	0.04240000
0.05570000	0.05110000
0.05570000	0.04880000
0.05690000	0.04010000
0.05690000	0.03930000
0.06060000	0.03960000
0.06180000	0.04440000
0.06180000	0.03710000
0.06180000	0.03640000
0.06560000	0.03570000
0.06430000	0.03500000
0.06180000	0.03440000
0.06180000	0.03370000
0.07420000	0.11130000
0.07920000	0.03240000
0.08040000	0.03180000
0.07790000	0.03120000
0.09150000	0.11020000
0.11130000	0.05070000
0.11380000	0.02950000
0.09900000	0.03620000
0.09770000	0.09280000
0.11870000	0.02780000
0.11260000	0.02730000
0.10890000	0.09820000
0.12620000	0.12430000
0.13360000	0.02580000
0.11630000	0.02530000
0.10270000	0.02480000
0.09770000	0.02510000
0.09030000	0.02440000
0.08660000	0.02590000
0.08290000	0.02300000
0.07790000	0.02250000
0.12490000	0.03150000
0.59250000	0.04670000
3.97060000	0.32610000
2.57290000	0.12810000
4.08190000	0.18930000
3.52530000	0.11020000
7.23620000	4.31800000
5.99920000	1.86720000
3.47580000	1.77950000
4.86120000	1.54570000
17.44100000	6.48900000
9.67300000	3.01060000
5.51680000	2.73000000
3.77270000	2.34580000
3.14190000	2.01530000
2.75840000	1.76340000
2.22650000	1.56900000
2.01620000	1.41860000
1.79360000	1.30110000
1.60800000	1.20850000
1.45960000	1.13460000
1.47200000	1.07510000
1.60800000	1.02850000
1.52140000	0.98550000
1.36060000	0.95020000
1.24930000	0.92010000
1.16770000	0.89350000
1.10090000	0.86980000
1.07610000	0.91820000
1.01920000	1.08500000
0.95370000	1.27310000
0.88690000	1.16800000
0.82750000	1.08510000
0.80280000	1.01890000
0.95250000	0.99130000
1.36060000	1.03370000
1.49670000	1.16220000
1.31120000	1.20040000
1.24930000	1.10950000
1.42250000	1.03730000
2.54810000	0.97930000
4.50250000	2.43460000
7.02590000	2.03370000
4.47780000	1.94840000
3.33980000	1.72220000
3.56240000	1.54770000
7.07540000	1.41200000
6.11050000	1.30540000
5.04680000	1.22080000
3.87170000	1.15280000
3.22840000	1.09720000
2.80790000	1.05120000
2.56050000	1.01230000
2.44920000	0.97880000
2.38730000	0.94960000
2.44920000	0.92360000
2.51100000	0.90010000
2.68420000	0.87850000
2.88210000	0.85850000
3.21610000	0.83970000
3.52530000	0.82190000
4.08190000	0.80810000
3.58720000	0.79000000
3.21610000	0.77300000
2.78310000	0.75750000
2.35020000	0.74270000
2.04100000	0.72820000
1.86780000	0.71420000
1.73170000	0.70040000
1.62040000	0.68700000
1.57090000	0.68860000
1.69460000	0.71670000
1.91730000	0.67770000
1.91730000	0.66200000
1.92960000	0.77130000
1.94200000	0.99820000
1.79360000	1.08190000
1.73170000	1.10700000
1.63280000	0.99990000
1.52140000	0.91800000
1.43490000	0.85780000
1.34830000	0.80610000
1.31120000	0.77210000
1.29880000	0.73690000
1.27410000	0.70390000
1.28640000	0.67990000
1.27410000	0.65910000
1.26170000	0.64060000
1.24930000	0.62400000
1.32350000	0.60880000
1.37300000	0.63260000
1.44720000	0.61420000
1.63280000	0.58380000
1.50910000	0.55720000
1.38540000	0.54580000
1.34830000	0.53480000
1.36060000	0.55790000
1.28640000	0.51840000
1.24930000	0.50390000
1.17880000	0.49410000
1.14790000	0.49790000
1.09100000	0.47530000
1.04650000	0.46620000
0.99330000	0.45730000
0.94750000	0.44850000
0.91780000	0.44000000
0.88190000	0.43160000
0.83740000	0.42340000
0.80280000	0.41530000
0.78670000	0.40740000
0.75700000	0.39970000
0.74090000	0.39210000
0.74220000	0.38850000
0.72610000	0.37730000
0.72730000	0.38530000
0.72110000	0.36320000
0.68900000	0.35620000
0.66050000	0.34940000
0.64320000	0.34280000
0.63080000	0.33630000
0.61600000	0.32990000
0.59130000	0.32360000
0.56530000	0.31750000
0.53930000	0.31140000
0.53560000	0.30550000
0.53930000	0.30680000
0.53680000	0.29620000
0.50960000	0.28840000
0.49970000	0.28300000
0.49970000	0.27760000
0.48360000	0.27230000
0.47000000	0.26710000
0.47000000	0.26210000
0.43910000	0.25710000
0.45150000	0.25220000
0.47870000	0.26460000
0.47870000	0.27030000
0.45520000	0.23810000
0.44780000	0.23360000
0.43290000	0.22910000
0.51580000	0.22480000
0.72610000	0.33320000
0.72240000	0.32790000
0.66550000	0.23440000
0.66670000	0.25040000
0.65430000	0.24730000
0.63580000	0.20030000
0.59000000	0.19650000
0.56530000	0.19280000
0.53310000	0.18910000
0.52080000	0.18550000
0.59990000	0.22370000
0.58260000	0.20620000
0.54430000	0.17550000
0.52200000	0.17180000
0.49730000	0.16930000
0.48610000	0.16540000
0.49480000	0.18690000
0.50340000	0.17670000
0.59000000	0.26400000
0.63460000	0.21980000
0.59740000	0.21850000
0.56650000	0.14740000
0.53810000	0.14460000
0.52320000	0.14180000
0.54920000	0.16170000
0.50340000	0.13650000
0.47000000	0.13390000
0.49600000	0.16380000
0.53190000	0.15690000
0.48980000	0.12640000
0.45520000	0.12400000
0.42800000	0.12170000
0.40570000	0.11930000
0.38960000	0.11710000
0.37480000	0.11490000
0.36980000	0.11270000
0.35750000	0.11050000
0.34880000	0.10840000
0.34390000	0.10640000
0.34760000	0.12330000
0.38350000	0.13960000
0.36860000	0.11090000
0.35130000	0.09850000
0.58880000	0.16700000
0.62590000	0.10850000
0.50960000	0.10360000
0.46630000	0.10240000
0.48740000	0.12310000
0.53190000	0.12550000
0.59620000	0.12130000
0.59370000	0.10850000
0.59130000	0.10930000
0.59370000	0.10530000
0.55040000	0.07980000
0.49970000	0.07830000
0.46880000	0.07680000
0.43660000	0.07530000
0.41070000	0.07390000
0.39580000	0.07250000
0.38960000	0.07110000
0.37970000	0.06980000
0.35500000	0.06840000
0.33890000	0.06710000
0.32780000	0.06590000
0.30680000	0.06460000
0.28700000	0.06340000
0.27580000	0.06220000
0.25850000	0.06100000
0.24990000	0.05980000
0.24120000	0.05870000
0.23250000	0.05760000
0.23250000	0.05650000
0.23380000	0.05540000
0.22880000	0.05440000
0.22510000	0.05330000
0.21770000	0.05230000
0.21520000	0.05130000
0.21030000	0.05030000
0.20040000	0.04940000
0.19790000	0.04840000
0.18800000	0.04750000
0.18310000	0.04660000
0.17690000	0.04570000
0.16700000	0.04490000
0.16330000	0.04400000
0.15460000	0.04320000
0.15460000	0.04240000
0.15340000	0.04160000
0.14840000	0.04080000
0.14840000	0.04000000
0.14720000	0.03920000
0.13480000	0.03850000
0.12620000	0.03780000
0.11870000	0.03700000
0.11130000	0.03630000
0.10510000	0.03560000
0.10390000	0.03500000
0.10270000	0.03430000
0.10390000	0.03360000
0.10390000	0.03300000
0.10020000	0.03240000
0.09400000	0.03180000
0.08910000	0.03120000
0.08660000	0.03060000
0.08410000	0.03000000
0.07920000	0.02940000
0.07420000	0.02890000
0.07170000	0.02830000
0.06930000	0.02780000
0.07300000	0.02720000
0.07670000	0.02670000
0.07420000	0.02620000
0.07050000	0.02570000
0.06800000	0.02520000
0.06800000	0.02480000
0.06310000	0.02430000
0.06310000	0.02380000
0.06430000	0.02340000
0.06800000	0.02290000
0.07420000	0.02250000
0.07550000	0.02210000
0.07300000	0.02160000
0.06680000	0.02120000
0.06560000	0.02080000
0.06430000	0.02040000
0.06060000	0.02000000
0.05810000	0.01970000
0.05570000	0.01930000
0.05320000	0.01890000
0.05440000	0.01860000
0.05070000	0.01820000
0.04450000	0.01790000
0.03460000	0.01750000
0.03220000	0.01720000
0.03090000	0.01690000
0.02970000	0.01650000
0.02970000	0.01620000
0.02720000	0.01590000
0.02600000	0.01560000
0.02470000	0.01530000
0.02470000	0.01500000
0.02350000	0.01470000
0.02350000	0.01450000
0.02470000	0.01420000
0.02600000	0.01390000
0.02470000	0.01370000
0.02350000	0.01340000
0.02470000	0.01310000
0.02470000	0.01290000
0.02600000	0.01270000
0.02470000	0.01240000
0.02470000	0.01220000
0.02720000	0.01190000
0.02840000	0.01170000
0.03340000	0.01190000
0.03590000	0.01130000
0.03460000	0.01110000
0.03590000	0.01090000
0.03460000	0.01060000
0.03590000	0.01040000
0.03590000	0.01020000
0.03590000	0.01000000
0.03960000	0.00990000
0.03960000	0.00970000
0.03960000	0.00950000
0.03710000	0.00930000
0.03710000	0.00910000
0.03590000	0.00900000
0.03960000	0.00880000
0.04820000	0.06450000
0.05320000	0.00850000
0.05440000	0.00830000
0.05440000	0.00810000
0.05320000	0.00800000
0.05200000	0.00780000
0.05440000	0.00770000
0.05810000	0.00750000
0.06180000	0.00740000
0.08530000	0.05990000
0.09520000	0.00710000
0.09030000	0.00700000
0.08160000	0.00680000
0.07790000	0.00670000
0.07420000	0.00660000
0.07170000	0.00650000
0.06930000	0.00630000
0.06680000	0.00620000
0.06310000	0.00610000
0.05940000	0.00600000
0.05810000	0.00590000
0.05810000	0.00580000
0.05440000	0.00570000
0.05440000	0.00550000
0.05440000	0.00540000
0.05570000	0.00530000
0.05570000	0.00520000
0.05690000	0.00510000
0.08040000	0.04680000
0.24490000	0.24870000
0.23130000	0.04070000
0.16950000	0.00480000
0.16200000	0.05970000
0.15210000	0.00460000
0.14970000	0.06360000
0.14840000	0.00440000
0.24860000	0.13860000
0.32900000	0.06820000
0.27460000	0.10780000
0.45030000	0.12130000
0.79040000	0.08770000
0.52570000	0.05800000
0.56400000	0.06900000
1.03160000	0.11750000
0.75700000	0.00450000
0.51700000	0.04680000
0.42430000	0.04960000
0.66180000	0.04380000
6.97640000	0.06240000
10.53880000	9.05340000
3.61190000	2.77790000
2.48630000	2.49440000
2.27600000	2.21000000
1.96680000	2.17100000
1.99150000	2.07320000
1.91730000	1.76560000
1.63280000	1.63410000
1.38540000	1.44330000
1.20600000	1.29610000
1.06500000	1.18160000
0.94010000	1.09170000
0.84240000	1.02040000
0.80150000	0.96920000
0.76690000	0.91640000
0.72730000	0.87770000
0.68770000	0.84500000
0.65930000	0.81690000
0.63330000	0.79240000
0.60730000	0.77060000
0.58630000	0.75090000
0.56400000	0.73290000
0.53560000	0.71610000
0.51460000	0.70030000
0.49970000	0.68540000
0.48610000	0.67120000
0.49110000	0.66010000
0.53310000	0.64550000
0.70630000	0.63240000
0.89060000	0.62000000
0.96480000	0.60800000
0.89060000	0.59620000
0.86590000	0.58470000
0.84110000	0.57350000
0.75450000	0.56260000
0.66800000	0.55180000
0.59990000	0.54130000
0.66180000	0.53100000
0.77680000	0.52090000
0.74710000	0.51100000
0.72360000	0.50130000
0.83000000	0.49170000
0.97600000	0.48250000
1.16640000	0.47320000
1.18990000	0.46430000
1.09840000	0.45550000
1.01430000	0.44680000
1.00560000	0.43830000
2.44920000	0.43000000
2.48630000	0.42190000
1.85540000	0.41390000
1.60800000	0.40600000
1.38540000	0.39830000
1.20480000	0.39080000
1.09720000	0.38340000
1.05020000	0.37610000
1.03410000	0.36890000
1.07610000	0.36190000
1.20730000	0.35510000
1.41010000	0.34830000
2.51100000	0.35740000
2.74600000	0.34010000
2.17700000	0.32970000
1.81830000	0.32280000
1.62040000	0.31660000
1.55860000	0.32950000
1.53380000	0.30990000
1.47200000	0.29960000
1.62040000	0.35300000
2.01620000	0.35010000
2.17700000	0.73890000
1.99150000	0.90220000
1.74410000	0.91000000
1.55860000	0.80680000
1.36060000	0.71470000
1.21100000	0.64340000
1.12690000	0.58790000
1.05760000	0.54430000
1.09470000	0.51000000
1.05140000	0.48210000
0.98090000	0.45930000
0.93640000	0.44030000
0.89680000	0.42430000
0.87950000	0.41050000
0.87330000	0.39830000
0.85970000	0.38750000
0.84850000	0.41000000
0.97100000	0.43610000
1.13800000	0.52280000
1.18750000	0.69820000
1.16270000	0.89980000
1.48430000	1.14860000
1.85540000	1.35020000
1.63280000	1.37850000
1.38540000	1.23930000
1.26170000	1.09060000
1.21220000	0.97600000
1.15040000	0.88700000
1.15040000	0.81730000
1.34830000	0.76290000
1.41010000	0.71870000
1.33590000	0.68710000
2.59760000	0.66780000
6.43210000	3.10820000
5.81370000	2.06960000
5.31890000	2.61520000
8.41130000	8.28520000
16.08040000	5.77640000
12.98800000	6.12990000
9.15340000	4.60090000
7.42170000	5.15150000
5.69000000	4.33070000
4.76230000	4.02660000
4.32930000	3.58890000
4.32930000	3.14650000
4.63860000	6.21980000
5.19520000	4.35150000
5.56630000	4.09270000
5.25700000	3.73410000
5.33130000	3.36050000
5.13330000	3.06140000
5.00970000	5.86530000
5.31890000	7.42220000
5.69000000	4.76050000
5.31890000	4.40370000
4.70040000	3.95310000
3.83450000	3.74270000
3.89640000	3.61460000
4.08190000	3.37850000
3.83450000	3.09640000
4.20560000	3.17060000
3.71090000	3.66630000
3.46350000	3.66900000
3.46350000	3.52390000
3.48820000	3.24880000
3.58720000	3.03090000
3.38920000	2.85620000
3.09240000	2.71410000
2.91920000	2.59660000
2.79550000	2.49790000
2.61000000	2.41340000
2.47390000	2.33970000
2.36260000	2.27440000
2.22650000	2.21560000
2.11520000	2.16170000
1.99150000	2.11190000
1.90490000	2.06520000
1.83070000	2.02100000
1.75650000	1.97890000
1.75650000	1.96970000
1.70700000	1.94640000
1.65750000	1.94140000
1.59570000	1.87290000
1.52140000	1.82040000
1.50910000	1.75870000
1.48430000	1.72190000
1.39780000	1.68820000
1.32350000	1.65590000
1.29880000	1.68790000
1.27410000	1.65000000
1.22210000	1.56280000
1.17510000	1.53300000
1.14050000	1.50380000
1.10950000	1.47520000
1.08110000	1.44710000
1.05510000	1.41960000
1.03040000	1.39260000
1.07610000	1.39380000
1.09720000	1.36570000
1.03290000	1.31540000
0.97720000	1.28970000
0.94130000	1.26520000
0.91780000	1.24110000
0.89680000	1.21760000
0.86830000	1.19440000
0.83120000	1.17170000
0.81520000	1.14950000
0.77680000	1.12760000
0.75700000	1.10620000
0.73850000	1.08520000
0.72980000	1.06460000
0.82380000	1.09290000
0.87080000	1.04320000
0.81760000	1.01070000
0.76570000	0.98590000
0.72610000	0.96720000
0.70380000	0.95460000
0.69890000	0.93870000
0.67780000	0.91310000
0.63700000	0.89580000
0.61600000	0.87870000
0.58760000	0.86200000
0.55910000	0.84570000
0.54670000	0.83450000
0.55540000	0.81770000
0.55910000	0.79920000
0.53190000	0.78320000
0.50960000	0.76830000
0.48610000	0.75370000
0.45890000	0.73940000
0.42550000	0.72540000
0.42300000	0.71160000
0.41070000	0.69810000
0.39830000	0.68480000
0.39340000	0.67180000
0.39210000	0.65900000
0.37850000	0.64650000
0.36000000	0.63420000
0.34880000	0.62220000
0.34140000	0.61030000
0.33150000	0.59870000
0.31790000	0.58740000
0.30800000	0.57620000
0.29190000	0.56530000
0.27830000	0.55450000
0.27340000	0.54400000
0.26220000	0.53370000
0.25730000	0.52350000
0.26720000	0.53210000
0.30800000	0.53780000
0.31050000	0.49420000
0.28820000	0.48480000
0.25480000	0.47560000
0.25110000	0.46660000
0.24000000	0.45770000
0.22880000	0.44900000
0.21770000	0.44050000
0.20530000	0.43210000
0.19910000	0.42390000
0.19420000	0.41590000
0.18800000	0.40800000
0.18310000	0.40020000
0.17690000	0.39260000
0.17440000	0.38520000
0.17070000	0.37780000
0.16580000	0.37070000
0.16200000	0.36360000
0.16200000	0.35670000
0.15710000	0.34990000
0.15210000	0.34330000
0.14840000	0.33680000
0.14600000	0.33040000
0.14220000	0.32410000
0.13480000	0.31790000
0.13240000	0.31190000
0.12490000	0.30600000
0.11750000	0.30010000
0.11750000	0.29440000
0.11500000	0.28880000
0.11260000	0.28340000
0.11260000	0.27800000
0.11260000	0.27270000
0.11260000	0.26750000
0.11260000	0.26240000
0.11260000	0.25740000
0.10760000	0.25260000
0.10390000	0.24780000
0.09650000	0.24300000
0.09280000	0.23840000
0.08910000	0.23390000
0.08780000	0.22950000
0.08530000	0.22510000
0.08290000	0.22080000
0.08160000	0.21660000
0.08040000	0.21250000
0.08040000	0.20850000
0.07670000	0.20450000
0.07670000	0.20060000
0.07300000	0.19680000
0.07050000	0.19310000
0.06930000	0.18940000
0.06680000	0.18580000
0.06680000	0.18600000
0.06800000	0.24380000
0.07790000	0.17540000
0.08160000	0.17210000
0.08160000	0.16880000
0.08160000	0.16560000
0.07790000	0.16250000
0.07420000	0.15940000
0.07050000	0.15630000
0.06800000	0.15340000
0.06680000	0.15050000
0.06680000	0.14760000
0.06560000	0.14480000
0.06430000	0.14200000
0.06310000	0.13930000
0.06560000	0.13670000
0.06560000	0.13410000
0.06680000	0.13160000
0.06680000	0.12910000
0.06680000	0.12660000
0.06680000	0.12420000
0.06680000	0.12180000
0.06800000	0.11950000
0.06800000	0.11720000
0.06800000	0.11500000
0.07050000	0.14830000
0.09520000	0.28340000
0.17070000	0.18120000
0.21650000	0.10650000
0.20780000	0.10450000
0.16080000	0.10250000
0.12990000	0.10060000
0.11630000	0.09870000
0.11010000	0.09680000
0.10390000	0.09490000
0.10510000	0.12240000
0.10390000	0.14190000
0.11010000	0.08960000
0.12000000	0.20190000
0.18180000	0.17690000
0.23750000	0.08460000
0.21150000	0.08300000
0.17070000	0.08140000
0.15210000	0.07990000
0.13850000	0.07840000
0.12740000	0.07690000
0.12120000	0.07540000
0.11630000	0.07400000
0.11380000	0.07260000
0.10020000	0.07120000
0.09520000	0.06990000
0.09400000	0.06850000
0.09280000	0.06720000
0.09150000	0.06590000
0.09150000	0.06470000
0.09150000	0.06350000
0.09150000	0.06230000
0.09150000	0.06110000
0.09150000	0.05990000
0.09280000	0.05880000
0.10390000	0.19660000
0.24740000	0.24100000
1.42250000	0.45960000
1.79360000	0.24450000
1.58330000	0.71510000
0.72980000	0.99400000
0.66800000	1.16020000
0.59370000	1.33810000
0.44530000	1.36770000
0.40820000	1.15370000
0.38590000	0.99080000
0.37110000	0.86620000
0.35870000	0.77040000
0.34630000	0.69630000
0.34020000	0.63840000
0.33400000	0.59280000
0.32160000	0.55650000
0.31540000	0.52710000
0.30920000	0.50290000
0.29690000	0.48280000
0.29560000	0.46570000
0.28570000	0.45090000
0.28450000	0.43780000
0.28330000	0.42670000
0.27710000	0.41560000
0.27460000	0.40580000
0.27340000	0.39670000
0.27210000	0.38810000
0.27210000	0.37990000
0.27210000	0.37210000
0.27090000	0.36460000
0.26720000	0.35730000
0.27090000	0.35030000
0.27340000	0.34340000
0.29070000	0.42030000
0.30920000	0.33840000
0.33400000	0.35010000
0.34760000	0.31910000
0.33150000	0.31190000
0.31050000	0.30590000
0.30550000	0.30010000
0.30430000	0.30100000
0.34140000	0.28880000
0.37730000	0.28300000
0.39460000	0.27770000
0.41690000	0.29740000
0.41310000	0.27640000
0.40570000	0.26210000
0.38470000	0.25710000
0.31670000	0.25220000
0.29810000	0.24740000
0.29810000	0.24270000
0.29810000	0.23810000
0.29810000	0.23360000
0.28200000	0.22910000
0.24860000	0.22480000
0.23870000	0.22050000
0.23750000	0.21630000
0.22880000	0.21220000
0.22020000	0.20820000
0.21520000	0.20420000
0.21890000	0.20030000
0.21650000	0.19650000
0.21280000	0.19280000
0.20530000	0.18910000
0.20660000	0.18550000
0.20290000	0.18200000
0.19910000	0.17860000
0.20660000	0.17520000
0.20290000	0.17180000
0.19670000	0.16860000
0.19670000	0.16540000
0.21030000	0.16780000
0.21280000	0.15990000
0.21280000	0.15680000
0.21280000	0.15370000
0.19420000	0.15100000
0.27460000	0.16950000
5.26940000	9.61560000
9.68530000	19.20040000
4.41590000	11.31610000
1.86780000	5.91190000
1.41010000	5.06780000
1.71940000	4.31600000
2.82020000	8.34390000
2.43680000	5.10990000
1.91730000	4.64400000
1.66990000	4.11030000
1.47200000	3.62780000
1.36060000	3.27560000
1.36060000	2.98630000
1.36060000	2.75940000
1.36060000	2.57880000
1.34830000	2.43400000
0.98580000	2.31600000
0.98580000	2.21810000
0.98580000	2.13550000
0.98580000	2.10220000
0.98580000	2.00270000
0.98580000	1.99800000
0.97220000	1.95080000
1.03410000	1.89740000
1.02300000	1.83990000
1.03900000	1.90830000
1.08360000	1.84420000
1.28640000	1.78830000
1.27410000	1.73870000
1.29880000	1.69390000
1.28640000	1.65290000
1.23700000	1.61490000
1.18620000	1.57930000
1.19980000	1.54560000
1.26170000	1.51350000
1.32350000	1.48980000
1.36060000	1.46180000
1.33590000	1.42630000
1.24930000	1.39660000
1.19980000	1.36910000
1.26170000	1.34260000
1.19860000	1.31670000
1.10580000	1.29150000
1.02910000	1.26670000
1.01060000	1.24250000
0.99200000	1.21880000
1.04770000	1.22020000
1.20360000	1.23010000
1.44720000	1.19980000
1.70700000	1.42820000
1.91730000	1.89440000
2.00390000	1.99350000
2.00390000	1.97660000
1.97910000	1.83630000
2.15230000	1.76590000
2.65940000	3.65930000
2.47390000	3.50990000
2.20180000	4.02550000
1.90490000	3.48590000
1.73170000	3.30120000
1.60800000	2.94230000
1.47200000	2.61230000
1.63280000	2.59180000
1.65750000	2.79590000
1.53380000	2.84390000
1.42250000	2.57570000
1.43490000	2.36630000
1.52140000	2.26000000
1.52140000	2.06810000
1.52140000	2.14000000
1.50910000	2.01550000
1.45960000	1.91490000
1.38540000	1.83180000
1.32350000	1.76200000
1.26170000	1.70220000
1.22210000	1.65020000
1.16150000	1.60400000
1.11450000	1.56250000
1.05140000	1.52450000
1.00690000	1.48930000
0.99450000	1.45630000
0.95860000	1.42510000
0.92900000	1.39540000
0.89800000	1.36690000
0.88070000	1.33950000
0.86460000	1.31290000
0.83990000	1.28710000
0.82260000	1.26210000
0.82750000	1.25140000
0.80280000	1.21370000
0.80900000	1.19040000
0.81520000	1.19840000
0.79540000	1.14530000
0.77560000	1.12340000
0.75700000	1.10200000
0.72360000	1.08100000
0.71870000	1.06040000
0.69890000	1.04020000
0.68280000	1.02040000
0.68280000	1.00100000
0.67540000	0.98200000
0.66670000	0.96330000
0.65430000	0.94510000
0.64200000	0.94140000
0.64070000	0.90940000
0.63080000	0.92640000
0.70750000	0.96570000
0.68530000	0.86950000
0.62710000	0.84220000
0.60490000	0.82620000
0.58510000	0.81050000
0.56280000	0.79840000
0.54430000	0.78000000
0.53810000	0.76520000
0.51950000	0.75070000
0.51460000	0.73640000
0.49850000	0.72240000
0.48490000	0.70870000
0.47250000	0.69520000
0.45520000	0.68200000
0.44780000	0.66910000
0.44160000	0.65630000
0.43290000	0.64390000
0.42670000	0.63160000
0.42060000	0.61960000
0.41560000	0.60790000
0.40700000	0.59630000
0.39580000	0.58500000
0.38590000	0.57390000
0.36370000	0.56300000
0.35380000	0.55230000
0.34630000	0.54180000
0.35010000	0.53150000
0.44040000	0.64950000
0.45770000	0.56820000
0.96110000	0.72630000
1.38540000	0.62150000
0.90540000	0.52780000
0.70510000	0.47400000
0.64940000	0.55340000
2.05330000	0.69960000
3.58720000	3.56710000
2.09040000	1.84450000
2.17700000	1.86220000
5.65290000	4.74940000
4.51490000	3.12190000
3.21610000	2.98240000
2.48630000	2.71940000
2.06570000	2.35510000
1.75650000	2.07440000
1.55860000	1.87410000
1.42250000	1.69500000
1.24930000	1.55980000
1.13800000	1.45580000
1.05260000	1.37230000
0.97100000	1.30440000
0.91040000	1.24830000
0.87080000	1.20100000
0.82750000	1.16050000
0.77930000	1.12530000
0.74840000	1.09390000
0.72110000	1.06570000
0.68770000	1.03990000
0.65430000	1.01590000
0.61850000	0.99350000
0.59250000	0.97230000
0.56780000	0.95200000
0.53930000	0.93260000
0.52450000	0.91390000
0.50470000	0.89580000
0.48740000	0.87820000
0.47380000	0.86110000
0.45640000	0.84440000
0.44650000	0.82810000
0.43290000	0.81220000
0.41310000	0.79670000
0.40080000	0.78520000
0.39210000	0.76650000
0.37970000	0.75190000
0.36980000	0.73760000
0.36490000	0.72350000
0.35620000	0.70970000
0.34390000	0.69620000
0.32660000	0.68300000
0.31170000	0.67010000
0.30180000	0.65720000
0.28820000	0.64480000
0.27960000	0.63250000
0.26970000	0.62050000
0.26100000	0.60870000
0.25730000	0.59710000
0.24860000	0.58950000
0.24740000	0.57470000
0.25360000	0.56930000
0.29190000	0.55300000
0.25110000	0.54250000
0.22880000	0.53220000
0.21150000	0.52210000
0.20290000	0.51220000
0.19420000	0.50250000
0.19420000	0.49290000
0.19300000	0.48350000
0.18680000	0.47440000
0.17810000	0.46530000
0.17440000	0.45650000
0.16700000	0.44780000
0.15960000	0.43930000
0.14720000	0.43100000
0.14470000	0.42280000
0.13730000	0.41470000
0.13110000	0.40690000
0.12860000	0.39910000
0.12120000	0.39160000
0.11630000	0.38410000
0.11010000	0.37680000
0.10640000	0.36970000
0.10020000	0.36260000
0.09770000	0.35570000
0.09520000	0.34900000
0.09150000	0.34240000
0.09150000	0.33580000
0.09150000	0.32950000
0.09150000	0.32320000
0.09520000	0.32600000
0.10140000	0.31100000
0.10020000	0.30510000
0.12250000	0.32020000
0.12000000	0.29360000
0.11130000	0.28810000
0.10270000	0.28260000
0.10020000	0.27720000
0.09900000	0.31290000
0.12740000	0.31470000
0.14970000	0.28120000
0.13480000	0.25670000
0.12620000	0.26120000
0.11500000	0.24710000
0.10640000	0.24240000
0.10270000	0.23780000
0.10140000	0.23330000
0.09520000	0.22880000
0.09280000	0.22450000
0.09030000	0.22020000
0.08660000	0.21600000
0.08290000	0.21190000
0.08290000	0.20790000
0.08040000	0.20400000
0.07550000	0.20010000
0.07420000	0.19630000
0.07300000	0.19260000
0.07300000	0.18890000
0.07300000	0.18530000
0.07300000	0.18180000
0.07420000	0.17830000
0.07300000	0.17490000
0.07300000	0.17160000
0.07300000	0.16840000
0.06800000	0.16520000
0.06800000	0.16200000
0.06680000	0.15890000
0.06800000	0.17220000
0.07670000	0.16530000
0.08780000	0.17210000
0.09650000	0.14720000
0.10270000	0.14440000
0.10140000	0.14170000
0.09280000	0.13900000
0.08660000	0.13630000
0.08160000	0.13370000
0.07920000	0.13120000
0.07790000	0.12870000
0.07790000	0.12630000
0.07550000	0.12390000
0.07550000	0.12150000
0.07550000	0.11920000
0.07550000	0.11690000
0.07550000	0.11470000
0.07550000	0.11250000
0.07420000	0.11040000
0.07550000	0.10830000
0.07550000	0.10620000
0.07550000	0.10420000
0.07550000	0.10220000
0.07550000	0.10030000
0.08160000	0.13960000
0.09650000	0.15450000
0.10140000	0.09470000
0.10270000	0.09290000
0.10020000	0.09630000
0.10020000	0.08940000
0.09650000	0.08770000
0.09520000	0.08600000
0.09150000	0.08440000
0.09150000	0.08280000
0.09150000	0.08800000
0.09150000	0.07970000
0.09280000	0.07820000
0.12740000	0.21450000
0.19670000	0.09360000
0.17690000	0.07380000
0.13610000	0.07240000
0.11750000	0.07100000
0.11380000	0.07240000
0.10760000	0.06830000
0.10390000	0.06700000
0.10270000	0.06580000
0.10270000	0.06450000
0.09770000	0.06330000
0.09650000	0.06210000
0.09650000	0.06090000
0.09900000	0.05980000
0.11010000	0.14240000
0.11260000	0.05750000
0.11260000	0.05640000
0.10890000	0.05530000
0.10640000	0.05430000
0.10640000	0.05330000
0.10640000	0.05530000
0.10640000	0.05130000
0.10640000	0.05030000
0.10640000	0.04930000
0.10640000	0.04840000
0.12740000	0.15380000
0.17440000	0.04730000
0.17690000	0.04640000
0.15830000	0.04550000
0.13480000	0.04460000
0.13110000	0.05280000
0.12740000	0.04390000
0.12000000	0.04210000
0.12000000	0.04130000
0.12000000	0.04290000
0.12000000	0.05650000
0.12000000	0.03960000
0.11750000	0.03810000
0.11630000	0.04000000
0.11750000	0.04610000
0.19910000	0.20190000
0.28700000	0.11450000
0.24990000	0.03430000
0.20040000	0.03360000
0.17690000	0.03300000
0.17320000	0.03310000
0.17190000	0.03250000
0.16330000	0.03180000
0.15960000	0.03130000
0.17810000	0.03070000
0.17690000	0.03020000
0.13850000	0.02960000
0.11500000	0.02900000
0.12000000	0.02840000
0.12620000	0.02790000
0.13360000	0.02740000
0.13610000	0.02680000
0.13850000	0.02630000
0.14100000	0.02600000
0.14220000	0.02530000
0.12620000	0.02480000
0.12250000	0.02440000
0.12490000	0.02390000
0.12250000	0.02340000
0.12990000	0.02300000
0.13730000	0.02260000
0.13610000	0.02210000
0.13480000	0.02170000
0.18680000	0.02160000
0.22020000	0.02120000
0.22510000	0.02090000
0.21520000	0.08030000
0.22880000	0.04870000
0.36240000	0.10440000
0.59250000	0.11710000
0.54430000	0.02150000
0.42920000	0.03500000
0.35130000	0.01750000
0.30310000	0.01720000
0.26970000	0.01680000
0.24860000	0.01650000
0.23130000	0.01620000
0.21650000	0.01590000
0.20410000	0.01560000
0.19170000	0.01530000
0.18800000	0.01500000
0.18180000	0.01470000
0.17440000	0.01440000
0.17190000	0.01420000
0.16450000	0.01390000
0.15830000	0.01360000
0.15960000	0.01340000
0.16950000	0.01310000
0.17810000	0.01290000
1.49670000	0.53520000
1.89250000	3.08290000
1.12190000	3.33180000
1.70700000	5.90480000
1.23700000	3.34390000
0.82880000	2.94640000
0.63950000	2.48090000
0.52940000	2.12660000
0.46010000	1.85580000
0.41070000	1.64780000
0.37230000	1.48690000
0.34510000	1.36150000
0.32410000	1.26270000
0.30800000	1.18410000
0.29690000	1.12060000
0.28080000	1.07610000
0.26970000	1.02520000
0.25600000	0.98840000
0.24740000	0.95670000
0.23750000	0.92880000
0.23250000	0.90380000
0.22390000	0.88120000
0.21650000	0.86030000
0.20900000	0.84090000
0.20160000	0.82260000
0.20040000	0.80530000
0.20040000	0.80440000
0.23380000	0.85740000
0.80150000	0.96770000
7.85460000	11.61240000
12.24580000	11.18670000
9.38850000	5.95240000
4.04480000	4.79140000
2.65940000	4.26900000
2.09040000	3.68210000
1.75650000	3.23150000
1.57090000	2.95570000
1.41010000	2.61780000
1.63280000	2.70090000
1.91730000	2.47640000
1.64510000	2.29940000
1.50910000	2.15830000
1.38540000	2.06570000
1.33590000	2.16720000
1.45960000	2.48720000
1.43490000	2.60820000
1.41010000	2.55380000
1.48430000	2.69450000
1.41010000	2.71330000
1.63280000	4.29600000
2.01620000	3.40860000
1.84310000	3.24620000
1.84310000	4.82230000
1.75650000	3.79280000
1.74410000	3.55730000
1.86780000	3.19690000
2.16470000	2.91650000
2.57290000	2.69640000
2.83260000	2.52170000
2.56050000	2.38620000
2.44920000	2.26640000
2.27600000	2.17120000
2.31310000	2.09090000
3.01820000	2.14460000
2.59760000	1.96220000
2.13990000	1.90830000
1.86780000	1.86120000
1.73170000	1.81570000
1.58330000	1.77300000
1.43490000	1.73410000
1.32350000	1.69730000
1.27410000	1.66210000
1.21720000	1.62860000
1.16770000	1.61190000
1.10460000	1.56420000
1.07370000	1.53350000
1.04890000	1.50640000
1.07120000	1.49880000
1.12930000	1.46220000
1.08360000	1.41840000
1.05260000	1.41920000
1.07370000	1.38290000
1.10210000	1.36080000
1.09350000	1.32530000
1.05260000	1.28800000
0.98580000	1.26350000
0.94870000	1.23950000
0.91040000	1.21590000
0.95120000	1.22220000
0.94870000	1.17010000
0.92400000	1.15920000
0.88690000	1.12610000
0.84980000	1.10460000
0.82630000	1.08360000
0.80650000	1.06300000
0.81270000	1.05790000
0.79540000	1.02860000
0.74710000	1.00360000
0.71620000	0.98450000
0.68650000	0.96580000
0.68280000	0.97070000
0.67780000	0.94750000
0.63460000	0.91180000
0.61480000	0.89450000
0.65430000	0.96270000
0.62710000	0.87720000
0.60490000	0.84440000
0.58880000	0.82840000
0.56530000	0.81270000
0.54430000	0.79720000
0.51210000	0.78210000
0.50100000	0.76720000
0.48740000	0.75260000
0.47130000	0.73830000
0.45640000	0.72430000
0.43290000	0.71050000
0.42800000	0.69700000
0.45520000	0.72880000
0.43910000	0.67080000
0.40450000	0.65810000
0.38720000	0.64560000
0.36860000	0.63330000
0.36120000	0.62130000
0.34760000	0.60950000
0.33890000	0.59790000
0.32780000	0.58650000
0.31540000	0.57540000
0.30680000	0.56440000
0.29560000	0.55370000
0.28330000	0.54320000
0.25980000	0.53290000
0.25850000	0.52280000
0.25230000	0.51280000
0.24740000	0.50310000
0.24000000	0.49350000
0.23630000	0.48410000
0.22880000	0.47490000
0.22140000	0.47360000
0.22020000	0.45740000
0.21650000	0.44840000
0.21030000	0.43990000
0.20290000	0.43150000
0.20900000	0.42330000
0.20290000	0.41530000
0.20160000	0.40740000
0.19790000	0.39960000
0.21030000	0.40190000
0.23250000	0.41230000
0.21650000	0.37730000
0.19420000	0.37010000
0.18310000	0.36310000
0.16820000	0.35620000
0.15710000	0.34940000
0.14600000	0.34280000
0.13610000	0.33630000
0.13110000	0.32990000
0.12370000	0.32360000
0.11870000	0.31750000
0.11630000	0.31140000
0.11010000	0.30550000
0.10510000	0.29970000
0.10390000	0.29400000
0.10140000	0.29060000
0.10140000	0.28290000
0.10270000	0.28760000
0.10140000	0.29180000
0.10140000	0.26710000
0.10020000	0.26200000
0.09400000	0.25710000
0.09030000	0.25220000
0.09030000	0.24740000
0.09280000	0.24270000
0.08910000	0.23810000
0.08780000	0.23360000
0.08660000	0.22910000
0.08040000	0.22480000
0.07670000	0.22050000
0.07550000	0.21630000
0.07170000	0.21220000
0.06800000	0.20820000
0.06310000	0.20420000
0.06180000	0.20030000
0.06310000	0.19650000
0.06180000	0.19280000
0.05810000	0.18910000
0.06060000	0.18550000
0.05810000	0.18200000
0.05810000	0.17860000
0.05810000	0.17520000
0.05690000	0.17180000
0.05570000	0.16860000
0.05320000	0.16540000
0.05200000	0.16220000
0.05070000	0.15910000
0.04820000	0.15610000
0.04820000	0.15310000
0.04820000	0.15020000
0.04820000	0.14740000
0.04700000	0.14460000
0.04700000	0.14180000
0.04580000	0.13910000
0.04450000	0.13650000
0.04450000	0.13390000
0.04330000	0.13140000
0.04210000	0.12890000
0.03960000	0.12640000
0.04080000	0.12400000
0.04450000	0.16190000
0.05570000	0.13180000
0.05810000	0.11710000
0.05810000	0.11490000
0.05440000	0.11270000
0.05200000	0.11050000
0.04950000	0.10840000
0.04700000	0.10640000
0.04450000	0.10430000
0.04080000	0.10240000
0.03960000	0.10040000
0.03710000	0.09850000
0.03710000	0.09660000
0.03830000	0.09480000
0.03710000	0.09300000
0.03830000	0.09120000
0.03710000	0.08950000
0.03590000	0.08780000
0.03590000	0.08610000
0.03590000	0.08450000
0.03590000	0.08290000
0.03460000	0.08130000
0.03460000	0.07980000
0.03340000	0.07830000
0.03340000	0.07680000
0.03340000	0.07530000
0.03220000	0.07390000
0.03220000	0.07250000
0.03220000	0.07110000
0.03220000	0.06970000
0.03340000	0.06840000
0.03460000	0.06710000
0.03460000	0.06580000
0.03460000	0.06460000
0.03590000	0.06340000
0.03590000	0.06220000
0.03590000	0.06100000
0.03590000	0.05980000
0.03590000	0.05870000
0.03460000	0.05760000
0.03340000	0.05650000
0.03340000	0.05540000
0.03340000	0.05440000
0.03460000	0.05330000
0.03460000	0.05230000
0.03460000	0.05130000
0.03460000	0.05030000
0.03460000	0.04940000
0.03460000	0.04840000
0.03460000	0.04750000
0.03460000	0.04660000
0.03460000	0.04570000
0.03460000	0.04490000
0.03460000	0.04400000
0.03590000	0.04320000
0.03590000	0.04240000
0.03590000	0.04160000
0.03710000	0.04080000
0.05070000	0.14650000
0.14220000	0.30980000
0.20160000	0.05530000
0.15590000	0.03780000
0.12120000	0.05970000
0.10390000	0.03630000
0.09150000	0.03560000
0.08410000	0.03500000
0.08160000	0.03430000
0.08040000	0.03360000
0.07790000	0.03300000
0.07790000	0.03240000
0.07790000	0.03180000
0.07790000	0.03120000
0.07790000	0.03060000
0.07920000	0.06840000
0.08530000	0.02940000
0.08660000	0.02890000
0.08660000	0.02830000
0.08660000	0.02780000
0.08530000	0.03250000
0.08290000	0.02670000
0.08290000	0.02620000
0.18550000	0.22220000
0.42430000	0.11020000
0.33150000	0.02480000
0.26720000	0.10330000
0.28450000	0.02920000
0.25850000	0.02340000
0.20660000	0.02290000
0.17810000	0.02250000
0.15830000	0.02210000
0.14840000	0.02160000
0.16200000	0.05540000
0.16330000	0.02080000
0.15960000	0.02040000
0.14970000	0.02000000
0.14100000	0.01970000
0.13480000	0.01930000
0.13360000	0.01890000
0.13240000	0.01860000
0.12370000	0.01820000
0.13110000	0.01860000
0.18060000	0.16060000
0.23750000	0.01720000
0.21400000	0.01690000
0.18930000	0.01650000
0.17320000	0.01620000
0.16200000	0.01590000
0.15460000	0.01560000
0.14840000	0.01530000
0.14350000	0.01500000
0.13980000	0.01470000
0.13980000	0.01450000
0.30180000	0.16790000
0.49480000	0.01470000
0.36240000	0.01430000
0.28450000	0.01400000
0.24740000	0.01370000
0.23250000	0.01340000
0.21770000	0.01320000
0.20290000	0.01290000
0.19790000	0.02120000
0.20780000	0.01950000
0.36610000	0.15100000
0.49970000	2.93830000
0.47380000	1.40240000
0.38960000	1.32960000
0.33890000	1.09940000
0.30550000	0.92480000
0.27710000	0.79200000
0.28820000	0.70660000
0.62840000	0.62940000
0.85720000	0.60560000
0.69890000	0.71760000
0.57390000	0.63790000
0.47990000	0.59560000
0.42060000	0.54960000
0.39950000	0.51120000
0.36740000	0.47650000
0.34390000	0.45070000
0.32040000	0.43040000
0.30180000	0.43720000
0.28940000	0.51330000
0.28940000	0.66700000
0.28940000	0.69900000
0.28940000	0.75150000
0.27830000	0.67490000
0.26470000	0.61530000
0.24990000	0.56860000
0.24120000	0.53150000
0.23380000	0.50170000
0.23750000	0.53500000
0.24240000	0.62610000
0.24240000	0.76870000
0.46390000	1.12390000
0.65930000	1.47070000
0.54800000	1.52120000
0.45640000	1.31730000
0.45030000	2.42610000
0.43910000	1.86390000
0.40320000	1.91580000
0.36740000	1.66490000
0.35130000	1.47260000
0.33270000	1.32550000
0.31910000	1.20860000
0.30680000	1.13820000
0.30550000	1.08360000
0.36240000	3.47410000
0.97970000	6.06070000
1.89250000	7.49210000
2.26360000	5.10360000
1.94200000	5.20890000
2.13990000	4.36070000
1.94200000	4.02240000
1.71940000	3.50300000
1.57090000	4.00780000
2.96870000	7.15900000
6.03630000	8.01470000
5.35600000	7.47000000
5.44260000	5.49730000
3.58720000	5.07770000
2.64710000	4.64630000
2.15230000	4.13570000
1.91730000	3.74040000
1.65750000	3.43170000
1.44720000	3.18840000
1.28640000	2.99420000
1.26170000	2.86710000
1.21220000	2.71840000
1.10580000	2.60020000
1.03780000	2.54480000
1.59570000	3.41000000
1.76880000	3.44250000
1.54620000	3.52170000
1.37300000	3.38590000
1.21340000	3.18920000
1.08480000	2.96480000
0.99450000	2.78570000
0.92280000	2.64060000
0.86830000	2.52140000
0.96110000	2.50830000
2.06570000	5.59750000
3.93350000	10.45400000
3.41400000	5.29950000
2.73370000	4.88260000
2.27600000	4.36910000
1.95440000	3.92460000
1.74410000	3.57890000
1.66990000	3.30800000
1.63280000	3.13350000
1.44720000	2.94610000
1.32350000	2.77780000
1.21340000	2.66070000
1.12690000	2.56190000
1.05640000	2.47700000
0.99700000	2.40280000
0.99570000	2.37790000
1.01310000	2.28450000
0.94260000	2.22240000
0.90050000	2.17160000
0.85720000	2.12390000
0.79780000	2.07870000
0.76200000	2.03560000
0.73230000	1.99420000
0.69270000	1.95430000
0.65930000	1.91560000
0.68400000	1.87810000
0.90050000	1.93170000
0.87700000	1.83960000
1.79360000	1.90020000
3.04290000	1.82620000
2.33780000	1.71300000
1.90490000	1.99230000
1.80590000	1.91780000
3.08000000	2.03280000
2.77080000	2.35890000
2.31310000	2.49700000
2.01620000	2.29200000
1.76880000	2.13030000
1.57090000	2.00120000
1.42250000	1.89680000
1.27410000	1.81090000
1.17260000	1.73910000
1.10090000	1.67800000
1.02910000	1.62510000
0.97840000	1.57850000
0.93270000	1.53660000
0.94010000	1.52540000
0.86960000	1.46350000
0.80400000	1.43070000
0.75080000	1.39970000
0.70630000	1.37030000
0.67910000	1.34220000
0.64450000	1.31510000
0.60360000	1.28890000
0.57150000	1.26360000
0.54920000	1.23890000
0.52940000	1.21480000
0.50960000	1.19140000
0.47870000	1.16850000
0.46760000	1.14610000
0.43910000	1.12410000
0.42550000	1.10270000
0.41560000	1.08160000
0.40200000	1.06100000
0.38720000	1.04080000
0.38350000	1.02100000
0.38350000	1.02720000
0.37480000	0.98250000
0.35250000	0.96380000
0.33650000	0.94550000
0.31790000	0.92760000
0.30310000	0.90990000
0.29560000	0.89260000
0.28820000	0.87560000
0.27830000	0.85900000
0.26840000	0.84270000
0.25980000	0.82660000
0.25110000	0.81090000
0.24240000	0.79550000
0.23500000	0.78040000
0.22510000	0.76560000
0.21520000	0.75100000
0.20530000	0.73680000
0.19910000	0.72280000
0.19790000	0.70900000
0.19300000	0.69560000
0.18680000	0.68240000
0.18430000	0.66940000
0.17940000	0.65670000
0.17940000	0.66210000
0.18060000	0.65630000
0.19670000	0.62730000
0.19790000	0.61710000
0.19790000	0.59660000
0.19420000	0.58530000
0.19420000	0.57600000
0.18430000	0.56620000
0.19910000	0.55250000
0.17560000	0.54210000
0.16080000	0.53180000
0.14720000	0.52160000
0.14220000	0.52000000
0.14220000	0.50200000
0.14220000	0.49250000
0.14220000	0.48310000
0.14100000	0.47390000
0.17190000	0.52850000
0.26220000	0.59080000
0.26220000	0.48370000
0.22270000	0.43890000
0.19300000	0.43060000
0.18180000	0.42350000
0.17560000	0.41440000
0.16950000	0.40650000
0.15830000	0.39880000
0.14970000	0.39120000
0.13850000	0.38380000
0.13360000	0.37650000
0.12620000	0.36930000
0.12250000	0.36230000
0.11750000	0.35540000
0.11260000	0.34870000
0.10640000	0.34210000
0.10140000	0.33560000
0.10020000	0.32920000
0.11870000	0.32290000
0.11260000	0.31680000
0.10270000	0.31080000
0.09650000	0.30490000
0.08910000	0.29910000
0.08660000	0.29340000
0.08410000	0.28780000
0.08160000	0.28230000
0.07790000	0.27700000
0.07170000	0.27170000
0.06800000	0.26660000
0.06180000	0.26150000
0.05810000	0.25650000
0.05320000	0.25170000
0.05070000	0.24690000
0.04950000	0.24220000
0.04700000	0.23760000
0.04580000	0.23310000
0.04330000	0.22860000
0.04330000	0.22430000
0.04330000	0.22000000
0.04330000	0.21590000
0.04210000	0.21170000
0.04330000	0.20770000
0.04080000	0.20380000
0.04080000	0.19990000
0.04080000	0.19610000
0.03830000	0.19240000
0.03590000	0.18870000
0.03590000	0.18510000
0.03460000	0.18160000
0.03460000	0.17820000
0.03220000	0.17480000
0.03090000	0.17150000
0.03090000	0.16820000
0.03090000	0.16500000
0.03090000	0.16190000
0.03220000	0.15880000
0.03220000	0.15580000
0.03220000	0.15280000
0.03090000	0.14990000
0.03090000	0.14710000
0.02970000	0.14430000
0.02970000	0.14150000
0.02840000	0.13880000
0.02970000	0.13620000
0.03220000	0.13360000
0.03590000	0.13110000
0.03830000	0.12860000
0.04080000	0.12610000
0.03830000	0.12380000
0.03590000	0.12140000
0.03460000	0.11910000
0.03460000	0.11680000
0.03340000	0.11460000
0.03340000	0.11240000
0.03220000	0.11030000
0.03220000	0.10820000
0.03220000	0.10610000
0.03220000	0.10410000
0.03090000	0.10220000
0.03090000	0.10020000
0.03090000	0.09830000
0.03090000	0.09640000
0.03090000	0.09460000
0.03090000	0.09280000
0.03090000	0.09100000
0.02970000	0.08930000
0.02970000	0.08980000
0.02970000	0.08600000
0.02970000	0.08430000
0.03090000	0.08270000
0.03090000	0.08110000
0.03090000	0.07960000
0.03090000	0.07810000
0.03090000	0.13130000
0.03460000	0.20730000
0.03710000	0.07370000
0.03710000	0.07230000
0.04080000	0.07100000
0.04080000	0.06960000
0.04080000	0.06830000
0.03960000	0.06700000
0.03960000	0.06570000
0.03710000	0.06450000
0.03710000	0.06320000
0.03710000	0.06200000
0.03710000	0.06090000
0.03710000	0.05970000
0.03710000	0.05860000
0.03710000	0.05750000
0.03710000	0.05640000
0.03710000	0.05530000
0.03710000	0.05420000
0.03830000	0.06390000
0.04580000	0.14610000
0.06310000	0.05490000
0.07550000	0.05020000
0.07050000	0.04930000
0.06310000	0.04830000
0.05940000	0.04740000
0.05690000	0.04650000
0.05570000	0.06160000
0.08910000	0.19170000
0.28330000	0.18990000
0.36370000	0.10920000
0.37230000	0.15640000
0.33650000	0.10300000
0.26100000	0.04070000
0.20780000	0.03990000
0.17690000	0.04030000
0.15590000	0.03840000
0.14220000	0.03900000
0.13240000	0.03700000
0.12490000	0.03630000
0.11750000	0.03560000
0.11380000	0.03490000
0.11380000	0.03420000
0.11130000	0.03360000
0.11010000	0.03290000
0.10890000	0.03230000
0.10890000	0.03170000
0.10890000	0.06290000
0.10890000	0.03050000
0.13480000	0.11310000
0.15590000	0.02940000
0.17560000	0.02880000
0.30800000	0.22420000
0.31170000	0.02770000
0.25230000	0.02720000
0.21520000	0.02740000
0.18930000	0.02750000
0.18310000	0.05120000
0.18680000	0.02590000
0.17690000	0.02470000
0.16700000	0.02420000
0.15960000	0.02380000
0.17560000	0.08060000
0.19420000	0.02880000
0.19420000	0.02240000
0.18310000	0.02200000
0.20160000	0.02230000
0.28330000	0.02190000
0.96730000	0.02160000
6.23420000	0.02280000
7.85460000	2.08350000
5.78890000	1.21160000
3.09240000	1.16780000
1.95440000	0.99070000
1.39780000	0.83350000
1.10830000	0.71390000
0.94750000	0.62250000
0.91910000	0.55380000
0.81140000	0.49880000
0.69760000	0.45590000
0.66420000	0.42250000
0.64690000	0.57630000
0.63460000	1.05000000
0.59130000	1.06090000
0.56280000	0.95280000
0.54430000	0.83820000
0.53680000	0.74990000
0.53310000	0.68860000
0.92520000	0.64460000
1.14050000	0.59330000
1.00190000	0.72710000
2.32550000	0.67890000
3.52530000	0.62810000
2.26360000	0.58780000
1.64510000	0.55530000
1.32350000	0.52880000
1.15040000	0.50680000
1.05640000	0.48820000
1.76880000	0.47220000
2.43680000	0.45820000
2.07810000	0.44570000
1.73170000	0.43440000
1.44720000	0.42400000
1.24930000	0.41440000
1.26170000	0.40530000
3.78510000	0.39670000
3.99540000	0.38850000
3.61190000	0.38060000
3.19130000	0.37300000
2.77080000	0.36570000
2.63470000	0.35850000
35.12940000	0.35160000
23.00730000	0.34480000
21.15190000	0.33820000
10.52650000	0.33170000
6.53110000	0.32530000
4.71280000	0.31910000
4.03250000	0.31300000
3.78510000	0.30710000
3.67370000	0.30130000
3.50060000	0.29550000
3.35210000	0.29000000
3.19130000	0.28440000
2.96870000	0.27900000
2.75840000	0.27380000
2.64710000	0.27290000
2.83260000	0.33520000
4.53960000	6.46670000
6.13530000	3.90270000
5.88790000	2.91300000
6.39500000	8.70910000
6.74140000	7.20540000
5.76420000	5.36540000
6.48160000	4.56240000
5.38070000	4.07240000
4.45300000	3.58960000
3.77270000	3.33020000
3.31500000	2.95140000
2.86970000	2.65550000
2.63470000	2.42620000
3.10470000	2.24590000
6.82800000	5.03340000
8.01540000	3.37110000
5.50440000	3.22160000
4.55200000	2.89310000
4.49010000	2.64180000
3.98300000	2.43920000
3.35210000	2.27900000
2.89450000	2.15110000
2.48630000	2.04690000
2.23890000	1.97040000
2.15230000	1.93000000
2.18940000	1.82920000
2.84500000	3.77290000
3.14190000	3.00650000
3.16660000	2.91470000
3.61190000	2.64290000
4.27990000	2.42550000
4.66330000	2.25720000
5.28180000	2.12260000
6.45690000	2.04530000
5.80130000	1.93950000
4.96020000	1.84840000
4.89830000	1.80680000
4.57670000	1.77130000
4.82410000	1.72380000
6.80320000	1.70060000
8.90600000	10.53330000
10.88520000	8.64960000
11.99840000	4.88920000
9.89560000	4.38080000
6.18480000	3.84010000
4.63860000	3.42410000
4.08190000	3.18160000
5.44260000	3.79000000
7.23620000	3.40170000
6.24660000	3.41280000
5.44260000	3.15660000
4.32930000	2.87500000
3.52530000	2.83870000
3.27790000	2.65260000
3.06760000	2.50310000
3.22840000	2.47090000
3.11710000	2.40700000
3.01820000	2.46410000
3.61190000	4.59620000
3.62430000	3.59370000
3.25320000	3.45070000
2.95630000	3.12630000
2.89450000	2.88340000
2.98110000	2.71670000
2.96870000	2.54330000
2.78310000	2.38740000
2.57290000	2.28110000
2.38730000	2.19210000
2.21410000	2.11620000
2.15230000	2.07200000
2.05330000	1.99210000
3.30270000	2.08360000
5.94970000	3.79880000
4.92310000	3.03340000
4.20560000	2.94650000
3.80980000	2.70510000
3.43870000	2.49260000
3.33980000	2.36090000
3.37690000	2.28620000
3.14190000	2.10340000
3.01820000	2.05300000
2.82020000	1.93870000
2.65940000	1.87540000
2.53570000	1.81980000
2.46150000	1.77030000
2.35020000	1.72550000
2.31310000	1.68430000
2.52340000	1.67200000
2.69660000	1.66570000
2.42440000	1.57590000
2.32550000	1.56870000
2.20180000	1.51260000
2.10280000	1.48370000
2.04100000	1.45250000
2.01620000	1.42400000
2.00390000	1.39640000
2.16470000	1.41680000
2.07810000	1.39130000
2.01620000	1.33580000
1.92960000	1.29200000
1.88020000	1.26730000
1.83070000	1.24310000
1.78120000	1.21940000
1.79360000	1.20120000
1.89250000	1.19990000
1.83070000	1.18190000
1.71940000	1.12920000
1.63280000	1.10770000
1.60800000	1.08660000
1.75650000	1.20400000
2.09040000	1.18230000
2.74600000	1.15810000
2.58520000	1.04570000
2.31310000	1.00010000
2.85740000	1.03630000
5.77660000	6.82410000
5.14570000	3.76840000
4.29220000	3.23510000
3.62430000	2.95560000
3.43870000	2.62850000
3.57480000	2.36170000
3.35210000	2.29960000
3.03050000	2.26470000
2.72130000	2.06070000
2.51100000	1.90080000
2.35020000	1.77420000
2.17700000	1.67260000
2.05330000	1.58990000
1.94200000	1.52150000
1.84310000	1.46390000
1.74410000	1.41460000
1.65750000	1.37160000
1.57090000	1.33350000
1.49670000	1.29910000
1.42250000	1.26760000
1.36060000	1.23840000
1.29880000	1.21110000
1.22710000	1.18520000
1.16640000	1.16050000
1.09840000	1.13690000
1.03530000	1.11410000
0.97840000	1.09200000
0.92650000	1.07050000
0.88320000	1.04970000
0.84980000	1.02940000
0.81270000	1.00950000
0.79040000	0.99010000
0.75450000	0.97120000
0.72240000	0.95260000
0.69520000	0.93440000
0.66550000	0.91660000
0.63080000	0.89910000
0.60240000	0.88200000
0.57640000	0.86520000
0.55540000	0.84870000
0.52200000	0.83260000
0.49970000	0.81680000
0.47130000	0.80130000
0.45890000	0.78600000
0.44650000	0.77100000
0.43790000	0.75640000
0.42800000	0.74200000
0.41690000	0.72790000
0.40320000	0.71410000
0.38720000	0.70050000
0.37600000	0.68720000
0.36610000	0.67420000
0.35500000	0.66140000
0.36120000	0.64890000
0.34390000	0.63650000
0.32900000	0.62440000
0.31050000	0.61250000
0.31540000	0.60090000
0.30680000	0.58950000
0.30180000	0.57830000
0.28820000	0.56730000
0.28450000	0.55650000
0.27580000	0.54590000
0.26220000	0.53550000
0.24740000	0.52540000
0.24120000	0.51540000
0.23010000	0.50560000
0.22020000	0.49600000
0.21650000	0.48660000
0.21150000	0.47730000
0.20780000	0.46820000
0.20160000	0.45940000
0.20040000	0.45060000
0.19790000	0.44210000
0.19790000	0.43370000
0.19300000	0.42540000
0.18680000	0.41760000
0.18680000	0.40940000
0.18680000	0.40160000
0.18430000	0.39400000
0.17940000	0.40790000
0.20410000	0.39970000
0.21400000	0.37200000
0.20290000	0.36490000
0.18680000	0.35800000
0.17690000	0.35120000
0.16820000	0.34450000
0.16450000	0.33790000
0.16080000	0.33150000
0.15830000	0.32520000
0.15210000	0.31900000
0.14600000	0.31300000
0.14100000	0.30700000
0.13480000	0.30120000
0.13110000	0.29550000
0.13110000	0.28990000
0.12860000	0.28440000
0.12490000	0.27900000
0.12620000	0.27370000
0.12000000	0.26850000
0.11870000	0.26340000
0.11870000	0.25840000
0.11630000	0.25340000
0.11380000	0.24860000
0.11010000	0.24390000
0.10890000	0.23930000
0.10760000	0.23470000
0.10510000	0.23030000
0.10760000	0.22590000
0.11130000	0.22160000
0.11630000	0.21740000
0.11630000	0.21330000
0.11630000	0.20920000
0.11630000	0.20520000
0.11630000	0.20130000
0.11630000	0.19750000
0.11380000	0.19380000
0.10890000	0.19010000
0.11010000	0.18650000
0.11130000	0.18290000
0.10890000	0.17940000
0.10510000	0.17600000
0.10510000	0.17270000
0.10270000	0.16940000
0.10140000	0.16620000
0.09770000	0.16300000
0.09770000	0.17880000
0.09770000	0.18340000
0.11010000	0.18270000
0.11870000	0.15100000
0.11870000	0.14810000
0.11870000	0.14530000
0.11870000	0.17120000
0.11630000	0.18630000
0.11750000	0.16510000
0.12370000	0.13460000
0.12740000	0.14220000
0.14720000	0.21160000
0.16950000	0.21660000
0.17440000	0.12460000
0.15960000	0.12230000
0.14720000	0.11990000
0.13980000	0.11770000
0.13610000	0.11540000
0.12990000	0.11320000
0.12740000	0.11110000
0.12740000	0.10900000
0.12740000	0.10690000
0.12250000	0.10490000
0.12120000	0.10290000
0.11630000	0.10090000
0.11260000	0.09900000
0.11260000	0.09710000
0.11130000	0.09530000
0.11010000	0.09350000
0.11010000	0.09170000
0.11010000	0.09000000
0.11010000	0.08820000
0.11010000	0.08660000
0.11010000	0.08490000
0.11010000	0.08330000
0.11010000	0.08170000
0.11010000	0.08020000
0.11010000	0.07860000
0.11010000	0.11040000
0.11010000	0.07640000
0.11010000	0.07470000
0.11010000	0.07390000
0.11010000	0.07150000
0.11010000	0.07010000
0.11010000	0.06880000
0.11010000	0.06750000
0.11010000	0.06620000
0.11010000	0.06490000
0.11010000	0.06370000
0.11010000	0.06510000
0.11010000	0.06200000
0.11010000	0.06090000
0.11010000	0.05900000
0.11010000	0.05790000
0.11380000	0.05680000
0.12370000	0.08120000
0.17070000	0.15020000
0.23380000	0.05430000
0.21650000	0.05320000
0.19790000	0.05230000
0.17690000	0.05130000
0.17690000	0.05790000
0.18180000	0.05300000
0.17940000	0.04910000
0.26100000	0.04770000
1.92960000	0.50520000
1.60800000	0.06040000
0.75330000	0.09590000
0.72610000	0.16200000
0.93390000	0.04330000
0.70630000	0.04250000
0.86590000	0.04170000
0.85230000	0.04100000
0.67660000	0.04020000
0.55290000	0.03950000
0.46630000	0.03870000
0.40700000	0.03800000
0.36370000	0.03730000
0.34140000	0.03660000
0.31420000	0.03590000
0.30180000	0.03520000
0.28700000	0.03450000
0.27340000	0.03390000
0.26840000	0.03320000
0.26720000	0.03260000
0.26720000	0.03200000
0.26720000	0.03140000
0.28200000	0.04320000
0.34880000	0.03870000
0.49350000	0.05400000
0.84850000	0.12320000
0.79910000	0.02790000
0.77680000	0.17350000
0.90540000	0.72970000
0.79410000	0.97170000
0.67040000	1.01740000
0.65810000	0.88670000
0.79290000	0.91570000
0.75700000	0.97850000
0.65810000	0.83620000
0.58510000	0.72750000
0.52320000	0.64400000
0.47750000	0.57950000
0.44900000	0.52930000
0.41810000	0.48990000
0.39580000	0.45850000
0.37230000	0.43330000
0.36000000	0.42290000
0.34140000	0.39510000
0.44160000	0.44360000
1.75650000	0.99470000
6.53110000	5.82350000
5.52920000	8.60450000
3.72320000	5.80880000
2.61000000	4.06070000
2.00390000	3.66340000
1.64510000	3.12860000
1.41010000	2.72020000
1.23700000	2.40690000
1.10950000	2.16490000
0.99200000	1.97650000
0.91410000	1.82860000
0.84730000	1.71110000
0.77680000	1.62290000
0.71870000	1.54000000
0.73230000	1.53540000
0.99450000	3.29560000
1.20480000	2.55330000
1.10580000	2.44070000
1.44720000	5.14360000
1.92960000	3.42340000
1.59570000	3.22240000
1.41010000	2.87720000
1.28640000	2.57420000
1.20970000	2.46790000
1.16520000	2.25430000
3.51290000	10.11840000
3.90880000	4.66970000
3.01820000	4.28960000
2.61000000	3.75810000
2.46150000	3.35600000
2.26360000	3.03420000
2.09040000	2.80930000
2.04100000	2.62580000
2.06570000	2.73210000
2.16470000	2.73870000
2.62230000	2.88450000
2.94390000	2.97940000
2.96870000	2.92000000
3.08000000	2.69650000
2.98110000	2.51930000
2.75840000	2.37690000
2.75840000	2.30000000
2.68420000	2.17520000
2.31310000	2.08380000
2.05330000	2.01430000
1.90490000	1.95360000
1.83070000	1.89970000
1.74410000	1.87430000
1.60800000	1.80630000
1.47200000	1.76490000
1.39780000	1.72600000
1.34830000	1.68930000
1.28640000	1.68330000
1.22580000	1.62250000
1.14910000	1.58800000
1.09470000	1.56020000
1.02300000	1.52610000
0.98460000	1.52300000
0.93880000	1.46930000
0.91160000	1.43990000
0.89800000	1.45410000
0.85720000	1.38440000
0.80900000	1.35800000
0.75950000	1.33200000
0.71500000	1.30660000
0.70880000	1.28170000
0.69520000	1.25770000
0.67540000	1.23340000
0.64690000	1.20990000
0.63700000	1.18690000
0.61600000	1.16440000
0.60360000	1.14220000
0.59250000	1.12060000
0.60120000	1.12620000
0.59370000	1.09430000
0.59740000	1.08130000
0.62840000	1.05900000
0.59990000	1.02500000
0.57390000	0.99870000
0.54920000	0.97970000
0.52940000	0.96110000
0.52450000	0.94280000
0.50100000	0.92490000
0.49970000	0.90730000
0.50220000	0.89010000
0.49350000	0.87320000
0.49350000	0.85660000
0.48240000	0.84030000
0.46390000	0.82430000
0.45770000	0.80870000
0.47250000	0.80470000
0.55290000	0.89960000
0.63830000	0.87920000
0.66300000	0.81790000
0.61480000	0.73470000
0.58760000	0.72080000
0.54430000	0.70710000
0.50840000	0.69450000
0.48740000	0.68050000
0.46760000	0.66750000
0.46010000	0.65480000
0.46760000	0.67130000
0.52200000	0.67210000
0.51330000	0.63990000
0.56650000	0.66800000
0.59000000	0.60180000
0.52940000	0.58360000
0.48740000	0.57260000
0.45890000	0.56170000
0.43540000	0.55100000
0.42060000	0.54050000
0.39340000	0.53030000
0.45520000	0.56670000
0.52820000	0.57580000
0.49110000	0.52580000
0.47750000	0.49110000
0.46510000	0.48830000
0.55540000	0.49240000
0.57020000	0.46400000
0.50710000	0.45480000
0.46390000	0.44620000
0.42800000	0.43770000
0.40080000	0.42940000
0.37970000	0.42120000
0.37230000	0.41320000
0.36000000	0.40540000
0.34510000	0.39770000
0.32780000	0.39010000
0.31540000	0.38270000
0.31170000	0.37540000
0.29930000	0.36830000
0.28940000	0.36130000
0.27960000	0.35440000
0.27210000	0.35080000
0.27830000	0.37270000
0.28450000	0.34360000
0.27960000	0.32830000
0.26470000	0.32200000
0.25360000	0.31590000
0.23630000	0.30990000
0.22390000	0.30400000
0.21150000	0.29820000
0.20410000	0.29260000
0.20410000	0.28700000
0.20040000	0.28160000
0.20040000	0.27620000
0.19910000	0.27100000
0.19670000	0.26580000
0.19050000	0.26080000
0.17690000	0.25580000
0.16950000	0.25090000
0.16200000	0.24620000
0.15710000	0.24150000
0.15090000	0.23690000
0.14840000	0.23240000
0.14350000	0.22800000
0.13850000	0.22370000
0.12860000	0.21940000
0.12490000	0.21520000
0.12000000	0.21120000
0.11630000	0.20710000
0.11500000	0.20320000
0.10760000	0.19930000
0.10510000	0.19560000
0.09900000	0.19180000
0.09900000	0.18820000
0.09400000	0.18460000
0.09030000	0.18110000
0.08660000	0.17770000
0.08290000	0.17430000
0.07920000	0.17100000
0.07670000	0.16770000
0.07300000	0.16460000
0.07050000	0.16140000
0.07050000	0.15840000
0.06800000	0.15530000
0.06310000	0.15240000
0.06180000	0.14950000
0.05940000	0.14670000
0.05690000	0.14390000
0.05810000	0.14390000
0.05940000	0.13850000
0.05940000	0.13580000
0.05810000	0.13320000
0.05690000	0.13070000
0.05570000	0.12820000
0.05440000	0.12580000
0.05320000	0.12340000
0.05200000	0.12110000
0.04950000	0.11880000
0.05070000	0.11650000
0.05070000	0.11430000
0.04950000	0.11210000
0.04820000	0.11000000
0.04820000	0.10790000
0.04820000	0.10580000
0.04700000	0.10380000
0.04580000	0.10190000
0.04580000	0.09990000
0.04580000	0.09800000
0.04580000	0.09620000
0.04450000	0.09430000
0.04450000	0.09250000
0.04330000	0.09080000
0.04210000	0.08910000
0.04080000	0.08740000
0.03960000	0.08570000
0.03960000	0.08410000
0.03960000	0.08250000
0.03960000	0.08090000
0.03960000	0.07940000
0.03960000	0.07790000
0.03960000	0.07640000
0.03960000	0.07490000
0.03960000	0.07350000
0.03830000	0.07210000
0.03830000	0.07080000
0.03830000	0.06940000
0.03830000	0.06810000
0.03710000	0.06680000
0.03590000	0.06550000
0.03590000	0.06430000
0.03590000	0.06310000
0.03590000	0.06190000
0.03590000	0.06070000
0.03590000	0.05950000
0.03590000	0.05840000
0.03590000	0.05730000
0.03590000	0.05620000
0.03590000	0.05510000
0.03590000	0.05410000
0.03590000	0.05310000
0.03710000	0.05210000
0.03830000	0.05110000
0.03830000	0.05010000
0.03830000	0.04910000
0.03960000	0.04820000
0.03960000	0.04730000
0.03960000	0.04640000
0.03830000	0.04550000
0.03710000	0.04460000
0.03590000	0.04380000
0.03590000	0.04300000
0.03590000	0.04220000
0.03460000	0.04130000
0.03340000	0.04060000
0.03340000	0.03980000
0.03340000	0.03900000
0.03340000	0.04430000
0.03340000	0.03760000
0.03340000	0.03690000
0.03460000	0.03620000
0.03590000	0.03550000
0.03590000	0.03480000
0.03590000	0.03430000
0.03590000	0.03470000
0.03590000	0.03280000
0.03590000	0.03220000
0.03710000	0.03160000
0.03830000	0.03100000
0.03830000	0.03040000
0.03830000	0.02980000
0.03830000	0.02930000
0.03960000	0.02870000
0.03960000	0.03760000
0.04080000	0.03150000
0.04080000	0.02710000
0.04210000	0.02660000
0.04210000	0.02610000
0.04330000	0.02560000
0.04330000	0.02510000
0.04330000	0.02460000
0.04450000	0.02420000
0.04450000	0.02370000
0.04450000	0.02330000
0.04450000	0.02280000
0.04700000	0.04290000
0.04820000	0.02200000
0.05070000	0.11050000
0.05320000	0.02110000
0.05320000	0.02070000
0.05320000	0.02030000
0.05810000	0.08590000
0.06560000	0.02030000
0.06680000	0.01970000
0.07300000	0.02740000
0.10640000	0.20800000
0.12370000	0.02450000
0.12490000	0.02430000
0.11260000	0.01740000
0.21400000	0.01790000
0.29930000	0.01750000
0.22270000	0.01720000
0.15830000	0.01690000
0.13240000	0.01660000
0.12250000	0.01630000
0.12490000	0.01600000
0.14470000	0.01570000
0.28200000	0.01540000
0.28570000	0.01510000
0.20900000	0.01490000
0.17690000	0.01460000
0.17320000	0.01430000
0.17190000	0.01410000
0.17070000	0.01380000
0.17560000	0.01360000
0.76440000	0.01330000
0.79160000	0.01310000
0.47380000	0.01290000
0.38960000	0.01260000
0.35620000	0.01240000
0.32410000	0.01220000
0.44040000	0.17060000
0.86960000	0.14120000
0.75580000	0.08530000
0.62470000	0.01370000
0.50100000	0.01130000
0.45030000	0.01100000
0.39580000	0.01080000
0.34510000	0.01060000
0.30920000	0.01040000
0.28200000	0.01030000
0.27960000	0.01010000
0.31050000	0.00990000
0.32040000	0.00970000
0.33890000	0.00950000
0.40200000	0.00940000
1.00070000	0.00920000
1.34830000	0.00900000
1.64510000	0.00890000
1.73170000	0.04970000
1.36060000	0.05900000
1.08730000	0.02480000
0.89180000	0.01000000
0.77190000	0.01700000
0.81520000	0.16030000
0.85470000	0.00880000
0.74590000	0.00990000
0.74460000	0.02420000
1.13430000	0.01910000
1.09220000	0.00790000
0.94630000	0.00700000
0.83000000	0.00720000
0.85720000	0.01280000
0.84730000	0.02350000
0.82130000	0.01410000
0.91040000	0.06430000
1.18500000	0.06980000
1.64510000	0.01570000
4.83650000	3.19780000
20.40970000	13.35620000
50.09650000	26.74170000
30.18160000	20.78700000
20.40970000	17.36930000
23.87320000	9.14960000
23.87320000	14.14560000
33.02660000	20.28490000
18.05950000	11.46710000
10.16770000	8.52400000
6.13530000	7.41510000
3.89640000	6.50620000
3.15420000	5.78380000
2.65940000	5.25050000
2.11520000	4.81410000
2.23890000	4.87160000
3.12950000	11.43950000
3.66140000	9.68260000
3.85930000	8.76470000
3.27790000	7.70590000
3.11710000	6.80330000
4.76230000	9.35240000
5.59100000	7.61540000
16.20410000	14.32740000
20.28600000	13.30210000
24.36790000	14.72680000
16.32780000	11.14970000
11.87470000	8.41180000
10.01930000	7.64710000
8.78240000	6.85840000
7.79280000	6.24550000
6.67950000	5.76490000
5.81370000	5.40450000
4.70040000	5.07810000
4.08190000	4.82890000
3.95820000	4.62270000
3.83450000	4.44900000
3.52530000	4.35350000
3.21610000	4.17080000
3.03050000	4.05510000
2.90680000	3.95250000
2.83260000	3.85490000
2.67180000	3.76670000
2.57290000	3.68340000
2.53570000	3.60480000
2.49860000	3.52980000
2.37490000	3.45790000
2.33780000	3.38860000
2.23890000	3.32150000
2.13990000	3.25640000
2.04100000	3.19300000
1.96680000	3.13110000
1.89250000	3.07080000
2.09040000	3.05220000
2.27600000	3.01780000
3.36450000	3.09250000
3.04290000	3.33390000
2.68420000	3.43200000
2.39970000	3.26910000
2.15230000	3.14290000
5.35600000	3.07610000
39.70610000	23.89190000
24.61530000	15.99930000
22.88360000	17.46030000
17.68840000	14.18340000
13.85390000	14.44790000
15.83300000	20.22610000
16.69880000	17.69640000
14.96710000	10.16700000
13.60650000	9.06880000
12.86430000	12.28640000
13.35910000	12.35810000
13.97750000	20.28280000
14.22490000	11.88750000
12.74060000	9.39540000
11.13260000	8.31370000
10.01930000	7.46460000
9.15340000	6.81240000
8.65870000	6.30770000
8.28760000	5.90590000
7.42170000	5.54430000
7.29800000	5.27490000
7.05060000	5.05170000
6.74140000	4.86340000
6.30840000	4.72020000
5.75180000	4.56060000
5.13330000	4.43500000
4.20560000	4.32160000
4.94780000	4.24020000
5.69000000	4.21560000
6.80320000	4.12330000
7.54540000	4.15950000
6.92690000	4.28180000
5.81370000	4.22260000
4.94780000	4.05080000
4.39120000	3.91380000
5.81370000	3.90890000
5.44260000	3.98550000
5.00970000	4.12660000
4.57670000	3.92980000
4.51490000	3.76140000
4.08190000	3.66250000
3.89640000	3.50320000
3.58720000	3.46940000
3.40160000	3.30650000
3.21610000	3.23620000
2.96870000	3.15470000
2.78310000	3.08090000
2.72130000	3.01200000
2.62230000	2.94700000
2.65940000	2.93730000
2.65940000	2.84090000
4.04480000	2.84070000
5.78890000	2.75000000
8.48550000	8.23110000
7.57010000	5.84680000
5.77660000	4.59460000
4.81170000	4.30780000
4.20560000	3.93270000
3.69850000	3.64010000
3.35210000	3.38920000
3.08000000	3.19880000
3.04290000	3.06280000
2.88210000	2.94080000
2.69660000	2.81750000
2.64710000	2.71640000
2.84500000	2.66920000
2.69660000	2.55900000
2.52340000	2.49360000
2.37490000	2.43360000
2.27600000	2.37790000
2.16470000	2.32560000
2.06570000	2.27610000
2.02860000	2.22890000
1.96680000	2.18350000
1.89250000	2.13980000
1.81830000	2.09740000
1.75650000	2.05630000
1.70700000	2.02200000
1.60800000	1.97730000
1.53380000	1.93920000
1.43490000	1.90190000
1.37300000	1.86550000
1.31120000	1.82980000
1.23700000	1.79490000
1.19240000	1.76070000
1.15650000	1.72710000
1.10950000	1.69420000
1.05510000	1.66200000
1.02790000	1.63040000
0.98710000	1.59940000
0.94870000	1.56900000
0.91910000	1.53910000
0.87080000	1.50990000
0.82880000	1.48130000
0.81390000	1.45590000
0.78920000	1.42540000
0.76440000	1.39830000
0.86460000	1.42960000
1.27410000	1.45430000
1.06380000	1.32820000
0.88810000	1.30380000
0.88070000	1.28640000
0.87950000	1.25510000
0.81890000	1.22280000
0.77190000	1.19940000
0.73470000	1.17660000
0.70380000	1.15420000
0.67410000	1.13230000
0.65310000	1.11080000
0.63700000	1.08970000
0.62960000	1.06900000
0.61110000	1.04870000
0.58260000	1.02870000
0.56400000	1.00920000
0.59000000	0.99000000
0.56030000	0.97120000
0.52320000	0.95280000
0.49110000	0.93470000
0.47870000	0.91690000
0.46260000	0.89950000
0.45270000	0.88240000
0.43910000	0.86560000
0.44160000	0.85050000
0.42920000	0.83300000
0.43170000	0.81720000
0.46140000	0.80580000
0.46140000	0.78650000
0.42920000	0.77150000
0.39830000	0.75690000
0.37730000	0.74250000
0.35250000	0.72840000
0.33650000	0.74190000
0.37480000	0.70100000
0.40570000	0.68880000
0.37970000	0.67460000
0.36980000	0.66420000
0.35620000	0.64920000
0.34020000	0.63680000
0.32040000	0.62470000
0.30920000	0.61290000
0.30060000	0.60120000
0.28570000	0.58980000
0.27580000	0.57860000
0.26220000	0.56760000
0.25600000	0.55680000
0.24990000	0.54620000
0.24120000	0.53590000
0.23250000	0.52570000
0.22510000	0.51570000
0.21770000	0.50590000
0.20530000	0.49630000
0.19910000	0.48690000
0.18930000	0.47760000
0.19170000	0.46850000
0.18800000	0.45960000
0.18930000	0.45090000
0.19300000	0.44230000
0.18550000	0.43390000
0.18550000	0.42570000
0.17560000	0.41760000
0.16950000	0.40970000
0.17070000	0.40190000
0.17190000	0.39420000
0.17190000	0.38670000
0.16700000	0.37940000
0.15830000	0.37220000
0.15210000	0.36510000
0.14840000	0.35820000
0.14970000	0.35140000
0.14470000	0.34470000
0.14600000	0.33820000
0.14840000	0.33170000
0.14840000	0.32540000
0.13110000	0.31920000
0.14100000	0.31320000
0.13980000	0.30720000
0.13360000	0.30140000
0.12990000	0.29570000
0.12490000	0.29000000
0.12250000	0.28450000
0.12120000	0.27910000
0.12000000	0.27380000
0.11870000	0.26860000
0.11630000	0.26350000
0.11260000	0.25850000
0.11010000	0.25360000
0.10890000	0.24880000
0.10510000	0.24410000
0.10140000	0.23940000
0.09770000	0.23490000
0.09520000	0.23040000
0.09280000	0.22600000
0.09150000	0.22170000
0.09280000	0.21750000
0.09150000	0.21340000
0.09030000	0.20930000
0.08660000	0.20540000
0.08410000	0.20150000
0.08160000	0.19760000
0.08160000	0.19390000
0.08290000	0.19340000
0.08660000	0.18660000
0.09150000	0.18340000
0.09900000	0.17980000
0.10510000	0.17610000
0.10390000	0.17280000
0.10270000	0.07840000
0.10140000	0.07690000
0.10020000	0.07550000
0.09650000	0.07400000
0.09400000	0.07260000
0.09150000	0.07120000
0.09150000	0.06990000
0.09150000	0.06860000
0.09150000	0.06720000
0.09400000	0.06600000
0.09650000	0.06470000
0.10270000	0.10250000
0.10640000	0.06230000
0.10760000	0.06110000
0.10510000	0.05990000
0.10020000	0.05880000
0.09770000	0.05770000
0.09770000	0.05660000
0.10020000	0.05550000
0.10020000	0.05450000
0.09900000	0.05340000
0.09770000	0.05240000
0.10020000	0.05140000
0.10140000	0.05040000
0.10270000	0.04950000
0.10390000	0.04850000
0.10510000	0.04760000
0.10760000	0.04670000
0.10640000	0.04580000
0.10510000	0.04500000
0.10270000	0.04410000
0.10140000	0.04330000
0.10020000	0.04240000
0.10140000	0.04160000
0.10140000	0.04080000
0.10140000	0.04010000
0.10140000	0.03930000
0.10140000	0.03860000
0.10390000	0.03780000
0.10760000	0.05290000
0.10760000	0.03640000
0.10760000	0.03570000
0.10890000	0.03500000
0.10760000	0.03440000
0.10760000	0.03370000
0.10890000	0.03310000
0.11130000	0.04740000
0.11380000	0.03180000
0.12000000	0.04510000
0.12120000	0.03060000
0.12000000	0.03000000
0.12000000	0.04120000
0.12250000	0.03660000
0.12370000	0.02840000
0.12250000	0.02780000
0.14100000	0.06580000
0.19170000	0.07530000
0.20410000	0.02630000
0.17560000	0.03920000
0.15590000	0.02530000
0.15590000	0.06500000
0.27210000	0.14670000
0.36120000	0.02590000
0.30550000	0.02340000
0.45400000	0.14390000
0.63210000	0.07690000
0.58260000	0.05610000
0.49850000	0.06750000
0.40700000	0.02130000
0.33400000	0.02090000
0.32280000	0.07120000
0.78550000	0.18420000
14.84340000	4.56330000
8.75760000	6.29010000
4.19330000	2.87150000
12.33240000	11.70260000
6.81560000	4.78180000
3.63660000	4.20190000
2.53570000	3.54110000
2.04100000	3.02070000
1.68230000	2.66630000
1.41010000	2.36010000
1.24930000	2.12790000
1.13060000	1.94030000
1.03160000	1.79540000
0.95250000	1.68040000
0.88940000	1.58810000
0.87580000	1.51260000
0.98580000	1.49220000
2.49860000	6.23020000
9.79670000	11.87220000
5.86310000	5.97220000
3.94590000	4.71240000
3.11710000	4.17670000
2.56050000	3.65640000
2.20180000	3.25650000
1.92960000	2.94880000
1.76880000	2.70420000
1.63280000	2.51330000
1.50910000	2.36620000
1.64510000	2.30130000
1.90490000	3.45790000
1.66990000	3.03850000
1.53380000	2.98930000
1.43490000	2.73780000
1.36060000	2.53980000
2.16470000	5.23680000
7.10010000	10.64320000
8.53500000	5.26260000
5.88790000	4.99630000
8.28760000	4.91310000
7.65670000	4.49140000
9.75950000	4.05440000
6.93930000	3.66930000
5.70230000	3.36870000
9.47500000	3.13150000
10.04400000	2.94210000
7.33510000	2.78880000
11.49130000	2.66690000
11.99840000	2.57430000
8.59680000	2.47110000
8.05260000	2.39270000
8.07730000	2.47820000
7.50830000	2.91940000
6.64240000	3.01890000
5.88790000	3.07560000
9.80900000	9.48880000
15.21450000	8.66180000
12.20870000	5.62450000
10.58830000	5.25120000
9.47500000	4.82420000
8.73290000	4.30960000
7.79280000	3.89900000
6.93930000	3.58500000
6.16000000	3.33690000
5.55390000	3.13860000
4.98490000	2.97770000
4.56430000	2.84530000
4.39120000	2.76660000
5.43020000	2.82920000
7.52070000	5.62580000
13.35910000	10.34740000
15.83300000	10.35440000
15.33820000	9.16210000
11.54080000	6.50550000
9.25240000	5.87940000
8.36180000	5.19990000
7.14960000	4.67920000
6.44450000	4.27390000
5.73950000	3.95550000
5.30650000	3.70230000
5.38070000	3.50510000
5.09620000	3.55800000
5.08390000	3.74070000
5.44260000	3.81990000
7.38460000	3.61520000
9.68530000	7.58860000
7.44640000	4.92870000
6.58060000	4.68260000
6.16000000	4.24160000
6.43210000	3.91020000
6.77850000	3.69920000
9.35130000	6.20640000
9.58640000	6.02720000
7.81750000	4.80780000
6.44450000	4.57580000
5.65290000	4.17780000
5.17050000	3.86520000
4.67570000	3.61680000
4.42830000	3.41690000
4.24270000	3.25360000
3.95820000	3.11790000
3.69850000	3.00330000
3.50060000	2.90650000
3.31500000	2.84130000
3.09240000	2.74150000
2.85740000	2.67190000
2.68420000	2.60800000
2.91920000	2.58990000
3.82220000	2.57830000
3.27790000	2.43990000
2.98110000	2.38940000
2.79550000	2.34090000
3.52530000	2.43920000
3.64900000	2.28790000
3.29030000	2.20470000
3.03050000	2.25730000
2.80790000	2.19610000
2.65940000	2.14060000
2.56050000	2.08960000
2.49860000	2.04220000
2.43680000	2.00730000
2.35020000	1.96420000
2.23890000	1.91870000
2.15230000	1.89320000
2.02860000	1.83860000
1.91730000	1.80230000
1.85540000	1.76740000
2.25130000	1.84080000
2.25130000	1.70800000
2.13990000	1.72380000
2.13990000	1.68150000
2.27600000	1.63320000
2.28840000	1.61990000
2.43680000	1.56980000
2.38730000	1.52650000
3.74800000	1.70110000
3.52530000	1.95070000
3.06760000	2.06050000
2.72130000	1.91350000
2.48630000	1.79620000
2.30070000	1.70130000
2.18940000	1.62350000
2.07810000	1.55850000
1.97910000	1.50330000
1.86780000	1.45550000
1.78120000	1.41340000
1.69460000	1.37580000
1.60800000	1.34150000
1.53380000	1.31000000
1.47200000	1.28050000
1.39780000	1.25280000
1.33590000	1.22640000
1.28640000	1.20120000
1.27410000	1.17690000
1.24930000	1.15350000
1.28640000	1.15300000
1.27410000	1.12280000
1.31120000	1.12480000
1.73170000	1.15350000
2.47390000	1.15090000
2.42440000	1.05210000
1.96680000	1.00590000
2.28840000	1.10840000
3.11710000	1.00900000
2.53570000	0.94940000
2.18940000	0.93130000
1.95440000	0.91360000
1.76880000	0.89620000
1.68230000	0.89310000
1.55860000	0.86250000
1.47200000	0.84610000
1.38540000	0.83010000
1.31120000	0.81420000
1.24930000	0.79870000
1.18250000	0.78350000
1.12690000	0.76870000
1.07990000	0.75400000
1.03040000	0.73970000
0.98340000	0.72570000
0.94260000	0.71190000
0.90670000	0.69840000
0.86460000	0.68510000
0.83490000	0.67210000
0.80650000	0.65930000
0.77560000	0.64680000
0.74220000	0.63450000
0.71740000	0.62240000
0.69270000	0.61060000
0.66920000	0.59900000
0.64570000	0.58760000
0.62470000	0.57650000
0.61230000	0.56550000
0.59870000	0.55480000
0.57890000	0.54420000
0.56400000	0.53390000
0.55040000	0.52370000
0.55420000	0.51380000
0.56400000	0.50400000
0.58140000	0.49440000
0.60730000	0.50690000
0.58010000	0.47580000
0.54050000	0.46680000
0.50840000	0.45790000
0.47990000	0.44920000
0.45640000	0.44070000
0.43290000	0.43230000
0.41690000	0.42410000
0.40700000	0.41600000
0.39460000	0.40810000
0.37850000	0.40040000
0.36120000	0.39280000
0.34760000	0.38530000
0.33520000	0.37800000
0.32410000	0.37080000
0.31170000	0.36380000
0.30060000	0.35690000
0.29070000	0.35010000
0.28940000	0.34340000
0.30800000	0.33690000
0.29070000	0.33050000
0.27960000	0.32420000
0.27580000	0.31810000
0.26840000	0.31200000
0.25980000	0.30610000
0.24990000	0.30030000
0.23750000	0.29460000
0.22760000	0.28900000
0.21650000	0.28350000
0.20530000	0.27810000
0.19790000	0.27280000
0.19170000	0.26760000
0.19170000	0.31260000
0.18930000	0.25760000
0.18310000	0.25270000
0.17810000	0.24790000
0.17190000	0.24310000
0.16950000	0.23850000
0.16950000	0.23400000
0.16700000	0.22960000
0.16580000	0.22520000
0.16200000	0.22090000
0.15590000	0.21670000
0.15090000	0.21260000
0.14470000	0.20860000
0.13850000	0.20460000
0.13480000	0.20070000
0.13240000	0.19690000
0.13110000	0.19320000
0.12990000	0.18950000
0.12990000	0.18590000
0.12740000	0.18240000
0.12490000	0.17890000
0.12370000	0.17550000
0.12490000	0.17220000
0.12370000	0.16890000
0.12370000	0.16570000
0.12120000	0.16250000
0.11750000	0.15940000
0.11380000	0.15640000
0.11130000	0.15340000
0.11010000	0.15050000
0.11010000	0.14770000
0.11010000	0.14490000
0.10890000	0.14210000
0.10890000	0.13940000
0.10760000	0.13680000
0.10640000	0.13420000
0.10510000	0.13160000
0.10390000	0.12910000
0.10510000	0.12670000
0.10640000	0.12420000
0.10760000	0.12190000
0.10640000	0.11960000
0.10510000	0.11730000
0.10390000	0.11510000
0.10140000	0.11290000
0.10140000	0.11070000
0.10390000	0.13230000
0.11130000	0.12190000
0.13240000	0.16960000
0.14220000	0.10260000
0.13850000	0.10060000
0.13110000	0.09870000
0.12620000	0.09680000
0.12250000	0.09500000
0.12000000	0.09320000
0.11750000	0.09140000
0.11630000	0.08970000
0.11380000	0.08800000
0.11260000	0.08630000
0.11130000	0.08470000
0.10890000	0.08300000
0.10760000	0.08150000
0.10510000	0.07990000
0.10390000	0.07840000
0.10390000	0.07690000
0.10390000	0.07550000
0.10270000	0.07400000
0.10270000	0.07260000
0.10510000	0.07120000
0.10510000	0.06990000
0.10390000	0.06860000
0.10140000	0.06730000
0.10390000	0.06600000
0.10270000	0.06470000
0.10140000	0.06350000
0.10140000	0.06230000
0.10510000	0.07470000
0.10760000	0.05990000
0.11010000	0.05880000
0.11010000	0.05770000
0.11130000	0.05660000
0.12000000	0.20990000
0.13730000	0.14200000
0.14350000	0.05340000
0.13730000	0.05240000
0.13480000	0.05160000
0.13480000	0.09530000
0.15340000	0.14460000
0.20900000	0.13420000
0.23630000	0.06240000
0.20530000	0.04670000
0.17940000	0.04580000
0.21770000	0.16680000
0.26100000	0.07310000
0.23630000	0.04330000
0.20530000	0.04240000
0.18680000	0.04160000
0.17440000	0.04080000
0.16580000	0.04010000
0.16080000	0.03930000
0.15710000	0.03860000
0.15460000	0.03780000
0.15460000	0.03710000
0.15460000	0.03640000
0.15340000	0.03570000
0.15210000	0.03500000
0.15210000	0.05160000
0.15340000	0.04430000
0.15590000	0.03310000
0.15710000	0.03560000
0.15710000	0.03190000
0.20780000	0.08110000
0.84850000	0.24310000
2.10280000	0.21260000
2.57290000	0.15260000
1.26170000	0.10870000
1.13430000	0.48970000
1.07860000	0.88270000
0.85720000	0.95890000
0.70140000	1.22140000
0.58760000	1.40180000
0.51460000	1.41090000
0.49600000	1.19710000
0.45770000	1.02400000
0.43420000	0.90710000
0.67040000	2.23810000
0.85970000	1.86660000
0.71870000	1.75210000
1.39780000	1.68860000
7.55780000	13.04590000
4.04480000	4.64100000
3.53770000	4.18640000
8.28760000	9.21090000
12.14690000	17.36440000
16.82250000	16.97400000
11.45420000	8.11980000
9.38850000	6.98750000
7.61960000	6.15060000
5.56630000	5.53800000
4.21800000	4.95750000
3.41400000	4.43460000
2.84500000	4.02880000
2.42440000	3.71100000
2.12760000	3.45970000
2.07810000	3.25890000
2.41210000	3.09630000
2.49860000	2.96070000
2.42440000	2.84680000
2.26360000	2.74980000
2.23890000	2.66530000
4.91070000	2.59800000
13.97750000	6.86230000
20.40970000	8.87890000
39.70610000	13.95800000
56.15760000	17.15130000
65.55840000	18.60890000
51.82820000	29.66810000
40.20090000	22.52280000
24.61530000	12.34560000
13.73020000	10.01390000
8.64630000	8.76250000
5.81370000	7.70610000
4.55200000	6.89250000
3.97060000	6.26130000
3.62430000	5.76740000
3.17900000	5.37590000
2.85740000	5.06270000
2.56050000	4.80820000
2.30070000	4.59810000
2.07810000	4.42160000
1.90490000	4.27150000
1.75650000	4.14480000
1.63280000	4.04780000
1.45960000	3.91870000
1.33590000	3.82300000
1.27410000	3.79950000
1.36060000	4.04530000
1.54620000	4.27460000
1.41010000	4.05530000
1.33590000	3.87480000
9.12870000	3.72350000
19.54380000	3.59450000
12.98800000	5.79860000
13.60650000	13.92180000
11.85000000	12.25290000
9.00500000	7.10870000
7.55780000	6.50690000
7.28560000	5.91000000
6.32080000	5.61590000
5.55390000	5.33830000
5.15810000	4.95930000
4.68800000	4.89840000
4.30460000	4.88300000
4.02010000	4.53910000
3.77270000	4.26780000
3.52530000	4.03400000
3.40160000	3.85700000
3.19130000	3.69610000
2.98110000	3.56740000
2.75840000	3.45240000
2.61000000	3.35280000
2.46150000	3.26360000
2.37490000	3.18240000
2.48630000	3.18370000
2.33780000	3.19530000
2.37490000	3.72190000
2.28840000	3.89720000
2.20180000	3.90900000
2.09040000	3.64420000
1.99150000	3.43180000
1.88020000	3.26060000
1.80590000	3.11920000
1.74410000	3.00030000
1.73170000	2.95520000
1.68230000	2.81070000
1.62040000	2.74040000
2.11520000	3.84730000
2.00390000	3.61880000
1.85540000	3.55620000
1.78120000	3.32860000
1.71940000	3.13040000
1.65750000	2.95070000
1.60800000	2.81250000
1.55860000	2.69750000
1.49670000	2.60010000
1.44720000	2.51600000
1.39780000	2.44230000
1.33590000	2.37640000
1.29880000	2.31660000
1.26170000	2.26160000
1.54620000	2.28200000
2.75840000	2.25100000
2.25130000	2.11660000
1.94200000	2.07290000
1.81830000	2.04960000
1.70700000	1.99040000
1.57090000	1.95110000
1.47200000	1.91290000
1.38540000	1.87580000
1.31120000	1.83950000
1.24930000	1.80410000
1.19860000	1.76950000
1.15530000	1.73560000
1.10460000	1.70240000
1.07860000	1.66990000
1.07490000	1.63880000
1.01680000	1.61050000
0.97600000	1.58140000
0.94380000	1.54630000
0.90670000	1.51690000
0.87450000	1.48800000
0.83620000	1.45970000
0.80900000	1.43980000
0.77310000	1.40480000
0.75450000	1.37810000
0.73850000	1.35190000
0.71870000	1.32620000
0.71000000	1.31550000
0.69390000	1.27630000
0.67660000	1.25200000
0.65560000	1.22820000
0.64070000	1.20490000
0.64570000	1.20900000
0.70750000	1.22530000
1.02540000	1.25900000
1.13300000	1.21050000
1.21720000	1.12320000
1.20230000	1.09830000
1.43490000	1.12890000
1.32350000	1.03480000
1.17260000	1.01380000
1.07240000	0.99460000
0.99820000	0.97570000
0.94750000	0.95710000
0.92650000	0.94990000
0.89800000	0.93030000
0.85970000	0.90420000
0.82500000	0.88640000
0.80400000	0.88570000
0.77430000	0.85310000
0.74590000	0.83690000
0.72240000	0.82100000
0.70010000	0.80540000
0.68030000	0.79010000
0.65930000	0.77510000
0.63080000	0.76030000
0.61720000	0.74590000
0.60120000	0.73170000
0.58760000	0.71780000
0.57270000	0.70420000
0.56400000	0.69080000
0.55420000	0.67770000
0.53930000	0.66480000
0.52820000	0.65220000
0.50840000	0.63980000
0.49730000	0.62760000
0.48860000	0.61570000
0.48490000	0.60400000
0.51460000	0.63150000
0.54430000	0.60540000
0.51580000	0.57020000
0.49730000	0.55940000
0.54180000	0.58600000
0.52450000	0.55050000
0.50100000	0.53450000
0.47380000	0.51810000
0.45890000	0.51910000
0.46510000	0.50400000
0.45030000	0.48910000
0.46880000	0.50400000
0.57390000	0.56820000
0.52450000	0.46170000
0.46880000	0.45300000
0.44280000	0.44440000
0.41930000	0.43590000
0.41310000	0.42760000
0.40820000	0.41950000
0.38720000	0.41150000
0.37230000	0.40370000
0.36610000	0.39600000
0.35500000	0.38850000
0.34260000	0.38110000
0.32530000	0.37390000
0.30920000	0.36680000
0.30060000	0.35980000
0.29070000	0.35300000
0.27960000	0.34630000
0.27090000	0.33970000
0.26970000	0.33320000
0.27090000	0.32690000
0.26720000	0.32070000
0.25980000	0.31460000
0.25230000	0.30860000
0.24620000	0.30280000
0.24490000	0.29700000
0.24490000	0.29140000
0.25600000	0.35220000
0.26220000	0.28040000
0.27090000	0.29500000
0.28700000	0.26990000
0.25850000	0.26470000
0.23630000	0.25970000
0.22270000	0.25480000
0.21400000	0.24990000
0.20660000	0.24520000
0.19910000	0.24050000
0.19540000	0.23590000
0.19300000	0.23150000
0.18800000	0.22710000
0.17940000	0.22270000
0.17440000	0.21850000
0.16700000	0.21440000
0.16450000	0.21030000
0.15590000	0.20630000
0.15340000	0.20240000
0.15090000	0.19850000
0.14720000	0.19480000
0.14100000	0.19110000
0.13610000	0.18740000
0.13110000	0.18390000
0.12860000	0.18040000
0.12490000	0.17690000
0.12250000	0.17360000
0.11870000	0.17030000
0.11630000	0.16710000
0.12120000	0.22210000
0.13240000	0.16330000
0.12490000	0.15770000
0.11870000	0.15470000
0.11380000	0.15180000
0.11130000	0.14890000
0.10890000	0.14610000
0.10640000	0.14330000
0.10140000	0.14060000
0.09770000	0.13790000
0.09400000	0.13530000
0.09030000	0.13270000
0.08780000	0.13020000
0.08660000	0.12770000
0.08660000	0.12530000
0.08530000	0.12290000
0.08410000	0.12060000
0.08160000	0.11830000
0.07920000	0.11600000
0.07790000	0.11380000
0.07670000	0.11170000
0.07790000	0.10950000
0.08780000	0.19460000
0.10390000	0.12770000
0.11010000	0.10340000
0.10020000	0.10140000
0.09280000	0.10070000
0.09150000	0.09760000
0.09030000	0.09580000
0.09280000	0.09400000
0.09150000	0.09220000
0.09030000	0.09040000
0.08910000	0.08870000
0.08660000	0.08700000
0.08410000	0.08540000
0.08290000	0.08370000
0.08160000	0.08210000
0.08040000	0.08060000
0.08160000	0.07910000
0.07920000	0.07760000
0.07670000	0.07610000
0.07670000	0.07460000
0.07670000	0.07760000
0.08160000	0.07740000
0.08290000	0.07050000
0.08160000	0.06910000
0.08160000	0.06780000
0.09030000	0.12320000
0.10640000	0.09570000
0.11260000	0.07340000
0.11500000	0.07220000
0.12000000	0.09420000
0.11500000	0.06040000
0.10890000	0.05930000
0.10270000	0.05820000
0.09650000	0.05710000
0.09280000	0.05600000
0.09030000	0.05490000
0.08780000	0.05390000
0.08530000	0.05280000
0.08410000	0.05180000
0.08410000	0.05090000
0.08410000	0.04990000
0.08290000	0.04890000
0.08410000	0.04800000
0.10510000	0.12000000
0.11380000	0.06220000
0.11260000	0.05130000
0.10760000	0.04450000
0.10760000	0.11640000
0.11750000	0.13840000
0.14970000	0.13820000
0.31420000	0.18820000
0.38350000	0.11620000
0.26720000	0.07250000
0.21280000	0.03890000
0.17940000	0.03810000
0.16080000	0.03740000
0.14970000	0.03670000
0.14100000	0.03600000
0.13730000	0.03530000
0.13240000	0.03470000
0.12990000	0.03400000
0.12860000	0.03330000
0.12620000	0.03270000
0.12490000	0.03210000
0.12370000	0.03150000
0.12250000	0.03090000
0.12250000	0.03030000
0.12000000	0.02970000
0.12370000	0.04050000
0.12490000	0.02860000
0.13480000	0.06680000
0.14350000	0.02760000
0.17440000	0.09860000
0.16820000	0.02650000
0.15710000	0.02600000
0.15090000	0.02550000
0.14220000	0.02500000
0.13730000	0.02450000
0.15960000	0.06110000
0.19050000	0.06030000
0.19050000	0.02320000
0.17190000	0.02270000
0.16200000	0.03010000
0.16950000	0.05480000
0.17560000	0.03420000
0.20660000	0.07830000
0.24240000	0.06700000
0.26590000	0.07070000
0.62470000	0.03820000
1.37300000	0.15130000
0.82260000	0.05790000
1.36060000	0.32360000
1.36060000	0.69280000
0.88070000	0.81630000
0.71740000	0.80580000
1.33590000	1.15760000
1.48430000	1.55830000
1.65750000	1.99190000
1.74410000	3.58850000
1.99150000	2.77080000
1.38540000	2.57760000
1.19240000	2.32140000
1.69460000	2.02020000
1.45960000	1.76050000
1.21470000	1.73140000
1.02910000	1.61040000
0.96850000	1.48940000
0.93140000	1.50950000
0.87950000	1.74210000
2.00390000	6.64950000
3.01820000	3.32640000
2.07810000	3.09380000
1.59570000	2.69260000
1.32350000	2.38470000
1.16400000	2.14670000
1.04270000	1.96150000
1.52140000	1.81830000
2.15230000	1.70100000
2.16470000	1.61390000
3.46350000	1.55160000
3.48820000	1.47790000
2.64710000	1.57830000
2.17700000	1.61760000
1.89250000	1.53450000
1.62040000	1.46090000
1.44720000	1.40010000
1.31120000	1.34860000
1.20230000	1.30430000
1.10340000	1.26550000
1.01550000	1.23100000
0.95120000	1.19970000
0.90920000	1.17100000
0.89800000	1.14430000
0.90420000	1.11920000
0.97970000	1.10450000
2.22650000	5.93910000
3.03050000	2.97600000
3.82220000	2.80100000
3.05530000	2.48560000
2.57290000	2.21530000
2.38730000	2.00590000
2.28840000	1.84230000
2.30070000	1.71320000
2.68420000	2.31740000
5.71470000	9.71250000
14.59600000	11.30600000
13.73020000	5.58120000
13.48280000	5.04820000
21.39930000	12.29250000
16.08040000	11.19180000
22.51250000	14.83830000
20.78080000	11.99810000
18.18320000	7.62170000
11.42940000	6.75620000
8.15150000	5.97050000
6.25900000	5.93330000
6.01160000	6.00530000
6.49400000	5.66990000
6.19710000	5.29770000
14.84340000	14.73520000
18.18320000	15.15580000
11.49130000	8.47970000
12.36950000	11.40650000
11.34280000	8.65070000
9.47500000	7.37790000
9.22770000	6.80960000
10.72440000	6.34430000
17.81210000	14.16790000
13.85390000	9.79050000
11.86240000	9.35490000
16.08040000	7.62500000
18.92530000	7.05850000
18.43060000	6.38200000
13.11170000	5.87400000
10.50170000	5.48200000
9.38850000	5.33190000
9.98220000	9.16280000
11.35520000	9.99980000
11.72630000	10.53950000
11.18200000	7.48080000
9.56160000	7.02790000
8.43600000	6.45940000
7.53300000	6.07590000
11.56550000	5.85890000
11.61500000	5.55780000
15.95670000	5.29300000
14.96710000	4.97040000
11.50360000	4.70960000
9.53690000	5.11020000
8.08970000	5.22250000
7.03830000	5.32130000
6.33320000	5.71400000
5.98680000	5.34110000
5.81370000	5.21010000
5.90030000	4.85830000
6.32080000	4.56470000
5.93740000	4.33110000
5.40550000	4.13690000
4.98490000	3.98550000
4.58910000	3.84030000
4.36640000	3.78040000
4.06960000	3.61540000
3.85930000	3.61760000
3.83450000	3.52500000
5.19520000	3.47700000
9.01740000	7.08190000
7.90410000	4.66480000
7.28560000	4.53310000
7.49590000	4.20120000
7.45880000	3.92710000
6.71660000	3.71100000
6.19710000	3.53440000
6.02400000	3.38770000
6.49400000	3.26650000
20.40970000	10.05740000
22.01770000	16.50610000
20.65710000	13.65860000
15.46190000	9.47260000
11.20680000	7.22300000
8.91840000	6.64580000
7.28560000	5.91100000
6.25900000	5.40390000
5.56630000	4.94170000
5.43020000	4.65980000
4.92310000	4.48760000
4.49010000	4.40330000
4.39120000	4.22770000
4.39120000	4.86980000
4.29220000	4.85350000
4.14380000	4.70670000
3.93350000	4.45870000
3.69850000	4.35990000
3.59950000	4.11410000
3.63660000	3.89400000
3.57480000	3.72380000
3.36450000	3.83040000
3.37690000	3.71530000
3.25320000	3.56590000
3.12950000	3.41520000
3.08000000	3.27230000
2.95630000	3.16760000
2.82020000	3.07550000
2.80790000	2.99310000
2.78310000	2.91830000
2.79550000	2.84930000
2.94390000	2.78510000
3.17900000	2.72460000
3.27790000	2.70230000
2.91920000	2.61220000
2.67180000	2.55940000
2.58520000	2.50840000
2.64710000	2.45890000
2.69660000	2.41080000
2.75840000	2.36400000
2.91920000	2.34600000
3.00580000	2.34330000
2.93160000	2.27170000
2.98110000	2.26750000
3.15420000	2.23570000
2.84500000	2.10570000
2.67180000	2.06840000
2.58520000	2.02520000
2.44920000	1.98670000
2.27600000	1.94890000
2.17700000	1.96500000
2.23890000	1.92780000
2.06570000	1.85380000
2.00390000	1.81120000
1.92960000	1.77260000
1.84310000	1.74830000
1.75650000	1.72310000
1.68230000	1.67470000
1.65750000	1.63970000
1.65750000	1.64860000
1.60800000	1.57860000
1.50910000	1.54800000
1.44720000	1.51860000
1.47200000	1.52600000
1.53380000	1.51370000
1.47200000	1.46160000
1.48430000	1.45080000
1.88020000	1.47650000
2.91920000	1.43840000
2.63470000	1.34740000
2.32550000	1.30250000
2.16470000	1.27780000
2.09040000	1.25350000
2.12760000	1.25000000
2.01620000	1.20810000
1.90490000	1.18340000
1.83070000	1.16090000
1.90490000	1.23470000
1.96680000	1.16230000
1.89250000	1.09600000
1.76880000	1.08470000
1.69460000	1.08990000
1.66990000	1.04970000
1.73170000	1.02710000
1.60800000	0.99580000
1.53380000	0.97680000
1.47200000	0.95830000
1.37300000	0.94010000
1.31120000	0.92220000
1.24930000	0.90470000
1.19370000	0.88750000
1.13430000	0.87060000
1.09350000	0.85410000
1.03780000	0.83790000
0.97220000	0.82190000
0.95740000	0.80630000
0.91530000	0.79100000
0.88440000	0.77600000
0.84480000	0.76120000
0.82500000	0.74680000
0.79540000	0.73260000
0.77060000	0.71870000
0.74460000	0.70500000
0.71990000	0.69160000
0.70010000	0.67850000
0.67290000	0.66560000
0.65560000	0.65290000
0.62470000	0.64050000
0.61110000	0.62840000
0.59620000	0.61640000
0.57020000	0.60470000
0.55910000	0.59320000
0.54670000	0.58200000
0.52940000	0.57090000
0.51210000	0.56000000
0.49850000	0.54940000
0.48490000	0.53900000
0.47000000	0.52870000
0.45640000	0.51870000
0.44160000	0.50880000
0.42670000	0.49920000
0.41070000	0.48970000
0.39580000	0.48040000
0.38350000	0.47120000
0.37730000	0.46230000
0.39950000	0.45350000
0.37360000	0.44490000
0.35380000	0.43640000
0.33770000	0.42810000
0.32530000	0.42000000
0.31790000	0.41200000
0.31420000	0.40420000
0.30550000	0.39650000
0.29190000	0.38900000
0.27960000	0.38160000
0.26970000	0.37430000
0.25730000	0.36720000
0.24740000	0.36030000
0.24000000	0.35340000
0.23500000	0.34670000
0.23380000	0.34010000
0.22760000	0.33360000
0.22270000	0.32730000
0.21650000	0.32110000
0.21030000	0.31500000
0.20290000	0.30900000
0.19420000	0.30310000
0.19170000	0.29740000
0.19170000	0.29170000
0.19300000	0.28620000
0.19670000	0.28070000
0.20040000	0.27540000
0.19540000	0.27020000
0.19050000	0.26500000
0.18550000	0.26000000
0.18310000	0.25510000
0.17940000	0.25020000
0.17320000	0.24550000
0.16950000	0.24080000
0.16580000	0.23620000
0.16200000	0.23170000
0.15830000	0.22730000
0.15460000	0.22300000
0.15090000	0.21880000
0.14600000	0.21460000
0.13980000	0.21050000
0.13480000	0.20650000
0.13110000	0.20260000
0.12990000	0.19880000
0.12860000	0.19500000
0.13110000	0.19130000
0.13240000	0.18770000
0.13730000	0.21290000
0.14840000	0.18060000
0.14720000	0.17720000
0.14350000	0.17380000
0.13850000	0.17050000
0.13110000	0.16730000
0.12620000	0.16410000
0.12370000	0.16100000
0.12370000	0.15790000
0.12740000	0.15490000
0.12990000	0.15200000
0.13240000	0.14910000
0.12860000	0.14620000
0.12740000	0.14350000
0.12860000	0.14070000
0.12740000	0.13810000
0.12620000	0.13540000
0.12620000	0.13290000
0.13610000	0.15700000
0.14100000	0.12790000
0.14220000	0.12540000
0.13980000	0.12300000
0.13240000	0.12110000
0.13240000	0.11840000
0.13360000	0.11620000
0.13480000	0.11400000
0.13480000	0.11180000
0.13110000	0.10970000
0.12860000	0.12160000
0.12990000	0.10550000
0.13360000	0.10350000
0.13480000	0.10160000
0.13480000	0.09960000
0.14970000	0.13680000
0.14970000	0.09590000
0.14720000	0.09410000
0.14470000	0.09230000
0.14350000	0.09050000
0.14350000	0.08880000
0.14350000	0.08710000
0.14100000	0.08550000
0.13480000	0.08380000
0.13110000	0.08220000
0.12860000	0.08070000
0.18930000	0.24250000
0.28200000	0.12080000
0.25600000	0.07620000
0.21150000	0.07470000
0.19420000	0.07700000
0.18180000	0.07190000
0.17440000	0.07050000
0.17810000	0.08540000
0.19670000	0.11570000
0.19300000	0.06660000
0.18800000	0.07950000
0.18310000	0.08310000
0.18800000	0.09690000
0.20660000	0.13230000
0.34140000	0.07050000
0.48490000	0.09020000
0.36610000	0.07860000
0.32280000	0.09820000
0.37600000	0.12620000
0.34880000	0.05500000
0.31170000	0.05390000
0.28330000	0.05290000
0.27340000	0.06380000
0.28570000	0.06230000
0.48120000	0.16220000
0.57150000	0.05410000
0.42300000	0.04810000
0.35870000	0.04720000
1.02170000	0.18060000
2.80790000	0.23200000
6.49400000	0.33710000
6.28370000	2.92620000
3.29030000	1.71730000
3.00580000	2.94460000
3.36450000	2.83000000
2.39970000	2.58740000
2.28840000	2.38020000
7.14960000	2.02160000
7.45880000	1.75260000
5.86310000	4.94740000
8.08970000	4.64470000
5.57860000	3.21510000
4.00770000	3.02070000
3.25320000	2.61790000
2.61000000	2.30910000
2.36260000	2.07090000
2.07810000	1.88580000
1.86780000	1.74070000
1.73170000	1.62560000
1.70700000	1.59020000
1.85540000	1.99900000
2.00390000	2.11900000
1.85540000	2.06610000
1.75650000	1.91190000
1.68230000	1.77400000
1.60800000	1.65480000
1.50910000	1.57640000
1.44720000	1.49970000
1.28640000	1.43550000
1.16150000	1.38150000
1.12560000	1.33510000
1.07740000	1.29470000
1.09840000	1.25880000
1.05510000	1.24580000
0.99820000	1.19620000
0.96850000	1.27230000
0.92520000	1.22610000
0.88810000	1.18630000
0.92650000	1.17220000
0.88570000	1.12030000
0.83370000	1.19960000
0.80280000	1.15250000
0.76940000	1.11240000
0.73970000	1.07760000
0.71870000	1.04690000
0.70010000	1.01940000
0.68030000	0.99420000
0.65310000	0.97100000
0.63330000	0.94930000
0.60980000	0.92890000
0.59370000	0.90940000
0.57640000	0.89080000
0.59990000	0.87280000
0.87080000	0.93540000
1.18870000	1.42420000
1.66990000	2.42430000
5.14570000	6.12150000
4.32930000	5.52940000
5.14570000	4.14110000
5.92500000	3.88450000
5.70230000	3.57330000
10.09350000	3.46800000
6.95170000	3.23670000
5.23230000	2.96730000
4.36640000	2.67340000
3.74800000	2.43890000
3.27790000	2.25670000
2.91920000	2.11210000
2.61000000	1.99580000
2.51100000	1.92180000
2.23890000	1.82290000
2.01620000	1.76070000
1.90490000	1.70490000
1.84310000	1.64760000
1.76880000	1.60280000
3.04290000	1.56220000
12.61690000	1.52600000
10.31620000	1.49080000
9.37610000	1.45770000
6.50640000	1.42680000
5.10860000	1.39730000
4.42830000	1.36890000
4.15620000	1.35120000
4.16850000	1.32080000
3.79740000	1.29070000
4.84880000	1.26450000
10.47700000	2.80130000
10.73670000	2.27240000
10.86040000	2.24930000
8.29990000	2.09270000
7.49590000	1.90620000
6.66720000	1.77100000
7.71860000	9.06840000
8.51020000	9.70780000
10.19250000	4.97770000
8.42360000	4.52350000
7.61960000	4.00680000
12.34480000	8.92550000
13.35910000	7.24360000
10.16770000	4.97870000
10.53880000	4.60200000
8.58440000	4.05810000
7.11250000	3.66570000
6.12290000	3.34350000
5.34360000	3.09090000
5.02200000	2.98260000
4.79940000	3.04110000
4.27990000	3.15680000
3.94590000	2.93640000
3.66140000	2.78450000
3.48820000	2.62690000
3.87170000	2.56940000
4.32930000	2.91950000
4.16850000	3.09640000
4.08190000	3.07830000
4.06960000	2.85550000
4.15620000	2.67800000
4.45300000	2.58400000
4.34170000	2.43950000
4.09430000	2.35280000
3.93350000	2.27810000
5.73950000	5.58330000
8.41130000	8.00050000
6.92690000	4.60850000
5.69000000	4.27420000
4.82410000	3.80940000
4.31700000	3.45480000
4.06960000	3.16870000
3.87170000	2.94670000
3.59950000	2.76930000
3.38920000	2.63350000
3.24080000	2.52090000
3.04290000	2.40790000
2.95630000	2.35670000
2.85740000	2.28990000
2.72130000	2.18650000
2.79550000	2.19210000
2.63470000	2.07690000
2.72130000	2.06050000
3.00580000	1.98300000
3.37690000	1.96000000
3.79740000	1.89870000
4.13140000	1.85980000
4.35410000	1.82230000
4.41590000	1.78600000
4.70040000	1.75090000
4.78700000	1.71670000
4.61380000	1.68340000
4.27990000	1.65090000
3.87170000	1.61910000
3.51290000	1.58810000
3.24080000	1.55770000
3.14190000	1.52790000
3.12950000	1.49880000
3.11710000	1.47020000
2.93160000	1.44220000
2.69660000	1.41480000
2.46150000	1.38780000
2.32550000	1.36140000
2.30070000	1.33560000
2.36260000	1.32520000
2.47390000	1.32320000
2.31310000	1.27620000
2.15230000	1.23680000
2.10280000	1.21330000
2.09040000	1.19030000
1.99150000	1.16770000
1.89250000	1.14550000
1.79360000	1.12370000
1.76880000	1.10240000
1.78120000	1.08140000
1.71940000	1.06090000
1.63280000	1.04070000
1.53380000	1.02100000
1.45960000	1.00160000
1.42250000	0.98250000
1.43490000	0.96390000
1.43490000	0.94550000
1.43490000	0.92760000
1.41010000	0.91000000
1.39780000	0.89270000
1.42250000	0.87570000
1.45960000	0.85910000
1.47200000	0.84270000
1.48430000	0.82670000
1.47200000	0.81100000
1.42250000	0.79560000
1.36060000	0.78050000
1.32350000	0.76570000
1.26170000	0.75110000
1.20730000	0.73680000
1.15410000	0.72280000
1.14170000	0.72710000
1.10210000	0.69560000
1.03660000	0.68240000
0.97720000	0.66950000
0.93020000	0.65670000
0.89930000	0.64430000
0.87210000	0.63200000
0.83990000	0.62000000
0.80650000	0.60820000
0.78180000	0.59670000
0.75830000	0.58530000
0.73970000	0.57420000
0.72490000	0.56330000
0.70630000	0.55260000
0.68530000	0.54210000
0.66300000	0.53180000
0.63830000	0.52170000
0.61720000	0.51180000
0.60610000	0.50210000
0.59000000	0.49250000
0.56780000	0.48320000
0.54550000	0.47400000
0.53680000	0.46500000
0.52570000	0.45610000
0.51210000	0.44750000
0.49480000	0.43900000
0.47250000	0.43060000
0.45030000	0.42250000
0.43170000	0.41440000
0.41560000	0.40660000
0.41070000	0.39880000
0.41190000	0.39130000
0.40940000	0.38380000
0.39460000	0.37650000
0.37480000	0.36940000
0.36490000	0.36240000
0.35010000	0.35550000
0.33400000	0.34870000
0.31540000	0.34210000
0.29690000	0.33560000
0.27460000	0.32920000
0.26470000	0.32300000
0.25230000	0.31680000
0.24490000	0.31080000
0.24370000	0.30490000
0.24370000	0.29910000
0.23870000	0.29340000
0.23380000	0.28780000
0.22510000	0.28240000
0.21890000	0.27700000
0.21280000	0.27170000
0.20900000	0.26660000
0.20160000	0.26150000
0.19540000	0.25660000
0.18680000	0.25170000
0.18060000	0.24690000
0.17440000	0.24220000
0.16820000	0.23760000
0.16200000	0.23310000
0.15710000	0.22870000
0.14970000	0.22430000
0.14840000	0.22010000
0.14720000	0.21590000
0.14600000	0.21180000
0.15960000	0.21460000
0.18680000	0.21520000
0.18680000	0.19990000
0.17940000	0.19610000
0.16700000	0.19240000
0.16450000	0.18870000
0.15460000	0.18520000
0.14970000	0.18160000
0.14720000	0.17820000
0.14470000	0.17480000
0.13850000	0.17150000
0.13240000	0.16820000
0.12620000	0.16500000
0.12120000	0.16190000
0.12000000	0.15880000
0.11500000	0.15580000
0.11380000	0.15280000
0.11130000	0.14990000
0.10640000	0.15480000
0.10510000	0.14430000
0.10270000	0.14160000
0.09900000	0.13890000
0.10140000	0.13620000
0.10020000	0.13360000
0.09650000	0.13110000
0.09770000	0.12860000
0.09770000	0.12620000
0.09900000	0.12380000
0.10020000	0.12140000
0.09900000	0.11910000
0.09650000	0.11680000
0.09400000	0.11460000
0.09280000	0.11240000
0.09030000	0.11030000
0.08910000	0.10820000
0.08660000	0.10620000
0.08660000	0.10410000
0.08530000	0.10220000
0.08290000	0.10020000
0.08160000	0.09830000
0.07920000	0.09640000
0.08040000	0.09460000
0.07920000	0.09280000
0.07790000	0.09110000
0.07670000	0.08930000
0.07670000	0.08760000
0.07670000	0.08600000
0.07670000	0.08430000
0.07670000	0.08270000
0.07550000	0.08120000
0.07550000	0.07960000
0.07550000	0.07810000
0.07550000	0.07660000
0.07550000	0.07520000
0.07420000	0.07370000
0.07550000	0.07230000
0.07920000	0.07100000
0.07920000	0.06960000
0.07790000	0.06830000
0.07790000	0.06700000
0.07420000	0.06570000
0.07920000	0.10490000
0.08780000	0.06600000
0.09150000	0.06200000
0.09150000	0.06090000
0.08910000	0.05970000
0.08660000	0.05860000
0.08410000	0.05750000
0.08290000	0.05640000
0.08040000	0.05530000
0.07920000	0.05420000
0.07920000	0.05320000
0.07670000	0.05220000
0.07670000	0.05120000
0.07790000	0.05020000
0.07920000	0.04930000
0.07920000	0.04830000
0.07920000	0.04740000
0.07920000	0.04650000
0.08040000	0.04560000
0.08040000	0.04480000
0.08160000	0.04390000
0.10510000	0.09780000
0.39950000	0.28340000
0.42060000	0.07930000
0.24740000	0.04070000
0.18060000	0.03990000
0.15340000	0.03920000
0.14220000	0.03840000
0.13480000	0.03770000
0.12990000	0.03700000
0.12860000	0.03630000
0.12490000	0.03560000
0.12990000	0.03490000
0.19540000	0.15940000
0.21770000	0.04380000
0.37110000	0.20630000
0.65930000	0.11420000
0.54550000	0.09300000
0.40450000	0.03110000
0.31420000	0.03050000
0.28700000	0.06710000
0.32410000	0.09600000
0.54550000	0.08540000
0.52570000	0.05720000
0.60980000	0.10890000
1.32350000	0.09950000
0.93020000	0.04490000
0.65930000	0.02620000
0.52820000	0.02640000
0.45400000	0.03450000
0.40200000	0.02470000
0.36610000	0.03060000
0.34390000	0.02900000
0.32160000	0.02330000
0.34630000	0.09510000
1.22580000	0.36100000
1.62040000	0.88180000
1.34830000	1.08450000
1.42250000	1.17380000
1.04770000	1.15650000
0.84730000	0.97200000
0.73100000	0.83630000
0.71870000	0.76700000
0.68280000	0.88290000
0.68530000	1.01510000
0.68160000	0.88460000
0.61720000	0.78430000
0.61350000	0.71910000
0.88690000	0.64720000
1.02790000	0.61860000
0.87080000	0.57710000
0.76440000	0.54380000
0.69020000	0.53090000
0.65190000	0.49770000
0.63080000	0.56930000
0.60120000	0.55440000
0.57890000	0.52300000
0.54920000	0.49740000
0.51580000	0.47620000
0.48610000	0.45830000
0.46390000	0.44300000
0.44040000	0.42970000
0.42180000	0.41780000
0.40320000	0.40710000
0.38590000	0.39720000
0.37110000	0.38810000
0.35870000	0.37960000
0.35130000	0.37150000
0.35130000	0.36450000
0.34020000	0.35710000
0.36370000	0.35970000
0.37110000	0.34260000
0.34630000	0.33560000
0.33400000	0.32980000
0.32900000	0.32360000
0.32780000	0.33330000
0.37730000	0.36720000
2.17700000	4.81900000
2.64710000	2.08630000
1.99150000	1.95010000
3.69850000	1.67850000
7.49590000	6.92690000
9.00500000	7.98290000
5.78890000	4.03060000
4.35410000	3.59520000
4.87360000	3.08370000
6.11050000	2.74170000
4.74990000	2.85900000
4.06960000	2.99320000
3.71090000	2.99230000
4.72520000	4.91790000
5.14570000	3.90270000
4.53960000	3.98540000
3.79740000	3.73240000
3.20370000	3.45820000
2.74600000	3.09120000
3.09240000	6.19420000
3.82220000	4.11180000
4.09430000	3.91260000
4.46540000	3.56930000
4.31700000	3.50690000
4.30460000	3.54380000
5.19520000	4.62160000
6.32080000	3.91750000
4.86120000	3.85680000
4.02010000	3.72110000
3.51290000	3.64360000
3.38920000	3.34150000
3.38920000	3.35940000
3.95820000	4.73000000
4.93540000	9.85990000
20.53340000	16.86540000
15.21450000	7.79330000
9.61110000	6.75470000
7.06300000	6.06880000
5.41780000	5.54910000
4.40350000	5.10610000
4.02010000	4.63850000
4.03250000	4.27830000
4.66330000	6.91190000
6.03630000	5.13630000
5.00970000	4.87370000
4.46540000	4.45920000
5.82600000	4.25810000
12.29530000	4.21190000
9.46270000	8.90990000
8.04020000	9.76310000
6.91460000	6.17500000
6.28370000	5.73740000
5.56630000	5.39640000
5.25700000	5.17340000
6.50640000	5.13360000
6.17240000	4.96850000
5.44260000	4.93850000
5.13330000	4.51140000
4.86120000	4.50450000
4.57670000	4.19480000
4.78700000	3.94630000
4.63860000	3.76900000
4.35410000	3.56850000
4.18090000	3.45980000
3.99540000	3.30920000
3.80980000	3.20700000
3.61190000	3.11430000
3.32740000	3.03230000
3.27790000	2.95860000
3.11710000	2.88850000
2.80790000	2.82400000
2.58520000	2.76310000
2.47390000	2.70520000
2.36260000	2.64970000
2.26360000	2.59630000
2.16470000	2.54470000
2.10280000	2.49460000
2.02860000	2.44600000
1.92960000	2.39850000
1.83070000	2.35220000
1.73170000	2.30700000
1.66990000	2.26270000
1.64510000	2.21940000
1.65750000	2.17710000
1.66990000	2.13550000
1.63280000	2.09480000
1.57090000	2.05490000
1.50910000	2.01580000
1.47200000	1.97740000
1.44720000	1.94010000
1.38540000	1.90290000
1.34830000	1.86680000
1.37300000	1.86720000
1.60800000	1.86020000
1.59570000	1.78680000
1.47200000	1.75240000
1.54620000	1.75500000
2.42440000	1.78120000
3.12950000	1.71910000
2.42440000	1.62230000
2.09040000	1.57070000
1.86780000	1.54090000
1.71940000	1.51160000
1.60800000	1.48290000
1.50910000	1.45470000
1.43490000	1.43140000
1.37300000	1.39990000
1.31120000	1.37330000
1.27410000	1.35240000
1.22710000	1.32160000
1.17390000	1.29650000
1.13060000	1.27190000
1.14290000	1.26460000
1.08230000	1.22400000
1.04270000	1.20080000
1.01060000	1.17800000
0.99080000	1.16720000
1.05760000	1.17270000
1.06750000	1.12540000
1.00320000	1.09500000
1.02910000	1.09580000
1.02540000	1.07170000
0.97470000	1.02990000
0.94010000	1.01040000
0.95120000	1.03350000
1.26170000	1.07120000
1.36060000	1.04110000
1.24930000	0.94150000
1.13550000	0.91800000
1.05140000	0.90050000
0.99080000	0.88340000
0.94260000	0.86660000
0.90050000	0.85020000
0.87330000	0.83400000
0.84360000	0.81820000
0.81520000	0.80260000
0.78420000	0.78740000
0.75950000	0.77240000
0.73470000	0.75770000
0.70630000	0.74330000
0.68400000	0.72920000
0.65680000	0.71540000
0.63460000	0.70180000
0.60980000	0.68840000
0.58380000	0.67540000
0.56160000	0.66250000
0.54180000	0.64990000
0.53310000	0.63760000
0.52820000	0.62550000
0.54050000	0.63920000
0.55040000	0.60570000
0.53680000	0.59050000
0.51830000	0.57930000
0.50840000	0.56900000
0.50100000	0.55750000
0.47870000	0.54690000
0.44900000	0.53650000
0.42300000	0.52630000
0.40200000	0.51630000
0.38590000	0.50650000
0.37230000	0.49690000
0.36370000	0.48740000
0.34390000	0.47820000
0.33030000	0.46910000
0.31790000	0.46020000
0.31050000	0.45140000
0.30060000	0.44280000
0.28820000	0.43440000
0.27460000	0.42620000
0.26100000	0.41810000
0.24740000	0.41010000
0.23630000	0.40230000
0.23130000	0.39470000
0.22880000	0.38720000
0.23250000	0.37980000
0.24620000	0.37260000
0.24740000	0.36550000
0.25230000	0.36140000
0.27580000	0.35180000
0.26970000	0.34510000
0.25360000	0.33850000
0.23630000	0.33210000
0.21770000	0.32580000
0.20530000	0.31960000
0.19420000	0.31350000
0.18680000	0.30760000
0.17940000	0.30170000
0.17690000	0.29600000
0.17440000	0.29040000
0.17070000	0.28490000
0.16580000	0.27940000
0.15960000	0.27410000
0.15090000	0.26890000
0.14350000	0.26380000
0.13980000	0.25880000
0.13480000	0.25390000
0.12990000	0.24910000
0.12490000	0.24430000
0.12490000	0.23970000
0.12120000	0.23510000
0.12000000	0.23070000
0.11500000	0.22630000
0.11010000	0.22200000
0.10510000	0.21780000
0.10020000	0.21360000
0.09520000	0.20960000
0.09030000	0.20560000
0.08780000	0.20170000
0.08530000	0.19790000
0.08660000	0.19410000
0.09030000	0.19040000
0.09150000	0.18680000
0.09280000	0.18320000
0.09150000	0.17980000
0.08910000	0.17630000
0.08660000	0.17300000
0.08410000	0.16970000
0.08160000	0.16650000
0.08290000	0.16330000
0.08160000	0.16020000
0.08290000	0.15720000
0.08290000	0.15420000
0.08410000	0.15130000
0.08530000	0.14840000
0.08530000	0.14560000
0.08290000	0.14280000
0.07790000	0.14010000
0.07420000	0.13740000
0.07170000	0.13480000
0.06930000	0.13220000
0.06680000	0.12970000
0.06560000	0.12730000
0.06430000	0.12490000
0.06180000	0.12250000
0.06310000	0.12020000
0.08290000	0.18000000
0.09400000	0.13920000
0.09770000	0.11340000
0.10020000	0.11930000
0.09520000	0.10920000
0.09030000	0.10710000
0.08530000	0.10510000
0.08040000	0.10310000
0.07790000	0.10110000
0.07670000	0.09920000
0.07170000	0.09730000
0.06930000	0.09540000
0.06800000	0.09360000
0.06800000	0.09500000
0.06680000	0.09010000
0.06680000	0.08840000
0.06680000	0.08670000
0.06310000	0.08510000
0.05940000	0.08350000
0.05690000	0.08190000
0.05440000	0.08030000
0.05440000	0.07880000
0.05690000	0.07730000
0.05940000	0.07580000
0.06060000	0.07440000
0.06060000	0.07300000
0.06060000	0.07160000
0.05940000	0.07020000
0.05940000	0.06890000
0.06060000	0.06760000
0.05940000	0.06630000
0.05810000	0.06500000
0.05810000	0.06380000
0.05690000	0.06260000
0.05570000	0.06140000
0.05440000	0.06020000
0.05440000	0.05910000
0.05690000	0.07030000
0.07420000	0.08550000
0.08290000	0.07280000
0.08780000	0.05470000
0.09030000	0.05370000
0.08910000	0.05270000
0.08780000	0.05170000
0.08780000	0.05070000
0.08660000	0.04970000
0.08530000	0.04880000
0.08410000	0.04780000
0.08780000	0.04690000
0.10140000	0.10520000
0.10390000	0.04520000
0.10270000	0.04430000
0.09650000	0.04350000
0.09400000	0.05680000
0.10390000	0.10980000
0.12120000	0.08200000
0.16820000	0.12690000
0.31050000	0.11440000
0.38840000	0.16400000
0.28700000	0.04760000
0.21770000	0.03730000
0.18180000	0.03660000
0.16200000	0.03590000
0.15090000	0.03520000
0.14220000	0.03450000
0.13610000	0.03390000
0.13360000	0.03320000
0.13110000	0.04550000
0.12990000	0.03220000
0.13110000	0.03140000
0.13240000	0.03080000
0.13240000	0.03020000
0.14100000	0.02960000
0.15090000	0.02980000
0.15710000	0.04200000
0.16080000	0.02800000
0.15960000	0.02740000
0.15460000	0.02690000
0.15210000	0.02640000
0.15090000	0.02590000
0.15340000	0.02620000
0.15460000	0.02980000
0.15830000	0.02820000
0.16450000	0.03260000
0.16330000	0.02350000
0.16200000	0.02330000
0.16080000	0.03790000
0.16080000	0.06020000
0.28820000	0.12310000
0.56900000	0.07610000
0.45270000	0.02100000
0.32280000	0.02060000
0.25730000	0.02020000
0.22390000	0.01980000
0.20660000	0.01940000
0.19540000	0.01910000
0.18680000	0.01870000
0.18060000	0.01830000
0.17810000	0.01800000
0.17440000	0.01760000
0.17810000	0.01730000
0.19910000	0.01770000
0.24860000	0.01740000
0.67290000	0.01710000
0.75450000	0.01680000
0.57390000	0.01660000
0.44900000	0.01620000
0.35750000	0.01590000
0.30180000	0.01560000
0.26840000	0.01530000
0.28570000	0.04160000
0.43050000	0.02090000
0.47870000	0.07460000
0.48360000	0.01520000
0.43540000	0.01410000
0.37970000	0.01380000
0.32780000	0.01350000
0.29190000	0.01310000
0.26840000	0.01280000
0.25110000	0.01250000
0.23500000	0.01220000
0.22140000	0.01190000
0.21400000	0.02000000
0.20780000	0.01320000
0.20160000	0.01520000
0.19790000	0.01090000
0.19300000	0.01050000
0.19050000	0.01030000
0.25480000	0.09020000
0.35870000	0.01070000
0.52080000	0.01050000
0.79160000	0.01030000
0.68160000	0.01010000
0.54180000	0.00990000
0.46010000	0.00980000
0.40320000	0.00960000
0.35250000	0.00940000
0.30680000	0.00920000
0.28700000	0.00900000
0.28940000	0.02030000
0.27710000	0.03840000
0.26350000	0.00960000
0.26100000	0.02430000
0.29070000	0.04300000
0.46760000	0.00840000
0.56780000	0.00810000
0.60610000	0.00800000
0.55040000	0.00780000
0.50100000	0.00770000
0.50470000	0.00760000
0.49110000	0.00740000
0.45640000	0.00730000
0.43050000	0.00710000
0.44280000	0.04950000
0.48490000	0.03470000
0.64570000	0.01320000
0.89930000	0.00590000
0.85720000	0.00580000
0.73600000	0.00570000
0.63460000	0.00560000
0.60360000	0.00620000
0.58380000	0.00610000
0.55660000	0.00600000
0.52080000	0.00590000
0.47620000	0.00580000
0.44530000	0.00570000
0.43050000	0.00560000
0.43290000	0.00550000
0.51460000	0.04470000
0.88190000	0.07560000
1.07370000	0.04750000
2.01620000	0.01650000
3.06760000	0.10270000
3.12950000	0.20020000
2.44920000	0.50330000
1.90490000	0.71390000
1.65750000	0.90810000
1.48430000	0.89860000
1.38540000	0.79750000
1.32350000	0.67580000
1.26170000	0.58300000
1.29880000	0.53090000
1.28640000	0.45800000
1.62040000	0.42750000
4.29220000	1.58320000
3.37690000	1.39390000
2.67180000	1.32730000
2.52340000	1.15390000
2.17700000	1.00260000
1.79360000	0.88660000
1.53380000	0.79690000
1.38540000	0.72720000
1.34830000	0.67250000
1.41010000	0.62900000
1.34830000	0.59400000
1.24930000	0.56550000
1.17020000	0.54180000
1.32350000	0.52180000
1.59570000	0.50460000
1.81830000	0.48950000
1.90490000	0.49060000
2.11520000	0.47850000
2.09040000	0.45290000
2.13990000	0.44780000
3.04290000	0.48880000
2.30070000	0.42570000
1.79360000	0.41490000
1.68230000	0.44100000
1.62040000	0.39830000
1.45960000	0.39040000
1.34830000	0.38280000
1.28640000	0.37540000
1.19120000	0.36860000
1.10090000	0.36110000
1.01310000	0.35410000
0.94870000	0.34730000
0.91040000	0.35120000
0.89560000	0.36330000
0.84110000	0.32850000
0.80770000	0.33370000
0.77310000	0.31540000
0.75700000	0.31240000
0.73470000	0.30350000
0.70880000	0.29770000
0.68280000	0.29210000
0.66670000	0.28650000
0.65810000	0.28110000
0.71500000	0.28890000
0.71990000	0.28800000
0.74960000	0.28980000
0.74090000	0.29340000
0.76810000	0.27120000
0.75330000	0.25050000
0.76200000	0.24580000
0.76320000	0.24110000
0.77560000	0.23650000
0.79160000	0.23200000
0.77060000	0.22760000
0.75700000	0.22700000
0.72490000	0.21900000
0.69890000	0.21490000
0.69020000	0.21080000
0.66920000	0.20680000
0.64320000	0.20290000
0.62710000	0.19900000
0.61350000	0.19520000
0.59990000	0.19150000
0.59000000	0.18790000
0.58510000	0.18430000
0.57520000	0.18080000
0.56400000	0.17740000
0.55170000	0.17400000
0.53930000	0.17070000
0.52200000	0.16750000
0.51090000	0.16430000
0.62470000	0.19620000
0.61720000	0.15840000
0.55790000	0.15510000
0.50710000	0.15210000
0.48240000	0.14920000
0.45770000	0.14640000
0.43290000	0.14360000
0.40200000	0.14090000
0.38350000	0.13820000
0.35870000	0.13560000
0.34020000	0.13300000
0.32160000	0.13050000
0.30920000	0.12800000
0.29070000	0.12560000
0.27830000	0.12320000
0.27210000	0.12090000
0.27210000	0.11860000
0.26590000	0.11630000
0.24740000	0.11410000
0.23500000	0.11190000
0.22510000	0.10980000
0.21280000	0.10770000
0.20410000	0.10570000
0.18800000	0.10370000
0.18310000	0.10170000
0.17320000	0.09980000
0.16820000	0.09790000
0.15830000	0.09600000
0.15090000	0.09420000
0.14350000	0.09240000
0.13610000	0.09060000
0.13360000	0.08890000
0.12620000	0.08720000
0.12000000	0.08560000
0.11380000	0.08390000
0.11010000	0.08230000
0.10760000	0.08080000
0.10510000	0.07920000
0.10020000	0.07770000
0.09900000	0.07630000
0.09770000	0.07480000
0.09650000	0.07340000
0.18550000	0.11540000
0.30310000	0.20480000
0.23500000	0.11310000
0.18550000	0.06800000
0.11010000	0.06670000
0.09650000	0.06540000
0.09520000	0.06420000
0.08780000	0.06300000
0.09650000	0.06180000
0.08160000	0.06060000
0.06800000	0.05940000
0.06560000	0.05830000
0.06930000	0.05720000
0.07050000	0.05610000
0.06560000	0.05500000
0.06560000	0.06510000
0.05070000	0.05300000
0.04580000	0.05200000
0.04950000	0.05100000
0.04950000	0.05000000
0.05570000	0.04910000
0.06310000	0.04810000
0.05690000	0.04720000
0.05200000	0.04630000
0.04820000	0.04540000
0.04580000	0.04460000
0.04700000	0.04370000
0.04330000	0.04290000
0.04080000	0.04210000
0.03830000	0.04130000
0.03460000	0.04050000
0.03220000	0.03970000
0.02970000	0.03900000
0.02840000	0.03820000
0.02720000	0.03750000
0.02720000	0.03680000
0.02720000	0.03610000
0.02600000	0.03540000
0.02600000	0.03470000
0.02600000	0.03410000
0.02470000	0.03340000
0.02470000	0.03280000
0.02350000	0.03220000
0.02350000	0.03160000
0.02230000	0.03100000
0.02100000	0.03040000
0.01980000	0.02980000
0.01860000	0.02920000
0.01860000	0.02870000
0.01730000	0.02810000
0.01730000	0.02760000
0.01610000	0.02710000
0.01610000	0.02660000
0.01610000	0.02600000
0.01480000	0.02560000
0.01480000	0.02510000
0.01610000	0.02460000
0.01610000	0.02410000
0.01610000	0.02470000
0.01860000	0.02320000
0.02100000	0.02280000
0.02100000	0.02230000
0.02100000	0.02190000
0.01980000	0.02150000
0.01730000	0.02110000
0.01730000	0.02070000
0.01730000	0.02030000
0.01730000	0.01990000
0.01610000	0.01950000
0.01610000	0.01920000
0.01610000	0.01880000
0.01610000	0.01840000
0.01610000	0.01810000
0.01610000	0.01770000
0.01610000	0.01740000
0.01610000	0.01710000
0.01610000	0.01680000
0.01610000	0.01640000
0.01730000	0.01610000
0.01860000	0.01580000
0.01980000	0.01550000
0.02230000	0.01520000
0.02230000	0.01490000
0.02100000	0.01470000
0.01980000	0.01440000
0.01980000	0.01410000
0.01980000	0.01380000
0.01860000	0.01360000
0.01860000	0.01330000
0.01860000	0.01310000
0.01860000	0.01280000
0.02230000	0.08580000
0.02600000	0.01230000
0.03090000	0.01210000
0.03710000	0.01190000
0.04080000	0.01160000
0.04080000	0.01140000
0.03830000	0.01120000
0.03590000	0.01100000
0.03340000	0.01080000
0.03090000	0.01060000
0.02970000	0.01040000
0.02840000	0.01020000
0.02840000	0.01000000
0.02720000	0.00980000
0.02720000	0.00960000
0.02720000	0.00940000
0.02840000	0.01150000
0.02970000	0.00910000
0.03220000	0.00890000
0.03340000	0.00870000
0.03460000	0.00860000
0.03590000	0.00840000
0.03460000	0.00820000
0.03460000	0.00810000
0.03460000	0.00790000
0.03460000	0.00780000
0.03340000	0.00760000
0.03340000	0.00750000
0.03340000	0.00730000
0.03590000	0.00720000
0.03710000	0.00710000
0.03830000	0.00690000
0.03960000	0.00680000
0.04080000	0.00670000
0.04330000	0.02110000
0.07300000	0.12390000
0.12740000	0.02980000
0.12740000	0.00810000
0.10510000	0.00610000
0.08780000	0.00590000
0.07920000	0.00580000
0.07550000	0.00570000
0.07300000	0.00560000
0.07050000	0.00550000
0.06930000	0.00540000
0.06930000	0.00530000
0.06930000	0.00520000
0.07170000	0.04780000
0.11870000	0.13600000
0.29440000	0.11530000
0.28080000	0.12250000
0.22510000	0.03310000
0.25730000	0.08390000
0.32280000	0.04650000
0.28330000	0.00450000
0.21400000	0.03070000
0.24120000	0.07010000
0.63830000	0.08990000
1.99150000	0.16490000
1.21960000	0.00620000
0.95000000	0.00590000
1.13430000	0.00510000
0.88940000	0.00470000
0.70880000	0.00460000
0.75330000	0.00450000
2.02860000	0.00440000
1.29880000	0.00430000
2.79550000	0.00430000
4.18090000	0.00420000
4.03250000	0.00410000
2.35020000	0.00410000
2.61000000	0.00400000
5.30650000	0.06090000
3.72320000	0.01280000
2.48630000	0.00490000
1.91730000	0.00390000
1.57090000	0.00380000
1.36060000	0.00360000
1.20360000	0.00430000
1.29880000	0.01810000
5.12100000	0.00800000
3.26560000	0.00420000
2.39970000	0.00350000
5.59100000	0.12500000
4.53960000	0.01600000
5.12100000	0.03790000
6.02400000	0.15370000
4.35410000	0.15450000
3.99540000	0.13080000
3.84690000	0.10890000
3.14190000	0.09210000
2.65940000	0.08020000
2.28840000	0.08730000
2.27600000	0.28100000
3.69850000	5.94500000
4.78700000	6.85560000
5.13330000	3.89580000
8.08970000	6.40810000
10.18010000	9.51550000
22.75990000	15.00060000
13.35910000	7.92160000
8.20100000	6.09590000
6.46930000	5.34560000
20.16230000	14.31260000
14.47230000	14.97080000
11.24390000	10.09990000
9.01740000	7.03490000
6.72900000	6.36220000
5.35600000	5.56580000
4.73750000	4.95350000
4.27990000	4.47940000
3.84690000	4.10940000
3.43870000	3.81760000
3.06760000	3.58470000
2.75840000	3.39720000
2.48630000	3.24190000
2.28840000	3.11320000
2.16470000	3.00340000
2.33780000	2.96640000
2.30070000	2.82450000
2.05330000	3.04620000
1.91730000	2.92230000
1.86780000	2.80790000
2.22650000	2.71430000
2.17700000	2.63260000
2.01620000	2.55990000
1.90490000	2.49420000
1.78120000	2.43410000
1.70700000	2.37830000
1.65750000	2.33620000
1.59570000	2.28150000
1.53380000	2.24050000
1.47200000	2.18310000
1.42250000	2.13940000
1.39780000	2.09700000
2.07810000	4.04800000
4.14380000	3.21840000
3.10470000	3.16450000
2.65940000	2.87800000
2.36260000	2.89810000
2.21410000	2.68930000
2.13990000	2.52300000
2.06570000	2.38860000
1.99150000	2.27840000
1.94200000	2.18650000
1.91730000	2.12230000
1.84310000	2.04700000
2.78310000	2.00370000
9.05450000	9.19630000
7.03830000	6.41350000
5.31890000	4.35270000
5.31890000	4.08960000
4.71280000	3.62050000
4.06960000	3.49890000
3.59950000	3.22720000
3.29030000	2.97060000
3.05530000	2.76770000
2.82020000	2.60530000
2.58520000	2.47340000
2.37490000	2.36460000
2.22650000	2.27330000
2.15230000	2.19540000
2.36260000	2.18370000
2.68420000	2.13910000
2.48630000	2.01440000
2.32550000	2.13040000
2.36260000	2.06240000
2.37490000	2.01320000
2.38730000	2.07660000
2.36260000	2.33610000
2.26360000	2.47850000
2.16470000	2.56490000
2.07810000	2.37670000
1.99150000	2.22780000
1.88020000	2.10670000
1.78120000	2.00790000
1.71940000	1.92520000
1.68230000	1.85560000
1.69460000	1.79970000
1.90490000	1.80050000
1.89250000	1.70940000
1.81830000	1.65300000
1.74410000	1.61380000
1.66990000	1.57720000
1.62040000	1.54280000
1.58330000	1.51020000
1.57090000	1.47900000
1.55860000	1.44910000
1.54620000	1.42010000
1.54620000	1.39210000
1.57090000	1.36490000
1.58330000	1.33840000
1.58330000	1.31250000
1.54620000	1.28720000
1.48430000	1.26250000
1.43490000	1.23830000
1.43490000	1.22780000
1.48430000	1.20840000
1.43490000	1.17770000
1.41010000	1.14650000
1.37300000	1.12470000
1.41010000	1.10490000
1.39780000	1.08230000
1.34830000	1.06610000
1.31120000	1.04690000
1.24930000	1.02170000
1.19610000	1.00240000
1.14790000	0.98320000
1.11200000	0.96450000
1.07610000	0.94620000
1.04400000	0.92820000
1.01060000	0.91060000
0.98960000	0.89330000
0.97470000	0.87630000
0.95860000	0.85970000
0.93020000	0.84330000
0.92280000	0.83470000
0.99820000	0.88680000
0.98580000	0.81240000
0.93140000	0.78110000
0.89430000	0.76620000
0.85720000	0.75170000
0.83490000	0.73740000
0.81760000	0.72340000
0.79540000	0.70960000
0.77560000	0.69610000
0.75830000	0.68290000
0.74590000	0.66990000
0.72490000	0.65720000
0.71120000	0.64470000
0.69520000	0.63250000
0.67540000	0.62050000
0.66420000	0.60870000
0.64820000	0.59710000
0.63460000	0.58580000
0.62090000	0.57460000
0.61850000	0.57510000
0.67780000	0.60390000
0.70510000	0.59740000
0.65930000	0.53690000
0.62220000	0.52210000
0.59250000	0.51220000
0.56650000	0.50240000
0.54670000	0.49290000
0.53680000	0.48430000
0.54180000	0.48580000
0.52450000	0.46530000
0.50470000	0.45650000
0.48740000	0.44780000
0.46630000	0.45070000
0.45520000	0.43090000
0.44280000	0.42280000
0.42550000	0.41470000
0.41070000	0.40680000
0.39830000	0.39910000
0.38220000	0.39150000
0.36980000	0.38410000
0.36240000	0.37680000
0.36000000	0.36960000
0.34760000	0.36260000
0.33270000	0.35570000
0.31910000	0.34900000
0.30430000	0.34230000
0.28940000	0.33580000
0.27960000	0.32940000
0.27210000	0.32320000
0.27210000	0.31700000
0.26590000	0.31100000
0.25480000	0.30510000
0.24240000	0.29930000
0.23870000	0.29360000
0.23130000	0.28810000
0.22270000	0.28260000
0.21150000	0.27720000
0.20160000	0.27190000
0.19170000	0.26680000
0.18310000	0.26170000
0.17690000	0.25670000
0.17190000	0.25190000
0.16580000	0.24710000
0.15710000	0.24240000
0.14840000	0.23780000
0.14350000	0.23330000
0.13980000	0.22880000
0.13480000	0.22450000
0.13110000	0.22020000
0.12860000	0.21600000
0.12490000	0.21190000
0.12000000	0.20790000
0.11260000	0.20390000
0.10640000	0.20010000
0.10390000	0.19630000
0.09900000	0.19250000
0.09650000	0.18890000
0.09280000	0.18530000
0.09030000	0.18180000
0.08910000	0.17830000
0.08660000	0.17490000
0.08530000	0.17160000
0.08160000	0.16830000
0.07920000	0.17350000
0.07920000	0.16970000
0.07790000	0.15890000
0.07550000	0.15590000
0.07300000	0.15290000
0.07050000	0.15000000
0.06800000	0.14720000
0.06560000	0.14440000
0.06310000	0.14170000
0.06060000	0.13900000
0.05940000	0.13630000
0.05810000	0.13370000
0.05810000	0.13120000
0.05690000	0.12870000
0.05810000	0.12630000
0.05940000	0.12390000
0.06060000	0.12150000
0.06060000	0.11920000
0.05940000	0.11690000
0.05570000	0.11470000
0.05200000	0.11250000
0.04820000	0.11040000
0.04580000	0.10830000
0.04330000	0.10620000
0.04080000	0.10420000
0.03830000	0.10220000
0.03710000	0.10030000
0.03590000	0.09840000
0.03590000	0.09650000
0.03460000	0.09470000
0.03590000	0.09290000
0.03590000	0.09110000
0.03710000	0.08940000
0.03710000	0.08770000
0.03710000	0.08600000
0.03710000	0.08440000
0.03710000	0.08280000
0.03590000	0.08120000
0.03590000	0.07970000
0.03460000	0.07820000
0.03340000	0.07670000
0.03220000	0.07520000
0.03090000	0.07380000
0.02840000	0.07240000
0.02840000	0.07100000
0.02840000	0.06970000
0.02840000	0.06830000
0.02970000	0.06700000
0.03220000	0.06580000
0.03460000	0.06450000
0.03590000	0.06330000
0.03460000	0.06210000
0.03340000	0.06090000
0.03090000	0.05970000
0.02970000	0.05860000
0.02970000	0.05750000
0.02970000	0.05640000
0.02970000	0.05530000
0.03090000	0.05430000
0.03220000	0.05330000
0.03090000	0.05220000
0.02970000	0.05120000
0.02840000	0.05030000
0.02720000	0.04930000
0.02720000	0.04840000
0.02720000	0.04750000
0.02720000	0.04660000
0.02720000	0.04570000
0.02720000	0.04480000
0.02720000	0.04400000
0.02720000	0.04310000
0.02840000	0.04230000
0.03090000	0.04150000
0.03460000	0.04070000
0.03710000	0.03990000
0.03830000	0.03920000
0.03960000	0.03840000
0.03960000	0.03770000
0.03830000	0.03700000
0.03710000	0.03630000
0.03590000	0.03560000
0.03460000	0.03490000
0.03590000	0.03430000
0.03590000	0.03360000
0.03710000	0.03300000
0.03830000	0.03230000
0.03830000	0.03170000
0.03960000	0.03110000
0.03960000	0.03050000
0.04080000	0.03000000
0.04210000	0.02940000
0.04330000	0.02880000
0.04450000	0.02830000
0.04580000	0.02770000
0.04700000	0.02720000
0.04820000	0.02670000
0.04950000	0.02620000
0.05070000	0.02570000
0.05200000	0.02520000
0.05320000	0.02470000
0.05320000	0.02430000
0.05440000	0.02380000
0.05570000	0.02330000
0.05570000	0.02290000
0.05570000	0.02250000
0.05690000	0.02200000
0.05810000	0.02160000
0.05940000	0.02120000
0.12620000	0.09410000
0.69890000	0.30340000
0.85100000	0.09090000
1.07120000	0.03590000
0.95620000	0.07720000
0.59250000	0.04380000
0.53070000	0.12890000
0.46260000	0.01820000
0.37600000	0.01780000
0.31670000	0.01750000
0.27340000	0.01720000
0.24370000	0.01680000
0.21890000	0.01650000
0.20290000	0.01620000
0.18800000	0.01590000
0.17690000	0.01560000
0.16700000	0.01530000
0.16330000	0.01500000
0.15710000	0.01470000
0.15210000	0.01440000
0.14840000	0.01420000
0.14470000	0.01390000
0.14100000	0.01360000
0.13730000	0.01340000
0.13610000	0.01310000
0.13480000	0.01290000
0.13480000	0.01260000
0.13850000	0.03280000
0.15090000	0.03450000
0.15460000	0.01190000
0.14600000	0.01170000
0.13980000	0.01150000
0.14350000	0.01360000
0.19170000	0.07470000
0.22880000	0.03390000
0.22510000	0.04000000
0.53560000	0.17820000
11.97370000	0.64410000
12.04790000	0.72890000
26.22340000	21.49420000
9.58640000	8.43140000
5.33130000	4.93590000
3.61190000	4.11500000
3.76030000	3.47520000
5.76420000	2.98390000
3.95820000	2.60830000
2.86970000	2.31960000
2.35020000	2.09620000
2.02860000	1.92180000
2.18940000	1.78440000
11.41710000	1.67480000
26.84180000	1.58630000
13.23540000	1.51360000
9.72240000	1.45300000
19.91490000	1.40140000
11.41710000	1.35680000
7.68150000	1.31760000
6.28370000	1.31420000
6.65480000	1.30150000
6.93930000	2.25820000
6.06110000	2.31830000
5.26940000	2.57980000
4.63860000	2.83460000
4.21800000	2.95790000
4.47780000	4.92440000
6.06110000	3.89560000
8.28760000	8.14660000
16.45140000	12.59580000
15.83300000	10.80070000
11.28100000	6.46220000
8.47310000	5.75990000
6.80320000	5.04170000
6.27130000	4.45930000
5.92500000	4.00970000
5.54150000	3.66030000
5.33130000	3.42490000
5.40550000	3.49010000
6.24660000	4.03540000
5.60340000	4.15280000
5.94970000	4.22420000
5.54150000	4.29580000
5.25700000	4.22030000
4.73750000	3.84990000
4.13140000	3.65070000
3.78510000	3.59310000
3.56240000	3.34130000
3.41400000	3.18320000
3.12950000	3.01040000
2.86970000	2.88350000
2.65940000	2.76880000
2.48630000	2.67130000
2.33780000	2.58690000
2.20180000	2.51250000
2.11520000	2.44580000
2.01620000	2.38510000
1.89250000	2.32910000
1.80590000	2.27690000
1.73170000	2.22910000
1.88020000	2.24600000
1.92960000	2.16310000
2.00390000	3.25010000
4.96020000	6.44810000
4.25510000	4.17070000
3.55000000	3.92100000
3.32740000	3.55780000
3.03050000	3.45950000
2.78310000	3.39580000
2.65940000	3.18110000
2.59760000	2.94850000
2.47390000	2.76330000
2.44920000	2.63310000
2.16470000	2.49170000
2.10280000	2.38980000
1.97910000	2.30360000
1.85540000	2.22920000
1.84310000	2.16380000
1.66990000	2.11590000
1.60800000	2.05970000
1.52140000	2.00380000
1.45960000	1.95850000
1.42250000	1.91580000
1.36060000	1.87530000
1.33590000	1.88180000
1.36060000	1.84410000
1.33590000	1.78080000
1.29880000	1.76020000
1.37300000	1.74890000
2.13990000	4.55550000
8.74520000	10.54960000
6.61770000	4.88130000
4.68800000	4.75750000
3.76030000	4.48600000
3.30270000	4.18730000
3.20370000	3.72100000
2.91920000	3.35190000
2.85740000	3.13440000
3.11710000	3.01670000
2.86970000	3.04720000
2.79550000	3.04280000
4.57670000	3.97080000
4.47780000	3.73240000
3.85930000	3.58290000
3.41400000	3.30810000
3.09240000	3.04690000
2.86970000	2.84020000
2.72130000	2.69090000
2.63470000	2.56340000
2.51100000	2.42990000
2.58520000	2.33810000
2.46150000	2.25750000
2.36260000	2.24010000
2.31310000	2.12560000
2.36260000	2.07020000
2.37490000	2.01970000
2.32550000	1.97300000
2.23890000	1.96320000
2.47390000	1.97070000
3.04290000	1.93310000
3.22840000	2.05920000
3.19130000	2.32950000
3.17900000	2.43730000
3.51290000	2.47060000
3.33980000	2.46470000
3.08000000	2.43280000
2.89450000	2.26560000
2.85740000	2.16960000
2.85740000	2.05620000
2.78310000	1.93880000
4.57670000	2.09880000
4.88600000	2.57040000
5.15810000	2.54530000
5.19520000	2.40800000
6.88980000	3.33990000
8.98030000	6.54060000
7.99070000	4.32410000
6.74140000	4.04140000
6.06110000	3.68060000
5.70230000	3.30470000
5.50440000	3.01120000
5.05910000	2.75890000
4.56430000	2.56800000
4.11900000	2.42530000
3.77270000	2.31660000
3.47580000	2.20180000
3.19130000	2.11700000
2.91920000	2.04540000
2.69660000	1.98310000
2.53570000	1.92780000
2.47390000	1.87790000
2.37490000	1.83230000
2.22650000	1.79010000
2.07810000	1.75050000
1.96680000	1.71310000
1.86780000	1.67740000
1.80590000	1.64320000
1.74410000	1.61020000
1.71940000	1.57830000
1.68230000	1.54730000
1.64510000	1.51710000
1.60800000	1.48770000
1.54620000	1.45910000
1.47200000	1.43100000
1.41010000	1.40360000
1.38540000	1.37680000
1.39780000	1.38530000
1.29880000	1.32470000
1.21720000	1.29950000
1.14910000	1.27470000
1.09590000	1.25050000
1.05020000	1.22670000
0.99570000	1.20330000
0.94870000	1.18050000
0.90540000	1.15800000
0.86830000	1.13610000
0.83120000	1.11440000
0.79660000	1.09320000
0.77560000	1.07240000
0.75450000	1.05210000
0.73720000	1.03210000
0.71000000	1.01250000
0.67910000	0.99320000
0.65060000	0.97440000
0.62590000	0.95580000
0.60610000	0.93770000
0.60490000	0.91990000
0.57890000	0.90240000
0.56780000	0.88520000
0.55540000	0.86840000
0.54670000	0.85190000
0.52820000	0.83570000
0.51700000	0.81990000
0.49730000	0.80430000
0.47250000	0.78900000
0.45640000	0.77400000
0.43540000	0.75930000
0.42430000	0.74490000
0.41440000	0.73070000
0.41190000	0.71680000
0.39580000	0.70320000
0.38470000	0.68990000
0.37730000	0.67680000
0.37360000	0.66390000
0.34880000	0.65130000
0.33890000	0.63890000
0.34020000	0.62680000
0.33030000	0.61490000
0.31910000	0.60320000
0.31050000	0.59170000
0.30310000	0.58050000
0.29560000	0.56940000
0.28940000	0.55860000
0.28570000	0.54800000
0.27340000	0.53760000
0.26350000	0.52740000
0.25600000	0.51740000
0.24740000	0.50750000
0.24240000	0.49790000
0.22760000	0.48840000
0.22020000	0.47920000
0.21150000	0.47000000
0.20530000	0.46110000
0.20040000	0.45240000
0.19300000	0.44380000
0.18310000	0.43530000
0.17690000	0.42710000
0.16820000	0.41890000
0.15960000	0.41100000
0.16330000	0.40320000
0.17070000	0.42440000
0.22020000	0.45740000
0.22390000	0.38060000
0.21150000	0.37340000
0.19670000	0.36630000
0.18930000	0.35930000
0.18800000	0.35250000
0.18180000	0.34580000
0.17690000	0.33920000
0.16700000	0.33280000
0.16200000	0.32650000
0.16200000	0.32030000
0.15710000	0.31420000
0.14840000	0.30820000
0.14220000	0.30240000
0.14350000	0.29660000
0.13610000	0.29100000
0.13110000	0.28550000
0.12620000	0.28000000
0.12250000	0.27470000
0.11630000	0.26950000
0.12000000	0.26440000
0.12000000	0.25930000
0.12000000	0.25440000
0.11870000	0.24960000
0.11260000	0.24480000
0.10890000	0.24020000
0.10890000	0.23560000
0.10640000	0.23120000
0.10760000	0.22680000
0.10020000	0.22240000
0.09650000	0.21820000
0.09400000	0.21410000
0.10390000	0.21210000
0.14720000	0.22060000
0.12620000	0.20210000
0.12620000	0.19830000
0.11750000	0.19450000
0.11630000	0.20910000
0.12490000	0.20300000
0.12620000	0.18360000
0.12740000	0.18010000
0.11630000	0.17670000
0.11260000	0.17340000
0.10640000	0.17010000
0.10510000	0.16680000
0.10020000	0.16370000
0.10020000	0.16050000
0.10270000	0.15750000
0.09770000	0.15450000
0.09400000	0.15160000
0.09400000	0.14870000
0.09030000	0.14590000
0.08530000	0.14310000
0.08410000	0.14040000
0.08410000	0.13770000
0.08290000	0.13510000
0.08040000	0.13250000
0.08040000	0.13000000
0.07920000	0.12750000
0.08040000	0.12510000
0.08160000	0.12270000
0.08290000	0.12040000
0.08530000	0.11810000
0.08530000	0.11590000
0.08410000	0.11370000
0.07790000	0.11150000
0.07670000	0.10940000
0.07790000	0.10730000
0.08160000	0.10530000
0.08660000	0.10330000
0.09030000	0.10130000
0.09150000	0.09940000
0.08910000	0.09750000
0.08780000	0.09560000
0.08780000	0.09380000
0.09030000	0.09200000
0.09280000	0.09030000
0.09400000	0.08860000
0.09150000	0.08690000
0.08910000	0.08520000
0.08660000	0.08360000
0.08780000	0.08200000
0.08660000	0.08050000
0.08780000	0.07900000
0.09030000	0.07750000
0.09030000	0.07600000
0.09150000	0.07450000
0.09280000	0.07310000
0.08910000	0.07170000
0.08780000	0.07040000
0.09150000	0.06900000
0.10020000	0.06790000
0.12370000	0.08180000
0.12860000	0.06520000
0.14100000	0.06780000
0.14600000	0.07790000
0.15460000	0.11470000
0.23130000	0.18920000
0.42300000	0.18460000
0.57020000	0.09180000
0.40700000	0.05700000
0.29930000	0.05590000
0.24860000	0.05480000
0.22510000	0.09670000
0.29440000	0.11250000
0.39340000	0.06910000
0.36610000	0.07720000
0.32280000	0.04980000
0.28570000	0.04890000
0.26100000	0.05120000
0.24120000	0.04700000
0.22270000	0.04610000
0.21150000	0.04530000
0.20530000	0.04440000
0.20660000	0.04360000
0.20780000	0.04340000
0.20530000	0.04190000
0.20160000	0.04410000
0.25730000	0.13130000
0.63700000	0.17470000
1.02790000	0.12720000
1.24930000	0.11110000
0.81520000	0.03930000
0.59740000	0.09190000
0.90920000	0.12160000
3.58720000	0.17980000
4.23040000	0.11690000
2.39970000	0.39990000
1.75650000	0.48320000
1.59570000	0.77670000
1.73170000	1.18780000
2.10280000	1.28400000
7.23620000	1.16780000
9.49980000	1.23510000
4.87360000	1.22570000
3.05530000	1.19920000
2.22650000	1.03760000
1.80590000	0.93350000
1.66990000	1.27230000
3.61190000	1.59410000
3.03050000	1.54610000
2.39970000	1.43850000
2.17700000	1.32140000
4.82410000	5.20260000
5.19520000	2.78720000
3.73560000	2.58950000
2.83260000	2.26070000
2.35020000	1.98350000
3.48820000	1.77050000
3.42640000	1.60510000
2.77080000	1.47580000
4.39120000	1.37370000
4.47780000	1.29200000
3.22840000	1.22580000
2.61000000	1.17120000
2.26360000	1.12550000
2.16470000	1.08660000
2.33780000	1.05280000
3.46350000	1.03010000
7.65670000	4.84510000
8.00310000	2.62670000
5.98680000	2.54660000
5.18280000	2.30790000
5.34360000	2.46740000
5.54150000	2.67840000
6.19710000	2.85180000
5.39310000	2.79580000
4.53960000	2.69500000
3.94590000	2.40750000
3.69850000	2.18460000
3.53770000	2.01020000
3.20370000	1.87230000
2.84500000	1.76190000
2.61000000	1.67240000
2.91920000	1.60270000
2.80790000	1.53780000
2.58520000	1.48440000
3.06760000	1.43860000
3.72320000	1.39800000
3.38920000	1.38810000
3.62430000	2.85750000
3.53770000	2.34790000
3.25320000	2.27800000
3.57480000	2.07960000
3.94590000	1.90450000
3.71090000	1.93340000
3.37690000	1.95880000
3.20370000	1.96380000
3.14190000	1.82050000
2.86970000	1.70580000
2.67180000	1.61380000
2.49860000	1.55000000
2.35020000	1.47390000
2.26360000	1.42060000
2.25130000	1.37510000
2.23890000	1.35150000
2.22650000	1.32990000
8.89370000	5.09710000
37.10850000	15.99270000
30.42900000	13.98890000
14.96710000	6.46370000
10.57590000	5.73960000
7.96600000	4.92750000
6.14760000	4.31080000
5.21990000	3.83400000
4.78700000	3.49680000
6.64240000	6.24470000
11.21910000	11.55610000
9.69770000	5.94660000
7.26090000	5.39350000
6.16000000	4.79600000
5.94970000	5.43430000
5.62810000	4.60260000
5.05910000	4.50170000
4.56430000	4.08160000
4.23040000	3.75340000
4.00770000	3.49370000
3.90880000	3.28620000
4.24270000	3.11800000
4.62620000	2.97930000
4.72520000	2.86320000
4.31700000	2.76420000
4.02010000	2.67810000
3.82220000	2.60210000
3.66140000	2.53390000
3.53770000	2.47160000
3.42640000	2.41400000
3.30270000	2.36020000
3.19130000	2.30940000
3.06760000	2.26110000
2.82020000	2.21480000
2.70890000	2.17020000
2.65940000	2.12700000
2.58520000	2.08520000
2.44920000	2.04450000
2.54810000	2.05670000
2.74600000	1.99000000
2.69660000	1.96020000
2.59760000	1.89140000
2.48630000	1.85520000
2.46150000	1.84440000
2.32550000	1.78510000
2.18940000	1.75110000
2.07810000	1.71770000
2.00390000	1.68500000
1.95440000	1.65300000
1.91730000	1.62150000
1.86780000	1.59070000
1.80590000	1.56040000
1.74410000	1.53080000
1.69460000	1.50170000
1.64510000	1.47320000
1.60800000	1.44510000
1.57090000	1.41770000
1.54620000	1.39070000
1.55860000	1.37950000
1.60800000	1.36340000
1.52140000	1.33110000
1.50910000	1.30420000
1.44720000	1.26670000
1.43490000	1.24820000
1.59570000	1.29180000
1.79360000	1.23670000
1.70700000	1.17020000
1.55860000	1.14800000
1.47200000	1.12620000
1.41010000	1.10480000
1.36060000	1.08380000
1.32350000	1.06320000
1.28640000	1.04300000
1.23700000	1.02320000
1.19490000	1.00370000
1.15410000	0.98470000
1.12070000	0.96590000
1.09350000	0.94760000
1.07240000	0.92960000
1.05020000	0.91190000
1.01430000	0.89460000
1.00560000	0.87870000
1.01430000	0.89290000
0.95990000	0.84460000
0.92150000	0.83080000
0.89680000	0.81280000
0.86220000	0.79730000
0.82880000	0.78220000
0.79660000	0.76730000
0.77060000	0.75280000
0.75330000	0.73840000
0.73720000	0.72440000
0.74840000	0.72000000
0.72240000	0.69720000
0.71120000	0.69210000
0.70260000	0.70840000
0.66800000	0.65820000
0.64200000	0.64570000
0.62470000	0.63340000
0.60360000	0.62140000
0.58380000	0.60960000
0.57020000	0.59800000
0.57390000	0.60420000
0.56280000	0.57550000
0.54180000	0.56450000
0.51950000	0.55380000
0.49850000	0.54330000
0.48360000	0.53300000
0.46880000	0.52280000
0.45150000	0.51290000
0.43540000	0.50320000
0.42430000	0.49360000
0.41930000	0.48420000
0.41440000	0.47500000
0.40820000	0.46600000
0.40200000	0.45710000
0.38720000	0.44850000
0.37600000	0.43990000
0.36370000	0.43160000
0.35130000	0.42340000
0.33650000	0.41530000
0.32280000	0.40740000
0.31050000	0.39970000
0.29560000	0.39210000
0.28570000	0.38470000
0.27460000	0.37730000
0.26470000	0.37020000
0.25730000	0.36310000
0.24860000	0.35620000
0.24240000	0.34950000
0.23250000	0.34280000
0.22510000	0.33630000
0.21770000	0.32990000
0.21520000	0.32370000
0.21150000	0.31750000
0.21030000	0.31150000
0.20660000	0.30560000
0.20040000	0.29980000
0.19300000	0.29410000
0.18430000	0.28850000
0.17190000	0.28300000
0.16330000	0.27760000
0.15340000	0.27230000
0.14720000	0.26720000
0.14220000	0.26210000
0.13980000	0.25710000
0.13610000	0.25220000
0.13240000	0.24740000
0.12740000	0.24270000
0.12370000	0.23810000
0.11870000	0.23360000
0.11380000	0.22920000
0.11130000	0.22480000
0.10640000	0.22050000
0.10760000	0.21630000
0.10510000	0.21220000
0.10390000	0.20820000
0.09900000	0.20420000
0.10760000	0.20040000
0.11750000	0.19660000
0.11010000	0.19280000
0.10510000	0.18920000
0.10020000	0.18560000
0.09650000	0.18200000
0.09150000	0.17860000
0.08910000	0.17520000
0.08530000	0.17190000
0.08290000	0.16860000
0.08660000	0.16540000
0.09150000	0.16220000
0.09030000	0.15920000
0.08660000	0.15610000
0.08410000	0.15320000
0.08290000	0.15030000
0.08410000	0.14740000
0.08040000	0.14460000
0.07670000	0.14190000
0.07300000	0.13920000
0.06930000	0.13650000
0.06560000	0.13390000
0.06310000	0.13140000
0.06180000	0.12890000
0.06060000	0.12640000
0.05940000	0.12400000
0.06060000	0.12170000
0.05940000	0.11940000
0.05810000	0.11710000
0.05570000	0.11490000
0.05570000	0.11270000
0.05810000	0.11050000
0.06310000	0.10840000
0.06560000	0.10640000
0.06930000	0.10440000
0.07050000	0.10240000
0.06930000	0.10040000
0.06560000	0.09850000
0.06310000	0.09670000
0.05940000	0.09480000
0.05570000	0.09300000
0.05440000	0.09130000
0.05440000	0.08950000
0.05320000	0.08780000
0.05320000	0.08610000
0.05320000	0.08450000
0.05320000	0.08290000
0.05200000	0.08130000
0.05070000	0.07980000
0.05070000	0.07830000
0.04950000	0.07680000
0.04950000	0.07530000
0.05200000	0.07390000
0.05200000	0.07250000
0.05320000	0.07110000
0.05320000	0.06980000
0.05570000	0.06840000
0.05690000	0.06960000
0.05810000	0.07190000
0.06310000	0.06460000
0.06680000	0.06340000
0.06680000	0.06220000
0.06560000	0.06100000
0.06430000	0.05980000
0.06310000	0.05870000
0.06060000	0.05760000
0.06060000	0.05650000
0.05940000	0.05540000
0.05940000	0.05440000
0.05940000	0.05330000
0.05810000	0.05230000
0.05810000	0.05130000
0.05810000	0.05030000
0.05940000	0.04940000
0.05810000	0.04850000
0.05690000	0.04750000
0.05810000	0.04660000
0.05940000	0.04570000
0.07170000	0.08930000
0.07550000	0.04400000
0.07670000	0.04320000
0.07670000	0.04240000
0.07420000	0.04160000
0.07050000	0.04080000
0.06930000	0.04000000
0.06800000	0.03920000
0.07550000	0.06110000
0.11750000	0.09400000
0.35130000	0.17610000
0.55660000	0.11890000
0.38590000	0.05990000
0.26840000	0.03790000
0.31420000	0.14080000
0.33890000	0.05430000
0.32040000	0.03300000
0.48490000	0.15400000
0.50340000	0.03410000
0.38470000	0.03400000
0.31420000	0.03070000
0.27460000	0.03000000
0.25480000	0.02940000
0.24000000	0.02890000
0.22510000	0.02830000
0.22760000	0.05030000
0.22760000	0.02730000
0.22640000	0.02670000
0.21890000	0.02620000
0.20410000	0.02570000
0.19300000	0.02520000
0.18930000	0.02480000
0.21150000	0.05390000
0.26970000	0.03720000
0.30180000	0.02340000
0.29070000	0.02670000
0.26470000	0.02250000
0.24620000	0.02210000
0.23870000	0.05200000
0.22880000	0.02120000
0.22020000	0.02080000
0.21280000	0.02040000
0.20530000	0.02000000
0.19910000	0.01970000
0.19420000	0.01930000
0.19170000	0.01890000
0.18680000	0.01860000
0.19300000	0.05150000
0.21150000	0.02890000
0.25360000	0.03180000
0.27580000	0.01720000
0.26590000	0.01690000
0.24620000	0.01650000
0.23630000	0.01620000
0.22880000	0.01590000
0.22140000	0.01560000
0.21520000	0.01530000
0.21280000	0.01500000
0.26350000	0.01550000
1.32350000	0.01520000
6.18480000	0.01490000
4.26750000	0.14840000
2.25130000	0.07820000
1.55860000	0.03800000
1.22830000	0.03030000
1.06250000	0.02230000
0.97100000	0.02260000
0.87700000	0.01240000
0.79540000	0.01220000
0.73230000	0.01190000
0.68770000	0.01170000
0.65430000	0.01150000
0.62840000	0.01130000
0.60730000	0.01110000
0.58760000	0.01090000
0.57020000	0.01060000
0.55540000	0.01040000
0.54300000	0.01020000
0.56400000	0.01080000
0.66300000	0.01060000
1.36060000	0.01110000
1.48430000	0.02720000
1.64510000	0.01280000
1.57090000	0.01030000
1.38540000	0.00980000
1.19610000	0.00960000
1.06870000	0.00950000
0.98830000	0.00930000
0.92770000	0.00910000
0.89180000	0.00890000
0.92280000	0.12240000
1.04030000	0.01520000
1.14290000	0.00890000
1.14290000	0.00840000
1.19240000	0.00820000
1.12810000	0.00810000
1.02790000	0.00800000
0.97600000	0.00780000
0.95740000	0.03290000
1.02300000	0.03490000
1.43490000	0.02740000
1.68230000	0.06420000
2.20180000	0.03930000
2.65940000	0.01690000
2.78310000	0.00880000
2.65940000	0.00600000
2.58520000	0.00590000
2.62230000	0.00580000
2.79550000	0.01320000
5.12100000	0.08340000
5.36840000	0.05700000
5.81370000	2.50780000
5.29410000	1.45480000
3.82220000	1.33360000
3.04290000	1.10530000
2.59760000	0.93100000
2.31310000	0.79890000
2.16470000	0.69790000
2.15230000	0.62030000
2.16470000	0.56020000
2.07810000	0.51340000
1.94200000	0.49400000
1.79360000	0.44700000
1.65750000	0.42330000
1.57090000	0.40380000
1.50910000	0.38750000
1.45960000	0.37370000
1.60800000	0.43950000
2.88210000	0.37150000
2.67180000	0.44390000
2.51100000	0.61600000
2.52340000	0.55740000
2.47390000	0.50120000
2.42440000	0.54240000
2.96870000	1.99470000
3.21610000	1.63820000
2.96870000	1.60990000
2.65940000	1.50010000
2.38730000	1.30080000
2.21410000	1.14800000
2.10280000	1.03010000
2.10280000	0.99620000
2.83260000	1.33390000
2.65940000	1.84840000
3.01820000	2.00080000
2.83260000	2.16160000
2.68420000	2.18390000
2.52340000	1.89100000
2.36260000	1.67930000
2.25130000	1.51550000
2.18940000	1.38780000
2.15230000	1.28730000
2.10280000	1.20720000
2.04100000	1.14250000
1.97910000	1.08950000
1.91730000	1.04540000
1.80590000	1.00790000
1.69460000	0.97560000
1.62040000	0.94710000
1.55860000	0.92170000
1.50910000	0.89860000
2.07810000	1.00870000
5.03440000	1.11040000
6.97640000	2.06420000
9.96980000	6.26350000
7.89170000	3.62820000
5.70230000	3.40590000
4.45300000	3.05730000
3.78510000	2.67020000
4.39120000	2.45160000
8.96790000	2.32320000
7.16190000	3.34190000
5.90030000	3.04890000
4.91070000	3.02200000
4.26750000	2.68970000
3.84690000	2.43240000
3.68610000	2.28670000
3.64900000	2.07590000
3.26560000	1.95870000
3.04290000	1.84450000
3.31500000	1.83180000
3.77270000	1.71070000
4.37880000	1.63150000
4.19330000	1.60750000
3.98300000	1.53380000
3.72320000	1.49290000
3.45110000	1.45660000
3.14190000	1.42240000
2.85740000	1.39650000
2.68420000	1.35960000
2.59760000	1.33110000
2.47390000	1.30370000
2.33780000	1.27740000
2.18940000	1.25190000
2.09040000	1.22730000
2.01620000	1.20330000
2.11520000	1.22840000
2.22650000	1.17440000
2.10280000	1.13880000
1.96680000	1.11310000
1.94200000	1.09180000
2.06570000	1.07410000
2.01620000	1.05050000
1.99150000	1.03070000
2.09040000	1.03980000
2.01620000	0.99160000
1.92960000	0.97280000
1.94200000	0.96740000
2.54810000	1.06760000
2.95630000	0.94640000
2.72130000	0.91250000
3.56240000	1.00260000
5.83840000	0.99230000
5.56630000	0.88580000
4.47780000	0.83430000
3.78510000	0.81840000
3.32740000	0.80290000
3.03050000	0.78760000
2.85740000	0.77720000
2.82020000	0.82270000
2.67180000	0.87040000
7.76810000	8.56130000
10.09350000	6.93910000
6.77850000	3.60050000
5.25700000	3.36050000
4.39120000	2.88940000
3.80980000	2.52900000
3.40160000	2.25180000
3.06760000	2.03720000
2.80790000	1.86970000
2.59760000	1.73750000
2.39970000	1.63200000
2.23890000	1.54660000
2.10280000	1.47650000
1.96680000	1.41780000
1.84310000	1.36790000
1.74410000	1.32480000
1.65750000	1.28670000
1.57090000	1.25260000
1.49670000	1.22150000
1.45960000	1.19670000
1.42250000	1.19310000
1.43490000	1.17500000
1.66990000	1.16140000
1.44720000	1.09400000
1.31120000	1.07190000
1.23570000	1.05060000
1.16890000	1.02990000
1.11570000	1.00980000
1.06750000	0.99020000
1.04650000	0.99550000
1.23200000	1.05060000
1.49670000	1.04960000
1.49670000	1.04640000
1.36060000	0.89870000
1.22580000	0.88160000
1.13430000	0.86480000
1.06380000	0.84830000
1.00320000	0.83210000
0.95490000	0.81630000
0.91530000	0.80080000
0.88070000	0.78560000
0.84610000	0.77070000
0.81140000	0.75590000
0.77560000	0.74160000
0.73970000	0.72750000
0.70750000	0.71370000
0.68400000	0.70010000
0.65810000	0.68680000
0.63580000	0.67380000
0.61480000	0.66100000
0.59500000	0.64840000
0.57640000	0.63610000
0.56280000	0.62400000
0.54670000	0.61210000
0.53070000	0.60050000
0.51210000	0.58910000
0.49480000	0.57790000
0.48240000	0.56690000
0.46260000	0.55620000
0.44160000	0.54560000
0.42430000	0.53520000
0.40200000	0.52510000
0.38470000	0.51510000
0.36740000	0.50530000
0.35870000	0.49570000
0.34880000	0.48630000
0.33770000	0.47700000
0.32530000	0.46800000
0.31540000	0.45910000
0.30550000	0.45040000
0.29690000	0.44180000
0.28330000	0.43340000
0.27460000	0.42520000
0.26470000	0.41710000
0.26100000	0.40920000
0.25230000	0.40140000
0.24620000	0.39380000
0.23630000	0.38630000
0.23010000	0.37890000
0.22140000	0.37170000
0.21400000	0.36470000
0.20660000	0.35780000
0.20040000	0.35100000
0.19300000	0.34430000
0.18680000	0.33770000
0.18060000	0.33130000
0.17810000	0.32500000
0.17190000	0.31890000
0.16700000	0.31280000
0.16200000	0.30690000
0.15830000	0.30100000
0.15460000	0.29530000
0.15090000	0.28970000
0.14840000	0.28420000
0.14600000	0.27880000
0.14220000	0.27350000
0.13850000	0.26830000
0.13360000	0.26320000
0.12990000	0.25820000
0.12620000	0.25330000
0.12250000	0.24850000
0.11870000	0.24380000
0.11630000	0.23910000
0.11260000	0.23460000
0.11260000	0.23010000
0.11260000	0.22580000
0.11130000	0.22150000
0.11010000	0.21730000
0.10890000	0.21310000
0.10760000	0.20910000
0.10640000	0.20510000
0.10640000	0.20120000
0.10510000	0.19740000
0.10510000	0.19360000
0.10390000	0.19000000
0.10390000	0.18630000
0.10510000	0.18280000
0.10640000	0.17930000
0.10760000	0.17590000
0.10760000	0.17260000
0.10640000	0.16930000
0.10510000	0.16610000
0.10760000	0.16290000
0.10760000	0.15980000
0.10760000	0.15680000
0.10640000	0.15380000
0.10390000	0.15090000
0.10020000	0.14800000
0.09900000	0.14520000
0.09770000	0.14250000
0.09650000	0.13980000
0.09770000	0.13710000
0.09900000	0.13450000
0.09770000	0.13190000
0.09770000	0.12940000
0.09650000	0.12700000
0.09900000	0.12460000
0.10140000	0.12220000
0.10640000	0.12340000
0.11630000	0.11760000
0.12000000	0.11540000
0.11750000	0.11320000
0.11750000	0.11100000
0.11500000	0.10890000
0.11260000	0.10680000
0.11130000	0.10480000
0.11010000	0.10280000
0.10890000	0.10090000
0.10890000	0.09890000
0.10760000	0.09710000
0.12250000	0.12970000
0.12860000	0.09340000
0.12490000	0.09160000
0.12250000	0.08990000
0.12000000	0.08820000
0.11750000	0.08650000
0.11750000	0.08490000
0.11750000	0.08330000
0.11750000	0.08170000
0.11500000	0.08010000
0.11380000	0.07860000
0.12000000	0.12850000
0.12740000	0.07680000
0.13850000	0.13260000
0.15460000	0.08230000
0.14840000	0.07140000
0.13980000	0.07010000
0.13610000	0.06870000
0.13610000	0.09130000
0.18060000	0.07930000
0.32660000	0.06560000
0.30430000	0.10600000
0.28080000	0.11330000
0.66300000	0.23580000
1.10710000	0.08150000
0.57770000	0.07210000
0.39950000	0.05780000
0.31790000	0.05670000
0.27090000	0.05570000
0.24490000	0.08850000
0.23380000	0.06790000
0.22760000	0.05250000
0.21770000	0.05150000
0.20780000	0.05060000
0.19790000	0.04960000
0.19170000	0.04870000
0.18680000	0.04770000
0.18310000	0.04680000
0.17940000	0.04590000
0.17690000	0.04510000
0.17560000	0.04420000
0.23630000	0.15960000
0.32280000	0.05030000
0.30060000	0.04170000
0.33150000	0.04170000
0.79660000	0.04090000
0.91290000	0.04020000
7.29800000	0.03940000
6.16000000	0.03870000
2.28840000	0.03800000
1.38540000	0.03730000
1.05390000	0.03660000
0.88070000	0.03590000
0.82010000	0.03520000
0.87580000	0.03460000
0.90670000	0.03390000
0.84110000	0.03330000
0.78300000	0.03270000
0.73100000	0.03210000
0.68530000	0.03150000
0.64570000	0.03090000
0.60980000	0.03030000
0.57770000	0.02970000
0.55790000	0.02920000
0.84610000	0.02870000
13.35910000	0.02810000
11.72630000	0.31810000
10.87280000	0.28870000
16.94620000	3.89240000
13.35910000	4.14070000
7.34750000	2.46040000
5.14570000	2.22080000
7.37220000	4.93290000
15.46190000	8.12440000
43.66440000	18.38600000
22.88360000	11.12630000
27.83140000	6.31890000
43.04590000	20.19190000
23.62580000	16.96010000
17.68840000	8.75460000
11.55310000	7.45350000
8.83180000	6.48630000
7.28560000	5.72010000
6.48160000	5.38000000
6.09820000	5.20340000
5.51680000	4.92140000
4.74990000	4.72380000
4.52720000	4.38850000
5.99920000	5.61760000
5.45500000	4.94780000
4.87360000	4.74540000
5.36840000	8.05010000
4.96020000	5.38270000
4.37880000	5.07090000
4.70040000	4.63070000
8.25050000	4.25450000
7.74330000	4.12320000
6.56820000	3.86270000
6.30840000	3.65290000
5.55390000	3.48120000
4.96020000	3.33840000
4.60150000	3.23460000
4.34170000	3.15270000
4.05720000	3.28820000
3.77270000	3.40960000
4.84880000	3.25410000
6.39500000	3.10770000
7.54540000	5.50950000
8.65870000	4.26470000
9.51220000	4.22580000
19.91490000	8.88210000
14.34860000	5.59410000
12.10970000	5.45990000
9.63580000	5.14890000
7.74330000	4.87960000
6.49400000	4.42290000
5.76420000	4.06620000
5.26940000	3.78450000
4.78700000	3.55920000
4.39120000	3.37650000
4.02010000	3.22610000
3.66140000	3.10010000
3.32740000	2.99270000
3.01820000	2.89940000
2.72130000	2.81700000
2.53570000	2.74330000
2.36260000	2.67630000
2.21410000	2.61370000
2.07810000	2.55530000
1.95440000	2.50050000
1.85540000	2.44760000
1.75650000	2.39740000
1.66990000	2.34910000
1.59570000	2.30240000
1.59570000	2.25850000
3.45110000	2.40030000
10.56360000	6.91340000
7.74330000	3.85660000
6.51870000	3.72370000
5.55390000	3.37230000
4.79940000	3.09770000
5.78890000	2.88100000
7.05060000	2.70790000
7.01350000	2.57670000
6.12290000	2.46020000
5.71470000	2.35740000
5.21990000	2.27390000
4.66330000	2.20230000
4.21800000	2.13940000
3.87170000	2.08300000
4.03250000	2.03160000
3.85930000	1.98410000
4.49010000	1.94400000
5.10860000	1.89970000
4.61380000	1.85840000
4.30460000	1.82000000
4.16850000	1.83860000
3.95820000	1.75470000
3.71090000	1.72450000
3.68610000	1.72670000
5.35600000	5.45110000
6.97640000	3.96470000
6.43210000	3.33280000
5.72710000	3.11420000
5.76420000	2.84930000
5.39310000	2.59960000
4.93540000	2.38910000
5.44260000	2.44860000
5.69000000	2.26860000
5.36840000	2.28230000
7.02590000	3.46610000
7.42170000	3.06390000
6.66720000	3.02260000
5.90030000	2.83190000
5.50440000	2.72120000
5.41780000	2.59020000
5.38070000	2.49860000
5.36840000	2.76730000
5.61580000	3.70280000
9.33900000	8.81910000
10.57590000	4.88920000
8.73290000	4.54620000
8.44840000	4.15800000
7.95360000	3.67530000
6.88980000	3.54780000
6.14760000	3.29300000
5.75180000	3.03830000
5.88790000	2.83640000
6.38270000	2.67440000
6.44450000	2.54330000
6.19710000	2.43340000
5.92500000	2.34160000
5.76420000	2.26290000
5.56630000	2.19420000
5.50440000	2.13330000
5.66520000	2.07830000
5.81370000	2.02800000
5.47970000	1.98140000
4.86120000	1.93760000
4.44070000	1.89620000
4.14380000	1.85680000
3.92110000	1.81890000
3.72320000	1.78250000
3.52530000	1.74710000
3.29030000	1.71290000
3.14190000	1.67950000
2.93160000	1.64700000
2.77080000	1.61520000
2.68420000	1.58420000
2.59760000	1.55380000
2.48630000	1.52410000
2.38730000	1.49500000
2.33780000	1.46650000
2.30070000	1.43860000
2.25130000	1.41120000
2.17700000	1.38430000
2.10280000	1.35920000
2.15230000	1.44320000
2.06570000	1.37220000
2.06570000	1.37470000
1.92960000	1.28600000
1.83070000	1.26520000
1.78120000	1.21020000
1.68230000	1.18720000
1.63280000	1.17030000
1.53380000	1.14260000
1.43490000	1.12080000
1.36060000	1.09960000
1.29880000	1.07870000
1.27410000	1.05820000
1.26170000	1.04170000
1.21220000	1.01830000
1.16270000	0.99900000
1.11330000	0.98000000
1.05640000	0.96140000
1.00320000	0.94310000
0.96480000	0.92520000
0.93140000	0.90760000
0.89800000	0.89040000
0.86590000	0.87350000
0.92650000	0.85690000
0.98090000	0.89990000
0.94380000	0.89250000
0.87700000	0.82730000
0.82010000	0.79360000
0.77560000	0.77850000
0.73470000	0.76370000
0.70880000	0.74920000
0.68900000	0.73500000
0.65930000	0.72100000
0.62960000	0.70730000
0.60610000	0.69390000
0.57890000	0.68070000
0.55420000	0.66770000
0.52820000	0.65510000
0.50340000	0.64260000
0.58140000	0.63040000
0.53070000	0.61840000
0.49730000	0.60670000
0.46630000	0.59510000
0.44650000	0.58380000
0.42800000	0.57270000
0.41440000	0.56190000
0.40700000	0.55120000
0.39830000	0.54070000
0.38840000	0.53040000
0.37600000	0.52040000
0.36120000	0.51050000
0.34390000	0.50080000
0.33270000	0.49130000
0.32280000	0.48190000
0.31910000	0.47280000
0.31290000	0.46380000
0.30180000	0.45500000
0.28940000	0.44630000
0.27960000	0.43790000
0.26840000	0.42950000
0.25730000	0.42140000
0.24620000	0.41340000
0.23870000	0.40550000
0.24000000	0.39780000
0.23130000	0.39020000
0.21890000	0.38280000
0.21400000	0.37560000
0.21030000	0.36840000
0.20040000	0.36140000
0.18680000	0.35460000
0.18310000	0.34780000
0.18060000	0.34120000
0.18060000	0.33470000
0.18180000	0.32840000
0.18060000	0.32210000
0.17810000	0.31600000
0.17440000	0.31000000
0.16950000	0.30410000
0.16450000	0.29830000
0.16200000	0.30870000
0.16450000	0.28710000
0.17070000	0.28170000
0.17070000	0.27630000
0.15830000	0.27110000
0.15210000	0.26590000
0.14720000	0.26090000
0.14350000	0.25590000
0.13980000	0.25100000
0.13610000	0.24630000
0.13480000	0.24160000
0.13360000	0.23700000
0.13110000	0.23250000
0.12740000	0.22810000
0.12490000	0.22370000
0.12250000	0.21950000
0.12000000	0.21530000
0.11870000	0.21120000
0.11750000	0.20720000
0.11630000	0.20330000
0.11260000	0.19940000
0.10890000	0.19560000
0.10760000	0.19190000
0.10510000	0.18830000
0.10510000	0.18470000
0.10390000	0.18120000
0.10140000	0.17770000
0.10020000	0.17440000
0.09770000	0.17100000
0.09650000	0.16780000
0.09650000	0.16460000
0.09400000	0.16150000
0.09400000	0.15840000
0.09280000	0.15540000
0.09280000	0.15240000
0.09280000	0.14960000
0.09280000	0.14670000
0.09280000	0.14390000
0.09030000	0.14120000
0.08910000	0.13850000
0.09400000	0.13590000
0.09650000	0.13330000
0.10020000	0.13080000
0.10140000	0.12830000
0.10020000	0.12580000
0.09900000	0.12340000
0.09650000	0.12110000
0.09400000	0.11880000
0.09150000	0.11650000
0.09030000	0.11430000
0.08780000	0.11220000
0.09030000	0.11000000
0.08780000	0.10790000
0.08780000	0.10590000
0.08780000	0.10390000
0.08660000	0.10190000
0.08780000	0.10000000
0.08910000	0.09810000
0.09400000	0.10750000
0.10140000	0.10450000
0.11630000	0.09900000
0.11870000	0.09080000
0.11630000	0.08910000
0.11380000	0.08740000
0.10890000	0.08570000
0.10390000	0.08410000
0.10140000	0.08250000
0.10140000	0.08090000
0.10270000	0.07940000
0.10140000	0.07790000
0.10140000	0.10570000
0.10510000	0.07500000
0.10640000	0.07350000
0.10760000	0.07210000
0.11130000	0.07080000
0.11010000	0.06940000
0.10760000	0.06810000
0.10510000	0.06680000
0.10510000	0.06550000
0.10390000	0.06430000
0.10390000	0.06310000
0.10390000	0.06190000
0.10390000	0.06070000
0.10510000	0.05960000
0.10640000	0.05840000
0.10640000	0.05730000
0.10890000	0.05620000
0.12250000	0.10290000
0.16950000	0.09690000
0.19170000	0.08480000
0.17560000	0.05220000
0.15830000	0.05110000
0.14970000	0.05370000
0.16080000	0.09100000
0.16950000	0.05350000
0.16450000	0.04730000
0.22390000	0.13480000
0.25480000	0.04630000
0.50960000	0.04540000
0.71740000	0.06380000
0.50470000	0.08810000
0.53440000	0.17400000
0.47000000	0.04370000
0.35750000	0.04060000
0.28700000	0.03980000
0.26470000	0.05900000
0.26350000	0.05470000
0.33650000	0.08490000
0.49730000	0.04860000
0.43050000	0.03620000
0.35010000	0.03550000
0.35500000	0.03560000
0.45640000	0.03490000
0.46260000	0.03430000
0.37600000	0.03360000
0.32280000	0.03290000
0.29690000	0.03230000
0.28450000	0.03170000
0.27580000	0.03110000
0.26470000	0.03050000
0.25600000	0.02990000
0.24990000	0.02930000
0.24740000	0.04230000
0.24620000	0.04210000
0.33890000	0.10050000
0.68280000	0.11050000
1.00440000	0.04240000
2.80790000	0.18230000
3.14190000	0.16520000
4.20560000	0.09810000
3.36450000	0.04810000
2.36260000	0.02450000
1.74410000	0.02350000
1.34830000	0.02280000
1.10830000	0.02240000
0.96610000	0.02200000
1.23080000	0.02230000
1.57090000	0.02190000
1.36060000	0.02150000
1.24930000	0.06150000
1.17260000	0.03930000
3.08000000	0.24090000
6.95170000	0.73340000
3.76030000	0.73680000
2.52340000	0.61150000
1.92960000	0.51450000
1.58330000	0.44080000
1.38540000	0.38440000
1.23700000	0.35290000
1.49670000	0.37140000
2.53570000	4.09820000
2.26360000	2.00350000
1.86780000	1.84440000
1.69460000	1.55370000
1.54620000	1.33220000
1.39780000	1.16300000
1.31120000	1.03320000
1.21720000	0.93240000
1.12560000	0.85400000
1.00690000	0.79220000
0.96480000	0.74300000
0.90170000	0.70320000
0.85100000	0.67060000
0.84360000	0.64400000
0.78050000	0.62070000
0.74460000	0.60030000
0.71500000	0.58290000
0.68030000	0.56720000
0.64690000	0.55300000
0.62470000	0.54000000
0.60360000	0.52780000
0.58260000	0.51630000
0.56400000	0.50540000
0.54550000	0.49500000
0.52690000	0.48500000
0.51090000	0.47530000
0.49350000	0.46600000
0.47250000	0.45680000
0.45400000	0.44800000
0.43790000	0.43930000
0.42300000	0.43090000
0.40940000	0.42260000
0.39830000	0.41450000
0.38960000	0.40660000
0.43910000	0.42710000
0.59870000	0.41220000
1.52140000	0.47500000
2.37490000	1.83130000
5.90030000	4.99110000
4.34170000	2.64950000
3.43870000	2.45730000
2.70890000	2.14470000
2.28840000	1.86830000
2.02860000	1.63450000
1.81830000	1.46140000
1.65750000	1.32710000
1.52140000	1.22200000
1.43490000	1.13890000
2.00390000	1.57180000
3.83450000	1.71300000
3.41400000	1.79950000
3.03050000	1.60970000
4.86120000	1.46240000
4.26750000	1.34710000
3.63660000	1.25590000
3.05530000	1.18280000
2.67180000	1.12340000
2.54810000	1.07650000
2.65940000	1.06590000
3.14190000	1.06090000
3.55000000	1.40800000
3.98300000	1.59630000
4.27990000	1.61840000
4.52720000	1.49830000
4.06960000	1.53040000
3.66140000	1.58880000
3.63660000	1.45160000
4.30460000	1.34380000
4.52720000	1.25800000
3.99540000	1.18900000
3.42640000	1.13250000
3.03050000	1.08560000
2.78310000	1.04590000
2.58520000	1.01180000
2.36260000	0.98180000
2.23890000	0.97800000
2.01620000	0.93100000
1.85540000	0.90870000
1.69460000	0.88810000
1.59570000	0.86870000
1.53380000	0.85100000
1.54620000	0.84950000
1.63280000	0.87980000
1.49670000	0.79950000
1.39780000	0.78370000
1.33590000	0.76830000
1.27410000	0.75340000
1.22210000	0.73880000
1.17020000	0.72460000
1.12560000	0.71070000
1.06630000	0.69710000
1.03900000	0.68380000
0.99700000	0.67070000
0.98580000	0.66290000
0.96110000	0.64540000
0.93390000	0.63810000
0.90300000	0.62100000
0.96360000	0.64920000
0.95740000	0.60300000
0.88440000	0.58640000
0.88320000	0.62140000
0.87700000	0.57080000
0.84110000	0.55480000
0.80770000	0.54730000
0.79160000	0.53950000
0.76440000	0.52470000
0.75580000	0.51610000
0.77930000	0.55060000
1.12930000	0.52310000
1.11450000	0.54220000
1.00440000	0.47470000
0.94130000	0.46570000
0.87700000	0.45690000
0.83740000	0.44820000
0.80900000	0.43970000
0.77190000	0.43130000
0.74460000	0.42310000
0.73720000	0.41580000
0.88570000	0.46680000
0.88810000	0.41870000
0.86710000	0.42450000
0.82260000	0.38440000
0.78550000	0.37710000
0.75580000	0.37000000
0.72110000	0.36290000
0.69520000	0.35600000
0.66180000	0.34930000
0.63700000	0.34260000
0.61970000	0.33610000
0.60120000	0.32970000
0.58380000	0.32350000
0.56780000	0.31730000
0.54920000	0.31130000
0.53440000	0.30540000
0.52080000	0.29960000
0.50710000	0.29390000
0.49600000	0.28830000
0.48740000	0.28280000
0.47250000	0.27740000
0.45400000	0.27220000
0.43790000	0.26700000
0.42300000	0.26190000
0.40820000	0.25700000
0.39710000	0.25210000
0.38470000	0.24730000
0.36980000	0.24260000
0.36000000	0.23800000
0.34260000	0.23350000
0.33030000	0.22900000
0.32160000	0.22470000
0.30920000	0.22040000
0.30680000	0.21620000
0.32160000	0.22880000
0.33520000	0.20890000
0.33030000	0.20410000
0.31670000	0.20020000
0.30800000	0.19640000
0.29810000	0.19720000
0.29070000	0.18900000
0.27340000	0.18550000
0.26720000	0.18190000
0.25230000	0.17850000
0.23870000	0.17510000
0.22880000	0.17180000
0.21150000	0.16850000
0.20900000	0.16530000
0.19910000	0.16210000
0.18550000	0.15910000
0.18550000	0.15600000
0.17320000	0.15310000
0.17070000	0.15020000
0.16700000	0.14730000
0.16820000	0.14450000
0.16330000	0.14180000
0.15830000	0.13910000
0.15210000	0.13640000
0.14840000	0.13380000
0.14470000	0.13130000
0.14720000	0.12880000
0.13850000	0.12640000
0.12990000	0.12400000
0.12620000	0.12160000
0.11630000	0.11930000
0.10760000	0.11700000
0.10390000	0.11480000
0.09770000	0.11260000
0.09520000	0.11050000
0.08910000	0.10840000
0.08660000	0.10710000
0.09030000	0.10430000
0.08780000	0.10230000
0.08660000	0.10040000
0.08290000	0.09850000
0.08160000	0.09660000
0.08410000	0.09480000
0.12120000	0.15150000
0.11380000	0.14100000
0.10390000	0.08950000
0.09900000	0.08780000
0.09400000	0.08610000
0.08910000	0.08450000
0.08660000	0.08290000
0.08160000	0.08130000
0.07790000	0.07970000
0.07420000	0.07820000
0.07170000	0.07670000
0.07050000	0.07530000
0.06800000	0.07380000
0.06680000	0.07240000
0.06430000	0.07110000
0.06060000	0.06970000
0.05940000	0.06840000
0.05570000	0.06710000
0.05570000	0.06580000
0.05570000	0.06460000
0.05440000	0.06330000
0.05440000	0.06210000
0.05440000	0.06100000
0.05440000	0.05980000
0.05440000	0.05870000
0.05320000	0.05750000
0.05200000	0.05650000
0.05200000	0.05540000
0.04950000	0.05430000
0.04820000	0.05330000
0.04820000	0.05230000
0.04820000	0.05130000
0.04820000	0.05860000
0.05200000	0.04940000
0.05200000	0.04840000
0.05070000	0.04750000
0.04950000	0.04660000
0.04700000	0.04570000
0.04450000	0.04480000
0.04210000	0.04400000
0.03960000	0.04320000
0.03960000	0.04230000
0.03960000	0.04150000
0.05440000	0.04070000
0.05320000	0.04000000
0.04450000	0.03920000
0.04450000	0.03850000
0.04210000	0.03770000
0.04080000	0.03700000
0.04080000	0.03630000
0.04080000	0.03560000
0.04080000	0.03490000
0.04080000	0.03430000
0.03960000	0.03360000
0.03830000	0.03300000
0.03710000	0.03240000
0.03590000	0.03180000
0.03590000	0.03110000
0.03590000	0.03060000
0.03830000	0.03000000
0.04330000	0.02940000
0.04450000	0.02880000
0.04580000	0.02830000
0.04700000	0.02780000
0.04700000	0.02770000
0.04950000	0.02670000
0.05200000	0.02620000
0.05200000	0.03500000
0.05200000	0.02520000
0.05320000	0.02470000
0.05320000	0.02430000
0.05200000	0.02380000
0.05200000	0.02370000
0.05200000	0.02290000
0.05320000	0.02250000
0.05810000	0.07420000
0.06180000	0.02160000
0.06430000	0.02120000
0.06800000	0.02540000
0.07170000	0.02130000
0.07300000	0.02000000
0.07170000	0.01970000
0.07170000	0.01930000
0.07170000	0.01890000
0.09650000	0.11170000
0.12740000	0.02720000
0.15210000	0.06980000
0.15590000	0.05830000
0.14970000	0.01720000
0.13610000	0.02500000
0.13360000	0.04820000
0.15210000	0.06260000
0.20040000	0.06470000
0.42430000	0.16030000
0.62840000	0.18230000
0.44040000	0.01520000
0.29810000	0.01470000
0.23250000	0.01450000
0.19670000	0.01420000
0.17560000	0.01390000
0.16080000	0.01370000
0.14970000	0.01340000
0.14220000	0.01310000
0.13850000	0.01290000
0.16580000	0.01690000
0.18060000	0.01240000
0.17440000	0.01220000
0.16080000	0.01190000
0.15090000	0.01170000
0.14470000	0.01150000
0.13980000	0.01130000
0.13730000	0.01110000
0.13480000	0.01080000
0.13360000	0.01060000
0.12990000	0.01040000
0.13110000	0.03760000
0.14100000	0.01830000
0.15590000	0.01030000
0.19170000	0.08020000
0.18310000	0.00950000
0.16950000	0.00930000
0.16330000	0.01020000
0.15830000	0.03080000
0.15340000	0.00880000
0.17810000	0.05840000
0.19910000	0.00850000
0.19670000	0.00830000
0.18310000	0.00810000
0.17190000	0.00800000
0.16330000	0.00780000
0.15710000	0.00770000
0.15340000	0.00750000
0.15340000	0.01060000
0.15090000	0.00720000
0.14970000	0.00710000
0.14720000	0.00700000
0.14600000	0.00680000
0.14840000	0.00750000
0.26590000	0.08570000
1.21960000	0.22250000
0.89060000	0.00880000
0.60730000	0.04590000
0.57890000	0.01290000
0.52450000	0.00680000
0.44410000	0.00630000
0.38720000	0.00620000
0.34630000	0.00610000
0.31670000	0.00600000
0.29320000	0.00580000
0.27580000	0.00570000
0.26470000	0.00600000
0.25850000	0.00590000
0.28330000	0.00580000
0.44160000	0.01350000
0.89180000	0.00700000
1.52140000	0.00570000
1.20480000	0.00550000
0.81390000	0.00540000
0.69270000	0.00530000
0.71740000	0.01540000
0.80280000	0.00730000
0.71740000	0.00540000
0.65060000	0.00480000
0.61230000	0.00490000
0.62340000	0.00480000
0.68650000	0.00470000
0.67540000	0.00470000
0.62470000	0.00460000
0.58760000	0.01480000
0.73350000	0.10920000
10.97180000	11.55120000
7.87940000	3.47670000
3.87170000	2.91180000
2.51100000	2.40820000
2.15230000	2.02630000
2.10280000	1.73570000
2.61000000	1.51360000
3.08000000	1.34300000
2.69660000	1.21120000
2.90680000	1.10960000
2.65940000	1.02810000
2.32550000	0.96330000
2.12760000	0.91120000
1.91730000	0.86870000
1.75650000	0.83330000
1.64510000	0.80320000
1.62040000	0.77740000
1.53380000	0.75460000
1.36060000	0.73390000
1.26170000	0.71590000
1.18990000	0.69890000
1.12930000	0.69350000
1.37300000	0.69280000
1.80590000	4.17320000
2.65940000	2.21270000
2.23890000	2.14160000
1.97910000	1.87940000
2.64710000	1.65640000
3.38920000	1.48450000
2.80790000	1.35090000
4.29220000	1.24620000
3.61190000	1.16330000
2.95630000	1.09680000
2.54810000	1.04260000
2.37490000	1.02130000
2.49860000	0.96560000
2.28840000	0.92850000
2.21410000	0.91310000
2.35020000	0.88440000
2.65940000	0.88330000
3.20370000	0.95750000
3.06760000	1.11400000
2.68420000	1.16860000
2.52340000	1.10920000
2.54810000	1.13290000
2.70890000	1.40100000
2.89450000	1.50230000
2.95630000	1.71800000
2.96870000	1.94000000
3.24080000	2.05540000
3.06760000	1.97140000
3.80980000	1.84890000
4.98490000	1.85170000
4.23040000	2.08130000
3.80980000	2.14120000
3.63660000	1.92680000
3.63660000	1.75270000
4.20560000	1.61520000
3.98300000	1.49260000
3.47580000	1.40470000
3.19130000	1.33330000
2.93160000	1.27450000
2.77080000	1.22520000
2.64710000	1.18310000
2.61000000	1.14650000
2.62230000	1.11410000
2.77080000	1.08500000
3.11710000	1.05840000
3.17900000	1.03380000
3.52530000	1.03840000
3.74800000	1.01470000
3.41400000	0.97970000
2.98110000	0.94860000
2.51100000	0.92950000
2.38730000	0.91110000
2.73370000	0.89780000
2.78310000	0.88000000
2.39970000	0.85880000
2.15230000	0.84220000
2.07810000	0.82600000
2.09040000	0.81020000
2.20180000	0.79470000
2.31310000	0.78300000
2.25130000	0.76540000
2.17700000	0.75060000
2.20180000	0.73650000
2.04100000	0.72230000
1.88020000	0.70850000
1.75650000	0.69800000
1.69460000	0.68140000
1.65750000	0.66850000
1.65750000	0.65570000
1.64510000	0.64320000
1.62040000	0.63720000
1.53380000	0.62010000
1.41010000	0.60730000
1.39780000	0.59570000
1.37300000	0.58440000
1.34830000	0.57330000
1.43490000	0.56240000
1.64510000	0.55170000
1.78120000	0.54120000
1.62040000	0.53090000
1.43490000	0.52090000
1.34830000	0.51100000
1.31120000	0.50130000
1.31120000	0.49170000
1.23700000	0.48310000
1.13180000	0.47400000
1.18010000	0.47490000
1.36060000	0.47850000
1.17880000	0.44960000
1.03900000	0.43830000
1.02420000	0.42990000
1.12560000	0.42180000
1.23080000	0.41380000
1.29880000	0.40600000
1.26170000	0.39890000
1.11940000	0.39060000
1.13060000	0.38320000
1.20360000	0.37590000
1.24930000	0.36880000
1.23700000	0.36180000
1.24930000	0.35490000
1.28640000	0.34820000
1.23700000	0.34150000
1.09100000	0.33510000
1.00320000	0.32870000
1.02050000	0.32240000
1.01550000	0.31630000
0.95000000	0.31030000
0.95370000	0.30440000
1.11330000	0.29860000
1.13300000	0.29290000
1.17510000	0.28740000
1.20480000	0.28190000
1.17760000	0.27660000
1.09720000	0.27130000
1.07240000	0.26620000
1.12690000	0.26110000
1.14420000	0.25610000
0.90670000	0.29470000
0.89060000	0.27700000
0.83250000	0.25490000
0.79910000	0.27190000
0.84480000	0.27370000
0.78790000	0.23760000
0.79040000	0.22610000
0.74840000	0.21970000
0.68400000	0.21550000
0.60610000	0.21140000
0.60980000	0.20740000
0.57520000	0.20350000
0.51580000	0.19960000
0.54550000	0.19580000
0.53440000	0.19210000
0.54550000	0.18840000
0.49230000	0.18490000
0.45770000	0.18140000
0.43050000	0.17790000
0.37730000	0.17450000
0.39460000	0.17120000
0.40570000	0.16800000
0.36860000	0.16480000
0.36370000	0.16160000
0.34390000	0.15860000
0.31910000	0.15560000
0.28700000	0.15260000
0.27710000	0.14970000
0.25480000	0.15790000
0.24740000	0.15150000
0.24490000	0.14130000
0.25730000	0.13860000
0.24740000	0.13600000
0.24240000	0.13340000
0.23630000	0.13090000
0.22510000	0.12840000
0.22880000	0.12600000
0.21280000	0.12360000
0.20900000	0.12120000
0.20040000	0.11890000
0.19300000	0.11670000
0.18800000	0.11440000
0.18180000	0.11230000
0.17690000	0.11010000
0.16950000	0.10800000
0.16200000	0.10600000
0.15340000	0.10400000
0.14720000	0.10200000
0.14100000	0.10010000
0.13850000	0.09820000
0.13480000	0.09630000
0.13360000	0.09450000
0.12860000	0.09270000
0.12370000	0.09090000
0.12000000	0.08920000
0.11750000	0.08750000
0.11260000	0.08580000
0.11010000	0.08420000
0.10760000	0.08260000
0.10390000	0.08100000
0.10270000	0.07950000
0.10270000	0.07800000
0.10390000	0.07650000
0.10140000	0.07500000
0.09770000	0.07360000
0.09770000	0.07220000
0.09400000	0.07080000
0.09280000	0.06950000
0.09150000	0.06820000
0.08910000	0.06690000
0.08660000	0.06560000
0.08530000	0.06440000
0.08290000	0.06310000
0.08040000	0.06190000
0.07550000	0.06080000
0.07300000	0.05960000
0.07170000	0.05850000
0.06930000	0.05740000
0.06800000	0.05630000
0.06800000	0.05520000
0.06800000	0.05420000
0.06560000	0.05310000
0.06430000	0.05210000
0.06310000	0.05110000
0.05810000	0.05020000
0.05810000	0.04920000
0.05690000	0.04830000
0.05690000	0.04740000
0.05690000	0.04650000
0.05940000	0.04560000
0.05940000	0.04470000
0.05810000	0.04390000
0.05690000	0.04300000
0.05570000	0.04220000
0.05440000	0.04140000
0.05320000	0.04060000
0.05200000	0.03980000
0.05200000	0.03910000
0.05070000	0.03830000
0.04950000	0.03760000
0.04950000	0.03690000
0.04950000	0.03620000
0.04950000	0.03550000
0.04950000	0.03480000
0.04950000	0.03420000
0.04950000	0.03350000
0.04820000	0.03290000
0.04700000	0.03230000
0.04700000	0.03170000
0.04580000	0.03110000
0.04580000	0.03050000
0.04450000	0.02990000
0.04450000	0.02930000
0.04450000	0.02880000
0.04330000	0.02820000
0.04210000	0.02770000
0.04330000	0.02710000
0.04210000	0.02660000
0.04210000	0.02610000
0.04450000	0.02560000
0.04700000	0.02510000
0.04700000	0.02470000
0.04700000	0.02420000
0.04700000	0.02370000
0.04580000	0.02330000
0.04450000	0.02280000
0.04330000	0.02240000
0.04330000	0.02200000
0.04450000	0.02160000
0.04330000	0.02120000
0.04950000	0.02080000
0.06680000	0.02040000
0.08780000	0.07730000
0.13850000	0.24250000
0.17070000	0.06100000
0.14970000	0.01890000
0.12490000	0.01850000
0.10390000	0.01810000
0.09280000	0.01780000
0.08410000	0.01750000
0.08290000	0.01710000
0.08160000	0.01680000
0.08290000	0.01650000
0.08530000	0.01620000
0.08530000	0.01590000
0.08410000	0.01560000
0.08410000	0.01530000
0.08410000	0.01500000
0.08290000	0.01470000
0.08290000	0.01440000
0.08160000	0.01410000
0.08290000	0.01390000
0.08160000	0.01360000
0.08040000	0.01340000
0.08040000	0.01310000
0.08040000	0.01280000
0.08040000	0.01260000
0.08040000	0.01240000
0.07920000	0.01210000
0.07670000	0.01190000
0.08910000	0.07410000
0.14600000	0.11220000
0.35500000	0.14760000
0.42920000	0.06780000
0.63080000	0.13870000
0.53810000	0.01340000
0.39210000	0.01920000
0.32040000	0.01020000
0.28200000	0.02240000
0.27460000	0.05550000
0.26590000	0.00960000
0.24240000	0.01440000
0.22640000	0.04080000
0.20780000	0.01450000
0.19540000	0.00890000
0.18430000	0.00880000
0.17440000	0.00860000
0.16700000	0.00840000
0.15960000	0.00830000
0.15460000	0.00810000
0.15090000	0.02230000
0.15090000	0.00780000
0.14970000	0.00770000
0.14720000	0.00750000
0.14350000	0.00740000
0.14220000	0.00720000
0.13980000	0.00710000
0.13850000	0.00700000
0.13730000	0.00680000
0.13480000	0.00670000
0.13360000	0.00660000
0.13240000	0.00640000
0.13240000	0.00630000
0.12990000	0.00620000
0.12990000	0.00610000
0.12860000	0.00600000
0.12740000	0.00590000
0.12740000	0.00570000
0.12370000	0.00560000
0.12250000	0.00550000
0.12250000	0.00540000
0.12120000	0.00530000
0.12120000	0.00520000
0.13480000	0.01330000
0.13850000	0.00580000
0.14470000	0.00570000
0.14350000	0.00560000
0.13730000	0.00540000
0.13360000	0.00540000
0.16580000	0.00530000
0.17190000	0.00520000
0.22140000	0.00510000
0.37850000	0.00510000
0.41310000	0.00500000
0.36860000	0.00490000
0.70380000	0.00480000
0.69270000	0.00470000
0.51580000	0.00470000
0.92900000	0.09700000
1.60800000	0.10190000
1.66990000	0.02070000
1.14170000	0.03600000
0.84360000	0.06680000
1.16520000	0.07940000
1.59570000	0.00340000
1.08850000	0.00340000
0.93880000	0.00400000
0.89430000	0.05910000
0.87580000	0.00320000
0.91040000	0.01390000
0.88690000	0.00300000
0.80280000	0.00300000
0.70510000	0.00290000
0.64450000	0.00290000
0.64070000	0.00280000
0.64570000	0.00280000
0.62470000	0.00270000
0.59370000	0.00270000
0.56280000	0.00260000
0.52940000	0.00260000
0.49480000	0.00250000
0.46260000	0.00250000
0.43420000	0.00250000
0.44780000	0.00310000
0.46140000	0.02730000
0.45640000	0.01170000
0.44530000	0.00590000
0.42800000	0.00290000
0.40450000	0.00290000
0.38470000	0.00300000
0.36860000	0.00210000
0.35130000	0.00200000
0.33650000	0.00200000
0.32660000	0.00200000
0.31540000	0.00190000
0.30920000	0.00190000
0.30060000	0.00190000
0.30060000	0.01840000
0.37600000	0.10480000
0.42060000	0.00880000
0.39950000	0.00270000
0.37230000	0.00240000
0.35750000	0.00240000
0.39210000	0.00240000
0.40820000	0.00230000
0.43790000	0.00230000
0.48490000	0.00230000
0.59990000	0.00220000
0.75830000	0.00690000
0.74960000	0.01110000
0.69020000	0.02320000
0.66420000	0.01870000
0.69390000	0.03580000
0.75830000	0.24450000
4.76230000	3.55250000
9.78430000	5.04390000
8.55970000	3.09230000
4.67570000	2.76490000
4.27990000	2.49150000
3.55000000	2.24220000
2.73370000	2.07780000
3.38920000	1.97150000
9.93270000	5.74080000
9.96980000	3.26520000
6.46930000	3.03910000
4.55200000	2.66540000
3.48820000	2.46510000
2.84500000	2.18520000
2.44920000	1.97540000
2.15230000	1.81160000
1.86780000	1.68250000
1.66990000	1.57960000
1.52140000	1.49630000
1.39780000	1.42790000
1.33590000	1.37080000
1.42250000	1.35300000
2.31310000	1.36480000
2.84500000	1.27210000
2.36260000	1.21030000
2.06570000	1.18020000
1.92960000	1.15240000
1.85540000	1.12990000
1.96680000	1.12180000
1.75650000	1.07970000
1.65750000	1.05680000
1.59570000	1.03540000
1.54620000	1.01480000
1.52140000	0.99480000
1.50910000	0.97540000
1.45960000	0.95640000
1.37300000	0.93800000
1.26170000	0.91990000
1.18500000	0.90230000
1.13920000	0.88700000
1.08980000	0.86940000
1.02910000	0.85150000
0.97600000	0.83530000
0.93140000	0.81940000
0.90540000	0.80380000
0.89060000	0.79910000
0.92650000	0.83130000
0.95990000	0.82000000
0.88690000	0.74450000
0.83740000	0.73020000
0.80900000	0.71630000
0.78920000	0.70280000
0.77190000	0.68940000
0.74460000	0.67630000
0.71740000	0.66340000
0.70140000	0.65080000
0.69640000	0.63840000
0.70510000	0.62630000
0.72360000	0.61440000
0.73720000	0.60270000
0.72730000	0.59130000
0.70140000	0.58000000
0.68160000	0.56900000
0.66180000	0.55820000
0.64200000	0.54760000
0.62470000	0.53720000
0.61230000	0.52700000
0.59990000	0.51700000
0.66550000	0.54150000
1.05390000	0.60390000
1.59570000	0.60880000
1.83070000	0.57080000
5.98680000	0.65380000
3.66140000	0.51730000
2.74600000	0.46810000
2.18940000	0.44340000
1.89250000	0.43500000
1.68230000	0.42670000
1.52140000	0.41860000
1.38540000	0.41070000
1.28640000	0.40290000
1.20110000	0.39520000
1.14290000	0.38770000
1.06630000	0.38030000
0.99820000	0.37310000
0.94750000	0.36600000
0.90540000	0.35910000
0.85720000	0.35230000
0.81390000	0.34560000
0.77060000	0.33900000
0.73470000	0.33260000
0.70380000	0.32620000
0.67540000	0.32000000
0.64570000	0.31400000
0.61970000	0.30800000
0.59000000	0.30210000
0.57770000	0.29640000
0.55290000	0.29080000
0.53810000	0.28520000
0.51210000	0.27980000
0.51090000	0.28600000
0.61230000	0.30750000
0.70380000	0.32110000
0.72490000	0.27770000
0.64940000	0.26110000
0.58760000	0.24940000
0.53810000	0.24470000
0.50220000	0.24000000
0.47500000	0.24040000
0.46630000	0.28040000
0.45640000	0.28960000
0.45400000	0.28720000
0.45270000	0.24950000
0.44900000	0.21390000
0.43420000	0.20990000
0.41070000	0.20590000
0.38470000	0.20200000
0.36370000	0.19810000
0.35130000	0.19440000
0.34630000	0.19070000
0.33650000	0.18700000
0.32160000	0.18350000
0.30920000	0.18000000
0.29440000	0.17660000
0.28200000	0.17320000
0.27090000	0.16990000
0.25980000	0.16670000
0.24490000	0.16350000
0.23630000	0.16040000
0.22880000	0.15740000
0.22640000	0.15440000
0.21890000	0.15150000
0.21030000	0.14860000
0.20040000	0.14580000
0.19420000	0.14300000
0.19050000	0.14030000
0.18550000	0.13760000
0.18430000	0.13500000
0.18180000	0.13240000
0.17940000	0.12990000
0.17560000	0.12740000
0.17320000	0.12500000
0.16820000	0.12260000
0.16330000	0.12030000
0.15590000	0.11800000
0.14970000	0.11580000
0.14470000	0.11360000
0.13980000	0.11140000
0.13480000	0.10930000
0.12990000	0.10720000
0.12620000	0.10520000
0.12370000	0.10320000
0.12120000	0.10120000
0.11870000	0.09930000
0.11630000	0.09740000
0.11260000	0.09560000
0.10890000	0.09380000
0.10640000	0.09200000
0.10390000	0.09020000
0.10140000	0.08850000
0.10020000	0.08680000
0.09770000	0.08520000
0.09520000	0.08360000
0.09150000	0.08200000
0.08910000	0.08040000
0.10020000	0.18120000
0.09520000	0.07940000
0.09400000	0.07590000
0.09400000	0.07450000
0.09280000	0.07310000
0.08910000	0.07170000
0.08530000	0.07030000
0.08290000	0.06900000
0.08160000	0.06770000
0.08040000	0.06640000
0.07920000	0.06510000
0.07670000	0.06390000
0.07420000	0.06270000
0.07050000	0.06150000
0.06800000	0.06030000
0.06560000	0.05920000
0.06310000	0.05800000
0.05940000	0.05690000
0.05810000	0.05590000
0.05690000	0.05480000
0.05690000	0.05380000
0.05570000	0.05270000
0.05570000	0.05170000
0.05570000	0.05070000
0.05570000	0.04980000
0.05440000	0.04880000
0.05320000	0.04790000
0.05200000	0.04700000
0.05070000	0.04610000
0.05070000	0.04520000
0.05070000	0.04440000
0.05200000	0.04350000
0.05320000	0.04270000
0.05440000	0.04190000
0.05320000	0.04110000
0.05320000	0.04030000
0.05200000	0.03950000
0.05070000	0.03880000
0.04950000	0.03810000
0.05070000	0.06400000
0.05320000	0.03660000
0.05440000	0.03590000
0.05440000	0.03520000
0.05440000	0.03460000
0.05320000	0.03390000
0.05200000	0.03330000
0.05200000	0.03260000
0.05070000	0.03200000
0.04950000	0.03140000
0.04820000	0.03080000
0.04700000	0.03020000
0.04580000	0.02970000
0.04580000	0.02910000
0.04450000	0.02850000
0.04450000	0.02800000
0.04450000	0.02750000
0.04580000	0.02690000
0.04820000	0.02640000
0.05070000	0.02590000
0.05200000	0.02540000
0.05320000	0.02500000
0.05570000	0.02450000
0.05690000	0.02400000
0.05570000	0.02360000
0.05570000	0.02310000
0.05570000	0.02270000
0.05570000	0.02220000
0.05440000	0.02180000
0.08660000	0.21840000
0.33650000	0.24610000
0.42670000	0.06340000
0.25480000	0.02620000
0.18180000	0.02120000
0.14970000	0.01940000
0.13610000	0.06420000
0.13610000	0.02160000
0.13480000	0.01840000
0.12860000	0.01800000
0.11870000	0.01770000
0.11380000	0.01730000
0.10890000	0.01700000
0.10640000	0.01670000
0.10390000	0.01640000
0.10140000	0.01610000
0.10020000	0.01570000
0.10020000	0.01540000
0.10020000	0.01520000
0.10140000	0.01490000
0.10020000	0.01460000
0.09900000	0.01430000
0.09900000	0.01400000
0.09900000	0.01500000
0.11750000	0.07300000
0.13980000	0.01670000
0.13730000	0.01300000
0.12990000	0.01280000
0.13730000	0.01850000
0.13480000	0.01230000
0.12860000	0.01200000
0.12370000	0.01180000
0.12120000	0.01300000
0.11870000	0.01140000
0.11630000	0.01120000
0.12250000	0.03080000
0.14470000	0.01150000
0.14970000	0.01240000
0.17940000	0.03790000
0.27960000	0.01090000
0.31670000	0.05610000
0.29070000	0.00980000
0.27210000	0.00960000
0.23250000	0.00940000
0.21150000	0.00920000
0.22390000	0.01840000
0.22390000	0.00890000
0.21650000	0.00870000
0.19910000	0.00850000
0.18430000	0.00840000
0.17440000	0.00820000
0.16580000	0.00800000
0.15830000	0.00790000
0.15210000	0.00770000
0.14840000	0.00760000
0.13980000	0.00800000
0.12990000	0.00730000
0.12490000	0.00720000
0.12740000	0.00700000
0.13980000	0.00770000
0.18060000	0.00750000
0.23500000	0.00740000
0.22140000	0.00730000
0.25730000	0.00710000
1.88020000	0.02260000
1.48430000	0.01420000
0.86220000	0.05440000
0.64570000	0.04530000
0.58260000	0.00910000
0.70510000	0.06220000
0.79160000	0.00630000
0.68900000	0.00610000
0.56900000	0.00590000
0.48980000	0.00580000
0.43910000	0.00570000
0.43660000	0.00580000
0.42800000	0.00580000
0.39710000	0.00570000
0.39210000	0.00560000
0.40450000	0.00550000
1.34830000	0.22870000
2.25130000	0.00890000
1.37300000	0.00440000
1.01180000	0.00440000
0.82130000	0.00430000
0.71500000	0.01460000
0.66050000	0.01270000
0.62470000	0.02700000
0.62840000	0.02170000
0.59130000	0.01160000
0.55420000	0.01150000
1.33590000	0.16700000
4.68800000	0.16400000
3.31500000	0.40330000
2.11520000	0.53510000
1.62040000	0.43960000
1.43490000	0.41450000
1.89250000	3.97440000
6.13530000	1.97630000
6.03630000	1.84370000
5.34360000	1.56870000
3.83450000	1.33200000
2.83260000	1.15170000
2.54810000	1.01360000
3.50060000	0.90720000
3.87170000	0.83650000
3.27790000	0.76880000
2.80790000	0.72480000
2.51100000	0.86310000
2.56050000	1.51190000
2.64710000	1.77910000
2.62230000	1.69630000
2.79550000	1.64720000
2.93160000	1.80120000
3.31500000	3.43320000
8.11440000	5.40290000
6.14760000	3.61130000
5.12100000	3.36860000
4.29220000	3.02470000
3.62430000	2.70150000
3.09240000	2.40030000
2.82020000	2.21810000
3.19130000	2.48780000
3.22840000	2.50440000
3.26560000	2.39150000
3.47580000	2.19240000
3.52530000	2.00460000
3.52530000	1.90500000
3.32740000	1.79110000
3.08000000	1.69880000
2.83260000	1.62280000
2.56050000	1.55920000
2.28840000	1.50490000
2.17700000	1.46970000
2.67180000	1.51820000
2.89450000	1.60370000
7.75570000	4.68900000
12.28290000	6.16860000
7.05060000	3.88980000
5.17050000	3.53820000
4.55200000	3.16550000
4.51490000	3.85010000
3.84690000	3.37110000
3.31500000	3.28520000
2.94390000	2.93810000
2.68420000	2.67660000
2.44920000	2.48660000
2.22650000	2.30950000
2.07810000	2.17890000
1.89250000	2.08530000
2.48630000	2.04430000
3.77270000	1.92640000
3.06760000	1.90570000
2.75840000	1.92900000
2.59760000	1.85220000
2.48630000	1.78690000
2.36260000	1.73040000
2.20180000	1.68060000
2.09040000	1.63590000
2.04100000	1.61270000
2.02860000	1.57120000
1.86780000	1.52290000
1.73170000	1.48990000
1.79360000	1.49690000
1.71940000	1.43410000
1.53380000	1.39980000
1.44720000	1.37300000
1.69460000	1.39040000
3.21610000	1.34130000
3.09240000	1.29380000
2.64710000	1.27800000
3.04290000	1.24930000
4.60150000	1.22120000
3.80980000	1.19730000
3.61190000	1.17440000
3.24080000	1.22050000
3.05530000	1.12930000
3.47580000	1.10780000
3.68610000	1.08670000
3.52530000	1.06600000
3.38920000	1.10810000
3.94590000	1.06470000
4.21800000	1.06420000
4.16850000	1.02120000
4.25510000	0.99230000
3.83450000	0.95000000
3.53770000	0.93200000
3.40160000	0.91430000
3.33980000	0.89690000
3.38920000	0.94370000
3.06760000	0.87620000
2.68420000	0.84670000
2.41210000	0.83070000
2.26360000	0.81490000
2.12760000	0.79940000
2.05330000	0.78420000
4.30460000	0.94660000
6.28370000	0.77540000
5.19520000	0.74710000
4.58910000	0.72900000
4.15620000	0.71250000
3.78510000	0.69890000
3.43870000	0.68570000
3.17900000	0.67260000
2.85740000	0.65990000
2.57290000	0.64730000
2.35020000	0.63500000
2.21410000	0.62300000
2.07810000	0.64330000
2.21410000	0.66000000
2.13990000	0.63540000
1.96680000	0.57690000
1.86780000	0.56600000
1.81830000	0.55520000
1.79360000	0.54470000
1.78120000	0.53430000
1.75650000	0.52830000
1.79360000	0.55050000
1.66990000	0.52070000
1.62040000	0.51150000
1.54620000	0.48880000
1.52140000	0.48130000
1.43490000	0.47990000
1.37300000	0.45830000
1.33590000	0.48550000
1.45960000	0.50120000
1.42250000	0.48740000
1.55860000	0.45870000
1.49670000	0.41640000
1.41010000	0.40850000
1.37300000	0.40070000
1.34830000	0.39310000
1.37300000	0.39050000
1.50910000	0.40890000
1.85540000	0.41750000
1.92960000	0.37960000
1.73170000	0.36320000
1.59570000	0.35040000
1.48430000	0.34370000
1.41010000	0.33720000
1.33590000	0.33340000
1.26170000	0.32450000
1.18380000	0.31830000
1.12190000	0.31230000
1.07000000	0.30630000
1.02170000	0.30050000
0.97600000	0.29480000
0.93140000	0.28920000
0.89430000	0.28370000
0.85970000	0.27830000
0.82880000	0.27300000
0.79910000	0.26780000
0.76070000	0.26280000
0.72980000	0.25780000
0.70140000	0.25290000
0.67660000	0.24810000
0.65190000	0.24340000
0.62220000	0.23870000
0.59370000	0.23420000
0.56400000	0.22970000
0.54550000	0.22540000
0.53070000	0.22110000
0.51830000	0.21690000
0.50470000	0.21280000
0.48740000	0.20870000
0.46880000	0.20480000
0.45030000	0.20090000
0.43290000	0.19710000
0.41810000	0.19330000
0.41070000	0.18960000
0.39460000	0.18600000
0.37730000	0.18250000
0.36370000	0.17900000
0.34880000	0.17560000
0.33650000	0.17230000
0.32780000	0.16900000
0.31670000	0.16580000
0.30430000	0.16270000
0.29190000	0.15960000
0.28330000	0.15650000
0.27710000	0.15360000
0.26970000	0.15060000
0.26220000	0.14780000
0.25600000	0.14500000
0.24740000	0.14220000
0.23750000	0.13950000
0.23010000	0.13690000
0.22390000	0.13430000
0.22020000	0.13170000
0.21770000	0.12920000
0.21280000	0.12680000
0.20900000	0.12440000
0.20530000	0.12200000
0.20160000	0.11970000
0.19670000	0.11740000
0.18930000	0.11520000
0.18550000	0.11300000
0.17810000	0.11080000
0.17440000	0.10870000
0.16950000	0.10670000
0.16700000	0.10460000
0.16330000	0.10260000
0.15960000	0.10070000
0.15830000	0.09880000
0.15710000	0.09690000
0.15340000	0.09510000
0.14970000	0.09330000
0.14720000	0.09150000
0.14350000	0.08970000
0.13610000	0.08800000
0.13360000	0.08640000
0.12990000	0.08470000
0.12620000	0.08310000
0.12370000	0.08150000
0.12370000	0.08000000
0.12370000	0.07850000
0.12000000	0.07700000
0.11630000	0.07550000
0.11260000	0.07410000
0.11380000	0.08890000
0.11630000	0.07340000
0.12000000	0.06990000
0.12370000	0.06860000
0.12370000	0.06730000
0.12000000	0.06600000
0.11630000	0.06480000
0.11010000	0.06350000
0.10640000	0.06230000
0.10270000	0.06120000
0.10140000	0.06000000
0.10140000	0.05980000
0.10270000	0.06410000
0.10510000	0.05660000
0.10760000	0.05560000
0.10510000	0.05450000
0.10140000	0.05350000
0.09770000	0.05250000
0.09520000	0.05150000
0.09280000	0.05050000
0.09280000	0.04950000
0.09650000	0.07990000
0.11010000	0.10430000
0.11500000	0.06030000
0.12120000	0.04590000
0.11870000	0.04500000
0.11260000	0.04410000
0.10760000	0.04330000
0.10390000	0.04250000
0.10020000	0.04170000
0.09650000	0.04090000
0.09400000	0.04010000
0.09030000	0.03930000
0.08780000	0.03860000
0.08160000	0.03790000
0.07920000	0.03710000
0.07790000	0.03640000
0.07670000	0.03570000
0.07670000	0.03510000
0.07920000	0.04240000
0.08290000	0.03370000
0.08160000	0.03310000
0.08160000	0.03250000
0.08410000	0.03190000
0.08290000	0.03120000
0.08290000	0.03070000
0.08160000	0.03010000
0.07920000	0.02950000
0.07790000	0.02890000
0.07790000	0.02840000
0.07920000	0.02790000
0.07790000	0.02730000
0.07790000	0.02680000
0.07920000	0.02630000
0.07920000	0.02580000
0.08040000	0.04570000
0.10270000	0.15700000
0.81140000	0.41970000
1.34830000	0.07520000
0.60610000	0.02950000
0.39830000	0.02370000
0.72610000	0.02600000
2.22650000	0.12700000
1.24930000	0.03910000
0.78790000	0.03260000
0.59250000	0.02300000
0.48120000	0.02050000
0.41310000	0.02010000
0.36740000	0.01970000
0.33520000	0.01930000
0.31290000	0.01900000
0.48980000	0.16210000
0.72860000	0.02840000
0.60730000	0.01830000
0.59620000	0.02160000
0.56160000	0.01720000
0.49970000	0.01690000
0.45520000	0.01660000
0.42180000	0.01630000
0.39460000	0.01600000
0.37230000	0.01570000
0.35130000	0.01540000
0.33890000	0.02260000
0.33650000	0.02610000
0.35750000	0.01530000
0.40080000	0.01500000
0.42180000	0.01470000
0.74090000	0.01440000
0.78300000	0.01420000
0.60120000	0.01390000
0.52450000	0.01370000
0.60610000	0.01340000
0.70010000	0.01320000
0.62590000	0.01290000
0.56780000	0.01270000
0.60120000	0.01250000
1.23080000	0.02540000
3.56240000	0.07390000
2.37490000	0.05030000
2.05330000	0.07170000
3.43870000	0.08950000
3.21610000	0.01330000
2.74600000	0.05910000
3.22840000	0.04350000
3.27790000	0.03260000
2.85740000	0.01470000
2.33780000	0.18360000
2.00390000	0.21100000
3.46350000	2.50630000
4.03250000	1.49580000
3.01820000	1.37230000
2.42440000	1.14920000
2.99340000	0.98390000
4.76230000	0.83710000
6.43210000	0.78500000
5.09620000	0.70040000
4.87360000	2.02080000
4.34170000	1.76070000
3.50060000	1.66080000
3.25320000	1.55960000
4.74990000	1.64970000
4.87360000	1.64430000
5.54150000	1.43850000
14.10120000	1.28480000
8.75760000	1.15960000
5.97450000	1.06280000
4.72520000	0.98730000
3.80980000	0.92720000
3.25320000	0.87920000
2.77080000	0.83860000
2.42440000	0.80480000
2.16470000	0.77630000
1.99150000	0.75170000
1.86780000	0.73620000
1.74410000	0.71300000
1.62040000	0.69370000
1.54620000	0.67740000
1.54620000	0.66220000
2.28840000	1.01050000
4.32930000	1.61620000
3.89640000	1.88460000
4.32930000	1.86160000
5.13330000	1.76060000
4.45300000	1.69100000
3.71090000	1.50740000
3.19130000	1.36510000
2.79550000	1.25390000
2.59760000	1.16620000
2.39970000	1.09610000
2.21410000	1.03930000
2.07810000	0.99260000
1.95440000	0.95350000
1.81830000	0.92020000
1.71940000	0.89140000
1.63280000	0.88330000
1.64510000	0.87330000
1.53380000	0.82220000
1.43490000	0.80300000
1.34830000	0.78510000
1.27410000	0.76810000
1.21100000	0.75200000
1.17140000	0.73660000
1.14540000	0.72170000
1.11940000	0.70740000
1.09100000	0.69350000
1.05510000	0.67990000
1.02420000	0.66670000
0.98960000	0.65390000
0.95990000	0.64130000
0.93140000	0.62900000
0.97470000	0.68870000
2.62230000	2.84760000
5.55390000	1.83360000
3.51290000	1.76220000
2.72130000	1.53930000
2.39970000	1.36850000
2.16470000	1.24480000
2.00390000	1.13340000
1.89250000	1.05060000
1.80590000	0.98570000
1.75650000	0.93350000
1.75650000	0.89050000
1.65750000	0.85460000
1.57090000	0.82420000
1.54620000	0.80740000
1.58330000	0.80080000
2.43680000	0.82230000
3.64900000	0.94300000
3.32740000	1.07310000
3.42640000	1.11080000
6.28370000	1.42120000
6.41980000	1.57930000
5.20760000	1.59300000
4.61380000	1.40060000
4.99730000	1.46480000
5.60340000	1.29960000
4.76230000	1.49060000
4.84880000	1.54740000
7.08770000	2.52780000
7.69380000	6.08010000
18.05950000	7.62160000
12.98800000	4.37420000
11.37990000	3.92360000
10.14300000	3.39010000
9.25240000	2.98150000
8.49790000	2.74070000
7.13720000	2.63960000
6.65480000	5.35360000
7.63200000	3.80440000
7.75570000	3.63450000
7.52070000	3.35370000
7.17430000	3.09670000
6.72900000	2.97130000
6.20950000	2.82360000
6.08580000	2.60140000
7.64440000	2.42560000
8.99260000	2.28510000
9.74720000	2.17080000
8.37420000	2.07650000
6.79090000	1.99720000
6.53110000	1.92930000
6.23420000	1.87100000
5.54150000	1.82190000
4.77460000	1.77150000
4.16850000	1.72840000
3.72320000	1.68780000
3.50060000	1.65670000
3.40160000	1.61500000
3.32740000	1.59340000
3.06760000	1.54960000
3.11710000	1.56380000
3.78510000	1.52560000
4.52720000	1.47770000
5.56630000	1.45800000
5.17050000	1.40250000
4.47780000	1.42850000
4.35410000	1.41090000
3.90880000	1.32320000
3.69850000	1.33730000
3.85930000	1.31820000
3.95820000	1.27300000
3.77270000	1.24650000
3.42640000	1.20170000
3.19130000	1.28370000
2.91920000	1.15810000
2.64710000	1.13440000
2.47390000	1.11280000
2.36260000	1.09160000
2.31310000	1.07100000
2.25130000	1.05050000
2.25130000	1.03060000
2.28840000	1.01100000
2.25130000	0.99180000
2.15230000	0.97290000
2.01620000	0.95440000
1.90490000	0.93630000
1.85540000	0.91850000
1.81830000	0.90110000
1.76880000	0.88390000
1.74410000	0.86710000
1.76880000	0.88570000
1.70700000	0.83910000
1.68230000	0.86040000
1.91730000	0.83660000
1.70700000	0.78780000
1.62040000	0.77290000
1.57090000	0.75820000
1.53380000	0.74380000
1.48430000	0.72960000
1.42250000	0.71580000
1.45960000	0.78550000
1.50910000	0.71690000
1.44720000	0.68100000
1.39780000	0.66690000
1.33590000	0.65210000
1.27410000	0.63800000
1.26170000	0.66970000
1.27410000	0.64040000
1.24930000	0.60780000
1.20850000	0.59980000
1.20360000	0.60240000
1.27410000	0.57380000
1.42250000	0.56380000
1.36060000	0.54720000
1.31120000	0.53680000
1.27410000	0.52660000
1.27410000	0.51660000
1.23700000	0.50680000
1.22210000	0.49720000
1.22210000	0.48770000
1.20730000	0.47840000
1.17760000	0.46940000
1.14420000	0.46040000
1.10460000	0.45170000
1.07490000	0.44310000
1.05640000	0.43470000
1.02300000	0.42640000
0.99950000	0.41830000
0.96850000	0.41040000
0.92520000	0.40260000
0.87700000	0.39490000
0.83620000	0.38740000
0.79660000	0.38010000
0.76070000	0.37280000
0.81640000	0.54220000
1.02790000	0.44590000
0.96610000	0.35200000
0.81390000	0.34530000
0.74220000	0.33870000
0.69020000	0.33230000
0.64940000	0.32600000
0.61720000	0.31980000
0.58380000	0.31370000
0.55420000	0.30780000
0.52940000	0.30190000
0.50710000	0.29620000
0.48860000	0.29060000
0.47250000	0.28500000
0.45770000	0.27960000
0.45030000	0.27430000
0.44160000	0.26910000
0.43290000	0.26400000
0.42180000	0.25900000
0.41440000	0.25400000
0.42060000	0.27030000
0.43790000	0.25920000
0.41930000	0.23980000
0.39710000	0.23530000
0.38220000	0.23080000
0.36980000	0.22640000
0.35870000	0.22210000
0.34510000	0.21790000
0.33150000	0.21380000
0.32530000	0.20970000
0.31540000	0.20570000
0.30680000	0.20180000
0.29560000	0.19800000
0.28700000	0.19420000
0.27960000	0.19050000
0.27340000	0.18690000
0.26590000	0.18340000
0.26100000	0.17990000
0.25600000	0.17640000
0.25110000	0.17310000
0.24860000	0.16980000
0.24490000	0.16660000
0.23750000	0.16340000
0.23130000	0.16030000
0.22390000	0.15730000
0.21650000	0.15430000
0.21150000	0.15130000
0.20780000	0.14850000
0.20290000	0.14560000
0.20040000	0.14290000
0.19540000	0.14020000
0.18930000	0.13750000
0.18310000	0.13490000
0.17810000	0.13230000
0.17440000	0.12980000
0.17070000	0.12730000
0.16820000	0.12490000
0.16330000	0.12260000
0.15460000	0.12020000
0.14970000	0.11790000
0.14470000	0.11570000
0.14100000	0.11350000
0.13610000	0.11130000
0.13240000	0.10920000
0.12990000	0.10720000
0.12740000	0.10510000
0.12490000	0.10310000
0.12000000	0.10120000
0.11500000	0.09920000
0.11010000	0.09740000
0.10640000	0.09550000
0.10270000	0.09370000
0.09900000	0.09190000
0.09650000	0.09020000
0.09400000	0.08850000
0.09030000	0.08680000
0.08910000	0.08510000
0.08660000	0.08350000
0.08660000	0.08190000
0.08660000	0.08040000
0.08910000	0.07880000
0.09150000	0.07730000
0.09030000	0.07590000
0.08910000	0.07440000
0.08660000	0.07300000
0.08410000	0.07160000
0.08040000	0.07030000
0.07790000	0.06890000
0.07550000	0.06760000
0.07420000	0.08240000
0.07920000	0.06510000
0.08410000	0.06380000
0.08660000	0.06260000
0.08530000	0.06140000
0.08040000	0.06030000
0.07670000	0.05910000
0.07920000	0.05800000
0.11260000	0.11440000
0.19540000	0.13590000
0.30430000	0.17060000
0.34390000	0.12170000
0.28700000	0.05270000
0.24120000	0.05170000
0.21280000	0.05070000
0.24240000	0.18020000
0.29190000	0.08020000
0.27960000	0.04790000
0.23630000	0.04700000
0.21400000	0.04610000
0.20160000	0.04520000
0.19170000	0.04430000
0.18430000	0.04350000
0.18180000	0.04270000
0.18060000	0.04190000
0.17560000	0.04110000
0.17440000	0.04030000
0.17320000	0.03950000
0.17320000	0.03880000
0.17070000	0.03800000
0.17070000	0.03730000
0.16820000	0.03660000
0.16450000	0.03590000
0.16200000	0.03520000
0.16080000	0.03460000
0.16080000	0.03390000
0.16080000	0.03330000
0.15960000	0.03260000
0.15710000	0.03200000
0.15710000	0.04970000
0.16450000	0.03500000
0.17190000	0.03100000
0.18930000	0.03040000
0.19420000	0.04380000
0.18930000	0.02850000
0.18430000	0.02800000
0.18180000	0.02740000
0.18060000	0.02690000
0.17810000	0.02640000
0.17560000	0.02590000
0.17440000	0.02540000
0.17440000	0.02490000
0.17440000	0.02450000
0.17560000	0.03610000
0.19790000	0.05520000
0.21770000	0.02830000
0.23250000	0.03460000
0.22760000	0.03230000
0.26350000	0.07280000
0.34760000	0.08310000
0.51330000	0.07250000
0.51700000	0.03960000
0.38590000	0.02020000
0.32900000	0.01980000
0.29560000	0.01940000
0.27090000	0.01910000
0.25230000	0.01870000
0.23630000	0.01830000
0.22390000	0.01800000
0.21150000	0.01770000
0.20160000	0.01730000
0.19300000	0.01700000
0.18680000	0.01670000
0.18060000	0.01640000
0.17940000	0.01600000
0.17440000	0.01570000
0.16950000	0.01540000
0.16450000	0.01510000
0.16580000	0.01490000
0.16330000	0.01460000
0.15960000	0.01430000
0.17320000	0.01480000
0.18180000	0.01440000
0.16950000	0.01400000
0.16330000	0.01960000
0.15960000	0.01300000
0.15340000	0.01270000
0.14720000	0.01250000
0.14100000	0.01230000
0.13240000	0.01200000
0.13730000	0.01180000
0.14470000	0.01160000
0.14600000	0.01140000
0.14470000	0.01110000
0.14600000	0.01130000
0.16080000	0.01510000
0.25230000	0.04200000
0.30180000	0.01110000
0.27710000	0.01060000
0.24240000	0.01040000
0.22140000	0.00970000
0.20660000	0.00960000
0.19540000	0.00940000
0.18930000	0.00920000
0.18430000	0.00900000
0.17940000	0.00890000
0.17190000	0.00870000
0.16700000	0.00850000
0.16820000	0.00840000
0.15960000	0.00820000
0.15210000	0.00800000
0.15340000	0.00790000
0.15460000	0.00830000
0.15340000	0.00760000
0.12620000	0.00740000
0.18800000	0.00810000
0.69270000	0.00790000
2.10280000	0.00780000
6.19710000	0.00760000
2.52340000	0.00750000
1.62040000	0.00740000
1.23570000	0.00730000
1.95440000	0.00710000
4.08190000	0.11440000
3.41400000	0.01920000
2.07810000	0.00800000
1.52140000	0.01090000
1.26170000	0.03320000
1.09840000	0.01250000
1.04270000	0.05870000
0.93880000	0.02020000
0.85350000	0.01640000
0.78920000	0.01010000
0.73100000	0.01190000
0.68770000	0.01210000
0.67290000	0.09310000
0.71120000	0.02280000
0.68400000	0.00480000
0.66420000	0.01810000
0.66670000	0.01340000
0.64320000	0.00530000
0.66050000	0.00520000
0.63950000	0.00830000
0.61230000	0.00550000
0.58260000	0.02790000
0.56160000	0.00410000
0.55290000	0.00470000
0.53680000	0.00400000
0.52940000	0.02830000
0.51460000	0.00380000
0.49850000	0.00370000
0.48360000	0.00370000
0.47000000	0.00360000
0.46880000	0.01180000
0.45150000	0.00350000
0.44160000	0.00340000
0.44160000	0.00410000
0.55170000	0.00400000
0.61350000	0.00400000
0.60980000	0.00390000
0.57890000	0.03090000
0.61720000	0.04390000
0.75950000	0.00300000
0.89430000	0.00490000
0.86960000	0.00290000
0.79780000	0.00280000
0.75700000	0.00270000
0.75210000	0.00270000
0.78920000	0.03430000
0.79290000	0.03930000
1.42250000	0.16130000
2.18940000	0.05640000
2.35020000	0.06480000
7.52070000	1.10750000
9.56160000	1.05860000
5.52920000	1.00230000
3.73560000	0.82530000
2.98110000	0.69390000
2.96870000	0.62100000
3.33980000	0.53420000
3.11710000	0.45690000
2.79550000	0.42070000
2.67180000	0.39490000
2.63470000	0.35570000
5.25700000	0.32660000
13.85390000	3.30430000
9.12870000	3.14280000
13.97750000	6.74730000
14.47230000	5.30560000
12.18400000	3.87490000
8.83180000	3.38910000
7.27330000	2.93080000
6.54350000	2.55010000
5.60340000	2.22900000
4.76230000	2.00290000
4.13140000	1.82160000
3.67370000	1.68210000
3.35210000	1.57140000
3.30270000	1.51770000
3.68610000	1.42490000
4.21800000	1.44420000
5.09620000	1.36760000
4.97250000	1.52320000
4.72520000	1.68520000
4.61380000	1.56210000
4.40350000	1.46410000
4.14380000	1.38520000
4.09430000	1.32560000
4.11900000	1.26640000
4.13140000	1.22070000
4.15620000	1.18130000
4.05720000	1.14670000
3.74800000	1.11580000
3.40160000	1.10920000
3.52530000	1.09400000
3.14190000	1.03800000
2.77080000	1.01530000
2.56050000	0.99390000
2.39970000	0.97340000
2.23890000	0.95370000
2.04100000	0.93460000
1.97910000	0.93420000
1.92960000	0.92400000
1.74410000	0.88080000
1.62040000	0.86380000
1.53380000	0.84720000
1.47200000	0.83090000
1.41010000	0.81500000
1.34830000	0.79940000
1.27410000	0.78420000
1.21590000	0.76920000
1.17020000	0.75460000
1.14050000	0.74020000
1.10210000	0.72610000
1.05640000	0.71230000
1.01430000	0.69880000
0.96730000	0.68560000
0.92770000	0.67240000
0.89180000	0.65960000
0.85720000	0.64710000
0.83620000	0.63480000
0.81020000	0.62270000
0.78180000	0.61090000
0.76070000	0.59970000
0.74340000	0.59470000
0.71740000	0.57680000
0.68400000	0.56580000
0.65930000	0.55500000
0.63330000	0.54450000
0.60120000	0.53420000
0.57270000	0.52400000
0.55040000	0.51400000
0.53310000	0.50430000
0.55040000	0.51460000
0.58760000	0.49640000
0.55660000	0.47610000
0.51830000	0.46700000
0.49850000	0.45820000
0.48240000	0.44950000
0.46510000	0.44090000
0.44780000	0.43250000
0.42800000	0.42430000
0.41310000	0.41630000
0.40080000	0.40830000
0.38590000	0.40060000
0.37230000	0.39300000
0.35870000	0.38550000
0.34260000	0.37820000
0.33150000	0.37100000
0.32410000	0.36400000
0.31420000	0.35700000
0.31290000	0.36660000
0.34390000	0.35980000
0.33890000	0.34110000
0.32410000	0.33070000
0.31910000	0.32440000
0.30800000	0.31820000
0.29690000	0.31220000
0.28450000	0.30620000
0.27710000	0.30220000
0.27340000	0.29470000
0.26720000	0.28910000
0.25600000	0.28360000
0.24620000	0.27820000
0.23630000	0.27290000
0.22880000	0.26780000
0.22140000	0.26270000
0.21280000	0.25770000
0.20410000	0.25280000
0.19670000	0.24800000
0.18930000	0.24330000
0.18310000	0.23870000
0.17690000	0.23410000
0.17190000	0.22970000
0.16700000	0.22530000
0.16330000	0.22100000
0.18430000	0.25190000
0.23010000	0.24650000
0.22760000	0.20870000
0.21280000	0.20470000
0.19670000	0.20080000
0.18430000	0.19700000
0.17320000	0.19330000
0.16080000	0.18960000
0.15090000	0.18600000
0.14470000	0.18240000
0.14100000	0.17900000
0.13610000	0.17560000
0.12860000	0.17220000
0.12620000	0.16900000
0.12250000	0.16580000
0.11750000	0.16260000
0.11260000	0.15950000
0.10890000	0.15650000
0.10510000	0.15350000
0.10390000	0.15060000
0.10270000	0.14880000
0.09900000	0.14490000
0.09650000	0.14220000
0.09400000	0.13950000
0.09150000	0.13680000
0.08910000	0.13420000
0.08660000	0.13170000
0.08290000	0.12920000
0.08040000	0.12670000
0.08040000	0.12430000
0.08160000	0.12190000
0.07790000	0.11960000
0.07300000	0.11740000
0.07050000	0.11510000
0.06800000	0.11290000
0.06560000	0.11080000
0.06560000	0.10870000
0.06560000	0.10660000
0.06430000	0.10460000
0.06310000	0.10260000
0.06310000	0.10070000
0.06180000	0.09880000
0.06310000	0.09690000
0.06310000	0.09500000
0.06310000	0.09320000
0.06310000	0.09150000
0.06060000	0.08970000
0.06060000	0.08800000
0.05940000	0.08630000
0.05810000	0.08470000
0.05570000	0.08310000
0.05440000	0.08150000
0.05320000	0.08000000
0.05200000	0.07840000
0.05070000	0.07700000
0.05070000	0.07550000
0.05200000	0.07410000
0.05070000	0.07270000
0.04950000	0.07130000
0.04820000	0.06990000
0.04700000	0.06860000
0.04580000	0.06730000
0.04580000	0.06600000
0.04450000	0.06480000
0.04450000	0.06350000
0.04450000	0.06230000
0.04450000	0.06110000
0.04210000	0.06000000
0.04330000	0.05880000
0.04330000	0.05770000
0.04330000	0.05660000
0.04450000	0.05550000
0.04330000	0.05450000
0.04330000	0.05340000
0.04330000	0.05240000
0.04210000	0.05140000
0.04210000	0.05050000
0.04210000	0.04950000
0.04080000	0.04860000
0.04080000	0.04760000
0.04080000	0.04670000
0.04080000	0.04580000
0.04330000	0.04500000
0.04580000	0.04410000
0.04820000	0.04330000
0.05070000	0.04250000
0.05320000	0.04170000
0.05320000	0.04090000
0.05320000	0.04010000
0.05440000	0.03930000
0.05570000	0.03860000
0.05690000	0.04390000
0.06180000	0.03710000
0.06310000	0.03640000
0.06180000	0.03570000
0.06060000	0.03500000
0.05940000	0.03440000
0.07050000	0.10880000
0.10140000	0.03810000
0.12000000	0.07740000
0.13240000	0.03180000
0.13240000	0.03120000
0.12490000	0.03060000
0.11750000	0.03010000
0.11380000	0.02950000
0.11010000	0.02890000
0.11380000	0.09200000
0.14600000	0.07050000
0.16820000	0.02730000
0.15460000	0.02680000
0.13360000	0.02630000
0.12370000	0.02580000
0.11750000	0.02530000
0.11380000	0.02480000
0.11380000	0.03590000
0.12000000	0.02460000
0.12120000	0.02420000
0.12000000	0.02350000
0.11750000	0.02370000
0.12370000	0.04550000
0.13480000	0.02280000
0.14970000	0.02130000
0.14720000	0.02360000
0.16200000	0.14090000
0.32040000	0.02490000
0.36000000	0.04310000
0.42300000	0.20100000
1.09840000	0.13290000
0.83990000	0.01860000
0.50470000	0.01830000
0.36240000	0.01790000
0.29320000	0.01760000
0.25110000	0.01720000
0.22510000	0.01690000
0.29190000	0.11700000
0.96230000	0.31810000
7.48360000	1.14410000
4.42830000	7.19040000
17.44100000	15.99660000
7.68150000	5.89880000
4.98490000	8.70190000
12.74060000	12.14020000
6.80320000	6.23340000
3.87170000	5.50190000
2.64710000	4.68860000
2.01620000	4.06800000
1.64510000	3.59200000
1.42250000	3.22550000
1.29880000	2.94070000
1.14790000	2.71630000
1.03900000	2.55080000
0.97470000	2.39620000
1.04270000	2.27910000
2.20180000	2.18250000
2.37490000	2.10110000
1.78120000	2.03130000
1.70700000	1.97020000
2.83260000	1.91600000
5.29410000	1.86700000
5.29410000	1.82210000
5.69000000	1.78030000
4.02010000	1.74120000
3.37690000	1.70410000
2.79550000	1.66930000
2.39970000	1.64630000
2.11520000	1.60590000
1.86780000	1.57100000
1.68230000	1.53970000
1.52140000	1.53680000
1.39780000	1.61550000
1.32350000	2.04250000
1.26170000	2.44120000
1.22210000	2.73610000
1.23700000	3.55200000
1.22580000	3.31610000
1.32350000	3.16970000
1.52140000	2.98790000
1.79360000	2.82160000
1.75650000	2.65370000
1.62040000	2.43480000
1.47200000	2.26320000
1.33590000	2.12620000
1.23450000	2.01530000
1.16400000	1.92410000
1.14050000	1.84790000
1.18130000	1.78300000
1.23700000	1.72680000
1.27410000	1.67730000
1.27410000	1.63290000
1.28640000	1.59240000
1.64510000	1.60550000
5.73950000	1.68830000
5.33130000	1.97300000
5.26940000	2.08290000
4.51490000	1.93090000
3.56240000	1.81560000
2.90680000	1.71690000
2.51100000	1.63840000
2.22650000	1.57280000
2.02860000	1.51710000
1.89250000	1.46890000
1.83070000	1.42650000
1.76880000	1.38850000
1.76880000	1.35410000
1.75650000	1.32540000
1.71940000	1.32050000
1.62040000	1.27500000
1.49670000	1.23770000
1.39780000	1.21230000
1.31120000	1.18780000
1.23700000	1.16410000
1.17630000	1.14120000
1.14910000	1.11890000
1.15160000	1.09720000
1.17510000	1.07600000
1.19740000	1.05530000
1.17390000	1.03500000
1.16030000	1.02140000
1.10460000	1.00170000
1.04150000	0.97680000
0.99700000	0.95820000
0.99080000	0.94680000
0.95620000	0.92210000
0.92650000	0.90460000
0.89930000	0.88730000
0.87450000	0.87040000
0.87700000	0.85400000
0.93510000	0.83770000
0.99950000	0.82170000
1.05260000	0.80610000
1.08980000	0.79080000
1.09220000	0.78630000
1.73170000	0.78360000
1.65750000	0.81640000
1.39780000	0.73240000
1.27410000	0.71850000
1.19740000	0.70480000
1.19120000	0.69140000
1.28640000	0.67830000
1.41010000	0.66540000
1.49670000	0.65270000
1.49670000	0.64030000
1.41010000	0.62820000
1.29880000	0.61620000
1.19610000	0.60450000
1.12930000	0.59420000
1.29880000	0.63590000
1.52140000	0.57290000
1.31120000	0.55990000
1.17760000	0.54920000
1.09590000	0.53880000
1.04770000	0.52860000
1.02670000	0.52580000
1.01060000	0.51370000
0.99700000	0.49930000
0.98090000	0.49880000
0.96850000	0.48070000
1.07120000	0.54360000
1.21840000	0.46500000
1.13680000	0.45340000
1.06380000	0.44480000
1.23200000	0.49730000
1.76880000	0.47230000
1.70700000	0.42640000
1.63280000	0.42720000
1.68230000	0.43100000
1.55860000	0.39640000
1.44720000	0.38890000
1.34830000	0.38150000
1.24930000	0.37420000
1.17510000	0.36710000
1.10090000	0.36020000
1.05140000	0.35330000
0.99950000	0.34660000
0.94750000	0.34000000
0.90540000	0.33360000
0.87080000	0.32720000
0.83870000	0.32100000
0.80770000	0.31490000
0.77930000	0.30890000
0.74840000	0.30300000
0.71870000	0.29730000
0.69270000	0.29160000
0.66920000	0.28610000
0.64320000	0.28070000
0.62220000	0.27530000
0.60730000	0.27010000
0.59130000	0.26500000
0.56780000	0.25990000
0.54670000	0.25500000
0.52940000	0.25010000
0.51580000	0.24540000
0.50340000	0.24070000
0.50470000	0.24820000
0.53310000	0.26530000
0.51460000	0.28210000
0.56160000	0.30210000
0.53190000	0.21870000
0.48610000	0.21460000
0.46010000	0.21050000
0.44280000	0.20650000
0.42670000	0.20260000
0.41560000	0.19870000
0.40940000	0.19770000
0.40700000	0.19120000
0.39710000	0.18760000
0.38960000	0.18400000
0.37730000	0.18050000
0.36370000	0.17710000
0.36120000	0.17440000
0.35870000	0.17040000
0.35250000	0.16720000
0.34760000	0.16400000
0.34140000	0.16090000
0.35750000	0.18440000
0.37360000	0.16930000
0.35870000	0.15310000
0.33400000	0.14900000
0.31670000	0.14620000
0.30800000	0.14340000
0.29690000	0.14070000
0.28200000	0.13800000
0.26840000	0.13540000
0.25730000	0.13280000
0.24490000	0.13030000
0.23380000	0.12780000
0.22510000	0.12540000
0.21520000	0.12300000
0.20530000	0.12070000
0.20160000	0.11840000
0.20040000	0.11610000
0.19540000	0.11390000
0.19050000	0.11180000
0.18680000	0.10960000
0.18060000	0.10760000
0.17440000	0.10550000
0.17070000	0.10350000
0.17070000	0.10150000
0.16950000	0.09960000
0.16700000	0.09770000
0.16080000	0.09590000
0.16080000	0.09580000
0.16820000	0.10320000
0.19170000	0.11990000
0.26970000	0.12830000
0.28570000	0.08710000
0.22640000	0.08540000
0.19170000	0.08380000
0.16950000	0.08220000
0.15710000	0.08070000
0.14720000	0.07910000
0.13980000	0.07760000
0.13480000	0.07620000
0.13980000	0.07470000
0.13360000	0.07330000
0.12370000	0.07190000
0.11750000	0.07050000
0.11380000	0.06920000
0.10760000	0.06790000
0.10270000	0.06660000
0.09900000	0.06530000
0.09520000	0.06410000
0.09400000	0.06290000
0.09030000	0.06170000
0.08660000	0.06050000
0.08410000	0.05930000
0.08290000	0.05820000
0.08040000	0.05710000
0.07920000	0.05600000
0.07550000	0.05500000
0.07170000	0.05390000
0.06930000	0.05290000
0.06930000	0.05190000
0.06800000	0.05090000
0.06560000	0.04990000
0.06310000	0.04900000
0.06060000	0.04810000
0.05940000	0.04710000
0.05690000	0.04620000
0.05690000	0.04540000
0.05690000	0.04450000
0.05690000	0.04370000
0.05690000	0.04280000
0.05570000	0.04200000
0.05320000	0.04120000
0.05200000	0.04040000
0.05070000	0.03970000
0.05070000	0.03890000
0.05070000	0.03820000
0.05690000	0.03740000
0.05940000	0.03670000
0.06060000	0.03600000
0.05690000	0.03540000
0.05320000	0.03470000
0.05070000	0.03400000
0.04950000	0.03340000
0.04820000	0.03270000
0.04700000	0.03210000
0.04580000	0.03150000
0.04450000	0.03090000
0.04580000	0.03030000
0.04580000	0.03040000
0.04450000	0.02920000
0.04580000	0.02860000
0.04450000	0.07630000
0.04450000	0.02760000
0.04450000	0.02700000
0.04330000	0.02650000
0.04330000	0.02600000
0.04210000	0.02550000
0.04080000	0.02500000
0.04080000	0.02460000
0.03960000	0.02410000
0.03960000	0.02360000
0.03960000	0.02320000
0.03960000	0.02270000
0.03960000	0.02230000
0.04080000	0.02190000
0.03960000	0.02150000
0.03830000	0.02110000
0.03710000	0.02070000
0.03590000	0.02030000
0.03460000	0.01990000
0.03340000	0.01950000
0.03340000	0.01910000
0.03220000	0.01880000
0.03220000	0.01840000
0.03340000	0.01810000
0.03590000	0.01770000
0.03710000	0.01740000
0.03960000	0.02170000
0.06060000	0.08500000
0.09520000	0.06010000
0.08530000	0.01930000
0.07790000	0.01600000
0.07050000	0.01800000
0.06800000	0.01540000
0.06430000	0.01490000
0.06180000	0.01460000
0.08290000	0.04860000
0.21520000	0.07800000
0.21030000	0.01380000
0.15460000	0.01350000
0.12370000	0.01330000
0.10510000	0.01300000
0.09280000	0.01280000
0.08530000	0.01250000
0.08040000	0.01230000
0.07790000	0.01210000
0.07670000	0.01180000
0.07670000	0.01160000
0.07550000	0.01140000
0.07550000	0.01120000
0.07550000	0.01100000
0.07550000	0.01080000
0.07550000	0.01060000
0.07550000	0.01040000
0.07420000	0.01020000
0.07550000	0.01000000
0.07550000	0.00980000
0.07550000	0.00960000
0.07550000	0.00940000
0.07550000	0.00920000
0.07420000	0.00910000
0.07420000	0.00890000
0.07300000	0.00870000
0.07300000	0.00850000
0.07420000	0.00840000
0.07300000	0.00820000
0.07300000	0.00810000
0.07420000	0.00790000
0.07790000	0.00780000
0.07790000	0.00760000
0.07790000	0.00760000
0.07790000	0.00730000
0.07790000	0.00720000
0.07920000	0.00710000
0.08040000	0.00690000
0.08040000	0.00680000
0.08040000	0.00670000
0.08040000	0.00650000
0.07920000	0.00640000
0.07920000	0.00630000
0.07790000	0.00620000
0.07670000	0.00610000
0.07670000	0.00590000
0.07670000	0.00580000
0.07670000	0.00580000
0.07790000	0.00560000
0.07920000	0.00550000
0.10640000	0.10230000
0.14720000	0.04200000
0.19050000	0.00850000
0.16580000	0.00510000
0.13980000	0.00500000
0.12250000	0.00490000
0.11130000	0.00480000
0.10510000	0.00470000
0.10140000	0.00460000
0.09900000	0.00450000
0.09770000	0.00450000
0.09650000	0.00440000
0.09520000	0.00430000
0.09650000	0.00570000
0.10020000	0.00410000
0.10020000	0.00400000
0.09770000	0.00400000
0.09520000	0.00450000
0.09900000	0.00460000
0.09650000	0.00420000
0.08780000	0.00480000
0.09400000	0.00360000
0.09770000	0.00350000
0.10020000	0.00350000
0.10020000	0.00340000
0.10020000	0.00330000
0.10020000	0.00330000
0.10020000	0.00320000
0.10020000	0.00320000
0.10140000	0.00310000
0.10140000	0.00300000
0.09900000	0.00300000
0.09770000	0.00290000
0.10020000	0.00290000
0.09900000	0.00280000
0.09770000	0.00280000
0.09650000	0.00270000
0.09280000	0.00270000
0.09150000	0.00260000
0.09280000	0.00260000
0.09030000	0.00250000
0.09150000	0.00250000
0.09150000	0.00240000
0.09150000	0.00240000
0.08910000	0.00230000
0.09030000	0.00230000
0.08910000	0.00220000
0.08780000	0.00220000
0.08660000	0.00210000
0.08910000	0.00210000
0.08780000	0.00420000
0.09030000	0.03800000
0.09280000	0.00230000
0.10390000	0.06550000
0.12490000	0.03660000
0.13240000	0.00190000
0.12250000	0.00180000
0.11260000	0.00180000
0.10640000	0.00180000
0.10020000	0.00170000
0.09900000	0.00170000
0.09900000	0.00170000
0.09650000	0.00160000
0.09400000	0.00160000
0.09030000	0.00160000
0.08910000	0.00160000
0.08910000	0.00150000
0.08910000	0.00150000
0.08780000	0.00150000
0.08530000	0.00140000
0.08660000	0.00310000
0.10020000	0.02230000
0.12490000	0.01800000
0.15210000	0.00130000
0.13610000	0.00130000
0.12000000	0.00130000
0.11130000	0.00130000
0.10640000	0.00120000
0.10270000	0.00120000
0.11010000	0.00790000
0.15960000	0.06140000
0.36860000	0.11690000
0.87820000	0.13160000
1.27410000	0.07040000
0.78300000	0.00110000
0.54920000	0.00110000
0.62470000	0.06530000
0.76200000	0.03390000
0.78420000	0.02300000
0.97600000	0.05180000
0.84240000	0.00100000
0.65930000	0.00480000
0.58880000	0.01900000
0.52320000	0.00090000
0.47130000	0.00090000
0.43420000	0.00090000
0.40320000	0.00090000
0.37730000	0.00080000
0.35500000	0.00080000
0.35010000	0.03930000
0.49230000	0.08360000
0.92280000	0.04370000
0.83620000	0.01360000
0.75210000	0.01490000
1.02670000	0.15230000
3.95820000	0.10070000
2.11520000	1.28370000
3.05530000	2.46450000
2.63470000	1.98050000
1.76880000	1.85220000
1.79360000	3.20210000
5.09620000	6.10070000
3.56240000	3.42440000
2.20180000	3.03570000
1.62040000	2.57840000
1.29880000	2.22970000
1.09960000	1.96260000
0.95490000	1.75670000
0.87450000	1.60350000
0.80150000	1.47180000
0.73720000	1.37270000
0.68770000	1.29330000
0.64320000	1.22870000
0.60120000	1.17530000
0.56650000	1.13050000
0.53930000	1.09220000
0.55290000	1.07920000
0.66050000	1.07020000
0.80150000	1.03070000
0.96360000	1.06280000
6.30840000	1.06050000
4.31700000	0.95240000
2.80790000	1.02190000
2.38730000	1.11130000
2.06570000	1.38110000
1.85540000	1.41560000
1.68230000	1.37040000
1.52140000	1.26040000
1.37300000	1.17560000
1.24930000	1.10770000
1.15780000	1.05250000
1.07000000	1.00680000
0.98710000	0.96850000
0.91910000	0.93560000
0.85970000	0.90700000
0.79780000	0.88170000
0.74710000	0.85880000
0.70510000	0.83800000
0.66180000	0.81860000
0.63330000	0.80050000
0.60490000	0.78340000
0.57520000	0.76700000
0.54920000	0.75140000
0.52570000	0.73630000
0.51580000	0.73080000
0.50220000	0.71040000
0.50590000	0.70520000
0.51090000	0.68670000
0.50100000	0.67400000
0.48240000	0.65980000
0.45770000	0.64180000
0.43420000	0.62950000
0.41070000	0.61750000
0.38840000	0.60570000
0.37230000	0.59420000
0.36000000	0.58290000
0.35130000	0.57180000
0.34880000	0.56120000
0.34020000	0.55020000
0.33030000	0.53990000
0.32280000	0.52950000
0.33890000	0.53670000
0.33270000	0.51540000
0.31670000	0.49990000
0.30310000	0.49040000
0.28940000	0.48110000
0.27340000	0.47190000
0.26100000	0.46300000
0.25110000	0.45420000
0.24370000	0.44550000
0.23750000	0.43710000
0.23630000	0.42880000
0.23380000	0.44280000
0.23630000	0.41260000
0.23010000	0.40480000
0.21650000	0.39710000
0.20660000	0.38960000
0.19670000	0.38220000
0.19050000	0.37490000
0.18430000	0.36780000
0.18060000	0.36080000
0.17690000	0.35390000
0.17320000	0.34720000
0.16820000	0.34060000
0.16330000	0.33410000
0.15710000	0.32780000
0.15090000	0.32160000
0.14720000	0.31540000
0.14220000	0.30950000
0.13480000	0.30360000
0.12990000	0.29780000
0.12370000	0.29210000
0.11870000	0.28660000
0.11500000	0.28120000
0.11130000	0.27580000
0.10760000	0.27060000
0.10510000	0.26540000
0.10510000	0.26040000
0.10390000	0.25540000
0.10140000	0.25060000
0.10020000	0.24580000
0.09900000	0.24120000
0.09650000	0.23660000
0.09400000	0.23210000
0.09150000	0.22770000
0.08780000	0.22330000
0.08530000	0.21910000
0.08290000	0.21490000
0.08290000	0.21110000
0.08910000	0.20750000
0.09030000	0.20390000
0.09030000	0.19910000
0.08410000	0.19530000
0.07920000	0.19160000
0.07550000	0.18790000
0.07050000	0.18440000
0.06680000	0.18090000
0.06310000	0.17740000
0.06060000	0.17400000
0.05690000	0.17070000
0.05440000	0.16750000
0.05320000	0.16430000
0.05320000	0.16120000
0.05200000	0.15810000
0.04950000	0.15510000
0.04700000	0.15220000
0.04450000	0.14930000
0.04330000	0.14640000
0.04210000	0.14370000
0.04080000	0.14090000
0.03830000	0.13830000
0.03710000	0.13560000
0.03590000	0.13310000
0.03460000	0.13050000
0.03340000	0.12800000
0.03340000	0.12560000
0.03220000	0.12320000
0.03220000	0.12090000
0.03220000	0.11860000
0.03090000	0.11630000
0.02970000	0.11410000
0.02840000	0.11200000
0.02720000	0.10980000
0.02600000	0.10770000
0.02470000	0.10570000
0.02470000	0.10370000
0.02350000	0.10170000
0.02230000	0.09980000
0.02230000	0.09790000
0.02230000	0.10730000
0.02230000	0.09420000
0.02230000	0.09240000
0.02230000	0.09070000
0.02230000	0.08890000
0.02230000	0.08720000
0.02100000	0.08560000
0.02100000	0.08400000
0.01980000	0.08240000
0.01980000	0.08080000
0.01980000	0.07930000
0.01980000	0.07780000
0.01980000	0.07630000
0.01980000	0.07480000
0.02100000	0.07340000
0.02100000	0.07200000
0.02100000	0.07060000
0.02100000	0.06930000
0.02100000	0.06800000
0.02100000	0.06670000
0.02100000	0.06540000
0.02100000	0.06420000
0.02100000	0.06300000
0.02100000	0.06180000
0.02100000	0.06060000
0.02100000	0.05940000
0.01980000	0.05830000
0.01980000	0.05720000
0.01980000	0.05610000
0.01980000	0.05510000
0.01980000	0.05400000
0.01860000	0.05300000
0.01860000	0.05200000
0.01860000	0.05100000
0.01730000	0.05000000
0.01730000	0.04910000
0.01730000	0.04810000
0.01730000	0.04720000
0.01730000	0.04630000
0.01730000	0.04540000
0.01730000	0.04460000
0.01610000	0.04370000
0.01610000	0.04290000
0.01610000	0.04210000
0.01730000	0.07370000
0.01860000	0.04050000
0.01980000	0.03970000
0.02100000	0.03900000
0.02230000	0.03820000
0.02230000	0.03750000
0.02350000	0.09990000
0.04080000	0.16520000
0.05810000	0.04270000
0.05690000	0.03470000
0.04950000	0.03410000
0.04330000	0.03340000
0.03960000	0.03280000
0.03830000	0.03220000
0.03590000	0.03160000
0.03590000	0.03100000
0.03460000	0.03040000
0.03460000	0.02980000
0.03460000	0.02920000
0.03460000	0.02870000
0.03340000	0.02810000
0.03340000	0.02760000
0.03340000	0.02710000
0.03340000	0.02660000
0.03340000	0.02610000
0.03340000	0.02560000
0.03460000	0.02510000
0.04700000	0.10430000
0.05320000	0.03270000
0.06180000	0.02370000
0.06060000	0.02320000
0.05690000	0.02300000
0.05690000	0.05080000
0.06430000	0.05820000
0.06930000	0.02150000
0.11750000	0.22490000
0.28080000	0.20970000
0.30800000	0.11700000
0.39460000	0.05770000
0.29810000	0.01950000
0.21280000	0.01920000
0.16450000	0.02100000
0.13850000	0.01840000
0.14100000	0.10510000
0.15340000	0.03360000
0.17190000	0.01740000
0.15210000	0.01710000
0.13480000	0.01680000
0.12250000	0.01640000
0.11500000	0.01610000
0.10760000	0.01580000
0.10020000	0.01550000
0.09770000	0.01520000
0.09520000	0.01490000
0.09150000	0.01470000
0.09030000	0.07580000
0.10270000	0.07770000
0.10890000	0.04980000
0.11380000	0.01360000
0.11380000	0.01330000
0.10760000	0.01310000
0.10270000	0.01280000
0.11010000	0.07880000
0.14600000	0.04950000
0.19420000	0.08410000
0.62840000	0.14520000
0.79410000	0.20130000
0.48980000	0.35510000
0.34510000	0.29200000
0.27460000	0.24420000
0.23500000	0.20790000
0.21400000	0.20210000
0.31540000	0.34630000
0.58880000	0.97190000
0.57390000	1.12100000
0.50590000	1.09040000
0.61480000	1.39180000
1.63280000	1.96860000
1.16150000	4.64620000
1.94200000	4.47190000
1.57090000	3.45740000
1.38540000	6.33110000
1.52140000	6.18730000
1.38540000	9.99600000
9.88320000	19.13400000
7.01350000	10.42680000
3.20370000	7.00900000
1.94200000	6.12630000
1.60800000	5.34790000
1.62040000	6.35330000
1.91730000	6.50830000
2.26360000	5.71420000
4.27990000	8.33200000
5.46730000	7.56340000
5.90030000	8.53750000
4.71280000	6.40020000
3.47580000	5.83110000
2.78310000	5.21500000
2.39970000	4.75320000
1.97910000	4.35500000
1.69460000	4.27280000
1.49670000	3.98990000
1.36060000	3.76280000
1.24930000	3.57780000
1.13300000	3.42470000
