2.02010000	0.50020000
1.88080000	0.57870000
1.76470000	0.55890000
1.69500000	0.53950000
1.60210000	0.52320000
1.53250000	0.50920000
1.48600000	0.49690000
1.46280000	0.49150000
1.39320000	0.47910000
1.34670000	0.46710000
1.32350000	0.45850000
1.32350000	0.47440000
1.34670000	0.47570000
1.30030000	0.45610000
1.23060000	0.42950000
1.18420000	0.42190000
1.16100000	0.41530000
1.11450000	0.40890000
1.09130000	0.40260000
1.09130000	0.40870000
1.18420000	0.42340000
1.13780000	0.38590000
1.04490000	0.50280000
0.99840000	0.47420000
1.09130000	0.48100000
1.09130000	0.63040000
1.02170000	0.84010000
0.95200000	0.85010000
0.95200000	0.74140000
0.92880000	0.65380000
0.97520000	0.64210000
1.55570000	2.01730000
3.20430000	3.59660000
2.87920000	4.54980000
3.43650000	5.44460000
2.90240000	5.92640000
3.99370000	8.56940000
18.69160000	16.13010000
28.55990000	18.07770000
19.27210000	13.16350000
12.07410000	10.43910000
8.47510000	8.60120000
6.50140000	7.33870000
5.36370000	6.00420000
4.62070000	4.98050000
4.04020000	4.20530000
3.64540000	3.61680000
3.52940000	3.18870000
3.59900000	3.66210000
4.99220000	6.66000000
4.73680000	6.22520000
19.03990000	13.61410000
19.80620000	9.62310000
11.79550000	7.50320000
8.35900000	6.15590000
6.73360000	5.16310000
5.64230000	4.37470000
8.59120000	8.50870000
8.12680000	12.62760000
8.12680000	13.55810000
7.66240000	8.79020000
7.19800000	7.59240000
6.61750000	6.36690000
6.19960000	5.33940000
5.41010000	4.55700000
4.78320000	3.96200000
4.27240000	3.50750000
3.85440000	3.15860000
3.59900000	2.88200000
3.36680000	2.64850000
6.43180000	2.56010000
8.68410000	6.14780000
10.21650000	7.29500000
10.37910000	6.17470000
12.63140000	10.27010000
22.63890000	14.02130000
18.22720000	10.33640000
14.11740000	7.74120000
10.95960000	6.69790000
8.75370000	5.94280000
7.98750000	5.19840000
7.70880000	5.07880000
20.66530000	15.15520000
22.29060000	16.19810000
16.99660000	16.92100000
39.70520000	28.74840000
48.99300000	40.18960000
30.88180000	36.51200000
19.38820000	22.97620000
14.48890000	16.28520000
13.93170000	18.87990000
12.16700000	19.68300000
10.30940000	13.90220000
8.75370000	8.87410000
7.49990000	7.61210000
6.54790000	6.57740000
5.82810000	5.72880000
5.31720000	5.05200000
4.87610000	4.52030000
4.52780000	4.15440000
4.20270000	3.82270000
3.92410000	3.52580000
3.66870000	3.26650000
3.48290000	3.10820000
3.29720000	3.02040000
3.13460000	2.96080000
2.97210000	2.85170000
2.83280000	2.73070000
2.73990000	2.61730000
2.71670000	2.56740000
2.57740000	2.91650000
2.46130000	3.18650000
2.46130000	3.26380000
2.43800000	3.81110000
2.46130000	4.82750000
2.71670000	7.04430000
2.55410000	6.04340000
2.53090000	5.45650000
2.43800000	4.68530000
2.41480000	4.05790000
2.43800000	3.60720000
2.34520000	3.57060000
2.27550000	3.56090000
2.18260000	3.36180000
2.13620000	3.04070000
2.06650000	2.78560000
1.99690000	2.58680000
1.97370000	2.43020000
1.90400000	2.30540000
1.85760000	2.20450000
1.83430000	2.12170000
1.81110000	2.05260000
1.60210000	1.99390000
1.97370000	1.94300000
14.95330000	1.89820000
15.60350000	1.92240000
19.15600000	6.77470000
25.77360000	12.89590000
47.59980000	22.88340000
41.79500000	25.78340000
29.72090000	24.61570000
26.93450000	26.23820000
19.38820000	22.89570000
14.02450000	16.13500000
10.79700000	11.04830000
8.89300000	8.61060000
8.26610000	9.11620000
7.84820000	10.69780000
6.78010000	8.24120000
6.15310000	6.81160000
5.59590000	5.89080000
5.17790000	5.16870000
4.78320000	4.62630000
4.66710000	4.43510000
4.52780000	4.40110000
4.20270000	4.25720000
3.92410000	3.87200000
3.73830000	3.49110000
3.55260000	3.19470000
3.36680000	2.96710000
3.22750000	2.78750000
3.13460000	2.82240000
3.04170000	3.06170000
2.97210000	3.00980000
2.92560000	2.79180000
2.92560000	2.63270000
3.22750000	2.71290000
2.97210000	3.33800000
2.83280000	3.53750000
2.73990000	3.33080000
2.64700000	3.01210000
2.57740000	2.76950000
2.64700000	2.86150000
2.64700000	3.40440000
2.57740000	4.14320000
2.71670000	4.75820000
2.67020000	5.20890000
2.60060000	4.91650000
2.55410000	4.55530000
2.85600000	7.63250000
3.43650000	11.87450000
4.76000000	14.48610000
4.64390000	12.26340000
4.29560000	10.16020000
4.50460000	7.81850000
4.27240000	6.96420000
4.57420000	9.94020000
4.43490000	7.37470000
4.41170000	7.92700000
5.50300000	12.79590000
5.85130000	9.98630000
5.01540000	7.31730000
4.85290000	6.20660000
4.43490000	5.24900000
4.06340000	4.51560000
3.97050000	3.96250000
4.27240000	3.58880000
5.61910000	5.36680000
6.10670000	5.98420000
6.43180000	6.28270000
7.77850000	6.78220000
9.61280000	8.83710000
9.47350000	9.85670000
17.92540000	14.87420000
21.17610000	15.75840000
19.73650000	17.26870000
13.93170000	12.53740000
10.56480000	8.52520000
8.91630000	7.19750000
17.78610000	11.96950000
21.26900000	13.19790000
19.50430000	8.81830000
16.06780000	7.64380000
12.46880000	8.13520000
10.03080000	6.98790000
8.61440000	6.60370000
7.43020000	6.39140000
6.73360000	5.70470000
6.66400000	6.34750000
6.12990000	5.77790000
5.99060000	5.46900000
5.78160000	5.04770000
6.12990000	6.99470000
5.61910000	5.76040000
5.47980000	5.27160000
6.22280000	4.59870000
6.54790000	4.03480000
5.85130000	3.59210000
5.41010000	3.74220000
5.47980000	3.45630000
6.61750000	3.20200000
6.47820000	4.59150000
6.80330000	4.70650000
6.36210000	4.57600000
6.03700000	4.30030000
6.45500000	3.81470000
7.98750000	3.76060000
6.84970000	4.12330000
6.01380000	4.22010000
5.59590000	3.71870000
5.43330000	3.31150000
5.27080000	3.01850000
5.03860000	2.78470000
4.50460000	2.56720000
4.20270000	2.42030000
4.22590000	2.32880000
4.99220000	2.27400000
4.87610000	2.16970000
6.94260000	4.34050000
6.01380000	4.52070000
6.78010000	4.45830000
12.91000000	9.93590000
11.49360000	9.00720000
9.42710000	7.03140000
7.98750000	6.21790000
7.31410000	5.65140000
6.40860000	5.35920000
5.75840000	5.02880000
5.64230000	4.37910000
5.71200000	5.11940000
6.36210000	6.92280000
11.63290000	9.16550000
10.95960000	7.87580000
10.23980000	6.80910000
10.84350000	6.77770000
10.95960000	6.23100000
9.35740000	5.72830000
7.87140000	5.13650000
6.75690000	4.40520000
5.89770000	3.83740000
5.27080000	3.40350000
4.76000000	3.07020000
4.48130000	2.82890000
4.43490000	2.64840000
3.87760000	2.45480000
3.57580000	2.32720000
3.34360000	2.22530000
3.18110000	2.15040000
3.04170000	2.10200000
3.29720000	2.07360000
2.97210000	1.96370000
2.76310000	1.91590000
2.67020000	1.88440000
2.55410000	1.85240000
2.46130000	1.80440000
3.01850000	1.84810000
2.92560000	1.79840000
2.57740000	1.71470000
2.43800000	1.68470000
2.34520000	1.65780000
2.25230000	1.63170000
2.22910000	1.60880000
2.15940000	1.59240000
2.13620000	1.56600000
2.08970000	1.53400000
2.02010000	1.51030000
1.99690000	1.49160000
1.92720000	1.46520000
1.83430000	1.44290000
1.76470000	1.42120000
1.74150000	1.39980000
1.74150000	1.37870000
1.71820000	1.35800000
1.62540000	1.33760000
1.57890000	1.31750000
1.55570000	1.29780000
1.53250000	1.27830000
1.48600000	1.25920000
1.43960000	1.24020000
1.39320000	1.22160000
1.34670000	1.20330000
1.30030000	1.18520000
1.25380000	1.16740000
1.23060000	1.14990000
1.20740000	1.13270000
1.18420000	1.11570000
1.16100000	1.09890000
1.13780000	1.08250000
1.13780000	1.06620000
1.11450000	1.05020000
1.09130000	1.03450000
1.06810000	1.01900000
1.04490000	1.00370000
1.06810000	1.00110000
1.06810000	0.97430000
1.02170000	0.95920000
0.99840000	0.94480000
0.97520000	0.93060000
0.97520000	0.91670000
0.97520000	0.90290000
0.95200000	0.88940000
0.92880000	0.87600000
0.95200000	0.86400000
1.36990000	0.91850000
1.13780000	0.90240000
2.13620000	0.94570000
1.69500000	0.85940000
1.32350000	0.80180000
1.18420000	0.78810000
1.11450000	0.77630000
1.04490000	0.76460000
0.97520000	0.75320000
0.95200000	0.74190000
0.95200000	0.74030000
0.95200000	0.74570000
0.92880000	0.71000000
0.90560000	0.69830000
0.88230000	0.68790000
0.88230000	0.67750000
0.83590000	0.66740000
0.81270000	0.65740000
0.81270000	0.64750000
0.81270000	0.63780000
1.11450000	0.70110000
1.06810000	0.69580000
1.46280000	0.67030000
1.55570000	0.65050000
1.39320000	0.61540000
1.20740000	0.61280000
1.23060000	0.59500000
1.16100000	0.58090000
1.34670000	0.59920000
2.04330000	0.60740000
1.90400000	0.59300000
1.71820000	0.54370000
1.69500000	1.12750000
5.06180000	3.53450000
4.08660000	4.64940000
3.64540000	4.21250000
3.57580000	4.66450000
11.65620000	8.41750000
9.52000000	7.77970000
7.63920000	7.29040000
8.26610000	8.08500000
6.64080000	6.97220000
5.52620000	6.16380000
4.71350000	5.34760000
4.13310000	4.75620000
3.66870000	3.98100000
3.32040000	3.38000000
3.04170000	2.92340000
2.80960000	2.57510000
2.60060000	2.30810000
2.46130000	2.10220000
2.32190000	1.94220000
2.18260000	1.81680000
2.06650000	1.71730000
1.99690000	1.63730000
1.90400000	1.57210000
1.85760000	1.51810000
1.88080000	1.49680000
2.04330000	1.48190000
2.08970000	1.67290000
2.08970000	2.76840000
2.20580000	3.74470000
2.64700000	4.69730000
2.36840000	4.81130000
2.18260000	4.40500000
2.13620000	3.71150000
2.06650000	3.16690000
1.97370000	2.75050000
1.88080000	2.69330000
1.83430000	2.39540000
1.76470000	2.15570000
1.71820000	1.97060000
1.67180000	1.82640000
1.81110000	1.75020000
2.41480000	2.70330000
2.04330000	4.03890000
2.25230000	4.32040000
2.29870000	4.41410000
2.53090000	4.42030000
2.57740000	4.36470000
3.73830000	5.01570000
3.59900000	5.27430000
3.39000000	4.90120000
3.99370000	4.75860000
5.27080000	7.30610000
5.24760000	6.80050000
4.71350000	6.19600000
4.20270000	5.39750000
3.80800000	4.52160000
3.45970000	3.84710000
3.15780000	3.33440000
2.99530000	2.94320000
3.11140000	2.64310000
4.55100000	5.02000000
20.20090000	14.54100000
13.04930000	9.59520000
8.86980000	7.81520000
15.74280000	12.71980000
17.99510000	16.22680000
12.79390000	12.50810000
9.52000000	8.49880000
7.73210000	7.39230000
6.84970000	7.81160000
5.75840000	6.94220000
5.10830000	6.19860000
4.64390000	5.32310000
4.34200000	4.60340000
4.20270000	4.47160000
3.92410000	4.39910000
3.66870000	4.06420000
3.50610000	3.60650000
5.08510000	3.58960000
5.08510000	4.55440000
4.31880000	4.50470000
3.90090000	4.12970000
3.59900000	3.67860000
3.62220000	3.27680000
3.87760000	2.96560000
3.66870000	2.72460000
3.45970000	2.53640000
3.29720000	2.38780000
3.04170000	2.26910000
2.90240000	2.17290000
2.80960000	2.09370000
2.69350000	2.02730000
2.57740000	1.97070000
2.53090000	1.92150000
2.43800000	1.87790000
2.34520000	1.83870000
2.08970000	1.80280000
2.25230000	1.76960000
2.43800000	1.73840000
2.41480000	1.70880000
2.29870000	1.68050000
3.29720000	1.65340000
3.13460000	1.62710000
3.43650000	1.63200000
6.75690000	2.41300000
9.82180000	3.63010000
10.03080000	3.69000000
11.05240000	3.48530000
8.05710000	3.09430000
6.22280000	2.71680000
5.22440000	2.42490000
4.55100000	2.20010000
4.15630000	2.02580000
26.70230000	8.18900000
52.47590000	13.47980000
21.47800000	12.72160000
15.13910000	10.98640000
11.05240000	8.62640000
8.68410000	7.52610000
7.98750000	6.45860000
10.14690000	5.45370000
9.98440000	5.58310000
8.54470000	5.32760000
9.03240000	4.90280000
8.40540000	5.18070000
7.01230000	5.01030000
5.92100000	4.58180000
5.17790000	4.01280000
4.62070000	3.50850000
4.20270000	3.12030000
3.78480000	2.82180000
3.48290000	2.59080000
3.36680000	2.41030000
3.22750000	2.26800000
9.98440000	4.96750000
50.15400000	18.97170000
40.63400000	23.97390000
32.50720000	24.24790000
31.34620000	23.66830000
24.61260000	16.86150000
22.98720000	18.46060000
37.15110000	26.89580000
32.04280000	24.19640000
18.80770000	14.87870000
13.46730000	9.66470000
10.40230000	8.13000000
8.61440000	6.76110000
7.36060000	5.86880000
6.43180000	5.67230000
5.73520000	5.38140000
6.26920000	6.67090000
5.82810000	8.70920000
5.73520000	7.91060000
5.73520000	7.77440000
5.41010000	6.63260000
4.99220000	5.82740000
4.66710000	5.21190000
4.57420000	5.72460000
17.53070000	14.50300000
19.62040000	16.99720000
16.25360000	17.16310000
12.91000000	13.27100000
10.79700000	8.34800000
8.89300000	7.30490000
7.29090000	6.15880000
6.31570000	5.24700000
5.50300000	4.55280000
4.89930000	4.02280000
4.52780000	3.61630000
4.15630000	3.30240000
3.92410000	3.05810000
3.73830000	2.87210000
3.71510000	2.72900000
3.83120000	2.61020000
3.92410000	2.51690000
4.27240000	2.46970000
4.27240000	4.87870000
4.24920000	5.39690000
3.92410000	4.87920000
3.71510000	4.45570000
3.52940000	3.89020000
3.27390000	3.44800000
3.13460000	3.10840000
3.06500000	2.84590000
3.08820000	2.64130000
2.97210000	2.48020000
2.83280000	2.36450000
2.71670000	2.27320000
2.62380000	2.21660000
2.57740000	2.45680000
2.73990000	3.34050000
4.04020000	6.07590000
6.38530000	8.19570000
6.50140000	8.22250000
5.96740000	6.74570000
5.50300000	5.92360000
5.03860000	5.10660000
4.87610000	4.34780000
4.52780000	3.76570000
4.10980000	3.32160000
3.90090000	2.98650000
3.97050000	2.77080000
4.69030000	3.33150000
5.96740000	6.69030000
6.26920000	6.27150000
5.82810000	6.06230000
5.82810000	5.72430000
6.26920000	6.27950000
8.19650000	9.51100000
7.98750000	9.67990000
7.08190000	8.28390000
7.01230000	7.78580000
7.56950000	8.85730000
8.40540000	10.95480000
8.05710000	10.39920000
7.49990000	7.67350000
7.43020000	7.94820000
9.17170000	10.48820000
10.63450000	12.98140000
9.40390000	13.38040000
8.68410000	10.91710000
8.89300000	9.72510000
9.56640000	11.06130000
9.33420000	11.37430000
9.82180000	10.77120000
11.02920000	10.74890000
13.00290000	11.39490000
14.58180000	15.00130000
12.72420000	16.06750000
10.70420000	14.84620000
10.37910000	13.28130000
12.07410000	13.72650000
14.39600000	13.93160000
12.16700000	12.50680000
12.16700000	12.33330000
15.23190000	13.63900000
14.02450000	13.78270000
10.79700000	12.30160000
9.10200000	11.57660000
9.17170000	11.42270000
9.82180000	11.50880000
11.12210000	11.77740000
11.12210000	11.33820000
9.56640000	8.66580000
8.40540000	7.83450000
7.77850000	8.32250000
7.77850000	8.69780000
7.70880000	7.40700000
7.29090000	6.28660000
7.43020000	5.85320000
8.33580000	5.85190000
10.14690000	5.88820000
11.88830000	6.03260000
12.53850000	6.09040000
10.70420000	5.90310000
9.49670000	5.60820000
9.33420000	5.14140000
10.05400000	4.75560000
11.12210000	4.39940000
12.63140000	4.17370000
12.35270000	4.06140000
11.79550000	3.94240000
10.37910000	3.82730000
8.82340000	3.56830000
8.05710000	3.25090000
7.77850000	3.00300000
7.84820000	2.81800000
7.08190000	2.66260000
6.50140000	2.91320000
5.59590000	3.41750000
4.99220000	3.51970000
5.03860000	3.46650000
4.66710000	3.74410000
4.31880000	4.21150000
5.92100000	6.87010000
5.03860000	6.02140000
4.36530000	5.50020000
3.97050000	4.81460000
3.90090000	4.15440000
3.59900000	3.62770000
3.45970000	3.41410000
3.34360000	3.07610000
3.22750000	2.80760000
3.13460000	2.59870000
2.99530000	2.49530000
3.83120000	2.40790000
4.36530000	3.32070000
4.31880000	4.06170000
3.78480000	4.10850000
3.41330000	3.92290000
3.13460000	3.43540000
2.92560000	3.04870000
2.76310000	2.77170000
2.55410000	2.52260000
2.32190000	2.34260000
2.20580000	2.20140000
2.08970000	2.08880000
1.99690000	1.99780000
1.92720000	1.92310000
1.85760000	1.86070000
1.81110000	1.81260000
1.76470000	1.78900000
1.67180000	1.74150000
1.64860000	1.71040000
1.67180000	1.66820000
1.60210000	1.65750000
1.48600000	1.59340000
1.41640000	1.56470000
1.34670000	1.53870000
1.30030000	1.51370000
1.27710000	1.48960000
1.27710000	1.48110000
1.27710000	1.46090000
1.25380000	1.43510000
1.27710000	1.42400000
1.62540000	1.44550000
1.50930000	1.36200000
1.27710000	1.33670000
1.20740000	1.31640000
1.16100000	1.29650000
1.11450000	1.27700000
1.09130000	1.25780000
1.06810000	1.24860000
1.04490000	1.22070000
1.02170000	1.20190000
0.97520000	1.18390000
0.95200000	1.16610000
0.92880000	1.14860000
0.90560000	1.13140000
0.90560000	1.11440000
0.90560000	1.09770000
0.90560000	1.08120000
1.09130000	1.11230000
0.95200000	1.06120000
0.90560000	1.03370000
0.85910000	1.01780000
0.97520000	1.05820000
1.11450000	1.03240000
1.02170000	0.98350000
0.90560000	0.95840000
0.83590000	0.94370000
0.81270000	0.92950000
1.34670000	1.05940000
1.69500000	0.99540000
3.27390000	1.63260000
11.12210000	3.52240000
5.17790000	4.22130000
3.83120000	3.80860000
3.08820000	3.30850000
2.71670000	2.77000000
2.41480000	2.35540000
2.18260000	2.04030000
2.04330000	1.80690000
2.02010000	1.63890000
1.83430000	1.47430000
1.69500000	1.36270000
1.57890000	1.27590000
1.57890000	1.22910000
1.62540000	1.17160000
1.55570000	1.12200000
1.43960000	1.09480000
2.27550000	1.28720000
2.27550000	2.38310000
1.88080000	2.66170000
1.67180000	2.57510000
1.74150000	2.25160000
2.02010000	2.77790000
1.81110000	3.02550000
1.69500000	2.91410000
1.99690000	2.73620000
3.29720000	4.03580000
3.50610000	4.88340000
3.73830000	4.84650000
3.59900000	4.39910000
3.27390000	3.92450000
2.97210000	3.29760000
2.67020000	2.81130000
2.46130000	2.44160000
2.29870000	2.15930000
2.29870000	2.00470000
2.64700000	2.80250000
2.29870000	3.61950000
2.13620000	3.52520000
1.99690000	3.00830000
1.95040000	2.64690000
2.41480000	3.45160000
2.57740000	4.21540000
2.39160000	3.95450000
2.27550000	3.75240000
2.83280000	4.59160000
3.15780000	5.12250000
3.97050000	7.55430000
8.05710000	9.96310000
6.12990000	7.70540000
5.45660000	6.78810000
6.29250000	6.72930000
5.50300000	6.27080000
4.92250000	5.59410000
5.22440000	5.73860000
7.63920000	10.90800000
10.63450000	12.55770000
8.33580000	8.42680000
6.50140000	7.18360000
5.31720000	5.93660000
4.57420000	4.97700000
3.99370000	4.24970000
3.62220000	3.69630000
3.27390000	3.27360000
2.92560000	2.94910000
2.76310000	2.69830000
2.87920000	2.50290000
5.50300000	4.07340000
6.73360000	6.74710000
6.57110000	9.60230000
6.33890000	7.06030000
5.36370000	6.27390000
4.66710000	5.35030000
4.08660000	4.54530000
3.66870000	3.91720000
3.34360000	3.43800000
3.06500000	3.07100000
2.92560000	2.78850000
2.97210000	2.56920000
2.90240000	2.41000000
2.90240000	2.39280000
2.97210000	3.18590000
3.20430000	4.01300000
27.39890000	19.67690000
30.41740000	22.56350000
15.04620000	13.36720000
10.14690000	9.33810000
7.56950000	7.76710000
6.12990000	6.45620000
5.17790000	5.40520000
4.52780000	4.60640000
4.08660000	3.99900000
3.80800000	3.53530000
3.73830000	3.17950000
3.69190000	2.90470000
4.20270000	2.69080000
6.29250000	2.56630000
5.80490000	4.46780000
5.17790000	4.59860000
4.73680000	4.46390000
4.27240000	4.11450000
3.97050000	3.64360000
3.59900000	3.23230000
3.29720000	2.91460000
2.99530000	2.66900000
2.87920000	2.47760000
2.73990000	2.32690000
2.55410000	2.20680000
2.50770000	2.10980000
2.39160000	2.01220000
2.25230000	1.96390000
1.95040000	1.90750000
1.99690000	1.85870000
2.02010000	1.81560000
2.15940000	1.77700000
3.55260000	6.16390000
24.14820000	19.94470000
21.75660000	28.34670000
38.77640000	36.30370000
44.34910000	37.85410000
22.24420000	25.58750000
31.57840000	19.30100000
24.14820000	16.73420000
16.11430000	12.86900000
12.35270000	9.98670000
9.65930000	7.93170000
8.12680000	6.99060000
6.87290000	6.23780000
6.06030000	6.08700000
5.31720000	5.95600000
5.27080000	6.81730000
4.96900000	6.02470000
4.48130000	5.43330000
4.20270000	4.92300000
4.24920000	4.37280000
4.08660000	5.34650000
4.15630000	5.97190000
4.45810000	7.68140000
5.22440000	10.16660000
5.03860000	8.53130000
4.57420000	6.44620000
4.20270000	5.68810000
3.85440000	4.92020000
3.59900000	4.40810000
3.36680000	4.04400000
3.15780000	3.68250000
2.97210000	3.36570000
2.83280000	3.08460000
2.73990000	2.86440000
2.73990000	2.69080000
2.53090000	2.55240000
2.50770000	2.44060000
2.57740000	2.40810000
3.06500000	4.68120000
3.20430000	6.30300000
3.59900000	7.65970000
3.80800000	8.31070000
3.78480000	7.80940000
4.24920000	10.51810000
6.61750000	13.59840000
8.54470000	13.49540000
7.31410000	11.65180000
6.98900000	11.11170000
6.29250000	9.97860000
6.45500000	9.40470000
8.12680000	11.79890000
10.47200000	15.76720000
9.58960000	13.41020000
8.12680000	10.46430000
6.80330000	8.23040000
5.85130000	6.83070000
5.31720000	5.95040000
5.01540000	5.17350000
4.82960000	4.88660000
4.73680000	4.74280000
4.69030000	4.73950000
4.69030000	7.37220000
5.17790000	8.92550000
7.84820000	15.63300000
16.50900000	21.89610000
16.62510000	21.34810000
13.46730000	15.43090000
10.79700000	11.74800000
9.12520000	9.51720000
7.77850000	9.63540000
6.80330000	7.99050000
6.01380000	6.66170000
5.36370000	6.03100000
4.96900000	5.32610000
4.57420000	4.72860000
4.24920000	4.30130000
4.04020000	4.03560000
4.04020000	5.29860000
3.99370000	6.25560000
3.80800000	5.46560000
3.73830000	5.17480000
3.62220000	5.16860000
3.50610000	6.26150000
3.50610000	10.95690000
9.12520000	21.91720000
11.37750000	22.63180000
9.28780000	15.66120000
7.77850000	13.50880000
7.45340000	10.22600000
6.68720000	7.95370000
5.92100000	6.80790000
5.45660000	6.49960000
5.08510000	6.20970000
5.01540000	5.75840000
4.69030000	5.71730000
4.52780000	5.45180000
4.24920000	5.13060000
4.04020000	4.89170000
3.73830000	4.29030000
3.50610000	3.82960000
3.29720000	3.48090000
3.22750000	3.27280000
3.27390000	4.35250000
3.43650000	5.15820000
4.13310000	6.06350000
5.17790000	6.92410000
6.45500000	8.62640000
7.05870000	9.61070000
6.45500000	8.58260000
6.17640000	8.36090000
7.12840000	9.72660000
6.12990000	7.46810000
5.50300000	6.95710000
4.92250000	6.76130000
4.66710000	6.37410000
4.92250000	7.34730000
5.17790000	7.36830000
6.06030000	7.63930000
6.45500000	8.01270000
6.61750000	8.02290000
6.17640000	6.76520000
6.68720000	10.27020000
8.19650000	11.86010000
8.12680000	10.69580000
7.24450000	9.45450000
6.45500000	8.90680000
5.71200000	7.25170000
5.31720000	6.28720000
5.13150000	5.66570000
5.13150000	4.92170000
5.45660000	5.69980000
5.92100000	8.10640000
5.31720000	6.30540000
5.03860000	5.64160000
5.54940000	4.82750000
5.71200000	4.89280000
6.38530000	4.29150000
8.19650000	3.79840000
7.98750000	3.42150000
8.61440000	3.13070000
8.75370000	2.90270000
8.93950000	2.71910000
8.19650000	2.57250000
7.70880000	2.45280000
9.35740000	2.35110000
10.14690000	2.27260000
8.75370000	2.20630000
6.50140000	2.17120000
5.66550000	2.12290000
5.22440000	2.05820000
4.78320000	2.01770000
4.20270000	1.97510000
3.87760000	1.93950000
3.69190000	1.90610000
3.80800000	1.87430000
3.99370000	1.84380000
3.78480000	1.85970000
4.52780000	1.88580000
4.20270000	1.80290000
3.66870000	1.75210000
3.27390000	1.70510000
3.20430000	1.70950000
3.59900000	1.69490000
3.13460000	1.63280000
3.20430000	1.69750000
4.08660000	2.56240000
4.27240000	3.83240000
4.92250000	4.81330000
4.52780000	4.76230000
4.15630000	4.40230000
3.97050000	3.75280000
3.69190000	3.22930000
3.34360000	3.03110000
3.43650000	2.98270000
3.15780000	2.63780000
2.97210000	2.40920000
2.87920000	2.23430000
2.87920000	2.06770000
3.13460000	2.17110000
3.69190000	3.31050000
3.41330000	3.71730000
3.20430000	3.63990000
3.04170000	3.14590000
2.92560000	2.75210000
2.83280000	2.46460000
2.64700000	2.24580000
2.57740000	2.04100000
2.41480000	1.89930000
2.27550000	1.86930000
2.90240000	2.27090000
7.19800000	6.72670000
11.28460000	14.72720000
23.68380000	14.72950000
14.27990000	9.43380000
9.91470000	10.71170000
7.52310000	8.38430000
6.06030000	7.20390000
5.45660000	5.97800000
4.69030000	4.96480000
4.08660000	4.22470000
3.69190000	3.66330000
3.41330000	3.25540000
3.43650000	2.96670000
3.36680000	2.70730000
3.13460000	2.61990000
3.04170000	2.73240000
2.80960000	2.71830000
2.62380000	2.50030000
2.50770000	2.32180000
2.39160000	2.18130000
2.27550000	2.06930000
2.18260000	1.97870000
2.06650000	1.90450000
1.95040000	1.84240000
1.88080000	1.78970000
1.83430000	1.74400000
1.76470000	1.70380000
1.71820000	1.66760000
1.69500000	1.64930000
1.92720000	1.64400000
1.81110000	1.57730000
1.57890000	1.54870000
1.43960000	1.52290000
1.36990000	1.49820000
1.32350000	1.47430000
1.30030000	1.45120000
1.27710000	1.42860000
1.23060000	1.40660000
1.20740000	1.38500000
1.18420000	1.36390000
1.13780000	1.34320000
1.13780000	1.32290000
1.13780000	1.30290000
1.09130000	1.28320000
1.06810000	1.26390000
1.06810000	1.26500000
1.18420000	1.25860000
1.13780000	1.26330000
1.50930000	1.22530000
1.18420000	1.22380000
1.92720000	1.29820000
2.39160000	1.20320000
1.81110000	1.12240000
1.57890000	1.11730000
1.41640000	1.08700000
1.36990000	1.07890000
1.43960000	1.09690000
1.32350000	1.08470000
1.88080000	1.07910000
3.80800000	3.24770000
6.91940000	5.74540000
4.66710000	5.60600000
3.78480000	5.00620000
3.29720000	4.11480000
2.92560000	3.42370000
2.73990000	2.92770000
2.53090000	2.52290000
2.92560000	2.42090000
2.73990000	2.76710000
2.39160000	2.82850000
2.20580000	2.52950000
2.13620000	2.22480000
1.99690000	1.98890000
1.90400000	1.80720000
1.83430000	1.66610000
1.76470000	1.55570000
1.85760000	1.48110000
1.69500000	1.39870000
1.62540000	1.34110000
1.55570000	1.29400000
1.50930000	1.25430000
1.41640000	1.22030000
1.41640000	1.23780000
1.83430000	1.21940000
1.48600000	1.14250000
1.43960000	1.11830000
1.36990000	1.09800000
1.32350000	1.07880000
1.30030000	1.06060000
1.27710000	1.04310000
1.25380000	1.02640000
1.23060000	1.01010000
1.20740000	0.99810000
1.23060000	0.99700000
1.18420000	0.96460000
1.16100000	0.97050000
1.23060000	0.96900000
1.18420000	0.92190000
1.16100000	1.08470000
1.20740000	1.64800000
1.16100000	2.79010000
2.20580000	4.20650000
1.71820000	4.45550000
1.55570000	4.02860000
1.48600000	3.33300000
1.46280000	2.79230000
1.41640000	2.38240000
1.39320000	2.07070000
1.36990000	1.83260000
1.43960000	1.70910000
1.53250000	2.53390000
1.46280000	3.82510000
1.74150000	9.14800000
11.60970000	17.96020000
15.90530000	19.24600000
11.84190000	16.66170000
13.11900000	17.79310000
11.91160000	16.71690000
10.21650000	12.20350000
8.40540000	10.71360000
7.45340000	10.08460000
6.98900000	8.17490000
6.50140000	8.86130000
6.50140000	17.11120000
10.54160000	21.07480000
16.62510000	21.15520000
19.96870000	21.79990000
18.83100000	21.96680000
19.62040000	19.27040000
14.74430000	19.76540000
13.00290000	13.99130000
9.75220000	9.02680000
7.70880000	7.46600000
6.45500000	6.25950000
6.87290000	6.69620000
6.22280000	9.01580000
5.66550000	11.41050000
7.05870000	13.04850000
7.52310000	11.69280000
6.80330000	8.35910000
6.01380000	6.75260000
5.36370000	5.81990000
4.87610000	5.02150000
4.45810000	4.39120000
3.99370000	3.90830000
3.69190000	3.53700000
3.43650000	3.24940000
3.20430000	3.02470000
3.20430000	2.84740000
3.34360000	2.70580000
3.66870000	2.59100000
3.55260000	2.49650000
3.34360000	2.41730000
5.08510000	2.62400000
7.91780000	5.38440000
7.12840000	5.05310000
5.80490000	4.91070000
4.82960000	4.50820000
3.94730000	4.00760000
3.25070000	3.54720000
3.01850000	3.18470000
2.43800000	2.90470000
2.08970000	2.68690000
1.74150000	2.51590000
1.57890000	2.38020000
1.67180000	2.25790000
1.76470000	2.19650000
1.85760000	2.13620000
1.69500000	2.07990000
1.62540000	2.02350000
3.13460000	1.97050000
2.78630000	1.92230000
2.67020000	1.87940000
4.15630000	6.57190000
22.01200000	19.74700000
45.51010000	27.40350000
35.52570000	25.47420000
22.24420000	18.56260000
18.18080000	14.92220000
14.65150000	12.43050000
11.47040000	9.63570000
9.82180000	10.66270000
9.42710000	13.08370000
8.26610000	10.42550000
7.24450000	7.51160000
6.33890000	6.49370000
5.54940000	5.55520000
5.03860000	4.77190000
4.57420000	4.17390000
4.13310000	3.72460000
3.85440000	3.37020000
3.55260000	3.09530000
3.59900000	2.88060000
4.41170000	2.71120000
7.56950000	5.14960000
38.77640000	20.82560000
55.72660000	30.42720000
25.30920000	25.34040000
19.17920000	18.27280000
16.20720000	14.64500000
13.74590000	10.68700000
11.37750000	8.30960000
9.52000000	7.22930000
8.12680000	6.36730000
6.98900000	5.68130000
6.29250000	5.16830000
5.66550000	4.69570000
5.31720000	4.61470000
5.27080000	4.47790000
5.03860000	4.19110000
4.92250000	4.32120000
4.82960000	7.12490000
4.82960000	8.81530000
4.87610000	6.81300000
8.26610000	10.20340000
9.65930000	13.96970000
8.26610000	10.89140000
7.31410000	8.27120000
6.38530000	6.95210000
5.59590000	6.19680000
5.03860000	5.50150000
4.69030000	4.73920000
4.57420000	4.20380000
4.62070000	4.81670000
4.41170000	4.87750000
4.24920000	4.58230000
4.08660000	4.05580000
3.92410000	3.61340000
3.62220000	3.27180000
3.43650000	3.00720000
3.34360000	2.80300000
3.22750000	2.66020000
3.29720000	2.61760000
3.43650000	3.82000000
3.29720000	4.14730000
3.15780000	4.05640000
3.06500000	3.85420000
3.22750000	3.55060000
3.41330000	3.69430000
3.87760000	3.93550000
4.52780000	4.21380000
5.41010000	5.83680000
6.33890000	9.57270000
7.38380000	13.03880000
7.38380000	12.62120000
6.68720000	11.32500000
6.68720000	9.72390000
6.29250000	7.85880000
6.17640000	8.31020000
6.06030000	9.66420000
6.22280000	12.79330000
9.75220000	17.45270000
14.74430000	17.91640000
14.18710000	15.57860000
13.46730000	16.56200000
12.07410000	15.32820000
10.63450000	14.55250000
10.37910000	13.25180000
8.91630000	10.93700000
8.12680000	10.15200000
7.24450000	8.48800000
6.50140000	6.93050000
6.01380000	6.14030000
5.54940000	5.36910000
5.31720000	6.38450000
5.01540000	6.87530000
4.82960000	6.96070000
5.01540000	7.49030000
5.01540000	10.64400000
5.36370000	13.15160000
5.45660000	12.09760000
5.36370000	13.59330000
5.80490000	11.00710000
5.75840000	9.47120000
6.29250000	10.63740000
6.01380000	9.82530000
6.29250000	11.12210000
9.42710000	10.11440000
9.65930000	9.03910000
8.19650000	7.54210000
7.31410000	8.05890000
6.94260000	8.37750000
6.57110000	8.28230000
6.33890000	8.22190000
6.45500000	8.52920000
6.17640000	8.32300000
5.54940000	6.31840000
5.08510000	5.78390000
4.73680000	5.00260000
4.45810000	4.39540000
4.41170000	5.83480000
4.24920000	6.74030000
4.24920000	7.33740000
4.82960000	13.34790000
9.05560000	17.35380000
9.12520000	15.94510000
8.26610000	12.62390000
8.19650000	12.09830000
7.77850000	11.03510000
7.17480000	8.83420000
7.66240000	10.58650000
8.47510000	12.29120000
8.21970000	11.40230000
9.82180000	14.78020000
14.99970000	16.29780000
14.60500000	14.61300000
14.18710000	13.36250000
12.39920000	12.43320000
10.51840000	10.78490000
9.14850000	8.94040000
8.40540000	8.20060000
10.30940000	14.71650000
13.90840000	15.00340000
11.86510000	12.47810000
10.61130000	10.91400000
13.02610000	13.80900000
12.67780000	11.40660000
11.07570000	11.76140000
13.00290000	16.81540000
13.62980000	15.23050000
13.79230000	11.40190000
16.20720000	9.92590000
17.06630000	8.30000000
12.63140000	6.71970000
9.86830000	6.11010000
8.56800000	5.26480000
7.96430000	4.62380000
8.33580000	7.35780000
10.84350000	8.83160000
10.79700000	9.26490000
10.54160000	11.53680000
12.16700000	12.66840000
11.58650000	11.39450000
10.56480000	7.39750000
9.72890000	6.87680000
9.26450000	5.83630000
10.40230000	5.01560000
11.65620000	4.38790000
12.09730000	3.90490000
10.05400000	3.52600000
8.40540000	3.24050000
7.82490000	3.01900000
7.73210000	2.86450000
8.19650000	3.29320000
11.23820000	7.31480000
10.40230000	5.65010000
10.86670000	5.20000000
11.30790000	4.48890000
10.49520000	3.93010000
10.21650000	3.55240000
9.21810000	3.17550000
8.75370000	2.95770000
9.47350000	2.84260000
8.80020000	3.18930000
7.47670000	3.55540000
7.05870000	3.21260000
6.82650000	2.92210000
6.68720000	2.69650000
6.59430000	2.51980000
5.89770000	2.37970000
5.20120000	2.26740000
4.82960000	2.17580000
4.66710000	2.10010000
4.50460000	2.03620000
4.29560000	1.98140000
4.08660000	1.93350000
3.76150000	1.89090000
3.64540000	1.85230000
3.64540000	1.81680000
3.64540000	1.78380000
3.48290000	1.75270000
3.25070000	1.72320000
2.94890000	1.69490000
2.73990000	1.66770000
2.57740000	1.64130000
2.43800000	1.61570000
2.34520000	1.59060000
2.25230000	1.56620000
2.18260000	1.54230000
2.11300000	1.51880000
1.97370000	1.49580000
1.88080000	1.47320000
1.81110000	1.45090000
1.71820000	1.42910000
1.62540000	1.40760000
1.60210000	1.38640000
1.55570000	1.36560000
1.48600000	1.34500000
1.41640000	1.32480000
1.39320000	1.30500000
1.34670000	1.28540000
1.30030000	1.26620000
1.25380000	1.24710000
1.23060000	1.22830000
1.18420000	1.20990000
1.16100000	1.19180000
1.23060000	1.19650000
1.20740000	1.15720000
1.13780000	1.13890000
1.06810000	1.12190000
1.04490000	1.10500000
1.02170000	1.08850000
0.99840000	1.07210000
0.97520000	1.05600000
0.95200000	1.04020000
0.92880000	1.02460000
0.90560000	1.00920000
0.90560000	0.99410000
0.90560000	0.97920000
0.88230000	0.96450000
0.85910000	0.95000000
1.04490000	1.03550000
1.06810000	0.92590000
0.90560000	0.90790000
0.88230000	0.89430000
0.88230000	0.91800000
0.99840000	0.89490000
0.90560000	0.85570000
0.83590000	0.84180000
0.78950000	0.82920000
0.88230000	0.93730000
1.13780000	0.85250000
0.99840000	0.84080000
1.30030000	0.86890000
1.13780000	0.77500000
0.99840000	0.78930000
1.11450000	0.81730000
1.18420000	0.73810000
1.02170000	0.72380000
0.90560000	0.71290000
0.85910000	0.70220000
0.83590000	0.69170000
0.81270000	0.68130000
0.78950000	0.67110000
0.78950000	0.66100000
0.78950000	0.68320000
0.78950000	0.70860000
1.04490000	0.68110000
0.97520000	0.65270000
0.90560000	0.61410000
0.83590000	0.60370000
0.78950000	0.59460000
0.76620000	0.58570000
0.71980000	0.57690000
0.69660000	0.56830000
0.67340000	0.55980000
0.71980000	0.55140000
0.69660000	0.54310000
0.69660000	0.53490000
0.71980000	0.57660000
0.83590000	0.52110000
0.74300000	0.51120000
0.71980000	0.52140000
0.69660000	0.53640000
0.83590000	0.53450000
0.90560000	0.54950000
1.02170000	0.82780000
1.36990000	2.61910000
3.66870000	4.58990000
2.97210000	5.44700000
2.34520000	4.90160000
1.95040000	4.21900000
1.74150000	3.42560000
1.60210000	2.98820000
1.48600000	2.51490000
1.39320000	2.13640000
1.32350000	1.84820000
1.27710000	1.62840000
1.23060000	1.47510000
1.25380000	1.54820000
6.40860000	5.43820000
7.05870000	7.26750000
5.57270000	6.53850000
5.27080000	5.78710000
4.36530000	4.72020000
3.94730000	3.89410000
3.48290000	3.26920000
3.13460000	2.79530000
4.43490000	2.43480000
9.14850000	3.69080000
13.56010000	7.11050000
9.93790000	6.44480000
8.42870000	6.63090000
8.86980000	7.41130000
7.68560000	7.98630000
7.10510000	8.66010000
7.05870000	10.25490000
8.47510000	11.28440000
8.61440000	10.41430000
8.80020000	10.35380000
8.63760000	9.07880000
7.22120000	7.27920000
6.06030000	6.24580000
5.15470000	5.34580000
5.01540000	6.64550000
5.43330000	7.93210000
5.78160000	8.94450000
5.34050000	7.08510000
4.80640000	6.30980000
4.76000000	7.17260000
4.36530000	6.23680000
3.92410000	5.79340000
3.55260000	5.13810000
3.43650000	4.45700000
3.78480000	3.88490000
3.97050000	3.44590000
3.73830000	3.10860000
3.41330000	2.84780000
3.08820000	2.64450000
2.80960000	2.48440000
2.60060000	2.35670000
2.43800000	2.25360000
2.27550000	2.16900000
2.55410000	2.09840000
4.17950000	2.07450000
3.97050000	2.64760000
3.78480000	2.86590000
3.43650000	2.83030000
3.43650000	2.62680000
3.08820000	2.41870000
5.20120000	2.47700000
5.71200000	3.28870000
4.87610000	3.45240000
4.17950000	3.35230000
3.66870000	3.03710000
3.36680000	2.71610000
3.27390000	2.46740000
3.43650000	2.28510000
5.82810000	2.37470000
8.96270000	4.56330000
7.31410000	4.75890000
5.96740000	4.59230000
5.17790000	4.24390000
4.57420000	3.72080000
3.97050000	3.23030000
3.78480000	2.85240000
3.45970000	2.56260000
3.01850000	2.33890000
2.78630000	2.16490000
2.60060000	2.02820000
2.43800000	1.91960000
2.29870000	1.83220000
2.22910000	1.69490000
2.13620000	1.70140000
2.06650000	1.65110000
1.97370000	1.60780000
1.90400000	1.56980000
1.81110000	1.53580000
1.69500000	1.50500000
1.57890000	1.47650000
1.62540000	1.45000000
1.88080000	1.42490000
2.15940000	1.40110000
1.92720000	1.37820000
2.06650000	1.35620000
2.25230000	1.33480000
2.36840000	1.34950000
3.06500000	2.07670000
3.20430000	2.67340000
3.20430000	2.65000000
3.06500000	2.47600000
2.97210000	2.20640000
2.85600000	1.97420000
2.67020000	1.79430000
2.53090000	1.65480000
2.41480000	1.54540000
2.27550000	1.45890000
2.15940000	1.38950000
2.06650000	1.33300000
1.99690000	1.28630000
1.92720000	1.24700000
1.64860000	1.21320000
1.64860000	1.18370000
1.88080000	1.15750000
1.76470000	1.13380000
1.69500000	1.11210000
1.67180000	1.09180000
1.57890000	1.07280000
1.57890000	1.05470000
1.76470000	1.03740000
1.88080000	1.02070000
1.62540000	1.00450000
1.64860000	0.98890000
2.04330000	0.97350000
1.81110000	0.95860000
1.71820000	0.94400000
1.67180000	0.92960000
1.81110000	0.94060000
1.95040000	0.91570000
2.18260000	0.92570000
3.80800000	1.83240000
3.99370000	3.51820000
6.47820000	5.05680000
6.57110000	5.43960000
5.47980000	4.89220000
4.73680000	4.29720000
4.29560000	3.56000000
4.08660000	2.98430000
3.73830000	2.55580000
3.48290000	2.22390000
3.34360000	1.97050000
3.11140000	1.77580000
2.92560000	1.62540000
2.76310000	1.50810000
2.62380000	1.41590000
2.60060000	1.34240000
2.60060000	1.28890000
2.57740000	1.24540000
2.60060000	1.20240000
2.57740000	1.16690000
2.67020000	1.14140000
2.76310000	1.11780000
3.18110000	1.09980000
3.83120000	1.08450000
4.04020000	1.05970000
4.01700000	1.16810000
4.22590000	1.47510000
4.22590000	2.01940000
4.04020000	2.70070000
4.17950000	2.70520000
3.85440000	2.51870000
3.43650000	2.16650000
3.15780000	1.88990000
2.97210000	1.67860000
2.73990000	1.51610000
2.62380000	1.39040000
5.54940000	1.74530000
11.00600000	3.64980000
12.16700000	5.19000000
13.60660000	6.46260000
16.85730000	9.24430000
12.93320000	8.76480000
10.68090000	7.85690000
9.72890000	7.00870000
10.30940000	6.46260000
11.21500000	7.59950000
13.51370000	8.22270000
16.62510000	8.56570000
16.02140000	10.45580000
17.83250000	10.24230000
17.15920000	9.02790000
17.27530000	8.88660000
17.18240000	9.93780000
18.48270000	10.36090000
15.46410000	10.22580000
12.95640000	10.38220000
10.84350000	7.93450000
9.10200000	7.00720000
7.77850000	6.02720000
7.01230000	5.12860000
7.08190000	6.32690000
6.43180000	7.98480000
6.03700000	6.43350000
5.85130000	6.07470000
11.26140000	11.02010000
15.88210000	14.86720000
12.60810000	13.27840000
11.00600000	10.22850000
11.28460000	8.25980000
14.14060000	7.09890000
15.23190000	7.57760000
12.86360000	10.78720000
10.91310000	9.45540000
9.65930000	7.70340000
8.93950000	7.24680000
8.31260000	6.88050000
7.75530000	6.43930000
7.75530000	8.43450000
7.33730000	7.94130000
6.75690000	6.16960000
6.54790000	6.59200000
7.05870000	7.13940000
7.31410000	6.13470000
10.91310000	9.12010000
15.78920000	12.94530000
17.34490000	14.96210000
16.23040000	15.19630000
13.88520000	13.84260000
12.39920000	12.84730000
13.69950000	14.93490000
15.37130000	16.67370000
15.60350000	19.63480000
15.64990000	20.82730000
13.16540000	17.54350000
11.47040000	14.61250000
10.40230000	14.88930000
10.03080000	18.78960000
12.16700000	19.43140000
10.82030000	16.20190000
10.77380000	15.08910000
9.77540000	14.00340000
9.07880000	14.60890000
10.51840000	16.05590000
9.58960000	15.23310000
8.89300000	23.34400000
22.47640000	31.98550000
21.17610000	23.26940000
14.16380000	13.04560000
11.21500000	10.70920000
9.96110000	10.77740000
10.42550000	10.17400000
9.86830000	10.06620000
9.63610000	11.84870000
10.58810000	12.40500000
8.68410000	9.25360000
8.12680000	7.69710000
8.98590000	7.21650000
9.07880000	7.03810000
8.24290000	6.66470000
7.12840000	5.67250000
6.50140000	5.18720000
5.71200000	4.83950000
5.01540000	4.41660000
4.45810000	3.95920000
4.38850000	3.60740000
4.38850000	3.32950000
4.10980000	3.10500000
3.97050000	2.92940000
3.71510000	2.78910000
3.52940000	2.68030000
3.57580000	2.59200000
3.55260000	2.51340000
3.39000000	2.44210000
3.13460000	2.37750000
2.85600000	2.32450000
2.67020000	2.27860000
2.57740000	2.23670000
2.46130000	2.19640000
2.34520000	2.15450000
2.20580000	2.10730000
2.06650000	2.06670000
1.97370000	2.03320000
1.88080000	2.00100000
1.78790000	1.96970000
1.71820000	1.93920000
1.64860000	1.90940000
1.57890000	1.88020000
1.48600000	1.85160000
1.43960000	1.82350000
1.39320000	1.79600000
1.36990000	1.76880000
1.34670000	1.74220000
1.32350000	1.71600000
1.27710000	1.69010000
1.25380000	1.66470000
1.20740000	1.63970000
1.16100000	1.61510000
1.13780000	1.59090000
1.13780000	1.59320000
1.18420000	1.56490000
1.23060000	1.54070000
1.18420000	1.50130000
1.13780000	1.47510000
1.09130000	1.45290000
1.04490000	1.43110000
1.02170000	1.40960000
1.09130000	1.43060000
1.41640000	1.44750000
1.18420000	1.38870000
1.39320000	1.35430000
1.13780000	1.30810000
1.04490000	1.28740000
0.99840000	1.26810000
0.97520000	1.24910000
0.95200000	1.23030000
0.90560000	1.21190000
0.88230000	1.19370000
0.88230000	1.17580000
0.88230000	1.15820000
0.85910000	1.14080000
0.85910000	1.12370000
0.85910000	1.10680000
0.83590000	1.09020000
0.81270000	1.07390000
0.78950000	1.05780000
0.78950000	1.04190000
0.76620000	1.05500000
0.76620000	1.01210000
0.74300000	0.99570000
0.74300000	1.00640000
0.74300000	0.96710000
0.71980000	0.97170000
0.71980000	0.93810000
0.69660000	0.92320000
0.69660000	0.96860000
0.85910000	1.09400000
2.32190000	0.95230000
1.46280000	0.89550000
1.18420000	0.92400000
1.23060000	0.88270000
1.23060000	0.86290000
1.11450000	0.81940000
1.04490000	0.83410000
1.02170000	0.82000000
0.99840000	0.81150000
1.02170000	0.85670000
1.06810000	1.80280000
2.64700000	3.49510000
2.18260000	3.69300000
1.74150000	3.37400000
1.50930000	2.79640000
1.39320000	2.34610000
1.32350000	2.00460000
1.25380000	1.74490000
1.18420000	1.54640000
1.11450000	1.39400000
1.09130000	1.27620000
1.04490000	1.18440000
0.99840000	1.11210000
0.97520000	1.05460000
0.95200000	1.00810000
0.92880000	0.97000000
0.99840000	1.00550000
1.23060000	0.93560000
0.99840000	0.88870000
0.95200000	0.86720000
0.97520000	0.87830000
0.99840000	0.86180000
0.95200000	0.81750000
0.92880000	0.80180000
0.90560000	0.84020000
1.23060000	2.41240000
1.85760000	3.94470000
1.67180000	4.22220000
2.41480000	5.04650000
5.50300000	5.96310000
5.57270000	6.36880000
4.92250000	6.08210000
3.92410000	5.36520000
4.15630000	4.92700000
5.22440000	5.94020000
4.59740000	6.30190000
6.89620000	12.57250000
10.68090000	15.36090000
26.23790000	26.89270000
41.79500000	26.39210000
26.00580000	25.76240000
22.49960000	24.07570000
15.23190000	20.62330000
10.88990000	14.54890000
9.33420000	13.09860000
7.89460000	16.00150000
20.52600000	26.65800000
34.13260000	30.07250000
27.63110000	25.80380000
23.68380000	23.78880000
17.73960000	27.49730000
20.50280000	26.53480000
18.99350000	20.05220000
14.23350000	12.82870000
10.88990000	9.02790000
8.59120000	7.51650000
7.03550000	6.33040000
5.94420000	5.42650000
5.17790000	4.73830000
4.57420000	4.21220000
4.27240000	3.80780000
4.57420000	3.49470000
4.04020000	3.25030000
3.62220000	3.05760000
3.41330000	2.90380000
3.25070000	2.77920000
3.01850000	2.67680000
2.73990000	2.59110000
2.55410000	2.51810000
2.32190000	2.45470000
2.27550000	2.39860000
2.20580000	2.34830000
2.15940000	2.30220000
2.04330000	2.25960000
1.92720000	2.21960000
1.78790000	2.18180000
1.67180000	2.14560000
1.78790000	2.11090000
1.92720000	2.07730000
2.04330000	2.04480000
2.02010000	2.01300000
2.08970000	1.98200000
2.02010000	1.95170000
1.92720000	1.92190000
1.85760000	1.89280000
1.78790000	1.86410000
1.71820000	1.83600000
1.67180000	1.76560000
1.62540000	1.78110000
1.57890000	1.74430000
1.55570000	1.72800000
1.50930000	1.70200000
1.50930000	1.67640000
1.53250000	1.60960000
1.55570000	1.62650000
1.55570000	1.60210000
1.53250000	1.43140000
1.53250000	1.43390000
1.60210000	1.47420000
1.78790000	1.44760000
1.90400000	1.48550000
1.92720000	1.33480000
1.88080000	1.34810000
1.78790000	1.41960000
1.95040000	1.37270000
1.83430000	1.37740000
1.74150000	1.35670000
1.81110000	1.33640000
1.71820000	1.31640000
1.69500000	1.29660000
1.57890000	1.27720000
1.60210000	1.25800000
1.85760000	1.23920000
1.64860000	1.22060000
1.67180000	1.20230000
1.83430000	1.20780000
2.27550000	1.34850000
2.67020000	2.05230000
2.62380000	2.27730000
2.60060000	2.24920000
2.48450000	2.19530000
2.46130000	2.20220000
2.62380000	3.13500000
4.17950000	7.54870000
9.56640000	14.65060000
16.78760000	17.05950000
10.12370000	12.29790000
7.29090000	8.99350000
5.99060000	7.48330000
5.68880000	6.52470000
5.10830000	7.04900000
4.41170000	6.27390000
3.94730000	5.47030000
3.80800000	4.70600000
3.55260000	4.22660000
3.32040000	4.21720000
3.69190000	4.55600000
3.99370000	5.20870000
4.43490000	7.06530000
4.38850000	6.76980000
4.24920000	6.83260000
4.10980000	6.02640000
4.17950000	5.39300000
3.80800000	4.83220000
3.52940000	4.14760000
3.29720000	3.61600000
3.11140000	3.20970000
2.92560000	2.89750000
2.78630000	2.65600000
2.64700000	2.46760000
2.50770000	2.31920000
2.39160000	2.20090000
2.50770000	2.10520000
3.50610000	2.02670000
2.73990000	1.96100000
2.50770000	1.90520000
2.34520000	1.85680000
2.25230000	1.81410000
2.20580000	1.77570000
2.97210000	1.74070000
15.76600000	6.33940000
46.67100000	20.14940000
38.07990000	24.14750000
26.93450000	18.64270000
17.78610000	12.81000000
14.04780000	9.72970000
12.05090000	8.41270000
10.51840000	7.27960000
9.56640000	6.55350000
9.17170000	6.02020000
8.80020000	5.64380000
8.21970000	5.16780000
10.93630000	9.14270000
13.60660000	10.92670000
11.21500000	10.22720000
9.56640000	8.84700000
8.73050000	8.65870000
7.82490000	7.31540000
7.01230000	6.83250000
6.38530000	7.53960000
5.59590000	6.15370000
5.01540000	5.64000000
4.76000000	4.97270000
5.22440000	5.50600000
7.08190000	10.18950000
7.36060000	12.38070000
8.63760000	14.01550000
8.05710000	11.98910000
7.26770000	10.16830000
7.61600000	11.48970000
6.75690000	10.43050000
6.91940000	9.77780000
6.66400000	8.11850000
7.43020000	7.51520000
8.03390000	9.63210000
9.79860000	11.96520000
9.17170000	11.26520000
8.01070000	8.26480000
7.08190000	7.63300000
6.26920000	6.59960000
5.71200000	6.42590000
5.17790000	6.28130000
4.85290000	5.59800000
4.80640000	5.24620000
5.22440000	6.75130000
5.64230000	7.50440000
5.41010000	5.95240000
5.27080000	5.67980000
4.99220000	4.90000000
4.52780000	4.93670000
4.10980000	4.36530000
4.10980000	3.91380000
4.08660000	6.80260000
4.52780000	7.90920000
4.59740000	6.15530000
4.36530000	5.80820000
4.41170000	5.33450000
5.34050000	4.72870000
6.84970000	7.07780000
6.31570000	5.86800000
5.52620000	5.37980000
5.54940000	4.70470000
5.36370000	4.12840000
7.82490000	6.76730000
9.70570000	6.35450000
8.17320000	5.35880000
7.05870000	4.82660000
6.26920000	4.22540000
6.06030000	5.53070000
6.68720000	7.51970000
6.78010000	7.19770000
6.87290000	8.44760000
6.59430000	7.83470000
6.26920000	6.52750000
6.10670000	5.86210000
6.31570000	5.32210000
6.61750000	6.43250000
6.57110000	6.79010000
8.24290000	10.20110000
18.90060000	13.38710000
14.18710000	8.74610000
10.70420000	7.32560000
8.80020000	6.10780000
7.89460000	5.17080000
8.52150000	4.54070000
10.44870000	9.94250000
12.19020000	11.11460000
10.49520000	11.86580000
9.00910000	9.73360000
7.80170000	7.69580000
7.49990000	9.65460000
9.35740000	13.12470000
11.70260000	14.31110000
11.00600000	13.51360000
10.42550000	12.29980000
10.40230000	11.70890000
10.93630000	10.48340000
10.30940000	9.99070000
9.19490000	8.22720000
7.70880000	7.44900000
6.64080000	6.35200000
5.94420000	5.64660000
5.20120000	5.11970000
4.73680000	4.55340000
4.38850000	4.03660000
4.15630000	3.61240000
3.80800000	3.75410000
3.73830000	3.42620000
3.62220000	3.14510000
3.39000000	2.92510000
3.18110000	2.75350000
3.13460000	2.60460000
2.87920000	2.48570000
2.69350000	2.39380000
2.57740000	2.33740000
2.71670000	2.34050000
2.90240000	2.21170000
2.57740000	2.14550000
2.50770000	2.09990000
2.34520000	2.05880000
2.25230000	2.02060000
2.15940000	1.98490000
2.06650000	1.95100000
1.97370000	1.91870000
1.88080000	1.88760000
1.85760000	1.87280000
1.83430000	1.82940000
1.74150000	1.80010000
1.67180000	1.77230000
1.67180000	1.75640000
1.64860000	1.76340000
1.76470000	1.71250000
1.64860000	1.66830000
1.53250000	1.64170000
1.48600000	1.61700000
1.43960000	1.59260000
1.39320000	1.56870000
1.67180000	1.60590000
2.11300000	1.62720000
2.04330000	1.50330000
1.83430000	1.47650000
1.71820000	1.47470000
1.64860000	1.43330000
2.06650000	1.48220000
3.94730000	1.39280000
3.13460000	1.46150000
2.69350000	1.35230000
2.43800000	1.32820000
2.22910000	1.30830000
2.08970000	1.28860000
1.97370000	1.26930000
1.88080000	1.25030000
1.76470000	1.23150000
1.69500000	1.21300000
1.64860000	1.19490000
1.57890000	1.17690000
1.53250000	1.15930000
1.46280000	1.14190000
1.41640000	1.12480000
1.36990000	1.10790000
1.32350000	1.09130000
1.27710000	1.07490000
1.25380000	1.05880000
1.23060000	1.04290000
1.20740000	1.02730000
1.16100000	1.01180000
1.13780000	0.99670000
1.11450000	0.98170000
1.09130000	0.96700000
1.11450000	0.95250000
1.11450000	0.93820000
1.09130000	0.92410000
1.04490000	0.91030000
1.02170000	0.89660000
0.99840000	0.88320000
0.97520000	0.86990000
0.95200000	0.85690000
0.92880000	0.84400000
0.92880000	0.83130000
0.90560000	0.81890000
0.88230000	0.80660000
0.88230000	0.79450000
0.85910000	0.78260000
0.85910000	0.77080000
0.83590000	0.75930000
0.81270000	0.74790000
0.81270000	0.73670000
0.88230000	0.74940000
0.92880000	0.74870000
0.92880000	0.70560000
0.88230000	0.69350000
0.85910000	0.68310000
0.83590000	0.67280000
0.81270000	0.66270000
0.78950000	0.65280000
0.74300000	0.64300000
0.74300000	0.63330000
0.74300000	0.62380000
0.78950000	0.63230000
0.85910000	0.64830000
0.85910000	0.59790000
0.76620000	0.58720000
0.76620000	0.59590000
0.78950000	0.60150000
0.83590000	0.62610000
0.92880000	0.59280000
0.85910000	0.59380000
1.06810000	0.58820000
0.92880000	0.55160000
0.90560000	0.52180000
0.83590000	0.51260000
0.78950000	0.50490000
1.30030000	0.66720000
2.87920000	0.66220000
1.95040000	0.53450000
1.55570000	0.88980000
1.43960000	1.85080000
3.20430000	3.47710000
5.06180000	4.57730000
6.10670000	4.70620000
4.55100000	4.17720000
3.55260000	3.44060000
2.97210000	2.82430000
2.57740000	2.35650000
2.29870000	2.00210000
2.11300000	1.73270000
1.92720000	1.52730000
1.78790000	1.36970000
1.67180000	1.24820000
1.55570000	1.15380000
1.46280000	1.07970000
1.36990000	1.02090000
1.32350000	0.97360000
1.27710000	0.93510000
1.23060000	0.90310000
1.18420000	0.87610000
1.13780000	0.85280000
1.11450000	0.83240000
1.09130000	0.81430000
1.06810000	0.79780000
1.02170000	0.78260000
0.99840000	0.76850000
0.99840000	0.75520000
0.95200000	0.79240000
1.09130000	0.82590000
1.46280000	1.95890000
2.76310000	4.28760000
2.99530000	4.73090000
2.25230000	4.30260000
2.48450000	4.88820000
3.55260000	5.50760000
3.36680000	5.23330000
2.97210000	4.68810000
2.71670000	3.86390000
2.48450000	3.26000000
3.97050000	6.52300000
6.89620000	8.35180000
7.17480000	6.74270000
6.24600000	6.01190000
5.20120000	4.94050000
4.34200000	4.10820000
4.55100000	3.51150000
5.27080000	3.34600000
4.76000000	3.33470000
4.78320000	3.69440000
4.36530000	4.23020000
5.68880000	9.34020000
7.05870000	7.30940000
9.79860000	11.14930000
16.04460000	16.24130000
22.19780000	24.63910000
22.26740000	25.80630000
18.15760000	26.52790000
59.67390000	52.43320000
67.56850000	55.64600000
26.93450000	31.43510000
18.64520000	23.25420000
17.78610000	23.11870000
13.83880000	17.16980000
10.63450000	11.58240000
8.49830000	8.60990000
8.17320000	7.26680000
6.82650000	6.13890000
5.89770000	5.27670000
5.27080000	4.62000000
4.82960000	4.11750000
4.36530000	3.73080000
4.01700000	3.43120000
3.71510000	3.19700000
3.43650000	3.01200000
3.22750000	2.86400000
3.06500000	2.74400000
3.11140000	2.64500000
2.92560000	2.56200000
2.83280000	2.49100000
2.71670000	2.44350000
2.57740000	2.38120000
2.46130000	2.59560000
2.39160000	2.67040000
2.29870000	2.54680000
2.22910000	2.43500000
2.34520000	2.34310000
2.39160000	3.60110000
3.90090000	7.22410000
3.52940000	7.56210000
3.43650000	6.20560000
3.59900000	6.36360000
3.34360000	6.11750000
3.22750000	5.71340000
3.92410000	8.63570000
4.57420000	7.99970000
4.04020000	6.46000000
3.80800000	5.65890000
3.85440000	4.88860000
4.17950000	4.25210000
3.92410000	4.48900000
3.52940000	4.37090000
3.22750000	4.03860000
2.97210000	3.62400000
2.78630000	3.24210000
2.60060000	2.94540000
2.48450000	2.71520000
2.43800000	2.53500000
2.62380000	2.43650000
2.48450000	3.19220000
2.39160000	3.40350000
2.22910000	3.28140000
2.18260000	3.00450000
2.13620000	2.73040000
2.13620000	2.51560000
2.04330000	2.34740000
1.97370000	2.21440000
1.92720000	2.10780000
1.90400000	2.02120000
1.85760000	1.94960000
1.88080000	1.88940000
1.97370000	1.83790000
2.25230000	1.79290000
2.99530000	1.77540000
3.01850000	2.19600000
2.90240000	3.15900000
2.90240000	3.59860000
3.25070000	3.97550000
13.86200000	5.41390000
9.05560000	5.60160000
6.19960000	5.50600000
5.13150000	5.40100000
4.73680000	5.30250000
4.55100000	5.01910000
4.41170000	4.58530000
4.38850000	4.35250000
4.55100000	4.31840000
4.64390000	4.39540000
5.24760000	5.31010000
5.38690000	5.35090000
5.52620000	6.45740000
5.85130000	6.32020000
5.36370000	7.85960000
5.87450000	8.73710000
5.87450000	7.27850000
5.06180000	6.56560000
4.87610000	5.74790000
4.48130000	4.85920000
4.20270000	4.43760000
3.99370000	4.07470000
3.71510000	3.65410000
3.43650000	3.24320000
3.20430000	2.92430000
3.01850000	2.67780000
2.92560000	2.48560000
2.90240000	2.33440000
2.97210000	2.21390000
4.80640000	3.86330000
16.85730000	14.44940000
24.84480000	19.63160000
19.27210000	18.99770000
16.62510000	15.64840000
12.37600000	10.53380000
9.72890000	8.59390000
8.12680000	8.56890000
8.03390000	9.93750000
7.96430000	11.36590000
11.09890000	12.46160000
13.25830000	14.00200000
12.67780000	13.24480000
10.10040000	10.46630000
8.42870000	9.70070000
8.59120000	10.78110000
7.87140000	8.21820000
7.17480000	6.84640000
6.40860000	5.94680000
5.68880000	5.08440000
5.17790000	4.42380000
4.76000000	4.05750000
4.43490000	4.30300000
4.22590000	5.70280000
4.22590000	5.45050000
3.87760000	5.12590000
3.62220000	4.57050000
3.43650000	4.01280000
3.32040000	3.60230000
3.32040000	3.27120000
3.62220000	2.99210000
5.01540000	3.38760000
6.64080000	4.57280000
6.98900000	6.62670000
6.73360000	6.58230000
6.71040000	6.77830000
6.50140000	9.31250000
8.33580000	11.17230000
7.15160000	9.45040000
7.31410000	10.27890000
7.84820000	12.43210000
7.49990000	12.68660000
6.80330000	9.94200000
8.28930000	15.88020000
20.61880000	20.03650000
16.62510000	18.01620000
14.51210000	15.37280000
11.40070000	10.51410000
9.21810000	8.09350000
7.82490000	6.87440000
7.08190000	5.80400000
7.01230000	5.25710000
7.26770000	6.74380000
7.89460000	6.00290000
7.36060000	6.13050000
7.33730000	7.65070000
10.07720000	11.04260000
15.18550000	13.39460000
14.23350000	13.68420000
17.25200000	17.09970000
15.95170000	17.14850000
11.65620000	15.02900000
10.07720000	14.17560000
9.12520000	11.73490000
9.86830000	10.85170000
12.93320000	11.35110000
15.78920000	10.21570000
15.39450000	9.73370000
14.32640000	8.14050000
11.88830000	8.74470000
10.17010000	12.98080000
14.90690000	15.08790000
10.23980000	11.54410000
9.82180000	10.11320000
8.80020000	7.30020000
7.36060000	6.77540000
6.36210000	5.76400000
5.85130000	4.98420000
5.15470000	4.35310000
4.62070000	3.94510000
4.29560000	3.57810000
4.10980000	3.29050000
3.99370000	3.06500000
3.97050000	2.88740000
3.94730000	2.74440000
3.85440000	2.62640000
3.71510000	2.54940000
3.62220000	2.45430000
3.48290000	2.42920000
4.66710000	6.40180000
6.31570000	10.92670000
7.08190000	6.94890000
5.99060000	6.16530000
5.61910000	5.20830000
5.57270000	4.46270000
5.27080000	3.89520000
4.69030000	3.46130000
4.38850000	3.12780000
4.31880000	2.90020000
3.92410000	2.66950000
3.59900000	2.50940000
3.34360000	2.38270000
3.22750000	2.28010000
3.08820000	2.19580000
2.94890000	2.12530000
2.80960000	2.06520000
2.62380000	2.01310000
2.43800000	1.96700000
2.32190000	1.92560000
2.25230000	1.88780000
2.22910000	1.85280000
2.55410000	1.90260000
2.69350000	1.79240000
2.27550000	1.75930000
2.11300000	1.73080000
1.99690000	1.70320000
1.92720000	1.67650000
1.85760000	1.65050000
1.78790000	1.62500000
1.71820000	1.60020000
1.67180000	1.57580000
1.60210000	1.55190000
1.55570000	1.52840000
1.53250000	1.50560000
1.53250000	1.48260000
2.06650000	1.57200000
1.83430000	1.48020000
1.67180000	1.41820000
1.60210000	1.39890000
1.55570000	1.37650000
1.53250000	1.35390000
1.46280000	1.33350000
1.39320000	1.31340000
1.34670000	1.29380000
1.30030000	1.27430000
1.25380000	1.25520000
1.25380000	1.23640000
1.25380000	1.21780000
1.25380000	1.20630000
1.25380000	1.20110000
1.18420000	1.16460000
1.18420000	1.14640000
1.13780000	1.12920000
1.13780000	1.11220000
1.09130000	1.09590000
1.06810000	1.07910000
1.04490000	1.06290000
1.02170000	1.04700000
0.99840000	1.03130000
0.97520000	1.01580000
0.95200000	1.00060000
0.97520000	0.99680000
0.97520000	0.97130000
0.90560000	0.95620000
0.88230000	0.94190000
0.85910000	0.92770000
0.85910000	0.91380000
0.83590000	0.90010000
0.83590000	0.88660000
0.81270000	0.87330000
0.78950000	0.86020000
0.76620000	0.84830000
0.76620000	0.83470000
0.76620000	0.83750000
0.78950000	0.84870000
0.85910000	0.84360000
0.83590000	0.80930000
0.81270000	0.77480000
0.76620000	0.76230000
0.74300000	0.75080000
0.74300000	0.73960000
0.71980000	0.72850000
0.69660000	0.71750000
0.67340000	0.70680000
0.67340000	0.69620000
0.67340000	0.68570000
0.65010000	0.67540000
0.62690000	0.66530000
0.62690000	0.65530000
0.60370000	0.64550000
0.60370000	0.63580000
0.60370000	0.62630000
0.60370000	0.61690000
0.58050000	0.60760000
0.60370000	0.63030000
0.60370000	0.59090000
0.60370000	0.58070000
0.60370000	0.57200000
0.58050000	0.56340000
0.58050000	0.55500000
0.55730000	0.54660000
0.55730000	0.53840000
0.55730000	0.53040000
0.55730000	0.52240000
0.55730000	0.52940000
0.55730000	0.51180000
0.60370000	0.56850000
0.69660000	0.55220000
0.76620000	0.49000000
0.71980000	0.47720000
0.65010000	0.47000000
0.60370000	0.46290000
0.58050000	0.45600000
0.55730000	0.44910000
0.55730000	0.44240000
0.53400000	0.43580000
0.53400000	0.42920000
0.53400000	0.45530000
0.55730000	0.41780000
0.60370000	0.41020000
0.58050000	0.40400000
0.55730000	0.39800000
0.53400000	0.39200000
0.51080000	0.38610000
0.51080000	0.38030000
0.48760000	0.37460000
0.48760000	0.36900000
0.48760000	0.36350000
0.48760000	0.35800000
0.48760000	0.35270000
0.48760000	0.34740000
0.46440000	0.34220000
0.46440000	0.33700000
0.46440000	0.33200000
0.46440000	0.32700000
0.46440000	0.32210000
0.46440000	0.31730000
0.46440000	0.31250000
0.46440000	0.30780000
0.46440000	0.30320000
0.46440000	0.29860000
0.46440000	0.29420000
0.46440000	0.28970000
0.46440000	0.28540000
0.46440000	0.28110000
0.44120000	0.27690000
0.44120000	0.27280000
0.44120000	0.26870000
0.44120000	0.27880000
0.46440000	0.26120000
0.46440000	0.25670000
0.44120000	0.25290000
0.44120000	0.24910000
0.44120000	0.27000000
0.46440000	0.28020000
0.46440000	0.25300000
0.46440000	0.23500000
0.48760000	0.23100000
0.46440000	0.22750000
0.46440000	0.22410000
0.46440000	0.22070000
0.46440000	0.21740000
0.46440000	0.24850000
0.46440000	0.28250000
0.55730000	0.29500000
0.60370000	0.25830000
0.76620000	0.31820000
0.95200000	0.26540000
0.85910000	0.26690000
0.95200000	0.19600000
0.90560000	0.19030000
0.78950000	0.18740000
0.69660000	0.18470000
0.67340000	0.26920000
0.71980000	0.37320000
1.25380000	1.79240000
1.81110000	3.50050000
2.22910000	4.43940000
1.88080000	4.51200000
1.48600000	3.99170000
1.25380000	3.44970000
1.09130000	2.80640000
0.99840000	2.30290000
0.90560000	1.92220000
1.36990000	2.58000000
1.74150000	7.18060000
7.80170000	12.84570000
5.38690000	9.91160000
3.97050000	8.65630000
4.94570000	8.61570000
4.69030000	8.01800000
3.80800000	8.57940000
18.06470000	32.26760000
31.34620000	36.57700000
13.23510000	20.46210000
8.21970000	11.86460000
5.96740000	9.53820000
4.85290000	7.76160000
4.13310000	6.41160000
3.57580000	5.38840000
3.18110000	4.61220000
2.90240000	4.02150000
2.64700000	3.57010000
2.53090000	3.22320000
2.41480000	2.95480000
2.29870000	2.74550000
2.11300000	2.58060000
1.99690000	2.44910000
1.95040000	2.32390000
1.81110000	2.25540000
1.71820000	2.18240000
1.69500000	2.12030000
1.64860000	2.06650000
1.57890000	2.01900000
1.50930000	1.97630000
1.43960000	1.93740000
1.36990000	1.90130000
1.23060000	1.86760000
1.34670000	1.83570000
1.34670000	1.80520000
1.27710000	1.77590000
1.23060000	1.74760000
1.20740000	1.72020000
1.23060000	1.69350000
1.48600000	1.66740000
1.36990000	1.64190000
1.30030000	1.61680000
1.27710000	1.59230000
4.66710000	4.16390000
7.26770000	4.77280000
4.62070000	4.65470000
3.69190000	4.18250000
3.18110000	3.65390000
2.83280000	3.15370000
2.69350000	2.76870000
2.46130000	2.47380000
2.60060000	2.28720000
2.87920000	2.79870000
2.60060000	2.92490000
2.48450000	2.80550000
2.39160000	2.55270000
2.43800000	2.38760000
2.80960000	3.48200000
4.96900000	7.19960000
5.06180000	6.26240000
4.20270000	5.71440000
3.64540000	5.03880000
3.32040000	4.29300000
3.15780000	3.65620000
2.90240000	3.16950000
2.69350000	2.79810000
2.73990000	2.54990000
5.27080000	6.52590000
9.10200000	12.95290000
17.39130000	19.48990000
20.66530000	19.61030000
17.08950000	17.17910000
14.69790000	15.58870000
11.93480000	15.10820000
9.52000000	11.60330000
8.80020000	11.30530000
7.24450000	10.09470000
6.59430000	7.54860000
6.19960000	6.56780000
5.45660000	5.57180000
5.06180000	4.78050000
4.80640000	4.16510000
4.59740000	3.88120000
4.36530000	3.84400000
4.10980000	3.57260000
3.94730000	3.27600000
3.94730000	3.49590000
4.31880000	3.82410000
5.24760000	4.14270000
6.71040000	4.37210000
7.26770000	4.68020000
7.43020000	6.65040000
9.14850000	6.53180000
8.26610000	6.77110000
7.17480000	6.26730000
6.43180000	5.70550000
5.52620000	5.02150000
6.43180000	8.66180000
9.72890000	7.73120000
8.10360000	6.31750000
6.87290000	5.67140000
5.99060000	4.84490000
5.38690000	4.19120000
4.94570000	3.68780000
4.55100000	3.30060000
4.27240000	3.00580000
4.04020000	2.77880000
3.92410000	2.73510000
3.97050000	3.05670000
4.52780000	4.82860000
5.73520000	8.18630000
5.73520000	13.58540000
8.28930000	18.56960000
7.98750000	13.86330000
8.52150000	19.31210000
22.87110000	25.88200000
15.64990000	18.80810000
11.02920000	10.28370000
9.28780000	8.78710000
7.68560000	7.26000000
6.89620000	6.10160000
6.82650000	9.48430000
12.19020000	15.05120000
17.90220000	20.20980000
13.42080000	15.19790000
11.74900000	8.85810000
22.94080000	10.73220000
20.36340000	10.51140000
14.09420000	7.38220000
11.00600000	6.60110000
9.68250000	5.79180000
9.58960000	8.70670000
11.21500000	10.81730000
15.83560000	11.56220000
17.76290000	11.31000000
15.13910000	10.95670000
13.93170000	12.04850000
13.79230000	12.86070000
13.44400000	12.07550000
12.44560000	10.63410000
12.63140000	10.12700000
13.04930000	11.03920000
11.84190000	10.09680000
10.26300000	10.59590000
9.52000000	12.23520000
8.33580000	12.18370000
7.49990000	10.53570000
7.22120000	11.01080000
8.45190000	14.20240000
10.72740000	14.57810000
10.14690000	14.55580000
8.98590000	10.19680000
8.15000000	8.26200000
7.61600000	8.86690000
7.01230000	9.39640000
6.52470000	9.43890000
6.19960000	9.04630000
6.03700000	7.68320000
6.61750000	8.74800000
8.12680000	10.37550000
9.70570000	11.10960000
14.95330000	12.90080000
21.45470000	22.39580000
24.84480000	25.39090000
17.71640000	20.30600000
14.53540000	15.51370000
15.55700000	15.36640000
14.76760000	16.55670000
12.79390000	14.01810000
12.02770000	9.85110000
11.35430000	7.52890000
11.77220000	6.48030000
13.90840000	5.70410000
12.28310000	5.35030000
9.89150000	4.85770000
8.84660000	4.30180000
8.35900000	3.86580000
8.54470000	3.57620000
10.37910000	7.10100000
9.56640000	7.06980000
8.15000000	5.88210000
7.17480000	5.55160000
6.96580000	6.62140000
6.82650000	8.48700000
7.54630000	6.62010000
7.29090000	5.85830000
6.68720000	5.39760000
6.17640000	5.16710000
5.87450000	4.89170000
5.52620000	4.56560000
5.31720000	4.49220000
5.66550000	4.46750000
5.52620000	4.74120000
5.45660000	4.63340000
5.47980000	4.37960000
6.15310000	3.86740000
6.96580000	3.46190000
7.01230000	3.14930000
6.24600000	2.90660000
5.54940000	2.71890000
5.13150000	2.56580000
4.87610000	2.44470000
4.69030000	2.34620000
4.59740000	2.26460000
4.22590000	2.19590000
3.87760000	2.13680000
3.69190000	2.08520000
3.55260000	2.03930000
3.27390000	1.99770000
3.01850000	1.98580000
3.22750000	1.99510000
2.80960000	1.89330000
2.67020000	1.89200000
3.27390000	1.89340000
3.06500000	1.81550000
2.67020000	1.77080000
2.55410000	1.77100000
2.62380000	1.76240000
2.41480000	1.69110000
2.29870000	1.66340000
2.25230000	1.63810000
2.13620000	1.61330000
2.08970000	1.61840000
2.32190000	1.62800000
2.83280000	1.60340000
2.57740000	1.52060000
2.34520000	1.49530000
2.15940000	1.47280000
2.06650000	1.45070000
1.95040000	1.42890000
1.83430000	1.40740000
1.74150000	1.38630000
1.64860000	1.36550000
1.60210000	1.34510000
1.53250000	1.32480000
1.48600000	1.30490000
1.41640000	1.28540000
1.34670000	1.26610000
1.30030000	1.24710000
1.27710000	1.22840000
1.23060000	1.21000000
1.20740000	1.19180000
1.16100000	1.17390000
1.13780000	1.15630000
1.11450000	1.13900000
1.06810000	1.12190000
1.04490000	1.10510000
1.02170000	1.08850000
1.02170000	1.07220000
0.99840000	1.05610000
0.95200000	1.04020000
0.95200000	1.02460000
0.92880000	1.00930000
0.90560000	0.99410000
0.90560000	0.97920000
0.90560000	0.96450000
0.88230000	0.95010000
0.85910000	0.95760000
0.99840000	0.98690000
1.02170000	0.91110000
0.90560000	0.89440000
0.85910000	0.88090000
0.83590000	0.86770000
0.81270000	0.85470000
0.78950000	0.84190000
0.74300000	0.82920000
0.71980000	0.81680000
0.71980000	0.80450000
0.71980000	0.79250000
0.69660000	0.78060000
0.67340000	0.76890000
0.67340000	0.75740000
0.67340000	0.74600000
0.67340000	0.73480000
0.65010000	0.72380000
0.62690000	0.71290000
0.60370000	0.70220000
0.58050000	0.69170000
0.58050000	0.68130000
0.58050000	0.69170000
0.60370000	0.66190000
0.62690000	0.65110000
0.60370000	0.64140000
0.62690000	0.65640000
0.65010000	0.62330000
0.62690000	0.61290000
0.58050000	0.60370000
0.58050000	0.59470000
0.55730000	0.61730000
0.58050000	0.63220000
0.81270000	0.61390000
0.78950000	0.64430000
1.32350000	0.63030000
1.55570000	0.59900000
1.13780000	0.53720000
0.90560000	0.52690000
0.90560000	0.55720000
0.95200000	0.57520000
2.02010000	0.62260000
3.13460000	0.58650000
2.87920000	0.50740000
2.41480000	0.48190000
2.04330000	0.47400000
1.83430000	0.46690000
1.67180000	0.45990000
1.55570000	0.45300000
1.46280000	0.44620000
1.36990000	0.43950000
1.32350000	0.43300000
1.25380000	0.42650000
1.20740000	0.42010000
1.16100000	0.41380000
1.09130000	0.40760000
1.04490000	0.40140000
1.02170000	0.39540000
0.99840000	0.38950000
0.99840000	0.44070000
1.46280000	0.82760000
6.08350000	7.01830000
43.42030000	18.47240000
21.10650000	14.17650000
10.93630000	10.27240000
8.45190000	9.02560000
6.52470000	7.75190000
5.45660000	6.89570000
5.13150000	7.60760000
4.38850000	6.58990000
3.94730000	5.77980000
3.57580000	4.79740000
3.43650000	4.08650000
3.08820000	3.89830000
2.85600000	3.80750000
2.64700000	3.32230000
2.83280000	3.47730000
2.71670000	4.00550000
2.76310000	4.13000000
3.87760000	11.28130000
10.95960000	17.41830000
14.76760000	16.77080000
17.99510000	23.23230000
26.00580000	23.97690000
15.90530000	15.89560000
11.26140000	13.75190000
8.47510000	13.19270000
8.10360000	14.22970000
7.73210000	17.31880000
9.72890000	19.08340000
8.77690000	14.93050000
7.08190000	10.09470000
5.94420000	8.82720000
5.52620000	10.81470000
5.15470000	11.11320000
4.62070000	8.27710000
4.52780000	9.97100000
6.91940000	15.56240000
9.58960000	19.07510000
13.28150000	26.69650000
13.93170000	18.31770000
9.40390000	9.82040000
7.26770000	8.10980000
5.89770000	6.76120000
6.19960000	8.38270000
7.77850000	12.82540000
6.98900000	12.87880000
6.06030000	10.17050000
5.43330000	7.12420000
4.82960000	6.46100000
4.41170000	5.73820000
4.08660000	5.35690000
3.92410000	5.33090000
9.03240000	17.62500000
20.06160000	18.79770000
13.79230000	13.85830000
11.86510000	11.34270000
10.10040000	8.89840000
8.68410000	7.14990000
11.77220000	15.37740000
20.94390000	13.18860000
13.74590000	7.80610000
10.10040000	6.78520000
7.94100000	5.81070000
6.59430000	5.00380000
5.78160000	6.91210000
5.34050000	6.01600000
4.73680000	5.48210000
4.31880000	4.86910000
3.99370000	4.27040000
3.78480000	3.80710000
3.50610000	3.45050000
3.27390000	3.17420000
3.11140000	2.95820000
2.92560000	2.78750000
2.76310000	2.65100000
4.43490000	2.54010000
13.81560000	4.16660000
9.31100000	15.84050000
7.33730000	12.20200000
6.66400000	12.45380000
9.31100000	17.79860000
15.11580000	17.99700000
11.44720000	12.36010000
8.84660000	8.50650000
7.19800000	7.22700000
6.33890000	6.10460000
7.66240000	5.19100000
6.94260000	4.49450000
5.99060000	3.96310000
5.52620000	3.56300000
5.73520000	3.24540000
5.03860000	3.09760000
5.08510000	2.98170000
10.49520000	5.84400000
13.93170000	13.12390000
16.25360000	15.47370000
13.46730000	12.37280000
10.91310000	10.35520000
8.80020000	8.54550000
7.47670000	7.25390000
6.36210000	6.38360000
5.54940000	5.46630000
4.94570000	4.69340000
4.52780000	4.10220000
4.29560000	3.65000000
3.94730000	3.30230000
3.90090000	3.07930000
7.47670000	8.27290000
14.86040000	8.13420000
10.40230000	5.94600000
7.43020000	5.40310000
5.45660000	4.76880000
4.52780000	4.13970000
4.17950000	3.65390000
3.94730000	3.28130000
3.83120000	2.99380000
3.71510000	2.77010000
3.59900000	2.59450000
3.41330000	2.45510000
3.18110000	2.34280000
3.04170000	2.25120000
2.90240000	2.17500000
2.76310000	2.11060000
2.62380000	2.05500000
2.55410000	2.00630000
2.53090000	1.96280000
2.41480000	1.92330000
2.32190000	1.88690000
2.32190000	1.85300000
2.32190000	1.82190000
2.64700000	1.83720000
2.57740000	2.20480000
2.48450000	3.23090000
2.39160000	3.34220000
2.29870000	3.17620000
2.25230000	2.81550000
2.27550000	2.54210000
2.25230000	2.31580000
2.15940000	2.18000000
2.06650000	2.12430000
1.99690000	1.99200000
2.11300000	1.88330000
2.87920000	1.81680000
2.76310000	1.73630000
2.60060000	1.74530000
2.76310000	2.07940000
3.25070000	4.03870000
4.57420000	6.53540000
5.41010000	8.55530000
5.71200000	9.61370000
5.31720000	7.61120000
5.06180000	6.65740000
4.69030000	5.74550000
4.36530000	4.98620000
4.27240000	5.25240000
4.27240000	5.76850000
4.06340000	5.96820000
5.15470000	7.16750000
5.50300000	8.20150000
4.96900000	6.81770000
4.62070000	6.13240000
4.87610000	6.23540000
5.41010000	10.58760000
6.89620000	14.34730000
7.70880000	14.59420000
6.75690000	11.88000000
5.82810000	9.88180000
5.50300000	9.52000000
5.20120000	13.02220000
5.27080000	8.90200000
4.89930000	7.40540000
5.03860000	7.31190000
24.14820000	20.67350000
32.27500000	27.84880000
27.86330000	22.24820000
19.43470000	14.45250000
14.21030000	10.86360000
12.00440000	10.88500000
11.28460000	10.69400000
11.19180000	11.37150000
12.79390000	11.62580000
17.55390000	12.77870000
20.13120000	11.91630000
16.53220000	9.97870000
13.09580000	8.07560000
11.58650000	9.04840000
12.70100000	11.75770000
15.58020000	13.00680000
15.74280000	13.33070000
12.84030000	10.91530000
11.33110000	9.85660000
10.54160000	9.55200000
10.35590000	9.40070000
9.84500000	10.26800000
9.45030000	9.52890000
9.54320000	9.25810000
9.89150000	10.09560000
11.58650000	11.71260000
13.23510000	12.56100000
12.39920000	11.55450000
11.63290000	10.25840000
12.28310000	11.26360000
13.88520000	12.97140000
16.69480000	14.04140000
18.18080000	14.34310000
16.88050000	13.92040000
14.93010000	12.92720000
12.32950000	12.38680000
10.05400000	10.86230000
8.15000000	8.82010000
7.15160000	7.80560000
6.80330000	7.28470000
7.10510000	8.09670000
8.05710000	8.51170000
8.61440000	11.42260000
8.91630000	13.08450000
7.61600000	10.95690000
6.47820000	7.44270000
5.92100000	6.78970000
5.52620000	5.88050000
5.80490000	8.29930000
5.89770000	11.68230000
6.80330000	10.78080000
6.96580000	9.03310000
8.01070000	11.45190000
7.75530000	10.17170000
7.12840000	8.12270000
6.57110000	6.77890000
6.87290000	6.27780000
8.42870000	6.01320000
10.47200000	5.39720000
11.51680000	5.31640000
11.26140000	4.98110000
10.95960000	4.59390000
10.42550000	4.41890000
9.00910000	4.21180000
8.26610000	3.83820000
7.56950000	3.46560000
6.26920000	3.18080000
6.24600000	2.96310000
6.82650000	2.78840000
6.68720000	2.65500000
6.15310000	2.55470000
5.64230000	2.65920000
5.08510000	3.19710000
4.45810000	3.40610000
4.15630000	3.40780000
4.27240000	3.46580000
4.85290000	3.69290000
4.10980000	3.83870000
3.97050000	3.41480000
3.97050000	3.06730000
4.08660000	2.79910000
4.04020000	2.59050000
3.83120000	2.42660000
3.34360000	2.29650000
3.08820000	2.21470000
3.08820000	2.12730000
3.04170000	2.06540000
2.99530000	2.01580000
2.90240000	1.92920000
2.71670000	1.87930000
2.53090000	1.83680000
2.39160000	1.79980000
2.32190000	1.76580000
2.22910000	1.73400000
2.15940000	1.70410000
2.04330000	1.67550000
1.99690000	1.64820000
1.90400000	1.62180000
1.85760000	1.59620000
1.81110000	1.57130000
1.76470000	1.54700000
1.69500000	1.52330000
1.81110000	1.51530000
1.88080000	1.47790000
1.64860000	1.45490000
1.55570000	1.43290000
1.50930000	1.41130000
1.43960000	1.39000000
1.36990000	1.36910000
1.32350000	1.34850000
1.27710000	1.32820000
1.25380000	1.30830000
1.20740000	1.28860000
1.18420000	1.26930000
1.16100000	1.25020000
1.11450000	1.23160000
1.11450000	1.21890000
1.09130000	1.20560000
1.09130000	1.20570000
1.09130000	1.16040000
1.09130000	1.14180000
1.04490000	1.12470000
0.99840000	1.10780000
0.95200000	1.09120000
0.92880000	1.07480000
0.90560000	1.05870000
0.88230000	1.04280000
0.85910000	1.02720000
0.85910000	1.01180000
0.83590000	0.99660000
0.83590000	0.98160000
0.83590000	0.98180000
0.85910000	0.98590000
0.81270000	0.95190000
0.76620000	0.93720000
0.74300000	0.91810000
0.71980000	0.89690000
0.71980000	0.94580000
1.13780000	0.98560000
1.27710000	0.95290000
1.02170000	0.84780000
0.90560000	0.83130000
0.83590000	0.81880000
0.78950000	0.80650000
0.76620000	0.79440000
0.74300000	0.78250000
0.71980000	0.77080000
0.71980000	0.75920000
0.71980000	0.74780000
0.71980000	0.73660000
1.46280000	0.72560000
1.13780000	0.71470000
0.97520000	0.70400000
0.90560000	0.69340000
0.85910000	0.68300000
0.83590000	0.67280000
0.81270000	0.66270000
0.78950000	0.65270000
0.76620000	0.64290000
0.74300000	0.63330000
0.74300000	0.62380000
0.71980000	0.61440000
0.71980000	0.60520000
0.69660000	0.59610000
0.69660000	0.58720000
0.71980000	0.57970000
0.71980000	0.56980000
0.69660000	0.56120000
0.67340000	0.55280000
0.67340000	0.54450000
0.65010000	0.53630000
0.65010000	0.52830000
0.65010000	0.52030000
0.62690000	0.51250000
0.65010000	0.54070000
0.67340000	0.49880000
0.67340000	0.48980000
0.65010000	0.48250000
0.62690000	0.47640000
0.65010000	0.47680000
0.65010000	0.46170000
0.62690000	0.45420000
0.62690000	0.44730000
0.62690000	0.44060000
0.62690000	0.43400000
0.62690000	0.42750000
0.60370000	0.42110000
0.60370000	0.41480000
0.65010000	0.50890000
0.76620000	0.48790000
0.99840000	0.48000000
1.06810000	0.44410000
1.13780000	0.43780000
0.97520000	0.38100000
0.85910000	0.37310000
0.76620000	0.36750000
0.74300000	0.36200000
0.74300000	0.38070000
0.71980000	0.35280000
0.92880000	0.40080000
0.95200000	0.37180000
0.90560000	0.36450000
0.92880000	0.36430000
0.88230000	0.33980000
1.06810000	0.40680000
1.41640000	0.66360000
1.39320000	1.12340000
1.23060000	1.28250000
1.13780000	1.07250000
1.06810000	0.93170000
0.99840000	0.79870000
0.95200000	0.69630000
1.02170000	2.71120000
6.89620000	5.68320000
5.85130000	6.85440000
13.07250000	11.98450000
18.99350000	10.48870000
16.74120000	17.84880000
53.63690000	22.66050000
34.13260000	22.50770000
29.25650000	26.91140000
26.23790000	24.04580000
15.99820000	19.66300000
11.54010000	14.44320000
8.45190000	10.70230000
7.12840000	11.37590000
7.66240000	8.92960000
6.84970000	7.36380000
6.98900000	6.33380000
7.05870000	6.08670000
7.12840000	5.67640000
6.17640000	5.19130000
6.38530000	8.28630000
6.75690000	14.47870000
6.22280000	12.86510000
5.71200000	7.75500000
4.99220000	7.05080000
4.48130000	5.92550000
4.06340000	5.43270000
3.69190000	4.98280000
3.39000000	4.57600000
3.22750000	7.94290000
5.36370000	21.01540000
47.36760000	35.03970000
35.29350000	29.79840000
18.66840000	17.80530000
12.84030000	16.61090000
16.36970000	20.11650000
15.64990000	18.65240000
11.67940000	11.84520000
9.00910000	8.57020000
7.45340000	7.13450000
6.29250000	6.02260000
5.43330000	5.17560000
4.82960000	4.61630000
4.38850000	4.30440000
4.06340000	4.03370000
3.76150000	3.66790000
3.69190000	3.36260000
3.52940000	3.15210000
3.25070000	3.57960000
3.06500000	3.83220000
3.27390000	7.90150000
3.18110000	5.88750000
3.06500000	5.53060000
3.04170000	4.92940000
3.01850000	4.50960000
2.97210000	4.07620000
2.85600000	3.68580000
2.80960000	3.62690000
2.90240000	3.75960000
3.41330000	3.58880000
3.08820000	3.65840000
3.13460000	3.32680000
6.01380000	7.00370000
8.91630000	14.23180000
13.53690000	21.72760000
24.38040000	25.30200000
23.68380000	37.46780000
67.56850000	61.31580000
41.79500000	43.54480000
20.06160000	18.34160000
13.07250000	11.92500000
9.54320000	9.68450000
7.49990000	9.54710000
6.33890000	8.63220000
5.41010000	6.89400000
4.76000000	6.30010000
4.29560000	5.57570000
3.94730000	4.86760000
3.66870000	4.30280000
3.48290000	5.40870000
4.10980000	13.11970000
3.97050000	10.06110000
3.50610000	6.80500000
3.69190000	5.92500000
3.50610000	5.11200000
3.43650000	4.46240000
5.06180000	12.04870000
6.54790000	11.41160000
4.82960000	6.97490000
4.04020000	6.24220000
3.64540000	5.43850000
3.85440000	4.72800000
4.04020000	7.22100000
3.83120000	7.11710000
3.62220000	5.60850000
3.25070000	5.10650000
3.04170000	4.49600000
2.94890000	3.96500000
4.55100000	8.23170000
38.31200000	36.31570000
41.33060000	32.56640000
20.22410000	16.07510000
12.72420000	10.16340000
9.28780000	8.46550000
7.89460000	7.01340000
6.84970000	5.90320000
5.92100000	5.06090000
5.10830000	4.41970000
4.64390000	3.92940000
4.99220000	3.55250000
5.03860000	3.26450000
4.71350000	3.05130000
5.03860000	2.87590000
6.31570000	3.55160000
7.73210000	3.91190000
7.33730000	4.06890000
6.80330000	3.98910000
6.38530000	3.85830000
6.03700000	3.96060000
5.80490000	3.97100000
5.71200000	4.02810000
5.54940000	4.10860000
5.54940000	4.98390000
6.06030000	7.29330000
7.89460000	8.40900000
8.54470000	6.70340000
7.66240000	6.10930000
8.61440000	5.39060000
6.82650000	4.60880000
5.61910000	4.00480000
4.96900000	3.54360000
5.47980000	3.25160000
5.29400000	4.16240000
5.03860000	4.72960000
5.68880000	5.38020000
6.84970000	5.91020000
8.08040000	6.45310000
10.61130000	9.11320000
12.09730000	8.23310000
11.02920000	9.15270000
10.47200000	9.45430000
8.66080000	7.25640000
7.33730000	6.57330000
6.36210000	5.83720000
5.87450000	5.21850000
5.80490000	5.03190000
6.08350000	5.00750000
6.61750000	5.07580000
7.56950000	5.10890000
8.68410000	5.15810000
10.93630000	5.27570000
11.67940000	5.44860000
11.21500000	5.49010000
11.44720000	5.53510000
12.32950000	6.50210000
12.88680000	5.87090000
12.60810000	5.87950000
10.58810000	5.86340000
9.33420000	5.90740000
10.30940000	9.28600000
14.23350000	8.48080000
14.34960000	12.19910000
18.71490000	16.92110000
21.17610000	16.65470000
23.91600000	14.78760000
21.52440000	12.67220000
16.25360000	10.87910000
13.11900000	10.16340000
11.54010000	9.92570000
10.91310000	10.99040000
10.61130000	12.67400000
11.70260000	15.22900000
12.74750000	16.22110000
12.65460000	19.08240000
11.84190000	16.81060000
10.63450000	19.58360000
9.61280000	19.85940000
8.66080000	15.23680000
7.75530000	10.80060000
7.19800000	10.71760000
8.19650000	12.39030000
9.28780000	13.94710000
10.88990000	14.29810000
14.99970000	13.97690000
14.99970000	16.19590000
11.37750000	15.84200000
9.03240000	12.16020000
8.03390000	9.48630000
7.75530000	8.58630000
7.63920000	7.90550000
7.31410000	7.33880000
7.43020000	8.68940000
7.49990000	10.66690000
6.98900000	8.18580000
6.61750000	6.57760000
6.54790000	6.29310000
6.68720000	7.61160000
6.43180000	5.83580000
6.78010000	5.92540000
6.66400000	7.29020000
7.33730000	7.93040000
7.12840000	7.82960000
6.61750000	6.63530000
6.29250000	5.90650000
5.82810000	5.59180000
6.26920000	5.03830000
7.66240000	6.74730000
7.77850000	5.90690000
7.03550000	5.44560000
10.56480000	9.74400000
11.58650000	10.29230000
12.09730000	8.80670000
12.79390000	11.37530000
14.30320000	13.20920000
12.53850000	9.10800000
11.72580000	12.01780000
16.11430000	13.70300000
15.53380000	11.06090000
14.07100000	8.72510000
13.09580000	10.85900000
13.32790000	12.79380000
14.90690000	13.15650000
20.20090000	9.34070000
16.23040000	7.35240000
13.18860000	6.36110000
11.51680000	5.41580000
9.35740000	4.69040000
8.05710000	4.14010000
7.61600000	3.71840000
7.33730000	3.39300000
7.26770000	3.14080000
7.45340000	2.93610000
6.96580000	2.76690000
6.01380000	2.63930000
5.47980000	2.53540000
5.01540000	2.44920000
4.71350000	2.37630000
4.94570000	2.31360000
4.31880000	2.25850000
4.10980000	2.20940000
3.76150000	2.16480000
3.64540000	2.17330000
3.50610000	2.10820000
3.18110000	2.05020000
3.11140000	2.01500000
3.39000000	2.05000000
3.36680000	1.95500000
2.99530000	1.91960000
2.83280000	1.88960000
2.67020000	1.86040000
2.57740000	1.83190000
2.46130000	1.80610000
2.32190000	1.77660000
2.18260000	1.74950000
2.08970000	1.72310000
1.97370000	1.69710000
1.88080000	1.67150000
1.81110000	1.64640000
1.74150000	1.62160000
1.67180000	1.59720000
1.60210000	1.57320000
1.53250000	1.54960000
1.48600000	1.52640000
1.48600000	1.50340000
1.55570000	1.52080000
1.57890000	1.46040000
1.43960000	1.43680000
1.36990000	1.41520000
1.32350000	1.39400000
1.25380000	1.37310000
1.23060000	1.35250000
1.20740000	1.33220000
1.16100000	1.31220000
1.13780000	1.29250000
1.09130000	1.27310000
1.06810000	1.25400000
1.04490000	1.23520000
1.02170000	1.21670000
0.99840000	1.19840000
0.97520000	1.18050000
0.97520000	1.16280000
0.95200000	1.14530000
0.92880000	1.12810000
0.92880000	1.11120000
0.92880000	1.09450000
0.92880000	1.07810000
0.92880000	1.06350000
0.92880000	1.09350000
1.02170000	1.10090000
0.95200000	1.05030000
0.92880000	1.03710000
2.04330000	1.16370000
1.76470000	1.06330000
1.36990000	0.95890000
1.16100000	0.94100000
1.20740000	1.00340000
1.09130000	0.94840000
0.99840000	0.90060000
0.95200000	0.88580000
0.95200000	0.93600000
1.55570000	0.95400000
1.48600000	0.88480000
1.25380000	0.83620000
1.13780000	0.82140000
1.06810000	0.80900000
1.02170000	0.79690000
0.97520000	0.78490000
0.95200000	0.77320000
0.92880000	0.76160000
0.92880000	0.75080000
0.92880000	0.73890000
0.90560000	0.72780000
0.90560000	0.71690000
0.90560000	0.71620000
0.90560000	0.69600000
0.88230000	0.68510000
0.85910000	0.67480000
0.99840000	0.72360000
0.92880000	0.65720000
0.88230000	0.64490000
0.85910000	0.63520000
0.83590000	0.62570000
0.83590000	0.61630000
0.78950000	0.60710000
0.76620000	0.59800000
0.76620000	0.58900000
0.76620000	0.58020000
0.76620000	0.57150000
0.76620000	0.56290000
0.74300000	0.55450000
0.74300000	0.54610000
0.74300000	0.53790000
0.74300000	0.55120000
0.74300000	0.58170000
1.09130000	0.70070000
1.76470000	0.73660000
2.43800000	1.83400000
1.81110000	2.53140000
1.50930000	2.44900000
1.34670000	2.23410000
1.30030000	2.05220000
1.55570000	2.45870000
1.39320000	3.36860000
2.53090000	4.70270000
3.57580000	5.39160000
3.83120000	8.92480000
13.02610000	12.17640000
11.79550000	12.16100000
8.77690000	12.73930000
13.23510000	13.48790000
11.49360000	11.43270000
8.33580000	9.57160000
19.48110000	19.92520000
18.94700000	20.59360000
12.23660000	11.64910000
8.73050000	9.24150000
7.19800000	8.79260000
7.26770000	9.21770000
5.73520000	9.82020000
6.19960000	9.98810000
5.85130000	11.48220000
8.52150000	11.35430000
8.70730000	13.77560000
8.42870000	12.23730000
7.31410000	8.81030000
9.86830000	14.97870000
20.08480000	21.67570000
18.76130000	20.33560000
13.46730000	14.67950000
12.16700000	14.53780000
12.37600000	18.28210000
64.78220000	44.90150000
63.15680000	48.54900000
26.93450000	27.01520000
16.53220000	20.32320000
20.68850000	28.55340000
18.55230000	27.91290000
15.34800000	21.10540000
12.46880000	14.11780000
11.19180000	12.12280000
9.70570000	10.31190000
8.49830000	7.57540000
7.63920000	6.42600000
7.40700000	23.53730000
52.47590000	41.33530000
53.40470000	54.09080000
135.83360000	78.21880000
148.60430000	68.28650000
54.10130000	35.01040000
20.24730000	16.64410000
12.53850000	11.33020000
11.40070000	12.75910000
9.77540000	11.46580000
8.77690000	7.94060000
7.54630000	6.87330000
7.45340000	9.68090000
11.47040000	19.14720000
10.98280000	22.25930000
9.14850000	15.59970000
7.84820000	8.47530000
7.45340000	10.06950000
8.49830000	15.26690000
10.88990000	16.48050000
10.75060000	11.88700000
9.31100000	7.62200000
7.96430000	6.67850000
6.98900000	5.78080000
6.24600000	5.02510000
5.68880000	4.44550000
7.89460000	4.00060000
10.33260000	3.65700000
8.24290000	3.37430000
7.03550000	3.17900000
6.03700000	3.01170000
5.57270000	2.87680000
5.10830000	2.76630000
4.76000000	2.67440000
4.41170000	2.59640000
4.17950000	2.54360000
4.10980000	2.48150000
4.06340000	2.42570000
4.01700000	2.37540000
3.99370000	2.32930000
3.97050000	2.28650000
4.06340000	2.24640000
3.71510000	2.20830000
3.48290000	2.17180000
3.22750000	2.13680000
3.01850000	2.10290000
2.92560000	2.07000000
2.94890000	2.03790000
3.25070000	2.00650000
2.94890000	1.97580000
2.97210000	1.94580000
3.85440000	1.91630000
13.69950000	9.52190000
27.63110000	20.07320000
32.73940000	26.45190000
32.97160000	24.15760000
18.34330000	17.67180000
13.72270000	13.09620000
11.77220000	10.15210000
9.98440000	8.21250000
8.59120000	7.07680000
7.54630000	6.04420000
6.66400000	5.13560000
5.96740000	4.48130000
5.41010000	3.98840000
4.92250000	3.56350000
4.52780000	3.23430000
4.22590000	2.97900000
4.06340000	2.77930000
3.76150000	2.62130000
3.57580000	2.49470000
3.78480000	2.43440000
3.97050000	5.50450000
5.89770000	12.03650000
10.33260000	15.43610000
12.74750000	20.38080000
20.96710000	20.55290000
15.44090000	14.67840000
11.21500000	10.10850000
9.40390000	8.63970000
8.66080000	7.66710000
8.35900000	6.90530000
8.35900000	9.18070000
11.51680000	14.86410000
13.65300000	18.86970000
18.22720000	19.17150000
17.25200000	17.64610000
16.46260000	16.06320000
13.53690000	12.06900000
11.19180000	13.45810000
46.90320000	41.55420000
45.51010000	44.89180000
20.59560000	25.67780000
14.00130000	12.26240000
10.75060000	9.99220000
8.91630000	8.24090000
7.80170000	6.87670000
7.08190000	5.85080000
6.61750000	5.07510000
6.29250000	4.47660000
6.12990000	4.30990000
6.03700000	4.36070000
6.43180000	6.69180000
7.33730000	7.47190000
6.43180000	5.58120000
6.01380000	5.25470000
5.71200000	4.64550000
5.68880000	4.10940000
5.41010000	3.71400000
5.15470000	3.38140000
4.80640000	3.44180000
4.69030000	3.39790000
4.41170000	3.13720000
4.24920000	2.92400000
4.01700000	2.75550000
3.83120000	2.62070000
3.71510000	2.51130000
3.69190000	2.44800000
3.85440000	2.36660000
3.73830000	2.29480000
3.73830000	2.25130000
3.73830000	2.57520000
3.57580000	2.81480000
3.64540000	2.81890000
3.59900000	3.01930000
3.43650000	3.09980000
3.29720000	3.02070000
3.29720000	2.78540000
3.25070000	2.74210000
3.22750000	3.24830000
3.85440000	3.85570000
5.03860000	4.53080000
5.47980000	5.24960000
6.47820000	12.37580000
20.08480000	24.23640000
44.58130000	29.98140000
22.47640000	23.37590000
14.18710000	16.22400000
10.70420000	14.48830000
10.07720000	10.92640000
8.61440000	8.52600000
7.38380000	7.32090000
6.73360000	6.15440000
6.47820000	5.26300000
6.68720000	6.80410000
6.87290000	5.92720000
6.89620000	5.37880000
6.96580000	4.77130000
7.43020000	4.17070000
7.87140000	3.70970000
8.70730000	3.43550000
9.89150000	7.22620000
11.00600000	7.90220000
10.30940000	7.30910000
9.98440000	8.58240000
8.80020000	9.35430000
7.75530000	8.35000000
7.03550000	6.87950000
6.45500000	7.91270000
6.15310000	6.71300000
5.85130000	6.25010000
6.15310000	8.83630000
6.68720000	9.92970000
7.29090000	10.40640000
7.84820000	10.50560000
8.35900000	10.62920000
8.59120000	10.89360000
8.96270000	12.68340000
10.82030000	14.70850000
9.45030000	12.52250000
8.08040000	9.00780000
7.43020000	8.99220000
7.66240000	9.06680000
7.98750000	9.08390000
8.05710000	8.80150000
7.66240000	8.44760000
7.94100000	9.46520000
8.66080000	10.53580000
9.89150000	11.89540000
9.68250000	11.08780000
9.17170000	9.80840000
9.05560000	9.66100000
9.10200000	9.09720000
8.54470000	7.41050000
8.52150000	9.16310000
8.82340000	11.30780000
8.12680000	10.60540000
7.66240000	7.89060000
7.19800000	10.14110000
7.43020000	10.85060000
7.19800000	9.07690000
6.73360000	7.37590000
6.96580000	6.22870000
7.89460000	5.46660000
6.96580000	5.20270000
6.03700000	4.80080000
5.10830000	4.67500000
5.34050000	4.14420000
6.03700000	3.73110000
6.96580000	4.04880000
6.26920000	4.03010000
7.19800000	3.80440000
8.35900000	3.67850000
7.66240000	5.75010000
7.43020000	7.20950000
6.73360000	5.49330000
6.26920000	5.30790000
6.03700000	5.20320000
6.73360000	6.49040000
6.03700000	5.62310000
6.96580000	5.40060000
7.89460000	7.95370000
7.19800000	7.60480000
6.50140000	6.12600000
6.03700000	5.50330000
5.80490000	4.71470000
5.68880000	4.14020000
5.57270000	3.97830000
5.45660000	3.97550000
6.50140000	3.69270000
6.36210000	3.30820000
5.87450000	3.01190000
5.64230000	2.78200000
5.82810000	2.60170000
5.94420000	2.45870000
5.41010000	2.34390000
4.87610000	2.25030000
4.38850000	2.17270000
4.04020000	2.10720000
3.78480000	2.05100000
3.52940000	2.00170000
3.25070000	1.95780000
2.97210000	1.91800000
2.80960000	1.88150000
2.71670000	1.84740000
2.50770000	1.81530000
2.43800000	1.80560000
2.34520000	1.77950000
2.29870000	1.72830000
2.15940000	1.70000000
2.04330000	1.67350000
1.97370000	1.64760000
1.90400000	1.62230000
1.83430000	1.59750000
1.76470000	1.57320000
1.76470000	1.54940000
1.83430000	1.53320000
1.67180000	1.50320000
1.60210000	1.48030000
1.50930000	1.45800000
1.48600000	1.43610000
1.43960000	1.41450000
1.36990000	1.39320000
1.34670000	1.37230000
1.30030000	1.35170000
1.27710000	1.33140000
1.25380000	1.31150000
1.25380000	1.29170000
1.25380000	1.32050000
1.30030000	1.25540000
1.20740000	1.23470000
1.18420000	1.21600000
1.27710000	1.23190000
1.18420000	1.18120000
1.13780000	1.16210000
1.09130000	1.14460000
1.06810000	1.12750000
1.02170000	1.11060000
0.99840000	1.09390000
0.99840000	1.07750000
0.97520000	1.06130000
0.95200000	1.04540000
0.92880000	1.02970000
0.90560000	1.01430000
0.90560000	0.99910000
0.88230000	0.98410000
0.88230000	0.96930000
0.88230000	0.95480000
0.85910000	0.95060000
0.88230000	0.95720000
1.09130000	1.01910000
1.20740000	0.94070000
1.02170000	0.88680000
0.97520000	0.91120000
1.04490000	0.86060000
0.92880000	0.84600000
0.88230000	0.83330000
0.85910000	0.82080000
0.81270000	0.80850000
0.81270000	0.79640000
0.81270000	0.80120000
0.81270000	0.77490000
0.81270000	0.76120000
0.78950000	0.74970000
0.76620000	0.73840000
0.76620000	0.73290000
0.76620000	0.73900000
0.76620000	0.70660000
0.74300000	0.69510000
0.74300000	0.68470000
0.71980000	0.67440000
0.69660000	0.66430000
0.69660000	0.65430000
0.67340000	0.64450000
0.67340000	0.63490000
0.67340000	0.62530000
0.67340000	0.61600000
0.65010000	0.60670000
0.65010000	0.59760000
0.65010000	0.58870000
0.65010000	0.57980000
0.65010000	0.57110000
0.65010000	0.56260000
0.65010000	0.55410000
0.65010000	0.54580000
0.65010000	0.53760000
0.62690000	0.52960000
0.62690000	0.52160000
0.62690000	0.51380000
0.62690000	0.50610000
0.62690000	0.49850000
0.62690000	0.49100000
0.62690000	0.48360000
0.62690000	0.47640000
0.60370000	0.46920000
0.58050000	0.46220000
0.58050000	0.45530000
0.58050000	0.44840000
0.58050000	0.44170000
0.60370000	0.46960000
0.62690000	0.45650000
0.62690000	0.42320000
0.62690000	0.41580000
0.60370000	0.40960000
0.62690000	0.47980000
0.69660000	0.42860000
0.74300000	0.42200000
0.88230000	0.51140000
1.06810000	0.43710000
0.90560000	0.40030000
0.81270000	0.36990000
0.76620000	0.36340000
0.71980000	0.35800000
0.67340000	0.35260000
0.69660000	0.41410000
0.76620000	0.34860000
0.76620000	0.33740000
0.71980000	0.33200000
0.81270000	0.49560000
4.89930000	1.66300000
3.78480000	3.34890000
2.34520000	3.25200000
2.29870000	3.50190000
2.55410000	3.79040000
2.29870000	3.87010000
3.29720000	5.78650000
8.80020000	7.45470000
8.40540000	7.60890000
6.29250000	7.38950000
4.87610000	6.52830000
4.73680000	7.90200000
6.06030000	8.82360000
5.94420000	9.65940000
9.19490000	18.41180000
18.13440000	21.43030000
12.65460000	13.18380000
8.89300000	9.51260000
6.91940000	7.66860000
6.54790000	13.98590000
21.12970000	20.89850000
15.83560000	19.14590000
11.86510000	11.42800000
10.88990000	8.89690000
10.72740000	7.32650000
8.26610000	6.09130000
9.42710000	7.49170000
12.81710000	10.30340000
11.74900000	10.04770000
12.07410000	11.95960000
26.70230000	26.69760000
32.73940000	28.57670000
19.78290000	29.86280000
18.92380000	26.43670000
20.03840000	25.56730000
16.85730000	18.26840000
14.88360000	19.61150000
19.55080000	26.42480000
15.67310000	18.47570000
11.58650000	9.90490000
9.05560000	8.42750000
7.56950000	7.07590000
6.54790000	5.99130000
5.85130000	5.16840000
5.36370000	4.53860000
4.76000000	4.05630000
4.69030000	3.74720000
4.36530000	4.13460000
4.08660000	4.77710000
3.87760000	4.53990000
3.69190000	4.18500000
3.50610000	3.86230000
3.41330000	3.70350000
3.27390000	3.61330000
3.13460000	3.59730000
3.01850000	3.57160000
2.85600000	3.60740000
2.76310000	6.99900000
3.39000000	5.56700000
2.99530000	5.35540000
2.87920000	4.80720000
2.69350000	4.21640000
2.57740000	3.72750000
2.43800000	3.35110000
2.32190000	3.06050000
2.25230000	2.83430000
2.34520000	2.65660000
2.71670000	2.51540000
2.41480000	2.40160000
2.27550000	2.30850000
2.25230000	2.23120000
2.29870000	2.47940000
5.01540000	6.12320000
4.59740000	5.32150000
4.13310000	5.02850000
3.80800000	4.53100000
3.55260000	3.97540000
3.41330000	3.48470000
3.32040000	3.10660000
11.95800000	10.65700000
22.40670000	14.32980000
16.69480000	13.58560000
12.79390000	11.46580000
14.37280000	20.62900000
27.63110000	30.60040000
29.95310000	33.05380000
25.54140000	30.98480000
21.87270000	25.63050000
16.76440000	17.98940000
12.86360000	13.28330000
10.21650000	10.56480000
8.56800000	9.34270000
7.43020000	7.42750000
6.59430000	6.58340000
6.01380000	6.00090000
5.57270000	6.12120000
5.08510000	6.23350000
4.73680000	5.54820000
4.43490000	5.13730000
4.27240000	4.78710000
4.24920000	4.52500000
4.15630000	4.46030000
4.29560000	6.23080000
4.01700000	5.16900000
3.83120000	5.08800000
4.10980000	5.43230000
3.85440000	5.08150000
4.15630000	4.55760000
5.41010000	12.88330000
7.70880000	15.42180000
7.22120000	13.28970000
7.19800000	13.21500000
7.68560000	12.04140000
9.03240000	8.83000000
9.45030000	7.23470000
8.80020000	6.40820000
8.19650000	5.80930000
7.38380000	5.17660000
6.68720000	4.58770000
6.31570000	4.32650000
5.99060000	4.79290000
5.71200000	4.81350000
5.36370000	4.57160000
5.08510000	4.37830000
4.85290000	3.87760000
4.59740000	3.47900000
4.34200000	3.17150000
4.15630000	2.93240000
4.10980000	2.74500000
4.48130000	2.59630000
5.41010000	2.47670000
6.31570000	2.42920000
5.99060000	2.33790000
5.92100000	3.15070000
5.45660000	4.32690000
4.82960000	4.84610000
4.41170000	4.56790000
4.08660000	4.11920000
3.90090000	3.83640000
3.71510000	3.65660000
3.62220000	3.52380000
3.62220000	3.42250000
3.71510000	3.35180000
3.80800000	3.32330000
3.50610000	3.24140000
3.20430000	2.97440000
2.99530000	2.72250000
2.87920000	2.70000000
2.97210000	2.85590000
3.41330000	3.03450000
4.64390000	3.42170000
4.24920000	4.09880000
3.80800000	4.18780000
3.45970000	3.94980000
3.08820000	3.45620000
2.85600000	3.05790000
3.01850000	3.39330000
3.01850000	4.36770000
2.76310000	4.64940000
2.67020000	4.67120000
2.78630000	4.57820000
2.87920000	4.40420000
2.99530000	4.90240000
3.85440000	9.62790000
10.98280000	19.59310000
18.20400000	18.45820000
12.21340000	12.36120000
9.19490000	8.94410000
7.56950000	7.68660000
6.71040000	7.87540000
5.89770000	6.92790000
5.22440000	6.21250000
4.73680000	5.37300000
4.59740000	4.59850000
5.13150000	4.04030000
5.24760000	4.12610000
6.40860000	8.61240000
7.75530000	9.12860000
6.80330000	6.91100000
6.01380000	6.32980000
5.71200000	5.68900000
5.73520000	4.84350000
5.54940000	4.18640000
5.29400000	3.68530000
4.92250000	3.30140000
4.92250000	3.00550000
4.76000000	2.88630000
6.47820000	2.64010000
5.59590000	2.45940000
4.99220000	2.33750000
4.55100000	2.24370000
4.24920000	2.16620000
4.01700000	2.10080000
3.73830000	2.04460000
3.52940000	1.99540000
3.39000000	1.95160000
3.22750000	1.91190000
3.01850000	1.87540000
2.76310000	1.84140000
2.60060000	1.80940000
2.48450000	1.77900000
2.41480000	1.74980000
2.34520000	1.72170000
2.36840000	1.71930000
2.18260000	1.66910000
2.08970000	1.64230000
2.32190000	1.63500000
2.04330000	1.59310000
1.90400000	1.56810000
1.85760000	1.54440000
1.76470000	1.52100000
1.67180000	1.49800000
1.60210000	1.47550000
1.55570000	1.45330000
1.50930000	1.43140000
1.46280000	1.40990000
1.41640000	1.38870000
1.39320000	1.36790000
1.36990000	1.34910000
1.32350000	1.36170000
1.62540000	1.40110000
2.20580000	1.39730000
2.04330000	1.33080000
1.67180000	1.25160000
1.55570000	1.23560000
1.50930000	1.21980000
1.43960000	1.19410000
1.36990000	1.17590000
1.30030000	1.15830000
1.27710000	1.14090000
1.23060000	1.12380000
1.18420000	1.10690000
1.13780000	1.09030000
1.11450000	1.07400000
1.09130000	1.05790000
1.06810000	1.04200000
1.09130000	1.05650000
1.48600000	1.08510000
1.27710000	1.02770000
1.13780000	0.98210000
1.11450000	0.96620000
1.06810000	0.95170000
1.20740000	1.03710000
1.57890000	1.01130000
1.46280000	0.94490000
1.43960000	0.94470000
1.36990000	0.90040000
1.30030000	0.86980000
1.25380000	0.88750000
1.34670000	0.84580000
1.23060000	0.83070000
1.18420000	0.81820000
1.16100000	0.80590000
1.11450000	0.79380000
1.09130000	0.78190000
1.04490000	0.77020000
1.02170000	0.75860000
0.99840000	0.74720000
0.99840000	0.73600000
0.99840000	0.72500000
1.04490000	0.76360000
1.36990000	0.77040000
1.27710000	0.69640000
1.13780000	0.68250000
1.04490000	0.67220000
0.99840000	0.66210000
0.97520000	0.65220000
0.95200000	0.64240000
0.92880000	0.63280000
0.90560000	0.62330000
0.88230000	0.61400000
0.88230000	0.60470000
0.85910000	0.59570000
0.85910000	0.58670000
0.85910000	0.57790000
0.92880000	0.68510000
1.50930000	0.66960000
1.30030000	0.56290000
1.06810000	0.55950000
0.97520000	0.53650000
0.92880000	0.52780000
0.88230000	0.51990000
0.85910000	0.51210000
0.83590000	0.50440000
0.83590000	0.49690000
0.81270000	0.48940000
0.81270000	0.48210000
0.78950000	0.47480000
0.76620000	0.46770000
0.76620000	0.46070000
0.74300000	0.45380000
0.76620000	0.48420000
0.78950000	0.44180000
0.74300000	0.43370000
0.71980000	0.42720000
0.71980000	0.42080000
0.69660000	0.41450000
0.69660000	0.40820000
0.69660000	0.40210000
0.69660000	0.39610000
0.67340000	0.39010000
0.67340000	0.38430000
0.67340000	0.37850000
0.67340000	0.43840000
0.85910000	0.43540000
0.83590000	0.38680000
0.81270000	0.35810000
0.74300000	0.48120000
2.46130000	0.51420000
1.69500000	0.34760000
1.23060000	0.33540000
1.06810000	0.33040000
1.02170000	0.32540000
0.97520000	0.32050000
0.95200000	0.31570000
0.90560000	0.31100000
0.88230000	0.30630000
0.85910000	0.30170000
0.81270000	0.29720000
0.81270000	0.30620000
0.81270000	0.32220000
0.85910000	0.28680000
0.81270000	0.27980000
0.95200000	0.54320000
6.61750000	6.47660000
11.54010000	7.04480000
7.01230000	6.65310000
5.38690000	5.91520000
4.22590000	5.03280000
3.45970000	4.23170000
2.94890000	3.45600000
2.60060000	2.86310000
2.34520000	2.42600000
2.20580000	2.11510000
2.04330000	1.83780000
1.85760000	1.74610000
1.74150000	1.96070000
1.62540000	1.72560000
1.57890000	1.81740000
1.50930000	1.63330000
1.41640000	1.47270000
1.34670000	1.35140000
1.30030000	1.25700000
1.62540000	1.18620000
1.34670000	1.12310000
1.25380000	1.07480000
1.20740000	1.08110000
1.34670000	1.09630000
1.32350000	1.95620000
1.81110000	2.81720000
1.83430000	3.46940000
1.85760000	3.63620000
1.92720000	3.78990000
1.78790000	3.62240000
1.71820000	3.03250000
1.64860000	2.56690000
1.57890000	2.21330000
1.50930000	1.94380000
1.46280000	1.73740000
1.46280000	1.60950000
1.46280000	1.55480000
1.74150000	2.92070000
2.67020000	6.06630000
4.59740000	6.44690000
3.99370000	6.53850000
4.73680000	6.42710000
5.13150000	6.31700000
4.64390000	7.50800000
8.61440000	8.71270000
8.77690000	12.03150000
7.66240000	8.53500000
6.40860000	7.29030000
7.15160000	8.77750000
8.01070000	10.57540000
7.54630000	7.82870000
7.12840000	6.88380000
6.52470000	5.92510000
5.85130000	5.24480000
5.45660000	6.12240000
5.82810000	8.66040000
6.15310000	10.49540000
5.85130000	7.66590000
6.38530000	6.69160000
8.59120000	9.17600000
7.36060000	8.33620000
5.82810000	6.62480000
4.87610000	5.68930000
4.22590000	4.86140000
3.94730000	4.19180000
3.80800000	3.67990000
3.39000000	3.28800000
5.45660000	2.98610000
5.22440000	2.75190000
4.57420000	2.56850000
4.01700000	2.42350000
3.62220000	2.30720000
3.29720000	2.21270000
3.06500000	2.13460000
2.90240000	2.06880000
2.87920000	2.01250000
2.73990000	1.96340000
2.62380000	1.91970000
2.46130000	1.88030000
2.27550000	1.84410000
2.18260000	1.81040000
5.27080000	2.07690000
5.08510000	3.45030000
4.36530000	3.64090000
4.04020000	3.42650000
3.64540000	3.10130000
3.52940000	2.75510000
3.50610000	2.48550000
3.34360000	2.27690000
4.20270000	2.14300000
5.96740000	2.74720000
5.99060000	3.47370000
5.75840000	3.46200000
6.06030000	3.24650000
5.57270000	2.90780000
4.99220000	2.58780000
4.45810000	2.33960000
3.99370000	2.14740000
3.62220000	1.99740000
3.34360000	1.87910000
3.08820000	1.78470000
2.99530000	1.70820000
2.80960000	1.64530000
2.57740000	1.59270000
2.32190000	1.54780000
2.20580000	1.50890000
2.20580000	1.47450000
2.20580000	1.44350000
2.08970000	1.41530000
2.04330000	1.38910000
1.99690000	1.36450000
1.95040000	1.34120000
1.90400000	1.31900000
1.85760000	1.29770000
1.83430000	1.27700000
1.81110000	1.25700000
1.78790000	1.23750000
1.76470000	1.21840000
1.74150000	1.19980000
1.71820000	1.18150000
1.71820000	1.16360000
1.69500000	1.14600000
2.32190000	1.12870000
23.45160000	1.89260000
23.19620000	6.17050000
16.69480000	6.28700000
11.65620000	6.13730000
9.03240000	5.67480000
7.52310000	5.01310000
6.50140000	4.35630000
5.75840000	3.76910000
5.15470000	3.20450000
4.66710000	2.83010000
4.27240000	2.50710000
4.06340000	2.24860000
3.92410000	2.04810000
3.97050000	2.25290000
4.10980000	2.40070000
4.27240000	2.56400000
4.31880000	2.99350000
4.15630000	3.07440000
3.94730000	2.97040000
3.73830000	2.80480000
3.55260000	2.47010000
3.25070000	2.20280000
3.01850000	1.99700000
2.78630000	1.83740000
2.76310000	1.71270000
2.73990000	1.61410000
2.67020000	1.53530000
2.53090000	1.47120000
2.41480000	1.41840000
2.29870000	1.37410000
2.20580000	1.33620000
2.11300000	1.30320000
2.04330000	1.27390000
1.99690000	1.24750000
1.95040000	1.22330000
1.95040000	1.21300000
1.95040000	1.21570000
1.97370000	1.35490000
3.25070000	3.98200000
5.54940000	6.75870000
7.24450000	6.64440000
7.10510000	6.18970000
7.36060000	5.62610000
7.36060000	4.92410000
6.82650000	4.25820000
6.12990000	3.76190000
5.50300000	3.36970000
4.99220000	3.07110000
5.87450000	6.70370000
15.32480000	9.85410000
11.42400000	7.57890000
8.82340000	6.81610000
8.24290000	6.43130000
7.31410000	6.80330000
7.17480000	6.58850000
6.87290000	6.32200000
10.56480000	11.37320000
22.22100000	17.46020000
16.55540000	14.09270000
11.98120000	8.87740000
9.56640000	7.64210000
8.08040000	6.43450000
7.12840000	5.47740000
6.59430000	4.97760000
6.06030000	4.81920000
5.71200000	4.92570000
6.33890000	6.80630000
6.94260000	8.23880000
8.33580000	9.29420000
8.70730000	7.22430000
7.84820000	6.57440000
7.29090000	6.77040000
7.10510000	8.68770000
7.52310000	10.60170000
9.93790000	12.02570000
9.86830000	11.67280000
9.38060000	11.50310000
8.45190000	9.79100000
7.61600000	7.78080000
7.05870000	8.28450000
6.84970000	8.25020000
6.78010000	8.34340000
6.98900000	9.56900000
7.80170000	10.21750000
7.54630000	9.00500000
7.17480000	7.32320000
7.22120000	9.38910000
7.63920000	10.22940000
7.82490000	10.47250000
8.08040000	11.01690000
9.05560000	13.69360000
10.30940000	16.92700000
12.19020000	16.59510000
10.84350000	13.76070000
12.12050000	17.91440000
17.29850000	19.92820000
15.48740000	18.20730000
15.39450000	16.69160000
13.76910000	15.46730000
13.21190000	14.75250000
12.16700000	14.85230000
12.51530000	14.65150000
11.86510000	14.37130000
11.91160000	14.84330000
11.60970000	14.90380000
12.81710000	16.01600000
15.32480000	17.00120000
16.88050000	17.87840000
16.04460000	17.36910000
12.86360000	15.38310000
11.21500000	13.61120000
10.03080000	13.11420000
10.10040000	13.91450000
10.91310000	13.88060000
10.98280000	12.24920000
10.21650000	12.14130000
9.28780000	14.27310000
8.59120000	14.66260000
7.89460000	10.22900000
7.31410000	8.37710000
6.84970000	7.69030000
6.38530000	7.05380000
6.03700000	8.12360000
5.80490000	11.75520000
5.45660000	12.40680000
5.10830000	10.06660000
6.03700000	11.81700000
5.57270000	12.15700000
5.10830000	11.42150000
4.64390000	9.84780000
4.29560000	7.93370000
4.17950000	7.22130000
3.94730000	6.20670000
4.64390000	11.51630000
5.80490000	13.14900000
5.92100000	13.05080000
6.03700000	13.62690000
7.19800000	13.92040000
9.28780000	9.74510000
8.35900000	7.44650000
7.19800000	6.29630000
6.50140000	5.41390000
5.80490000	4.67910000
5.34050000	4.86320000
4.87610000	4.30930000
4.41170000	3.84960000
4.17950000	3.48930000
3.94730000	3.25940000
4.64390000	3.77100000
7.66240000	11.87550000
6.96580000	8.78160000
6.26920000	6.39530000
5.68880000	5.39760000
5.34050000	4.68250000
5.10830000	4.11960000
4.76000000	3.67010000
4.41170000	3.31220000
4.17950000	3.25950000
4.17950000	3.74010000
3.94730000	4.03230000
3.71510000	3.97370000
3.59900000	3.75940000
3.48290000	3.36930000
3.36680000	3.05960000
3.25070000	2.81940000
3.13460000	2.63140000
3.01850000	2.48260000
2.97210000	2.36340000
2.90240000	2.26640000
2.83280000	2.25170000
2.78630000	2.15250000
2.78630000	2.08550000
2.83280000	2.04910000
2.87920000	2.01060000
2.92560000	1.92740000
3.01850000	1.94340000
3.48290000	2.58430000
3.71510000	3.99850000
3.94730000	4.30610000
4.17950000	4.56130000
4.41170000	4.34670000
4.41170000	3.94360000
4.17950000	3.71020000
3.94730000	3.24900000
3.71510000	2.89090000
3.48290000	2.64440000
3.48290000	2.39580000
3.36680000	2.21900000
3.13460000	2.08550000
3.01850000	1.97930000
2.94890000	1.89340000
2.73990000	1.82290000
2.55410000	1.76390000
2.41480000	1.71380000
2.29870000	1.67030000
2.20580000	1.63190000
2.08970000	1.59740000
2.02010000	1.56590000
1.92720000	1.53680000
1.85760000	1.51810000
1.78790000	1.48410000
1.76470000	1.46690000
1.71820000	1.43580000
1.71820000	1.43700000
1.69500000	1.42420000
1.57890000	1.37010000
1.50930000	1.34770000
1.46280000	1.32700000
1.39320000	1.30680000
1.36990000	1.28700000
1.41640000	1.31860000
1.88080000	1.32180000
1.50930000	1.23680000
1.36990000	1.21120000
1.30030000	1.19280000
1.27710000	1.17490000
1.23060000	1.15720000
1.18420000	1.13980000
1.13780000	1.12270000
1.11450000	1.10580000
1.09130000	1.08930000
1.06810000	1.07290000
1.04490000	1.05680000
1.02170000	1.04090000
1.02170000	1.02530000
0.97520000	1.00990000
0.95200000	0.99480000
0.95200000	0.97990000
0.92880000	0.96520000
0.95200000	0.97180000
1.02170000	0.95920000
0.92880000	0.92330000
0.90560000	0.90860000
0.90560000	0.89490000
0.88230000	0.88150000
0.85910000	0.86830000
0.85910000	0.85530000
0.85910000	0.86860000
0.97520000	0.85290000
0.90560000	0.83990000
0.85910000	0.80600000
0.83590000	0.79300000
0.81270000	0.78110000
0.78950000	0.76940000
0.78950000	0.75790000
0.76620000	0.74650000
0.74300000	0.73530000
0.74300000	0.72430000
0.74300000	0.71340000
0.71980000	0.70270000
0.71980000	0.69220000
0.69660000	0.68180000
0.69660000	0.67150000
0.69660000	0.66150000
0.88230000	0.71310000
1.13780000	0.71830000
0.88230000	0.63580000
0.78950000	0.62270000
0.74300000	0.61330000
0.71980000	0.60410000
0.71980000	0.61990000
0.76620000	0.61040000
1.04490000	0.64710000
1.36990000	0.62270000
1.23060000	0.60510000
1.02170000	0.56710000
0.92880000	0.54410000
0.99840000	0.55900000
0.92880000	0.52830000
0.85910000	0.51940000
0.85910000	0.59540000
1.62540000	0.70570000
1.53250000	1.39090000
1.27710000	1.59290000
1.13780000	1.58160000
1.04490000	1.34320000
1.04490000	1.16010000
0.99840000	1.00830000
0.95200000	0.89720000
0.95200000	0.85460000
0.92880000	1.18460000
0.88230000	2.00820000
1.95040000	3.72700000
2.11300000	4.62790000
1.74150000	4.05990000
1.57890000	3.39850000
1.46280000	2.79250000
1.39320000	2.33030000
1.30030000	1.98010000
1.25380000	1.71400000
1.20740000	1.51090000
1.16100000	1.35530000
1.16100000	1.23570000
1.09130000	1.14240000
1.20740000	1.09500000
1.34670000	1.13500000
1.32350000	1.52880000
1.39320000	1.79870000
1.34670000	1.62700000
1.32350000	1.45670000
3.06500000	1.29880000
3.18110000	1.48990000
2.39160000	1.41420000
2.11300000	1.28480000
1.88080000	1.17340000
1.76470000	1.08640000
1.74150000	1.01800000
1.67180000	0.96370000
1.78790000	0.92000000
2.02010000	1.37940000
8.12680000	6.11710000
12.53850000	8.56580000
12.35270000	8.91190000
12.19020000	9.47790000
8.98590000	7.98250000
6.94260000	6.73370000
5.78160000	5.59310000
5.13150000	4.63120000
7.10510000	6.27560000
9.31100000	11.70140000
9.35740000	10.97630000
7.63920000	8.17650000
6.43180000	6.97240000
5.52620000	5.86710000
4.78320000	4.89970000
4.22590000	4.15120000
3.73830000	3.58230000
3.34360000	3.14850000
3.08820000	2.81630000
2.85600000	2.56030000
2.64700000	2.36160000
2.48450000	2.20600000
2.32190000	2.08270000
2.20580000	1.94950000
2.11300000	1.88010000
2.04330000	1.86550000
1.92720000	1.82090000
1.83430000	1.77450000
1.78790000	1.72850000
1.81110000	1.68270000
2.08970000	2.13940000
3.57580000	7.76000000
5.22440000	11.04300000
7.22120000	13.29400000
11.70260000	16.68070000
13.90840000	11.67870000
10.37910000	8.76770000
7.98750000	7.30220000
6.71040000	6.07710000
6.94260000	7.11120000
7.68560000	9.98250000
10.03080000	13.47580000
12.12050000	15.54090000
13.81560000	15.12210000
13.25830000	14.36950000
11.28460000	12.77710000
9.56640000	10.42880000
8.05710000	7.76780000
6.94260000	6.83590000
6.10670000	6.02390000
5.47980000	5.39060000
5.01540000	5.19820000
5.10830000	6.14840000
5.31720000	8.24410000
5.27080000	7.45150000
5.34050000	7.51500000
4.89930000	6.50580000
4.55100000	5.85250000
4.22590000	5.11210000
3.94730000	4.42550000
3.69190000	3.89050000
3.45970000	3.59810000
3.25070000	3.30070000
3.08820000	3.02610000
2.92560000	2.81020000
2.73990000	2.64020000
2.60060000	2.50470000
2.50770000	2.39520000
2.39160000	2.30540000
2.18260000	2.23030000
2.22910000	2.16650000
2.11300000	2.11130000
2.04330000	2.06260000
1.97370000	2.01880000
2.20580000	1.97900000
2.06650000	1.94210000
2.36840000	1.94150000
3.25070000	3.51570000
3.59900000	6.09100000
3.76150000	5.50080000
3.29720000	5.13200000
3.01850000	4.60350000
2.90240000	3.94940000
2.85600000	3.43230000
4.13310000	3.03700000
3.52940000	2.73370000
3.13460000	2.49930000
2.87920000	2.31680000
2.80960000	2.39880000
4.48130000	5.94560000
6.43180000	6.47460000
8.21970000	9.59220000
14.00130000	13.14310000
14.11740000	12.61850000
11.42400000	8.76060000
8.86980000	7.58700000
7.24450000	6.45150000
6.26920000	5.39270000
5.57270000	4.58110000
5.78160000	5.68720000
5.85130000	5.42010000
5.45660000	5.44870000
5.71200000	5.09000000
6.31570000	4.86160000
6.91940000	5.02250000
7.59280000	5.51280000
7.73210000	9.90940000
11.07570000	8.01310000
9.33420000	6.46180000
8.03390000	5.60860000
7.54630000	4.76100000
6.36210000	4.10840000
5.54940000	3.61080000
4.96900000	3.22970000
4.59740000	2.93600000
4.41170000	2.73830000
4.57420000	2.58880000
5.29400000	3.64960000
6.68720000	4.21640000
7.45340000	4.93610000
7.45340000	5.03580000
7.47670000	5.00050000
7.52310000	6.25130000
8.59120000	9.76600000
8.75370000	9.40540000
7.61600000	8.33900000
7.49990000	9.53700000
7.26770000	11.03560000
8.73050000	14.56930000
9.54320000	14.73830000
9.19490000	11.99090000
8.42870000	10.01920000
8.86980000	11.10160000
8.77690000	12.57510000
8.49830000	10.30670000
7.70880000	8.24310000
7.96430000	9.16060000
10.19330000	10.90540000
12.79390000	15.46690000
14.93010000	14.43720000
12.88680000	11.97340000
12.21340000	11.42390000
10.56480000	10.05820000
8.93950000	8.22220000
8.17320000	7.66370000
7.15160000	6.96020000
6.47820000	6.39960000
6.10670000	7.66660000
5.94420000	9.23500000
6.24600000	10.47380000
7.03550000	11.07330000
6.38530000	8.35100000
5.89770000	7.55270000
5.45660000	8.51050000
5.99060000	10.12800000
6.45500000	9.43180000
7.08190000	8.58640000
8.61440000	7.30280000
8.84660000	6.96730000
8.28930000	6.50230000
7.26770000	5.71810000
7.10510000	5.14360000
6.89620000	4.79690000
5.89770000	4.46950000
5.06180000	3.98370000
4.69030000	3.56490000
4.38850000	3.72510000
4.13310000	3.76490000
3.90090000	3.96660000
4.24920000	6.18660000
5.10830000	6.26080000
4.64390000	5.33920000
4.31880000	4.98320000
4.22590000	4.32790000
4.36530000	3.81030000
4.36530000	3.40860000
4.01700000	3.09670000
3.50610000	2.85330000
3.22750000	2.69260000
4.24920000	4.03510000
4.82960000	4.57510000
4.17950000	4.37090000
3.94730000	3.81810000
3.62220000	3.38170000
3.48290000	3.04420000
3.45970000	2.80660000
3.29720000	2.61950000
3.29720000	2.46280000
3.32040000	2.34800000
3.48290000	2.50450000
3.20430000	2.72230000
3.06500000	2.67430000
2.99530000	2.46290000
2.92560000	2.31680000
3.34360000	2.48270000
5.78160000	7.78390000
5.82810000	6.41490000
5.22440000	5.81710000
4.92250000	5.28800000
6.96580000	5.66270000
6.17640000	5.73180000
5.54940000	5.16550000
4.96900000	4.55510000
4.45810000	3.91480000
4.06340000	3.42010000
3.71510000	3.04180000
3.39000000	2.75090000
3.34360000	2.55830000
3.01850000	2.37970000
2.76310000	2.21240000
2.60060000	2.10050000
2.43800000	2.01070000
2.62380000	1.99990000
3.13460000	1.97000000
2.92560000	1.84450000
2.64700000	1.79210000
3.01850000	1.78400000
2.73990000	1.70180000
2.57740000	2.09420000
2.46130000	1.98020000
2.34520000	1.87130000
2.18260000	1.78390000
2.06650000	1.71260000
1.97370000	1.65350000
1.90400000	1.60360000
1.83430000	1.56070000
1.76470000	1.52320000
1.71820000	1.48980000
1.64860000	1.45950000
1.60210000	1.43170000
1.55570000	1.40580000
1.48600000	1.38130000
1.41640000	1.35810000
1.36990000	1.33590000
1.34670000	1.31440000
1.32350000	1.29360000
1.30030000	1.27340000
1.25380000	1.25370000
1.20740000	1.23450000
1.20740000	1.21560000
1.20740000	1.19710000
1.16100000	1.17900000
1.16100000	1.16120000
1.11450000	1.14360000
1.09130000	1.12640000
1.06810000	1.10950000
1.04490000	1.09280000
1.04490000	1.07630000
1.02170000	1.06020000
1.02170000	1.04430000
1.04490000	1.04820000
1.09130000	1.01400000
0.99840000	0.99800000
0.95200000	0.98290000
0.92880000	0.96820000
0.92880000	0.95370000
0.90560000	0.93940000
0.90560000	0.92530000
0.88230000	0.91140000
0.88230000	0.89770000
0.83590000	0.88430000
0.83590000	0.87100000
0.81270000	0.85790000
0.81270000	0.84510000
0.83590000	0.83240000
0.83590000	0.81990000
0.81270000	0.80760000
0.78950000	0.79550000
0.78950000	0.78360000
0.76620000	0.77180000
0.76620000	0.76020000
0.76620000	0.74880000
0.74300000	0.73760000
0.71980000	0.72650000
0.69660000	0.71560000
0.69660000	0.72000000
0.97520000	0.84510000
1.39320000	0.73810000
0.97520000	0.68700000
0.83590000	0.66400000
0.76620000	0.65360000
0.74300000	0.64380000
0.76620000	0.66190000
0.78950000	0.64960000
0.74300000	0.61620000
0.71980000	0.60600000
0.69660000	0.63150000
1.34670000	0.76200000
1.41640000	0.58650000
1.02170000	0.57050000
0.88230000	0.56190000
0.81270000	0.55350000
0.78950000	0.54520000
0.74300000	0.53700000
0.74300000	0.52890000
0.71980000	0.52100000
0.71980000	0.51320000
0.69660000	0.50550000
0.69660000	0.49790000
0.69660000	0.49040000
0.67340000	0.48310000
0.67340000	0.47580000
0.67340000	0.46870000
0.67340000	0.46170000
0.67340000	0.45480000
0.67340000	0.44790000
0.65010000	0.44120000
0.62690000	0.43460000
0.60370000	0.42810000
0.60370000	0.42170000
0.60370000	0.41530000
0.60370000	0.40910000
0.58050000	0.40300000
0.58050000	0.39690000
0.60370000	0.39100000
0.60370000	0.38510000
0.58050000	0.45030000
0.83590000	0.44450000
0.85910000	0.37100000
0.74300000	0.36250000
0.67340000	0.40340000
0.65010000	0.35360000
0.62690000	0.37080000
0.85910000	0.53360000
2.71670000	0.42040000
1.85760000	0.65770000
1.50930000	1.00190000
1.30030000	1.11610000
1.18420000	1.44600000
4.48130000	6.11290000
12.09730000	12.05760000
10.19330000	12.05530000
7.24450000	9.15780000
5.89770000	8.22080000
23.45160000	27.07780000
20.08480000	18.78180000
11.23820000	11.16260000
7.84820000	8.82580000
6.54790000	7.13450000
5.34050000	5.85540000
4.62070000	4.88840000
4.20270000	4.16490000
4.13310000	3.64810000
4.17950000	4.42030000
4.06340000	4.88350000
3.78480000	4.73350000
3.76150000	4.48670000
3.73830000	4.20060000
3.69190000	3.79700000
3.57580000	3.41310000
3.62220000	3.99400000
3.20430000	3.93470000
2.87920000	3.58430000
4.57420000	3.19740000
8.17320000	2.86290000
5.96740000	2.60360000
5.03860000	2.40230000
4.57420000	2.24460000
4.01700000	2.11970000
3.83120000	2.01950000
3.48290000	1.93790000
3.29720000	1.87030000
3.11140000	1.81340000
6.22280000	5.97620000
44.58130000	23.38700000
31.34620000	18.89340000
15.58020000	10.50050000
10.12370000	8.55380000
7.56950000	7.07230000
6.22280000	5.85900000
5.34050000	4.93410000
4.66710000	4.22230000
4.24920000	3.68020000
3.94730000	3.26590000
3.52940000	2.94770000
3.25070000	2.70150000
3.01850000	2.50950000
2.80960000	2.35820000
2.62380000	2.23770000
2.55410000	2.14020000
2.92560000	2.06020000
6.40860000	4.55170000
8.38220000	8.08190000
15.20870000	18.70410000
39.24080000	24.67800000
25.07700000	20.73560000
15.51060000	13.90040000
11.37750000	10.27090000
9.03240000	8.33400000
7.52310000	7.07670000
16.36970000	19.15760000
27.86330000	32.09330000
19.89900000	24.47240000
13.37440000	13.23630000
9.98440000	9.55580000
7.94100000	7.99720000
6.64080000	6.65120000
5.73520000	5.62340000
5.08510000	4.84300000
4.57420000	4.24830000
4.17950000	3.79310000
3.80800000	3.44260000
3.57580000	3.17070000
3.36680000	2.95800000
3.48290000	2.83030000
3.52940000	5.70110000
3.39000000	7.08640000
3.25070000	6.69710000
3.48290000	6.98950000
3.57580000	7.30740000
3.66870000	7.36040000
3.76150000	6.27230000
3.69190000	5.65510000
4.96900000	4.99480000
5.10830000	4.33850000
4.31880000	3.81870000
3.80800000	3.41980000
3.45970000	3.11230000
3.18110000	2.87350000
2.97210000	2.68680000
2.83280000	2.54210000
2.69350000	2.42320000
2.53090000	2.32330000
2.69350000	2.57170000
4.73680000	12.55650000
8.80020000	20.30520000
25.77360000	31.83400000
33.66820000	32.49760000
22.31390000	22.02090000
14.99970000	13.21420000
12.21340000	10.78610000
11.81870000	9.32410000
10.70420000	8.24030000
9.65930000	6.87730000
8.54470000	6.58150000
7.54630000	5.77410000
6.78010000	5.18560000
6.38530000	4.92100000
5.61910000	4.61550000
5.01540000	4.14210000
4.71350000	3.70270000
4.64390000	3.36150000
4.38850000	3.11770000
8.05710000	9.27920000
12.56170000	27.71330000
63.38900000	48.16770000
39.70520000	45.69100000
24.14820000	28.16160000
16.85730000	15.42190000
12.44560000	10.61260000
10.26300000	8.87280000
9.56640000	7.56920000
8.80020000	6.57080000
7.80170000	5.93480000
6.89620000	5.12320000
6.19960000	4.49140000
5.54940000	4.00780000
5.06180000	3.63650000
4.76000000	3.34780000
4.34200000	3.12160000
3.97050000	2.94310000
3.69190000	2.80020000
3.85440000	2.75250000
4.59740000	10.14920000
5.73520000	13.21180000
5.85130000	12.29990000
6.50140000	11.08160000
6.71040000	10.96920000
6.78010000	9.79860000
7.26770000	10.41860000
6.89620000	9.32960000
6.36210000	6.93870000
6.57110000	9.06420000
7.96430000	9.08200000
7.61600000	7.35370000
6.94260000	6.76040000
6.15310000	5.97760000
5.64230000	5.52760000
5.15470000	5.51580000
4.59740000	5.12780000
4.24920000	4.63920000
3.97050000	4.09950000
3.76150000	3.66210000
3.64540000	3.31590000
3.62220000	3.36500000
3.76150000	3.84680000
4.01700000	4.73500000
4.01700000	4.69950000
4.06340000	4.63970000
4.66710000	5.33740000
4.92250000	5.14200000
4.82960000	6.15110000
4.85290000	7.95040000
5.17790000	10.03720000
5.45660000	12.52260000
5.10830000	12.48840000
5.61910000	10.21160000
5.17790000	9.48570000
5.13150000	9.30440000
4.80640000	10.20160000
4.48130000	7.73040000
4.17950000	6.59130000
3.97050000	6.90620000
3.87760000	7.15060000
3.64540000	6.11430000
3.50610000	5.61120000
3.39000000	6.67250000
3.27390000	5.81310000
3.39000000	7.34770000
3.83120000	8.85770000
4.43490000	8.40860000
5.06180000	9.58640000
6.01380000	8.96960000
6.40860000	8.74040000
6.06030000	7.26860000
5.85130000	8.07760000
5.80490000	9.14530000
7.47670000	14.34240000
8.68410000	13.79150000
7.77850000	11.89370000
7.38380000	10.55800000
6.91940000	9.62990000
6.84970000	9.11270000
6.96580000	10.35440000
7.75530000	11.14430000
8.70730000	11.24960000
8.19650000	11.33120000
7.17480000	9.99230000
6.31570000	7.92920000
6.57110000	7.06990000
8.03390000	6.66990000
8.77690000	6.29210000
8.10360000	5.56930000
7.10510000	5.04860000
6.19960000	4.59660000
6.03700000	4.07080000
6.22280000	3.65700000
6.22280000	3.41740000
6.26920000	3.26940000
6.01380000	3.16920000
5.78160000	2.98360000
5.85130000	2.79970000
5.57270000	2.65120000
5.57270000	2.53270000
5.64230000	2.43530000
5.45660000	2.35010000
4.99220000	2.27630000
4.45810000	2.20890000
4.13310000	2.15680000
3.90090000	2.11040000
3.64540000	2.09780000
3.85440000	2.10970000
3.83120000	2.24110000
3.45970000	3.09230000
3.18110000	3.31200000
3.08820000	3.27830000
3.13460000	3.00090000
3.36680000	2.67960000
2.90240000	2.47580000
2.85600000	2.31250000
2.64700000	2.41420000
2.50770000	2.58580000
2.39160000	2.55330000
2.46130000	2.40060000
2.71670000	2.40880000
2.60060000	3.01980000
2.99530000	3.66270000
3.08820000	4.21680000
2.92560000	4.12410000
2.80960000	3.86020000
2.71670000	3.34470000
2.57740000	2.93890000
2.39160000	2.62810000
2.22910000	2.38860000
2.08970000	2.20270000
1.97370000	2.05720000
1.90400000	1.94190000
1.78790000	1.84950000
1.90400000	1.81700000
2.02010000	1.75720000
2.11300000	1.68980000
1.88080000	1.61590000
1.76470000	1.57550000
1.71820000	1.55900000
1.67180000	1.52820000
1.78790000	1.52150000
1.76470000	1.45480000
1.60210000	1.42770000
1.50930000	1.40370000
1.43960000	1.38060000
1.41640000	1.35840000
1.36990000	1.33690000
1.32350000	1.31600000
1.27710000	1.29560000
1.23060000	1.27570000
1.18420000	1.25620000
1.16100000	1.23710000
1.13780000	1.21830000
1.13780000	1.19990000
1.13780000	1.18180000
1.13780000	1.16430000
1.09130000	1.14900000
1.23060000	1.19750000
1.13780000	1.11510000
1.06810000	1.09550000
1.02170000	1.07910000
0.99840000	1.06290000
0.97520000	1.04690000
0.95200000	1.03130000
0.92880000	1.01570000
0.92880000	1.00050000
0.90560000	0.98550000
0.90560000	0.97070000
0.92880000	1.01390000
1.25380000	1.07730000
1.57890000	0.96130000
1.16100000	0.92990000
1.06810000	0.93960000
1.23060000	0.91580000
1.16100000	0.87440000
1.11450000	0.86010000
1.06810000	0.88330000
1.09130000	0.85330000
1.04490000	0.84160000
1.50930000	0.94140000
1.76470000	0.87410000
1.48600000	0.78850000
1.34670000	0.77380000
1.27710000	0.76220000
1.20740000	0.75080000
1.18420000	0.73950000
1.13780000	0.72840000
1.11450000	0.71750000
1.06810000	0.70670000
1.04490000	0.69610000
1.02170000	0.68570000
1.09130000	0.69650000
1.04490000	0.66610000
0.97520000	0.65530000
0.95200000	0.64540000
0.92880000	0.63580000
0.90560000	0.62620000
0.92880000	0.62150000
0.90560000	0.60780000
0.90560000	0.59850000
0.92880000	0.60660000
0.90560000	0.58140000
0.88230000	0.57190000
0.85910000	0.56340000
0.83590000	0.55490000
0.81270000	0.54660000
0.81270000	0.53840000
0.78950000	0.53030000
0.78950000	0.52240000
0.76620000	0.51450000
0.76620000	0.50680000
0.76620000	0.49920000
0.74300000	0.49170000
0.74300000	0.48430000
0.71980000	0.47710000
0.71980000	0.46990000
0.69660000	0.46290000
0.69660000	0.45590000
0.69660000	0.44910000
0.69660000	0.44230000
0.81270000	0.48550000
1.04490000	0.53610000
0.95200000	0.58840000
1.46280000	0.42310000
1.48600000	0.76700000
2.43800000	2.57750000
9.82180000	7.35370000
7.03550000	7.13500000
4.71350000	6.31210000
3.73830000	5.41060000
3.55260000	5.03160000
3.08820000	4.65680000
2.97210000	5.02360000
13.60660000	18.15130000
21.82630000	18.66570000
14.21030000	12.87840000
10.12370000	9.55960000
7.61600000	7.97340000
6.08350000	6.71510000
7.22120000	10.59330000
8.63760000	13.94740000
10.17010000	8.96090000
8.08040000	7.70360000
6.82650000	6.37890000
6.45500000	8.54760000
5.78160000	6.53350000
5.15470000	5.73960000
4.69030000	4.88190000
4.82960000	11.43510000
9.47350000	11.73300000
8.33580000	7.83920000
7.29090000	7.00590000
6.22280000	6.16610000
5.38690000	5.20000000
4.73680000	4.45400000
4.17950000	3.88610000
3.76150000	3.45200000
3.41330000	3.11840000
3.22750000	2.88540000
3.34360000	4.22330000
3.41330000	4.66300000
14.00130000	27.00370000
52.70810000	42.43060000
30.64960000	31.88490000
16.69480000	28.51240000
45.74230000	37.96200000
23.91600000	28.34030000
21.80300000	25.72640000
23.91600000	22.65830000
17.15920000	15.35240000
13.18860000	11.26320000
10.44870000	9.16650000
10.21650000	12.83720000
9.21810000	9.73980000
7.94100000	7.26170000
6.96580000	6.15680000
6.50140000	6.63240000
7.75530000	13.87220000
11.37750000	23.10510000
25.30920000	25.50990000
21.47800000	25.22830000
21.94240000	38.96680000
85.67970000	66.04410000
99.84350000	76.70690000
62.69240000	65.34520000
34.82910000	50.42650000
22.75500000	29.76580000
16.48580000	14.18460000
13.46730000	10.74840000
10.61130000	8.80620000
8.86980000	7.36060000
7.68560000	6.26270000
6.61750000	5.42810000
5.99060000	4.79120000
5.61910000	4.30270000
5.75840000	3.93360000
6.29250000	8.72160000
9.40390000	13.44100000
10.30940000	16.12830000
9.79860000	15.97830000
8.47510000	12.03290000
7.36060000	8.96100000
6.52470000	6.98060000
5.80490000	6.05810000
5.27080000	5.56890000
4.78320000	5.00880000
4.38850000	4.48910000
4.06340000	4.01750000
3.76150000	3.65120000
3.52940000	3.36700000
3.29720000	3.14430000
3.13460000	2.96810000
3.01850000	2.82680000
3.45970000	2.71170000
6.68720000	9.41470000
20.92070000	17.21250000
16.57870000	15.06990000
14.76760000	19.83050000
33.66820000	27.93760000
21.12970000	19.89520000
13.46730000	10.27030000
10.91310000	8.69800000
23.45160000	21.01250000
23.21940000	21.53980000
16.48580000	15.97260000
14.02450000	13.57360000
11.40070000	10.09620000
9.58960000	8.70970000
8.61440000	12.09040000
15.30160000	22.17920000
24.38040000	30.88010000
26.23790000	22.17990000
16.23040000	11.91130000
11.91160000	8.70960000
9.70570000	7.31130000
8.19650000	6.16970000
7.05870000	5.29850000
6.10670000	4.63500000
5.66550000	4.12740000
5.15470000	3.73700000
4.62070000	3.43460000
4.27240000	3.19820000
3.97050000	3.01170000
3.80800000	2.86260000
3.48290000	2.74170000
3.04170000	2.64210000
2.78630000	2.55860000
2.73990000	2.48740000
2.60060000	2.42540000
2.55410000	2.37050000
2.53090000	2.32110000
2.73990000	2.27590000
16.41610000	24.69640000
57.81640000	45.23680000
92.87770000	65.58490000
58.04860000	55.70820000
35.29350000	30.34380000
15.30160000	16.60700000
11.65620000	12.50220000
9.89150000	10.85210000
9.07880000	9.91910000
9.33420000	9.10370000
9.93790000	9.31780000
11.05240000	15.11680000
18.80770000	20.84480000
18.55230000	18.91710000
14.99970000	15.90470000
11.91160000	10.97870000
9.75220000	7.98810000
8.47510000	6.95940000
7.19800000	5.91440000
6.33890000	5.10750000
5.68880000	4.49220000
5.13150000	4.02070000
4.64390000	3.65740000
4.34200000	3.37530000
4.08660000	3.15420000
3.87760000	2.97910000
4.22590000	2.90370000
4.59740000	5.46710000
4.17950000	5.94030000
4.31880000	6.29450000
4.22590000	6.56600000
4.27240000	6.71260000
4.82960000	8.76180000
5.92100000	9.85840000
6.64080000	8.63240000
7.03550000	7.07960000
6.66400000	6.23650000
6.24600000	5.64240000
6.40860000	5.20960000
6.17640000	5.17620000
5.78160000	4.92600000
5.36370000	4.29600000
5.29400000	3.89800000
5.03860000	3.88170000
4.73680000	3.92590000
4.76000000	4.09710000
4.48130000	4.49380000
4.29560000	4.58380000
3.94730000	4.46290000
3.73830000	3.91890000
3.57580000	3.48380000
3.36680000	3.14930000
3.39000000	2.89060000
3.22750000	2.70440000
3.13460000	2.56120000
3.45970000	3.39160000
4.22590000	5.43590000
3.71510000	5.15080000
3.52940000	4.78980000
3.62220000	4.24970000
4.29560000	4.41400000
7.05870000	5.25120000
9.93790000	5.73680000
11.14530000	6.48600000
10.56480000	7.16270000
9.61280000	8.73890000
8.35900000	9.49010000
7.19800000	9.74730000
6.73360000	8.80080000
6.50140000	10.17480000
7.43020000	12.23690000
7.31410000	11.33000000
6.73360000	9.57010000
6.03700000	8.83600000
5.10830000	7.29710000
4.87610000	6.79110000
4.99220000	11.41570000
13.23510000	24.57620000
18.34330000	26.24980000
14.39600000	21.76880000
12.07410000	18.67410000
10.68090000	14.73780000
9.28780000	10.56650000
7.66240000	9.07040000
7.19800000	10.82610000
7.08190000	11.35390000
6.50140000	9.95300000
6.03700000	8.05170000
5.57270000	6.64760000
4.64390000	6.05020000
4.29560000	5.40020000
4.17950000	6.83080000
4.06340000	7.39170000
3.94730000	5.71410000
3.71510000	5.29400000
3.94730000	6.13300000
4.17950000	9.91290000
6.84970000	14.71830000
9.17170000	14.33370000
9.05560000	12.43160000
8.12680000	10.30360000
7.89460000	9.19530000
7.89460000	10.56600000
8.35900000	11.28440000
8.12680000	9.81400000
6.96580000	8.94170000
7.89460000	14.22950000
9.52000000	13.71680000
8.82340000	8.93930000
9.28780000	7.10330000
9.40390000	6.08840000
8.59120000	5.42250000
6.84970000	4.74860000
7.19800000	10.07680000
6.73360000	7.07360000
6.26920000	6.18900000
6.03700000	5.29350000
7.08190000	4.59570000
8.59120000	4.05030000
7.89460000	3.62720000
6.73360000	3.31030000
6.73360000	3.06540000
6.73360000	2.86580000
6.03700000	2.70340000
5.34050000	2.57540000
4.87610000	2.47390000
4.64390000	2.38980000
4.29560000	2.31860000
4.17950000	2.25740000
4.06340000	2.20370000
3.94730000	2.15580000
3.71510000	2.11230000
3.48290000	2.08360000
3.01850000	2.07130000
2.78630000	2.00110000
2.67020000	1.96610000
2.62380000	1.93390000
2.57740000	1.90290000
2.67020000	1.93130000
2.71670000	1.89000000
2.57740000	1.83910000
2.67020000	1.84180000
2.67020000	1.79110000
2.67020000	1.74340000
2.39160000	1.72150000
2.32190000	1.68180000
2.25230000	1.65590000
2.20580000	1.63090000
2.11300000	1.60640000
2.11300000	1.58370000
1.95040000	1.55850000
1.85760000	1.53500000
1.78790000	1.51200000
1.74150000	1.48930000
1.71820000	1.46690000
1.64860000	1.44490000
1.57890000	1.42330000
1.53250000	1.40190000
1.48600000	1.38080000
1.43960000	1.36010000
1.39320000	1.33970000
1.34670000	1.31960000
1.39320000	1.32610000
1.43960000	1.31310000
1.67180000	1.31910000
1.46280000	1.24710000
1.34670000	1.23030000
1.27710000	1.20550000
1.23060000	1.18710000
1.18420000	1.16930000
1.16100000	1.15180000
1.11450000	1.13450000
1.09130000	1.11750000
1.06810000	1.10070000
1.06810000	1.08420000
1.04490000	1.06800000
1.02170000	1.05190000
0.99840000	1.03620000
1.23060000	1.11750000
1.36990000	1.01430000
1.20740000	1.06220000
1.60210000	1.03950000
1.39320000	0.96330000
1.18420000	0.94630000
1.09130000	0.93210000
1.04490000	0.91820000
1.02170000	0.90440000
0.99840000	0.89080000
0.97520000	0.87750000
0.95200000	0.86430000
0.92880000	0.85130000
0.92880000	0.83860000
0.90560000	0.82600000
0.90560000	0.81360000
0.90560000	0.80140000
0.90560000	0.78940000
0.90560000	0.77750000
0.88230000	0.76590000
0.85910000	0.75440000
0.83590000	0.74310000
0.83590000	0.73190000
0.81270000	0.72090000
0.78950000	0.71010000
0.81270000	0.69950000
0.81270000	0.68900000
0.78950000	0.67860000
0.78950000	0.66850000
0.81270000	0.69650000
0.81270000	0.65010000
0.78950000	0.63880000
0.78950000	0.64980000
0.81270000	0.64490000
0.99840000	0.72270000
1.13780000	0.60600000
0.90560000	0.63030000
0.88230000	0.61150000
0.85910000	0.57580000
0.81270000	0.56610000
0.78950000	0.55760000
0.76620000	0.54920000
0.76620000	0.56750000
0.88230000	0.59740000
1.41640000	0.62280000
1.27710000	0.57140000
1.18420000	0.55540000
1.04490000	0.52520000
1.11450000	0.57160000
1.41640000	0.51110000
1.39320000	0.55770000
2.15940000	1.22040000
1.85760000	1.61530000
1.57890000	1.63670000
1.41640000	1.55830000
1.32350000	1.32110000
1.23060000	1.13390000
1.16100000	0.99130000
1.11450000	0.88220000
1.09130000	0.79830000
1.04490000	0.73340000
0.99840000	0.68260000
0.97520000	0.64260000
1.13780000	0.73600000
1.57890000	0.92970000
1.18420000	1.18070000
1.09130000	1.03800000
1.04490000	0.91500000
1.02170000	0.82070000
0.97520000	0.74800000
1.09130000	0.72730000
1.11450000	0.68190000
1.50930000	1.67350000
3.55260000	4.01770000
5.38690000	5.79460000
4.08660000	5.79530000
3.66870000	8.03010000
7.47670000	9.41890000
6.50140000	8.65760000
5.29400000	7.75280000
4.69030000	7.46130000
8.03390000	10.49480000
9.35740000	14.24070000
15.99820000	14.45520000
13.14220000	12.31800000
9.68250000	8.85940000
7.66240000	7.75670000
12.42240000	13.72950000
15.55700000	10.34320000
10.75060000	7.78870000
8.31260000	6.38840000
6.78010000	5.33620000
5.82810000	4.53840000
5.24760000	3.97850000
5.36370000	7.19230000
4.96900000	5.94090000
8.54470000	15.23920000
8.75370000	15.37340000
11.09890000	13.80830000
11.51680000	9.66250000
10.44870000	7.97660000
9.68250000	6.72280000
9.33420000	6.52270000
12.12050000	11.58230000
11.21500000	11.06020000
9.49670000	7.33620000
8.40540000	6.66740000
7.52310000	5.62290000
6.52470000	4.80440000
6.01380000	4.18180000
5.24760000	3.70610000
4.73680000	3.34080000
4.34200000	3.05840000
3.94730000	2.83830000
3.83120000	2.66510000
4.29560000	2.57590000
4.13310000	3.54900000
12.23660000	19.14460000
23.91600000	23.40880000
14.11740000	14.72300000
11.19180000	12.83770000
12.19020000	11.25020000
9.79860000	8.10080000
7.98750000	6.94620000
7.05870000	5.88280000
6.47820000	5.01080000
5.64230000	4.34550000
5.15470000	3.83780000
5.29400000	3.48390000
5.34050000	4.58340000
5.38690000	5.54040000
5.06180000	5.33600000
4.71350000	5.21840000
4.48130000	5.43910000
4.08660000	5.15250000
3.92410000	4.66870000
4.50460000	4.14520000
4.01700000	3.66230000
3.76150000	3.24390000
3.64540000	3.00650000
4.50460000	2.80200000
4.17950000	2.62060000
3.85440000	2.47600000
3.66870000	2.35980000
3.57580000	2.26510000
3.43650000	2.18670000
3.11140000	2.12060000
3.15780000	2.06380000
2.94890000	2.01410000
4.96900000	1.95850000
6.03700000	1.92970000
8.54470000	1.89290000
17.25200000	3.40380000
23.91600000	10.90460000
18.45940000	10.07450000
12.35270000	7.10720000
9.52000000	6.25450000
9.38060000	5.38810000
18.25050000	7.14990000
15.92850000	9.34010000
11.86510000	9.41610000
9.98440000	9.51140000
9.24130000	7.37420000
8.19650000	6.47800000
7.36060000	5.61690000
6.54790000	4.79590000
5.89770000	4.13040000
5.36370000	3.62180000
5.73520000	3.23250000
6.33890000	2.98350000
6.75690000	6.33020000
7.84820000	7.38210000
8.26610000	7.22490000
7.68560000	6.59230000
7.01230000	5.94550000
6.24600000	5.21900000
5.64230000	4.47250000
5.10830000	3.88090000
4.69030000	3.42860000
5.03860000	3.08170000
5.10830000	2.84630000
13.02610000	10.32300000
14.88360000	15.24040000
16.67150000	16.78990000
13.79230000	12.97950000
10.84350000	8.58400000
8.93950000	7.47020000
7.63920000	6.32580000
6.68720000	5.32130000
5.99060000	4.55430000
5.41010000	3.97070000
4.96900000	3.52460000
4.59740000	3.18180000
4.34200000	2.91670000
4.59740000	2.70990000
4.62070000	2.60190000
15.67310000	18.61980000
29.72090000	26.24430000
18.99350000	21.03400000
14.62820000	16.34580000
12.91000000	17.94150000
13.25830000	14.89020000
11.26140000	10.11640000
9.31100000	7.96270000
7.91780000	6.66720000
6.94260000	5.62600000
6.33890000	4.84590000
5.96740000	4.24170000
6.15310000	3.94100000
6.01380000	4.00360000
5.47980000	3.71780000
5.71200000	3.36600000
5.66550000	3.08880000
5.20120000	2.87240000
4.76000000	2.70180000
4.38850000	2.56570000
4.66710000	2.49850000
6.29250000	2.67620000
5.54940000	3.21870000
7.03550000	7.23900000
7.84820000	10.12450000
6.61750000	9.18900000
5.82810000	7.01950000
5.15470000	6.19050000
4.66710000	5.37090000
4.55100000	4.58390000
5.38690000	4.49530000
5.75840000	11.07060000
12.32950000	27.64440000
50.15400000	48.02180000
40.86620000	44.57820000
21.59410000	26.74430000
14.46570000	15.09990000
11.63290000	11.78650000
10.03080000	10.19120000
9.12520000	9.91000000
11.30790000	11.80960000
11.77220000	13.68760000
10.58810000	11.00930000
9.17170000	7.47890000
8.24290000	7.23600000
7.54630000	6.10940000
6.87290000	5.52280000
6.17640000	4.97980000
5.94420000	4.37890000
5.43330000	3.91120000
5.10830000	3.55900000
4.89930000	3.30160000
4.80640000	3.08840000
5.01540000	3.77000000
5.34050000	5.51410000
5.22440000	5.16520000
5.10830000	4.99060000
5.03860000	4.61820000
5.92100000	7.53300000
6.61750000	10.10900000
7.54630000	8.57040000
9.54320000	7.03150000
11.58650000	6.79170000
10.79700000	6.53120000
11.16850000	13.75920000
26.93450000	17.91890000
20.54920000	11.60700000
15.09260000	14.53660000
15.02300000	16.61080000
14.81400000	11.72490000
13.04930000	10.54850000
14.83720000	15.37150000
19.66690000	19.03990000
17.55390000	18.79920000
14.86040000	17.19570000
13.93170000	18.72770000
12.53850000	18.70360000
10.91310000	14.80470000
9.75220000	12.90810000
9.52000000	14.00950000
10.21650000	18.76050000
16.13750000	23.22430000
17.18240000	21.44340000
16.34650000	19.01350000
16.57870000	18.95940000
18.27370000	19.78570000
20.71170000	21.41410000
24.14820000	23.30380000
25.30920000	24.00350000
23.91600000	23.66230000
23.21940000	22.66090000
22.49960000	21.55780000
20.96710000	19.17920000
17.50740000	17.37770000
15.37130000	16.83990000
14.44250000	14.89020000
12.02770000	13.17810000
10.72740000	11.72940000
10.42550000	12.54390000
10.10040000	12.86910000
9.77540000	13.63590000
9.91470000	13.95290000
10.75060000	15.47650000
13.07250000	17.61110000
15.30160000	18.77970000
15.67310000	19.68890000
17.64680000	24.68950000
20.20090000	24.63920000
15.85890000	21.68790000
14.95330000	20.81370000
13.81560000	19.89880000
12.07410000	17.36200000
10.91310000	14.67620000
10.44870000	13.57390000
9.52000000	12.85870000
9.40390000	12.72740000
10.21650000	14.12650000
10.56480000	14.20750000
9.63610000	12.46020000
8.24290000	10.68010000
8.12680000	10.29870000
8.93950000	11.15600000
9.40390000	12.74400000
10.21650000	16.91230000
10.68090000	18.20360000
8.82340000	14.60230000
7.43020000	12.69230000
7.19800000	13.70890000
7.31410000	14.65240000
7.43020000	14.61190000
7.54630000	11.46920000
7.31410000	9.95940000
7.31410000	8.54790000
6.50140000	7.50220000
6.03700000	9.91540000
7.19800000	12.31080000
5.80490000	10.34710000
5.45660000	9.70180000
5.10830000	8.02480000
5.10830000	6.50360000
5.80490000	6.61750000
5.92100000	6.43800000
6.03700000	8.91210000
5.45660000	7.35380000
5.68880000	13.84440000
9.28780000	19.01150000
8.93950000	20.29510000
9.52000000	16.57820000
8.59120000	10.55540000
7.19800000	7.95230000
6.73360000	6.70980000
5.80490000	5.78070000
5.57270000	5.16780000
5.10830000	4.72490000
4.64390000	4.25540000
4.17950000	3.91800000
4.06340000	3.58480000
3.71510000	3.29680000
3.59900000	3.14950000
3.25070000	3.02840000
3.01850000	2.86070000
2.92560000	2.72280000
2.78630000	2.61160000
2.64700000	2.52240000
2.53090000	2.44580000
2.43800000	2.37560000
2.29870000	2.31610000
2.18260000	2.26430000
2.11300000	2.21850000
2.02010000	2.17580000
1.95040000	2.13760000
1.88080000	2.09990000
1.81110000	2.06470000
1.74150000	2.01700000
1.69500000	1.98270000
1.62540000	1.95120000
1.57890000	1.92070000
1.53250000	1.89090000
1.48600000	1.86190000
1.43960000	1.83340000
1.39320000	1.80550000
1.36990000	1.77810000
1.32350000	1.75120000
1.30030000	1.72480000
1.25380000	1.69880000
1.23060000	1.67320000
1.20740000	1.64800000
1.20740000	1.62330000
1.23060000	1.59890000
1.16100000	1.57490000
1.13780000	1.55120000
1.27710000	1.56820000
1.23060000	1.50680000
1.25380000	1.52640000
1.27710000	1.46790000
1.23060000	1.46540000
1.18420000	1.41930000
1.11450000	1.39550000
1.06810000	1.37450000
1.04490000	1.35390000
1.02170000	1.33360000
1.02170000	1.31360000
0.99840000	1.29390000
0.97520000	1.27450000
0.97520000	1.25530000
0.95200000	1.23650000
0.92880000	1.21800000
0.90560000	1.19970000
0.88230000	1.18170000
0.90560000	1.18190000
0.92880000	1.17730000
0.92880000	1.15050000
0.97520000	1.14830000
1.02170000	1.15860000
1.39320000	1.25360000
2.80960000	1.56970000
4.62070000	3.62060000
2.64700000	4.51340000
1.92720000	4.23890000
1.62540000	3.52030000
1.46280000	2.95690000
1.36990000	2.52960000
1.27710000	2.20450000
1.23060000	1.98010000
1.46280000	2.26540000
2.69350000	3.60160000
2.15940000	4.11660000
1.90400000	3.87860000
1.85760000	3.76610000
2.08970000	3.70010000
2.57740000	3.94820000
4.36530000	8.81710000
12.97970000	15.88950000
13.39760000	14.03110000
9.45030000	9.42290000
7.08190000	8.14200000
5.99060000	7.61750000
5.13150000	6.88160000
4.52780000	6.24290000
4.96900000	8.82590000
5.03860000	8.95010000
6.43180000	7.15910000
5.89770000	6.39900000
5.24760000	5.60990000
4.64390000	4.93870000
4.22590000	4.25920000
3.80800000	3.68670000
3.41330000	3.58920000
3.11140000	3.20550000
2.85600000	2.89700000
2.69350000	2.65820000
2.94890000	2.53540000
2.69350000	2.88550000
2.48450000	3.21100000
2.41480000	3.18370000
2.78630000	4.36040000
2.64700000	7.46790000
8.63760000	16.91430000
24.84480000	29.86460000
22.96400000	28.91590000
18.01830000	17.68080000
12.25990000	10.65720000
9.96110000	11.64180000
8.91630000	9.43890000
7.40700000	7.64030000
6.43180000	6.37200000
5.80490000	5.39280000
5.10830000	4.82890000
4.64390000	4.67270000
4.06340000	4.10890000
3.71510000	3.65860000
3.48290000	3.31220000
3.25070000	3.04390000
3.13460000	2.83420000
3.01850000	2.66870000
2.90240000	2.53650000
3.25070000	6.12820000
3.25070000	5.76920000
3.13460000	8.10880000
6.19960000	17.39670000
7.98750000	14.53170000
6.43180000	9.10110000
5.94420000	10.38560000
6.03700000	9.93820000
5.66550000	9.21740000
5.20120000	7.10730000
4.73680000	6.51790000
4.64390000	6.74210000
4.55100000	6.88360000
4.71350000	7.27320000
4.55100000	5.97830000
4.24920000	5.73610000
3.97050000	4.91790000
3.69190000	4.26800000
3.45970000	3.77180000
3.25070000	3.39110000
3.06500000	3.09760000
2.99530000	2.86890000
2.80960000	2.68910000
2.90240000	2.58440000
2.69350000	2.85020000
2.53090000	3.07920000
2.39160000	2.95150000
2.36840000	2.75420000
2.36840000	2.92460000
8.68410000	19.67380000
11.35430000	22.01450000
7.96430000	12.59930000
6.38530000	8.82560000
5.59590000	7.31530000
4.89930000	6.07930000
4.24920000	5.13160000
3.94730000	4.41200000
3.64540000	3.86380000
3.34360000	3.44440000
3.22750000	3.12160000
3.39000000	2.87140000
6.84970000	8.62450000
10.54160000	10.04130000
9.75220000	7.90850000
8.12680000	6.41200000
8.47510000	9.59090000
9.07880000	8.33460000
7.66240000	6.55840000
6.64080000	5.68030000
6.26920000	4.88550000
6.89620000	5.96790000
6.75690000	6.27990000
5.66550000	5.39340000
4.87610000	4.86790000
4.31880000	4.30960000
3.80800000	3.78350000
3.66870000	3.37340000
3.64540000	3.05760000
3.80800000	2.81290000
4.36530000	2.62150000
4.01700000	2.47100000
6.01380000	3.36110000
6.50140000	5.50760000
6.64080000	5.69610000
6.01380000	6.22870000
5.36370000	5.61530000
4.78320000	5.25260000
5.64230000	8.59180000
7.17480000	12.99770000
8.19650000	12.77920000
8.08040000	11.48650000
7.03550000	9.78100000
6.26920000	7.83000000
6.40860000	6.96100000
6.50140000	7.60320000
6.08350000	6.46440000
5.59590000	5.85800000
5.06180000	5.22260000
4.69030000	4.73430000
4.82960000	4.58110000
4.85290000	4.83110000
5.01540000	4.63190000
5.27080000	4.28850000
5.34050000	4.33010000
5.43330000	4.59590000
5.01540000	4.85080000
4.59740000	4.90470000
5.87450000	9.67750000
6.96580000	13.77270000
6.12990000	11.25670000
5.64230000	9.35320000
5.01540000	7.69480000
4.48130000	6.68820000
4.15630000	5.89260000
4.06340000	6.66030000
4.15630000	8.25070000
4.82960000	10.86470000
4.69030000	9.01910000
4.27240000	6.81070000
3.92410000	5.94460000
3.73830000	5.05780000
3.52940000	4.37300000
3.22750000	3.85070000
3.08820000	3.45040000
3.15780000	3.18570000
3.48290000	4.97380000
3.34360000	4.63130000
3.11140000	4.54800000
2.92560000	4.23130000
2.78630000	3.72600000
2.64700000	3.32860000
2.64700000	3.06160000
3.34360000	7.05700000
3.92410000	10.08020000
3.92410000	8.13680000
4.78320000	6.89160000
6.29250000	6.55990000
6.89620000	6.28060000
6.80330000	6.73810000
7.52310000	9.67310000
6.96580000	8.46100000
6.17640000	6.68320000
5.59590000	5.96900000
5.31720000	5.17740000
5.64230000	5.29160000
8.80020000	10.56260000
12.56170000	11.87560000
11.74900000	9.69810000
10.95960000	9.18740000
10.86670000	7.13380000
9.26450000	6.56850000
7.75530000	5.54070000
6.59430000	4.73420000
5.82810000	4.13450000
5.27080000	3.68170000
4.73680000	3.55370000
4.34200000	3.60470000
4.06340000	3.43390000
3.87760000	3.41230000
3.71510000	3.31820000
3.57580000	3.19910000
3.52940000	3.05040000
3.39000000	3.18660000
3.29720000	3.32720000
3.41330000	3.15450000
3.50610000	3.80140000
3.45970000	4.26650000
3.29720000	4.10470000
3.18110000	3.78760000
3.15780000	3.50170000
3.18110000	3.14460000
3.15780000	2.83450000
3.34360000	2.65200000
3.66870000	2.65060000
3.92410000	3.45620000
4.62070000	5.01670000
6.24600000	6.48940000
10.07720000	9.24270000
10.37910000	10.96450000
8.73050000	10.48650000
7.24450000	9.05580000
6.89620000	9.78860000
8.28930000	11.59160000
11.47040000	13.52210000
15.39450000	14.92200000
17.25200000	15.73530000
16.64830000	14.21550000
14.79080000	11.20590000
12.86360000	9.98710000
12.56170000	8.18180000
11.95800000	7.53450000
11.26140000	6.89450000
9.63610000	6.03210000
8.15000000	5.50930000
7.03550000	5.26640000
6.68720000	5.13190000
6.52470000	5.16810000
6.87290000	5.42400000
6.98900000	6.68970000
6.87290000	7.56080000
6.22280000	6.39620000
6.43180000	8.78430000
7.03550000	8.28250000
6.75690000	6.66910000
6.91940000	6.18660000
7.52310000	5.76550000
6.98900000	5.35040000
6.52470000	4.64320000
6.52470000	6.33330000
9.21810000	8.03460000
7.66240000	7.37410000
7.89460000	10.38500000
7.66240000	8.82830000
7.43020000	6.70100000
7.66240000	6.07620000
7.54630000	5.56940000
8.12680000	4.99380000
7.66240000	4.33970000
7.89460000	3.83770000
7.43020000	3.42530000
6.73360000	3.12270000
6.26920000	2.88810000
6.26920000	2.71030000
6.15310000	2.55800000
6.03700000	2.44020000
5.57270000	2.37080000
5.10830000	2.27250000
4.64390000	2.20110000
4.41170000	2.13920000
3.94730000	2.08820000
4.64390000	2.15190000
4.85290000	2.03770000
4.15630000	1.96490000
3.87760000	1.94510000
3.66870000	1.91690000
3.45970000	1.87950000
3.55260000	1.83320000
3.48290000	1.80320000
3.34360000	1.77470000
3.36680000	1.81190000
3.94730000	1.76900000
3.71510000	1.73400000
3.76150000	1.67000000
3.55260000	1.64250000
3.39000000	1.61760000
3.22750000	1.59310000
3.06500000	1.56910000
2.87920000	1.54540000
2.78630000	1.52350000
2.67020000	1.51890000
2.55410000	1.47760000
2.39160000	1.45460000
2.25230000	1.43270000
2.15940000	1.41120000
2.04330000	1.39000000
1.95040000	1.36920000
1.90400000	1.36630000
1.90400000	1.34390000
1.78790000	1.30910000
1.71820000	1.28880000
1.67180000	1.27170000
1.57890000	1.25050000
1.50930000	1.23170000
1.46280000	1.21320000
1.43960000	1.19500000
1.39320000	1.17710000
1.32350000	1.15940000
1.27710000	1.14200000
1.25380000	1.12490000
1.20740000	1.10800000
1.18420000	1.09140000
1.13780000	1.07500000
1.11450000	1.05890000
1.09130000	1.04300000
1.04490000	1.02740000
1.06810000	1.01200000
1.09130000	0.99680000
1.09130000	0.98190000
1.04490000	0.96710000
0.97520000	0.95260000
0.95200000	0.93830000
0.92880000	0.92430000
0.90560000	0.91040000
0.88230000	0.89670000
0.88230000	0.88330000
0.85910000	0.87000000
0.83590000	0.85700000
0.81270000	0.84410000
0.81270000	0.83150000
0.78950000	0.81900000
0.78950000	0.80670000
0.78950000	0.79460000
0.88230000	0.81950000
0.90560000	0.77250000
0.81270000	0.75940000
0.78950000	0.74800000
0.76620000	0.73680000
0.76620000	0.72570000
0.76620000	0.71480000
0.74300000	0.70410000
0.74300000	0.69360000
0.71980000	0.68310000
0.69660000	0.67290000
0.69660000	0.66280000
0.67340000	0.65290000
0.67340000	0.64310000
0.65010000	0.63340000
0.65010000	0.62390000
0.62690000	0.61460000
0.62690000	0.60530000
0.62690000	0.59630000
0.62690000	0.58730000
0.62690000	0.57850000
0.60370000	0.56980000
0.60370000	0.56130000
0.60370000	0.55290000
0.60370000	0.54460000
0.60370000	0.53640000
0.58050000	0.52840000
0.58050000	0.52040000
0.58050000	0.51260000
0.58050000	0.50490000
0.58050000	0.49740000
0.58050000	0.48990000
0.55730000	0.48260000
0.58050000	0.47530000
0.62690000	0.49870000
0.62690000	0.46240000
0.60370000	0.45420000
0.58050000	0.44740000
0.58050000	0.44070000
0.55730000	0.45990000
0.62690000	0.47340000
0.65010000	0.43030000
0.60370000	0.41520000
0.58050000	0.40860000
0.58050000	0.40250000
0.55730000	0.39650000
0.55730000	0.39680000
0.60370000	0.45440000
0.78950000	0.44390000
0.97520000	0.40840000
0.74300000	0.39600000
0.65010000	0.36320000
0.60370000	0.35670000
0.67340000	0.42520000
0.95200000	0.40280000
0.99840000	0.37080000
0.81270000	0.35470000
0.71980000	0.36450000
1.02170000	0.41810000
1.46280000	0.41110000
2.20580000	0.40320000
1.62540000	0.34180000
1.53250000	0.36760000
2.13620000	0.30450000
1.53250000	0.45210000
1.25380000	0.41920000
1.11450000	0.38710000
1.02170000	0.36190000
0.95200000	0.34200000
0.90560000	0.32590000
0.85910000	0.31290000
0.83590000	0.30210000
0.83590000	0.34240000
1.46280000	0.71190000
1.25380000	1.33820000
1.06810000	1.48710000
0.99840000	1.24210000
0.97520000	1.03630000
0.95200000	0.95100000
0.90560000	1.07690000
0.97520000	1.27130000
1.32350000	2.30180000
1.48600000	2.66340000
1.27710000	2.51550000
1.23060000	2.08690000
1.27710000	2.13220000
1.25380000	2.27580000
1.27710000	2.17780000
1.39320000	3.28590000
18.29690000	17.12850000
22.45320000	14.55710000
11.84190000	11.14600000
9.63610000	9.54230000
7.38380000	8.19220000
6.36210000	7.22940000
5.68880000	8.94110000
14.41930000	25.09460000
34.82910000	31.51540000
19.59720000	18.79750000
12.77070000	11.69180000
10.47200000	19.05510000
23.45160000	39.86870000
34.36470000	39.58680000
17.64680000	23.09720000
11.77220000	13.49890000
9.03240000	9.91910000
7.26770000	8.45720000
7.08190000	7.04380000
10.49520000	5.93660000
7.70880000	5.09550000
6.03700000	4.45500000
5.17790000	3.96510000
4.57420000	3.58840000
4.29560000	3.29660000
3.97050000	3.06870000
3.52940000	2.88880000
3.48290000	2.74520000
4.22590000	5.59800000
9.63610000	16.62280000
15.55700000	18.66880000
12.60810000	12.34220000
9.75220000	9.12840000
9.21810000	9.59300000
9.75220000	10.80380000
9.52000000	8.45170000
8.28930000	7.04450000
6.89620000	6.19190000
6.26920000	5.33850000
5.29400000	4.62260000
4.69030000	4.07350000
4.66710000	3.65610000
7.31410000	9.40310000
14.48890000	9.57400000
16.97340000	31.61760000
48.99300000	46.12910000
63.15680000	58.09690000
48.29640000	45.66360000
23.17300000	25.72600000
16.16070000	15.42360000
12.19020000	10.66840000
9.82180000	8.87740000
8.21970000	7.41750000
7.08190000	6.26800000
6.31570000	6.67520000
6.38530000	9.13430000
5.85130000	7.27200000
5.50300000	6.48430000
9.33420000	14.37420000
11.98120000	13.20270000
10.58810000	11.47070000
9.45030000	11.98370000
26.70230000	27.73200000
26.70230000	27.48270000
16.13750000	15.72590000
12.30630000	9.49430000
10.95960000	16.79990000
10.49520000	19.84030000
8.91630000	14.86370000
8.31260000	15.27070000
7.73210000	13.52700000
6.75690000	8.14220000
5.85130000	7.25640000
5.22440000	6.24990000
4.73680000	5.36740000
4.48130000	4.69130000
5.10830000	9.41790000
5.22440000	12.73850000
5.01540000	12.89400000
4.64390000	10.48170000
4.31880000	7.15740000
7.66240000	13.65290000
7.66240000	14.08500000
6.59430000	8.95250000
5.75840000	7.00610000
5.54940000	7.35660000
6.12990000	6.91670000
5.29400000	5.97750000
4.59740000	5.54290000
4.10980000	4.87190000
3.71510000	4.28360000
3.43650000	3.83050000
3.25070000	3.48130000
3.01850000	3.21040000
2.83280000	2.99810000
2.83280000	2.85210000
3.04170000	2.70740000
2.87920000	2.75380000
2.97210000	2.89440000
2.73990000	2.73340000
2.62380000	2.59340000
3.11140000	6.78650000
3.66870000	14.24030000
6.54790000	19.37950000
6.94260000	17.94860000
5.61910000	12.04650000
6.06030000	8.47350000
8.68410000	8.84520000
7.89460000	9.38780000
6.45500000	7.02510000
5.54940000	6.29590000
4.85290000	5.39810000
4.27240000	4.64620000
3.85440000	4.07120000
3.55260000	3.63110000
3.32040000	3.29240000
3.18110000	3.02990000
2.94890000	2.82450000
2.78630000	2.66530000
2.71670000	2.55470000
3.04170000	2.49980000
3.41330000	4.76470000
3.41330000	4.55180000
3.22750000	4.59480000
3.01850000	4.42970000
2.92560000	4.04120000
3.13460000	3.57770000
4.52780000	3.59860000
6.80330000	4.44280000
7.08190000	5.45120000
7.36060000	5.89460000
7.40700000	5.62000000
7.40700000	6.13410000
7.03550000	5.76500000
6.12990000	5.22390000
5.43330000	4.62500000
4.99220000	4.00810000
4.59740000	3.52340000
4.17950000	3.15110000
3.90090000	2.87270000
3.76150000	2.68900000
3.71510000	2.65920000
3.45970000	2.82290000
3.29720000	2.81560000
3.15780000	2.60390000
3.11140000	2.45510000
3.15780000	2.53800000
3.06500000	2.73510000
2.92560000	2.68270000
2.83280000	2.50660000
3.01850000	2.71760000
3.08820000	3.33160000
3.08820000	3.30210000
3.36680000	3.48390000
4.34200000	4.83220000
6.15310000	7.49290000
7.94100000	8.05460000
8.31260000	8.92630000
9.33420000	9.58930000
8.52150000	8.59150000
7.40700000	8.08960000
7.24450000	8.83240000
8.54470000	10.56610000
11.56330000	10.51130000
11.33110000	7.90730000
9.40390000	7.22680000
7.82490000	6.43170000
6.96580000	5.91840000
6.96580000	7.96920000
8.17320000	10.69020000
8.68410000	11.83580000
8.75370000	12.44880000
8.24290000	11.68490000
7.22120000	10.96050000
6.84970000	11.29530000
7.45340000	12.76050000
7.15160000	13.07500000
6.78010000	10.84270000
6.26920000	8.57510000
5.96740000	8.97290000
6.24600000	10.26660000
6.45500000	9.36490000
6.10670000	8.76120000
5.96740000	8.33700000
5.80490000	8.60980000
6.40860000	13.14590000
10.10040000	15.34130000
12.32950000	13.82640000
11.37750000	10.92670000
10.30940000	10.06020000
10.44870000	10.93570000
13.62980000	13.97090000
22.01200000	16.48760000
23.17300000	13.74090000
16.57870000	11.24620000
14.00130000	11.57990000
13.97810000	10.54060000
12.25990000	9.91550000
11.58650000	9.49940000
12.28310000	11.95010000
14.55860000	10.19650000
11.74900000	7.78690000
9.98440000	7.07090000
10.47200000	8.27020000
12.77070000	11.38060000
12.81710000	11.31430000
10.42550000	9.64890000
9.63610000	10.92960000
8.70730000	9.73500000
8.35900000	7.52100000
8.96270000	6.92650000
11.14530000	7.88180000
14.58180000	8.03740000
16.76440000	8.03890000
19.20250000	6.91270000
16.95020000	6.60110000
13.51370000	5.83030000
12.79390000	5.68970000
11.21500000	5.16900000
9.42710000	4.79660000
9.40390000	7.40410000
11.77220000	8.83950000
11.86510000	8.08600000
13.32790000	10.54610000
12.91000000	11.70740000
12.44560000	8.28170000
10.65770000	6.93830000
9.19490000	6.53650000
8.28930000	6.03750000
8.49830000	5.78080000
9.52000000	5.94330000
9.65930000	11.59910000
10.33260000	11.31380000
9.28780000	8.12080000
8.82340000	6.88250000
9.17170000	6.27360000
9.75220000	5.34630000
8.89300000	4.61180000
8.45190000	4.06510000
9.03240000	3.64020000
8.68410000	3.31130000
7.89460000	3.05470000
7.31410000	2.84250000
6.64080000	2.68440000
5.57270000	2.55800000
5.41010000	2.49960000
5.99060000	2.40650000
5.24760000	2.29940000
5.08510000	2.23620000
4.99220000	2.18220000
4.78320000	2.13410000
4.38850000	2.09060000
4.10980000	2.05070000
3.83120000	2.01340000
3.52940000	1.97840000
3.32040000	1.94510000
3.27390000	1.91320000
3.20430000	1.88240000
3.06500000	1.85260000
2.92560000	1.82370000
2.71670000	1.79550000
2.55410000	1.76790000
2.46130000	1.74090000
2.41480000	1.71440000
2.32190000	1.68840000
2.29870000	1.68340000
2.20580000	1.65710000
2.20580000	1.65080000
2.20580000	1.59350000
1.95040000	1.56510000
1.81110000	1.54140000
1.74150000	1.51830000
1.69500000	1.49550000
1.64860000	1.50520000
1.69500000	1.46870000
1.64860000	1.48100000
1.81110000	1.43380000
1.55570000	1.38750000
1.46280000	1.36570000
1.41640000	1.34520000
1.34670000	1.32510000
1.32350000	1.30520000
1.27710000	1.28560000
1.20740000	1.26630000
1.16100000	1.24730000
1.18420000	1.22860000
1.13780000	1.21020000
1.09130000	1.19200000
1.06810000	1.17420000
1.06810000	1.15660000
1.16100000	1.17700000
1.20740000	1.14760000
1.09130000	1.10630000
1.04490000	1.08870000
0.97520000	1.07240000
0.95200000	1.05630000
0.95200000	1.06310000
1.18420000	1.08660000
1.06810000	1.01200000
0.95200000	0.99430000
0.90560000	0.97940000
0.88230000	0.96470000
0.88230000	0.95020000
0.83590000	0.93600000
0.81270000	0.92200000
0.78950000	0.90810000
0.78950000	0.89450000
0.78950000	0.88110000
0.78950000	0.86790000
0.76620000	0.85480000
0.74300000	0.84200000
0.74300000	0.82940000
0.74300000	0.81700000
0.71980000	0.80470000
0.69660000	0.79260000
0.71980000	0.79960000
0.85910000	0.77010000
0.90560000	0.75750000
0.78950000	0.74610000
0.76620000	0.73490000
0.71980000	0.72390000
0.69660000	0.71310000
0.69660000	0.70240000
0.69660000	0.69180000
0.67340000	0.68140000
0.67340000	0.67120000
0.65010000	0.66120000
0.67340000	0.66880000
0.71980000	0.75160000
5.78160000	0.98420000
4.96900000	0.63690000
2.80960000	0.61300000
2.25230000	0.64230000
2.08970000	0.59640000
1.99690000	0.62670000
1.92720000	0.96350000
1.74150000	1.16310000
1.60210000	1.21380000
1.50930000	1.06810000
1.41640000	0.94920000
1.32350000	0.85780000
1.25380000	0.78710000
1.20740000	0.73190000
1.13780000	0.68840000
1.11450000	0.67320000
1.16100000	0.62630000
1.18420000	0.66970000
1.41640000	0.98200000
1.23060000	1.33180000
1.97370000	2.69580000
2.48450000	3.89860000
2.29870000	3.95880000
3.39000000	4.34610000
3.08820000	4.45820000
2.71670000	4.05700000
2.60060000	3.53180000
2.97210000	3.93740000
2.60060000	4.42030000
3.80800000	5.21790000
3.57580000	5.05780000
3.50610000	4.52550000
4.20270000	5.04410000
5.31720000	5.86240000
7.70880000	13.13420000
22.31390000	22.78350000
23.91600000	21.04110000
14.97650000	13.20390000
9.98440000	9.67080000
7.59280000	8.19000000
7.03550000	9.89980000
6.10670000	7.86760000
5.50300000	6.84490000
6.68720000	11.53300000
6.84970000	7.90530000
6.61750000	6.92300000
6.15310000	5.79940000
10.19330000	23.92090000
47.83200000	42.97640000
42.02720000	32.83490000
20.40990000	16.63290000
13.44400000	11.66580000
10.37910000	12.00640000
9.00910000	11.11990000
8.45190000	15.99720000
14.41930000	21.16620000
11.14530000	14.12360000
8.68410000	8.77130000
7.52310000	7.30940000
9.38060000	11.96770000
8.59120000	10.64930000
7.01230000	7.10620000
6.24600000	6.19300000
6.03700000	5.31280000
20.03840000	21.30840000
27.16670000	26.81750000
19.92230000	16.39660000
14.74430000	26.06230000
52.94030000	52.59930000
50.15400000	46.09200000
27.39890000	35.51220000
39.00860000	32.94050000
23.91600000	23.72970000
15.83560000	14.17870000
12.07410000	9.80650000
9.89150000	8.22780000
8.45190000	7.14540000
7.33730000	6.35720000
6.50140000	5.56190000
5.87450000	4.87800000
5.41010000	4.35340000
5.03860000	4.06610000
4.80640000	3.89590000
4.50460000	3.75810000
4.55100000	3.53140000
4.82960000	3.28780000
4.24920000	3.09310000
4.04020000	2.93770000
5.15470000	2.81180000
4.99220000	2.70830000
4.50460000	2.62170000
4.45810000	2.54910000
6.43180000	2.48450000
6.78010000	2.42730000
6.03700000	2.37620000
5.34050000	2.32960000
4.73680000	2.28650000
4.27240000	2.24610000
4.08660000	2.20780000
3.71510000	2.17120000
3.50610000	2.13610000
3.22750000	2.10210000
3.01850000	2.06910000
2.83280000	2.03700000
2.71670000	2.00560000
2.67020000	1.97490000
2.55410000	1.94490000
2.39160000	1.91530000
2.29870000	1.88640000
2.27550000	1.85790000
2.29870000	1.82990000
2.20580000	1.80230000
2.13620000	1.77520000
2.06650000	1.74850000
2.02010000	1.72230000
1.99690000	1.69640000
6.22280000	2.67760000
6.87290000	6.46890000
5.24760000	5.97560000
4.55100000	5.60670000
4.04020000	4.97200000
3.83120000	4.62710000
3.94730000	5.04670000
5.03860000	7.45550000
5.87450000	7.86510000
5.01540000	6.72870000
4.48130000	5.95890000
4.06340000	5.15860000
3.69190000	4.65980000
3.45970000	4.08110000
3.22750000	3.54570000
3.04170000	3.13340000
2.80960000	2.81700000
2.67020000	2.57270000
2.55410000	2.38260000
2.41480000	2.23320000
2.46130000	2.14680000
2.80960000	2.40630000
2.92560000	3.49550000
2.71670000	4.03110000
2.60060000	3.82000000
2.64700000	3.50040000
2.83280000	4.23960000
3.20430000	5.06310000
3.39000000	6.57230000
3.90090000	6.34640000
3.94730000	6.60910000
3.99370000	7.92560000
4.82960000	6.75100000
4.43490000	6.04010000
3.94730000	5.29110000
3.55260000	4.48340000
3.25070000	3.86060000
3.04170000	3.39230000
2.83280000	3.04950000
3.08820000	2.87360000
2.85600000	3.54930000
2.80960000	4.88070000
4.64390000	8.98440000
4.24920000	8.69480000
4.64390000	9.09990000
4.57420000	7.45330000
5.31720000	7.21250000
6.08350000	6.61440000
5.27080000	6.04280000
4.76000000	5.39170000
5.17790000	6.11840000
6.17640000	7.72290000
5.68880000	6.47240000
5.22440000	6.01960000
4.71350000	5.40230000
4.59740000	5.40310000
4.76000000	5.35690000
4.43490000	5.04540000
4.10980000	4.57340000
3.94730000	4.48340000
4.22590000	4.37180000
5.47980000	4.13240000
7.43020000	4.00610000
10.40230000	5.65520000
9.56640000	5.86570000
8.49830000	5.69250000
7.15160000	5.18490000
6.71040000	5.34220000
6.84970000	5.41430000
7.29090000	5.20110000
8.24290000	4.80680000
9.33420000	4.27250000
12.14380000	6.74240000
23.08010000	16.62190000
23.91600000	17.73130000
17.11270000	12.97000000
13.35120000	10.49800000
12.39920000	9.88950000
12.63140000	9.38550000
11.60970000	9.03470000
11.05240000	10.49240000
11.88830000	12.05510000
11.07570000	12.33870000
9.49670000	11.35180000
8.38220000	11.09760000
7.75530000	9.82840000
8.01070000	10.57150000
8.77690000	10.86090000
8.05710000	10.51450000
7.47670000	10.67670000
7.77850000	12.21320000
9.19490000	13.56450000
11.37750000	15.27090000
11.16850000	14.14550000
9.84500000	12.26100000
8.61440000	9.23170000
7.68560000	9.29860000
7.33730000	10.48030000
8.10360000	12.85310000
8.84660000	14.83760000
9.33420000	14.40180000
9.31100000	12.80400000
8.56800000	10.91150000
8.80020000	11.52810000
10.33260000	14.27960000
12.46880000	13.06140000
12.97970000	10.42870000
10.77380000	11.22140000
13.51370000	13.83960000
14.00130000	13.89170000
15.39450000	13.81550000
16.97340000	11.07440000
13.90840000	7.58200000
11.65620000	6.69160000
10.21650000	6.01980000
9.45030000	6.84190000
10.21650000	8.86710000
10.51840000	9.50130000
9.89150000	7.23370000
9.21810000	7.39140000
9.19490000	8.09980000
9.00910000	6.13350000
9.45030000	5.79160000
9.68250000	5.01400000
10.84350000	4.41470000
12.02770000	3.97180000
10.68090000	3.80790000
9.63610000	4.73360000
9.05560000	4.46630000
8.59120000	4.81500000
8.01070000	5.01160000
7.43020000	11.78720000
17.87900000	20.05970000
16.13750000	15.73550000
14.86040000	11.38970000
14.74430000	9.14520000
11.84190000	7.37130000
10.44870000	6.17090000
9.86830000	5.24480000
8.93950000	4.53820000
7.66240000	3.99960000
7.54630000	3.58960000
7.19800000	3.27340000
6.73360000	3.02750000
6.38530000	2.85100000
6.03700000	2.68200000
6.03700000	2.55810000
6.08350000	2.45750000
5.78160000	2.37390000
5.27080000	2.30330000
4.66710000	2.24250000
4.10980000	2.18910000
3.69190000	2.14150000
3.76150000	2.18140000
3.73830000	2.10210000
3.22750000	2.02310000
3.04170000	1.98640000
2.87920000	1.95310000
2.78630000	1.92120000
2.69350000	1.89040000
2.50770000	1.86060000
2.43800000	1.83160000
2.32190000	1.80320000
2.20580000	1.77560000
2.13620000	1.74850000
2.04330000	1.72190000
1.95040000	1.69580000
1.88080000	1.67020000
1.83430000	1.64500000
1.76470000	1.62020000
1.71820000	1.59580000
1.67180000	1.57180000
1.67180000	1.57440000
1.67180000	1.52600000
1.57890000	1.50200000
1.50930000	1.47950000
1.46280000	1.45730000
1.41640000	1.43540000
1.36990000	1.41390000
1.34670000	1.39260000
1.30030000	1.37170000
1.27710000	1.35120000
1.23060000	1.33090000
1.20740000	1.31090000
1.18420000	1.29130000
1.16100000	1.27190000
1.11450000	1.25280000
1.09130000	1.23400000
1.06810000	1.21550000
1.04490000	1.19730000
1.02170000	1.17930000
1.02170000	1.16160000
0.99840000	1.14420000
0.97520000	1.12700000
0.95200000	1.11010000
0.95200000	1.09350000
0.92880000	1.07710000
0.90560000	1.06090000
0.90560000	1.04500000
0.92880000	1.07940000
1.09130000	1.05070000
1.02170000	1.00110000
0.92880000	0.98370000
0.88230000	0.96890000
0.85910000	0.95440000
0.85910000	0.94010000
0.83590000	0.92600000
0.83590000	0.92870000
0.83590000	0.89910000
0.81270000	0.88490000
0.78950000	0.87170000
0.81270000	0.85860000
0.81270000	0.84570000
0.78950000	0.83300000
0.78950000	0.82050000
0.78950000	0.83910000
0.78950000	0.80660000
0.76620000	0.78460000
0.76620000	0.77500000
0.76620000	0.80240000
1.46280000	0.93710000
2.97210000	0.79330000
4.06340000	0.86750000
2.67020000	0.72700000
1.76470000	0.70570000
1.43960000	0.69490000
1.25380000	0.68440000
1.16100000	0.67420000
1.09130000	0.66410000
1.04490000	0.65410000
0.99840000	0.70640000
1.34670000	0.67040000
1.18420000	0.62650000
1.11450000	0.61570000
1.06810000	0.60650000
0.97520000	0.59740000
0.92880000	0.58840000
0.88230000	0.57960000
0.85910000	0.57090000
0.83590000	0.56230000
0.81270000	0.55390000
0.95200000	0.66600000
10.95960000	0.54240000
12.79390000	0.57630000
7.17480000	0.52340000
4.96900000	0.51360000
3.92410000	0.50590000
3.25070000	0.49830000
2.78630000	0.49080000
2.46130000	0.48350000
2.22910000	0.47620000
2.08970000	0.46910000
1.99690000	0.47980000
1.85760000	0.45580000
1.74150000	0.44830000
1.71820000	0.47770000
1.74150000	0.43640000
1.57890000	0.42840000
1.83430000	0.52910000
2.32190000	0.46250000
2.27550000	0.77690000
2.18260000	1.36080000
3.66870000	3.01310000
5.64230000	4.59210000
4.64390000	4.35050000
4.01700000	3.83440000
3.55260000	3.11190000
3.18110000	2.55340000
2.90240000	2.13120000
2.67020000	1.81130000
2.76310000	1.61390000
2.41480000	1.38460000
2.20580000	1.70560000
2.11300000	1.52630000
2.02010000	1.33890000
1.90400000	1.41920000
1.78790000	1.27820000
2.39160000	1.85070000
2.80960000	3.20710000
2.71670000	3.43840000
2.69350000	3.40900000
3.11140000	4.16080000
3.15780000	4.78840000
2.97210000	4.40050000
2.71670000	3.62730000
2.53090000	3.02440000
2.39160000	2.56760000
2.25230000	2.22060000
2.11300000	1.95590000
2.02010000	1.75300000
1.90400000	1.59650000
1.83430000	1.47490000
1.76470000	1.37960000
1.69500000	1.30400000
1.62540000	1.24320000
1.57890000	1.19370000
1.64860000	1.15270000
1.90400000	1.15670000
1.92720000	1.99720000
2.57740000	4.79360000
4.15630000	5.39420000
3.43650000	4.77150000
2.94890000	4.00600000
2.71670000	3.36320000
2.55410000	2.84700000
2.67020000	2.93370000
2.53090000	3.02330000
2.39160000	3.02130000
2.25230000	2.76900000
2.15940000	2.51480000
2.08970000	2.41780000
1.99690000	2.37010000
2.02010000	2.23210000
1.95040000	2.02440000
1.81110000	1.83480000
1.71820000	1.68690000
1.67180000	1.57130000
1.64860000	1.47990000
1.71820000	1.40690000
1.92720000	1.34770000
2.60060000	1.29890000
2.06650000	1.25800000
1.99690000	1.22310000
1.88080000	1.19270000
1.81110000	1.16580000
1.76470000	1.14150000
1.74150000	1.11930000
1.83430000	1.11650000
1.78790000	1.24080000
1.81110000	1.72450000
2.08970000	1.97480000
2.06650000	2.35820000
2.02010000	2.48260000
2.55410000	2.82730000
2.73990000	3.56600000
2.67020000	3.89220000
2.57740000	3.59220000
2.57740000	3.53700000
3.43650000	5.56670000
9.17170000	9.77960000
10.19330000	7.78640000
7.75530000	6.77910000
6.29250000	5.72290000
5.31720000	4.82020000
4.62070000	4.29180000
4.08660000	3.73540000
3.69190000	3.20830000
3.48290000	3.17390000
3.20430000	2.99630000
2.92560000	2.70320000
2.71670000	2.42050000
2.55410000	2.20040000
2.46130000	2.02970000
2.39160000	1.89590000
2.25230000	1.78990000
2.29870000	1.70500000
2.20580000	1.63580000
2.11300000	1.57860000
2.04330000	1.53040000
1.99690000	1.48900000
1.90400000	1.45290000
1.83430000	1.42080000
1.76470000	1.39170000
1.76470000	1.36500000
1.90400000	1.34020000
2.55410000	1.36260000
2.29870000	1.86410000
2.64700000	3.09600000
2.69350000	4.29690000
5.20120000	8.61120000
5.94420000	7.17640000
4.87610000	6.44970000
4.06340000	5.54920000
3.59900000	4.67810000
3.25070000	3.92530000
2.97210000	3.35100000
2.73990000	2.91410000
2.55410000	2.58040000
2.39160000	2.32420000
2.27550000	2.12630000
2.22910000	1.97210000
2.13620000	1.85080000
2.02010000	1.75420000
1.95040000	1.68160000
1.85760000	1.61730000
1.78790000	1.56670000
1.76470000	1.53050000
1.74150000	1.49970000
1.71820000	1.73900000
1.76470000	2.32620000
1.69500000	2.47250000
1.62540000	2.44170000
1.57890000	2.26840000
1.57890000	2.04690000
1.74150000	2.08620000
1.85760000	2.85510000
1.74150000	2.93080000
1.64860000	2.76920000
1.64860000	2.43820000
1.74150000	2.17620000
2.11300000	2.17350000
2.94890000	2.82090000
3.22750000	3.75120000
3.06500000	3.84670000
2.92560000	3.58360000
2.87920000	3.24620000
3.29720000	3.86060000
3.76150000	4.84470000
3.85440000	4.71880000
3.94730000	4.28110000
3.76150000	3.66400000
5.66550000	6.64510000
11.63290000	8.09290000
9.00910000	6.86510000
7.29090000	6.06180000
6.26920000	5.24960000
5.66550000	4.79870000
5.73520000	4.92200000
7.61600000	6.11390000
8.63760000	8.33070000
7.59280000	6.82270000
8.66080000	6.44750000
8.56800000	6.60510000
8.86980000	7.90990000
10.14690000	10.98710000
11.23820000	10.09050000
9.38060000	7.38350000
7.73210000	6.51510000
6.52470000	5.57860000
5.85130000	4.76650000
5.57270000	6.49570000
4.96900000	6.26520000
4.55100000	5.72920000
4.17950000	5.35210000
4.38850000	9.24250000
4.34200000	6.81970000
4.15630000	6.38390000
3.92410000	5.78480000
3.66870000	5.26080000
3.48290000	4.52720000
3.57580000	5.72730000
4.38850000	7.34340000
4.87610000	7.08900000
4.82960000	6.29970000
4.80640000	6.00070000
4.92250000	5.73050000
5.17790000	6.33900000
5.96740000	8.08830000
6.73360000	9.19700000
9.33420000	10.98910000
13.35120000	11.87690000
14.23350000	12.21990000
12.95640000	12.64230000
11.05240000	14.87110000
14.21030000	22.40550000
14.37280000	25.42310000
12.37600000	18.99690000
10.44870000	13.06890000
9.21810000	12.48580000
9.28780000	11.31420000
8.26610000	8.95410000
7.68560000	9.07090000
7.96430000	7.95570000
8.01070000	7.25790000
7.82490000	6.15000000
7.82490000	5.86660000
10.17010000	5.74440000
11.77220000	5.26030000
11.58650000	13.74950000
14.55860000	17.84670000
15.62670000	15.10290000
12.56170000	9.90020000
10.14690000	7.64980000
8.77690000	6.39990000
7.82490000	5.44180000
7.56950000	4.72470000
9.65930000	4.17340000
13.07250000	3.74060000
13.07250000	3.40120000
11.05240000	3.14170000
9.63610000	2.93290000
8.75370000	2.76710000
7.61600000	2.66880000
6.38530000	2.56490000
5.47980000	2.45760000
5.22440000	2.39370000
5.87450000	2.34580000
5.66550000	2.54990000
5.87450000	3.92510000
4.96900000	4.11240000
4.52780000	3.97710000
4.57420000	3.53490000
4.45810000	3.16720000
4.52780000	3.42500000
5.08510000	3.12750000
4.87610000	4.77750000
6.96580000	12.42970000
8.93950000	15.54070000
8.82340000	9.00880000
7.89460000	7.72340000
7.19800000	6.38030000
6.38530000	5.34210000
5.80490000	4.55520000
5.34050000	3.95670000
4.94570000	3.49970000
4.80640000	3.14910000
4.59740000	2.87820000
4.17950000	2.66730000
3.85440000	2.50140000
3.71510000	2.42210000
3.48290000	2.26550000
3.27390000	2.18690000
3.43650000	2.18140000
3.29720000	2.08560000
2.97210000	1.99100000
2.80960000	1.94270000
2.55410000	1.90100000
2.39160000	1.86300000
2.25230000	1.82800000
2.13620000	1.79530000
2.04330000	1.76430000
1.97370000	1.73490000
1.90400000	1.70660000
1.85760000	1.67930000
1.76470000	1.65290000
1.69500000	1.62720000
1.62540000	1.60200000
1.57890000	1.57750000
1.53250000	1.55340000
1.48600000	1.52980000
1.48600000	1.54020000
1.74150000	1.54090000
1.62540000	1.49160000
1.53250000	1.44060000
1.43960000	1.41780000
1.36990000	1.40520000
1.36990000	1.37590000
1.30030000	1.35480000
1.25380000	1.33450000
1.23060000	1.31450000
1.18420000	1.29470000
1.13780000	1.27540000
1.11450000	1.25610000
1.41640000	1.32970000
1.25380000	1.22260000
1.16100000	1.20050000
1.11450000	1.18250000
1.06810000	1.16470000
1.04490000	1.14720000
1.04490000	1.13000000
1.02170000	1.11310000
0.99840000	1.09640000
0.97520000	1.07990000
0.95200000	1.06370000
0.92880000	1.04780000
0.88230000	1.03210000
0.85910000	1.01660000
0.85910000	1.00130000
0.83590000	0.98630000
0.81270000	0.97150000
0.81270000	0.95700000
0.81270000	0.94260000
0.78950000	0.92850000
0.78950000	0.91450000
0.78950000	0.90080000
0.76620000	0.88730000
0.76620000	0.87400000
0.76620000	0.89450000
1.02170000	0.97350000
1.18420000	0.89170000
1.11450000	0.85440000
0.90560000	0.81160000
0.83590000	0.79820000
0.78950000	0.78630000
0.76620000	0.77450000
0.74300000	0.76280000
0.74300000	0.75140000
0.74300000	0.74010000
0.74300000	0.76010000
0.76620000	0.71940000
0.74300000	0.72170000
0.74300000	0.69730000
0.71980000	0.68630000
0.71980000	0.67600000
0.71980000	0.66580000
0.69660000	0.65580000
0.67340000	0.64600000
0.67340000	0.63630000
0.65010000	0.62680000
0.65010000	0.61740000
0.62690000	0.60810000
0.62690000	0.59900000
0.62690000	0.59000000
0.62690000	0.58110000
0.62690000	0.57240000
0.62690000	0.56380000
0.60370000	0.55540000
0.60370000	0.54710000
0.60370000	0.53890000
0.60370000	0.53080000
0.58050000	0.52280000
0.58050000	0.51500000
0.60370000	0.56490000
0.65010000	0.55820000
0.74300000	0.49450000
0.69660000	0.48480000
0.65010000	0.47750000
0.62690000	0.47030000
0.58050000	0.46330000
0.58050000	0.45630000
0.55730000	0.44950000
0.55730000	0.44270000
0.53400000	0.43610000
0.53400000	0.42950000
0.53400000	0.42310000
0.60370000	0.53250000
0.83590000	0.44390000
0.90560000	0.54280000
2.53090000	0.53050000
2.25230000	0.51140000
4.31880000	1.22870000
6.98900000	2.62130000
4.87610000	3.08830000
3.39000000	3.04240000
3.13460000	2.97520000
2.50770000	2.80000000
3.85440000	3.25690000
4.06340000	3.75920000
3.85440000	3.93520000
6.38530000	7.85210000
13.21190000	10.02640000
10.28620000	11.82140000
10.79700000	9.77540000
10.28620000	8.01120000
8.77690000	6.79740000
6.94260000	5.84730000
5.66550000	5.16080000
5.27080000	4.57030000
10.03080000	12.31550000
14.18710000	10.81270000
12.30630000	7.88930000
9.79860000	6.90830000
8.08040000	6.11780000
7.70880000	6.32330000
6.40860000	5.79280000
5.45660000	5.13830000
4.76000000	4.36050000
4.22590000	3.75850000
3.76150000	3.29970000
3.43650000	2.94840000
3.22750000	2.71360000
4.17950000	13.25550000
23.91600000	22.42330000
18.22720000	19.22180000
13.83880000	13.62260000
10.35590000	9.16500000
8.12680000	7.89130000
7.29090000	7.42970000
6.91940000	10.67490000
8.21970000	10.61470000
10.42550000	19.19310000
14.11740000	14.25100000
10.51840000	8.70680000
8.24290000	7.14060000
6.87290000	5.96700000
5.94420000	5.07350000
5.52620000	4.39430000
5.13150000	3.87620000
4.52780000	3.47880000
5.03860000	3.21120000
4.96900000	3.61490000
4.34200000	3.65600000
3.92410000	3.47440000
3.62220000	3.17940000
3.78480000	2.91990000
3.85440000	2.71640000
3.66870000	2.60770000
3.90090000	3.50530000
3.55260000	3.75600000
3.27390000	3.61280000
3.15780000	3.28240000
17.41460000	16.32120000
21.54760000	14.91450000
12.14380000	8.70390000
21.89590000	19.51570000
24.38040000	18.03770000
14.65150000	10.50390000
10.58810000	8.28540000
8.33580000	6.93880000
6.87290000	5.80530000
5.87450000	4.94130000
5.13150000	4.28440000
4.57420000	3.78300000
4.15630000	3.39850000
3.80800000	3.10170000
3.55260000	2.87080000
3.39000000	2.70430000
3.15780000	2.55340000
2.97210000	2.74710000
2.87920000	2.84930000
2.73990000	3.39360000
2.90240000	3.64310000
2.76310000	4.13330000
2.78630000	4.88620000
2.69350000	5.38840000
3.90090000	13.81360000
25.07700000	31.18250000
38.54420000	33.52720000
24.14820000	22.70560000
15.23190000	13.38830000
11.51680000	10.55840000
11.88830000	14.84120000
10.65770000	13.74150000
8.70730000	8.43570000
7.24450000	7.41780000
6.31570000	6.35830000
5.52620000	5.40500000
5.01540000	4.67510000
4.92250000	4.11830000
5.27080000	3.69150000
4.96900000	3.36240000
4.41170000	3.10670000
4.01700000	2.90610000
7.26770000	7.07560000
12.19020000	8.24730000
8.26610000	6.18530000
6.26920000	5.56610000
5.20120000	4.86890000
4.52780000	4.22800000
4.29560000	3.73470000
4.10980000	3.35620000
3.73830000	3.06410000
3.48290000	2.83680000
3.36680000	2.65820000
3.15780000	2.51630000
3.04170000	2.40210000
3.01850000	2.32290000
3.36680000	2.23910000
3.41330000	2.17510000
3.18110000	2.27640000
3.11140000	2.21570000
3.04170000	2.39460000
2.80960000	2.63330000
2.64700000	2.58850000
2.50770000	2.40800000
2.39160000	2.26450000
2.34520000	2.15070000
2.32190000	2.12910000
2.50770000	2.58880000
2.76310000	3.47540000
2.92560000	4.13830000
6.94260000	9.56810000
14.11740000	15.05630000
14.37280000	15.19660000
12.60810000	10.70580000
9.42710000	8.18580000
7.59280000	6.97460000
6.36210000	5.78990000
5.54940000	4.87710000
4.85290000	4.18430000
4.36530000	3.65680000
4.01700000	3.26050000
3.78480000	2.95800000
3.78480000	2.70980000
3.50610000	2.51650000
3.27390000	2.36750000
3.08820000	2.24920000
2.90240000	2.15350000
2.94890000	2.07470000
8.10360000	5.98080000
10.47200000	12.47930000
8.33580000	10.00850000
6.98900000	7.35100000
6.10670000	6.42390000
5.36370000	5.42780000
4.71350000	4.58890000
4.31880000	3.94900000
4.22590000	3.46150000
4.22590000	3.08830000
3.64540000	2.80110000
3.41330000	2.57840000
3.27390000	2.40420000
3.25070000	2.29530000
3.41330000	2.22220000
3.59900000	2.98640000
3.71510000	3.44180000
4.59740000	3.80120000
5.03860000	4.53790000
5.31720000	5.16750000
5.24760000	5.30660000
5.36370000	5.07500000
5.43330000	4.93830000
5.13150000	4.67560000
5.31720000	4.77440000
6.31570000	5.31600000
8.84660000	8.67250000
12.67780000	9.89530000
11.02920000	8.17350000
9.96110000	9.21710000
12.58490000	12.52750000
14.04780000	14.41560000
19.48110000	17.15180000
27.63110000	27.54670000
46.43880000	29.62370000
25.07700000	22.71370000
16.67150000	16.45340000
12.60810000	13.14930000
10.23980000	10.30770000
8.96270000	8.81010000
8.33580000	7.81480000
7.73210000	8.24310000
7.89460000	8.27370000
7.68560000	7.01150000
7.10510000	6.75440000
6.87290000	6.44020000
6.94260000	7.46500000
6.96580000	7.82860000
6.80330000	8.18500000
7.43020000	8.51220000
8.70730000	10.41900000
11.14530000	11.17790000
12.84030000	9.71260000
11.49360000	7.74540000
9.82180000	7.07880000
9.21810000	6.11470000
8.31260000	5.67560000
7.29090000	6.95280000
6.54790000	6.00760000
6.08350000	5.99880000
5.71200000	5.95760000
5.73520000	5.40870000
6.78010000	4.95060000
10.05400000	9.55710000
12.12050000	11.01330000
12.12050000	9.04500000
11.16850000	8.49290000
11.58650000	10.94940000
12.21340000	11.16320000
12.44560000	12.89630000
15.20870000	13.90990000
14.97650000	15.46710000
16.69480000	14.92710000
15.34800000	11.91270000
13.95490000	10.97870000
13.93170000	12.17850000
15.06940000	14.10130000
16.78760000	18.72010000
23.21940000	20.85380000
23.68380000	18.29240000
20.96710000	14.87000000
18.69160000	13.50750000
15.90530000	12.73680000
15.67310000	12.23040000
15.32480000	11.94340000
15.55700000	12.42120000
16.60190000	13.98930000
17.64680000	13.16400000
13.93170000	12.25270000
11.14530000	10.78680000
9.75220000	9.97870000
10.68090000	10.60850000
12.88680000	11.65340000
15.30160000	13.64370000
18.87740000	15.29220000
21.12970000	14.41950000
18.34330000	12.40550000
15.32480000	11.95960000
12.53850000	13.23300000
13.69950000	17.60010000
13.93170000	14.25990000
12.30630000	9.40690000
12.88680000	8.50580000
13.49050000	8.15860000
12.46880000	7.68440000
10.79700000	7.13160000
10.40230000	6.60270000
11.40070000	6.33230000
11.05240000	7.58970000
10.68090000	15.75960000
14.55860000	16.60520000
10.47200000	10.27840000
8.66080000	8.36210000
7.61600000	6.88960000
6.91940000	6.25240000
6.40860000	5.37510000
5.87450000	4.66460000
5.71200000	4.86180000
6.10670000	5.28080000
6.75690000	5.04760000
5.54940000	4.73680000
5.80490000	4.24170000
5.80490000	3.78870000
5.34050000	3.43910000
4.96900000	3.19840000
4.48130000	2.97400000
3.94730000	2.80070000
3.62220000	2.66410000
3.43650000	2.55180000
3.22750000	2.45860000
3.06500000	2.37750000
2.83280000	2.31000000
2.64700000	2.24220000
2.50770000	2.19100000
2.39160000	2.14530000
2.25230000	2.10350000
2.15940000	2.06470000
2.08970000	2.02830000
1.99690000	1.99380000
1.92720000	1.96080000
1.95040000	1.94610000
1.83430000	1.92150000
1.71820000	1.86960000
1.64860000	1.83970000
1.57890000	1.81140000
1.50930000	1.78370000
1.48600000	1.75650000
1.50930000	1.76960000
1.64860000	1.72880000
1.48600000	1.67890000
1.39320000	1.65260000
1.32350000	1.62780000
1.27710000	1.60330000
1.25380000	1.57920000
1.20740000	1.55540000
1.16100000	1.53210000
1.11450000	1.50910000
1.09130000	1.48640000
1.09130000	1.46410000
1.04490000	1.44220000
1.02170000	1.42050000
0.99840000	1.39920000
1.09130000	1.37820000
1.04490000	1.35750000
0.99840000	1.33850000
0.97520000	1.31710000
0.95200000	1.29730000
0.95200000	1.27790000
0.95200000	1.25870000
0.92880000	1.23980000
0.90560000	1.22120000
0.85910000	1.20290000
0.83590000	1.18490000
0.83590000	1.16710000
0.81270000	1.14960000
0.83590000	1.17860000
0.92880000	1.11730000
0.83590000	1.09860000
0.81270000	1.08210000
0.78950000	1.06590000
0.78950000	1.04990000
0.78950000	1.04940000
0.78950000	1.01930000
0.76620000	1.00340000
0.74300000	0.98830000
0.74300000	0.97350000
0.71980000	0.95890000
0.69660000	0.94450000
0.69660000	0.93040000
0.74300000	0.97200000
0.78950000	0.90500000
0.71980000	0.88910000
0.69660000	0.89510000
0.69660000	0.86340000
0.69660000	0.84970000
0.67340000	0.83700000
0.65010000	0.82440000
0.62690000	0.81200000
0.62690000	0.79990000
0.62690000	0.78790000
0.62690000	0.77600000
0.62690000	0.76440000
0.62690000	0.78790000
0.67340000	0.74310000
0.67340000	0.73050000
0.65010000	0.71960000
0.85910000	0.79900000
0.90560000	0.74660000
0.76620000	0.70340000
0.71980000	0.67790000
0.69660000	0.66720000
0.65010000	0.65720000
0.65010000	0.66240000
0.65010000	0.66490000
0.65010000	0.62920000
0.65010000	0.61860000
0.62690000	0.60930000
0.62690000	0.60020000
0.60370000	0.59120000
0.58050000	0.58230000
0.58050000	0.57360000
0.58050000	0.56500000
0.58050000	0.55650000
0.58050000	0.55950000
0.58050000	0.54040000
0.58050000	0.53180000
0.58050000	0.52390000
0.58050000	0.51600000
0.58050000	0.50830000
0.58050000	0.50060000
0.58050000	0.52880000
0.58050000	0.52590000
0.62690000	0.48010000
0.62690000	0.47130000
0.60370000	0.46420000
0.58050000	0.45720000
0.58050000	0.45040000
0.55730000	0.44360000
0.55730000	0.43700000
0.55730000	0.43040000
0.55730000	0.42400000
0.53400000	0.43050000
0.55730000	0.44930000
0.62690000	0.46730000
0.78950000	0.44130000
0.78950000	0.42490000
1.06810000	0.52060000
1.81110000	0.55270000
1.55570000	1.35030000
1.34670000	1.57150000
1.23060000	1.72980000
1.39320000	2.46120000
1.39320000	3.50390000
10.35590000	6.93970000
7.87140000	6.59100000
4.62070000	5.52530000
3.39000000	4.43900000
2.76310000	3.60950000
2.34520000	2.98310000
2.04330000	2.50920000
1.83430000	2.14970000
1.67180000	1.87600000
1.55570000	1.66680000
1.46280000	1.50600000
1.36990000	1.38160000
1.30030000	1.28450000
1.25380000	1.20790000
1.18420000	1.14680000
1.16100000	1.09740000
1.09130000	1.05680000
1.06810000	1.02280000
1.02170000	0.99390000
0.99840000	0.96880000
0.95200000	0.94660000
1.02170000	0.92710000
1.53250000	1.92350000
2.48450000	4.41790000
3.27390000	5.73840000
3.43650000	6.67740000
4.34200000	6.82290000
4.82960000	7.96460000
4.57420000	7.24760000
3.83120000	6.14630000
3.29720000	5.04400000
2.92560000	4.18620000
2.60060000	3.53620000
2.34520000	3.04280000
2.15940000	2.66690000
2.02010000	2.37920000
1.90400000	2.15770000
1.88080000	1.98600000
1.90400000	2.05760000
1.83430000	2.54280000
1.71820000	2.69970000
1.71820000	2.56050000
1.74150000	2.28890000
1.97370000	2.07330000
3.80800000	3.42580000
5.31720000	4.89880000
8.21970000	11.18360000
11.12210000	10.35930000
7.63920000	7.85790000
5.94420000	6.72130000
4.92250000	5.71540000
4.24920000	5.01190000
3.73830000	4.43150000
3.43650000	3.86000000
4.01700000	3.95290000
3.78480000	4.84240000
3.80800000	5.10260000
3.48290000	4.77790000
3.22750000	4.34830000
3.01850000	3.88290000
2.83280000	3.38760000
2.67020000	3.06640000
2.53090000	2.77450000
2.64700000	2.94910000
3.06500000	9.31570000
4.36530000	9.92760000
5.17790000	11.91940000
6.52470000	15.87290000
31.11400000	27.55800000
26.23790000	26.47020000
17.60030000	17.08930000
14.39600000	23.55440000
27.16670000	37.68140000
71.74800000	50.27590000
34.82910000	38.51930000
19.31860000	23.59020000
14.41930000	14.90480000
11.00600000	10.24780000
8.86980000	8.55200000
7.36060000	7.11560000
6.33890000	6.01970000
5.57270000	5.18930000
4.96900000	4.55670000
4.55100000	4.06860000
4.13310000	3.75720000
3.80800000	3.49680000
3.55260000	3.44010000
3.34360000	3.48150000
3.20430000	3.42580000
3.22750000	4.05430000
3.29720000	5.51950000
3.11140000	5.16840000
2.99530000	5.14380000
4.57420000	14.14390000
13.23510000	27.21310000
16.53220000	19.00230000
10.95960000	9.81520000
7.96430000	8.09860000
6.38530000	6.72770000
5.45660000	5.67760000
4.73680000	4.88060000
4.31880000	4.27350000
3.87760000	3.80900000
3.69190000	3.45150000
3.59900000	3.17450000
3.32040000	2.95840000
3.52940000	2.78700000
3.64540000	2.65010000
3.48290000	2.53910000
3.20430000	2.44760000
5.24760000	3.92210000
9.26450000	11.76530000
16.41610000	19.73500000
28.55990000	26.26550000
29.48870000	24.41630000
18.73810000	16.24580000
14.79080000	11.05790000
12.79390000	11.00080000
10.72740000	10.14850000
9.00910000	8.11880000
7.70880000	6.75310000
7.26770000	7.21330000
8.61440000	16.66000000
19.29530000	25.43100000
16.97340000	18.03770000
13.00290000	9.50300000
11.67940000	10.03570000
10.37910000	13.03350000
9.10200000	12.29580000
7.84820000	9.23090000
7.05870000	7.28850000
7.47670000	6.49050000
13.76910000	11.62490000
13.32790000	11.25690000
10.51840000	7.97090000
8.89300000	6.55030000
7.56950000	5.90960000
6.75690000	5.07840000
6.31570000	4.69510000
5.92100000	6.14020000
5.94420000	9.46490000
6.31570000	8.31050000
6.26920000	6.79400000
6.38530000	7.83490000
6.73360000	8.27870000
8.10360000	11.50430000
8.35900000	10.86320000
7.70880000	7.98070000
7.19800000	8.67680000
7.15160000	10.23720000
6.75690000	9.35890000
6.17640000	7.40410000
5.85130000	6.69580000
6.10670000	7.80820000
6.22280000	6.65220000
6.12990000	6.08110000
7.05870000	10.13210000
6.61750000	8.73370000
6.31570000	6.83210000
6.08350000	7.86820000
5.82810000	6.62510000
5.92100000	6.26450000
6.01380000	5.61420000
6.12990000	5.09370000
6.71040000	4.74320000
7.05870000	4.48730000
6.91940000	5.91870000
7.01230000	8.32810000
6.59430000	6.52920000
5.89770000	5.94540000
5.38690000	5.27540000
5.10830000	4.55710000
5.01540000	4.00430000
5.43330000	3.57810000
6.03700000	3.24730000
6.33890000	2.99400000
6.75690000	2.81690000
7.17480000	2.69060000
6.40860000	3.64580000
5.80490000	4.56330000
5.10830000	4.48030000
4.64390000	4.31330000
4.48130000	3.82050000
4.76000000	3.37640000
5.36370000	3.09190000
6.91940000	2.91250000
10.56480000	2.69030000
10.26300000	2.51340000
8.05710000	2.37210000
7.59280000	2.25930000
9.31100000	2.16760000
8.80020000	2.09160000
8.31260000	2.02770000
7.77850000	1.97290000
6.82650000	1.92500000
6.08350000	1.88230000
5.59590000	1.84380000
5.36370000	1.80840000
5.64230000	1.77550000
5.87450000	1.74450000
5.73520000	1.71510000
5.24760000	1.68690000
4.57420000	1.65980000
3.92410000	1.63350000
3.52940000	1.60800000
3.32040000	1.58310000
3.13460000	1.55880000
2.92560000	1.53490000
2.67020000	1.51160000
2.53090000	1.48870000
2.46130000	1.46620000
2.41480000	1.44400000
2.32190000	1.45150000
2.53090000	1.49750000
3.08820000	1.44170000
2.67020000	1.39850000
2.48450000	1.34020000
2.27550000	1.31850000
2.15940000	1.29870000
2.06650000	1.27920000
1.99690000	1.26010000
1.88080000	1.24110000
1.78790000	1.22250000
1.71820000	1.20410000
1.62540000	1.18610000
1.55570000	1.16830000
1.48600000	1.15080000
1.41640000	1.13350000
1.39320000	1.11650000
1.34670000	1.09980000
1.30030000	1.08330000
1.27710000	1.06700000
1.23060000	1.05100000
1.18420000	1.03520000
1.13780000	1.01970000
1.11450000	1.00440000
1.23060000	1.01430000
1.16100000	0.97560000
1.09130000	0.95990000
1.04490000	0.94550000
1.02170000	0.93130000
0.97520000	0.91730000
0.92880000	0.90360000
0.90560000	0.89000000
0.90560000	0.87670000
0.88230000	0.86350000
0.85910000	0.85060000
0.83590000	0.83780000
0.81270000	0.82520000
0.81270000	0.81290000
0.78950000	0.80070000
0.78950000	0.78870000
0.76620000	0.77680000
0.74300000	0.76520000
0.74300000	0.75370000
0.71980000	0.74240000
0.71980000	0.73130000
0.71980000	0.72030000
0.69660000	0.70950000
0.69660000	0.69880000
0.69660000	0.68840000
0.69660000	0.67800000
0.69660000	0.66790000
0.67340000	0.65790000
0.67340000	0.64800000
0.67340000	0.63830000
0.67340000	0.62870000
0.65010000	0.61930000
0.62690000	0.61000000
0.62690000	0.60080000
0.62690000	0.59180000
0.62690000	0.58290000
0.62690000	0.57420000
0.60370000	0.56560000
0.60370000	0.55710000
0.58050000	0.54870000
0.58050000	0.54050000
0.58050000	0.53240000
0.55730000	0.52440000
0.55730000	0.51650000
0.55730000	0.50880000
0.55730000	0.50120000
0.55730000	0.49360000
0.55730000	0.48620000
0.53400000	0.47890000
0.53400000	0.47180000
0.53400000	0.46470000
0.53400000	0.45770000
0.51080000	0.45090000
0.51080000	0.44410000
0.51080000	0.43740000
0.48760000	0.43090000
0.51080000	0.42820000
1.18420000	0.57270000
0.83590000	0.41820000
0.71980000	0.49030000
1.46280000	0.54870000
1.64860000	0.40320000
0.95200000	0.38780000
0.78950000	0.38180000
0.74300000	0.37610000
1.02170000	0.48440000
1.23060000	0.41430000
0.95200000	0.38560000
1.13780000	0.42170000
1.16100000	0.35150000
0.99840000	0.34350000
0.90560000	0.33830000
0.85910000	0.33320000
0.81270000	0.32820000
0.76620000	0.32330000
0.74300000	0.31850000
0.71980000	0.31370000
0.69660000	0.30900000
0.67340000	0.30440000
0.65010000	0.29980000
0.65010000	0.29530000
0.62690000	0.29090000
0.62690000	0.28650000
0.62690000	0.28220000
0.62690000	0.27800000
0.60370000	0.28980000
0.67340000	0.32540000
0.81270000	0.37200000
1.25380000	0.33860000
1.69500000	0.33450000
1.62540000	0.31720000
3.76150000	1.17040000
5.24760000	2.25950000
3.39000000	2.26370000
2.78630000	1.89220000
10.03080000	5.41690000
8.49830000	6.16040000
5.57270000	5.48770000
4.38850000	4.65710000
9.65930000	14.94000000
28.79210000	14.83380000
13.72270000	10.09100000
9.19490000	8.80050000
6.73360000	7.49530000
5.36370000	6.37520000
4.48130000	5.22770000
3.87760000	4.34820000
4.76000000	7.19090000
6.31570000	6.42640000
5.10830000	6.05510000
4.48130000	5.35720000
4.06340000	4.48990000
3.69190000	3.81930000
3.34360000	3.30960000
3.04170000	2.92060000
2.78630000	2.62230000
2.60060000	2.39210000
2.43800000	2.21310000
2.27550000	2.07250000
2.15940000	1.96090000
2.92560000	6.44680000
17.11270000	11.57430000
11.09890000	7.82290000
7.96430000	6.74670000
6.24600000	5.56270000
5.31720000	4.68160000
5.80490000	11.29290000
10.26300000	19.94130000
52.70810000	31.11350000
30.18520000	30.77450000
16.39290000	17.54010000
11.23820000	10.94740000
8.59120000	8.85800000
7.22120000	7.26630000
6.50140000	6.05790000
5.87450000	5.14250000
5.47980000	4.44690000
4.89930000	3.91640000
7.36060000	15.28350000
26.70230000	19.50920000
16.53220000	12.19430000
11.67940000	8.83900000
9.35740000	9.24780000
8.61440000	7.81750000
7.17480000	6.63350000
7.56950000	9.33400000
7.98750000	11.36420000
6.96580000	7.89040000
6.19960000	6.65260000
5.50300000	5.81190000
4.99220000	5.00400000
4.52780000	4.35360000
4.34200000	3.85560000
4.96900000	3.47330000
4.73680000	3.17780000
4.36530000	2.94760000
4.10980000	2.78760000
4.04020000	2.85700000
3.73830000	3.10020000
3.59900000	3.09890000
3.64540000	3.65720000
3.90090000	4.40690000
3.66870000	4.48370000
3.55260000	4.27310000
3.55260000	4.02450000
3.57580000	4.36080000
3.36680000	4.23690000
3.15780000	3.89540000
3.01850000	3.48210000
2.83280000	3.12350000
2.71670000	2.84540000
2.55410000	2.62930000
2.32190000	2.45980000
2.20580000	2.32540000
2.08970000	2.21730000
1.76470000	2.12920000
1.62540000	2.05610000
1.48600000	1.99440000
1.39320000	1.94140000
1.46280000	1.89490000
1.62540000	1.85350000
1.85760000	1.83940000
2.22910000	2.06690000
2.27550000	2.57970000
2.36840000	3.01870000
2.78630000	3.73550000
5.94420000	10.71070000
8.24290000	9.24710000
6.50140000	7.42560000
5.87450000	6.80410000
5.59590000	6.40920000
5.03860000	5.79720000
4.57420000	5.14260000
4.22590000	4.51130000
5.17790000	7.86280000
7.70880000	6.82430000
6.94260000	6.11580000
6.36210000	5.45690000
6.01380000	4.75020000
8.70730000	11.42000000
37.84770000	30.60820000
36.22230000	32.14460000
18.50590000	20.07130000
12.65460000	11.07440000
9.72890000	9.37140000
7.94100000	7.77870000
6.96580000	6.45620000
5.94420000	5.45090000
5.36370000	4.68800000
4.94570000	4.10690000
4.52780000	3.66230000
4.15630000	3.32000000
3.85440000	3.05470000
3.64540000	2.85160000
3.43650000	2.69040000
3.27390000	2.55820000
3.20430000	2.48210000
3.06500000	3.05100000
2.97210000	3.74240000
2.90240000	4.21820000
3.15780000	6.06930000
3.57580000	6.20200000
3.41330000	5.91080000
3.22750000	5.43870000
3.06500000	4.84820000
2.97210000	4.28050000
2.92560000	3.88450000
2.90240000	3.74110000
2.83280000	3.69970000
2.83280000	4.07430000
3.08820000	4.92860000
3.11140000	5.14080000
3.01850000	4.84470000
2.94890000	4.40360000
3.04170000	4.04580000
3.97050000	3.65810000
4.43490000	3.25210000
4.38850000	2.94660000
4.38850000	2.99740000
5.78160000	4.33650000
8.91630000	5.28360000
9.68250000	5.45610000
8.42870000	5.31560000
7.70880000	4.92150000
6.84970000	4.47080000
6.33890000	4.22560000
6.08350000	4.26690000
5.87450000	4.05440000
6.08350000	3.88000000
6.40860000	4.29090000
6.24600000	5.25670000
5.66550000	5.55690000
5.34050000	5.23200000
5.52620000	4.93390000
6.73360000	4.93390000
7.49990000	5.26450000
7.24450000	6.20660000
6.84970000	7.78190000
7.45340000	9.91900000
7.33730000	8.52890000
7.54630000	7.07460000
8.84660000	7.52770000
8.59120000	7.63630000
7.40700000	6.30850000
6.52470000	5.62810000
6.50140000	5.08540000
7.24450000	5.19460000
7.31410000	5.23480000
6.89620000	5.04210000
7.08190000	4.94610000
7.19800000	4.97740000
7.36060000	4.96310000
7.82490000	5.87720000
9.52000000	6.62220000
11.05240000	7.25760000
10.79700000	7.43820000
9.70570000	7.57970000
8.59120000	7.92650000
7.70880000	8.04070000
6.94260000	6.80210000
6.36210000	6.51960000
5.94420000	7.07100000
6.03700000	7.54210000
5.80490000	7.74540000
5.52620000	7.58020000
6.10670000	8.80110000
6.54790000	8.10400000
6.31570000	7.62010000
7.24450000	9.30400000
9.49670000	11.78460000
9.10200000	11.37900000
7.82490000	9.95080000
7.84820000	10.90090000
9.07880000	11.27940000
9.91470000	9.88560000
9.26450000	8.02010000
8.91630000	10.07380000
8.49830000	7.97740000
7.10510000	6.72920000
6.57110000	6.10310000
6.80330000	7.30540000
6.54790000	5.87230000
6.08350000	6.74620000
5.73520000	7.25080000
5.31720000	6.18200000
5.08510000	5.70230000
4.99220000	5.26610000
5.17790000	4.75430000
5.38690000	4.74860000
5.10830000	4.72840000
5.08510000	4.34120000
5.54940000	4.04770000
5.20120000	3.70240000
5.08510000	3.54320000
6.38530000	7.08600000
6.06030000	5.72710000
5.20120000	5.31800000
4.89930000	5.17290000
9.28780000	12.25960000
10.10040000	13.06800000
10.37910000	19.53970000
18.80770000	20.81660000
19.15600000	20.05530000
18.41300000	15.51450000
13.28150000	9.39070000
10.47200000	8.16270000
9.24130000	6.79110000
8.12680000	5.72460000
7.43020000	7.28270000
9.75220000	9.24960000
9.17170000	7.05630000
8.47510000	7.61000000
7.66240000	6.10240000
6.96580000	5.88930000
6.26920000	5.38670000
5.80490000	5.02780000
6.96580000	6.71900000
6.61750000	6.93840000
6.15310000	5.54310000
5.80490000	5.03030000
5.34050000	4.37470000
4.99220000	3.86220000
4.64390000	3.46900000
4.41170000	3.16560000
4.17950000	2.92960000
3.83120000	2.74420000
3.59900000	2.59700000
3.36680000	2.47850000
3.13460000	2.38170000
3.01850000	2.30120000
2.78630000	2.23310000
2.55410000	2.17450000
2.43800000	2.12300000
2.25230000	2.07700000
2.13620000	2.03520000
2.04330000	2.00660000
2.04330000	1.96210000
1.95040000	1.92690000
1.85760000	1.89460000
1.83430000	1.88570000
1.90400000	1.86770000
1.78790000	1.80890000
1.69500000	1.77690000
1.69500000	1.80760000
1.99690000	1.72490000
1.64860000	1.69620000
1.55570000	1.67040000
1.48600000	1.64510000
1.43960000	1.62030000
1.36990000	1.59580000
1.32350000	1.57180000
1.30030000	1.54810000
1.30030000	1.53270000
1.27710000	1.50220000
1.20740000	1.47930000
1.16100000	1.45710000
1.13780000	1.43530000
1.09130000	1.41370000
1.06810000	1.39250000
1.04490000	1.37170000
1.02170000	1.35100000
1.02170000	1.33070000
0.99840000	1.31080000
0.97520000	1.29110000
0.95200000	1.27170000
0.95200000	1.25270000
0.92880000	1.23390000
0.90560000	1.21540000
0.90560000	1.19710000
0.88230000	1.17920000
0.99840000	1.27650000
1.50930000	1.20680000
1.06810000	1.12930000
0.92880000	1.11000000
0.88230000	1.09340000
0.85910000	1.07700000
0.83590000	1.06080000
0.81270000	1.04490000
0.81270000	1.02920000
0.81270000	1.01380000
0.78950000	0.99860000
0.76620000	0.98360000
0.76620000	0.96880000
0.74300000	0.95430000
0.74300000	0.94000000
0.74300000	0.96010000
1.13780000	1.10030000
1.46280000	0.95680000
5.34050000	1.26310000
11.88830000	4.82770000
10.84350000	6.76980000
8.73050000	6.37450000
6.33890000	5.62040000
4.87610000	4.57630000
3.99370000	3.76750000
3.36680000	3.15640000
3.13460000	2.76180000
4.22590000	2.78350000
3.48290000	3.29820000
3.08820000	3.27470000
2.87920000	2.80980000
2.62380000	2.43840000
2.41480000	2.15490000
2.27550000	1.96070000
2.34520000	1.80090000
2.13620000	1.71120000
6.36210000	5.19300000
4.99220000	5.15080000
5.57270000	7.24460000
7.94100000	7.32680000
9.91470000	10.07770000
11.58650000	9.52770000
10.51840000	8.19890000
9.38060000	7.77530000
8.17320000	7.09210000
6.94260000	6.17430000
5.87450000	5.31540000
5.17790000	4.50120000
4.64390000	3.83380000
4.08660000	3.34280000
3.66870000	2.96830000
3.32040000	2.68050000
3.04170000	2.45780000
2.80960000	2.28410000
2.64700000	2.14720000
2.48450000	2.03800000
2.32190000	1.94970000
2.15940000	1.87710000
2.06650000	1.81650000
1.95040000	1.76490000
1.88080000	1.75010000
2.41480000	1.75800000
2.04330000	1.64830000
2.08970000	2.16610000
2.85600000	4.78170000
2.99530000	5.17500000
2.67020000	4.73660000
2.46130000	4.14260000
2.29870000	3.53310000
2.18260000	3.06350000
2.11300000	2.72300000
3.34360000	7.61900000
5.45660000	9.37800000
6.06030000	7.36880000
5.71200000	6.71530000
5.06180000	5.93330000
4.57420000	5.01960000
4.43490000	5.00450000
4.17950000	5.30250000
4.43490000	5.71620000
4.22590000	5.40710000
3.92410000	4.86110000
3.66870000	4.14360000
3.43650000	3.60220000
3.29720000	3.25380000
3.66870000	3.80900000
3.48290000	4.59730000
3.76150000	8.67230000
11.95800000	15.27590000
11.47040000	10.28520000
8.75370000	7.79140000
7.10510000	6.38800000
5.99060000	5.32730000
5.20120000	4.52300000
4.59740000	3.91190000
4.13310000	3.44580000
3.73830000	3.08850000
3.43650000	2.81300000
3.18110000	2.59890000
2.99530000	2.45200000
2.80960000	2.30860000
2.78630000	2.57180000
2.73990000	3.68520000
2.71670000	3.92980000
2.94890000	5.89170000
3.08820000	5.55650000
2.76310000	5.05280000
2.60060000	4.29860000
2.78630000	3.93410000
2.92560000	7.02210000
11.74900000	15.82010000
24.84480000	21.49810000
16.27680000	15.83330000
11.26140000	9.49440000
8.52150000	8.08040000
6.94260000	6.66050000
6.12990000	5.60270000
5.47980000	5.22870000
4.85290000	4.98240000
4.45810000	4.41290000
4.27240000	3.87960000
4.10980000	3.46840000
3.78480000	3.65470000
3.71510000	3.35740000
5.66550000	9.39140000
6.36210000	18.95570000
27.63110000	31.63770000
42.25930000	30.04220000
19.34180000	17.72650000
12.60810000	12.47210000
11.33110000	17.81590000
11.42400000	13.81730000
9.63610000	8.88860000
8.33580000	7.51030000
7.56950000	7.04360000
7.91780000	7.88110000
7.56950000	7.02730000
6.75690000	6.00800000
5.99060000	5.17920000
5.38690000	4.50600000
4.94570000	3.99720000
4.76000000	3.80910000
4.50460000	4.07510000
4.10980000	4.15770000
3.85440000	3.89250000
3.78480000	4.46330000
3.62220000	4.65080000
3.36680000	4.86810000
3.18110000	4.90950000
2.99530000	4.81260000
2.83280000	4.21420000
2.69350000	3.72210000
2.57740000	3.34400000
2.53090000	3.05250000
2.46130000	2.82550000
2.34520000	2.64720000
2.25230000	2.50550000
2.15940000	2.39140000
2.08970000	2.29820000
2.06650000	2.22070000
1.97370000	2.15520000
1.78790000	2.09870000
1.50930000	2.04900000
1.62540000	2.00470000
5.22440000	24.14690000
63.38900000	52.50230000
39.93740000	38.06440000
20.47950000	24.74380000
16.62510000	18.48310000
12.97970000	15.01530000
11.09890000	11.66330000
9.24130000	8.76930000
7.89460000	7.39850000
6.87290000	6.73470000
6.24600000	5.87980000
5.47980000	5.47190000
4.94570000	4.82690000
4.59740000	4.59170000
4.38850000	4.49610000
4.04020000	4.42430000
3.76150000	4.37870000
3.55260000	3.91630000
3.90090000	6.62380000
3.92410000	5.39350000
3.55260000	5.09480000
3.34360000	4.42620000
3.18110000	3.89650000
3.04170000	3.49050000
2.90240000	3.18090000
2.80960000	2.94370000
2.80960000	2.78210000
2.80960000	3.11790000
2.67020000	3.40630000
2.50770000	3.13930000
2.39160000	2.87830000
2.29870000	2.67330000
2.22910000	2.51260000
2.15940000	2.38670000
2.08970000	2.28420000
2.04330000	2.20210000
1.97370000	2.13750000
1.92720000	2.08100000
1.88080000	2.40340000
1.83430000	2.66880000
1.78790000	2.68350000
1.76470000	2.79920000
1.83430000	3.01840000
1.85760000	3.43050000
1.83430000	3.46870000
1.81110000	3.32320000
1.76470000	2.97300000
1.74150000	2.67330000
1.74150000	2.44190000
1.78790000	2.26030000
1.85760000	2.11810000
1.90400000	2.00240000
1.92720000	1.91150000
1.88080000	1.83740000
1.83430000	1.77570000
1.78790000	1.72340000
1.71820000	1.67840000
1.67180000	1.63880000
1.90400000	1.88380000
2.02010000	2.92600000
1.88080000	3.64930000
1.81110000	3.67760000
1.92720000	4.18220000
2.04330000	4.39410000
1.88080000	4.17810000
1.78790000	3.88180000
1.71820000	3.33450000
1.67180000	2.90610000
3.45970000	10.12640000
8.73050000	15.49560000
10.28620000	15.38870000
9.52000000	22.19940000
8.47510000	18.50390000
6.64080000	11.06190000
7.38380000	14.18480000
7.33730000	11.74020000
6.68720000	8.74230000
6.31570000	8.02760000
5.59590000	7.13270000
5.45660000	6.39530000
6.45500000	5.61600000
7.31410000	5.22310000
6.61750000	4.98260000
5.87450000	4.33880000
6.06030000	5.41100000
5.50300000	5.08210000
4.96900000	4.99280000
4.59740000	4.72580000
4.31880000	5.68810000
5.68880000	8.20790000
5.96740000	7.97700000
5.85130000	6.44990000
5.54940000	5.92790000
5.52620000	5.03720000
5.92100000	4.33900000
7.08190000	3.80690000
8.68410000	3.45110000
10.42550000	3.10980000
10.00760000	2.84340000
9.35740000	2.65210000
8.61440000	2.50150000
7.59280000	2.40750000
6.36210000	2.31350000
5.52620000	2.20300000
5.01540000	2.13370000
4.78320000	2.10260000
4.59740000	2.02570000
4.45810000	2.01000000
4.36530000	1.93990000
4.08660000	1.90120000
3.71510000	1.86640000
3.39000000	1.85740000
3.45970000	1.90930000
5.03860000	2.07380000
4.27240000	2.76990000
3.94730000	3.02960000
3.69190000	2.71640000
3.71510000	2.47930000
3.94730000	2.34510000
4.06340000	3.36380000
4.29560000	4.08500000
4.29560000	4.75210000
4.41170000	5.19740000
4.29560000	5.25360000
4.52780000	5.80650000
4.64390000	5.80810000
4.52780000	5.26780000
4.41170000	4.69590000
4.17950000	3.99810000
3.94730000	3.45700000
3.76150000	3.04440000
3.52940000	2.72810000
3.34360000	2.48420000
3.15780000	2.30310000
3.20430000	2.23340000
3.22750000	2.06550000
3.20430000	1.97560000
3.15780000	1.85820000
3.01850000	1.79260000
2.92560000	1.76200000
2.87920000	1.71090000
2.78630000	1.67930000
2.90240000	1.63630000
2.64700000	1.58340000
2.50770000	1.57850000
2.62380000	1.79060000
3.18110000	2.74820000
3.25070000	3.11140000
3.25070000	3.22520000
3.32040000	3.14260000
3.08820000	3.01000000
3.48290000	2.67930000
3.18110000	2.33970000
2.99530000	2.35760000
2.87920000	2.13070000
2.71670000	1.98190000
2.83280000	1.87470000
2.80960000	1.70760000
2.55410000	1.61810000
2.41480000	1.54780000
2.32190000	1.51220000
2.39160000	1.46810000
2.29870000	1.40170000
2.22910000	1.36510000
2.11300000	1.33370000
2.04330000	1.30550000
1.99690000	1.28230000
1.92720000	1.25600000
1.83430000	1.23360000
1.76470000	1.21250000
2.08970000	1.27090000
1.85760000	1.17630000
2.11300000	1.30790000
3.06500000	1.14260000
2.64700000	1.11860000
2.48450000	1.10130000
2.34520000	1.09850000
2.22910000	1.06850000
2.11300000	1.05170000
2.02010000	1.03580000
2.02010000	1.02010000
1.90400000	1.00480000
1.78790000	0.98960000
1.71820000	0.97470000
1.64860000	0.96010000
1.57890000	0.94560000
1.67180000	0.97130000
1.60210000	0.91910000
1.48600000	0.90370000
1.43960000	0.89020000
1.36990000	0.87670000
1.32350000	0.86360000
1.27710000	0.85060000
1.23060000	0.83790000
1.20740000	0.82530000
1.16100000	0.81290000
1.13780000	0.80070000
1.13780000	0.78870000
1.09130000	0.77690000
1.06810000	0.76520000
1.02170000	0.75380000
0.99840000	0.74250000
0.99840000	0.73130000
0.97520000	0.72040000
0.95200000	0.70950000
0.92880000	0.69890000
0.92880000	0.68840000
0.92880000	0.67810000
0.90560000	0.66790000
0.85910000	0.65790000
0.85910000	0.64800000
0.83590000	0.63830000
0.90560000	0.66710000
0.88230000	0.62090000
0.83590000	0.61000000
0.81270000	0.60090000
0.78950000	0.59190000
0.78950000	0.58300000
0.78950000	0.57420000
0.76620000	0.56560000
0.76620000	0.55710000
0.74300000	0.54880000
0.71980000	0.54050000
0.71980000	0.53240000
0.95200000	0.67240000
1.18420000	0.52280000
0.92880000	0.50880000
0.83590000	0.50120000
0.78950000	0.49370000
0.74300000	0.48630000
0.76620000	0.51520000
0.78950000	0.47330000
0.74300000	0.46470000
0.71980000	0.45780000
0.69660000	0.45090000
0.78950000	0.52380000
1.41640000	0.55400000
1.25380000	0.43560000
0.97520000	0.42440000
0.85910000	0.41810000
0.78950000	0.41180000
0.76620000	0.40560000
0.76620000	0.40040000
0.74300000	0.39360000
0.74300000	0.38760000
0.71980000	0.38180000
0.69660000	0.37610000
0.69660000	0.37050000
0.69660000	0.36490000
0.67340000	0.35940000
0.67340000	0.35400000
0.65010000	0.34870000
0.65010000	0.34350000
0.62690000	0.33830000
0.62690000	0.33330000
1.78790000	2.22260000
11.37750000	3.33740000
6.29250000	3.16300000
4.76000000	2.55340000
3.73830000	2.22680000
3.04170000	2.04350000
2.60060000	1.70560000
2.41480000	1.67750000
3.62220000	2.71920000
3.32040000	3.27960000
3.04170000	3.11110000
2.73990000	2.83230000
2.55410000	2.35310000
2.34520000	1.99580000
2.46130000	1.72710000
2.20580000	1.48170000
2.06650000	1.80010000
2.04330000	2.17830000
2.80960000	2.95290000
2.78630000	3.22680000
3.18110000	4.12620000
5.38690000	5.16100000
4.69030000	4.69630000
4.04020000	4.09480000
3.52940000	3.39070000
3.18110000	2.84790000
2.90240000	2.47010000
2.90240000	2.30300000
2.55410000	2.46220000
2.48450000	2.53000000
2.50770000	3.00060000
2.48450000	3.56470000
8.38220000	11.73230000
13.72270000	17.58550000
12.65460000	12.05950000
10.23980000	12.04900000
9.47350000	14.00060000
9.00910000	17.68140000
9.61280000	14.96020000
7.66240000	9.88010000
6.19960000	8.39440000
5.24760000	7.25830000
5.29400000	6.79910000
6.89620000	10.04010000
6.52470000	9.76710000
9.10200000	15.73810000
11.51680000	11.47210000
9.10200000	8.06160000
7.61600000	6.65460000
6.66400000	5.81170000
6.15310000	5.34180000
6.54790000	4.77540000
7.01230000	4.55560000
6.75690000	3.99680000
6.40860000	3.55280000
5.82810000	3.21150000
5.22440000	2.94730000
5.01540000	4.23310000
4.50460000	4.56530000
3.97050000	4.36360000
3.62220000	3.82110000
3.52940000	3.39100000
3.22750000	3.06050000
2.99530000	2.80490000
2.87920000	2.60560000
2.71670000	2.44860000
2.50770000	2.32340000
2.46130000	2.22220000
2.34520000	2.13910000
2.20580000	2.06970000
2.08970000	2.01070000
2.04330000	1.95010000
1.99690000	1.91440000
1.95040000	1.87390000
1.90400000	1.83690000
1.88080000	1.80270000
1.81110000	1.77070000
1.76470000	1.74040000
1.71820000	1.71150000
1.60210000	1.68370000
1.36990000	1.65690000
1.88080000	1.63090000
1.81110000	1.63210000
2.27550000	3.54940000
4.17950000	12.35170000
9.98440000	21.16410000
22.52280000	21.29600000
18.08790000	17.43180000
14.34960000	14.93020000
14.32640000	18.96180000
14.55860000	22.01130000
12.86360000	18.88760000
11.07570000	19.47050000
10.51840000	21.13070000
9.98440000	15.94480000
8.42870000	11.81460000
7.15160000	8.46180000
6.24600000	7.75930000
5.82810000	12.57570000
10.79700000	19.80090000
14.88360000	21.23100000
13.60660000	17.99470000
17.34490000	35.20150000
42.95590000	52.28420000
37.38330000	49.32250000
21.15290000	41.45190000
17.15920000	35.62060000
13.65300000	27.96720000
10.84350000	17.37850000
9.31100000	20.40900000
11.16850000	23.23130000
9.91470000	17.31290000
8.89300000	15.21860000
8.80020000	21.15190000
7.77850000	21.67150000
6.96580000	16.43070000
6.50140000	11.39000000
6.26920000	8.07130000
6.36210000	8.31990000
6.17640000	9.57260000
5.94420000	8.16240000
6.29250000	16.12220000
6.38530000	31.00810000
13.95490000	37.68530000
12.32950000	34.84040000
12.37600000	29.15940000
11.93480000	32.33320000
12.19020000	26.67440000
11.35430000	21.93950000
9.38060000	16.18510000
7.89460000	9.69420000
6.78010000	8.16340000
6.10670000	8.92100000
5.50300000	8.18210000
4.96900000	6.29000000
4.55100000	5.48510000
4.24920000	4.81340000
4.10980000	4.70450000
3.92410000	4.44500000
3.62220000	4.74890000
3.41330000	4.25530000
3.13460000	3.84470000
3.08820000	3.52700000
3.04170000	3.27910000
2.97210000	3.08370000
2.87920000	2.92770000
2.85600000	2.80150000
3.83120000	2.69780000
3.39000000	2.61110000
3.04170000	2.53720000
2.87920000	2.47310000
3.06500000	2.49020000
3.34360000	5.35610000
3.15780000	7.04130000
3.18110000	7.80540000
3.06500000	6.22080000
2.97210000	5.84420000
2.87920000	5.43600000
2.83280000	5.20040000
2.97210000	7.20160000
3.22750000	5.99760000
3.15780000	5.49410000
2.90240000	4.82420000
2.76310000	4.18460000
2.60060000	3.69170000
2.48450000	3.31370000
2.41480000	3.02210000
2.32190000	2.79530000
2.22910000	2.62350000
2.18260000	2.50460000
2.20580000	2.37350000
2.13620000	2.27300000
2.08970000	2.20550000
2.06650000	2.14340000
2.06650000	2.09240000
2.13620000	2.20810000
2.57740000	2.66230000
2.83280000	3.27120000
2.78630000	3.38170000
2.71670000	3.60680000
2.85600000	3.90540000
3.04170000	4.44850000
3.06500000	4.66660000
3.25070000	4.74810000
4.10980000	7.82570000
4.27240000	6.46140000
4.29560000	5.95520000
4.80640000	5.91130000
5.13150000	5.60890000
5.36370000	5.08880000
5.29400000	4.75020000
5.89770000	6.96670000
7.45340000	5.99070000
7.10510000	5.62460000
6.59430000	5.19710000
6.64080000	5.22370000
7.17480000	8.25780000
9.79860000	12.41220000
9.61280000	10.74640000
8.01070000	7.82560000
6.73360000	7.11960000
5.99060000	6.53220000
5.54940000	5.96940000
5.78160000	5.42120000
7.10510000	5.09520000
6.98900000	4.94560000
6.78010000	4.78750000
7.19800000	4.16090000
7.77850000	3.66020000
8.35900000	3.32040000
8.59120000	3.01890000
10.54160000	2.78460000
14.14060000	2.62600000
12.91000000	2.44080000
10.12370000	2.73970000
8.21970000	2.55720000
7.24450000	2.39830000
7.15160000	2.27280000
7.84820000	2.17160000
8.84660000	2.11630000
9.26450000	2.11900000
10.00760000	2.50100000
8.52150000	2.66950000
7.70880000	2.65000000
7.96430000	2.43530000
8.19650000	2.25990000
7.54630000	2.12180000
7.61600000	2.01180000
11.05240000	1.92310000
18.50590000	1.85030000
22.10490000	1.78960000
21.82630000	1.73800000
19.96870000	1.71680000
18.11110000	1.67460000
14.86040000	1.62320000
15.55700000	1.65860000
13.93170000	1.60400000
12.53850000	1.57710000
11.60970000	1.53370000
10.44870000	1.52580000
9.98440000	1.81160000
10.91310000	3.58670000
11.60970000	4.35390000
10.21650000	4.20640000
10.44870000	3.56210000
11.37750000	3.10950000
12.77070000	2.90480000
11.60970000	3.19120000
10.91310000	3.76980000
11.60970000	4.32660000
10.44870000	4.22020000
9.28780000	3.58670000
8.59120000	3.11350000
8.35900000	2.70180000
7.66240000	2.40740000
7.43020000	2.18170000
8.35900000	2.08550000
8.82340000	1.90140000
7.89460000	1.81380000
8.35900000	2.34050000
7.89460000	2.49760000
7.66240000	2.37120000
6.96580000	2.55100000
6.26920000	2.28730000
6.03700000	2.06730000
5.34050000	1.89710000
5.10830000	1.76420000
4.87610000	1.65940000
4.87610000	1.57570000
5.10830000	1.50800000
5.10830000	1.45240000
4.87610000	1.40580000
4.41170000	1.36610000
3.94730000	1.33170000
3.48290000	1.30120000
3.25070000	1.27390000
3.01850000	1.24890000
2.78630000	1.22570000
2.78630000	1.20400000
2.67020000	1.18350000
2.43800000	1.16390000
2.18260000	1.14500000
2.02010000	1.12680000
1.90400000	1.10910000
1.83430000	1.09190000
1.76470000	1.07510000
1.81110000	1.12370000
1.90400000	1.04720000
1.69500000	1.02680000
1.60210000	1.01110000
1.53250000	0.99590000
1.46280000	0.98080000
1.41640000	0.96610000
1.36990000	0.95150000
1.32350000	0.93720000
1.25380000	0.92310000
1.20740000	0.90930000
1.18420000	0.89560000
1.13780000	0.88230000
1.11450000	0.86890000
1.09130000	0.85590000
1.06810000	0.84300000
1.04490000	0.83040000
1.02170000	0.81790000
1.06810000	0.83990000
1.11450000	0.79500000
1.02170000	0.78170000
0.97520000	0.77000000
0.95200000	0.75840000
0.92880000	0.74700000
0.90560000	0.73580000
0.88230000	0.72480000
0.85910000	0.71390000
0.83590000	0.70320000
0.85910000	0.69270000
0.85910000	0.68230000
0.85910000	0.67200000
0.81270000	0.66200000
0.78950000	0.65200000
0.76620000	0.64230000
0.74300000	0.63260000
0.74300000	0.62310000
0.74300000	0.61380000
0.74300000	0.60460000
0.71980000	0.59550000
0.69660000	0.58660000
0.69660000	0.57780000
0.69660000	0.56910000
0.69660000	0.56060000
0.69660000	0.55220000
0.69660000	0.54390000
0.69660000	0.53570000
0.67340000	0.52770000
0.65010000	0.51980000
0.65010000	0.61290000
1.16100000	0.62060000
0.92880000	0.50140000
0.74300000	0.48930000
0.69660000	0.48190000
0.67340000	0.47470000
0.65010000	0.46760000
0.65010000	0.46060000
0.62690000	0.45370000
0.62690000	0.44690000
0.62690000	0.44020000
0.62690000	0.43470000
0.62690000	0.42710000
0.60370000	0.42060000
0.60370000	0.41430000
0.60370000	0.44750000
0.76620000	0.48590000
0.76620000	0.44590000
0.71980000	0.43260000
0.71980000	0.39960000
0.71980000	0.42110000
0.74300000	0.39860000
0.74300000	0.44730000
1.39320000	0.48170000
1.25380000	0.36110000
0.90560000	0.35090000
0.76620000	0.34560000
0.71980000	0.34040000
0.69660000	0.33530000
0.67340000	0.33030000
0.62690000	0.32530000
0.62690000	0.32050000
0.60370000	0.31570000
0.60370000	0.31090000
0.60370000	0.30630000
0.60370000	0.30170000
0.58050000	0.29710000
0.53400000	0.29270000
0.53400000	0.28830000
0.53400000	0.28410000
0.53400000	0.27970000
0.53400000	0.27550000
0.53400000	0.27140000
0.53400000	0.26730000
0.51080000	0.26330000
0.51080000	0.25930000
0.51080000	0.25550000
0.58050000	0.37140000
0.92880000	0.31780000
0.78950000	0.24700000
0.67340000	0.29800000
1.41640000	0.45770000
1.55570000	0.71860000
1.09130000	0.89780000
0.88230000	0.75830000
0.78950000	0.64130000
0.85910000	1.02710000
1.34670000	2.03050000
1.04490000	2.22870000
1.20740000	2.49830000
1.30030000	2.50500000
1.83430000	3.16560000
1.78790000	3.82510000
1.46280000	3.53810000
1.27710000	2.87360000
1.30030000	3.10610000
3.48290000	7.56920000
14.16380000	14.10050000
19.17920000	21.64930000
99.61130000	59.28660000
98.45040000	72.21790000
35.52570000	44.56270000
16.69480000	24.09990000
13.83880000	28.23020000
11.60970000	31.62320000
13.23510000	33.98870000
16.95020000	38.40180000
11.60970000	27.23740000
11.54010000	24.08580000
16.43940000	18.39920000
11.72580000	10.20130000
9.21810000	8.40900000
8.84660000	11.91230000
8.86980000	12.97760000
8.38220000	10.84120000
7.75530000	10.54550000
7.36060000	8.41520000
6.75690000	6.58200000
5.96740000	5.63630000
5.43330000	4.90050000
4.87610000	4.33720000
4.41170000	3.90480000
4.17950000	3.57060000
3.94730000	3.31040000
3.62220000	3.10580000
3.39000000	2.94300000
3.27390000	2.81170000
3.32040000	2.71980000
3.78480000	2.62980000
3.48290000	3.06110000
3.52940000	3.32590000
3.52940000	3.52810000
3.55260000	3.71530000
3.66870000	4.78770000
6.26920000	13.54160000
9.47350000	18.02250000
12.63140000	26.50110000
15.81240000	35.06030000
16.11430000	28.92410000
10.44870000	16.80580000
7.98750000	10.42860000
6.59430000	8.74120000
5.66550000	7.30590000
4.96900000	6.14970000
4.64390000	6.66780000
4.15630000	7.54890000
3.97050000	5.74330000
3.83120000	5.33020000
4.15630000	4.88020000
3.85440000	6.05740000
3.64540000	5.42820000
3.27390000	5.02690000
3.01850000	4.57370000
2.85600000	4.09370000
2.69350000	3.66600000
2.71670000	5.63350000
10.23980000	30.09880000
20.68850000	34.61410000
13.79230000	20.75260000
10.19330000	10.78230000
9.96110000	9.10610000
12.79390000	27.56580000
14.21030000	32.47220000
11.58650000	23.65810000
10.30940000	15.40870000
8.45190000	9.64080000
7.17480000	8.29770000
6.29250000	7.01550000
5.50300000	5.94430000
4.87610000	5.12270000
4.48130000	4.49630000
4.13310000	4.01670000
3.87760000	3.64730000
3.85440000	3.39060000
3.83120000	3.78540000
3.43650000	3.85660000
3.45970000	3.73170000
3.66870000	3.81350000
3.87760000	4.40330000
3.99370000	4.42360000
3.92410000	4.44630000
3.80800000	4.30390000
3.62220000	4.00160000
3.48290000	3.79870000
3.34360000	3.58120000
3.20430000	3.40350000
3.01850000	3.15990000
2.90240000	2.92030000
2.83280000	2.76260000
2.85600000	3.47080000
3.04170000	4.00820000
4.01700000	4.39720000
5.24760000	4.57240000
6.06030000	4.51670000
6.08350000	4.51270000
5.87450000	4.74450000
6.10670000	5.57000000
5.89770000	6.36190000
5.45660000	5.85570000
5.34050000	7.87360000
13.32790000	20.68170000
20.59560000	20.57650000
14.86040000	16.75870000
13.21190000	16.27460000
12.30630000	22.51080000
15.18550000	17.59460000
10.95960000	9.71920000
8.82340000	8.25620000
7.45340000	6.88590000
6.52470000	5.87640000
5.82810000	5.08800000
5.20120000	5.15890000
4.69030000	4.88110000
4.38850000	4.47510000
3.99370000	3.96070000
3.66870000	3.55790000
3.62220000	3.28800000
3.80800000	3.67010000
4.22590000	4.14970000
4.92250000	4.62660000
6.36210000	7.00230000
7.52310000	9.73070000
7.36060000	9.48310000
7.43020000	13.49070000
18.04150000	22.66140000
37.84770000	26.14580000
22.38350000	18.30760000
14.25670000	10.03740000
10.68090000	8.61350000
9.17170000	7.82290000
9.19490000	11.93470000
14.46570000	14.25680000
15.20870000	15.08840000
13.97810000	15.83630000
11.35430000	11.63960000
9.84500000	10.07750000
9.63610000	16.75000000
35.29350000	38.21170000
42.95590000	34.58940000
21.22260000	20.22350000
14.86040000	16.82920000
11.70260000	13.20860000
9.79860000	8.73160000
8.75370000	7.48450000
8.56800000	9.07630000
8.26610000	7.94190000
7.56950000	6.34190000
7.08190000	5.60220000
6.73360000	4.90220000
6.43180000	4.88770000
6.61750000	5.13870000
8.42870000	7.07150000
9.96110000	10.11530000
11.49360000	14.46650000
10.21650000	13.54970000
8.63760000	8.96860000
7.52310000	7.63420000
7.05870000	7.15790000
6.89620000	8.38720000
6.75690000	8.51550000
6.57110000	9.48370000
6.52470000	9.21650000
6.45500000	9.07050000
6.38530000	7.69110000
6.29250000	6.52660000
6.17640000	6.01970000
6.17640000	5.78770000
6.10670000	5.90240000
6.10670000	7.14290000
6.19960000	7.72990000
6.68720000	7.96510000
6.91940000	6.86980000
8.40540000	6.54090000
8.86980000	5.90590000
7.87140000	5.72230000
7.49990000	5.79990000
7.89460000	8.26260000
7.84820000	7.79760000
7.36060000	7.72230000
6.66400000	6.15540000
6.10670000	5.93310000
6.57110000	5.10110000
9.05560000	4.42910000
10.75060000	4.00250000
9.40390000	3.68200000
8.70730000	3.34250000
8.61440000	3.07200000
8.63760000	2.88590000
7.54630000	2.69870000
8.10360000	2.71850000
10.03080000	2.57680000
9.56640000	2.45720000
8.75370000	2.36240000
8.12680000	2.32610000
7.89460000	2.48880000
7.89460000	4.75110000
7.66240000	4.40550000
7.19800000	4.29660000
7.43020000	3.75010000
7.66240000	3.31310000
7.89460000	2.97780000
8.12680000	2.74620000
7.19800000	2.51870000
6.73360000	2.35930000
7.89460000	2.23360000
8.82340000	2.13230000
8.82340000	2.04950000
9.05560000	1.98070000
9.98440000	1.95690000
10.44870000	1.89000000
8.35900000	1.91400000
7.89460000	1.86530000
7.43020000	1.78480000
6.73360000	1.73590000
6.26920000	1.73430000
7.19800000	2.93670000
7.43020000	3.96540000
6.50140000	3.92200000
6.03700000	3.64920000
5.57270000	3.16410000
5.34050000	2.82610000
5.10830000	2.54910000
6.26920000	3.01970000
5.80490000	3.35480000
5.34050000	3.31270000
5.34050000	2.90490000
5.10830000	2.57810000
4.87610000	2.34360000
4.41170000	2.13910000
4.17950000	2.06390000
4.64390000	1.90930000
4.17950000	1.76860000
3.94730000	1.74440000
3.85440000	1.70880000
3.71510000	1.64250000
3.59900000	1.55670000
3.36680000	1.51060000
3.13460000	1.47200000
3.01850000	1.43790000
2.90240000	1.40740000
2.78630000	1.37950000
2.55410000	1.35380000
2.43800000	1.32970000
2.27550000	1.30690000
2.18260000	1.28520000
2.13620000	1.26430000
2.08970000	1.24410000
1.95040000	1.22460000
1.88080000	1.20550000
1.78790000	1.18690000
1.69500000	1.16880000
1.64860000	1.15090000
1.57890000	1.13350000
1.60210000	1.13990000
1.57890000	1.12050000
1.55570000	1.08980000
1.53250000	1.06970000
1.48600000	1.05120000
1.41640000	1.04300000
1.36990000	1.01950000
1.27710000	1.00380000
1.23060000	0.98880000
1.18420000	0.97390000
1.16100000	0.95940000
1.13780000	0.94590000
1.11450000	0.93080000
1.06810000	0.91680000
1.04490000	0.90300000
1.02170000	0.88950000
0.99840000	0.87700000
0.97520000	0.86300000
0.97520000	0.85000000
0.95200000	0.83730000
0.92880000	0.85240000
1.02170000	0.83640000
0.97520000	0.80110000
0.92880000	0.78820000
0.90560000	0.77630000
0.85910000	0.76470000
0.85910000	0.75320000
0.83590000	0.74190000
0.81270000	0.73080000
0.81270000	0.71980000
0.78950000	0.70900000
0.78950000	0.70320000
0.83590000	0.74380000
0.97520000	0.72980000
0.97520000	0.69360000
0.90560000	0.65840000
0.83590000	0.64760000
0.78950000	0.63790000
0.76620000	0.64980000
0.78950000	0.61980000
0.76620000	0.60960000
0.74300000	0.60040000
0.71980000	0.59140000
0.69660000	0.58260000
0.67340000	0.57380000
0.67340000	0.56520000
0.65010000	0.55670000
0.65010000	0.54840000
0.71980000	0.56820000
0.71980000	0.53320000
0.67340000	0.52410000
0.65010000	0.51620000
0.62690000	0.50850000
0.62690000	0.50080000
0.62690000	0.49330000
0.60370000	0.48590000
0.60370000	0.47860000
0.60370000	0.47150000
0.60370000	0.46440000
0.60370000	0.45740000
0.60370000	0.51180000
0.71980000	0.52680000
0.78950000	0.44050000
0.67340000	0.43060000
0.65010000	0.43480000
0.62690000	0.41820000
0.62690000	0.43550000
0.62690000	0.40630000
0.60370000	0.39930000
0.60370000	0.39330000
0.58050000	0.38740000
0.58050000	0.41580000
0.71980000	0.45220000
0.78950000	0.49200000
0.81270000	0.36960000
1.62540000	0.43290000
3.64540000	0.83520000
7.38380000	2.12150000
4.38850000	2.93170000
3.18110000	2.68970000
2.67020000	2.52600000
3.66870000	3.28540000
4.38850000	3.51230000
3.62220000	3.23460000
3.13460000	2.69060000
2.87920000	2.44910000
2.57740000	2.32760000
2.32190000	1.95380000
2.11300000	1.83890000
1.97370000	1.61810000
1.88080000	1.52520000
1.81110000	1.79380000
1.81110000	2.12990000
2.87920000	4.41270000
4.06340000	7.20120000
5.89770000	7.12150000
7.61600000	6.82800000
7.70880000	5.98150000
6.80330000	5.40970000
6.08350000	5.57700000
4.96900000	5.11180000
4.29560000	4.47870000
3.78480000	3.75180000
3.39000000	3.19110000
3.06500000	2.76480000
2.78630000	2.43960000
2.57740000	2.20600000
2.36840000	1.99840000
2.22910000	1.87520000
2.20580000	1.97690000
2.06650000	2.26600000
1.92720000	2.31710000
1.81110000	2.09230000
1.74150000	1.90810000
1.71820000	1.80220000
2.57740000	2.65380000
2.18260000	3.70680000
3.29720000	6.91720000
4.29560000	6.53070000
3.62220000	6.13350000
3.55260000	7.25380000
8.08040000	9.90800000
9.12520000	10.66220000
9.45030000	8.86900000
7.80170000	7.82140000
6.43180000	6.95570000
5.38690000	6.12450000
4.62070000	5.25190000
4.08660000	4.43980000
3.69190000	3.81760000
3.39000000	3.34400000
3.08820000	2.98130000
3.04170000	2.70210000
2.80960000	2.48580000
2.60060000	2.31660000
2.43800000	2.18300000
2.32190000	2.07610000
2.34520000	1.98930000
16.64830000	17.88320000
27.39890000	23.92900000
19.71330000	16.34840000
12.79390000	10.35040000
9.49670000	8.43630000
7.63920000	7.01800000
6.45500000	5.85230000
5.57270000	4.94060000
4.87610000	4.24490000
4.41170000	3.71510000
4.06340000	3.30970000
3.85440000	2.99780000
3.69190000	2.75610000
3.48290000	2.56730000
3.29720000	2.41810000
3.25070000	2.60810000
3.76150000	8.40470000
4.04020000	6.68900000
3.45970000	5.84800000
3.18110000	5.12090000
3.87760000	8.13160000
5.15470000	7.22460000
4.20270000	6.18960000
3.80800000	5.46070000
3.41330000	4.72030000
3.27390000	4.06480000
3.01850000	3.56190000
2.87920000	3.17700000
2.64700000	2.88080000
2.48450000	2.65110000
2.41480000	2.47150000
2.27550000	2.32960000
2.34520000	2.22650000
2.27550000	2.12970000
2.13620000	2.09430000
2.06650000	2.15760000
2.04330000	2.07150000
1.97370000	1.99080000
2.41480000	1.92360000
4.45810000	2.39080000
4.76000000	6.55730000
5.24760000	6.01560000
4.89930000	7.21050000
4.73680000	6.52190000
4.01700000	5.98870000
3.57580000	5.35720000
3.25070000	4.61720000
3.06500000	3.94920000
2.85600000	3.43690000
2.60060000	3.04560000
2.43800000	2.74510000
2.32190000	2.51280000
2.22910000	2.33180000
2.13620000	2.18930000
2.04330000	2.07590000
1.97370000	1.98430000
1.90400000	1.90920000
2.02010000	1.84650000
1.92720000	1.79330000
1.85760000	1.74730000
1.78790000	1.70670000
1.76470000	1.67040000
1.71820000	1.63720000
1.67180000	1.60660000
1.74150000	1.57800000
1.62540000	1.55090000
1.90400000	1.55730000
2.20580000	7.38950000
4.13310000	13.57320000
6.15310000	15.00900000
7.43020000	13.86980000
6.38530000	11.83570000
5.99060000	8.96480000
5.13150000	7.77420000
4.55100000	6.65130000
4.34200000	5.56580000
4.04020000	5.33360000
3.87760000	5.00450000
3.85440000	4.55690000
3.83120000	4.26870000
3.87760000	3.99660000
3.85440000	3.68700000
3.83120000	3.32610000
3.85440000	2.98700000
3.97050000	2.75370000
4.06340000	2.52060000
4.27240000	3.01060000
4.87610000	2.95560000
6.08350000	5.43520000
8.42870000	11.69500000
7.43020000	11.02720000
6.68720000	11.57180000
6.33890000	13.88780000
5.59590000	10.69210000
4.99220000	8.04560000
4.57420000	7.12130000
4.55100000	6.49570000
4.64390000	6.22390000
4.99220000	7.95170000
6.96580000	10.55020000
6.96580000	8.77120000
6.40860000	8.09720000
6.19960000	9.57440000
5.92100000	8.91730000
5.38690000	8.56620000
5.20120000	9.82320000
5.36370000	10.16610000
5.13150000	8.94600000
4.80640000	8.51100000
4.43490000	6.65360000
4.01700000	6.06270000
4.17950000	5.44960000
4.41170000	5.70720000
3.97050000	5.49980000
3.80800000	5.02480000
3.52940000	4.36310000
3.32040000	3.84630000
3.15780000	3.45010000
2.97210000	3.14440000
2.80960000	2.90680000
2.67020000	2.72040000
2.55410000	2.57250000
2.50770000	2.45570000
2.55410000	2.39990000
2.53090000	2.31900000
2.67020000	3.23580000
3.08820000	6.48760000
3.32040000	7.17970000
3.06500000	6.03910000
3.04170000	6.46780000
3.20430000	6.91710000
3.92410000	7.23510000
6.71040000	8.80550000
8.01070000	10.66860000
7.38380000	8.94570000
6.52470000	7.17250000
5.96740000	7.77180000
5.96740000	6.80700000
5.54940000	6.22240000
5.01540000	5.51630000
4.59740000	4.71920000
4.22590000	4.10280000
4.10980000	3.67870000
4.17950000	5.76040000
4.10980000	6.13600000
4.06340000	5.68370000
4.66710000	5.30680000
6.45500000	7.07660000
9.07880000	9.90110000
8.54470000	11.00370000
7.66240000	9.17500000
7.12840000	8.62170000
6.87290000	8.63640000
7.10510000	9.81480000
9.33420000	11.34680000
11.63290000	11.13990000
12.14380000	9.91370000
11.33110000	9.25490000
9.89150000	7.65690000
9.40390000	10.23600000
10.88990000	12.14730000
10.58810000	9.88080000
9.93790000	12.30640000
17.53070000	18.63140000
25.54140000	19.35130000
30.18520000	19.75170000
44.11690000	22.15290000
32.50720000	22.64570000
26.70230000	21.27000000
24.84480000	23.54630000
23.21940000	25.63650000
19.96870000	21.22680000
17.41460000	15.58510000
16.25360000	14.22710000
19.03990000	17.16570000
20.89750000	19.60290000
22.05850000	18.44220000
21.36190000	16.36830000
20.43310000	14.10740000
18.57550000	11.82210000
16.71800000	11.86580000
15.09260000	12.23310000
13.69950000	11.04380000
13.46730000	15.10380000
15.55700000	16.27440000
13.93170000	16.65150000
16.25360000	22.39980000
19.73650000	22.55300000
18.57550000	16.36380000
18.11110000	18.16100000
19.27210000	23.07640000
19.27210000	18.68640000
17.87900000	12.93130000
15.78920000	11.08880000
16.25360000	10.25290000
16.48580000	8.64860000
16.25360000	8.19660000
16.25360000	7.80590000
13.93170000	7.17950000
12.77070000	6.54560000
13.69950000	6.33680000
15.78920000	6.51640000
15.32480000	6.46740000
13.93170000	5.60140000
12.77070000	5.22980000
12.53850000	4.99200000
12.77070000	4.70760000
12.53850000	4.53050000
15.32480000	4.58010000
17.41460000	4.77750000
18.57550000	4.94500000
16.25360000	4.74440000
14.39600000	5.83000000
15.09260000	8.18830000
12.77070000	7.70200000
10.68090000	7.52310000
10.44870000	6.52480000
9.28780000	5.75730000
8.12680000	5.01460000
7.89460000	4.36720000
6.96580000	3.86190000
6.50140000	3.48080000
6.26920000	3.18900000
6.26920000	2.95820000
6.03700000	2.77470000
5.80490000	2.62990000
5.57270000	2.51180000
5.10830000	2.40560000
4.64390000	2.32290000
4.41170000	2.25550000
4.17950000	2.19730000
3.94730000	2.14610000
3.71510000	2.10020000
3.48290000	2.05840000
3.25070000	2.01980000
3.01850000	1.98370000
2.90240000	1.94960000
2.87920000	1.91710000
2.67020000	1.88590000
2.53090000	1.90790000
2.76310000	1.85900000
2.34520000	1.79940000
2.60060000	1.81950000
2.32190000	1.74530000
2.15940000	1.71670000
2.04330000	1.69060000
1.92720000	1.66500000
1.85760000	1.63990000
1.81110000	1.61510000
1.74150000	1.59080000
1.74150000	1.60990000
1.85760000	1.54610000
1.64860000	1.52010000
1.55570000	1.49730000
1.48600000	1.47480000
1.43960000	1.45260000
1.36990000	1.43080000
1.32350000	1.40950000
1.27710000	1.38820000
1.30030000	1.39340000
1.30030000	1.41170000
1.99690000	1.43170000
2.50770000	1.38780000
1.99690000	1.29160000
1.62540000	1.26790000
1.48600000	1.26160000
1.50930000	1.28360000
2.15940000	1.27090000
2.76310000	1.40980000
2.67020000	2.33600000
3.08820000	3.12470000
2.97210000	3.20540000
2.69350000	3.08120000
2.46130000	2.64180000
2.22910000	2.29350000
2.06650000	2.02760000
1.92720000	1.82360000
1.81110000	1.66600000
1.74150000	1.54340000
1.64860000	1.44700000
1.53250000	1.37030000
1.48600000	1.30860000
1.43960000	1.25810000
1.36990000	1.21600000
1.32350000	1.18040000
1.27710000	1.14960000
1.23060000	1.12260000
1.18420000	1.09840000
1.13780000	1.07650000
1.11450000	1.05620000
1.09130000	1.03730000
1.06810000	1.01940000
1.13780000	1.06290000
1.41640000	1.06340000
1.43960000	1.01330000
1.25380000	0.95660000
1.11450000	0.94010000
1.13780000	0.95520000
1.16100000	0.91260000
1.06810000	0.89750000
1.02170000	0.88380000
0.97520000	0.87040000
0.92880000	0.85730000
0.90560000	0.85030000
0.90560000	0.84750000
0.92880000	0.86040000
1.11450000	0.86700000
1.16100000	0.81910000
1.04490000	0.95860000
1.27710000	1.74910000
1.18420000	2.36300000
1.06810000	2.33260000
1.02170000	2.15090000
0.97520000	1.83970000
0.97520000	1.59610000
1.02170000	1.84130000
1.71820000	2.86440000
1.43960000	3.15060000
1.67180000	3.42510000
1.60210000	3.34620000
1.67180000	3.15310000
1.55570000	3.02390000
1.60210000	3.31430000
1.85760000	3.67630000
1.67180000	3.52270000
1.57890000	2.96030000
1.53250000	2.51620000
1.50930000	2.17870000
1.41640000	1.92120000
1.34670000	1.72380000
1.30030000	1.57150000
1.25380000	1.45310000
1.23060000	1.36020000
1.27710000	1.30610000
1.27710000	1.25510000
1.48600000	1.74310000
1.74150000	3.02930000
1.99690000	4.21780000
1.97370000	5.09270000
4.13310000	16.09460000
29.25650000	23.21620000
16.41610000	16.28360000
10.42550000	10.60490000
8.15000000	9.90980000
7.38380000	14.80280000
70.58700000	57.05050000
46.20670000	51.08250000
19.01670000	22.88520000
12.21340000	12.77180000
9.21810000	10.32300000
7.47670000	8.41210000
6.29250000	6.95830000
5.36370000	5.85810000
4.89930000	6.12470000
4.57420000	7.07720000
4.24920000	6.14750000
3.83120000	5.67740000
3.50610000	5.39580000
3.32040000	4.70010000
3.15780000	4.12020000
2.92560000	4.26340000
3.08820000	5.61530000
4.59740000	9.55310000
5.80490000	8.46590000
5.27080000	7.96180000
5.99060000	9.39790000
5.78160000	7.30640000
5.24760000	6.27090000
4.80640000	5.31820000
4.41170000	4.58370000
5.22440000	8.90200000
5.31720000	9.37750000
4.89930000	6.74180000
5.24760000	6.21040000
5.43330000	5.89900000
5.59590000	10.88930000
5.50300000	9.17780000
4.76000000	6.73060000
4.27240000	5.64760000
3.97050000	4.83080000
3.36680000	4.20800000
3.01850000	3.73220000
2.76310000	3.36960000
2.55410000	3.08640000
2.43800000	2.86540000
2.27550000	2.69150000
2.18260000	2.55290000
2.08970000	2.44090000
2.02010000	2.34910000
1.97370000	2.27240000
4.36530000	2.20720000
5.01540000	2.15080000
4.27240000	2.10110000
3.83120000	2.05650000
3.69190000	2.01580000
3.83120000	2.01620000
3.97050000	2.59620000
3.55260000	2.84500000
3.41330000	2.83710000
3.90090000	2.64060000
11.60970000	21.68370000
127.93900000	60.00770000
97.52160000	62.76370000
37.38330000	37.25430000
18.04150000	19.24170000
15.46410000	17.65730000
15.23190000	19.74680000
14.53540000	15.64450000
12.30630000	10.92790000
10.44870000	9.31840000
9.31100000	8.37100000
8.54470000	7.65560000
7.98750000	6.97930000
7.40700000	6.38240000
6.84970000	5.53210000
6.26920000	5.08590000
5.73520000	4.86720000
5.22440000	4.48950000
4.80640000	4.19260000
4.43490000	3.83060000
4.06340000	3.48420000
4.10980000	3.21280000
4.15630000	3.00020000
3.83120000	2.84400000
3.66870000	2.71050000
3.64540000	2.78030000
3.39000000	3.01000000
3.25070000	2.92430000
3.13460000	2.90570000
3.08820000	3.31690000
3.08820000	3.78940000
3.13460000	3.85130000
3.13460000	3.70070000
3.08820000	3.52220000
3.04170000	3.22890000
2.92560000	2.93950000
2.80960000	2.71270000
2.64700000	2.53510000
2.55410000	2.39430000
2.48450000	2.28140000
2.39160000	2.18940000
2.29870000	2.11320000
2.20580000	2.05070000
2.13620000	2.00090000
2.06650000	1.96020000
2.02010000	1.91780000
1.97370000	1.87470000
1.95040000	2.07210000
2.06650000	2.28040000
2.80960000	5.23660000
3.90090000	8.29630000
3.34360000	6.55420000
2.92560000	5.84790000
2.69350000	5.02550000
2.62380000	4.25910000
2.76310000	3.69210000
3.04170000	4.94120000
3.32040000	7.64990000
3.64540000	6.35750000
3.20430000	5.70700000
3.04170000	4.95160000
2.85600000	4.21190000
2.62380000	3.64340000
2.41480000	3.20980000
2.25230000	2.87740000
2.13620000	2.62110000
2.06650000	2.42190000
2.15940000	2.29880000
2.29870000	2.15940000
2.13620000	2.04520000
2.06650000	2.08590000
2.02010000	2.01480000
2.08970000	2.27150000
2.46130000	3.36350000
2.99530000	4.34270000
2.78630000	4.52350000
2.57740000	4.33970000
2.94890000	5.89050000
4.04020000	5.87040000
3.55260000	5.60000000
3.15780000	5.03340000
3.04170000	4.25390000
2.92560000	3.87220000
2.67020000	3.47010000
3.27390000	3.05920000
3.29720000	2.74020000
4.24920000	3.11980000
4.27240000	4.56320000
3.62220000	4.72820000
3.57580000	4.44700000
4.08660000	4.24150000
5.13150000	5.56270000
6.71040000	5.67060000
6.54790000	5.68710000
6.45500000	5.51010000
6.29250000	5.34540000
8.80020000	12.10310000
14.41930000	14.94270000
10.86670000	12.04180000
8.70730000	8.62570000
7.47670000	7.50170000
7.77850000	8.68780000
8.63760000	8.22860000
8.66080000	8.15180000
10.70420000	9.74220000
14.67470000	11.40360000
16.90370000	10.67950000
13.65300000	9.14020000
10.75060000	7.40970000
9.14850000	6.44410000
7.82490000	5.62720000
7.03550000	6.38300000
6.80330000	6.91590000
6.52470000	6.00010000
6.17640000	5.92750000
6.33890000	7.23190000
8.01070000	9.17760000
9.38060000	9.99340000
9.63610000	11.49420000
11.42400000	12.44670000
13.39760000	17.71940000
17.22880000	19.03010000
13.72270000	14.29180000
11.44720000	11.08380000
10.86670000	11.33430000
13.60660000	15.59950000
16.67150000	17.84200000
13.97810000	18.89630000
16.76440000	19.59760000
16.83410000	16.23500000
15.20870000	14.04920000
17.57710000	15.50250000
21.19930000	15.49440000
21.64050000	19.72960000
18.08790000	18.59750000
14.53540000	13.99740000
13.51370000	12.78490000
14.69790000	12.91470000
15.20870000	12.58310000
14.90690000	12.10880000
14.67470000	11.65310000
14.30320000	11.26230000
14.14060000	11.48830000
16.88050000	12.80710000
18.90060000	12.28090000
17.57710000	11.50940000
16.83410000	10.17070000
17.04310000	9.67570000
16.18390000	9.12850000
15.44090000	7.74840000
15.16230000	7.34540000
13.44400000	6.81390000
12.05090000	5.83580000
11.26140000	5.37380000
10.84350000	5.12760000
11.07570000	4.72740000
10.21650000	4.40390000
9.75220000	4.22550000
9.52000000	4.12150000
8.93950000	3.93390000
8.12680000	3.75000000
7.43020000	3.56860000
6.73360000	3.31750000
6.26920000	3.07220000
6.50140000	4.86560000
6.84970000	5.69700000
5.57270000	6.27370000
6.26920000	6.96870000
5.34050000	5.75500000
4.99220000	5.26200000
5.10830000	4.57250000
4.87610000	3.96830000
4.29560000	4.10320000
3.94730000	3.65590000
3.59900000	3.28900000
3.13460000	3.00550000
2.90240000	2.77680000
2.78630000	2.60350000
2.67020000	2.46600000
2.55410000	2.35520000
2.43800000	2.26450000
2.29870000	2.22040000
2.15940000	2.12630000
2.06650000	2.06970000
1.92720000	2.02120000
1.81110000	1.97770000
1.71820000	1.93820000
1.64860000	1.90170000
1.67180000	1.86770000
1.62540000	1.83550000
1.53250000	1.80480000
1.46280000	1.77540000
1.39320000	1.74700000
1.32350000	1.71950000
1.27710000	1.69270000
1.23060000	1.66660000
1.18420000	1.64110000
1.16100000	1.61600000
1.11450000	1.59150000
1.11450000	1.56740000
1.09130000	1.54370000
1.02170000	1.52040000
0.99840000	1.49750000
0.97520000	1.47500000
0.95200000	1.45280000
0.92880000	1.43090000
0.90560000	1.40940000
0.90560000	1.38830000
0.88230000	1.36740000
0.85910000	1.34690000
0.85910000	1.32680000
0.83590000	1.30680000
0.83590000	1.28720000
0.83590000	1.26790000
0.83590000	1.24880000
0.81270000	1.23010000
0.78950000	1.21170000
0.83590000	1.22910000
0.92880000	1.24040000
0.95200000	1.19770000
1.02170000	1.18310000
0.92880000	1.12520000
0.85910000	1.10660000
0.78950000	1.09000000
0.78950000	1.07370000
0.76620000	1.05760000
0.74300000	1.04170000
0.74300000	1.02610000
0.74300000	1.01070000
0.71980000	0.99550000
0.69660000	0.98060000
0.67340000	0.96590000
0.65010000	0.95140000
0.62690000	0.93710000
0.62690000	0.92310000
0.62690000	0.90920000
0.62690000	0.89560000
0.62690000	0.88210000
0.62690000	0.86890000
0.60370000	0.85590000
0.62690000	0.86640000
0.62690000	0.83140000
0.67340000	0.87570000
0.85910000	0.94120000
1.55570000	0.88640000
1.06810000	0.78530000
0.81270000	0.77000000
0.71980000	0.75840000
0.67340000	0.74700000
0.62690000	0.73580000
0.62690000	0.72480000
0.60370000	0.71390000
0.60370000	0.70320000
0.60370000	0.69270000
0.60370000	0.68230000
0.58050000	0.67200000
0.60370000	0.73810000
0.74300000	0.65520000
0.67340000	0.64220000
0.62690000	0.63260000
0.58050000	0.62310000
0.55730000	0.61380000
0.55730000	0.60460000
0.55730000	0.59550000
0.53400000	0.58660000
0.53400000	0.60270000
0.55730000	0.63600000
0.67340000	0.56330000
0.65010000	0.58640000
0.67340000	0.59970000
0.69660000	0.53800000
0.62690000	0.52770000
0.60370000	0.51980000
0.58050000	0.51200000
0.58050000	0.50430000
0.55730000	0.49670000
0.55730000	0.48930000
0.53400000	0.48190000
0.53400000	0.47470000
0.53400000	0.46760000
0.51080000	0.46060000
0.55730000	0.53290000
0.69660000	0.46600000
0.65010000	0.47240000
0.69660000	0.50560000
1.04490000	0.47260000
0.85910000	0.42240000
0.71980000	0.41430000
0.69660000	0.46890000
0.78950000	0.40450000
2.85600000	2.44370000
3.29720000	4.26760000
1.88080000	3.96960000
8.42870000	13.69700000
9.14850000	11.89880000
5.59590000	9.13660000
4.99220000	9.86680000
14.60500000	15.33620000
23.45160000	15.45010000
13.62980000	10.05720000
8.91630000	8.33430000
6.82650000	6.76240000
5.45660000	5.77480000
4.73680000	5.33230000
5.59590000	9.22000000
6.78010000	13.94400000
7.01230000	12.40360000
6.19960000	9.60730000
5.89770000	9.10550000
5.61910000	8.76800000
4.96900000	7.05210000
4.55100000	6.24730000
4.01700000	5.25740000
4.24920000	6.46720000
8.40540000	16.40620000
14.27990000	21.30520000
11.12210000	18.67660000
12.42240000	24.80250000
11.47040000	23.29450000
9.49670000	16.05580000
8.33580000	18.31290000
7.19800000	20.56080000
10.30940000	21.79610000
11.47040000	14.73560000
10.82030000	12.72800000
11.84190000	12.14090000
10.23980000	11.01910000
9.45030000	9.19990000
8.91630000	9.24990000
8.59120000	6.86080000
7.66240000	6.42940000
6.75690000	5.50380000
5.99060000	4.77300000
5.31720000	4.21490000
4.76000000	3.78680000
4.20270000	3.45640000
3.83120000	3.19930000
3.52940000	2.99730000
3.34360000	2.83690000
3.18110000	2.70780000
2.99530000	2.60220000
2.78630000	2.51450000
2.67020000	2.44030000
2.64700000	2.37630000
2.69350000	3.96830000
3.18110000	6.21420000
2.78630000	5.93510000
3.36680000	10.25090000
4.01700000	12.37800000
5.50300000	11.08130000
5.27080000	8.14650000
4.73680000	6.94310000
4.34200000	5.88440000
3.99370000	5.00700000
3.71510000	4.32570000
3.43650000	3.80570000
3.22750000	3.40720000
3.04170000	3.10010000
2.97210000	2.86160000
2.94890000	3.00600000
3.25070000	10.75390000
6.52470000	14.60680000
6.22280000	11.52070000
6.66400000	16.17440000
11.58650000	22.06900000
12.21340000	15.12660000
9.12520000	9.23760000
7.59280000	7.64530000
6.64080000	7.42000000
5.73520000	8.14930000
5.78160000	11.48400000
5.75840000	14.10260000
6.47820000	16.68890000
9.10200000	16.75670000
12.02770000	20.83980000
13.25830000	15.38200000
10.26300000	9.98970000
8.47510000	8.83530000
7.33730000	7.14360000
6.50140000	6.16400000
5.85130000	5.52570000
5.27080000	4.96110000
4.99220000	5.61730000
4.66710000	4.82860000
4.66710000	5.93580000
4.20270000	5.58370000
3.85440000	5.22700000
3.57580000	4.72920000
3.36680000	4.21320000
3.25070000	4.11100000
3.15780000	4.52500000
3.01850000	4.82700000
2.90240000	4.62600000
2.78630000	4.28610000
2.67020000	4.09120000
2.64700000	4.19940000
2.57740000	4.15220000
2.55410000	4.02600000
2.48450000	3.58160000
2.41480000	3.73720000
2.39160000	3.39810000
2.60060000	5.22610000
2.92560000	7.89050000
3.32040000	7.07510000
3.80800000	8.32760000
4.06340000	6.74710000
4.85290000	8.55600000
5.03860000	7.00100000
4.78320000	6.22840000
4.41170000	5.26530000
4.04020000	4.51010000
3.69190000	3.94050000
3.41330000	3.50200000
3.20430000	3.16360000
3.32040000	4.19540000
3.52940000	5.08620000
3.45970000	5.90450000
3.39000000	5.60290000
3.29720000	5.32770000
3.25070000	4.94910000
3.50610000	4.73520000
4.15630000	5.64830000
4.01700000	5.15520000
3.87760000	4.76070000
3.69190000	4.11900000
3.57580000	3.64410000
3.55260000	3.23230000
3.27390000	3.11010000
3.13460000	2.84530000
3.22750000	5.10940000
3.34360000	6.76270000
3.15780000	5.84800000
2.97210000	5.41560000
2.87920000	4.89700000
2.94890000	4.64750000
3.25070000	5.04630000
3.04170000	4.93920000
2.94890000	4.63800000
2.85600000	4.01040000
3.13460000	3.58280000
3.62220000	3.94460000
3.41330000	4.07620000
3.36680000	3.95700000
3.69190000	3.75740000
4.38850000	4.73620000
4.17950000	4.95350000
4.31880000	6.07320000
6.66400000	13.01170000
7.12840000	12.67790000
6.52470000	8.44350000
5.78160000	7.19600000
5.38690000	9.72560000
5.10830000	11.40320000
4.62070000	9.15310000
4.41170000	7.26270000
4.48130000	11.10630000
4.59740000	12.56790000
5.89770000	13.32860000
5.17790000	9.22730000
4.59740000	7.54060000
4.22590000	6.31690000
4.06340000	5.31340000
4.24920000	5.00050000
4.27240000	4.32650000
4.34200000	4.53290000
4.73680000	4.00170000
5.99060000	3.58550000
6.89620000	3.23010000
7.91780000	2.96900000
9.19490000	2.81580000
11.44720000	3.99160000
9.70570000	4.32410000
8.12680000	4.16680000
7.52310000	4.11380000
6.84970000	4.92910000
6.24600000	4.61590000
6.38530000	4.06450000
7.10510000	7.77180000
7.70880000	8.04500000
7.52310000	7.29900000
8.03390000	9.90680000
9.33420000	12.88850000
16.55540000	17.22730000
14.51210000	14.89080000
11.65620000	9.73660000
9.54320000	7.90950000
8.08040000	6.81270000
7.19800000	5.71740000
6.68720000	4.87560000
6.45500000	4.23540000
6.31570000	3.74660000
6.38530000	3.37140000
6.71040000	3.08160000
7.38380000	2.85600000
8.38220000	2.67860000
9.61280000	2.53750000
11.14530000	2.47440000
14.55860000	2.39300000
12.53850000	2.32050000
11.14530000	2.25190000
8.59120000	2.19600000
7.43020000	2.67420000
6.73360000	3.40230000
6.03700000	3.47250000
5.57270000	3.31420000
6.26920000	3.02410000
7.89460000	3.89610000
10.68090000	9.52880000
13.46730000	9.26860000
12.07410000	6.99070000
11.14530000	6.33290000
11.37750000	6.03680000
13.93170000	12.72470000
16.25360000	9.53250000
13.00290000	7.34100000
11.60970000	6.65820000
10.68090000	6.28940000
11.14530000	6.34670000
9.75220000	6.42830000
11.14530000	8.10150000
12.53850000	10.88730000
13.46730000	7.69570000
11.84190000	6.76470000
11.37750000	5.66740000
10.21650000	4.83780000
9.05560000	4.21270000
7.43020000	3.71810000
7.26770000	3.31390000
6.50140000	3.02980000
6.50140000	2.96510000
6.73360000	2.78170000
6.96580000	2.93260000
6.50140000	3.07910000
6.73360000	2.82810000
6.96580000	2.61760000
6.73360000	2.45220000
6.26920000	2.32090000
6.03700000	2.21510000
5.10830000	2.12870000
4.87610000	2.05690000
4.41170000	1.99610000
3.94730000	1.95590000
3.76150000	1.94340000
3.71510000	1.85850000
3.48290000	1.85460000
3.71510000	1.78640000
3.48290000	1.75290000
3.59900000	1.72260000
3.36680000	1.69370000
3.13460000	1.66610000
2.90240000	1.63940000
2.73990000	1.61350000
2.60060000	1.59130000
2.46130000	1.56400000
2.36840000	1.53990000
2.27550000	1.51640000
2.18260000	1.49330000
2.04330000	1.47070000
1.97370000	1.44850000
1.88080000	1.42660000
1.78790000	1.40510000
1.74150000	1.38400000
1.69500000	1.36320000
1.64860000	1.34270000
1.55570000	1.32250000
1.48600000	1.30260000
1.43960000	1.28310000
1.39320000	1.26380000
1.36990000	1.24490000
1.32350000	1.22620000
1.30030000	1.20780000
1.25380000	1.18970000
1.25380000	1.17180000
1.20740000	1.15420000
1.18420000	1.13690000
1.16100000	1.11990000
1.13780000	1.10310000
1.09130000	1.08650000
1.13780000	1.09870000
1.18420000	1.07130000
1.13780000	1.05220000
1.11450000	1.02330000
1.06810000	1.00740000
1.02170000	0.99230000
0.99840000	0.97740000
0.97520000	0.96280000
0.95200000	0.94830000
0.92880000	0.93410000
0.90560000	0.92010000
0.88230000	0.90630000
0.90560000	0.89270000
0.88230000	0.87930000
0.88230000	0.86610000
0.92880000	0.85310000
0.90560000	0.84030000
0.85910000	0.82770000
0.83590000	0.81530000
0.83590000	0.84270000
0.88230000	0.81170000
0.83590000	0.78000000
0.83590000	0.76750000
0.81270000	0.75600000
1.16100000	0.98910000
2.15940000	0.80290000
1.20740000	0.72490000
0.97520000	0.71160000
0.90560000	0.70100000
0.92880000	0.72340000
0.95200000	0.72190000
1.20740000	0.80420000
1.78790000	0.70700000
1.69500000	0.70770000
1.71820000	0.64410000
1.48600000	0.63060000
1.32350000	0.62110000
1.20740000	0.61180000
1.13780000	0.60260000
1.11450000	0.61420000
1.25380000	0.64470000
1.23060000	0.59670000
1.18420000	0.60880000
1.39320000	0.75020000
2.60060000	2.72000000
3.59900000	3.85320000
2.64700000	3.55940000
2.36840000	2.97180000
2.62380000	2.87260000
2.27550000	2.87520000
2.22910000	2.43640000
2.11300000	2.02850000
2.04330000	1.91550000
1.92720000	1.63640000
1.81110000	1.88290000
1.69500000	1.65290000
1.62540000	1.45910000
1.55570000	1.32300000
1.50930000	1.20410000
1.43960000	1.10690000
1.36990000	1.03650000
1.32350000	0.98090000
1.30030000	0.93610000
1.39320000	1.43500000
4.66710000	4.44420000
3.78480000	4.88520000
2.99530000	4.50650000
2.64700000	3.69070000
2.43800000	3.07300000
2.34520000	2.60260000
2.15940000	2.47980000
1.99690000	2.42160000
1.88080000	2.10640000
1.78790000	1.85460000
1.69500000	1.66160000
1.60210000	1.51280000
1.57890000	1.39720000
1.50930000	1.34360000
2.20580000	3.62110000
6.12990000	9.14050000
6.89620000	12.37090000
8.03390000	9.92620000
6.94260000	8.16470000
5.99060000	6.94700000
5.36370000	6.25490000
5.87450000	6.22290000
10.54160000	16.97380000
16.99660000	11.07840000
10.91310000	8.49290000
8.31260000	6.88870000
6.80330000	5.67980000
5.94420000	5.06180000
7.24450000	9.32770000
6.57110000	7.82890000
5.99060000	6.88770000
5.38690000	6.26220000
4.94570000	5.66190000
4.76000000	5.48390000
4.50460000	6.02850000
5.85130000	7.58130000
10.75060000	17.08160000
23.68380000	17.64470000
16.04460000	17.29650000
12.30630000	10.99290000
9.65930000	8.62830000
8.01070000	7.09440000
6.87290000	5.92020000
6.01380000	5.02980000
5.22440000	4.35300000
4.62070000	3.83680000
4.29560000	3.44110000
3.99370000	3.13580000
3.66870000	2.89850000
3.43650000	2.71240000
3.18110000	2.56470000
3.22750000	2.44590000
3.27390000	2.36720000
3.04170000	2.27980000
2.87920000	2.41240000
2.73990000	2.57560000
2.60060000	2.48470000
2.55410000	2.35070000
2.62380000	2.28350000
3.43650000	3.98850000
5.27080000	12.15630000
7.56950000	15.04170000
6.98900000	24.06750000
24.38040000	39.86830000
37.38330000	40.81520000
25.77360000	33.27100000
15.27840000	24.20920000
10.79700000	15.62920000
8.56800000	10.25070000
7.22120000	8.57160000
6.29250000	7.12560000
5.59590000	6.00180000
5.03860000	5.14840000
4.59740000	4.49860000
4.22590000	4.00170000
4.04020000	3.66920000
4.17950000	8.03380000
3.94730000	8.89250000
3.85440000	6.78360000
4.43490000	8.48700000
4.34200000	7.05250000
3.87760000	6.23410000
3.59900000	5.63050000
3.41330000	4.93630000
3.25070000	4.30810000
3.08820000	3.82420000
2.94890000	3.45240000
3.18110000	3.74270000
5.92100000	11.73050000
10.91310000	16.25530000
12.00440000	12.12200000
8.91630000	7.81450000
7.12840000	6.76930000
6.12990000	5.79240000
6.91940000	4.94550000
16.18390000	13.11260000
26.70230000	23.50250000
25.07700000	30.37110000
69.65830000	58.48920000
76.62410000	60.77690000
32.27500000	35.70020000
19.73650000	17.73690000
15.41770000	11.67570000
17.64680000	19.35470000
21.12970000	21.89350000
15.90530000	16.18300000
13.56010000	17.97690000
16.60190000	16.99510000
14.65150000	11.06530000
12.79390000	7.96540000
11.93480000	9.36070000
15.60350000	15.86010000
16.30000000	13.51320000
13.18860000	9.07520000
10.65770000	6.96620000
8.84660000	6.12350000
7.89460000	5.29380000
12.86360000	10.97890000
17.57710000	14.01740000
15.92850000	17.48660000
21.54760000	19.69180000
16.18390000	13.41470000
12.23660000	8.37910000
9.93790000	7.28050000
8.38220000	6.17200000
7.66240000	8.70140000
7.70880000	12.09650000
7.15160000	11.29570000
6.98900000	9.48980000
6.29250000	6.78230000
5.68880000	6.16340000
5.13150000	5.29530000
4.64390000	4.61330000
4.24920000	4.09210000
3.94730000	3.69170000
3.87760000	3.38200000
3.64540000	3.14060000
3.29720000	2.95050000
2.97210000	2.79900000
2.85600000	2.67660000
2.94890000	2.57610000
2.97210000	2.49220000
2.69350000	2.42090000
2.69350000	2.35910000
2.57740000	2.30460000
2.41480000	2.25580000
2.43800000	2.21120000
2.32190000	2.17000000
2.22910000	2.13140000
2.18260000	2.09490000
2.73990000	3.01970000
6.68720000	9.95740000
5.78160000	9.98480000
4.71350000	8.03140000
4.59740000	7.99400000
5.10830000	10.58570000
5.54940000	13.07200000
6.01380000	13.11660000
5.29400000	10.39000000
4.71350000	9.65660000
4.36530000	8.13390000
4.01700000	7.12580000
3.87760000	6.42830000
3.94730000	6.40400000
3.66870000	6.09870000
3.64540000	5.60730000
3.94730000	6.21500000
3.87760000	7.12970000
3.80800000	7.32890000
3.83120000	7.40350000
4.57420000	12.79920000
26.23790000	34.41270000
55.95880000	45.99300000
29.72090000	40.00870000
23.45160000	36.70340000
16.20720000	29.15700000
13.35120000	26.25370000
12.67780000	27.65820000
10.72740000	25.93260000
8.80020000	18.16700000
7.54630000	10.19970000
6.80330000	8.64460000
6.57110000	9.94980000
7.49990000	13.84730000
7.05870000	11.07230000
6.66400000	8.45700000
6.50140000	12.57910000
6.33890000	12.58850000
7.40700000	12.03250000
7.80170000	10.52800000
7.10510000	9.42190000
6.45500000	7.92180000
5.94420000	7.19040000
5.61910000	7.79390000
5.29400000	6.88210000
5.13150000	6.36990000
5.27080000	7.76930000
5.89770000	11.60770000
6.87290000	12.99570000
7.22120000	13.09240000
7.36060000	14.74670000
6.91940000	12.83440000
6.50140000	9.14720000
6.17640000	7.94290000
6.68720000	11.57300000
8.08040000	13.13580000
8.01070000	10.68870000
8.26610000	10.98430000
8.80020000	11.73470000
9.86830000	13.55760000
10.30940000	12.70800000
9.58960000	10.36150000
9.17170000	9.43960000
10.14690000	10.86510000
11.07570000	9.95180000
10.30940000	9.05470000
11.60970000	21.16560000
38.07990000	31.98390000
29.25650000	27.34280000
19.29530000	17.37050000
14.55860000	12.70050000
12.70100000	11.56530000
12.16700000	12.00550000
12.91000000	12.44290000
12.51530000	12.41180000
11.58650000	10.79360000
10.51840000	9.76860000
10.58810000	12.55130000
12.63140000	13.78070000
11.93480000	12.41910000
11.00600000	10.91780000
10.14690000	10.22850000
9.82180000	10.03570000
10.14690000	11.31710000
12.65460000	14.41040000
14.44250000	16.35030000
14.90690000	13.22230000
14.88360000	10.32810000
16.13750000	9.65140000
17.62350000	8.07430000
17.18240000	9.09940000
15.78920000	11.82230000
14.62820000	8.62920000
13.46730000	6.80820000
12.53850000	6.00220000
11.84190000	5.47520000
12.07410000	5.32720000
12.53850000	6.97830000
12.30630000	7.13800000
10.91310000	5.59810000
9.75220000	5.34740000
11.14530000	5.80940000
12.07410000	6.72000000
11.37750000	5.35830000
10.91310000	5.00770000
12.58490000	4.39580000
11.84190000	3.92050000
10.68090000	6.26850000
9.75220000	4.79680000
8.82340000	4.89360000
9.52000000	4.29520000
10.44870000	3.80250000
11.60970000	3.48600000
12.30630000	4.77800000
10.44870000	4.48260000
9.05560000	4.33460000
9.28780000	3.82370000
8.12680000	3.42010000
7.43020000	3.09820000
7.89460000	2.85580000
8.12680000	2.66670000
6.96580000	2.51690000
6.26920000	2.39690000
5.80490000	2.29920000
5.80490000	2.21840000
5.57270000	2.17690000
5.34050000	2.13890000
5.80490000	2.08110000
5.57270000	1.99750000
5.34050000	1.97230000
5.10830000	1.95070000
4.87610000	1.88390000
4.64390000	1.87730000
4.41170000	1.81960000
4.64390000	1.84570000
4.41170000	1.76210000
3.94730000	1.73190000
4.06340000	1.70480000
3.94730000	1.70500000
3.83120000	1.65370000
3.48290000	1.62740000
3.25070000	1.60260000
3.13460000	1.57830000
3.01850000	1.55440000
2.78630000	1.53100000
2.67020000	1.50790000
2.55410000	1.48520000
2.32190000	1.46290000
2.18260000	1.44090000
2.11300000	1.41920000
2.04330000	1.39790000
1.97370000	1.37690000
1.88080000	1.35630000
1.81110000	1.33590000
1.76470000	1.31590000
1.71820000	1.29610000
1.67180000	1.27670000
1.62540000	1.25750000
1.57890000	1.23860000
1.53250000	1.22010000
1.48600000	1.20180000
1.46280000	1.18370000
1.43960000	1.16600000
1.39320000	1.14850000
1.36990000	1.13130000
1.32350000	1.11430000
1.32350000	1.09760000
1.43960000	1.11040000
1.32350000	1.06610000
1.25380000	1.04890000
1.23060000	1.03320000
1.18420000	1.01770000
1.16100000	1.00240000
1.13780000	0.98740000
1.13780000	0.98330000
1.13780000	0.95840000
1.11450000	0.94360000
1.06810000	0.92950000
1.04490000	0.91550000
1.02170000	0.90180000
0.99840000	0.88830000
0.99840000	0.87490000
0.97520000	0.86180000
0.97520000	0.84890000
0.95200000	0.83620000
0.92880000	0.82360000
0.92880000	0.81130000
0.90560000	0.79910000
0.90560000	0.78710000
0.90560000	0.77530000
0.92880000	0.79640000
0.95200000	0.77060000
0.92880000	0.77420000
1.36990000	0.85600000
1.39320000	0.77470000
1.09130000	0.71020000
0.97520000	0.69750000
0.92880000	0.68700000
0.90560000	0.67670000
0.88230000	0.66650000
0.88230000	0.69460000
1.20740000	0.80440000
1.99690000	0.73500000
1.53250000	0.63130000
1.18420000	0.61800000
1.06810000	0.60880000
1.13780000	0.63720000
1.16100000	0.59230000
1.11450000	0.60500000
1.11450000	0.57400000
1.23060000	0.65270000
1.55570000	0.58710000
1.57890000	0.82380000
1.76470000	1.33970000
1.53250000	1.57060000
1.60210000	2.03140000
5.36370000	7.19220000
7.24450000	6.92180000
4.52780000	6.10970000
3.50610000	5.14930000
2.97210000	4.17290000
2.62380000	3.42610000
2.32190000	2.86150000
2.08970000	2.43380000
1.95040000	2.10860000
1.85760000	1.86050000
1.88080000	1.72800000
5.54940000	11.36230000
14.02450000	9.42860000
7.66240000	7.80110000
5.59590000	6.83800000
4.59740000	5.89050000
4.06340000	4.84360000
4.01700000	4.51390000
4.27240000	5.06810000
4.62070000	8.95130000
7.15160000	8.35960000
6.06030000	6.83710000
5.24760000	5.97330000
4.87610000	5.27690000
4.22590000	4.98720000
3.83120000	4.53190000
3.59900000	3.87560000
3.36680000	3.38970000
3.06500000	2.97850000
2.87920000	3.21390000
2.67020000	2.96130000
2.78630000	4.19100000
3.06500000	9.22630000
6.01380000	15.93330000
7.52310000	19.42020000
5.99060000	12.44890000
5.13150000	8.93700000
7.80170000	11.04720000
6.29250000	9.61140000
5.17790000	7.34000000
4.52780000	6.19340000
4.15630000	5.21920000
6.29250000	16.02350000
10.05400000	20.87800000
9.26450000	19.58050000
7.47670000	13.12990000
6.15310000	9.38740000
7.40700000	15.87030000
9.05560000	15.50040000
7.56950000	12.45500000
6.96580000	9.22020000
5.99060000	7.39430000
5.34050000	6.31510000
4.92250000	5.44130000
4.45810000	4.70230000
3.99370000	4.13240000
3.71510000	3.69980000
3.45970000	3.36140000
3.27390000	3.20190000
3.08820000	3.02700000
2.94890000	2.89320000
2.80960000	2.95130000
2.71670000	2.85710000
2.60060000	2.68800000
2.46130000	2.54950000
2.46130000	2.43760000
2.32190000	2.34960000
2.25230000	2.28810000
2.32190000	2.86050000
2.29870000	3.84050000
2.29870000	3.89160000
2.34520000	3.85240000
2.25230000	3.76200000
2.25230000	3.49000000
2.29870000	3.16160000
2.50770000	4.23710000
2.60060000	4.54370000
3.78480000	16.32950000
29.95310000	31.49930000
38.54420000	32.25720000
29.25650000	28.38580000
16.25360000	18.66090000
10.95960000	10.88840000
8.68410000	9.52640000
7.36060000	12.68610000
7.03550000	10.53590000
10.28620000	12.52520000
8.66080000	10.64840000
7.40700000	7.41440000
6.45500000	6.33990000
5.78160000	5.42030000
5.34050000	4.90250000
4.82960000	4.72210000
4.48130000	4.27700000
4.20270000	3.81750000
4.04020000	3.45440000
3.78480000	3.28390000
3.57580000	3.10220000
3.52940000	2.89660000
3.32040000	2.73150000
3.34360000	2.59920000
3.29720000	2.49180000
3.71510000	2.43210000
3.41330000	2.70110000
3.15780000	3.03200000
3.45970000	3.01230000
8.68410000	11.94140000
8.73050000	10.86000000
7.12840000	7.01200000
5.99060000	6.15240000
10.19330000	5.32640000
18.22720000	11.86580000
12.56170000	16.50480000
10.10040000	12.83910000
8.42870000	11.77650000
7.12840000	10.05670000
6.17640000	7.53990000
5.47980000	6.57320000
5.01540000	5.83020000
4.69030000	5.27700000
4.43490000	4.87550000
4.31880000	4.69580000
4.34200000	4.73480000
4.38850000	4.99430000
4.24920000	5.10480000
4.08660000	4.92110000
3.94730000	4.60210000
3.66870000	4.39090000
3.55260000	3.91760000
3.59900000	3.50990000
4.15630000	3.16680000
4.22590000	3.33700000
3.80800000	3.28940000
14.86040000	3.27350000
54.33340000	30.67340000
23.91600000	27.88860000
16.27680000	14.71630000
13.56010000	10.59530000
10.28620000	8.41400000
8.19650000	7.07010000
6.98900000	5.91730000
6.17640000	5.03750000
5.43330000	4.36870000
4.96900000	3.85820000
5.73520000	3.53200000
6.17640000	7.98410000
6.80330000	7.30150000
6.66400000	5.87910000
5.87450000	5.32510000
5.41010000	4.59670000
5.08510000	4.02550000
5.24760000	3.58160000
6.43180000	3.23000000
6.08350000	3.06200000
5.59590000	2.84240000
5.01540000	2.65810000
7.61600000	2.75230000
10.26300000	10.51060000
8.33580000	10.60350000
6.84970000	6.93740000
5.85130000	6.23320000
5.68880000	5.32030000
5.03860000	4.53900000
4.52780000	3.96050000
4.08660000	3.51830000
3.83120000	3.45880000
3.71510000	3.59860000
3.66870000	3.67240000
3.69190000	3.76300000
3.97050000	3.88640000
6.78010000	4.45120000
13.67620000	13.78260000
11.12210000	17.02210000
8.91630000	14.17670000
7.45340000	13.35060000
6.82650000	10.87670000
6.19960000	8.55560000
5.50300000	7.77140000
4.94570000	6.78990000
4.45810000	6.01020000
4.24920000	5.31550000
4.43490000	6.11550000
5.52620000	6.82590000
7.38380000	7.23720000
8.05710000	7.41440000
7.96430000	7.86530000
7.52310000	6.75550000
7.36060000	6.55090000
10.65770000	6.28580000
13.44400000	10.27180000
11.30790000	11.62560000
10.35590000	10.76220000
17.90220000	14.92340000
17.62350000	19.69320000
19.29530000	18.90970000
24.84480000	17.08300000
26.47010000	15.29030000
21.77980000	14.54380000
21.08320000	13.58710000
18.69160000	15.66810000
15.53380000	15.10940000
13.51370000	12.76110000
17.80930000	11.98350000
22.01200000	20.17740000
17.71640000	22.32090000
15.25520000	17.43760000
15.92850000	17.48190000
14.79080000	19.64610000
12.72420000	17.42100000
11.84190000	14.78260000
13.81560000	13.84880000
15.99820000	11.56900000
13.32790000	8.84930000
10.93630000	7.70230000
10.12370000	8.98940000
11.84190000	12.43460000
17.06630000	14.93260000
20.96710000	14.85060000
19.66690000	13.18850000
17.43780000	11.08420000
14.97650000	8.99440000
12.65460000	8.27870000
11.95800000	8.90530000
14.37280000	10.19730000
19.92230000	15.81220000
22.05850000	20.67590000
21.71020000	28.62310000
17.48420000	22.10940000
15.34800000	12.38910000
14.67470000	10.23480000
13.51370000	8.88420000
12.42240000	8.05870000
11.05240000	7.69830000
13.42080000	6.79220000
17.15920000	9.70480000
18.85420000	13.36520000
16.46260000	13.26490000
14.00130000	9.21800000
14.62820000	7.89580000
13.93170000	13.70230000
12.07410000	12.19070000
11.37750000	12.31330000
10.17010000	11.95880000
9.84500000	9.78870000
10.14690000	7.03090000
11.33110000	6.39190000
13.11900000	7.49930000
10.91310000	8.20510000
9.75220000	6.06340000
10.21650000	5.65660000
15.13910000	5.05820000
15.90530000	9.66350000
14.21030000	14.85760000
11.91160000	10.71380000
12.16700000	7.28070000
12.39920000	6.10880000
12.39920000	7.66900000
11.19180000	9.78100000
9.75220000	7.46100000
9.75220000	6.35780000
9.40390000	5.90160000
9.28780000	5.58610000
9.28780000	5.57040000
9.28780000	4.82600000
9.61280000	4.26400000
7.84820000	4.03520000
8.28930000	4.15180000
7.66240000	5.38070000
6.96580000	4.86120000
7.03550000	4.92000000
7.49990000	4.30010000
7.91780000	3.79820000
7.89460000	3.41320000
6.96580000	3.11600000
6.26920000	2.88470000
6.03700000	2.70300000
5.80490000	2.55870000
5.45660000	2.44250000
5.22440000	2.34750000
4.64390000	2.26850000
4.57420000	2.20160000
4.27240000	2.14400000
3.90090000	2.09330000
4.10980000	2.04810000
3.69190000	2.08890000
3.39000000	1.97250000
3.41330000	1.98620000
2.90240000	1.90250000
2.67020000	1.86850000
2.55410000	1.83800000
2.43800000	1.80860000
2.34520000	1.78010000
2.25230000	1.75230000
2.13620000	1.72530000
2.04330000	1.69880000
1.92720000	1.67290000
1.85760000	1.64750000
1.76470000	1.62250000
1.67180000	1.59800000
1.60210000	1.57390000
1.55570000	1.55020000
1.50930000	1.52680000
1.48600000	1.50390000
1.43960000	1.48130000
1.39320000	1.45900000
1.36990000	1.43710000
1.32350000	1.41550000
1.30030000	1.39430000
1.25380000	1.37340000
1.25380000	1.35270000
1.20740000	1.33240000
1.18420000	1.31240000
1.16100000	1.29280000
1.16100000	1.27340000
1.13780000	1.25430000
1.11450000	1.23540000
1.11450000	1.21690000
1.09130000	1.19870000
1.06810000	1.18070000
1.04490000	1.16300000
1.02170000	1.14550000
0.99840000	1.12830000
0.99840000	1.11140000
1.04490000	1.09470000
1.02170000	1.09760000
0.97520000	1.06300000
0.95200000	1.04620000
0.95200000	1.03050000
0.92880000	1.01510000
0.92880000	0.99980000
0.90560000	0.98480000
0.88230000	0.97010000
0.85910000	0.95550000
0.85910000	0.94120000
0.85910000	0.92710000
1.02170000	0.92560000
0.97520000	0.96600000
0.90560000	0.88870000
0.85910000	0.87270000
0.83590000	0.85960000
0.81270000	0.84670000
0.78950000	0.83400000
0.78950000	0.82150000
0.76620000	0.80920000
0.76620000	0.79700000
0.74300000	0.78510000
0.76620000	0.77330000
0.76620000	0.76170000
0.76620000	0.75030000
0.76620000	0.73900000
0.74300000	0.72790000
0.74300000	0.71700000
0.71980000	0.70630000
0.71980000	0.69570000
0.71980000	0.68520000
0.71980000	0.67500000
0.69660000	0.66480000
0.69660000	0.65490000
0.69660000	0.64500000
0.67340000	0.63540000
0.67340000	0.62580000
0.67340000	0.61640000
0.65010000	0.60720000
0.65010000	0.59810000
0.65010000	0.58910000
0.65010000	0.58030000
0.65010000	0.57160000
0.67340000	0.56300000
0.78950000	0.60310000
1.06810000	0.65410000
1.62540000	0.68000000
3.01850000	0.71480000
1.69500000	0.62740000
1.23060000	0.51830000
4.13310000	0.57300000
5.96740000	1.70100000
3.39000000	3.86220000
2.71670000	4.30410000
2.46130000	4.17630000
2.25230000	4.01460000
2.06650000	3.82050000
1.92720000	3.66220000
2.87920000	3.58850000
14.25670000	8.49920000
21.68690000	10.31830000
20.43310000	14.48750000
20.10800000	19.99480000
14.48890000	15.24980000
10.79700000	12.49900000
8.61440000	9.58040000
7.84820000	9.33070000
7.91780000	8.91470000
7.05870000	8.65490000
6.22280000	7.59170000
5.29400000	6.92650000
4.57420000	6.17700000
3.99370000	5.50830000
3.66870000	4.68130000
3.87760000	6.97570000
3.85440000	10.84110000
5.10830000	8.56420000
5.27080000	9.06100000
4.80640000	6.83730000
4.48130000	6.33440000
4.59740000	5.37640000
15.51060000	11.14260000
18.15760000	24.23420000
13.58340000	19.50140000
10.03080000	14.21540000
11.05240000	11.85930000
17.71640000	19.86540000
13.37440000	16.86860000
9.98440000	9.28700000
7.87140000	7.89000000
6.57110000	6.57420000
5.64230000	5.57540000
5.08510000	4.80350000
4.62070000	4.79270000
5.54940000	6.35220000
7.82490000	13.75670000
12.97970000	15.90210000
16.71800000	21.84160000
12.93320000	17.95630000
11.77220000	9.47890000
9.33420000	8.32100000
7.56950000	6.92210000
7.84820000	6.99950000
7.68560000	7.67950000
7.45340000	5.91180000
6.50140000	5.52920000
5.82810000	4.97070000
5.15470000	4.36720000
4.80640000	3.88120000
4.76000000	3.50680000
4.13310000	3.21720000
3.80800000	2.99110000
3.64540000	2.81280000
3.36680000	2.67060000
3.20430000	2.55560000
3.06500000	2.46100000
2.94890000	2.38190000
2.83280000	2.31450000
2.67020000	2.25610000
2.67020000	2.20440000
2.50770000	2.15800000
2.36840000	2.11560000
2.27550000	2.07640000
2.18260000	2.03960000
2.08970000	2.00480000
1.99690000	1.97160000
1.97370000	1.93960000
1.99690000	1.90880000
1.90400000	1.87880000
1.85760000	1.84960000
3.57580000	1.83590000
5.87450000	8.96220000
7.82490000	13.91690000
6.59430000	9.37280000
5.45660000	7.59890000
4.78320000	6.52830000
4.29560000	5.52830000
3.94730000	4.65880000
3.64540000	3.99460000
3.36680000	3.48900000
3.20430000	3.11050000
3.06500000	2.92280000
2.92560000	3.15820000
2.87920000	3.49920000
2.94890000	3.74590000
2.99530000	3.64510000
3.01850000	3.41400000
3.01850000	3.19050000
3.34360000	2.89310000
3.45970000	2.85700000
3.43650000	2.90780000
3.52940000	2.74450000
4.10980000	4.06920000
6.36210000	12.57620000
7.49990000	15.01190000
8.86980000	15.29100000
8.08040000	12.16550000
7.31410000	8.72810000
6.78010000	7.54010000
6.54790000	6.85780000
7.12840000	8.61150000
6.68720000	6.96530000
5.82810000	6.35530000
5.20120000	5.62080000
4.66710000	4.81380000
4.31880000	4.15950000
4.08660000	3.66310000
5.06180000	3.32910000
4.94570000	5.58270000
4.85290000	5.64120000
5.22440000	5.17500000
5.50300000	6.59590000
5.20120000	5.79640000
4.85290000	5.29590000
4.45810000	4.63670000
4.27240000	4.01600000
4.73680000	3.53800000
4.76000000	3.17160000
4.27240000	3.15110000
4.27240000	3.99740000
3.90090000	6.07820000
3.73830000	7.36090000
4.50460000	6.99110000
8.45190000	15.18810000
10.21650000	16.61530000
9.86830000	11.45360000
8.24290000	8.26870000
7.03550000	7.06820000
6.19960000	5.89980000
5.73520000	5.03090000
5.13150000	5.85590000
4.64390000	5.67490000
4.41170000	5.45440000
4.20270000	5.01350000
6.01380000	5.60190000
11.91160000	11.98310000
14.55860000	12.33140000
16.90370000	10.88520000
21.57080000	12.18300000
17.64680000	9.95170000
12.51530000	7.35390000
9.65930000	6.43550000
10.00760000	7.56020000
9.03240000	6.54160000
7.56950000	5.91480000
6.38530000	5.25020000
5.68880000	4.53280000
5.15470000	3.97750000
4.82960000	3.56850000
4.71350000	3.25480000
4.69030000	3.00780000
4.87610000	3.51350000
5.38690000	3.87820000
7.19800000	4.98300000
10.33260000	5.72750000
12.21340000	5.45180000
11.74900000	5.54430000
11.98120000	5.49930000
24.61260000	7.67200000
31.11400000	17.59880000
24.14820000	22.65480000
16.99660000	25.58740000
13.21190000	21.98130000
16.04460000	14.66230000
20.73490000	18.07140000
16.30000000	18.41760000
13.37440000	12.63800000
11.28460000	18.39290000
9.49670000	21.49820000
8.12680000	16.89460000
7.10510000	11.30530000
6.54790000	8.36900000
10.93630000	9.34870000
19.57400000	20.83970000
19.06310000	19.96250000
15.16230000	14.30650000
12.12050000	11.72640000
10.23980000	10.62240000
9.58960000	11.30800000
10.26300000	11.88460000
12.07410000	11.80720000
14.18710000	12.06300000
19.38820000	16.23420000
15.74280000	25.33960000
12.14380000	20.84700000
10.47200000	14.34480000
10.33260000	13.49090000
11.95800000	14.20720000
15.81240000	14.99580000
19.27210000	16.31130000
22.75500000	15.57830000
21.91910000	14.01700000
21.15290000	13.14230000
21.33860000	12.41140000
22.33710000	10.99760000
23.03370000	9.97440000
21.12970000	9.49320000
19.03990000	13.95720000
13.21190000	11.17860000
11.05240000	7.33180000
10.95960000	8.11530000
10.37910000	8.55790000
9.47350000	7.29290000
8.91630000	6.10170000
9.54320000	5.66580000
9.63610000	6.38860000
8.49830000	10.64570000
7.59280000	9.08160000
7.03550000	6.45160000
6.87290000	5.75490000
7.36060000	5.45400000
8.66080000	8.38500000
9.28780000	8.26890000
9.96110000	11.13560000
9.42710000	10.95110000
8.86980000	7.08090000
8.70730000	6.44380000
8.21970000	5.49210000
8.61440000	4.74710000
9.47350000	4.17670000
9.75220000	3.73870000
9.24130000	3.39760000
8.68410000	3.13230000
8.17320000	2.91980000
7.45340000	2.75730000
6.84970000	2.62710000
6.33890000	2.56850000
5.87450000	2.46050000
5.45660000	2.38290000
5.38690000	2.29670000
5.68880000	2.24020000
5.71200000	2.19080000
5.45660000	2.14610000
5.17790000	2.12610000
7.12840000	2.11960000
8.26610000	2.94520000
6.17640000	3.52430000
5.75840000	3.78360000
5.66550000	3.34940000
5.34050000	3.05900000
5.06180000	2.71750000
4.89930000	2.50050000
4.94570000	2.33290000
4.87610000	2.20030000
4.57420000	2.09420000
4.29560000	2.00790000
3.92410000	1.93660000
3.48290000	1.87670000
3.15780000	1.82540000
2.90240000	1.78060000
2.73990000	1.74090000
2.60060000	1.70500000
2.43800000	1.67210000
2.32190000	1.64150000
2.20580000	1.61280000
2.06650000	1.58550000
1.97370000	1.55940000
1.88080000	1.53430000
1.83430000	1.51000000
1.74150000	1.48630000
1.62540000	1.46330000
1.57890000	1.44080000
1.50930000	1.41880000
1.46280000	1.39720000
1.41640000	1.37600000
1.39320000	1.35520000
1.34670000	1.33470000
1.32350000	1.31460000
1.27710000	1.29480000
1.23060000	1.27530000
1.20740000	1.25620000
1.18420000	1.23730000
1.16100000	1.21870000
1.13780000	1.20040000
1.11450000	1.18240000
1.11450000	1.16470000
1.13780000	1.14720000
1.13780000	1.12990000
1.11450000	1.11300000
1.06810000	1.09630000
1.04490000	1.07990000
0.99840000	1.06370000
0.97520000	1.04770000
0.95200000	1.03200000
0.92880000	1.01650000
0.99840000	1.02680000
0.99840000	1.00750000
0.97520000	1.01160000
0.90560000	0.95850000
0.90560000	0.94250000
0.90560000	0.92840000
0.90560000	0.91450000
0.88230000	0.90070000
0.85910000	0.88720000
0.83590000	0.87390000
0.81270000	0.86080000
0.81270000	0.84790000
0.78950000	0.83520000
0.78950000	0.82270000
0.78950000	0.81030000
0.78950000	0.79820000
0.78950000	0.78620000
0.81270000	0.77440000
0.85910000	0.78640000
1.18420000	0.77990000
1.27710000	0.85290000
0.95200000	0.77820000
0.83590000	0.71990000
0.78950000	0.70730000
0.78950000	0.69670000
0.76620000	0.68800000
0.76620000	0.67600000
1.55570000	0.80820000
1.06810000	0.69610000
0.90560000	0.64740000
0.83590000	0.63630000
0.78950000	0.62670000
0.76620000	0.61730000
0.74300000	0.60810000
0.71980000	0.59890000
0.71980000	0.58990000
0.71980000	0.58110000
0.81270000	0.61760000
0.88230000	0.64380000
0.88230000	0.58670000
0.83590000	0.57620000
0.76620000	0.54000000
0.74300000	0.53070000
0.88230000	0.55900000
1.50930000	0.62510000
1.50930000	0.60250000
1.18420000	0.52810000
1.02170000	0.49310000
0.97520000	0.48470000
3.59900000	0.54500000
9.70570000	5.90360000
27.39890000	13.16410000
22.33710000	9.17760000
14.14060000	8.11590000
9.84500000	8.00760000
7.24450000	7.07450000
5.75840000	6.03660000
4.87610000	4.92690000
4.76000000	4.07590000
8.12680000	4.01140000
7.82490000	8.20320000
6.40860000	6.66750000
5.59590000	5.77730000
4.87610000	4.98100000
4.29560000	4.53970000
3.83120000	4.04680000
3.45970000	3.46590000
3.15780000	3.01560000
2.87920000	2.67160000
2.64700000	2.40750000
2.48450000	2.20340000
2.29870000	2.04430000
2.15940000	1.91910000
2.02010000	1.81940000
1.92720000	1.73900000
1.81110000	1.67300000
1.74150000	1.61800000
1.67180000	1.57130000
1.64860000	1.53090000
1.57890000	1.49530000
1.53250000	1.47610000
1.46280000	1.43490000
1.64860000	1.40870000
1.55570000	1.44920000
2.36840000	1.36150000
2.53090000	3.26950000
2.15940000	5.08880000
2.29870000	5.31710000
3.08820000	6.12250000
4.89930000	6.19850000
12.81710000	13.64230000
8.77690000	11.95470000
6.89620000	8.53580000
6.03700000	7.33490000
5.87450000	6.33530000
6.75690000	5.48150000
6.17640000	5.79060000
6.15310000	5.87650000
8.73050000	13.39410000
8.03390000	14.05430000
17.53070000	15.88430000
38.07990000	22.40430000
22.77830000	15.50780000
13.90840000	9.57710000
9.14850000	7.77690000
7.36060000	6.43130000
6.22280000	5.42590000
5.45660000	4.88370000
4.82960000	4.65920000
4.31880000	4.29180000
3.90090000	4.32480000
3.62220000	4.17960000
3.52940000	3.89320000
19.73650000	6.91180000
27.16670000	5.72800000
13.69950000	5.30230000
9.45030000	4.55030000
7.59280000	3.95930000
6.22280000	3.50780000
5.38690000	3.16120000
4.76000000	2.89330000
4.38850000	2.68450000
3.99370000	2.52020000
3.71510000	2.38930000
3.50610000	2.28370000
3.90090000	2.21150000
3.73830000	4.27390000
3.94730000	4.63300000
4.64390000	6.20290000
4.29560000	6.42240000
4.34200000	6.12500000
4.08660000	5.63770000
4.48130000	5.08890000
7.66240000	11.98500000
10.30940000	15.87120000
21.64050000	17.58310000
18.80770000	23.41230000
12.49200000	16.40260000
9.91470000	9.81020000
8.03390000	8.13340000
7.08190000	7.06360000
6.24600000	6.36140000
5.75840000	5.95250000
5.43330000	5.13140000
5.01540000	4.71000000
4.82960000	4.79020000
6.43180000	4.54440000
5.36370000	4.21660000
4.96900000	3.73800000
4.62070000	3.36140000
4.48130000	3.08190000
4.89930000	3.36040000
5.80490000	8.62870000
9.68250000	14.75600000
13.56010000	19.48820000
17.22880000	24.57760000
29.02430000	33.66630000
22.40670000	30.28320000
14.62820000	18.51760000
10.86670000	11.89030000
9.00910000	9.87520000
7.94100000	8.60330000
7.12840000	7.02480000
6.38530000	6.19980000
5.78160000	5.64630000
5.27080000	5.16270000
4.85290000	4.76490000
4.48130000	4.39130000
4.15630000	4.15250000
3.92410000	4.02820000
3.69190000	3.97690000
3.50610000	3.91610000
4.92250000	3.71210000
5.89770000	16.53050000
5.34050000	18.07480000
4.99220000	10.14820000
4.59740000	7.91760000
4.22590000	6.68630000
3.87760000	5.63610000
3.22750000	4.83380000
2.80960000	4.22300000
3.34360000	3.75600000
3.20430000	3.39690000
3.15780000	3.11880000
3.08820000	2.90180000
3.78480000	5.41970000
7.05870000	12.68210000
10.05400000	21.26190000
9.77540000	20.78620000
9.35740000	18.04210000
8.86980000	18.08940000
8.93950000	22.28290000
8.68410000	16.21340000
7.96430000	9.48940000
6.52470000	7.95730000
5.68880000	6.63770000
4.96900000	5.61780000
4.62070000	4.84310000
4.41170000	4.25250000
4.13310000	3.80030000
3.78480000	3.45200000
3.55260000	3.18220000
3.45970000	2.97960000
3.36680000	2.80790000
3.22750000	2.66940000
4.62070000	3.09830000
11.09890000	15.79940000
22.05850000	28.82710000
29.02430000	37.77550000
28.79210000	35.59410000
23.21940000	27.20550000
54.33340000	35.04110000
35.99010000	36.16620000
24.14820000	30.01800000
15.95170000	21.05510000
12.07410000	12.94760000
14.69790000	9.28850000
15.53380000	15.63530000
17.04310000	16.33910000
16.16070000	10.35690000
12.63140000	8.46710000
11.19180000	8.15170000
10.03080000	6.53390000
8.59120000	6.10960000
7.54630000	5.41590000
6.75690000	4.82930000
6.22280000	4.31870000
6.08350000	4.54880000
6.17640000	4.85320000
6.26920000	6.49260000
7.59280000	8.73360000
8.31260000	13.13560000
8.54470000	13.43730000
7.91780000	12.07360000
7.17480000	8.99970000
6.61750000	7.17790000
6.19960000	6.34570000
6.36210000	5.87900000
7.10510000	8.30720000
13.28150000	15.94250000
12.93320000	14.49710000
13.97810000	8.03540000
17.34490000	8.76100000
13.69950000	7.81020000
10.77380000	6.44720000
9.14850000	5.48350000
8.24290000	4.74210000
7.80170000	4.17630000
7.75530000	3.76040000
8.77690000	3.45660000
14.44250000	9.57690000
16.16070000	16.55120000
13.02610000	14.96090000
11.65620000	14.82480000
10.12370000	13.07440000
11.05240000	10.96580000
11.37750000	14.67000000
16.50900000	19.50970000
16.32330000	21.68220000
12.79390000	17.08910000
11.09890000	12.43710000
9.91470000	16.06020000
8.73050000	17.16100000
8.56800000	15.62520000
10.63450000	16.27050000
14.02450000	14.93980000
15.32480000	11.84560000
13.93170000	12.61970000
14.11740000	15.38960000
13.90840000	16.97190000
12.51530000	14.66420000
11.84190000	10.14080000
15.41770000	12.80950000
14.95330000	16.58430000
12.56170000	12.08290000
11.30790000	7.86860000
10.93630000	6.73310000
12.14380000	5.98860000
15.09260000	5.52710000
16.27680000	5.13450000
14.46570000	4.70770000
12.21340000	4.17990000
11.02920000	3.79400000
10.19330000	3.45100000
10.21650000	3.71980000
10.61130000	3.42270000
12.42240000	3.15760000
12.56170000	3.01620000
10.21650000	2.81250000
11.02920000	2.87260000
9.75220000	5.44730000
8.59120000	4.46330000
8.93950000	4.55560000
7.87140000	4.62740000
8.05710000	4.72410000
8.33580000	4.13250000
8.42870000	3.65300000
8.59120000	3.28510000
7.89460000	3.00090000
7.31410000	2.77970000
6.61750000	2.60590000
6.15310000	2.46780000
6.12990000	2.35640000
6.12990000	2.26530000
5.57270000	2.18960000
4.94570000	2.12540000
4.85290000	2.07000000
5.47980000	2.06680000
5.06180000	2.07620000
4.80640000	1.95160000
5.24760000	1.97220000
5.01540000	1.92760000
4.69030000	1.85810000
4.55100000	1.80550000
4.73680000	1.77530000
4.15630000	1.76150000
3.90090000	1.71990000
3.92410000	1.69250000
3.76150000	1.66640000
3.55260000	1.64090000
3.45970000	1.61580000
3.45970000	1.62320000
4.52780000	1.64800000
4.94570000	1.65840000
4.15630000	1.52590000
3.92410000	2.07360000
3.66870000	1.93960000
3.39000000	1.81000000
3.15780000	1.70750000
2.92560000	1.62540000
2.80960000	1.55860000
2.67020000	1.50350000
2.53090000	1.45710000
2.39160000	1.41730000
2.25230000	1.38270000
2.11300000	1.35190000
1.99690000	1.32400000
1.90400000	1.29850000
1.78790000	1.27480000
1.69500000	1.25250000
1.62540000	1.23130000
1.55570000	1.21110000
1.50930000	1.19160000
1.48600000	1.17270000
1.55570000	1.19150000
1.48600000	1.16860000
1.43960000	1.12030000
2.08970000	1.10190000
2.15940000	1.24210000
1.90400000	1.13270000
1.62540000	1.05490000
1.48600000	1.03660000
1.41640000	1.02100000
1.34670000	1.00560000
1.30030000	0.99050000
1.25380000	0.97560000
1.23060000	0.96090000
1.23060000	0.94650000
1.18420000	0.93230000
1.13780000	0.91840000
1.11450000	0.90450000
1.09130000	0.89090000
1.06810000	0.87760000
1.04490000	0.86440000
1.02170000	0.85140000
0.99840000	0.83870000
0.97520000	0.82610000
0.99840000	0.81370000
1.92720000	0.97530000
1.27710000	0.82780000
1.20740000	0.80210000
1.11450000	0.76690000
1.06810000	0.75450000
1.02170000	0.74310000
0.99840000	0.73200000
0.95200000	0.72100000
0.95200000	0.72450000
0.92880000	0.70010000
0.90560000	0.68910000
0.90560000	0.67870000
0.95200000	0.66850000
0.88230000	0.65850000
0.85910000	0.64860000
0.83590000	0.63890000
0.85910000	0.62930000
1.02170000	0.61990000
1.88080000	0.78930000
1.27710000	0.65230000
1.11450000	0.59420000
2.46130000	0.69960000
1.88080000	0.64360000
1.50930000	0.56880000
1.32350000	0.55770000
1.23060000	0.54930000
1.16100000	0.54100000
1.23060000	0.54950000
1.16100000	0.55560000
1.06810000	0.51830000
1.02170000	0.50930000
0.99840000	0.50170000
0.95200000	0.49410000
0.92880000	0.48670000
0.90560000	0.47940000
0.90560000	0.47220000
0.90560000	0.46520000
0.97520000	0.48130000
0.90560000	0.45760000
0.85910000	0.44480000
0.85910000	0.43790000
0.85910000	0.43220000
1.25380000	0.47680000
1.27710000	0.49900000
1.27710000	0.59060000
1.18420000	1.30170000
1.06810000	1.54240000
1.06810000	1.51430000
1.67180000	1.47800000
1.50930000	1.77370000
1.32350000	1.85200000
1.20740000	1.55160000
1.16100000	1.30940000
1.11450000	1.12570000
1.06810000	0.98570000
1.02170000	0.87860000
0.99840000	0.79620000
0.97520000	0.73230000
0.95200000	0.68240000
1.13780000	0.64290000
1.41640000	0.71450000
1.13780000	0.83740000
1.34670000	1.15700000
1.46280000	1.72270000
1.67180000	2.60870000
1.67180000	3.03870000
3.59900000	3.63150000
2.99530000	4.44880000
2.69350000	4.16640000
2.60060000	3.76300000
5.01540000	3.99040000
11.70260000	10.47920000
11.28460000	12.31340000
9.00910000	9.02950000
11.26140000	8.91990000
12.58490000	12.89830000
10.95960000	9.16710000
12.46880000	10.67710000
10.91310000	10.57940000
9.79860000	10.23130000
8.21970000	9.17830000
7.05870000	7.83800000
7.77850000	7.44210000
14.51210000	11.53520000
14.32640000	16.57070000
11.56330000	12.78550000
10.28620000	12.65430000
8.61440000	10.41790000
10.51840000	7.72840000
11.77220000	14.41590000
9.63610000	11.17560000
7.87140000	7.79670000
6.68720000	6.44880000
5.82810000	5.43320000
5.06180000	4.66060000
4.48130000	4.07240000
4.04020000	3.62260000
3.66870000	3.27670000
3.41330000	3.00890000
3.22750000	2.79970000
3.48290000	2.66410000
4.71350000	9.15510000
8.52150000	15.72450000
8.19650000	19.56830000
52.01150000	18.47890000
65.94320000	44.20370000
26.00580000	37.85610000
19.55080000	22.47810000
15.02300000	14.50100000
11.21500000	10.12920000
9.10200000	8.31930000
7.63920000	6.91100000
6.59430000	5.84060000
5.82810000	5.02790000
5.31720000	4.40870000
5.54940000	3.97710000
5.47980000	11.08390000
5.01540000	8.96620000
5.94420000	6.75980000
7.22120000	11.78440000
7.33730000	14.30930000
6.71040000	10.60080000
6.43180000	9.19590000
5.80490000	8.91920000
5.27080000	6.70140000
4.87610000	6.18530000
4.52780000	5.32230000
4.22590000	4.63330000
4.34200000	5.69400000
6.57110000	6.71480000
23.45160000	25.43630000
15.95170000	26.70560000
14.62820000	16.85910000
18.99350000	24.36730000
13.35120000	23.18770000
10.30940000	13.03540000
9.70570000	9.18560000
9.63610000	7.60280000
8.01070000	6.45250000
6.75690000	5.50090000
5.96740000	4.77430000
